TRACE::2024-11-01.17:29:46::SCWPlatform::Trying to open the hw design at C:/Users/realk/Desktop/ece385/ECE385/lab7_1/realrealrealreal_sdk/mb_block_wrapper/hw/mb_block_wrapper.xsa
TRACE::2024-11-01.17:29:46::SCWPlatform::DSA given C:/Users/realk/Desktop/ece385/ECE385/lab7_1/realrealrealreal_sdk/mb_block_wrapper/hw/mb_block_wrapper.xsa
TRACE::2024-11-01.17:29:46::SCWPlatform::DSA absoulate path C:/Users/realk/Desktop/ece385/ECE385/lab7_1/realrealrealreal_sdk/mb_block_wrapper/hw/mb_block_wrapper.xsa
TRACE::2024-11-01.17:29:46::SCWPlatform::DSA directory C:/Users/realk/Desktop/ece385/ECE385/lab7_1/realrealrealreal_sdk/mb_block_wrapper/hw
TRACE::2024-11-01.17:29:46::SCWPlatform:: Platform Path C:/Users/realk/Desktop/ece385/ECE385/lab7_1/realrealrealreal_sdk/mb_block_wrapper/hw/mb_block_wrapper.xsa
TRACE::2024-11-01.17:29:46::SCWPlatform:: Unique name xilinx:::0.0
TRACE::2024-11-01.17:29:46::SCWPlatform::Do not have an existing db opened. 
TRACE::2024-11-01.17:29:47::SCWPlatform::Opened new HwDB with name mb_block_wrapper_0
TRACE::2024-11-01.17:29:47::SCWWriter::formatted JSON is {
	"platformName":	"mb_block_wrapper",
	"sprVersion":	"2.0",
	"mode":	"gui",
	"dsaType":	"Fixed",
	"platformDesc":	"mb_block_wrapper",
	"platHandOff":	"C:/Users/realk/Desktop/ece385/ECE385/lab7_1/mb_block_wrapper.xsa",
	"platIntHandOff":	"<platformDir>/hw/mb_block_wrapper.xsa",
	"deviceType":	"FPGA",
	"platIsPrebuiltAutogen":	"false",
	"platIsNoBootBsp":	"false",
	"hasFsblMakeHasChanges":	"false",
	"hasPmufwMakeHasChanges":	"false",
	"platPreBuiltFlag":	false,
	"platformSamplesDir":	""
}
TRACE::2024-11-01.17:29:47::SCWWriter::formatted JSON is {
	"platformName":	"mb_block_wrapper",
	"sprVersion":	"2.0",
	"mode":	"gui",
	"dsaType":	"Fixed",
	"platformDesc":	"mb_block_wrapper",
	"platHandOff":	"C:/Users/realk/Desktop/ece385/ECE385/lab7_1/mb_block_wrapper.xsa",
	"platIntHandOff":	"<platformDir>/hw/mb_block_wrapper.xsa",
	"deviceType":	"FPGA",
	"platIsPrebuiltAutogen":	"false",
	"platIsNoBootBsp":	"false",
	"hasFsblMakeHasChanges":	"false",
	"hasPmufwMakeHasChanges":	"false",
	"platPreBuiltFlag":	false,
	"platformSamplesDir":	"",
	"platActiveSys":	"mb_block_wrapper",
	"systems":	[{
			"systemName":	"mb_block_wrapper",
			"systemDesc":	"mb_block_wrapper",
			"sysIsBootAutoGen":	"true",
			"systemDispName":	"mb_block_wrapper"
		}]
}
TRACE::2024-11-01.17:29:47::SCWPlatform::Boot application domains not present, creating them
TRACE::2024-11-01.17:29:47::SCWPlatform::Pure FPGA device, no boot application will be created.
TRACE::2024-11-01.17:29:47::SCWWriter::formatted JSON is {
	"platformName":	"mb_block_wrapper",
	"sprVersion":	"2.0",
	"mode":	"gui",
	"dsaType":	"Fixed",
	"platformDesc":	"mb_block_wrapper",
	"platHandOff":	"C:/Users/realk/Desktop/ece385/ECE385/lab7_1/mb_block_wrapper.xsa",
	"platIntHandOff":	"<platformDir>/hw/mb_block_wrapper.xsa",
	"deviceType":	"FPGA",
	"platIsPrebuiltAutogen":	"false",
	"platIsNoBootBsp":	"false",
	"hasFsblMakeHasChanges":	"false",
	"hasPmufwMakeHasChanges":	"false",
	"platPreBuiltFlag":	false,
	"platformSamplesDir":	"",
	"platActiveSys":	"mb_block_wrapper",
	"systems":	[{
			"systemName":	"mb_block_wrapper",
			"systemDesc":	"mb_block_wrapper",
			"sysIsBootAutoGen":	"true",
			"systemDispName":	"mb_block_wrapper"
		}]
}
TRACE::2024-11-01.17:29:47::SCWWriter::formatted JSON is {
	"platformName":	"mb_block_wrapper",
	"sprVersion":	"2.0",
	"mode":	"gui",
	"dsaType":	"Fixed",
	"platformDesc":	"mb_block_wrapper",
	"platHandOff":	"C:/Users/realk/Desktop/ece385/ECE385/lab7_1/mb_block_wrapper.xsa",
	"platIntHandOff":	"<platformDir>/hw/mb_block_wrapper.xsa",
	"deviceType":	"FPGA",
	"platIsPrebuiltAutogen":	"false",
	"platIsNoBootBsp":	"false",
	"hasFsblMakeHasChanges":	"false",
	"hasPmufwMakeHasChanges":	"false",
	"platPreBuiltFlag":	false,
	"platformSamplesDir":	"",
	"platActiveSys":	"mb_block_wrapper",
	"systems":	[{
			"systemName":	"mb_block_wrapper",
			"systemDesc":	"mb_block_wrapper",
			"sysIsBootAutoGen":	"true",
			"systemDispName":	"mb_block_wrapper"
		}]
}
TRACE::2024-11-01.17:29:47::SCWPlatform::Trying to open the hw design at C:/Users/realk/Desktop/ece385/ECE385/lab7_1/realrealrealreal_sdk/mb_block_wrapper/hw/mb_block_wrapper.xsa
TRACE::2024-11-01.17:29:47::SCWPlatform::DSA given C:/Users/realk/Desktop/ece385/ECE385/lab7_1/realrealrealreal_sdk/mb_block_wrapper/hw/mb_block_wrapper.xsa
TRACE::2024-11-01.17:29:47::SCWPlatform::DSA absoulate path C:/Users/realk/Desktop/ece385/ECE385/lab7_1/realrealrealreal_sdk/mb_block_wrapper/hw/mb_block_wrapper.xsa
TRACE::2024-11-01.17:29:47::SCWPlatform::DSA directory C:/Users/realk/Desktop/ece385/ECE385/lab7_1/realrealrealreal_sdk/mb_block_wrapper/hw
TRACE::2024-11-01.17:29:47::SCWPlatform:: Platform Path C:/Users/realk/Desktop/ece385/ECE385/lab7_1/realrealrealreal_sdk/mb_block_wrapper/hw/mb_block_wrapper.xsa
TRACE::2024-11-01.17:29:47::SCWPlatform:: Unique name xilinx:::0.0
TRACE::2024-11-01.17:29:47::SCWPlatform::Trying to set the existing hwdb with name mb_block_wrapper_0
TRACE::2024-11-01.17:29:47::SCWPlatform::Opened existing hwdb mb_block_wrapper_0
TRACE::2024-11-01.17:29:47::SCWPlatform::Found the Hw Db part of the input DSA
TRACE::2024-11-01.17:29:47::SCWPlatform::Trying to open the hw design at C:/Users/realk/Desktop/ece385/ECE385/lab7_1/realrealrealreal_sdk/mb_block_wrapper/hw/mb_block_wrapper.xsa
TRACE::2024-11-01.17:29:47::SCWPlatform::DSA given C:/Users/realk/Desktop/ece385/ECE385/lab7_1/realrealrealreal_sdk/mb_block_wrapper/hw/mb_block_wrapper.xsa
TRACE::2024-11-01.17:29:47::SCWPlatform::DSA absoulate path C:/Users/realk/Desktop/ece385/ECE385/lab7_1/realrealrealreal_sdk/mb_block_wrapper/hw/mb_block_wrapper.xsa
TRACE::2024-11-01.17:29:47::SCWPlatform::DSA directory C:/Users/realk/Desktop/ece385/ECE385/lab7_1/realrealrealreal_sdk/mb_block_wrapper/hw
TRACE::2024-11-01.17:29:47::SCWPlatform:: Platform Path C:/Users/realk/Desktop/ece385/ECE385/lab7_1/realrealrealreal_sdk/mb_block_wrapper/hw/mb_block_wrapper.xsa
TRACE::2024-11-01.17:29:47::SCWPlatform:: Unique name xilinx:::0.0
TRACE::2024-11-01.17:29:47::SCWPlatform::Trying to set the existing hwdb with name mb_block_wrapper_0
TRACE::2024-11-01.17:29:47::SCWPlatform::Opened existing hwdb mb_block_wrapper_0
TRACE::2024-11-01.17:29:47::SCWPlatform::Found the Hw Db part of the input DSA
TRACE::2024-11-01.17:29:47::SCWDomain::checking for install qemu data   : 
TRACE::2024-11-01.17:29:47::SCWPlatform::Trying to open the hw design at C:/Users/realk/Desktop/ece385/ECE385/lab7_1/realrealrealreal_sdk/mb_block_wrapper/hw/mb_block_wrapper.xsa
TRACE::2024-11-01.17:29:47::SCWPlatform::DSA given C:/Users/realk/Desktop/ece385/ECE385/lab7_1/realrealrealreal_sdk/mb_block_wrapper/hw/mb_block_wrapper.xsa
TRACE::2024-11-01.17:29:47::SCWPlatform::DSA absoulate path C:/Users/realk/Desktop/ece385/ECE385/lab7_1/realrealrealreal_sdk/mb_block_wrapper/hw/mb_block_wrapper.xsa
TRACE::2024-11-01.17:29:47::SCWPlatform::DSA directory C:/Users/realk/Desktop/ece385/ECE385/lab7_1/realrealrealreal_sdk/mb_block_wrapper/hw
TRACE::2024-11-01.17:29:47::SCWPlatform:: Platform Path C:/Users/realk/Desktop/ece385/ECE385/lab7_1/realrealrealreal_sdk/mb_block_wrapper/hw/mb_block_wrapper.xsa
TRACE::2024-11-01.17:29:47::SCWPlatform:: Unique name xilinx:::0.0
TRACE::2024-11-01.17:29:47::SCWPlatform::Trying to set the existing hwdb with name mb_block_wrapper_0
TRACE::2024-11-01.17:29:47::SCWPlatform::Opened existing hwdb mb_block_wrapper_0
TRACE::2024-11-01.17:29:47::SCWPlatform::Found the Hw Db part of the input DSA
TRACE::2024-11-01.17:29:47::SCWPlatform::Trying to open the hw design at C:/Users/realk/Desktop/ece385/ECE385/lab7_1/realrealrealreal_sdk/mb_block_wrapper/hw/mb_block_wrapper.xsa
TRACE::2024-11-01.17:29:47::SCWPlatform::DSA given C:/Users/realk/Desktop/ece385/ECE385/lab7_1/realrealrealreal_sdk/mb_block_wrapper/hw/mb_block_wrapper.xsa
TRACE::2024-11-01.17:29:47::SCWPlatform::DSA absoulate path C:/Users/realk/Desktop/ece385/ECE385/lab7_1/realrealrealreal_sdk/mb_block_wrapper/hw/mb_block_wrapper.xsa
TRACE::2024-11-01.17:29:47::SCWPlatform::DSA directory C:/Users/realk/Desktop/ece385/ECE385/lab7_1/realrealrealreal_sdk/mb_block_wrapper/hw
TRACE::2024-11-01.17:29:47::SCWPlatform:: Platform Path C:/Users/realk/Desktop/ece385/ECE385/lab7_1/realrealrealreal_sdk/mb_block_wrapper/hw/mb_block_wrapper.xsa
TRACE::2024-11-01.17:29:47::SCWPlatform:: Unique name xilinx:::0.0
TRACE::2024-11-01.17:29:47::SCWPlatform::Trying to set the existing hwdb with name mb_block_wrapper_0
TRACE::2024-11-01.17:29:47::SCWPlatform::Opened existing hwdb mb_block_wrapper_0
TRACE::2024-11-01.17:29:47::SCWPlatform::Found the Hw Db part of the input DSA
TRACE::2024-11-01.17:29:47::SCWPlatform::Trying to open the hw design at C:/Users/realk/Desktop/ece385/ECE385/lab7_1/realrealrealreal_sdk/mb_block_wrapper/hw/mb_block_wrapper.xsa
TRACE::2024-11-01.17:29:47::SCWPlatform::DSA given C:/Users/realk/Desktop/ece385/ECE385/lab7_1/realrealrealreal_sdk/mb_block_wrapper/hw/mb_block_wrapper.xsa
TRACE::2024-11-01.17:29:47::SCWPlatform::DSA absoulate path C:/Users/realk/Desktop/ece385/ECE385/lab7_1/realrealrealreal_sdk/mb_block_wrapper/hw/mb_block_wrapper.xsa
TRACE::2024-11-01.17:29:47::SCWPlatform::DSA directory C:/Users/realk/Desktop/ece385/ECE385/lab7_1/realrealrealreal_sdk/mb_block_wrapper/hw
TRACE::2024-11-01.17:29:47::SCWPlatform:: Platform Path C:/Users/realk/Desktop/ece385/ECE385/lab7_1/realrealrealreal_sdk/mb_block_wrapper/hw/mb_block_wrapper.xsa
TRACE::2024-11-01.17:29:47::SCWPlatform:: Unique name xilinx:::0.0
TRACE::2024-11-01.17:29:47::SCWPlatform::Trying to set the existing hwdb with name mb_block_wrapper_0
TRACE::2024-11-01.17:29:47::SCWPlatform::Opened existing hwdb mb_block_wrapper_0
TRACE::2024-11-01.17:29:47::SCWPlatform::Found the Hw Db part of the input DSA
TRACE::2024-11-01.17:29:47::SCWMssOS::Checking the sw design at  C:/Users/realk/Desktop/ece385/ECE385/lab7_1/realrealrealreal_sdk/mb_block_wrapper/microblaze_0/standalone_microblaze_0/bsp/system.mss
TRACE::2024-11-01.17:29:47::SCWMssOS::DEBUG:  swdes dump  
TRACE::2024-11-01.17:29:47::SCWMssOS::No sw design opened at  C:/Users/realk/Desktop/ece385/ECE385/lab7_1/realrealrealreal_sdk/mb_block_wrapper/microblaze_0/standalone_microblaze_0/bsp/system.mss
TRACE::2024-11-01.17:29:47::SCWMssOS::mss does not exists at C:/Users/realk/Desktop/ece385/ECE385/lab7_1/realrealrealreal_sdk/mb_block_wrapper/microblaze_0/standalone_microblaze_0/bsp/system.mss
TRACE::2024-11-01.17:29:47::SCWMssOS::Creating sw design at  C:/Users/realk/Desktop/ece385/ECE385/lab7_1/realrealrealreal_sdk/mb_block_wrapper/microblaze_0/standalone_microblaze_0/bsp/system.mss
TRACE::2024-11-01.17:29:47::SCWMssOS::Adding the swdes entry, created swdb C:/Users/realk/Desktop/ece385/ECE385/lab7_1/realrealrealreal_sdk/mb_block_wrapper/microblaze_0/standalone_microblaze_0/bsp/system.mss with des name C:/Users/realk/Desktop/ece385/ECE385/lab7_1/realrealrealreal_sdk/mb_block_wrapper/microblaze_0/standalone_microblaze_0/bsp/system.mss
TRACE::2024-11-01.17:29:47::SCWMssOS::updating the scw layer changes to swdes at   C:/Users/realk/Desktop/ece385/ECE385/lab7_1/realrealrealreal_sdk/mb_block_wrapper/microblaze_0/standalone_microblaze_0/bsp/system.mss
TRACE::2024-11-01.17:29:47::SCWMssOS::Writing mss at C:/Users/realk/Desktop/ece385/ECE385/lab7_1/realrealrealreal_sdk/mb_block_wrapper/microblaze_0/standalone_microblaze_0/bsp/system.mss
TRACE::2024-11-01.17:29:47::SCWMssOS::Completed writing the mss file at C:/Users/realk/Desktop/ece385/ECE385/lab7_1/realrealrealreal_sdk/mb_block_wrapper/microblaze_0/standalone_microblaze_0/bsp
TRACE::2024-11-01.17:29:47::SCWMssOS::Picking up changes from newly written mss file into SCW Layer. 
TRACE::2024-11-01.17:29:47::SCWMssOS::Updated the changes from newly written mss file into SCW Layer. 
TRACE::2024-11-01.17:29:47::SCWMssOS::Completed writing the mss file at C:/Users/realk/Desktop/ece385/ECE385/lab7_1/realrealrealreal_sdk/mb_block_wrapper/microblaze_0/standalone_microblaze_0/bsp
TRACE::2024-11-01.17:29:47::SCWMssOS::Forcing BSP Sources regeneration.
TRACE::2024-11-01.17:29:48::SCWMssOS::Saving the mss changes C:/Users/realk/Desktop/ece385/ECE385/lab7_1/realrealrealreal_sdk/mb_block_wrapper/microblaze_0/standalone_microblaze_0/bsp/system.mss
TRACE::2024-11-01.17:29:48::SCWMssOS::Adding the swdes entry, mss present, able to open swdb C:/Users/realk/Desktop/ece385/ECE385/lab7_1/realrealrealreal_sdk/mb_block_wrapper/microblaze_0/standalone_microblaze_0/bsp/system.mss with des name system
TRACE::2024-11-01.17:29:48::SCWMssOS::Writing the mss file completed C:/Users/realk/Desktop/ece385/ECE385/lab7_1/realrealrealreal_sdk/mb_block_wrapper/microblaze_0/standalone_microblaze_0/bsp/system.mss
TRACE::2024-11-01.17:29:48::SCWMssOS::Commit changes completed.
TRACE::2024-11-01.17:29:48::SCWPlatform::Trying to open the hw design at C:/Users/realk/Desktop/ece385/ECE385/lab7_1/realrealrealreal_sdk/mb_block_wrapper/hw/mb_block_wrapper.xsa
TRACE::2024-11-01.17:29:48::SCWPlatform::DSA given C:/Users/realk/Desktop/ece385/ECE385/lab7_1/realrealrealreal_sdk/mb_block_wrapper/hw/mb_block_wrapper.xsa
TRACE::2024-11-01.17:29:48::SCWPlatform::DSA absoulate path C:/Users/realk/Desktop/ece385/ECE385/lab7_1/realrealrealreal_sdk/mb_block_wrapper/hw/mb_block_wrapper.xsa
TRACE::2024-11-01.17:29:48::SCWPlatform::DSA directory C:/Users/realk/Desktop/ece385/ECE385/lab7_1/realrealrealreal_sdk/mb_block_wrapper/hw
TRACE::2024-11-01.17:29:48::SCWPlatform:: Platform Path C:/Users/realk/Desktop/ece385/ECE385/lab7_1/realrealrealreal_sdk/mb_block_wrapper/hw/mb_block_wrapper.xsa
TRACE::2024-11-01.17:29:48::SCWPlatform:: Unique name xilinx:::0.0
TRACE::2024-11-01.17:29:48::SCWPlatform::Trying to set the existing hwdb with name mb_block_wrapper_0
TRACE::2024-11-01.17:29:48::SCWPlatform::Opened existing hwdb mb_block_wrapper_0
TRACE::2024-11-01.17:29:48::SCWPlatform::Found the Hw Db part of the input DSA
TRACE::2024-11-01.17:29:48::SCWMssOS::Checking the sw design at  C:/Users/realk/Desktop/ece385/ECE385/lab7_1/realrealrealreal_sdk/mb_block_wrapper/microblaze_0/standalone_microblaze_0/bsp/system.mss
TRACE::2024-11-01.17:29:48::SCWMssOS::DEBUG:  swdes dump  C:/Users/realk/Desktop/ece385/ECE385/lab7_1/realrealrealreal_sdk/mb_block_wrapper/microblaze_0/standalone_microblaze_0/bsp/system.mss|system||

TRACE::2024-11-01.17:29:48::SCWMssOS::Sw design exists and opened at  C:/Users/realk/Desktop/ece385/ECE385/lab7_1/realrealrealreal_sdk/mb_block_wrapper/microblaze_0/standalone_microblaze_0/bsp/system.mss
TRACE::2024-11-01.17:29:48::SCWPlatform::Trying to open the hw design at C:/Users/realk/Desktop/ece385/ECE385/lab7_1/realrealrealreal_sdk/mb_block_wrapper/hw/mb_block_wrapper.xsa
TRACE::2024-11-01.17:29:48::SCWPlatform::DSA given C:/Users/realk/Desktop/ece385/ECE385/lab7_1/realrealrealreal_sdk/mb_block_wrapper/hw/mb_block_wrapper.xsa
TRACE::2024-11-01.17:29:48::SCWPlatform::DSA absoulate path C:/Users/realk/Desktop/ece385/ECE385/lab7_1/realrealrealreal_sdk/mb_block_wrapper/hw/mb_block_wrapper.xsa
TRACE::2024-11-01.17:29:48::SCWPlatform::DSA directory C:/Users/realk/Desktop/ece385/ECE385/lab7_1/realrealrealreal_sdk/mb_block_wrapper/hw
TRACE::2024-11-01.17:29:48::SCWPlatform:: Platform Path C:/Users/realk/Desktop/ece385/ECE385/lab7_1/realrealrealreal_sdk/mb_block_wrapper/hw/mb_block_wrapper.xsa
TRACE::2024-11-01.17:29:48::SCWPlatform:: Unique name xilinx:::0.0
TRACE::2024-11-01.17:29:48::SCWPlatform::Trying to set the existing hwdb with name mb_block_wrapper_0
TRACE::2024-11-01.17:29:48::SCWPlatform::Opened existing hwdb mb_block_wrapper_0
TRACE::2024-11-01.17:29:48::SCWPlatform::Found the Hw Db part of the input DSA
TRACE::2024-11-01.17:29:48::SCWMssOS::Checking the sw design at  C:/Users/realk/Desktop/ece385/ECE385/lab7_1/realrealrealreal_sdk/mb_block_wrapper/microblaze_0/standalone_microblaze_0/bsp/system.mss
TRACE::2024-11-01.17:29:48::SCWMssOS::DEBUG:  swdes dump  C:/Users/realk/Desktop/ece385/ECE385/lab7_1/realrealrealreal_sdk/mb_block_wrapper/microblaze_0/standalone_microblaze_0/bsp/system.mss|system||

TRACE::2024-11-01.17:29:48::SCWMssOS::Sw design exists and opened at  C:/Users/realk/Desktop/ece385/ECE385/lab7_1/realrealrealreal_sdk/mb_block_wrapper/microblaze_0/standalone_microblaze_0/bsp/system.mss
TRACE::2024-11-01.17:29:48::SCWPlatform::Trying to open the hw design at C:/Users/realk/Desktop/ece385/ECE385/lab7_1/realrealrealreal_sdk/mb_block_wrapper/hw/mb_block_wrapper.xsa
TRACE::2024-11-01.17:29:48::SCWPlatform::DSA given C:/Users/realk/Desktop/ece385/ECE385/lab7_1/realrealrealreal_sdk/mb_block_wrapper/hw/mb_block_wrapper.xsa
TRACE::2024-11-01.17:29:48::SCWPlatform::DSA absoulate path C:/Users/realk/Desktop/ece385/ECE385/lab7_1/realrealrealreal_sdk/mb_block_wrapper/hw/mb_block_wrapper.xsa
TRACE::2024-11-01.17:29:48::SCWPlatform::DSA directory C:/Users/realk/Desktop/ece385/ECE385/lab7_1/realrealrealreal_sdk/mb_block_wrapper/hw
TRACE::2024-11-01.17:29:48::SCWPlatform:: Platform Path C:/Users/realk/Desktop/ece385/ECE385/lab7_1/realrealrealreal_sdk/mb_block_wrapper/hw/mb_block_wrapper.xsa
TRACE::2024-11-01.17:29:48::SCWPlatform:: Unique name xilinx:::0.0
TRACE::2024-11-01.17:29:48::SCWPlatform::Trying to set the existing hwdb with name mb_block_wrapper_0
TRACE::2024-11-01.17:29:48::SCWPlatform::Opened existing hwdb mb_block_wrapper_0
TRACE::2024-11-01.17:29:48::SCWPlatform::Found the Hw Db part of the input DSA
TRACE::2024-11-01.17:29:48::SCWMssOS::Checking the sw design at  C:/Users/realk/Desktop/ece385/ECE385/lab7_1/realrealrealreal_sdk/mb_block_wrapper/microblaze_0/standalone_microblaze_0/bsp/system.mss
TRACE::2024-11-01.17:29:48::SCWMssOS::DEBUG:  swdes dump  C:/Users/realk/Desktop/ece385/ECE385/lab7_1/realrealrealreal_sdk/mb_block_wrapper/microblaze_0/standalone_microblaze_0/bsp/system.mss|system||

TRACE::2024-11-01.17:29:48::SCWMssOS::Sw design exists and opened at  C:/Users/realk/Desktop/ece385/ECE385/lab7_1/realrealrealreal_sdk/mb_block_wrapper/microblaze_0/standalone_microblaze_0/bsp/system.mss
TRACE::2024-11-01.17:29:48::SCWWriter::formatted JSON is {
	"platformName":	"mb_block_wrapper",
	"sprVersion":	"2.0",
	"mode":	"gui",
	"dsaType":	"Fixed",
	"platformDesc":	"mb_block_wrapper",
	"platHandOff":	"C:/Users/realk/Desktop/ece385/ECE385/lab7_1/mb_block_wrapper.xsa",
	"platIntHandOff":	"<platformDir>/hw/mb_block_wrapper.xsa",
	"deviceType":	"FPGA",
	"platIsPrebuiltAutogen":	"false",
	"platIsNoBootBsp":	"false",
	"hasFsblMakeHasChanges":	"false",
	"hasPmufwMakeHasChanges":	"false",
	"platPreBuiltFlag":	false,
	"platformSamplesDir":	"",
	"platActiveSys":	"mb_block_wrapper",
	"systems":	[{
			"systemName":	"mb_block_wrapper",
			"systemDesc":	"mb_block_wrapper",
			"sysIsBootAutoGen":	"true",
			"systemDispName":	"mb_block_wrapper",
			"sysActiveDom":	"standalone_microblaze_0",
			"sysDefaultDom":	"standalone_microblaze_0",
			"domains":	[{
					"domainName":	"standalone_microblaze_0",
					"domainDispName":	"standalone_microblaze_0",
					"domainDesc":	"standalone_microblaze_0",
					"processors":	"microblaze_0",
					"os":	"standalone",
					"sdxOs":	"standalone",
					"debugEnable":	"False",
					"domRuntimes":	["cpp"],
					"swRepo":	"",
					"mssOsVer":	"8.0",
					"mssFile":	"",
					"md5Digest":	"5422c1e5be4ae93f4de8c50507402f2a",
					"compatibleApp":	"hello_world",
					"domType":	"mssDomain",
					"arch":	"32-bit",
					"appSettings":	{
						"appCompilerFlags":	"",
						"appLinkerFlags":	""
					},
					"addedLibs":	[],
					"libOptions":	{
						"libsContainingOptions":	[]
					},
					"prebuiltLibs":	{
						"prebuiltIncPath":	[],
						"prebuiltLibPath":	[]
					},
					"isolation":	{
					}
				}]
		}]
}
LOG::2024-11-01.17:29:48::SCWPlatform::Started generating the artifacts platform mb_block_wrapper
TRACE::2024-11-01.17:29:48::SCWPlatform::Sanity checking of platform is completed
LOG::2024-11-01.17:29:48::SCWPlatform::Started generating the artifacts for system configuration mb_block_wrapper
LOG::2024-11-01.17:29:48::SCWSystem::Checking the domain standalone_microblaze_0
LOG::2024-11-01.17:29:48::SCWSystem::Not a boot domain 
LOG::2024-11-01.17:29:48::SCWSystem::Started Processing the domain standalone_microblaze_0
TRACE::2024-11-01.17:29:48::SCWDomain::Generating domain artifcats
TRACE::2024-11-01.17:29:48::SCWMssOS::Generating standalone artifcats
TRACE::2024-11-01.17:29:48::SCWMssOS:: Copying the user libraries. 
TRACE::2024-11-01.17:29:48::SCWPlatform::Trying to open the hw design at C:/Users/realk/Desktop/ece385/ECE385/lab7_1/realrealrealreal_sdk/mb_block_wrapper/hw/mb_block_wrapper.xsa
TRACE::2024-11-01.17:29:48::SCWPlatform::DSA given C:/Users/realk/Desktop/ece385/ECE385/lab7_1/realrealrealreal_sdk/mb_block_wrapper/hw/mb_block_wrapper.xsa
TRACE::2024-11-01.17:29:48::SCWPlatform::DSA absoulate path C:/Users/realk/Desktop/ece385/ECE385/lab7_1/realrealrealreal_sdk/mb_block_wrapper/hw/mb_block_wrapper.xsa
TRACE::2024-11-01.17:29:48::SCWPlatform::DSA directory C:/Users/realk/Desktop/ece385/ECE385/lab7_1/realrealrealreal_sdk/mb_block_wrapper/hw
TRACE::2024-11-01.17:29:48::SCWPlatform:: Platform Path C:/Users/realk/Desktop/ece385/ECE385/lab7_1/realrealrealreal_sdk/mb_block_wrapper/hw/mb_block_wrapper.xsa
TRACE::2024-11-01.17:29:48::SCWPlatform:: Unique name xilinx:::0.0
TRACE::2024-11-01.17:29:48::SCWPlatform::Trying to set the existing hwdb with name mb_block_wrapper_0
TRACE::2024-11-01.17:29:48::SCWPlatform::Opened existing hwdb mb_block_wrapper_0
TRACE::2024-11-01.17:29:48::SCWPlatform::Found the Hw Db part of the input DSA
TRACE::2024-11-01.17:29:48::SCWMssOS::Checking the sw design at  C:/Users/realk/Desktop/ece385/ECE385/lab7_1/realrealrealreal_sdk/mb_block_wrapper/microblaze_0/standalone_microblaze_0/bsp/system.mss
TRACE::2024-11-01.17:29:48::SCWMssOS::DEBUG:  swdes dump  C:/Users/realk/Desktop/ece385/ECE385/lab7_1/realrealrealreal_sdk/mb_block_wrapper/microblaze_0/standalone_microblaze_0/bsp/system.mss|system||

TRACE::2024-11-01.17:29:48::SCWMssOS::Sw design exists and opened at  C:/Users/realk/Desktop/ece385/ECE385/lab7_1/realrealrealreal_sdk/mb_block_wrapper/microblaze_0/standalone_microblaze_0/bsp/system.mss
TRACE::2024-11-01.17:29:48::SCWMssOS::Completed writing the mss file at C:/Users/realk/Desktop/ece385/ECE385/lab7_1/realrealrealreal_sdk/mb_block_wrapper/microblaze_0/standalone_microblaze_0/bsp
TRACE::2024-11-01.17:29:48::SCWMssOS::Mss edits present, copying mssfile into export location C:/Users/realk/Desktop/ece385/ECE385/lab7_1/realrealrealreal_sdk/mb_block_wrapper/microblaze_0/standalone_microblaze_0/bsp/system.mss
TRACE::2024-11-01.17:29:48::SCWMssOS::bsp generated is upto date with the mss file. Skipping bsp generation.
TRACE::2024-11-01.17:29:48::SCWMssOS::BSP is already built. skipping the bsp build ... 
TRACE::2024-11-01.17:29:48::SCWDomain::Skipping the build for domain :  standalone_microblaze_0
TRACE::2024-11-01.17:29:48::SCWMssOS::skipping the bsp build ... 
TRACE::2024-11-01.17:29:48::SCWMssOS::Copying to export directory.
TRACE::2024-11-01.17:29:48::SCWMssOS:: Checking if to create the Supporting Applications
TRACE::2024-11-01.17:29:48::SCWMssOS:: No Linux domain exists, trying to generate FSBL 
LOG::2024-11-01.17:29:48::SCWSystem::Completed Processing the domain standalone_microblaze_0
LOG::2024-11-01.17:29:48::SCWSystem::Completed Processing the sysconfig mb_block_wrapper
LOG::2024-11-01.17:29:48::SCWPlatform::Completed generating the artifacts for system configuration mb_block_wrapper
TRACE::2024-11-01.17:29:48::SCWPlatform::Started preparing the platform 
TRACE::2024-11-01.17:29:48::SCWSystem::Writing the bif file for system config mb_block_wrapper
TRACE::2024-11-01.17:29:48::SCWSystem::dir created 
TRACE::2024-11-01.17:29:48::SCWSystem::Writing the bif 
TRACE::2024-11-01.17:29:48::SCWPlatform::Started writing the spfm file 
TRACE::2024-11-01.17:29:48::SCWPlatform::Started writing the xpfm file 
TRACE::2024-11-01.17:29:48::SCWPlatform::Completed generating the platform
TRACE::2024-11-01.17:29:48::SCWMssOS::Saving the mss changes C:/Users/realk/Desktop/ece385/ECE385/lab7_1/realrealrealreal_sdk/mb_block_wrapper/microblaze_0/standalone_microblaze_0/bsp/system.mss
TRACE::2024-11-01.17:29:48::SCWMssOS::Found a swdesign opened with the mssfile.
TRACE::2024-11-01.17:29:48::SCWMssOS::Completed writemss as part of save.
TRACE::2024-11-01.17:29:48::SCWMssOS::Commit changes completed.
TRACE::2024-11-01.17:29:48::SCWPlatform::Trying to open the hw design at C:/Users/realk/Desktop/ece385/ECE385/lab7_1/realrealrealreal_sdk/mb_block_wrapper/hw/mb_block_wrapper.xsa
TRACE::2024-11-01.17:29:48::SCWPlatform::DSA given C:/Users/realk/Desktop/ece385/ECE385/lab7_1/realrealrealreal_sdk/mb_block_wrapper/hw/mb_block_wrapper.xsa
TRACE::2024-11-01.17:29:48::SCWPlatform::DSA absoulate path C:/Users/realk/Desktop/ece385/ECE385/lab7_1/realrealrealreal_sdk/mb_block_wrapper/hw/mb_block_wrapper.xsa
TRACE::2024-11-01.17:29:48::SCWPlatform::DSA directory C:/Users/realk/Desktop/ece385/ECE385/lab7_1/realrealrealreal_sdk/mb_block_wrapper/hw
TRACE::2024-11-01.17:29:48::SCWPlatform:: Platform Path C:/Users/realk/Desktop/ece385/ECE385/lab7_1/realrealrealreal_sdk/mb_block_wrapper/hw/mb_block_wrapper.xsa
TRACE::2024-11-01.17:29:48::SCWPlatform:: Unique name xilinx:::0.0
TRACE::2024-11-01.17:29:48::SCWPlatform::Trying to set the existing hwdb with name mb_block_wrapper_0
TRACE::2024-11-01.17:29:48::SCWPlatform::Opened existing hwdb mb_block_wrapper_0
TRACE::2024-11-01.17:29:48::SCWPlatform::Found the Hw Db part of the input DSA
TRACE::2024-11-01.17:29:48::SCWMssOS::Checking the sw design at  C:/Users/realk/Desktop/ece385/ECE385/lab7_1/realrealrealreal_sdk/mb_block_wrapper/microblaze_0/standalone_microblaze_0/bsp/system.mss
TRACE::2024-11-01.17:29:48::SCWMssOS::DEBUG:  swdes dump  C:/Users/realk/Desktop/ece385/ECE385/lab7_1/realrealrealreal_sdk/mb_block_wrapper/microblaze_0/standalone_microblaze_0/bsp/system.mss|system||

TRACE::2024-11-01.17:29:48::SCWMssOS::Sw design exists and opened at  C:/Users/realk/Desktop/ece385/ECE385/lab7_1/realrealrealreal_sdk/mb_block_wrapper/microblaze_0/standalone_microblaze_0/bsp/system.mss
TRACE::2024-11-01.17:29:48::SCWPlatform::Trying to open the hw design at C:/Users/realk/Desktop/ece385/ECE385/lab7_1/realrealrealreal_sdk/mb_block_wrapper/hw/mb_block_wrapper.xsa
TRACE::2024-11-01.17:29:48::SCWPlatform::DSA given C:/Users/realk/Desktop/ece385/ECE385/lab7_1/realrealrealreal_sdk/mb_block_wrapper/hw/mb_block_wrapper.xsa
TRACE::2024-11-01.17:29:48::SCWPlatform::DSA absoulate path C:/Users/realk/Desktop/ece385/ECE385/lab7_1/realrealrealreal_sdk/mb_block_wrapper/hw/mb_block_wrapper.xsa
TRACE::2024-11-01.17:29:48::SCWPlatform::DSA directory C:/Users/realk/Desktop/ece385/ECE385/lab7_1/realrealrealreal_sdk/mb_block_wrapper/hw
TRACE::2024-11-01.17:29:48::SCWPlatform:: Platform Path C:/Users/realk/Desktop/ece385/ECE385/lab7_1/realrealrealreal_sdk/mb_block_wrapper/hw/mb_block_wrapper.xsa
TRACE::2024-11-01.17:29:48::SCWPlatform:: Unique name xilinx:::0.0
TRACE::2024-11-01.17:29:48::SCWPlatform::Trying to set the existing hwdb with name mb_block_wrapper_0
TRACE::2024-11-01.17:29:48::SCWPlatform::Opened existing hwdb mb_block_wrapper_0
TRACE::2024-11-01.17:29:48::SCWPlatform::Found the Hw Db part of the input DSA
TRACE::2024-11-01.17:29:48::SCWMssOS::Checking the sw design at  C:/Users/realk/Desktop/ece385/ECE385/lab7_1/realrealrealreal_sdk/mb_block_wrapper/microblaze_0/standalone_microblaze_0/bsp/system.mss
TRACE::2024-11-01.17:29:48::SCWMssOS::DEBUG:  swdes dump  C:/Users/realk/Desktop/ece385/ECE385/lab7_1/realrealrealreal_sdk/mb_block_wrapper/microblaze_0/standalone_microblaze_0/bsp/system.mss|system||

TRACE::2024-11-01.17:29:48::SCWMssOS::Sw design exists and opened at  C:/Users/realk/Desktop/ece385/ECE385/lab7_1/realrealrealreal_sdk/mb_block_wrapper/microblaze_0/standalone_microblaze_0/bsp/system.mss
TRACE::2024-11-01.17:29:48::SCWPlatform::Trying to open the hw design at C:/Users/realk/Desktop/ece385/ECE385/lab7_1/realrealrealreal_sdk/mb_block_wrapper/hw/mb_block_wrapper.xsa
TRACE::2024-11-01.17:29:48::SCWPlatform::DSA given C:/Users/realk/Desktop/ece385/ECE385/lab7_1/realrealrealreal_sdk/mb_block_wrapper/hw/mb_block_wrapper.xsa
TRACE::2024-11-01.17:29:48::SCWPlatform::DSA absoulate path C:/Users/realk/Desktop/ece385/ECE385/lab7_1/realrealrealreal_sdk/mb_block_wrapper/hw/mb_block_wrapper.xsa
TRACE::2024-11-01.17:29:48::SCWPlatform::DSA directory C:/Users/realk/Desktop/ece385/ECE385/lab7_1/realrealrealreal_sdk/mb_block_wrapper/hw
TRACE::2024-11-01.17:29:48::SCWPlatform:: Platform Path C:/Users/realk/Desktop/ece385/ECE385/lab7_1/realrealrealreal_sdk/mb_block_wrapper/hw/mb_block_wrapper.xsa
TRACE::2024-11-01.17:29:48::SCWPlatform:: Unique name xilinx:::0.0
TRACE::2024-11-01.17:29:48::SCWPlatform::Trying to set the existing hwdb with name mb_block_wrapper_0
TRACE::2024-11-01.17:29:48::SCWPlatform::Opened existing hwdb mb_block_wrapper_0
TRACE::2024-11-01.17:29:48::SCWPlatform::Found the Hw Db part of the input DSA
TRACE::2024-11-01.17:29:48::SCWMssOS::Checking the sw design at  C:/Users/realk/Desktop/ece385/ECE385/lab7_1/realrealrealreal_sdk/mb_block_wrapper/microblaze_0/standalone_microblaze_0/bsp/system.mss
TRACE::2024-11-01.17:29:48::SCWMssOS::DEBUG:  swdes dump  C:/Users/realk/Desktop/ece385/ECE385/lab7_1/realrealrealreal_sdk/mb_block_wrapper/microblaze_0/standalone_microblaze_0/bsp/system.mss|system||

TRACE::2024-11-01.17:29:48::SCWMssOS::Sw design exists and opened at  C:/Users/realk/Desktop/ece385/ECE385/lab7_1/realrealrealreal_sdk/mb_block_wrapper/microblaze_0/standalone_microblaze_0/bsp/system.mss
TRACE::2024-11-01.17:29:48::SCWWriter::formatted JSON is {
	"platformName":	"mb_block_wrapper",
	"sprVersion":	"2.0",
	"mode":	"gui",
	"dsaType":	"Fixed",
	"platformDesc":	"mb_block_wrapper",
	"platHandOff":	"C:/Users/realk/Desktop/ece385/ECE385/lab7_1/mb_block_wrapper.xsa",
	"platIntHandOff":	"<platformDir>/hw/mb_block_wrapper.xsa",
	"deviceType":	"FPGA",
	"platIsPrebuiltAutogen":	"false",
	"platIsNoBootBsp":	"false",
	"hasFsblMakeHasChanges":	"false",
	"hasPmufwMakeHasChanges":	"false",
	"platPreBuiltFlag":	false,
	"platformSamplesDir":	"",
	"platActiveSys":	"mb_block_wrapper",
	"systems":	[{
			"systemName":	"mb_block_wrapper",
			"systemDesc":	"mb_block_wrapper",
			"sysIsBootAutoGen":	"true",
			"systemDispName":	"mb_block_wrapper",
			"sysActiveDom":	"standalone_microblaze_0",
			"sysDefaultDom":	"standalone_microblaze_0",
			"domains":	[{
					"domainName":	"standalone_microblaze_0",
					"domainDispName":	"standalone_microblaze_0",
					"domainDesc":	"standalone_microblaze_0",
					"processors":	"microblaze_0",
					"os":	"standalone",
					"sdxOs":	"standalone",
					"debugEnable":	"False",
					"domRuntimes":	["cpp"],
					"swRepo":	"",
					"mssOsVer":	"8.0",
					"mssFile":	"",
					"md5Digest":	"5422c1e5be4ae93f4de8c50507402f2a",
					"compatibleApp":	"hello_world",
					"domType":	"mssDomain",
					"arch":	"32-bit",
					"appSettings":	{
						"appCompilerFlags":	"",
						"appLinkerFlags":	""
					},
					"addedLibs":	[],
					"libOptions":	{
						"libsContainingOptions":	[]
					},
					"prebuiltLibs":	{
						"prebuiltIncPath":	[],
						"prebuiltLibPath":	[]
					},
					"isolation":	{
					}
				}]
		}]
}
KEYINFO::2024-11-01.17:29:48::SCWPlatform::updated the xpfm file.
TRACE::2024-11-01.17:29:49::SCWPlatform::Trying to open the hw design at C:/Users/realk/Desktop/ece385/ECE385/lab7_1/realrealrealreal_sdk/mb_block_wrapper/hw/mb_block_wrapper.xsa
TRACE::2024-11-01.17:29:49::SCWPlatform::DSA given C:/Users/realk/Desktop/ece385/ECE385/lab7_1/realrealrealreal_sdk/mb_block_wrapper/hw/mb_block_wrapper.xsa
TRACE::2024-11-01.17:29:49::SCWPlatform::DSA absoulate path C:/Users/realk/Desktop/ece385/ECE385/lab7_1/realrealrealreal_sdk/mb_block_wrapper/hw/mb_block_wrapper.xsa
TRACE::2024-11-01.17:29:49::SCWPlatform::DSA directory C:/Users/realk/Desktop/ece385/ECE385/lab7_1/realrealrealreal_sdk/mb_block_wrapper/hw
TRACE::2024-11-01.17:29:49::SCWPlatform:: Platform Path C:/Users/realk/Desktop/ece385/ECE385/lab7_1/realrealrealreal_sdk/mb_block_wrapper/hw/mb_block_wrapper.xsa
TRACE::2024-11-01.17:29:49::SCWPlatform:: Unique name xilinx:::0.0
TRACE::2024-11-01.17:29:49::SCWPlatform::Trying to set the existing hwdb with name mb_block_wrapper_0
TRACE::2024-11-01.17:29:49::SCWPlatform::Opened existing hwdb mb_block_wrapper_0
TRACE::2024-11-01.17:29:49::SCWPlatform::Found the Hw Db part of the input DSA
TRACE::2024-11-01.17:29:49::SCWMssOS::Checking the sw design at  C:/Users/realk/Desktop/ece385/ECE385/lab7_1/realrealrealreal_sdk/mb_block_wrapper/microblaze_0/standalone_microblaze_0/bsp/system.mss
TRACE::2024-11-01.17:29:49::SCWMssOS::DEBUG:  swdes dump  C:/Users/realk/Desktop/ece385/ECE385/lab7_1/realrealrealreal_sdk/mb_block_wrapper/microblaze_0/standalone_microblaze_0/bsp/system.mss|system||

TRACE::2024-11-01.17:29:49::SCWMssOS::Sw design exists and opened at  C:/Users/realk/Desktop/ece385/ECE385/lab7_1/realrealrealreal_sdk/mb_block_wrapper/microblaze_0/standalone_microblaze_0/bsp/system.mss
TRACE::2024-11-01.17:29:49::SCWMssOS::Saving the mss changes C:/Users/realk/Desktop/ece385/ECE385/lab7_1/realrealrealreal_sdk/mb_block_wrapper/microblaze_0/standalone_microblaze_0/bsp/system.mss
TRACE::2024-11-01.17:29:49::SCWMssOS::Found a swdesign opened with the mssfile.
TRACE::2024-11-01.17:29:49::SCWMssOS::Completed writemss as part of save.
TRACE::2024-11-01.17:29:49::SCWMssOS::Commit changes completed.
TRACE::2024-11-01.17:29:49::SCWPlatform::Trying to open the hw design at C:/Users/realk/Desktop/ece385/ECE385/lab7_1/realrealrealreal_sdk/mb_block_wrapper/hw/mb_block_wrapper.xsa
TRACE::2024-11-01.17:29:49::SCWPlatform::DSA given C:/Users/realk/Desktop/ece385/ECE385/lab7_1/realrealrealreal_sdk/mb_block_wrapper/hw/mb_block_wrapper.xsa
TRACE::2024-11-01.17:29:49::SCWPlatform::DSA absoulate path C:/Users/realk/Desktop/ece385/ECE385/lab7_1/realrealrealreal_sdk/mb_block_wrapper/hw/mb_block_wrapper.xsa
TRACE::2024-11-01.17:29:49::SCWPlatform::DSA directory C:/Users/realk/Desktop/ece385/ECE385/lab7_1/realrealrealreal_sdk/mb_block_wrapper/hw
TRACE::2024-11-01.17:29:49::SCWPlatform:: Platform Path C:/Users/realk/Desktop/ece385/ECE385/lab7_1/realrealrealreal_sdk/mb_block_wrapper/hw/mb_block_wrapper.xsa
TRACE::2024-11-01.17:29:49::SCWPlatform:: Unique name xilinx:::0.0
TRACE::2024-11-01.17:29:49::SCWPlatform::Trying to set the existing hwdb with name mb_block_wrapper_0
TRACE::2024-11-01.17:29:49::SCWPlatform::Opened existing hwdb mb_block_wrapper_0
TRACE::2024-11-01.17:29:49::SCWPlatform::Found the Hw Db part of the input DSA
TRACE::2024-11-01.17:29:49::SCWMssOS::Checking the sw design at  C:/Users/realk/Desktop/ece385/ECE385/lab7_1/realrealrealreal_sdk/mb_block_wrapper/microblaze_0/standalone_microblaze_0/bsp/system.mss
TRACE::2024-11-01.17:29:49::SCWMssOS::DEBUG:  swdes dump  C:/Users/realk/Desktop/ece385/ECE385/lab7_1/realrealrealreal_sdk/mb_block_wrapper/microblaze_0/standalone_microblaze_0/bsp/system.mss|system||

TRACE::2024-11-01.17:29:49::SCWMssOS::Sw design exists and opened at  C:/Users/realk/Desktop/ece385/ECE385/lab7_1/realrealrealreal_sdk/mb_block_wrapper/microblaze_0/standalone_microblaze_0/bsp/system.mss
TRACE::2024-11-01.17:29:49::SCWPlatform::Trying to open the hw design at C:/Users/realk/Desktop/ece385/ECE385/lab7_1/realrealrealreal_sdk/mb_block_wrapper/hw/mb_block_wrapper.xsa
TRACE::2024-11-01.17:29:49::SCWPlatform::DSA given C:/Users/realk/Desktop/ece385/ECE385/lab7_1/realrealrealreal_sdk/mb_block_wrapper/hw/mb_block_wrapper.xsa
TRACE::2024-11-01.17:29:49::SCWPlatform::DSA absoulate path C:/Users/realk/Desktop/ece385/ECE385/lab7_1/realrealrealreal_sdk/mb_block_wrapper/hw/mb_block_wrapper.xsa
TRACE::2024-11-01.17:29:49::SCWPlatform::DSA directory C:/Users/realk/Desktop/ece385/ECE385/lab7_1/realrealrealreal_sdk/mb_block_wrapper/hw
TRACE::2024-11-01.17:29:49::SCWPlatform:: Platform Path C:/Users/realk/Desktop/ece385/ECE385/lab7_1/realrealrealreal_sdk/mb_block_wrapper/hw/mb_block_wrapper.xsa
TRACE::2024-11-01.17:29:49::SCWPlatform:: Unique name xilinx:::0.0
TRACE::2024-11-01.17:29:49::SCWPlatform::Trying to set the existing hwdb with name mb_block_wrapper_0
TRACE::2024-11-01.17:29:49::SCWPlatform::Opened existing hwdb mb_block_wrapper_0
TRACE::2024-11-01.17:29:49::SCWPlatform::Found the Hw Db part of the input DSA
TRACE::2024-11-01.17:29:49::SCWMssOS::Checking the sw design at  C:/Users/realk/Desktop/ece385/ECE385/lab7_1/realrealrealreal_sdk/mb_block_wrapper/microblaze_0/standalone_microblaze_0/bsp/system.mss
TRACE::2024-11-01.17:29:49::SCWMssOS::DEBUG:  swdes dump  C:/Users/realk/Desktop/ece385/ECE385/lab7_1/realrealrealreal_sdk/mb_block_wrapper/microblaze_0/standalone_microblaze_0/bsp/system.mss|system||

TRACE::2024-11-01.17:29:49::SCWMssOS::Sw design exists and opened at  C:/Users/realk/Desktop/ece385/ECE385/lab7_1/realrealrealreal_sdk/mb_block_wrapper/microblaze_0/standalone_microblaze_0/bsp/system.mss
TRACE::2024-11-01.17:29:49::SCWPlatform::Trying to open the hw design at C:/Users/realk/Desktop/ece385/ECE385/lab7_1/realrealrealreal_sdk/mb_block_wrapper/hw/mb_block_wrapper.xsa
TRACE::2024-11-01.17:29:49::SCWPlatform::DSA given C:/Users/realk/Desktop/ece385/ECE385/lab7_1/realrealrealreal_sdk/mb_block_wrapper/hw/mb_block_wrapper.xsa
TRACE::2024-11-01.17:29:49::SCWPlatform::DSA absoulate path C:/Users/realk/Desktop/ece385/ECE385/lab7_1/realrealrealreal_sdk/mb_block_wrapper/hw/mb_block_wrapper.xsa
TRACE::2024-11-01.17:29:49::SCWPlatform::DSA directory C:/Users/realk/Desktop/ece385/ECE385/lab7_1/realrealrealreal_sdk/mb_block_wrapper/hw
TRACE::2024-11-01.17:29:49::SCWPlatform:: Platform Path C:/Users/realk/Desktop/ece385/ECE385/lab7_1/realrealrealreal_sdk/mb_block_wrapper/hw/mb_block_wrapper.xsa
TRACE::2024-11-01.17:29:49::SCWPlatform:: Unique name xilinx:::0.0
TRACE::2024-11-01.17:29:49::SCWPlatform::Trying to set the existing hwdb with name mb_block_wrapper_0
TRACE::2024-11-01.17:29:49::SCWPlatform::Opened existing hwdb mb_block_wrapper_0
TRACE::2024-11-01.17:29:49::SCWPlatform::Found the Hw Db part of the input DSA
TRACE::2024-11-01.17:29:49::SCWMssOS::Checking the sw design at  C:/Users/realk/Desktop/ece385/ECE385/lab7_1/realrealrealreal_sdk/mb_block_wrapper/microblaze_0/standalone_microblaze_0/bsp/system.mss
TRACE::2024-11-01.17:29:49::SCWMssOS::DEBUG:  swdes dump  C:/Users/realk/Desktop/ece385/ECE385/lab7_1/realrealrealreal_sdk/mb_block_wrapper/microblaze_0/standalone_microblaze_0/bsp/system.mss|system||

TRACE::2024-11-01.17:29:49::SCWMssOS::Sw design exists and opened at  C:/Users/realk/Desktop/ece385/ECE385/lab7_1/realrealrealreal_sdk/mb_block_wrapper/microblaze_0/standalone_microblaze_0/bsp/system.mss
TRACE::2024-11-01.17:29:49::SCWWriter::formatted JSON is {
	"platformName":	"mb_block_wrapper",
	"sprVersion":	"2.0",
	"mode":	"gui",
	"dsaType":	"Fixed",
	"platformDesc":	"mb_block_wrapper",
	"platHandOff":	"C:/Users/realk/Desktop/ece385/ECE385/lab7_1/mb_block_wrapper.xsa",
	"platIntHandOff":	"<platformDir>/hw/mb_block_wrapper.xsa",
	"deviceType":	"FPGA",
	"platIsPrebuiltAutogen":	"false",
	"platIsNoBootBsp":	"false",
	"hasFsblMakeHasChanges":	"false",
	"hasPmufwMakeHasChanges":	"false",
	"platPreBuiltFlag":	false,
	"platformSamplesDir":	"",
	"platActiveSys":	"mb_block_wrapper",
	"systems":	[{
			"systemName":	"mb_block_wrapper",
			"systemDesc":	"mb_block_wrapper",
			"sysIsBootAutoGen":	"true",
			"systemDispName":	"mb_block_wrapper",
			"sysActiveDom":	"standalone_microblaze_0",
			"sysDefaultDom":	"standalone_microblaze_0",
			"domains":	[{
					"domainName":	"standalone_microblaze_0",
					"domainDispName":	"standalone_microblaze_0",
					"domainDesc":	"standalone_microblaze_0",
					"processors":	"microblaze_0",
					"os":	"standalone",
					"sdxOs":	"standalone",
					"debugEnable":	"False",
					"domRuntimes":	["cpp"],
					"swRepo":	"",
					"mssOsVer":	"8.0",
					"mssFile":	"",
					"md5Digest":	"5422c1e5be4ae93f4de8c50507402f2a",
					"compatibleApp":	"hello_world",
					"domType":	"mssDomain",
					"arch":	"32-bit",
					"appSettings":	{
						"appCompilerFlags":	"",
						"appLinkerFlags":	""
					},
					"addedLibs":	[],
					"libOptions":	{
						"libsContainingOptions":	[]
					},
					"prebuiltLibs":	{
						"prebuiltIncPath":	[],
						"prebuiltLibPath":	[]
					},
					"isolation":	{
					}
				}]
		}]
}
TRACE::2024-11-01.17:29:49::SCWPlatform::Trying to open the hw design at C:/Users/realk/Desktop/ece385/ECE385/lab7_1/realrealrealreal_sdk/mb_block_wrapper/hw/mb_block_wrapper.xsa
TRACE::2024-11-01.17:29:49::SCWPlatform::DSA given C:/Users/realk/Desktop/ece385/ECE385/lab7_1/realrealrealreal_sdk/mb_block_wrapper/hw/mb_block_wrapper.xsa
TRACE::2024-11-01.17:29:49::SCWPlatform::DSA absoulate path C:/Users/realk/Desktop/ece385/ECE385/lab7_1/realrealrealreal_sdk/mb_block_wrapper/hw/mb_block_wrapper.xsa
TRACE::2024-11-01.17:29:49::SCWPlatform::DSA directory C:/Users/realk/Desktop/ece385/ECE385/lab7_1/realrealrealreal_sdk/mb_block_wrapper/hw
TRACE::2024-11-01.17:29:49::SCWPlatform:: Platform Path C:/Users/realk/Desktop/ece385/ECE385/lab7_1/realrealrealreal_sdk/mb_block_wrapper/hw/mb_block_wrapper.xsa
TRACE::2024-11-01.17:29:49::SCWPlatform:: Unique name xilinx:::0.0
TRACE::2024-11-01.17:29:49::SCWPlatform::Trying to set the existing hwdb with name mb_block_wrapper_0
TRACE::2024-11-01.17:29:49::SCWPlatform::Opened existing hwdb mb_block_wrapper_0
TRACE::2024-11-01.17:29:49::SCWPlatform::Found the Hw Db part of the input DSA
TRACE::2024-11-01.17:29:49::SCWMssOS::Checking the sw design at  C:/Users/realk/Desktop/ece385/ECE385/lab7_1/realrealrealreal_sdk/mb_block_wrapper/microblaze_0/standalone_microblaze_0/bsp/system.mss
TRACE::2024-11-01.17:29:49::SCWMssOS::DEBUG:  swdes dump  C:/Users/realk/Desktop/ece385/ECE385/lab7_1/realrealrealreal_sdk/mb_block_wrapper/microblaze_0/standalone_microblaze_0/bsp/system.mss|system||

TRACE::2024-11-01.17:29:49::SCWMssOS::Sw design exists and opened at  C:/Users/realk/Desktop/ece385/ECE385/lab7_1/realrealrealreal_sdk/mb_block_wrapper/microblaze_0/standalone_microblaze_0/bsp/system.mss
TRACE::2024-11-01.17:29:49::SCWPlatform::Trying to open the hw design at C:/Users/realk/Desktop/ece385/ECE385/lab7_1/realrealrealreal_sdk/mb_block_wrapper/hw/mb_block_wrapper.xsa
TRACE::2024-11-01.17:29:49::SCWPlatform::DSA given C:/Users/realk/Desktop/ece385/ECE385/lab7_1/realrealrealreal_sdk/mb_block_wrapper/hw/mb_block_wrapper.xsa
TRACE::2024-11-01.17:29:49::SCWPlatform::DSA absoulate path C:/Users/realk/Desktop/ece385/ECE385/lab7_1/realrealrealreal_sdk/mb_block_wrapper/hw/mb_block_wrapper.xsa
TRACE::2024-11-01.17:29:49::SCWPlatform::DSA directory C:/Users/realk/Desktop/ece385/ECE385/lab7_1/realrealrealreal_sdk/mb_block_wrapper/hw
TRACE::2024-11-01.17:29:49::SCWPlatform:: Platform Path C:/Users/realk/Desktop/ece385/ECE385/lab7_1/realrealrealreal_sdk/mb_block_wrapper/hw/mb_block_wrapper.xsa
TRACE::2024-11-01.17:29:49::SCWPlatform:: Unique name xilinx:::0.0
TRACE::2024-11-01.17:29:49::SCWPlatform::Trying to set the existing hwdb with name mb_block_wrapper_0
TRACE::2024-11-01.17:29:49::SCWPlatform::Opened existing hwdb mb_block_wrapper_0
TRACE::2024-11-01.17:29:49::SCWPlatform::Found the Hw Db part of the input DSA
TRACE::2024-11-01.17:29:49::SCWMssOS::Checking the sw design at  C:/Users/realk/Desktop/ece385/ECE385/lab7_1/realrealrealreal_sdk/mb_block_wrapper/microblaze_0/standalone_microblaze_0/bsp/system.mss
TRACE::2024-11-01.17:29:49::SCWMssOS::DEBUG:  swdes dump  C:/Users/realk/Desktop/ece385/ECE385/lab7_1/realrealrealreal_sdk/mb_block_wrapper/microblaze_0/standalone_microblaze_0/bsp/system.mss|system||

TRACE::2024-11-01.17:29:49::SCWMssOS::Sw design exists and opened at  C:/Users/realk/Desktop/ece385/ECE385/lab7_1/realrealrealreal_sdk/mb_block_wrapper/microblaze_0/standalone_microblaze_0/bsp/system.mss
TRACE::2024-11-01.17:29:49::SCWMssOS::Saving the mss changes C:/Users/realk/Desktop/ece385/ECE385/lab7_1/realrealrealreal_sdk/mb_block_wrapper/microblaze_0/standalone_microblaze_0/bsp/system.mss
TRACE::2024-11-01.17:29:49::SCWMssOS::Found a swdesign opened with the mssfile.
TRACE::2024-11-01.17:29:49::SCWMssOS::Completed writemss as part of save.
TRACE::2024-11-01.17:29:49::SCWMssOS::Commit changes completed.
TRACE::2024-11-01.17:29:49::SCWPlatform::Trying to open the hw design at C:/Users/realk/Desktop/ece385/ECE385/lab7_1/realrealrealreal_sdk/mb_block_wrapper/hw/mb_block_wrapper.xsa
TRACE::2024-11-01.17:29:49::SCWPlatform::DSA given C:/Users/realk/Desktop/ece385/ECE385/lab7_1/realrealrealreal_sdk/mb_block_wrapper/hw/mb_block_wrapper.xsa
TRACE::2024-11-01.17:29:49::SCWPlatform::DSA absoulate path C:/Users/realk/Desktop/ece385/ECE385/lab7_1/realrealrealreal_sdk/mb_block_wrapper/hw/mb_block_wrapper.xsa
TRACE::2024-11-01.17:29:49::SCWPlatform::DSA directory C:/Users/realk/Desktop/ece385/ECE385/lab7_1/realrealrealreal_sdk/mb_block_wrapper/hw
TRACE::2024-11-01.17:29:49::SCWPlatform:: Platform Path C:/Users/realk/Desktop/ece385/ECE385/lab7_1/realrealrealreal_sdk/mb_block_wrapper/hw/mb_block_wrapper.xsa
TRACE::2024-11-01.17:29:49::SCWPlatform:: Unique name xilinx:::0.0
TRACE::2024-11-01.17:29:49::SCWPlatform::Trying to set the existing hwdb with name mb_block_wrapper_0
TRACE::2024-11-01.17:29:49::SCWPlatform::Opened existing hwdb mb_block_wrapper_0
TRACE::2024-11-01.17:29:49::SCWPlatform::Found the Hw Db part of the input DSA
TRACE::2024-11-01.17:29:49::SCWMssOS::Checking the sw design at  C:/Users/realk/Desktop/ece385/ECE385/lab7_1/realrealrealreal_sdk/mb_block_wrapper/microblaze_0/standalone_microblaze_0/bsp/system.mss
TRACE::2024-11-01.17:29:49::SCWMssOS::DEBUG:  swdes dump  C:/Users/realk/Desktop/ece385/ECE385/lab7_1/realrealrealreal_sdk/mb_block_wrapper/microblaze_0/standalone_microblaze_0/bsp/system.mss|system||

TRACE::2024-11-01.17:29:49::SCWMssOS::Sw design exists and opened at  C:/Users/realk/Desktop/ece385/ECE385/lab7_1/realrealrealreal_sdk/mb_block_wrapper/microblaze_0/standalone_microblaze_0/bsp/system.mss
TRACE::2024-11-01.17:29:49::SCWPlatform::Trying to open the hw design at C:/Users/realk/Desktop/ece385/ECE385/lab7_1/realrealrealreal_sdk/mb_block_wrapper/hw/mb_block_wrapper.xsa
TRACE::2024-11-01.17:29:49::SCWPlatform::DSA given C:/Users/realk/Desktop/ece385/ECE385/lab7_1/realrealrealreal_sdk/mb_block_wrapper/hw/mb_block_wrapper.xsa
TRACE::2024-11-01.17:29:49::SCWPlatform::DSA absoulate path C:/Users/realk/Desktop/ece385/ECE385/lab7_1/realrealrealreal_sdk/mb_block_wrapper/hw/mb_block_wrapper.xsa
TRACE::2024-11-01.17:29:49::SCWPlatform::DSA directory C:/Users/realk/Desktop/ece385/ECE385/lab7_1/realrealrealreal_sdk/mb_block_wrapper/hw
TRACE::2024-11-01.17:29:49::SCWPlatform:: Platform Path C:/Users/realk/Desktop/ece385/ECE385/lab7_1/realrealrealreal_sdk/mb_block_wrapper/hw/mb_block_wrapper.xsa
TRACE::2024-11-01.17:29:49::SCWPlatform:: Unique name xilinx:::0.0
TRACE::2024-11-01.17:29:49::SCWPlatform::Trying to set the existing hwdb with name mb_block_wrapper_0
TRACE::2024-11-01.17:29:49::SCWPlatform::Opened existing hwdb mb_block_wrapper_0
TRACE::2024-11-01.17:29:49::SCWPlatform::Found the Hw Db part of the input DSA
TRACE::2024-11-01.17:29:49::SCWMssOS::Checking the sw design at  C:/Users/realk/Desktop/ece385/ECE385/lab7_1/realrealrealreal_sdk/mb_block_wrapper/microblaze_0/standalone_microblaze_0/bsp/system.mss
TRACE::2024-11-01.17:29:49::SCWMssOS::DEBUG:  swdes dump  C:/Users/realk/Desktop/ece385/ECE385/lab7_1/realrealrealreal_sdk/mb_block_wrapper/microblaze_0/standalone_microblaze_0/bsp/system.mss|system||

TRACE::2024-11-01.17:29:49::SCWMssOS::Sw design exists and opened at  C:/Users/realk/Desktop/ece385/ECE385/lab7_1/realrealrealreal_sdk/mb_block_wrapper/microblaze_0/standalone_microblaze_0/bsp/system.mss
TRACE::2024-11-01.17:29:49::SCWPlatform::Trying to open the hw design at C:/Users/realk/Desktop/ece385/ECE385/lab7_1/realrealrealreal_sdk/mb_block_wrapper/hw/mb_block_wrapper.xsa
TRACE::2024-11-01.17:29:49::SCWPlatform::DSA given C:/Users/realk/Desktop/ece385/ECE385/lab7_1/realrealrealreal_sdk/mb_block_wrapper/hw/mb_block_wrapper.xsa
TRACE::2024-11-01.17:29:49::SCWPlatform::DSA absoulate path C:/Users/realk/Desktop/ece385/ECE385/lab7_1/realrealrealreal_sdk/mb_block_wrapper/hw/mb_block_wrapper.xsa
TRACE::2024-11-01.17:29:49::SCWPlatform::DSA directory C:/Users/realk/Desktop/ece385/ECE385/lab7_1/realrealrealreal_sdk/mb_block_wrapper/hw
TRACE::2024-11-01.17:29:49::SCWPlatform:: Platform Path C:/Users/realk/Desktop/ece385/ECE385/lab7_1/realrealrealreal_sdk/mb_block_wrapper/hw/mb_block_wrapper.xsa
TRACE::2024-11-01.17:29:49::SCWPlatform:: Unique name xilinx:::0.0
TRACE::2024-11-01.17:29:49::SCWPlatform::Trying to set the existing hwdb with name mb_block_wrapper_0
TRACE::2024-11-01.17:29:49::SCWPlatform::Opened existing hwdb mb_block_wrapper_0
TRACE::2024-11-01.17:29:49::SCWPlatform::Found the Hw Db part of the input DSA
TRACE::2024-11-01.17:29:49::SCWMssOS::Checking the sw design at  C:/Users/realk/Desktop/ece385/ECE385/lab7_1/realrealrealreal_sdk/mb_block_wrapper/microblaze_0/standalone_microblaze_0/bsp/system.mss
TRACE::2024-11-01.17:29:49::SCWMssOS::DEBUG:  swdes dump  C:/Users/realk/Desktop/ece385/ECE385/lab7_1/realrealrealreal_sdk/mb_block_wrapper/microblaze_0/standalone_microblaze_0/bsp/system.mss|system||

TRACE::2024-11-01.17:29:49::SCWMssOS::Sw design exists and opened at  C:/Users/realk/Desktop/ece385/ECE385/lab7_1/realrealrealreal_sdk/mb_block_wrapper/microblaze_0/standalone_microblaze_0/bsp/system.mss
TRACE::2024-11-01.17:29:49::SCWWriter::formatted JSON is {
	"platformName":	"mb_block_wrapper",
	"sprVersion":	"2.0",
	"mode":	"gui",
	"dsaType":	"Fixed",
	"platformDesc":	"mb_block_wrapper",
	"platHandOff":	"C:/Users/realk/Desktop/ece385/ECE385/lab7_1/mb_block_wrapper.xsa",
	"platIntHandOff":	"<platformDir>/hw/mb_block_wrapper.xsa",
	"deviceType":	"FPGA",
	"platIsPrebuiltAutogen":	"false",
	"platIsNoBootBsp":	"false",
	"hasFsblMakeHasChanges":	"false",
	"hasPmufwMakeHasChanges":	"false",
	"platPreBuiltFlag":	false,
	"platformSamplesDir":	"",
	"platActiveSys":	"mb_block_wrapper",
	"systems":	[{
			"systemName":	"mb_block_wrapper",
			"systemDesc":	"mb_block_wrapper",
			"sysIsBootAutoGen":	"true",
			"systemDispName":	"mb_block_wrapper",
			"sysActiveDom":	"standalone_microblaze_0",
			"sysDefaultDom":	"standalone_microblaze_0",
			"domains":	[{
					"domainName":	"standalone_microblaze_0",
					"domainDispName":	"standalone_microblaze_0",
					"domainDesc":	"standalone_microblaze_0",
					"processors":	"microblaze_0",
					"os":	"standalone",
					"sdxOs":	"standalone",
					"debugEnable":	"False",
					"domRuntimes":	["cpp"],
					"swRepo":	"",
					"mssOsVer":	"8.0",
					"mssFile":	"",
					"md5Digest":	"5422c1e5be4ae93f4de8c50507402f2a",
					"compatibleApp":	"hello_world",
					"domType":	"mssDomain",
					"arch":	"32-bit",
					"appSettings":	{
						"appCompilerFlags":	"",
						"appLinkerFlags":	""
					},
					"addedLibs":	[],
					"libOptions":	{
						"libsContainingOptions":	[]
					},
					"prebuiltLibs":	{
						"prebuiltIncPath":	[],
						"prebuiltLibPath":	[]
					},
					"isolation":	{
					}
				}]
		}]
}
LOG::2024-11-01.17:29:49::SCWPlatform::Started generating the artifacts platform mb_block_wrapper
TRACE::2024-11-01.17:29:49::SCWPlatform::Sanity checking of platform is completed
LOG::2024-11-01.17:29:49::SCWPlatform::Started generating the artifacts for system configuration mb_block_wrapper
LOG::2024-11-01.17:29:49::SCWSystem::Started Processing the domain standalone_microblaze_0
TRACE::2024-11-01.17:29:49::SCWDomain::Generating domain artifcats
TRACE::2024-11-01.17:29:49::SCWMssOS::Generating standalone artifcats
TRACE::2024-11-01.17:29:49::SCWMssOS:: Copying the user libraries. 
TRACE::2024-11-01.17:29:49::SCWPlatform::Trying to open the hw design at C:/Users/realk/Desktop/ece385/ECE385/lab7_1/realrealrealreal_sdk/mb_block_wrapper/hw/mb_block_wrapper.xsa
TRACE::2024-11-01.17:29:49::SCWPlatform::DSA given C:/Users/realk/Desktop/ece385/ECE385/lab7_1/realrealrealreal_sdk/mb_block_wrapper/hw/mb_block_wrapper.xsa
TRACE::2024-11-01.17:29:49::SCWPlatform::DSA absoulate path C:/Users/realk/Desktop/ece385/ECE385/lab7_1/realrealrealreal_sdk/mb_block_wrapper/hw/mb_block_wrapper.xsa
TRACE::2024-11-01.17:29:49::SCWPlatform::DSA directory C:/Users/realk/Desktop/ece385/ECE385/lab7_1/realrealrealreal_sdk/mb_block_wrapper/hw
TRACE::2024-11-01.17:29:49::SCWPlatform:: Platform Path C:/Users/realk/Desktop/ece385/ECE385/lab7_1/realrealrealreal_sdk/mb_block_wrapper/hw/mb_block_wrapper.xsa
TRACE::2024-11-01.17:29:49::SCWPlatform:: Unique name xilinx:::0.0
TRACE::2024-11-01.17:29:49::SCWPlatform::Trying to set the existing hwdb with name mb_block_wrapper_0
TRACE::2024-11-01.17:29:49::SCWPlatform::Opened existing hwdb mb_block_wrapper_0
TRACE::2024-11-01.17:29:49::SCWPlatform::Found the Hw Db part of the input DSA
TRACE::2024-11-01.17:29:49::SCWMssOS::Checking the sw design at  C:/Users/realk/Desktop/ece385/ECE385/lab7_1/realrealrealreal_sdk/mb_block_wrapper/microblaze_0/standalone_microblaze_0/bsp/system.mss
TRACE::2024-11-01.17:29:49::SCWMssOS::DEBUG:  swdes dump  C:/Users/realk/Desktop/ece385/ECE385/lab7_1/realrealrealreal_sdk/mb_block_wrapper/microblaze_0/standalone_microblaze_0/bsp/system.mss|system||

TRACE::2024-11-01.17:29:49::SCWMssOS::Sw design exists and opened at  C:/Users/realk/Desktop/ece385/ECE385/lab7_1/realrealrealreal_sdk/mb_block_wrapper/microblaze_0/standalone_microblaze_0/bsp/system.mss
TRACE::2024-11-01.17:29:49::SCWMssOS::Completed writing the mss file at C:/Users/realk/Desktop/ece385/ECE385/lab7_1/realrealrealreal_sdk/mb_block_wrapper/microblaze_0/standalone_microblaze_0/bsp
TRACE::2024-11-01.17:29:49::SCWMssOS::Mss edits present, copying mssfile into export location C:/Users/realk/Desktop/ece385/ECE385/lab7_1/realrealrealreal_sdk/mb_block_wrapper/microblaze_0/standalone_microblaze_0/bsp/system.mss
TRACE::2024-11-01.17:29:49::SCWMssOS::bsp generated is upto date with the mss file. Skipping bsp generation.
TRACE::2024-11-01.17:29:49::SCWMssOS::BSP is already built. skipping the bsp build ... 
TRACE::2024-11-01.17:29:49::SCWDomain::Building the domain as part of full build :  standalone_microblaze_0
TRACE::2024-11-01.17:29:49::SCWMssOS::skipping the bsp build ... 
TRACE::2024-11-01.17:29:49::SCWMssOS::Copying to export directory.
TRACE::2024-11-01.17:29:49::SCWMssOS:: Checking if to create the Supporting Applications
TRACE::2024-11-01.17:29:49::SCWMssOS:: No Linux domain exists, trying to generate FSBL 
LOG::2024-11-01.17:29:49::SCWSystem::Completed Processing the domain standalone_microblaze_0
LOG::2024-11-01.17:29:49::SCWSystem::Completed Processing the sysconfig mb_block_wrapper
LOG::2024-11-01.17:29:49::SCWPlatform::Completed generating the artifacts for system configuration mb_block_wrapper
TRACE::2024-11-01.17:29:49::SCWPlatform::Started preparing the platform 
TRACE::2024-11-01.17:29:49::SCWSystem::Writing the bif file for system config mb_block_wrapper
TRACE::2024-11-01.17:29:49::SCWSystem::dir created 
TRACE::2024-11-01.17:29:49::SCWSystem::Writing the bif 
TRACE::2024-11-01.17:29:49::SCWPlatform::Started writing the spfm file 
TRACE::2024-11-01.17:29:49::SCWPlatform::Started writing the xpfm file 
TRACE::2024-11-01.17:29:49::SCWPlatform::Completed generating the platform
TRACE::2024-11-01.17:29:49::SCWMssOS::Saving the mss changes C:/Users/realk/Desktop/ece385/ECE385/lab7_1/realrealrealreal_sdk/mb_block_wrapper/microblaze_0/standalone_microblaze_0/bsp/system.mss
TRACE::2024-11-01.17:29:49::SCWMssOS::Found a swdesign opened with the mssfile.
TRACE::2024-11-01.17:29:49::SCWMssOS::Completed writemss as part of save.
TRACE::2024-11-01.17:29:49::SCWMssOS::Commit changes completed.
TRACE::2024-11-01.17:29:49::SCWPlatform::Trying to open the hw design at C:/Users/realk/Desktop/ece385/ECE385/lab7_1/realrealrealreal_sdk/mb_block_wrapper/hw/mb_block_wrapper.xsa
TRACE::2024-11-01.17:29:49::SCWPlatform::DSA given C:/Users/realk/Desktop/ece385/ECE385/lab7_1/realrealrealreal_sdk/mb_block_wrapper/hw/mb_block_wrapper.xsa
TRACE::2024-11-01.17:29:49::SCWPlatform::DSA absoulate path C:/Users/realk/Desktop/ece385/ECE385/lab7_1/realrealrealreal_sdk/mb_block_wrapper/hw/mb_block_wrapper.xsa
TRACE::2024-11-01.17:29:49::SCWPlatform::DSA directory C:/Users/realk/Desktop/ece385/ECE385/lab7_1/realrealrealreal_sdk/mb_block_wrapper/hw
TRACE::2024-11-01.17:29:49::SCWPlatform:: Platform Path C:/Users/realk/Desktop/ece385/ECE385/lab7_1/realrealrealreal_sdk/mb_block_wrapper/hw/mb_block_wrapper.xsa
TRACE::2024-11-01.17:29:49::SCWPlatform:: Unique name xilinx:::0.0
TRACE::2024-11-01.17:29:49::SCWPlatform::Trying to set the existing hwdb with name mb_block_wrapper_0
TRACE::2024-11-01.17:29:49::SCWPlatform::Opened existing hwdb mb_block_wrapper_0
TRACE::2024-11-01.17:29:49::SCWPlatform::Found the Hw Db part of the input DSA
TRACE::2024-11-01.17:29:49::SCWMssOS::Checking the sw design at  C:/Users/realk/Desktop/ece385/ECE385/lab7_1/realrealrealreal_sdk/mb_block_wrapper/microblaze_0/standalone_microblaze_0/bsp/system.mss
TRACE::2024-11-01.17:29:49::SCWMssOS::DEBUG:  swdes dump  C:/Users/realk/Desktop/ece385/ECE385/lab7_1/realrealrealreal_sdk/mb_block_wrapper/microblaze_0/standalone_microblaze_0/bsp/system.mss|system||

TRACE::2024-11-01.17:29:49::SCWMssOS::Sw design exists and opened at  C:/Users/realk/Desktop/ece385/ECE385/lab7_1/realrealrealreal_sdk/mb_block_wrapper/microblaze_0/standalone_microblaze_0/bsp/system.mss
TRACE::2024-11-01.17:29:49::SCWPlatform::Trying to open the hw design at C:/Users/realk/Desktop/ece385/ECE385/lab7_1/realrealrealreal_sdk/mb_block_wrapper/hw/mb_block_wrapper.xsa
TRACE::2024-11-01.17:29:49::SCWPlatform::DSA given C:/Users/realk/Desktop/ece385/ECE385/lab7_1/realrealrealreal_sdk/mb_block_wrapper/hw/mb_block_wrapper.xsa
TRACE::2024-11-01.17:29:49::SCWPlatform::DSA absoulate path C:/Users/realk/Desktop/ece385/ECE385/lab7_1/realrealrealreal_sdk/mb_block_wrapper/hw/mb_block_wrapper.xsa
TRACE::2024-11-01.17:29:49::SCWPlatform::DSA directory C:/Users/realk/Desktop/ece385/ECE385/lab7_1/realrealrealreal_sdk/mb_block_wrapper/hw
TRACE::2024-11-01.17:29:49::SCWPlatform:: Platform Path C:/Users/realk/Desktop/ece385/ECE385/lab7_1/realrealrealreal_sdk/mb_block_wrapper/hw/mb_block_wrapper.xsa
TRACE::2024-11-01.17:29:49::SCWPlatform:: Unique name xilinx:::0.0
TRACE::2024-11-01.17:29:49::SCWPlatform::Trying to set the existing hwdb with name mb_block_wrapper_0
TRACE::2024-11-01.17:29:49::SCWPlatform::Opened existing hwdb mb_block_wrapper_0
TRACE::2024-11-01.17:29:49::SCWPlatform::Found the Hw Db part of the input DSA
TRACE::2024-11-01.17:29:49::SCWMssOS::Checking the sw design at  C:/Users/realk/Desktop/ece385/ECE385/lab7_1/realrealrealreal_sdk/mb_block_wrapper/microblaze_0/standalone_microblaze_0/bsp/system.mss
TRACE::2024-11-01.17:29:49::SCWMssOS::DEBUG:  swdes dump  C:/Users/realk/Desktop/ece385/ECE385/lab7_1/realrealrealreal_sdk/mb_block_wrapper/microblaze_0/standalone_microblaze_0/bsp/system.mss|system||

TRACE::2024-11-01.17:29:49::SCWMssOS::Sw design exists and opened at  C:/Users/realk/Desktop/ece385/ECE385/lab7_1/realrealrealreal_sdk/mb_block_wrapper/microblaze_0/standalone_microblaze_0/bsp/system.mss
TRACE::2024-11-01.17:29:49::SCWPlatform::Trying to open the hw design at C:/Users/realk/Desktop/ece385/ECE385/lab7_1/realrealrealreal_sdk/mb_block_wrapper/hw/mb_block_wrapper.xsa
TRACE::2024-11-01.17:29:49::SCWPlatform::DSA given C:/Users/realk/Desktop/ece385/ECE385/lab7_1/realrealrealreal_sdk/mb_block_wrapper/hw/mb_block_wrapper.xsa
TRACE::2024-11-01.17:29:49::SCWPlatform::DSA absoulate path C:/Users/realk/Desktop/ece385/ECE385/lab7_1/realrealrealreal_sdk/mb_block_wrapper/hw/mb_block_wrapper.xsa
TRACE::2024-11-01.17:29:49::SCWPlatform::DSA directory C:/Users/realk/Desktop/ece385/ECE385/lab7_1/realrealrealreal_sdk/mb_block_wrapper/hw
TRACE::2024-11-01.17:29:49::SCWPlatform:: Platform Path C:/Users/realk/Desktop/ece385/ECE385/lab7_1/realrealrealreal_sdk/mb_block_wrapper/hw/mb_block_wrapper.xsa
TRACE::2024-11-01.17:29:49::SCWPlatform:: Unique name xilinx:::0.0
TRACE::2024-11-01.17:29:49::SCWPlatform::Trying to set the existing hwdb with name mb_block_wrapper_0
TRACE::2024-11-01.17:29:49::SCWPlatform::Opened existing hwdb mb_block_wrapper_0
TRACE::2024-11-01.17:29:49::SCWPlatform::Found the Hw Db part of the input DSA
TRACE::2024-11-01.17:29:49::SCWMssOS::Checking the sw design at  C:/Users/realk/Desktop/ece385/ECE385/lab7_1/realrealrealreal_sdk/mb_block_wrapper/microblaze_0/standalone_microblaze_0/bsp/system.mss
TRACE::2024-11-01.17:29:49::SCWMssOS::DEBUG:  swdes dump  C:/Users/realk/Desktop/ece385/ECE385/lab7_1/realrealrealreal_sdk/mb_block_wrapper/microblaze_0/standalone_microblaze_0/bsp/system.mss|system||

TRACE::2024-11-01.17:29:49::SCWMssOS::Sw design exists and opened at  C:/Users/realk/Desktop/ece385/ECE385/lab7_1/realrealrealreal_sdk/mb_block_wrapper/microblaze_0/standalone_microblaze_0/bsp/system.mss
TRACE::2024-11-01.17:29:49::SCWWriter::formatted JSON is {
	"platformName":	"mb_block_wrapper",
	"sprVersion":	"2.0",
	"mode":	"gui",
	"dsaType":	"Fixed",
	"platformDesc":	"mb_block_wrapper",
	"platHandOff":	"C:/Users/realk/Desktop/ece385/ECE385/lab7_1/mb_block_wrapper.xsa",
	"platIntHandOff":	"<platformDir>/hw/mb_block_wrapper.xsa",
	"deviceType":	"FPGA",
	"platIsPrebuiltAutogen":	"false",
	"platIsNoBootBsp":	"false",
	"hasFsblMakeHasChanges":	"false",
	"hasPmufwMakeHasChanges":	"false",
	"platPreBuiltFlag":	false,
	"platformSamplesDir":	"",
	"platActiveSys":	"mb_block_wrapper",
	"systems":	[{
			"systemName":	"mb_block_wrapper",
			"systemDesc":	"mb_block_wrapper",
			"sysIsBootAutoGen":	"true",
			"systemDispName":	"mb_block_wrapper",
			"sysActiveDom":	"standalone_microblaze_0",
			"sysDefaultDom":	"standalone_microblaze_0",
			"domains":	[{
					"domainName":	"standalone_microblaze_0",
					"domainDispName":	"standalone_microblaze_0",
					"domainDesc":	"standalone_microblaze_0",
					"processors":	"microblaze_0",
					"os":	"standalone",
					"sdxOs":	"standalone",
					"debugEnable":	"False",
					"domRuntimes":	["cpp"],
					"swRepo":	"",
					"mssOsVer":	"8.0",
					"mssFile":	"",
					"md5Digest":	"5422c1e5be4ae93f4de8c50507402f2a",
					"compatibleApp":	"hello_world",
					"domType":	"mssDomain",
					"arch":	"32-bit",
					"appSettings":	{
						"appCompilerFlags":	"",
						"appLinkerFlags":	""
					},
					"addedLibs":	[],
					"libOptions":	{
						"libsContainingOptions":	[]
					},
					"prebuiltLibs":	{
						"prebuiltIncPath":	[],
						"prebuiltLibPath":	[]
					},
					"isolation":	{
					}
				}]
		}]
}
KEYINFO::2024-11-01.17:29:49::SCWPlatform::updated the xpfm file.
LOG::2024-11-01.17:30:46::SCWPlatform::Started generating the artifacts platform mb_block_wrapper
TRACE::2024-11-01.17:30:46::SCWPlatform::Sanity checking of platform is completed
LOG::2024-11-01.17:30:46::SCWPlatform::Started generating the artifacts for system configuration mb_block_wrapper
LOG::2024-11-01.17:30:46::SCWSystem::Checking the domain standalone_microblaze_0
LOG::2024-11-01.17:30:46::SCWSystem::Not a boot domain 
LOG::2024-11-01.17:30:46::SCWSystem::Started Processing the domain standalone_microblaze_0
TRACE::2024-11-01.17:30:46::SCWDomain::Generating domain artifcats
TRACE::2024-11-01.17:30:46::SCWMssOS::Generating standalone artifcats
TRACE::2024-11-01.17:30:46::SCWMssOS:: Copying the user libraries. 
TRACE::2024-11-01.17:30:46::SCWPlatform::Trying to open the hw design at C:/Users/realk/Desktop/ece385/ECE385/lab7_1/realrealrealreal_sdk/mb_block_wrapper/hw/mb_block_wrapper.xsa
TRACE::2024-11-01.17:30:46::SCWPlatform::DSA given C:/Users/realk/Desktop/ece385/ECE385/lab7_1/realrealrealreal_sdk/mb_block_wrapper/hw/mb_block_wrapper.xsa
TRACE::2024-11-01.17:30:46::SCWPlatform::DSA absoulate path C:/Users/realk/Desktop/ece385/ECE385/lab7_1/realrealrealreal_sdk/mb_block_wrapper/hw/mb_block_wrapper.xsa
TRACE::2024-11-01.17:30:46::SCWPlatform::DSA directory C:/Users/realk/Desktop/ece385/ECE385/lab7_1/realrealrealreal_sdk/mb_block_wrapper/hw
TRACE::2024-11-01.17:30:46::SCWPlatform:: Platform Path C:/Users/realk/Desktop/ece385/ECE385/lab7_1/realrealrealreal_sdk/mb_block_wrapper/hw/mb_block_wrapper.xsa
TRACE::2024-11-01.17:30:46::SCWPlatform:: Unique name xilinx:::0.0
TRACE::2024-11-01.17:30:46::SCWPlatform::Trying to set the existing hwdb with name mb_block_wrapper_0
TRACE::2024-11-01.17:30:46::SCWPlatform::Opened existing hwdb mb_block_wrapper_0
TRACE::2024-11-01.17:30:46::SCWPlatform::Found the Hw Db part of the input DSA
TRACE::2024-11-01.17:30:46::SCWMssOS::Checking the sw design at  C:/Users/realk/Desktop/ece385/ECE385/lab7_1/realrealrealreal_sdk/mb_block_wrapper/microblaze_0/standalone_microblaze_0/bsp/system.mss
TRACE::2024-11-01.17:30:46::SCWMssOS::DEBUG:  swdes dump  C:/Users/realk/Desktop/ece385/ECE385/lab7_1/realrealrealreal_sdk/mb_block_wrapper/microblaze_0/standalone_microblaze_0/bsp/system.mss|system||

TRACE::2024-11-01.17:30:46::SCWMssOS::Sw design exists and opened at  C:/Users/realk/Desktop/ece385/ECE385/lab7_1/realrealrealreal_sdk/mb_block_wrapper/microblaze_0/standalone_microblaze_0/bsp/system.mss
TRACE::2024-11-01.17:30:46::SCWMssOS::Completed writing the mss file at C:/Users/realk/Desktop/ece385/ECE385/lab7_1/realrealrealreal_sdk/mb_block_wrapper/microblaze_0/standalone_microblaze_0/bsp
TRACE::2024-11-01.17:30:46::SCWMssOS::Mss edits present, copying mssfile into export location C:/Users/realk/Desktop/ece385/ECE385/lab7_1/realrealrealreal_sdk/mb_block_wrapper/microblaze_0/standalone_microblaze_0/bsp/system.mss
TRACE::2024-11-01.17:30:46::SCWMssOS::bsp generated is upto date with the mss file. Skipping bsp generation.
TRACE::2024-11-01.17:30:46::SCWMssOS::BSP is already built. skipping the bsp build ... 
TRACE::2024-11-01.17:30:46::SCWDomain::Building the domain as part of full build :  standalone_microblaze_0
TRACE::2024-11-01.17:30:46::SCWMssOS::doing bsp build ... 
TRACE::2024-11-01.17:30:46::SCWMssOS::System Command Ran  C: & cd  C:/Users/realk/Desktop/ece385/ECE385/lab7_1/realrealrealreal_sdk/mb_block_wrapper/microblaze_0/standalone_microblaze_0/bsp & make 
TRACE::2024-11-01.17:30:46::SCWMssOS::make --no-print-directory seq_libs

TRACE::2024-11-01.17:30:46::SCWMssOS::'Finished building libraries sequentially.'

TRACE::2024-11-01.17:30:46::SCWMssOS::make -j 14 --no-print-directory par_libs

TRACE::2024-11-01.17:30:46::SCWMssOS::"Running Make include in microblaze_0/libsrc/bram_v4_8/src"

TRACE::2024-11-01.17:30:46::SCWMssOS::make -C microblaze_0/libsrc/bram_v4_8/src -s include  "SHELL=CMD" "COMPILER=mb-gcc" "ASSEMBLER=mb-as" "ARCHIVER=mb-ar" "COMPILE
TRACE::2024-11-01.17:30:46::SCWMssOS::R_FLAGS=  -O2 -c -mcpu=v11.0 -mlittle-endian -mno-xl-reorder -mno-xl-soft-mul -mxl-barrel-shift -mxl-pattern-compare" "EXTRA_CO
TRACE::2024-11-01.17:30:46::SCWMssOS::MPILER_FLAGS=-g -ffunction-sections -fdata-sections -Wall -Wextra -fno-tree-loop-distribute-patterns"

TRACE::2024-11-01.17:30:46::SCWMssOS::"Running Make include in microblaze_0/libsrc/cpu_v2_16/src"

TRACE::2024-11-01.17:30:46::SCWMssOS::make -C microblaze_0/libsrc/cpu_v2_16/src -s include  "SHELL=CMD" "COMPILER=mb-gcc" "ASSEMBLER=mb-as" "ARCHIVER=mb-ar" "COMPILE
TRACE::2024-11-01.17:30:46::SCWMssOS::R_FLAGS=  -O2 -c -mcpu=v11.0 -mlittle-endian -mno-xl-reorder -mno-xl-soft-mul -mxl-barrel-shift -mxl-pattern-compare" "EXTRA_CO
TRACE::2024-11-01.17:30:46::SCWMssOS::MPILER_FLAGS=-g -ffunction-sections -fdata-sections -Wall -Wextra -fno-tree-loop-distribute-patterns"

TRACE::2024-11-01.17:30:46::SCWMssOS::"Running Make include in microblaze_0/libsrc/intc_v3_15/src"

TRACE::2024-11-01.17:30:46::SCWMssOS::make -C microblaze_0/libsrc/intc_v3_15/src -s include  "SHELL=CMD" "COMPILER=mb-gcc" "ASSEMBLER=mb-as" "ARCHIVER=mb-ar" "COMPIL
TRACE::2024-11-01.17:30:46::SCWMssOS::ER_FLAGS=  -O2 -c -mcpu=v11.0 -mlittle-endian -mno-xl-reorder -mno-xl-soft-mul -mxl-barrel-shift -mxl-pattern-compare" "EXTRA_C
TRACE::2024-11-01.17:30:46::SCWMssOS::OMPILER_FLAGS=-g -ffunction-sections -fdata-sections -Wall -Wextra -fno-tree-loop-distribute-patterns"

TRACE::2024-11-01.17:30:46::SCWMssOS::"Running Make include in microblaze_0/libsrc/standalone_v8_0/src"

TRACE::2024-11-01.17:30:46::SCWMssOS::make -C microblaze_0/libsrc/standalone_v8_0/src -s include  "SHELL=CMD" "COMPILER=mb-gcc" "ASSEMBLER=mb-as" "ARCHIVER=mb-ar" "C
TRACE::2024-11-01.17:30:46::SCWMssOS::OMPILER_FLAGS=  -O2 -c -mcpu=v11.0 -mlittle-endian -mno-xl-reorder -mno-xl-soft-mul -mxl-barrel-shift -mxl-pattern-compare" "EX
TRACE::2024-11-01.17:30:46::SCWMssOS::TRA_COMPILER_FLAGS=-g -ffunction-sections -fdata-sections -Wall -Wextra -fno-tree-loop-distribute-patterns"

TRACE::2024-11-01.17:30:46::SCWMssOS::"Running Make include in microblaze_0/libsrc/uartlite_v3_7/src"

TRACE::2024-11-01.17:30:46::SCWMssOS::make -C microblaze_0/libsrc/uartlite_v3_7/src -s include  "SHELL=CMD" "COMPILER=mb-gcc" "ASSEMBLER=mb-as" "ARCHIVER=mb-ar" "COM
TRACE::2024-11-01.17:30:46::SCWMssOS::PILER_FLAGS=  -O2 -c -mcpu=v11.0 -mlittle-endian -mno-xl-reorder -mno-xl-soft-mul -mxl-barrel-shift -mxl-pattern-compare" "EXTR
TRACE::2024-11-01.17:30:46::SCWMssOS::A_COMPILER_FLAGS=-g -ffunction-sections -fdata-sections -Wall -Wextra -fno-tree-loop-distribute-patterns"

TRACE::2024-11-01.17:30:47::SCWMssOS::"Running Make libs in microblaze_0/libsrc/bram_v4_8/src"

TRACE::2024-11-01.17:30:47::SCWMssOS::make -C microblaze_0/libsrc/bram_v4_8/src -s libs  "SHELL=CMD" "COMPILER=mb-gcc" "ASSEMBLER=mb-as" "ARCHIVER=mb-ar" "COMPILER_F
TRACE::2024-11-01.17:30:47::SCWMssOS::LAGS=  -O2 -c -mcpu=v11.0 -mlittle-endian -mno-xl-reorder -mno-xl-soft-mul -mxl-barrel-shift -mxl-pattern-compare" "EXTRA_COMPI
TRACE::2024-11-01.17:30:47::SCWMssOS::LER_FLAGS=-g -ffunction-sections -fdata-sections -Wall -Wextra -fno-tree-loop-distribute-patterns"

TRACE::2024-11-01.17:30:47::SCWMssOS::"Running Make libs in microblaze_0/libsrc/cpu_v2_16/src"

TRACE::2024-11-01.17:30:47::SCWMssOS::make -C microblaze_0/libsrc/cpu_v2_16/src -s libs  "SHELL=CMD" "COMPILER=mb-gcc" "ASSEMBLER=mb-as" "ARCHIVER=mb-ar" "COMPILER_F
TRACE::2024-11-01.17:30:47::SCWMssOS::LAGS=  -O2 -c -mcpu=v11.0 -mlittle-endian -mno-xl-reorder -mno-xl-soft-mul -mxl-barrel-shift -mxl-pattern-compare" "EXTRA_COMPI
TRACE::2024-11-01.17:30:47::SCWMssOS::LER_FLAGS=-g -ffunction-sections -fdata-sections -Wall -Wextra -fno-tree-loop-distribute-patterns"

TRACE::2024-11-01.17:30:47::SCWMssOS::"Running Make libs in microblaze_0/libsrc/intc_v3_15/src"

TRACE::2024-11-01.17:30:47::SCWMssOS::make -C microblaze_0/libsrc/intc_v3_15/src -s libs  "SHELL=CMD" "COMPILER=mb-gcc" "ASSEMBLER=mb-as" "ARCHIVER=mb-ar" "COMPILER_
TRACE::2024-11-01.17:30:47::SCWMssOS::FLAGS=  -O2 -c -mcpu=v11.0 -mlittle-endian -mno-xl-reorder -mno-xl-soft-mul -mxl-barrel-shift -mxl-pattern-compare" "EXTRA_COMP
TRACE::2024-11-01.17:30:47::SCWMssOS::ILER_FLAGS=-g -ffunction-sections -fdata-sections -Wall -Wextra -fno-tree-loop-distribute-patterns"

TRACE::2024-11-01.17:30:47::SCWMssOS::"Running Make libs in microblaze_0/libsrc/standalone_v8_0/src"

TRACE::2024-11-01.17:30:47::SCWMssOS::make -C microblaze_0/libsrc/standalone_v8_0/src -s libs  "SHELL=CMD" "COMPILER=mb-gcc" "ASSEMBLER=mb-as" "ARCHIVER=mb-ar" "COMP
TRACE::2024-11-01.17:30:47::SCWMssOS::ILER_FLAGS=  -O2 -c -mcpu=v11.0 -mlittle-endian -mno-xl-reorder -mno-xl-soft-mul -mxl-barrel-shift -mxl-pattern-compare" "EXTRA
TRACE::2024-11-01.17:30:47::SCWMssOS::_COMPILER_FLAGS=-g -ffunction-sections -fdata-sections -Wall -Wextra -fno-tree-loop-distribute-patterns"

TRACE::2024-11-01.17:30:47::SCWMssOS::"Running Make libs in microblaze_0/libsrc/uartlite_v3_7/src"

TRACE::2024-11-01.17:30:47::SCWMssOS::make -C microblaze_0/libsrc/uartlite_v3_7/src -s libs  "SHELL=CMD" "COMPILER=mb-gcc" "ASSEMBLER=mb-as" "ARCHIVER=mb-ar" "COMPIL
TRACE::2024-11-01.17:30:47::SCWMssOS::ER_FLAGS=  -O2 -c -mcpu=v11.0 -mlittle-endian -mno-xl-reorder -mno-xl-soft-mul -mxl-barrel-shift -mxl-pattern-compare" "EXTRA_C
TRACE::2024-11-01.17:30:47::SCWMssOS::OMPILER_FLAGS=-g -ffunction-sections -fdata-sections -Wall -Wextra -fno-tree-loop-distribute-patterns"

TRACE::2024-11-01.17:30:48::SCWMssOS::"DEBUG NON_LTO_OBJECTS is ../../../lib/microblaze_interrupt_handler.o"

TRACE::2024-11-01.17:30:49::SCWMssOS::'Finished building libraries parallelly.'

TRACE::2024-11-01.17:30:49::SCWMssOS::make --no-print-directory archive

TRACE::2024-11-01.17:30:49::SCWMssOS::mb-ar -r  microblaze_0/lib/libxil.a microblaze_0/lib/_exit.o microblaze_0/lib/errno.o microblaze_0/lib/fcntl.o microblaze_0/lib
TRACE::2024-11-01.17:30:49::SCWMssOS::/hw_exception_handler.o microblaze_0/lib/inbyte.o microblaze_0/lib/microblaze_disable_dcache.o microblaze_0/lib/microblaze_disa
TRACE::2024-11-01.17:30:49::SCWMssOS::ble_exceptions.o microblaze_0/lib/microblaze_disable_icache.o microblaze_0/lib/microblaze_disable_interrupts.o microblaze_0/lib
TRACE::2024-11-01.17:30:49::SCWMssOS::/microblaze_enable_dcache.o microblaze_0/lib/microblaze_enable_exceptions.o microblaze_0/lib/microblaze_enable_icache.o microbl
TRACE::2024-11-01.17:30:49::SCWMssOS::aze_0/lib/microblaze_enable_interrupts.o microblaze_0/lib/microblaze_exception_handler.o microblaze_0/lib/microblaze_flush_cach
TRACE::2024-11-01.17:30:49::SCWMssOS::e_ext.o microblaze_0/lib/microblaze_flush_cache_ext_range.o microblaze_0/lib/microblaze_flush_dcache.o microblaze_0/lib/microbl
TRACE::2024-11-01.17:30:49::SCWMssOS::aze_flush_dcache_range.o microblaze_0/lib/microblaze_init_dcache_range.o microblaze_0/lib/microblaze_init_icache_range.o microb
TRACE::2024-11-01.17:30:49::SCWMssOS::laze_0/lib/microblaze_interrupt_handler.o microblaze_0/lib/microblaze_interrupts_g.o microblaze_0/lib/microblaze_invalidate_cac
TRACE::2024-11-01.17:30:49::SCWMssOS::he_ext.o microblaze_0/lib/microblaze_invalidate_cache_ext_range.o microblaze_0/lib/microblaze_invalidate_dcache.o microblaze_0/
TRACE::2024-11-01.17:30:49::SCWMssOS::lib/microblaze_invalidate_dcache_range.o microblaze_0/lib/microblaze_invalidate_icache.o microblaze_0/lib/microblaze_invalidate
TRACE::2024-11-01.17:30:49::SCWMssOS::_icache_range.o microblaze_0/lib/microblaze_scrub.o microblaze_0/lib/microblaze_selftest.o microblaze_0/lib/microblaze_sleep.o 
TRACE::2024-11-01.17:30:49::SCWMssOS::microblaze_0/lib/microblaze_update_dcache.o microblaze_0/lib/microblaze_update_icache.o microblaze_0/lib/outbyte.o microblaze_0
TRACE::2024-11-01.17:30:49::SCWMssOS::/lib/print.o microblaze_0/lib/pvr.o microblaze_0/lib/xbram.o microblaze_0/lib/xbram_g.o microblaze_0/lib/xbram_intr.o microblaz
TRACE::2024-11-01.17:30:49::SCWMssOS::e_0/lib/xbram_selftest.o microblaze_0/lib/xbram_sinit.o microblaze_0/lib/xil_assert.o microblaze_0/lib/xil_cache.o microblaze_0
TRACE::2024-11-01.17:30:49::SCWMssOS::/lib/xil_clocking.o microblaze_0/lib/xil_exception.o microblaze_0/lib/xil_mem.o microblaze_0/lib/xil_misc_psreset_api.o microbl
TRACE::2024-11-01.17:30:49::SCWMssOS::aze_0/lib/xil_printf.o microblaze_0/lib/xil_sleepcommon.o microblaze_0/lib/xil_testcache.o microblaze_0/lib/xil_testio.o microb
TRACE::2024-11-01.17:30:49::SCWMssOS::laze_0/lib/xil_testmem.o microblaze_0/lib/xil_util.o microblaze_0/lib/xintc.o microblaze_0/lib/xintc_g.o microblaze_0/lib/xintc
TRACE::2024-11-01.17:30:49::SCWMssOS::_intr.o microblaze_0/lib/xintc_l.o microblaze_0/lib/xintc_options.o microblaze_0/lib/xintc_selftest.o microblaze_0/lib/xinterru
TRACE::2024-11-01.17:30:49::SCWMssOS::pt_wrap.o microblaze_0/lib/xio.o microblaze_0/lib/xplatform_info.o microblaze_0/lib/xuartlite.o microblaze_0/lib/xuartlite_g.o 
TRACE::2024-11-01.17:30:49::SCWMssOS::microblaze_0/lib/xuartlite_intr.o microblaze_0/lib/xuartlite_l.o microblaze_0/lib/xuartlite_selftest.o microblaze_0/lib/xuartli
TRACE::2024-11-01.17:30:49::SCWMssOS::te_sinit.o microblaze_0/lib/xuartlite_stats.o

TRACE::2024-11-01.17:30:49::SCWMssOS::'Finished building libraries'

TRACE::2024-11-01.17:30:49::SCWMssOS::Copying to export directory.
TRACE::2024-11-01.17:30:49::SCWMssOS:: Checking if to create the Supporting Applications
TRACE::2024-11-01.17:30:49::SCWMssOS:: No Linux domain exists, trying to generate FSBL 
LOG::2024-11-01.17:30:49::SCWSystem::Completed Processing the domain standalone_microblaze_0
LOG::2024-11-01.17:30:49::SCWSystem::Completed Processing the sysconfig mb_block_wrapper
LOG::2024-11-01.17:30:49::SCWPlatform::Completed generating the artifacts for system configuration mb_block_wrapper
TRACE::2024-11-01.17:30:49::SCWPlatform::Started preparing the platform 
TRACE::2024-11-01.17:30:49::SCWSystem::Writing the bif file for system config mb_block_wrapper
TRACE::2024-11-01.17:30:49::SCWSystem::dir created 
TRACE::2024-11-01.17:30:49::SCWSystem::Writing the bif 
TRACE::2024-11-01.17:30:49::SCWPlatform::Started writing the spfm file 
TRACE::2024-11-01.17:30:49::SCWPlatform::Started writing the xpfm file 
TRACE::2024-11-01.17:30:49::SCWPlatform::Completed generating the platform
TRACE::2024-11-01.17:30:49::SCWMssOS::Saving the mss changes C:/Users/realk/Desktop/ece385/ECE385/lab7_1/realrealrealreal_sdk/mb_block_wrapper/microblaze_0/standalone_microblaze_0/bsp/system.mss
TRACE::2024-11-01.17:30:49::SCWMssOS::Found a swdesign opened with the mssfile.
TRACE::2024-11-01.17:30:49::SCWMssOS::Completed writemss as part of save.
TRACE::2024-11-01.17:30:49::SCWMssOS::Commit changes completed.
TRACE::2024-11-01.17:30:49::SCWPlatform::Trying to open the hw design at C:/Users/realk/Desktop/ece385/ECE385/lab7_1/realrealrealreal_sdk/mb_block_wrapper/hw/mb_block_wrapper.xsa
TRACE::2024-11-01.17:30:49::SCWPlatform::DSA given C:/Users/realk/Desktop/ece385/ECE385/lab7_1/realrealrealreal_sdk/mb_block_wrapper/hw/mb_block_wrapper.xsa
TRACE::2024-11-01.17:30:49::SCWPlatform::DSA absoulate path C:/Users/realk/Desktop/ece385/ECE385/lab7_1/realrealrealreal_sdk/mb_block_wrapper/hw/mb_block_wrapper.xsa
TRACE::2024-11-01.17:30:49::SCWPlatform::DSA directory C:/Users/realk/Desktop/ece385/ECE385/lab7_1/realrealrealreal_sdk/mb_block_wrapper/hw
TRACE::2024-11-01.17:30:49::SCWPlatform:: Platform Path C:/Users/realk/Desktop/ece385/ECE385/lab7_1/realrealrealreal_sdk/mb_block_wrapper/hw/mb_block_wrapper.xsa
TRACE::2024-11-01.17:30:49::SCWPlatform:: Unique name xilinx:::0.0
TRACE::2024-11-01.17:30:49::SCWPlatform::Trying to set the existing hwdb with name mb_block_wrapper_0
TRACE::2024-11-01.17:30:49::SCWPlatform::Opened existing hwdb mb_block_wrapper_0
TRACE::2024-11-01.17:30:49::SCWPlatform::Found the Hw Db part of the input DSA
TRACE::2024-11-01.17:30:49::SCWMssOS::Checking the sw design at  C:/Users/realk/Desktop/ece385/ECE385/lab7_1/realrealrealreal_sdk/mb_block_wrapper/microblaze_0/standalone_microblaze_0/bsp/system.mss
TRACE::2024-11-01.17:30:49::SCWMssOS::DEBUG:  swdes dump  C:/Users/realk/Desktop/ece385/ECE385/lab7_1/realrealrealreal_sdk/mb_block_wrapper/microblaze_0/standalone_microblaze_0/bsp/system.mss|system||

TRACE::2024-11-01.17:30:49::SCWMssOS::Sw design exists and opened at  C:/Users/realk/Desktop/ece385/ECE385/lab7_1/realrealrealreal_sdk/mb_block_wrapper/microblaze_0/standalone_microblaze_0/bsp/system.mss
TRACE::2024-11-01.17:30:49::SCWPlatform::Trying to open the hw design at C:/Users/realk/Desktop/ece385/ECE385/lab7_1/realrealrealreal_sdk/mb_block_wrapper/hw/mb_block_wrapper.xsa
TRACE::2024-11-01.17:30:49::SCWPlatform::DSA given C:/Users/realk/Desktop/ece385/ECE385/lab7_1/realrealrealreal_sdk/mb_block_wrapper/hw/mb_block_wrapper.xsa
TRACE::2024-11-01.17:30:49::SCWPlatform::DSA absoulate path C:/Users/realk/Desktop/ece385/ECE385/lab7_1/realrealrealreal_sdk/mb_block_wrapper/hw/mb_block_wrapper.xsa
TRACE::2024-11-01.17:30:49::SCWPlatform::DSA directory C:/Users/realk/Desktop/ece385/ECE385/lab7_1/realrealrealreal_sdk/mb_block_wrapper/hw
TRACE::2024-11-01.17:30:49::SCWPlatform:: Platform Path C:/Users/realk/Desktop/ece385/ECE385/lab7_1/realrealrealreal_sdk/mb_block_wrapper/hw/mb_block_wrapper.xsa
TRACE::2024-11-01.17:30:49::SCWPlatform:: Unique name xilinx:::0.0
TRACE::2024-11-01.17:30:49::SCWPlatform::Trying to set the existing hwdb with name mb_block_wrapper_0
TRACE::2024-11-01.17:30:49::SCWPlatform::Opened existing hwdb mb_block_wrapper_0
TRACE::2024-11-01.17:30:49::SCWPlatform::Found the Hw Db part of the input DSA
TRACE::2024-11-01.17:30:49::SCWMssOS::Checking the sw design at  C:/Users/realk/Desktop/ece385/ECE385/lab7_1/realrealrealreal_sdk/mb_block_wrapper/microblaze_0/standalone_microblaze_0/bsp/system.mss
TRACE::2024-11-01.17:30:49::SCWMssOS::DEBUG:  swdes dump  C:/Users/realk/Desktop/ece385/ECE385/lab7_1/realrealrealreal_sdk/mb_block_wrapper/microblaze_0/standalone_microblaze_0/bsp/system.mss|system||

TRACE::2024-11-01.17:30:49::SCWMssOS::Sw design exists and opened at  C:/Users/realk/Desktop/ece385/ECE385/lab7_1/realrealrealreal_sdk/mb_block_wrapper/microblaze_0/standalone_microblaze_0/bsp/system.mss
TRACE::2024-11-01.17:30:49::SCWPlatform::Trying to open the hw design at C:/Users/realk/Desktop/ece385/ECE385/lab7_1/realrealrealreal_sdk/mb_block_wrapper/hw/mb_block_wrapper.xsa
TRACE::2024-11-01.17:30:49::SCWPlatform::DSA given C:/Users/realk/Desktop/ece385/ECE385/lab7_1/realrealrealreal_sdk/mb_block_wrapper/hw/mb_block_wrapper.xsa
TRACE::2024-11-01.17:30:49::SCWPlatform::DSA absoulate path C:/Users/realk/Desktop/ece385/ECE385/lab7_1/realrealrealreal_sdk/mb_block_wrapper/hw/mb_block_wrapper.xsa
TRACE::2024-11-01.17:30:49::SCWPlatform::DSA directory C:/Users/realk/Desktop/ece385/ECE385/lab7_1/realrealrealreal_sdk/mb_block_wrapper/hw
TRACE::2024-11-01.17:30:49::SCWPlatform:: Platform Path C:/Users/realk/Desktop/ece385/ECE385/lab7_1/realrealrealreal_sdk/mb_block_wrapper/hw/mb_block_wrapper.xsa
TRACE::2024-11-01.17:30:49::SCWPlatform:: Unique name xilinx:::0.0
TRACE::2024-11-01.17:30:49::SCWPlatform::Trying to set the existing hwdb with name mb_block_wrapper_0
TRACE::2024-11-01.17:30:49::SCWPlatform::Opened existing hwdb mb_block_wrapper_0
TRACE::2024-11-01.17:30:49::SCWPlatform::Found the Hw Db part of the input DSA
TRACE::2024-11-01.17:30:49::SCWMssOS::Checking the sw design at  C:/Users/realk/Desktop/ece385/ECE385/lab7_1/realrealrealreal_sdk/mb_block_wrapper/microblaze_0/standalone_microblaze_0/bsp/system.mss
TRACE::2024-11-01.17:30:49::SCWMssOS::DEBUG:  swdes dump  C:/Users/realk/Desktop/ece385/ECE385/lab7_1/realrealrealreal_sdk/mb_block_wrapper/microblaze_0/standalone_microblaze_0/bsp/system.mss|system||

TRACE::2024-11-01.17:30:49::SCWMssOS::Sw design exists and opened at  C:/Users/realk/Desktop/ece385/ECE385/lab7_1/realrealrealreal_sdk/mb_block_wrapper/microblaze_0/standalone_microblaze_0/bsp/system.mss
TRACE::2024-11-01.17:30:49::SCWWriter::formatted JSON is {
	"platformName":	"mb_block_wrapper",
	"sprVersion":	"2.0",
	"mode":	"gui",
	"dsaType":	"Fixed",
	"platformDesc":	"mb_block_wrapper",
	"platHandOff":	"C:/Users/realk/Desktop/ece385/ECE385/lab7_1/mb_block_wrapper.xsa",
	"platIntHandOff":	"<platformDir>/hw/mb_block_wrapper.xsa",
	"deviceType":	"FPGA",
	"platIsPrebuiltAutogen":	"false",
	"platIsNoBootBsp":	"false",
	"hasFsblMakeHasChanges":	"false",
	"hasPmufwMakeHasChanges":	"false",
	"platPreBuiltFlag":	false,
	"platformSamplesDir":	"",
	"platActiveSys":	"mb_block_wrapper",
	"systems":	[{
			"systemName":	"mb_block_wrapper",
			"systemDesc":	"mb_block_wrapper",
			"sysIsBootAutoGen":	"true",
			"systemDispName":	"mb_block_wrapper",
			"sysActiveDom":	"standalone_microblaze_0",
			"sysDefaultDom":	"standalone_microblaze_0",
			"domains":	[{
					"domainName":	"standalone_microblaze_0",
					"domainDispName":	"standalone_microblaze_0",
					"domainDesc":	"standalone_microblaze_0",
					"processors":	"microblaze_0",
					"os":	"standalone",
					"sdxOs":	"standalone",
					"debugEnable":	"False",
					"domRuntimes":	["cpp"],
					"swRepo":	"",
					"mssOsVer":	"8.0",
					"mssFile":	"",
					"md5Digest":	"5422c1e5be4ae93f4de8c50507402f2a",
					"compatibleApp":	"hello_world",
					"domType":	"mssDomain",
					"arch":	"32-bit",
					"appSettings":	{
						"appCompilerFlags":	"",
						"appLinkerFlags":	""
					},
					"addedLibs":	[],
					"libOptions":	{
						"libsContainingOptions":	[]
					},
					"prebuiltLibs":	{
						"prebuiltIncPath":	[],
						"prebuiltLibPath":	[]
					},
					"isolation":	{
					}
				}]
		}]
}
KEYINFO::2024-11-01.17:30:49::SCWPlatform::updated the xpfm file.
TRACE::2024-11-01.17:30:50::SCWPlatform::Trying to open the hw design at C:/Users/realk/Desktop/ece385/ECE385/lab7_1/realrealrealreal_sdk/mb_block_wrapper/hw/mb_block_wrapper.xsa
TRACE::2024-11-01.17:30:50::SCWPlatform::DSA given C:/Users/realk/Desktop/ece385/ECE385/lab7_1/realrealrealreal_sdk/mb_block_wrapper/hw/mb_block_wrapper.xsa
TRACE::2024-11-01.17:30:50::SCWPlatform::DSA absoulate path C:/Users/realk/Desktop/ece385/ECE385/lab7_1/realrealrealreal_sdk/mb_block_wrapper/hw/mb_block_wrapper.xsa
TRACE::2024-11-01.17:30:50::SCWPlatform::DSA directory C:/Users/realk/Desktop/ece385/ECE385/lab7_1/realrealrealreal_sdk/mb_block_wrapper/hw
TRACE::2024-11-01.17:30:50::SCWPlatform:: Platform Path C:/Users/realk/Desktop/ece385/ECE385/lab7_1/realrealrealreal_sdk/mb_block_wrapper/hw/mb_block_wrapper.xsa
TRACE::2024-11-01.17:30:50::SCWPlatform:: Unique name xilinx:::0.0
TRACE::2024-11-01.17:30:50::SCWPlatform::Trying to set the existing hwdb with name mb_block_wrapper_0
TRACE::2024-11-01.17:30:50::SCWPlatform::Opened existing hwdb mb_block_wrapper_0
TRACE::2024-11-01.17:30:50::SCWPlatform::Found the Hw Db part of the input DSA
TRACE::2024-11-01.17:30:50::SCWMssOS::Checking the sw design at  C:/Users/realk/Desktop/ece385/ECE385/lab7_1/realrealrealreal_sdk/mb_block_wrapper/microblaze_0/standalone_microblaze_0/bsp/system.mss
TRACE::2024-11-01.17:30:50::SCWMssOS::DEBUG:  swdes dump  C:/Users/realk/Desktop/ece385/ECE385/lab7_1/realrealrealreal_sdk/mb_block_wrapper/microblaze_0/standalone_microblaze_0/bsp/system.mss|system||

TRACE::2024-11-01.17:30:50::SCWMssOS::Sw design exists and opened at  C:/Users/realk/Desktop/ece385/ECE385/lab7_1/realrealrealreal_sdk/mb_block_wrapper/microblaze_0/standalone_microblaze_0/bsp/system.mss
TRACE::2024-11-04.21:07:25::SCWPlatform::Trying to open the hw design at C:/Users/realk/Desktop/ece385/ECE385/lab7_1/realrealrealreal_sdk/mb_block_wrapper/hw/mb_block_wrapper.xsa
TRACE::2024-11-04.21:07:25::SCWPlatform::DSA given C:/Users/realk/Desktop/ece385/ECE385/lab7_1/realrealrealreal_sdk/mb_block_wrapper/hw/mb_block_wrapper.xsa
TRACE::2024-11-04.21:07:25::SCWPlatform::DSA absoulate path C:/Users/realk/Desktop/ece385/ECE385/lab7_1/realrealrealreal_sdk/mb_block_wrapper/hw/mb_block_wrapper.xsa
TRACE::2024-11-04.21:07:25::SCWPlatform::DSA directory C:/Users/realk/Desktop/ece385/ECE385/lab7_1/realrealrealreal_sdk/mb_block_wrapper/hw
TRACE::2024-11-04.21:07:25::SCWPlatform:: Platform Path C:/Users/realk/Desktop/ece385/ECE385/lab7_1/realrealrealreal_sdk/mb_block_wrapper/hw/mb_block_wrapper.xsa
TRACE::2024-11-04.21:07:25::SCWPlatform:: Unique name xilinx:::0.0
TRACE::2024-11-04.21:07:25::SCWPlatform::Do not have an existing db opened. 
TRACE::2024-11-04.21:07:25::SCWPlatform::Opened new HwDB with name mb_block_wrapper_0
TRACE::2024-11-04.21:07:25::SCWReader::Active system found as  mb_block_wrapper
TRACE::2024-11-04.21:07:25::SCWReader::Handling sysconfig mb_block_wrapper
TRACE::2024-11-04.21:07:25::SCWDomain::checking for install qemu data   : 
TRACE::2024-11-04.21:07:25::SCWPlatform::Trying to open the hw design at C:/Users/realk/Desktop/ece385/ECE385/lab7_1/realrealrealreal_sdk/mb_block_wrapper/hw/mb_block_wrapper.xsa
TRACE::2024-11-04.21:07:25::SCWPlatform::DSA given C:/Users/realk/Desktop/ece385/ECE385/lab7_1/realrealrealreal_sdk/mb_block_wrapper/hw/mb_block_wrapper.xsa
TRACE::2024-11-04.21:07:25::SCWPlatform::DSA absoulate path C:/Users/realk/Desktop/ece385/ECE385/lab7_1/realrealrealreal_sdk/mb_block_wrapper/hw/mb_block_wrapper.xsa
TRACE::2024-11-04.21:07:25::SCWPlatform::DSA directory C:/Users/realk/Desktop/ece385/ECE385/lab7_1/realrealrealreal_sdk/mb_block_wrapper/hw
TRACE::2024-11-04.21:07:25::SCWPlatform:: Platform Path C:/Users/realk/Desktop/ece385/ECE385/lab7_1/realrealrealreal_sdk/mb_block_wrapper/hw/mb_block_wrapper.xsa
TRACE::2024-11-04.21:07:25::SCWPlatform:: Unique name xilinx:::0.0
TRACE::2024-11-04.21:07:25::SCWPlatform::Trying to set the existing hwdb with name mb_block_wrapper_0
TRACE::2024-11-04.21:07:25::SCWPlatform::Opened existing hwdb mb_block_wrapper_0
TRACE::2024-11-04.21:07:25::SCWPlatform::Found the Hw Db part of the input DSA
TRACE::2024-11-04.21:07:25::SCWPlatform::Trying to open the hw design at C:/Users/realk/Desktop/ece385/ECE385/lab7_1/realrealrealreal_sdk/mb_block_wrapper/hw/mb_block_wrapper.xsa
TRACE::2024-11-04.21:07:25::SCWPlatform::DSA given C:/Users/realk/Desktop/ece385/ECE385/lab7_1/realrealrealreal_sdk/mb_block_wrapper/hw/mb_block_wrapper.xsa
TRACE::2024-11-04.21:07:25::SCWPlatform::DSA absoulate path C:/Users/realk/Desktop/ece385/ECE385/lab7_1/realrealrealreal_sdk/mb_block_wrapper/hw/mb_block_wrapper.xsa
TRACE::2024-11-04.21:07:25::SCWPlatform::DSA directory C:/Users/realk/Desktop/ece385/ECE385/lab7_1/realrealrealreal_sdk/mb_block_wrapper/hw
TRACE::2024-11-04.21:07:25::SCWPlatform:: Platform Path C:/Users/realk/Desktop/ece385/ECE385/lab7_1/realrealrealreal_sdk/mb_block_wrapper/hw/mb_block_wrapper.xsa
TRACE::2024-11-04.21:07:25::SCWPlatform:: Unique name xilinx:::0.0
TRACE::2024-11-04.21:07:25::SCWPlatform::Trying to set the existing hwdb with name mb_block_wrapper_0
TRACE::2024-11-04.21:07:25::SCWPlatform::Opened existing hwdb mb_block_wrapper_0
TRACE::2024-11-04.21:07:25::SCWPlatform::Found the Hw Db part of the input DSA
TRACE::2024-11-04.21:07:25::SCWPlatform::Trying to open the hw design at C:/Users/realk/Desktop/ece385/ECE385/lab7_1/realrealrealreal_sdk/mb_block_wrapper/hw/mb_block_wrapper.xsa
TRACE::2024-11-04.21:07:25::SCWPlatform::DSA given C:/Users/realk/Desktop/ece385/ECE385/lab7_1/realrealrealreal_sdk/mb_block_wrapper/hw/mb_block_wrapper.xsa
TRACE::2024-11-04.21:07:25::SCWPlatform::DSA absoulate path C:/Users/realk/Desktop/ece385/ECE385/lab7_1/realrealrealreal_sdk/mb_block_wrapper/hw/mb_block_wrapper.xsa
TRACE::2024-11-04.21:07:25::SCWPlatform::DSA directory C:/Users/realk/Desktop/ece385/ECE385/lab7_1/realrealrealreal_sdk/mb_block_wrapper/hw
TRACE::2024-11-04.21:07:25::SCWPlatform:: Platform Path C:/Users/realk/Desktop/ece385/ECE385/lab7_1/realrealrealreal_sdk/mb_block_wrapper/hw/mb_block_wrapper.xsa
TRACE::2024-11-04.21:07:25::SCWPlatform:: Unique name xilinx:::0.0
TRACE::2024-11-04.21:07:25::SCWPlatform::Trying to set the existing hwdb with name mb_block_wrapper_0
TRACE::2024-11-04.21:07:25::SCWPlatform::Opened existing hwdb mb_block_wrapper_0
TRACE::2024-11-04.21:07:25::SCWPlatform::Found the Hw Db part of the input DSA
TRACE::2024-11-04.21:07:25::SCWPlatform::Trying to open the hw design at C:/Users/realk/Desktop/ece385/ECE385/lab7_1/realrealrealreal_sdk/mb_block_wrapper/hw/mb_block_wrapper.xsa
TRACE::2024-11-04.21:07:25::SCWPlatform::DSA given C:/Users/realk/Desktop/ece385/ECE385/lab7_1/realrealrealreal_sdk/mb_block_wrapper/hw/mb_block_wrapper.xsa
TRACE::2024-11-04.21:07:25::SCWPlatform::DSA absoulate path C:/Users/realk/Desktop/ece385/ECE385/lab7_1/realrealrealreal_sdk/mb_block_wrapper/hw/mb_block_wrapper.xsa
TRACE::2024-11-04.21:07:25::SCWPlatform::DSA directory C:/Users/realk/Desktop/ece385/ECE385/lab7_1/realrealrealreal_sdk/mb_block_wrapper/hw
TRACE::2024-11-04.21:07:25::SCWPlatform:: Platform Path C:/Users/realk/Desktop/ece385/ECE385/lab7_1/realrealrealreal_sdk/mb_block_wrapper/hw/mb_block_wrapper.xsa
TRACE::2024-11-04.21:07:25::SCWPlatform:: Unique name xilinx:::0.0
TRACE::2024-11-04.21:07:25::SCWPlatform::Trying to set the existing hwdb with name mb_block_wrapper_0
TRACE::2024-11-04.21:07:25::SCWPlatform::Opened existing hwdb mb_block_wrapper_0
TRACE::2024-11-04.21:07:25::SCWPlatform::Found the Hw Db part of the input DSA
TRACE::2024-11-04.21:07:25::SCWMssOS::Checking the sw design at  C:/Users/realk/Desktop/ece385/ECE385/lab7_1/realrealrealreal_sdk/mb_block_wrapper/microblaze_0/standalone_microblaze_0/bsp/system.mss
TRACE::2024-11-04.21:07:25::SCWMssOS::DEBUG:  swdes dump  
TRACE::2024-11-04.21:07:25::SCWMssOS::No sw design opened at  C:/Users/realk/Desktop/ece385/ECE385/lab7_1/realrealrealreal_sdk/mb_block_wrapper/microblaze_0/standalone_microblaze_0/bsp/system.mss
TRACE::2024-11-04.21:07:25::SCWMssOS::mss exists loading the mss file  C:/Users/realk/Desktop/ece385/ECE385/lab7_1/realrealrealreal_sdk/mb_block_wrapper/microblaze_0/standalone_microblaze_0/bsp/system.mss
TRACE::2024-11-04.21:07:25::SCWMssOS::Opened the sw design from mss  C:/Users/realk/Desktop/ece385/ECE385/lab7_1/realrealrealreal_sdk/mb_block_wrapper/microblaze_0/standalone_microblaze_0/bsp/system.mss
TRACE::2024-11-04.21:07:25::SCWMssOS::Adding the swdes entry C:/Users/realk/Desktop/ece385/ECE385/lab7_1/realrealrealreal_sdk/mb_block_wrapper/microblaze_0/standalone_microblaze_0/bsp/system.mss with des name system
TRACE::2024-11-04.21:07:25::SCWMssOS::updating the scw layer about changes
TRACE::2024-11-04.21:07:25::SCWMssOS::Opened the sw design.  C:/Users/realk/Desktop/ece385/ECE385/lab7_1/realrealrealreal_sdk/mb_block_wrapper/microblaze_0/standalone_microblaze_0/bsp/system.mss
TRACE::2024-11-04.21:07:25::SCWMssOS::Saving the mss changes C:/Users/realk/Desktop/ece385/ECE385/lab7_1/realrealrealreal_sdk/mb_block_wrapper/microblaze_0/standalone_microblaze_0/bsp/system.mss
TRACE::2024-11-04.21:07:25::SCWMssOS::Found a swdesign opened with the mssfile.
TRACE::2024-11-04.21:07:25::SCWMssOS::Completed writemss as part of save.
TRACE::2024-11-04.21:07:25::SCWMssOS::Commit changes completed.
TRACE::2024-11-04.21:07:25::SCWReader::Adding prebuilt librarypaths as   
TRACE::2024-11-04.21:07:25::SCWReader::Adding prebuilt incpaths  as   
TRACE::2024-11-04.21:07:25::SCWPlatform::Trying to open the hw design at C:/Users/realk/Desktop/ece385/ECE385/lab7_1/realrealrealreal_sdk/mb_block_wrapper/hw/mb_block_wrapper.xsa
TRACE::2024-11-04.21:07:25::SCWPlatform::DSA given C:/Users/realk/Desktop/ece385/ECE385/lab7_1/realrealrealreal_sdk/mb_block_wrapper/hw/mb_block_wrapper.xsa
TRACE::2024-11-04.21:07:25::SCWPlatform::DSA absoulate path C:/Users/realk/Desktop/ece385/ECE385/lab7_1/realrealrealreal_sdk/mb_block_wrapper/hw/mb_block_wrapper.xsa
TRACE::2024-11-04.21:07:25::SCWPlatform::DSA directory C:/Users/realk/Desktop/ece385/ECE385/lab7_1/realrealrealreal_sdk/mb_block_wrapper/hw
TRACE::2024-11-04.21:07:25::SCWPlatform:: Platform Path C:/Users/realk/Desktop/ece385/ECE385/lab7_1/realrealrealreal_sdk/mb_block_wrapper/hw/mb_block_wrapper.xsa
TRACE::2024-11-04.21:07:25::SCWPlatform:: Unique name xilinx:::0.0
TRACE::2024-11-04.21:07:25::SCWPlatform::Trying to set the existing hwdb with name mb_block_wrapper_0
TRACE::2024-11-04.21:07:25::SCWPlatform::Opened existing hwdb mb_block_wrapper_0
TRACE::2024-11-04.21:07:25::SCWPlatform::Found the Hw Db part of the input DSA
TRACE::2024-11-04.21:07:25::SCWMssOS::Checking the sw design at  C:/Users/realk/Desktop/ece385/ECE385/lab7_1/realrealrealreal_sdk/mb_block_wrapper/microblaze_0/standalone_microblaze_0/bsp/system.mss
TRACE::2024-11-04.21:07:25::SCWMssOS::DEBUG:  swdes dump  C:/Users/realk/Desktop/ece385/ECE385/lab7_1/realrealrealreal_sdk/mb_block_wrapper/microblaze_0/standalone_microblaze_0/bsp/system.mss|system||

TRACE::2024-11-04.21:07:25::SCWMssOS::Sw design exists and opened at  C:/Users/realk/Desktop/ece385/ECE385/lab7_1/realrealrealreal_sdk/mb_block_wrapper/microblaze_0/standalone_microblaze_0/bsp/system.mss
TRACE::2024-11-04.21:07:25::SCWReader::No isolation master present  
TRACE::2024-11-04.21:07:35::SCWPlatform::DSA given C:/Users/realk/Desktop/ece385/ECE385/lab7_1/realrealrealreal_sdk/mb_block_wrapper/tempdsa/mb_block_wrapper.xsa
TRACE::2024-11-04.21:07:35::SCWPlatform::DSA absoulate path C:/Users/realk/Desktop/ece385/ECE385/lab7_1/realrealrealreal_sdk/mb_block_wrapper/tempdsa/mb_block_wrapper.xsa
TRACE::2024-11-04.21:07:35::SCWPlatform:: Platform location is C:/Users/realk/Desktop/ece385/ECE385/lab7_1/realrealrealreal_sdk/mb_block_wrapper/tempdsa
TRACE::2024-11-04.21:07:35::SCWPlatform:: Platform Path C:/Users/realk/Desktop/ece385/ECE385/lab7_1/realrealrealreal_sdk/mb_block_wrapper/tempdsa/mb_block_wrapper.xsa
TRACE::2024-11-04.21:07:35::SCWPlatform:: Unique name xilinx:::0.0
TRACE::2024-11-04.21:07:35::SCWPlatform::Found the Hw Db part of the input DSA
TRACE::2024-11-04.21:07:35::SCWMssOS::Doing hw sync for the mss in domain: standalone_microblaze_0
TRACE::2024-11-04.21:07:35::SCWPlatform::Trying to open the hw design at C:/Users/realk/Desktop/ece385/ECE385/lab7_1/realrealrealreal_sdk/mb_block_wrapper/hw/mb_block_wrapper.xsa
TRACE::2024-11-04.21:07:35::SCWPlatform::DSA given C:/Users/realk/Desktop/ece385/ECE385/lab7_1/realrealrealreal_sdk/mb_block_wrapper/hw/mb_block_wrapper.xsa
TRACE::2024-11-04.21:07:35::SCWPlatform::DSA absoulate path C:/Users/realk/Desktop/ece385/ECE385/lab7_1/realrealrealreal_sdk/mb_block_wrapper/hw/mb_block_wrapper.xsa
TRACE::2024-11-04.21:07:35::SCWPlatform::DSA directory C:/Users/realk/Desktop/ece385/ECE385/lab7_1/realrealrealreal_sdk/mb_block_wrapper/hw
TRACE::2024-11-04.21:07:35::SCWPlatform:: Platform Path C:/Users/realk/Desktop/ece385/ECE385/lab7_1/realrealrealreal_sdk/mb_block_wrapper/hw/mb_block_wrapper.xsa
TRACE::2024-11-04.21:07:35::SCWPlatform:: Unique name xilinx:::0.0
TRACE::2024-11-04.21:07:35::SCWPlatform::Trying to set the existing hwdb with name mb_block_wrapper_0
TRACE::2024-11-04.21:07:35::SCWPlatform::Opened existing hwdb mb_block_wrapper_0
TRACE::2024-11-04.21:07:35::SCWPlatform::Found the Hw Db part of the input DSA
TRACE::2024-11-04.21:07:35::SCWPlatform::Trying to open the hw design at C:/Users/realk/Desktop/ece385/ECE385/lab7_1/realrealrealreal_sdk/mb_block_wrapper/hw/mb_block_wrapper.xsa
TRACE::2024-11-04.21:07:35::SCWPlatform::DSA given C:/Users/realk/Desktop/ece385/ECE385/lab7_1/realrealrealreal_sdk/mb_block_wrapper/hw/mb_block_wrapper.xsa
TRACE::2024-11-04.21:07:35::SCWPlatform::DSA absoulate path C:/Users/realk/Desktop/ece385/ECE385/lab7_1/realrealrealreal_sdk/mb_block_wrapper/hw/mb_block_wrapper.xsa
TRACE::2024-11-04.21:07:35::SCWPlatform::DSA directory C:/Users/realk/Desktop/ece385/ECE385/lab7_1/realrealrealreal_sdk/mb_block_wrapper/hw
TRACE::2024-11-04.21:07:35::SCWPlatform:: Platform Path C:/Users/realk/Desktop/ece385/ECE385/lab7_1/realrealrealreal_sdk/mb_block_wrapper/hw/mb_block_wrapper.xsa
TRACE::2024-11-04.21:07:35::SCWPlatform:: Unique name xilinx:::0.0
TRACE::2024-11-04.21:07:35::SCWPlatform::Trying to set the existing hwdb with name mb_block_wrapper_0
TRACE::2024-11-04.21:07:35::SCWPlatform::Opened existing hwdb mb_block_wrapper_0
TRACE::2024-11-04.21:07:35::SCWPlatform::Found the Hw Db part of the input DSA
TRACE::2024-11-04.21:07:35::SCWMssOS::Checking the sw design at  C:/Users/realk/Desktop/ece385/ECE385/lab7_1/realrealrealreal_sdk/mb_block_wrapper/microblaze_0/standalone_microblaze_0/bsp/system.mss
TRACE::2024-11-04.21:07:35::SCWMssOS::DEBUG:  swdes dump  C:/Users/realk/Desktop/ece385/ECE385/lab7_1/realrealrealreal_sdk/mb_block_wrapper/microblaze_0/standalone_microblaze_0/bsp/system.mss|system||

TRACE::2024-11-04.21:07:35::SCWMssOS::Sw design exists and opened at  C:/Users/realk/Desktop/ece385/ECE385/lab7_1/realrealrealreal_sdk/mb_block_wrapper/microblaze_0/standalone_microblaze_0/bsp/system.mss
TRACE::2024-11-04.21:07:35::SCWPlatform::Trying to open the hw design at C:/Users/realk/Desktop/ece385/ECE385/lab7_1/realrealrealreal_sdk/mb_block_wrapper/tempdsa/mb_block_wrapper.xsa
TRACE::2024-11-04.21:07:35::SCWPlatform::DSA given C:/Users/realk/Desktop/ece385/ECE385/lab7_1/realrealrealreal_sdk/mb_block_wrapper/tempdsa/mb_block_wrapper.xsa
TRACE::2024-11-04.21:07:35::SCWPlatform::DSA absoulate path C:/Users/realk/Desktop/ece385/ECE385/lab7_1/realrealrealreal_sdk/mb_block_wrapper/tempdsa/mb_block_wrapper.xsa
TRACE::2024-11-04.21:07:35::SCWPlatform::DSA directory C:/Users/realk/Desktop/ece385/ECE385/lab7_1/realrealrealreal_sdk/mb_block_wrapper/tempdsa
TRACE::2024-11-04.21:07:35::SCWPlatform:: Platform Path C:/Users/realk/Desktop/ece385/ECE385/lab7_1/realrealrealreal_sdk/mb_block_wrapper/tempdsa/mb_block_wrapper.xsa
TRACE::2024-11-04.21:07:35::SCWPlatform:: Unique name xilinx:::0.0
TRACE::2024-11-04.21:07:35::SCWPlatform::update - Opened existing hwdb mb_block_wrapper_1
TRACE::2024-11-04.21:07:35::SCWPlatform::Found the Hw Db part of the input DSA
TRACE::2024-11-04.21:07:35::SCWMssOS::Saving the mss changes C:/Users/realk/Desktop/ece385/ECE385/lab7_1/realrealrealreal_sdk/mb_block_wrapper/microblaze_0/standalone_microblaze_0/bsp/system.mss
TRACE::2024-11-04.21:07:35::SCWMssOS::Found a swdesign opened with the mssfile.
TRACE::2024-11-04.21:07:35::SCWMssOS::Completed writemss as part of save.
TRACE::2024-11-04.21:07:35::SCWMssOS::Commit changes completed.
TRACE::2024-11-04.21:07:35::SCWMssOS::Completed hw sync for the mss in domain: standalone_microblaze_0
TRACE::2024-11-04.21:07:35::SCWMssOS::Removing the swdes entry for  C:/Users/realk/Desktop/ece385/ECE385/lab7_1/realrealrealreal_sdk/mb_block_wrapper/microblaze_0/standalone_microblaze_0/bsp/system.mss
TRACE::2024-11-04.21:07:35::SCWPlatform::Trying to open the hw design at C:/Users/realk/Desktop/ece385/ECE385/lab7_1/realrealrealreal_sdk/mb_block_wrapper/hw/mb_block_wrapper.xsa
TRACE::2024-11-04.21:07:35::SCWPlatform::DSA given C:/Users/realk/Desktop/ece385/ECE385/lab7_1/realrealrealreal_sdk/mb_block_wrapper/hw/mb_block_wrapper.xsa
TRACE::2024-11-04.21:07:35::SCWPlatform::DSA absoulate path C:/Users/realk/Desktop/ece385/ECE385/lab7_1/realrealrealreal_sdk/mb_block_wrapper/hw/mb_block_wrapper.xsa
TRACE::2024-11-04.21:07:35::SCWPlatform::DSA directory C:/Users/realk/Desktop/ece385/ECE385/lab7_1/realrealrealreal_sdk/mb_block_wrapper/hw
TRACE::2024-11-04.21:07:36::SCWPlatform:: Platform Path C:/Users/realk/Desktop/ece385/ECE385/lab7_1/realrealrealreal_sdk/mb_block_wrapper/hw/mb_block_wrapper.xsa
TRACE::2024-11-04.21:07:36::SCWPlatform:: Unique name xilinx:::0.0
TRACE::2024-11-04.21:07:36::SCWPlatform::Do not have an existing db opened. 
TRACE::2024-11-04.21:07:36::SCWPlatform::Opened new HwDB with name mb_block_wrapper_2
TRACE::2024-11-04.21:07:36::SCWMssOS::Saving the mss changes C:/Users/realk/Desktop/ece385/ECE385/lab7_1/realrealrealreal_sdk/mb_block_wrapper/microblaze_0/standalone_microblaze_0/bsp/system.mss
TRACE::2024-11-04.21:07:36::SCWMssOS::Adding the swdes entry, mss present, able to open swdb C:/Users/realk/Desktop/ece385/ECE385/lab7_1/realrealrealreal_sdk/mb_block_wrapper/microblaze_0/standalone_microblaze_0/bsp/system.mss with des name system
TRACE::2024-11-04.21:07:36::SCWMssOS::Writing the mss file completed C:/Users/realk/Desktop/ece385/ECE385/lab7_1/realrealrealreal_sdk/mb_block_wrapper/microblaze_0/standalone_microblaze_0/bsp/system.mss
TRACE::2024-11-04.21:07:36::SCWMssOS::Commit changes completed.
TRACE::2024-11-04.21:07:36::SCWPlatform::Trying to open the hw design at C:/Users/realk/Desktop/ece385/ECE385/lab7_1/realrealrealreal_sdk/mb_block_wrapper/hw/mb_block_wrapper.xsa
TRACE::2024-11-04.21:07:36::SCWPlatform::DSA given C:/Users/realk/Desktop/ece385/ECE385/lab7_1/realrealrealreal_sdk/mb_block_wrapper/hw/mb_block_wrapper.xsa
TRACE::2024-11-04.21:07:36::SCWPlatform::DSA absoulate path C:/Users/realk/Desktop/ece385/ECE385/lab7_1/realrealrealreal_sdk/mb_block_wrapper/hw/mb_block_wrapper.xsa
TRACE::2024-11-04.21:07:36::SCWPlatform::DSA directory C:/Users/realk/Desktop/ece385/ECE385/lab7_1/realrealrealreal_sdk/mb_block_wrapper/hw
TRACE::2024-11-04.21:07:36::SCWPlatform:: Platform Path C:/Users/realk/Desktop/ece385/ECE385/lab7_1/realrealrealreal_sdk/mb_block_wrapper/hw/mb_block_wrapper.xsa
TRACE::2024-11-04.21:07:36::SCWPlatform:: Unique name xilinx:::0.0
TRACE::2024-11-04.21:07:36::SCWPlatform::Trying to set the existing hwdb with name mb_block_wrapper_2
TRACE::2024-11-04.21:07:36::SCWPlatform::Opened existing hwdb mb_block_wrapper_2
TRACE::2024-11-04.21:07:36::SCWPlatform::Found the Hw Db part of the input DSA
TRACE::2024-11-04.21:07:36::SCWMssOS::Checking the sw design at  C:/Users/realk/Desktop/ece385/ECE385/lab7_1/realrealrealreal_sdk/mb_block_wrapper/microblaze_0/standalone_microblaze_0/bsp/system.mss
TRACE::2024-11-04.21:07:36::SCWMssOS::DEBUG:  swdes dump  C:/Users/realk/Desktop/ece385/ECE385/lab7_1/realrealrealreal_sdk/mb_block_wrapper/microblaze_0/standalone_microblaze_0/bsp/system.mss|system||

TRACE::2024-11-04.21:07:36::SCWMssOS::Sw design exists and opened at  C:/Users/realk/Desktop/ece385/ECE385/lab7_1/realrealrealreal_sdk/mb_block_wrapper/microblaze_0/standalone_microblaze_0/bsp/system.mss
TRACE::2024-11-04.21:07:36::SCWWriter::formatted JSON is {
	"platformName":	"mb_block_wrapper",
	"sprVersion":	"2.0",
	"mode":	"gui",
	"dsaType":	"Fixed",
	"platformDesc":	"mb_block_wrapper",
	"platHandOff":	"C:/Users/realk/Desktop/ece385/ECE385/lab7_1/mb_block_wrapper.xsa",
	"platIntHandOff":	"<platformDir>/hw/mb_block_wrapper.xsa",
	"deviceType":	"FPGA",
	"platIsPrebuiltAutogen":	"false",
	"platIsNoBootBsp":	"false",
	"hasFsblMakeHasChanges":	"false",
	"hasPmufwMakeHasChanges":	"false",
	"platPreBuiltFlag":	false,
	"platformSamplesDir":	"",
	"platActiveSys":	"mb_block_wrapper",
	"systems":	[{
			"systemName":	"mb_block_wrapper",
			"systemDesc":	"mb_block_wrapper",
			"sysIsBootAutoGen":	"true",
			"systemDispName":	"mb_block_wrapper",
			"sysActiveDom":	"standalone_microblaze_0",
			"sysDefaultDom":	"standalone_microblaze_0",
			"domains":	[{
					"domainName":	"standalone_microblaze_0",
					"domainDispName":	"standalone_microblaze_0",
					"domainDesc":	"standalone_microblaze_0",
					"processors":	"microblaze_0",
					"os":	"standalone",
					"sdxOs":	"standalone",
					"debugEnable":	"False",
					"domRuntimes":	["cpp"],
					"swRepo":	"",
					"mssOsVer":	"8.0",
					"mssFile":	"",
					"md5Digest":	"5422c1e5be4ae93f4de8c50507402f2a1",
					"compatibleApp":	"",
					"domType":	"mssDomain",
					"arch":	"32-bit",
					"appSettings":	{
						"appCompilerFlags":	"",
						"appLinkerFlags":	""
					},
					"addedLibs":	[],
					"libOptions":	{
						"libsContainingOptions":	[]
					},
					"prebuiltLibs":	{
						"prebuiltIncPath":	[],
						"prebuiltLibPath":	[]
					},
					"isolation":	{
					}
				}]
		}]
}
LOG::2024-11-04.21:08:29::SCWPlatform::Started generating the artifacts platform mb_block_wrapper
TRACE::2024-11-04.21:08:29::SCWPlatform::Sanity checking of platform is completed
LOG::2024-11-04.21:08:29::SCWPlatform::Started generating the artifacts for system configuration mb_block_wrapper
LOG::2024-11-04.21:08:29::SCWSystem::Checking the domain standalone_microblaze_0
LOG::2024-11-04.21:08:29::SCWSystem::Not a boot domain 
LOG::2024-11-04.21:08:29::SCWSystem::Started Processing the domain standalone_microblaze_0
TRACE::2024-11-04.21:08:29::SCWDomain::Generating domain artifcats
TRACE::2024-11-04.21:08:29::SCWMssOS::Generating standalone artifcats
TRACE::2024-11-04.21:08:29::SCWMssOS:: Copying the user libraries. 
TRACE::2024-11-04.21:08:29::SCWPlatform::Trying to open the hw design at C:/Users/realk/Desktop/ece385/ECE385/lab7_1/realrealrealreal_sdk/mb_block_wrapper/hw/mb_block_wrapper.xsa
TRACE::2024-11-04.21:08:29::SCWPlatform::DSA given C:/Users/realk/Desktop/ece385/ECE385/lab7_1/realrealrealreal_sdk/mb_block_wrapper/hw/mb_block_wrapper.xsa
TRACE::2024-11-04.21:08:29::SCWPlatform::DSA absoulate path C:/Users/realk/Desktop/ece385/ECE385/lab7_1/realrealrealreal_sdk/mb_block_wrapper/hw/mb_block_wrapper.xsa
TRACE::2024-11-04.21:08:29::SCWPlatform::DSA directory C:/Users/realk/Desktop/ece385/ECE385/lab7_1/realrealrealreal_sdk/mb_block_wrapper/hw
TRACE::2024-11-04.21:08:29::SCWPlatform:: Platform Path C:/Users/realk/Desktop/ece385/ECE385/lab7_1/realrealrealreal_sdk/mb_block_wrapper/hw/mb_block_wrapper.xsa
TRACE::2024-11-04.21:08:29::SCWPlatform:: Unique name xilinx:::0.0
TRACE::2024-11-04.21:08:29::SCWPlatform::Trying to set the existing hwdb with name mb_block_wrapper_2
TRACE::2024-11-04.21:08:29::SCWPlatform::Opened existing hwdb mb_block_wrapper_2
TRACE::2024-11-04.21:08:29::SCWPlatform::Found the Hw Db part of the input DSA
TRACE::2024-11-04.21:08:29::SCWMssOS::Checking the sw design at  C:/Users/realk/Desktop/ece385/ECE385/lab7_1/realrealrealreal_sdk/mb_block_wrapper/microblaze_0/standalone_microblaze_0/bsp/system.mss
TRACE::2024-11-04.21:08:29::SCWMssOS::DEBUG:  swdes dump  C:/Users/realk/Desktop/ece385/ECE385/lab7_1/realrealrealreal_sdk/mb_block_wrapper/microblaze_0/standalone_microblaze_0/bsp/system.mss|system||

TRACE::2024-11-04.21:08:29::SCWMssOS::Sw design exists and opened at  C:/Users/realk/Desktop/ece385/ECE385/lab7_1/realrealrealreal_sdk/mb_block_wrapper/microblaze_0/standalone_microblaze_0/bsp/system.mss
TRACE::2024-11-04.21:08:29::SCWMssOS::Completed writing the mss file at C:/Users/realk/Desktop/ece385/ECE385/lab7_1/realrealrealreal_sdk/mb_block_wrapper/microblaze_0/standalone_microblaze_0/bsp
TRACE::2024-11-04.21:08:29::SCWMssOS::Mss edits present, copying mssfile into export location C:/Users/realk/Desktop/ece385/ECE385/lab7_1/realrealrealreal_sdk/mb_block_wrapper/microblaze_0/standalone_microblaze_0/bsp/system.mss
TRACE::2024-11-04.21:08:29::SCWMssOS::bsp generated is stale removing and regenerating. 
TRACE::2024-11-04.21:08:31::SCWMssOS::doing bsp build ... 
TRACE::2024-11-04.21:08:31::SCWMssOS::System Command Ran  C: & cd  C:/Users/realk/Desktop/ece385/ECE385/lab7_1/realrealrealreal_sdk/mb_block_wrapper/microblaze_0/standalone_microblaze_0/bsp & make 
TRACE::2024-11-04.21:08:31::SCWMssOS::make --no-print-directory seq_libs

TRACE::2024-11-04.21:08:31::SCWMssOS::'Finished building libraries sequentially.'

TRACE::2024-11-04.21:08:31::SCWMssOS::make -j 14 --no-print-directory par_libs

TRACE::2024-11-04.21:08:31::SCWMssOS::"Running Make include in microblaze_0/libsrc/bram_v4_8/src"

TRACE::2024-11-04.21:08:31::SCWMssOS::make -C microblaze_0/libsrc/bram_v4_8/src -s include  "SHELL=CMD" "COMPILER=mb-gcc" "ASSEMBLER=mb-as" "ARCHIVER=mb-ar" "COMPILE
TRACE::2024-11-04.21:08:31::SCWMssOS::R_FLAGS=  -O2 -c -mcpu=v11.0 -mlittle-endian -mno-xl-reorder -mno-xl-soft-mul -mxl-barrel-shift -mxl-pattern-compare" "EXTRA_CO
TRACE::2024-11-04.21:08:31::SCWMssOS::MPILER_FLAGS=-g -ffunction-sections -fdata-sections -Wall -Wextra -fno-tree-loop-distribute-patterns"

TRACE::2024-11-04.21:08:31::SCWMssOS::"Running Make include in microblaze_0/libsrc/cpu_v2_16/src"

TRACE::2024-11-04.21:08:31::SCWMssOS::make -C microblaze_0/libsrc/cpu_v2_16/src -s include  "SHELL=CMD" "COMPILER=mb-gcc" "ASSEMBLER=mb-as" "ARCHIVER=mb-ar" "COMPILE
TRACE::2024-11-04.21:08:31::SCWMssOS::R_FLAGS=  -O2 -c -mcpu=v11.0 -mlittle-endian -mno-xl-reorder -mno-xl-soft-mul -mxl-barrel-shift -mxl-pattern-compare" "EXTRA_CO
TRACE::2024-11-04.21:08:31::SCWMssOS::MPILER_FLAGS=-g -ffunction-sections -fdata-sections -Wall -Wextra -fno-tree-loop-distribute-patterns"

TRACE::2024-11-04.21:08:31::SCWMssOS::"Running Make include in microblaze_0/libsrc/intc_v3_15/src"

TRACE::2024-11-04.21:08:31::SCWMssOS::make -C microblaze_0/libsrc/intc_v3_15/src -s include  "SHELL=CMD" "COMPILER=mb-gcc" "ASSEMBLER=mb-as" "ARCHIVER=mb-ar" "COMPIL
TRACE::2024-11-04.21:08:31::SCWMssOS::ER_FLAGS=  -O2 -c -mcpu=v11.0 -mlittle-endian -mno-xl-reorder -mno-xl-soft-mul -mxl-barrel-shift -mxl-pattern-compare" "EXTRA_C
TRACE::2024-11-04.21:08:31::SCWMssOS::OMPILER_FLAGS=-g -ffunction-sections -fdata-sections -Wall -Wextra -fno-tree-loop-distribute-patterns"

TRACE::2024-11-04.21:08:31::SCWMssOS::"Running Make include in microblaze_0/libsrc/standalone_v8_0/src"

TRACE::2024-11-04.21:08:31::SCWMssOS::make -C microblaze_0/libsrc/standalone_v8_0/src -s include  "SHELL=CMD" "COMPILER=mb-gcc" "ASSEMBLER=mb-as" "ARCHIVER=mb-ar" "C
TRACE::2024-11-04.21:08:31::SCWMssOS::OMPILER_FLAGS=  -O2 -c -mcpu=v11.0 -mlittle-endian -mno-xl-reorder -mno-xl-soft-mul -mxl-barrel-shift -mxl-pattern-compare" "EX
TRACE::2024-11-04.21:08:31::SCWMssOS::TRA_COMPILER_FLAGS=-g -ffunction-sections -fdata-sections -Wall -Wextra -fno-tree-loop-distribute-patterns"

TRACE::2024-11-04.21:08:31::SCWMssOS::"Running Make include in microblaze_0/libsrc/uartlite_v3_7/src"

TRACE::2024-11-04.21:08:31::SCWMssOS::make -C microblaze_0/libsrc/uartlite_v3_7/src -s include  "SHELL=CMD" "COMPILER=mb-gcc" "ASSEMBLER=mb-as" "ARCHIVER=mb-ar" "COM
TRACE::2024-11-04.21:08:31::SCWMssOS::PILER_FLAGS=  -O2 -c -mcpu=v11.0 -mlittle-endian -mno-xl-reorder -mno-xl-soft-mul -mxl-barrel-shift -mxl-pattern-compare" "EXTR
TRACE::2024-11-04.21:08:31::SCWMssOS::A_COMPILER_FLAGS=-g -ffunction-sections -fdata-sections -Wall -Wextra -fno-tree-loop-distribute-patterns"

TRACE::2024-11-04.21:08:32::SCWMssOS::"Running Make libs in microblaze_0/libsrc/bram_v4_8/src"

TRACE::2024-11-04.21:08:32::SCWMssOS::make -C microblaze_0/libsrc/bram_v4_8/src -s libs  "SHELL=CMD" "COMPILER=mb-gcc" "ASSEMBLER=mb-as" "ARCHIVER=mb-ar" "COMPILER_F
TRACE::2024-11-04.21:08:32::SCWMssOS::LAGS=  -O2 -c -mcpu=v11.0 -mlittle-endian -mno-xl-reorder -mno-xl-soft-mul -mxl-barrel-shift -mxl-pattern-compare" "EXTRA_COMPI
TRACE::2024-11-04.21:08:32::SCWMssOS::LER_FLAGS=-g -ffunction-sections -fdata-sections -Wall -Wextra -fno-tree-loop-distribute-patterns"

TRACE::2024-11-04.21:08:32::SCWMssOS::"Running Make libs in microblaze_0/libsrc/cpu_v2_16/src"

TRACE::2024-11-04.21:08:32::SCWMssOS::make -C microblaze_0/libsrc/cpu_v2_16/src -s libs  "SHELL=CMD" "COMPILER=mb-gcc" "ASSEMBLER=mb-as" "ARCHIVER=mb-ar" "COMPILER_F
TRACE::2024-11-04.21:08:32::SCWMssOS::LAGS=  -O2 -c -mcpu=v11.0 -mlittle-endian -mno-xl-reorder -mno-xl-soft-mul -mxl-barrel-shift -mxl-pattern-compare" "EXTRA_COMPI
TRACE::2024-11-04.21:08:32::SCWMssOS::LER_FLAGS=-g -ffunction-sections -fdata-sections -Wall -Wextra -fno-tree-loop-distribute-patterns"

TRACE::2024-11-04.21:08:32::SCWMssOS::"Running Make libs in microblaze_0/libsrc/intc_v3_15/src"

TRACE::2024-11-04.21:08:32::SCWMssOS::make -C microblaze_0/libsrc/intc_v3_15/src -s libs  "SHELL=CMD" "COMPILER=mb-gcc" "ASSEMBLER=mb-as" "ARCHIVER=mb-ar" "COMPILER_
TRACE::2024-11-04.21:08:32::SCWMssOS::FLAGS=  -O2 -c -mcpu=v11.0 -mlittle-endian -mno-xl-reorder -mno-xl-soft-mul -mxl-barrel-shift -mxl-pattern-compare" "EXTRA_COMP
TRACE::2024-11-04.21:08:32::SCWMssOS::ILER_FLAGS=-g -ffunction-sections -fdata-sections -Wall -Wextra -fno-tree-loop-distribute-patterns"

TRACE::2024-11-04.21:08:32::SCWMssOS::"Running Make libs in microblaze_0/libsrc/standalone_v8_0/src"

TRACE::2024-11-04.21:08:32::SCWMssOS::make -C microblaze_0/libsrc/standalone_v8_0/src -s libs  "SHELL=CMD" "COMPILER=mb-gcc" "ASSEMBLER=mb-as" "ARCHIVER=mb-ar" "COMP
TRACE::2024-11-04.21:08:32::SCWMssOS::ILER_FLAGS=  -O2 -c -mcpu=v11.0 -mlittle-endian -mno-xl-reorder -mno-xl-soft-mul -mxl-barrel-shift -mxl-pattern-compare" "EXTRA
TRACE::2024-11-04.21:08:32::SCWMssOS::_COMPILER_FLAGS=-g -ffunction-sections -fdata-sections -Wall -Wextra -fno-tree-loop-distribute-patterns"

TRACE::2024-11-04.21:08:32::SCWMssOS::"Running Make libs in microblaze_0/libsrc/uartlite_v3_7/src"

TRACE::2024-11-04.21:08:32::SCWMssOS::make -C microblaze_0/libsrc/uartlite_v3_7/src -s libs  "SHELL=CMD" "COMPILER=mb-gcc" "ASSEMBLER=mb-as" "ARCHIVER=mb-ar" "COMPIL
TRACE::2024-11-04.21:08:32::SCWMssOS::ER_FLAGS=  -O2 -c -mcpu=v11.0 -mlittle-endian -mno-xl-reorder -mno-xl-soft-mul -mxl-barrel-shift -mxl-pattern-compare" "EXTRA_C
TRACE::2024-11-04.21:08:32::SCWMssOS::OMPILER_FLAGS=-g -ffunction-sections -fdata-sections -Wall -Wextra -fno-tree-loop-distribute-patterns"

TRACE::2024-11-04.21:08:34::SCWMssOS::"DEBUG NON_LTO_OBJECTS is ../../../lib/microblaze_interrupt_handler.o"

TRACE::2024-11-04.21:08:34::SCWMssOS::'Finished building libraries parallelly.'

TRACE::2024-11-04.21:08:34::SCWMssOS::make --no-print-directory archive

TRACE::2024-11-04.21:08:34::SCWMssOS::mb-ar -r  microblaze_0/lib/libxil.a microblaze_0/lib/_exit.o microblaze_0/lib/errno.o microblaze_0/lib/fcntl.o microblaze_0/lib
TRACE::2024-11-04.21:08:34::SCWMssOS::/hw_exception_handler.o microblaze_0/lib/inbyte.o microblaze_0/lib/microblaze_disable_dcache.o microblaze_0/lib/microblaze_disa
TRACE::2024-11-04.21:08:34::SCWMssOS::ble_exceptions.o microblaze_0/lib/microblaze_disable_icache.o microblaze_0/lib/microblaze_disable_interrupts.o microblaze_0/lib
TRACE::2024-11-04.21:08:34::SCWMssOS::/microblaze_enable_dcache.o microblaze_0/lib/microblaze_enable_exceptions.o microblaze_0/lib/microblaze_enable_icache.o microbl
TRACE::2024-11-04.21:08:34::SCWMssOS::aze_0/lib/microblaze_enable_interrupts.o microblaze_0/lib/microblaze_exception_handler.o microblaze_0/lib/microblaze_flush_cach
TRACE::2024-11-04.21:08:34::SCWMssOS::e_ext.o microblaze_0/lib/microblaze_flush_cache_ext_range.o microblaze_0/lib/microblaze_flush_dcache.o microblaze_0/lib/microbl
TRACE::2024-11-04.21:08:34::SCWMssOS::aze_flush_dcache_range.o microblaze_0/lib/microblaze_init_dcache_range.o microblaze_0/lib/microblaze_init_icache_range.o microb
TRACE::2024-11-04.21:08:34::SCWMssOS::laze_0/lib/microblaze_interrupt_handler.o microblaze_0/lib/microblaze_interrupts_g.o microblaze_0/lib/microblaze_invalidate_cac
TRACE::2024-11-04.21:08:34::SCWMssOS::he_ext.o microblaze_0/lib/microblaze_invalidate_cache_ext_range.o microblaze_0/lib/microblaze_invalidate_dcache.o microblaze_0/
TRACE::2024-11-04.21:08:34::SCWMssOS::lib/microblaze_invalidate_dcache_range.o microblaze_0/lib/microblaze_invalidate_icache.o microblaze_0/lib/microblaze_invalidate
TRACE::2024-11-04.21:08:34::SCWMssOS::_icache_range.o microblaze_0/lib/microblaze_scrub.o microblaze_0/lib/microblaze_selftest.o microblaze_0/lib/microblaze_sleep.o 
TRACE::2024-11-04.21:08:34::SCWMssOS::microblaze_0/lib/microblaze_update_dcache.o microblaze_0/lib/microblaze_update_icache.o microblaze_0/lib/outbyte.o microblaze_0
TRACE::2024-11-04.21:08:34::SCWMssOS::/lib/print.o microblaze_0/lib/pvr.o microblaze_0/lib/xbram.o microblaze_0/lib/xbram_g.o microblaze_0/lib/xbram_intr.o microblaz
TRACE::2024-11-04.21:08:34::SCWMssOS::e_0/lib/xbram_selftest.o microblaze_0/lib/xbram_sinit.o microblaze_0/lib/xil_assert.o microblaze_0/lib/xil_cache.o microblaze_0
TRACE::2024-11-04.21:08:34::SCWMssOS::/lib/xil_clocking.o microblaze_0/lib/xil_exception.o microblaze_0/lib/xil_mem.o microblaze_0/lib/xil_misc_psreset_api.o microbl
TRACE::2024-11-04.21:08:34::SCWMssOS::aze_0/lib/xil_printf.o microblaze_0/lib/xil_sleepcommon.o microblaze_0/lib/xil_testcache.o microblaze_0/lib/xil_testio.o microb
TRACE::2024-11-04.21:08:34::SCWMssOS::laze_0/lib/xil_testmem.o microblaze_0/lib/xil_util.o microblaze_0/lib/xintc.o microblaze_0/lib/xintc_g.o microblaze_0/lib/xintc
TRACE::2024-11-04.21:08:34::SCWMssOS::_intr.o microblaze_0/lib/xintc_l.o microblaze_0/lib/xintc_options.o microblaze_0/lib/xintc_selftest.o microblaze_0/lib/xinterru
TRACE::2024-11-04.21:08:34::SCWMssOS::pt_wrap.o microblaze_0/lib/xio.o microblaze_0/lib/xplatform_info.o microblaze_0/lib/xuartlite.o microblaze_0/lib/xuartlite_g.o 
TRACE::2024-11-04.21:08:34::SCWMssOS::microblaze_0/lib/xuartlite_intr.o microblaze_0/lib/xuartlite_l.o microblaze_0/lib/xuartlite_selftest.o microblaze_0/lib/xuartli
TRACE::2024-11-04.21:08:34::SCWMssOS::te_sinit.o microblaze_0/lib/xuartlite_stats.o

TRACE::2024-11-04.21:08:35::SCWMssOS::'Finished building libraries'

TRACE::2024-11-04.21:08:35::SCWMssOS:: Checking if to create the Supporting Applications
TRACE::2024-11-04.21:08:35::SCWMssOS:: No Linux domain exists, trying to generate FSBL 
LOG::2024-11-04.21:08:35::SCWSystem::Completed Processing the domain standalone_microblaze_0
LOG::2024-11-04.21:08:35::SCWSystem::Completed Processing the sysconfig mb_block_wrapper
LOG::2024-11-04.21:08:35::SCWPlatform::Completed generating the artifacts for system configuration mb_block_wrapper
TRACE::2024-11-04.21:08:35::SCWPlatform::Started preparing the platform 
TRACE::2024-11-04.21:08:35::SCWSystem::Writing the bif file for system config mb_block_wrapper
TRACE::2024-11-04.21:08:35::SCWSystem::dir created 
TRACE::2024-11-04.21:08:35::SCWSystem::Writing the bif 
TRACE::2024-11-04.21:08:35::SCWPlatform::Started writing the spfm file 
TRACE::2024-11-04.21:08:35::SCWPlatform::Started writing the xpfm file 
TRACE::2024-11-04.21:08:35::SCWPlatform::Completed generating the platform
TRACE::2024-11-04.21:08:35::SCWMssOS::Saving the mss changes C:/Users/realk/Desktop/ece385/ECE385/lab7_1/realrealrealreal_sdk/mb_block_wrapper/microblaze_0/standalone_microblaze_0/bsp/system.mss
TRACE::2024-11-04.21:08:35::SCWMssOS::Adding the swdes entry, mss present, able to open swdb C:/Users/realk/Desktop/ece385/ECE385/lab7_1/realrealrealreal_sdk/mb_block_wrapper/microblaze_0/standalone_microblaze_0/bsp/system.mss with des name system
TRACE::2024-11-04.21:08:35::SCWMssOS::Writing the mss file completed C:/Users/realk/Desktop/ece385/ECE385/lab7_1/realrealrealreal_sdk/mb_block_wrapper/microblaze_0/standalone_microblaze_0/bsp/system.mss
TRACE::2024-11-04.21:08:35::SCWMssOS::Commit changes completed.
TRACE::2024-11-04.21:08:35::SCWPlatform::Trying to open the hw design at C:/Users/realk/Desktop/ece385/ECE385/lab7_1/realrealrealreal_sdk/mb_block_wrapper/hw/mb_block_wrapper.xsa
TRACE::2024-11-04.21:08:35::SCWPlatform::DSA given C:/Users/realk/Desktop/ece385/ECE385/lab7_1/realrealrealreal_sdk/mb_block_wrapper/hw/mb_block_wrapper.xsa
TRACE::2024-11-04.21:08:35::SCWPlatform::DSA absoulate path C:/Users/realk/Desktop/ece385/ECE385/lab7_1/realrealrealreal_sdk/mb_block_wrapper/hw/mb_block_wrapper.xsa
TRACE::2024-11-04.21:08:35::SCWPlatform::DSA directory C:/Users/realk/Desktop/ece385/ECE385/lab7_1/realrealrealreal_sdk/mb_block_wrapper/hw
TRACE::2024-11-04.21:08:35::SCWPlatform:: Platform Path C:/Users/realk/Desktop/ece385/ECE385/lab7_1/realrealrealreal_sdk/mb_block_wrapper/hw/mb_block_wrapper.xsa
TRACE::2024-11-04.21:08:35::SCWPlatform:: Unique name xilinx:::0.0
TRACE::2024-11-04.21:08:35::SCWPlatform::Trying to set the existing hwdb with name mb_block_wrapper_2
TRACE::2024-11-04.21:08:35::SCWPlatform::Opened existing hwdb mb_block_wrapper_2
TRACE::2024-11-04.21:08:35::SCWPlatform::Found the Hw Db part of the input DSA
TRACE::2024-11-04.21:08:35::SCWMssOS::Checking the sw design at  C:/Users/realk/Desktop/ece385/ECE385/lab7_1/realrealrealreal_sdk/mb_block_wrapper/microblaze_0/standalone_microblaze_0/bsp/system.mss
TRACE::2024-11-04.21:08:35::SCWMssOS::DEBUG:  swdes dump  C:/Users/realk/Desktop/ece385/ECE385/lab7_1/realrealrealreal_sdk/mb_block_wrapper/microblaze_0/standalone_microblaze_0/bsp/system.mss|system||

TRACE::2024-11-04.21:08:35::SCWMssOS::Sw design exists and opened at  C:/Users/realk/Desktop/ece385/ECE385/lab7_1/realrealrealreal_sdk/mb_block_wrapper/microblaze_0/standalone_microblaze_0/bsp/system.mss
TRACE::2024-11-04.21:08:35::SCWWriter::formatted JSON is {
	"platformName":	"mb_block_wrapper",
	"sprVersion":	"2.0",
	"mode":	"gui",
	"dsaType":	"Fixed",
	"platformDesc":	"mb_block_wrapper",
	"platHandOff":	"C:/Users/realk/Desktop/ece385/ECE385/lab7_1/mb_block_wrapper.xsa",
	"platIntHandOff":	"<platformDir>/hw/mb_block_wrapper.xsa",
	"deviceType":	"FPGA",
	"platIsPrebuiltAutogen":	"false",
	"platIsNoBootBsp":	"false",
	"hasFsblMakeHasChanges":	"false",
	"hasPmufwMakeHasChanges":	"false",
	"platPreBuiltFlag":	false,
	"platformSamplesDir":	"",
	"platActiveSys":	"mb_block_wrapper",
	"systems":	[{
			"systemName":	"mb_block_wrapper",
			"systemDesc":	"mb_block_wrapper",
			"sysIsBootAutoGen":	"true",
			"systemDispName":	"mb_block_wrapper",
			"sysActiveDom":	"standalone_microblaze_0",
			"sysDefaultDom":	"standalone_microblaze_0",
			"domains":	[{
					"domainName":	"standalone_microblaze_0",
					"domainDispName":	"standalone_microblaze_0",
					"domainDesc":	"standalone_microblaze_0",
					"processors":	"microblaze_0",
					"os":	"standalone",
					"sdxOs":	"standalone",
					"debugEnable":	"False",
					"domRuntimes":	["cpp"],
					"swRepo":	"",
					"mssOsVer":	"8.0",
					"mssFile":	"",
					"md5Digest":	"5422c1e5be4ae93f4de8c50507402f2a",
					"compatibleApp":	"",
					"domType":	"mssDomain",
					"arch":	"32-bit",
					"appSettings":	{
						"appCompilerFlags":	"",
						"appLinkerFlags":	""
					},
					"addedLibs":	[],
					"libOptions":	{
						"libsContainingOptions":	[]
					},
					"prebuiltLibs":	{
						"prebuiltIncPath":	[],
						"prebuiltLibPath":	[]
					},
					"isolation":	{
					}
				}]
		}]
}
KEYINFO::2024-11-04.21:08:35::SCWPlatform::updated the xpfm file.
TRACE::2024-11-04.21:08:36::SCWPlatform::Trying to open the hw design at C:/Users/realk/Desktop/ece385/ECE385/lab7_1/realrealrealreal_sdk/mb_block_wrapper/hw/mb_block_wrapper.xsa
TRACE::2024-11-04.21:08:36::SCWPlatform::DSA given C:/Users/realk/Desktop/ece385/ECE385/lab7_1/realrealrealreal_sdk/mb_block_wrapper/hw/mb_block_wrapper.xsa
TRACE::2024-11-04.21:08:36::SCWPlatform::DSA absoulate path C:/Users/realk/Desktop/ece385/ECE385/lab7_1/realrealrealreal_sdk/mb_block_wrapper/hw/mb_block_wrapper.xsa
TRACE::2024-11-04.21:08:36::SCWPlatform::DSA directory C:/Users/realk/Desktop/ece385/ECE385/lab7_1/realrealrealreal_sdk/mb_block_wrapper/hw
TRACE::2024-11-04.21:08:36::SCWPlatform:: Platform Path C:/Users/realk/Desktop/ece385/ECE385/lab7_1/realrealrealreal_sdk/mb_block_wrapper/hw/mb_block_wrapper.xsa
TRACE::2024-11-04.21:08:36::SCWPlatform:: Unique name xilinx:::0.0
TRACE::2024-11-04.21:08:36::SCWPlatform::Trying to set the existing hwdb with name mb_block_wrapper_2
TRACE::2024-11-04.21:08:36::SCWPlatform::Opened existing hwdb mb_block_wrapper_2
TRACE::2024-11-04.21:08:36::SCWPlatform::Found the Hw Db part of the input DSA
TRACE::2024-11-04.21:08:36::SCWMssOS::Checking the sw design at  C:/Users/realk/Desktop/ece385/ECE385/lab7_1/realrealrealreal_sdk/mb_block_wrapper/microblaze_0/standalone_microblaze_0/bsp/system.mss
TRACE::2024-11-04.21:08:36::SCWMssOS::DEBUG:  swdes dump  C:/Users/realk/Desktop/ece385/ECE385/lab7_1/realrealrealreal_sdk/mb_block_wrapper/microblaze_0/standalone_microblaze_0/bsp/system.mss|system||

TRACE::2024-11-04.21:08:36::SCWMssOS::Sw design exists and opened at  C:/Users/realk/Desktop/ece385/ECE385/lab7_1/realrealrealreal_sdk/mb_block_wrapper/microblaze_0/standalone_microblaze_0/bsp/system.mss
TRACE::2024-11-04.21:29:50::SCWPlatform::Clearing the existing platform
TRACE::2024-11-04.21:29:50::SCWSystem::Clearing the existing sysconfig
TRACE::2024-11-04.21:29:50::SCWMssOS::Removing the swdes entry for  C:/Users/realk/Desktop/ece385/ECE385/lab7_1/realrealrealreal_sdk/mb_block_wrapper/microblaze_0/standalone_microblaze_0/bsp/system.mss
TRACE::2024-11-04.21:29:50::SCWSystem::Clearing the domains completed.
TRACE::2024-11-04.21:29:50::SCWPlatform::Clearing the opened hw db.
TRACE::2024-11-04.21:29:50::SCWPlatform::DSA given C:/Users/realk/Desktop/ece385/ECE385/lab7_1/realrealrealreal_sdk/mb_block_wrapper/hw/mb_block_wrapper.xsa
TRACE::2024-11-04.21:29:50::SCWPlatform::DSA absoulate path C:/Users/realk/Desktop/ece385/ECE385/lab7_1/realrealrealreal_sdk/mb_block_wrapper/hw/mb_block_wrapper.xsa
TRACE::2024-11-04.21:29:50::SCWPlatform:: Platform location is C:/Users/realk/Desktop/ece385/ECE385/lab7_1/realrealrealreal_sdk/mb_block_wrapper/hw
TRACE::2024-11-04.21:29:50::SCWPlatform:: Platform Path C:/Users/realk/Desktop/ece385/ECE385/lab7_1/realrealrealreal_sdk/mb_block_wrapper/hw/mb_block_wrapper.xsa
TRACE::2024-11-04.21:29:50::SCWPlatform:: Unique name xilinx:::0.0
TRACE::2024-11-04.21:29:50::SCWPlatform::Removing the HwDB with name C:/Users/realk/Desktop/ece385/ECE385/lab7_1/realrealrealreal_sdk/mb_block_wrapper/hw/mb_block_wrapper.xsa
TRACE::2024-11-04.21:29:50::SCWPlatform::Trying to open the hw design at C:/Users/realk/Desktop/ece385/ECE385/lab7_1/realrealrealreal_sdk/mb_block_wrapper/hw/mb_block_wrapper.xsa
TRACE::2024-11-04.21:29:50::SCWPlatform::DSA given C:/Users/realk/Desktop/ece385/ECE385/lab7_1/realrealrealreal_sdk/mb_block_wrapper/hw/mb_block_wrapper.xsa
TRACE::2024-11-04.21:29:50::SCWPlatform::DSA absoulate path C:/Users/realk/Desktop/ece385/ECE385/lab7_1/realrealrealreal_sdk/mb_block_wrapper/hw/mb_block_wrapper.xsa
TRACE::2024-11-04.21:29:50::SCWPlatform::DSA directory C:/Users/realk/Desktop/ece385/ECE385/lab7_1/realrealrealreal_sdk/mb_block_wrapper/hw
TRACE::2024-11-04.21:29:50::SCWPlatform:: Platform Path C:/Users/realk/Desktop/ece385/ECE385/lab7_1/realrealrealreal_sdk/mb_block_wrapper/hw/mb_block_wrapper.xsa
TRACE::2024-11-04.21:29:50::SCWPlatform:: Unique name xilinx:::0.0
TRACE::2024-11-04.21:29:50::SCWPlatform::Do not have an existing db opened. 
TRACE::2024-11-04.21:29:50::SCWPlatform::Opened new HwDB with name mb_block_wrapper_4
TRACE::2024-11-04.21:29:50::SCWReader::Active system found as  mb_block_wrapper
TRACE::2024-11-04.21:29:50::SCWReader::Handling sysconfig mb_block_wrapper
TRACE::2024-11-04.21:29:50::SCWDomain::checking for install qemu data   : 
TRACE::2024-11-04.21:29:50::SCWPlatform::Trying to open the hw design at C:/Users/realk/Desktop/ece385/ECE385/lab7_1/realrealrealreal_sdk/mb_block_wrapper/hw/mb_block_wrapper.xsa
TRACE::2024-11-04.21:29:50::SCWPlatform::DSA given C:/Users/realk/Desktop/ece385/ECE385/lab7_1/realrealrealreal_sdk/mb_block_wrapper/hw/mb_block_wrapper.xsa
TRACE::2024-11-04.21:29:50::SCWPlatform::DSA absoulate path C:/Users/realk/Desktop/ece385/ECE385/lab7_1/realrealrealreal_sdk/mb_block_wrapper/hw/mb_block_wrapper.xsa
TRACE::2024-11-04.21:29:50::SCWPlatform::DSA directory C:/Users/realk/Desktop/ece385/ECE385/lab7_1/realrealrealreal_sdk/mb_block_wrapper/hw
TRACE::2024-11-04.21:29:50::SCWPlatform:: Platform Path C:/Users/realk/Desktop/ece385/ECE385/lab7_1/realrealrealreal_sdk/mb_block_wrapper/hw/mb_block_wrapper.xsa
TRACE::2024-11-04.21:29:50::SCWPlatform:: Unique name xilinx:::0.0
TRACE::2024-11-04.21:29:50::SCWPlatform::Trying to set the existing hwdb with name mb_block_wrapper_4
TRACE::2024-11-04.21:29:50::SCWPlatform::Opened existing hwdb mb_block_wrapper_4
TRACE::2024-11-04.21:29:50::SCWPlatform::Found the Hw Db part of the input DSA
TRACE::2024-11-04.21:29:50::SCWPlatform::Trying to open the hw design at C:/Users/realk/Desktop/ece385/ECE385/lab7_1/realrealrealreal_sdk/mb_block_wrapper/hw/mb_block_wrapper.xsa
TRACE::2024-11-04.21:29:50::SCWPlatform::DSA given C:/Users/realk/Desktop/ece385/ECE385/lab7_1/realrealrealreal_sdk/mb_block_wrapper/hw/mb_block_wrapper.xsa
TRACE::2024-11-04.21:29:50::SCWPlatform::DSA absoulate path C:/Users/realk/Desktop/ece385/ECE385/lab7_1/realrealrealreal_sdk/mb_block_wrapper/hw/mb_block_wrapper.xsa
TRACE::2024-11-04.21:29:50::SCWPlatform::DSA directory C:/Users/realk/Desktop/ece385/ECE385/lab7_1/realrealrealreal_sdk/mb_block_wrapper/hw
TRACE::2024-11-04.21:29:50::SCWPlatform:: Platform Path C:/Users/realk/Desktop/ece385/ECE385/lab7_1/realrealrealreal_sdk/mb_block_wrapper/hw/mb_block_wrapper.xsa
TRACE::2024-11-04.21:29:50::SCWPlatform:: Unique name xilinx:::0.0
TRACE::2024-11-04.21:29:50::SCWPlatform::Trying to set the existing hwdb with name mb_block_wrapper_4
TRACE::2024-11-04.21:29:50::SCWPlatform::Opened existing hwdb mb_block_wrapper_4
TRACE::2024-11-04.21:29:50::SCWPlatform::Found the Hw Db part of the input DSA
TRACE::2024-11-04.21:29:50::SCWPlatform::Trying to open the hw design at C:/Users/realk/Desktop/ece385/ECE385/lab7_1/realrealrealreal_sdk/mb_block_wrapper/hw/mb_block_wrapper.xsa
TRACE::2024-11-04.21:29:50::SCWPlatform::DSA given C:/Users/realk/Desktop/ece385/ECE385/lab7_1/realrealrealreal_sdk/mb_block_wrapper/hw/mb_block_wrapper.xsa
TRACE::2024-11-04.21:29:50::SCWPlatform::DSA absoulate path C:/Users/realk/Desktop/ece385/ECE385/lab7_1/realrealrealreal_sdk/mb_block_wrapper/hw/mb_block_wrapper.xsa
TRACE::2024-11-04.21:29:50::SCWPlatform::DSA directory C:/Users/realk/Desktop/ece385/ECE385/lab7_1/realrealrealreal_sdk/mb_block_wrapper/hw
TRACE::2024-11-04.21:29:50::SCWPlatform:: Platform Path C:/Users/realk/Desktop/ece385/ECE385/lab7_1/realrealrealreal_sdk/mb_block_wrapper/hw/mb_block_wrapper.xsa
TRACE::2024-11-04.21:29:50::SCWPlatform:: Unique name xilinx:::0.0
TRACE::2024-11-04.21:29:50::SCWPlatform::Trying to set the existing hwdb with name mb_block_wrapper_4
TRACE::2024-11-04.21:29:50::SCWPlatform::Opened existing hwdb mb_block_wrapper_4
TRACE::2024-11-04.21:29:50::SCWPlatform::Found the Hw Db part of the input DSA
TRACE::2024-11-04.21:29:50::SCWPlatform::Trying to open the hw design at C:/Users/realk/Desktop/ece385/ECE385/lab7_1/realrealrealreal_sdk/mb_block_wrapper/hw/mb_block_wrapper.xsa
TRACE::2024-11-04.21:29:50::SCWPlatform::DSA given C:/Users/realk/Desktop/ece385/ECE385/lab7_1/realrealrealreal_sdk/mb_block_wrapper/hw/mb_block_wrapper.xsa
TRACE::2024-11-04.21:29:50::SCWPlatform::DSA absoulate path C:/Users/realk/Desktop/ece385/ECE385/lab7_1/realrealrealreal_sdk/mb_block_wrapper/hw/mb_block_wrapper.xsa
TRACE::2024-11-04.21:29:50::SCWPlatform::DSA directory C:/Users/realk/Desktop/ece385/ECE385/lab7_1/realrealrealreal_sdk/mb_block_wrapper/hw
TRACE::2024-11-04.21:29:50::SCWPlatform:: Platform Path C:/Users/realk/Desktop/ece385/ECE385/lab7_1/realrealrealreal_sdk/mb_block_wrapper/hw/mb_block_wrapper.xsa
TRACE::2024-11-04.21:29:50::SCWPlatform:: Unique name xilinx:::0.0
TRACE::2024-11-04.21:29:50::SCWPlatform::Trying to set the existing hwdb with name mb_block_wrapper_4
TRACE::2024-11-04.21:29:50::SCWPlatform::Opened existing hwdb mb_block_wrapper_4
TRACE::2024-11-04.21:29:50::SCWPlatform::Found the Hw Db part of the input DSA
TRACE::2024-11-04.21:29:50::SCWMssOS::Checking the sw design at  C:/Users/realk/Desktop/ece385/ECE385/lab7_1/realrealrealreal_sdk/mb_block_wrapper/microblaze_0/standalone_microblaze_0/bsp/system.mss
TRACE::2024-11-04.21:29:50::SCWMssOS::DEBUG:  swdes dump  
TRACE::2024-11-04.21:29:50::SCWMssOS::No sw design opened at  C:/Users/realk/Desktop/ece385/ECE385/lab7_1/realrealrealreal_sdk/mb_block_wrapper/microblaze_0/standalone_microblaze_0/bsp/system.mss
TRACE::2024-11-04.21:29:50::SCWMssOS::mss exists loading the mss file  C:/Users/realk/Desktop/ece385/ECE385/lab7_1/realrealrealreal_sdk/mb_block_wrapper/microblaze_0/standalone_microblaze_0/bsp/system.mss
TRACE::2024-11-04.21:29:50::SCWMssOS::Opened the sw design from mss  C:/Users/realk/Desktop/ece385/ECE385/lab7_1/realrealrealreal_sdk/mb_block_wrapper/microblaze_0/standalone_microblaze_0/bsp/system.mss
TRACE::2024-11-04.21:29:50::SCWMssOS::Adding the swdes entry C:/Users/realk/Desktop/ece385/ECE385/lab7_1/realrealrealreal_sdk/mb_block_wrapper/microblaze_0/standalone_microblaze_0/bsp/system.mss with des name system
TRACE::2024-11-04.21:29:50::SCWMssOS::updating the scw layer about changes
TRACE::2024-11-04.21:29:50::SCWMssOS::Opened the sw design.  C:/Users/realk/Desktop/ece385/ECE385/lab7_1/realrealrealreal_sdk/mb_block_wrapper/microblaze_0/standalone_microblaze_0/bsp/system.mss
TRACE::2024-11-04.21:29:50::SCWMssOS::Saving the mss changes C:/Users/realk/Desktop/ece385/ECE385/lab7_1/realrealrealreal_sdk/mb_block_wrapper/microblaze_0/standalone_microblaze_0/bsp/system.mss
TRACE::2024-11-04.21:29:50::SCWMssOS::Found a swdesign opened with the mssfile.
TRACE::2024-11-04.21:29:50::SCWMssOS::Completed writemss as part of save.
TRACE::2024-11-04.21:29:50::SCWMssOS::Commit changes completed.
TRACE::2024-11-04.21:29:50::SCWReader::Adding prebuilt librarypaths as   
TRACE::2024-11-04.21:29:50::SCWReader::Adding prebuilt incpaths  as   
TRACE::2024-11-04.21:29:50::SCWPlatform::Trying to open the hw design at C:/Users/realk/Desktop/ece385/ECE385/lab7_1/realrealrealreal_sdk/mb_block_wrapper/hw/mb_block_wrapper.xsa
TRACE::2024-11-04.21:29:50::SCWPlatform::DSA given C:/Users/realk/Desktop/ece385/ECE385/lab7_1/realrealrealreal_sdk/mb_block_wrapper/hw/mb_block_wrapper.xsa
TRACE::2024-11-04.21:29:50::SCWPlatform::DSA absoulate path C:/Users/realk/Desktop/ece385/ECE385/lab7_1/realrealrealreal_sdk/mb_block_wrapper/hw/mb_block_wrapper.xsa
TRACE::2024-11-04.21:29:50::SCWPlatform::DSA directory C:/Users/realk/Desktop/ece385/ECE385/lab7_1/realrealrealreal_sdk/mb_block_wrapper/hw
TRACE::2024-11-04.21:29:50::SCWPlatform:: Platform Path C:/Users/realk/Desktop/ece385/ECE385/lab7_1/realrealrealreal_sdk/mb_block_wrapper/hw/mb_block_wrapper.xsa
TRACE::2024-11-04.21:29:50::SCWPlatform:: Unique name xilinx:::0.0
TRACE::2024-11-04.21:29:50::SCWPlatform::Trying to set the existing hwdb with name mb_block_wrapper_4
TRACE::2024-11-04.21:29:50::SCWPlatform::Opened existing hwdb mb_block_wrapper_4
TRACE::2024-11-04.21:29:50::SCWPlatform::Found the Hw Db part of the input DSA
TRACE::2024-11-04.21:29:50::SCWMssOS::Checking the sw design at  C:/Users/realk/Desktop/ece385/ECE385/lab7_1/realrealrealreal_sdk/mb_block_wrapper/microblaze_0/standalone_microblaze_0/bsp/system.mss
TRACE::2024-11-04.21:29:50::SCWMssOS::DEBUG:  swdes dump  C:/Users/realk/Desktop/ece385/ECE385/lab7_1/realrealrealreal_sdk/mb_block_wrapper/microblaze_0/standalone_microblaze_0/bsp/system.mss|system||

TRACE::2024-11-04.21:29:50::SCWMssOS::Sw design exists and opened at  C:/Users/realk/Desktop/ece385/ECE385/lab7_1/realrealrealreal_sdk/mb_block_wrapper/microblaze_0/standalone_microblaze_0/bsp/system.mss
TRACE::2024-11-04.21:29:50::SCWReader::No isolation master present  
TRACE::2024-11-04.21:29:56::SCWPlatform::DSA given C:/Users/realk/Desktop/ece385/ECE385/lab7_1/realrealrealreal_sdk/mb_block_wrapper/tempdsa/mb_block_wrapper.xsa
TRACE::2024-11-04.21:29:56::SCWPlatform::DSA absoulate path C:/Users/realk/Desktop/ece385/ECE385/lab7_1/realrealrealreal_sdk/mb_block_wrapper/tempdsa/mb_block_wrapper.xsa
TRACE::2024-11-04.21:29:56::SCWPlatform:: Platform location is C:/Users/realk/Desktop/ece385/ECE385/lab7_1/realrealrealreal_sdk/mb_block_wrapper/tempdsa
TRACE::2024-11-04.21:29:56::SCWPlatform:: Platform Path C:/Users/realk/Desktop/ece385/ECE385/lab7_1/realrealrealreal_sdk/mb_block_wrapper/tempdsa/mb_block_wrapper.xsa
TRACE::2024-11-04.21:29:56::SCWPlatform:: Unique name xilinx:::0.0
TRACE::2024-11-04.21:29:57::SCWPlatform::Found the Hw Db part of the input DSA
TRACE::2024-11-04.21:29:57::SCWMssOS::Doing hw sync for the mss in domain: standalone_microblaze_0
TRACE::2024-11-04.21:29:57::SCWPlatform::Trying to open the hw design at C:/Users/realk/Desktop/ece385/ECE385/lab7_1/realrealrealreal_sdk/mb_block_wrapper/hw/mb_block_wrapper.xsa
TRACE::2024-11-04.21:29:57::SCWPlatform::DSA given C:/Users/realk/Desktop/ece385/ECE385/lab7_1/realrealrealreal_sdk/mb_block_wrapper/hw/mb_block_wrapper.xsa
TRACE::2024-11-04.21:29:57::SCWPlatform::DSA absoulate path C:/Users/realk/Desktop/ece385/ECE385/lab7_1/realrealrealreal_sdk/mb_block_wrapper/hw/mb_block_wrapper.xsa
TRACE::2024-11-04.21:29:57::SCWPlatform::DSA directory C:/Users/realk/Desktop/ece385/ECE385/lab7_1/realrealrealreal_sdk/mb_block_wrapper/hw
TRACE::2024-11-04.21:29:57::SCWPlatform:: Platform Path C:/Users/realk/Desktop/ece385/ECE385/lab7_1/realrealrealreal_sdk/mb_block_wrapper/hw/mb_block_wrapper.xsa
TRACE::2024-11-04.21:29:57::SCWPlatform:: Unique name xilinx:::0.0
TRACE::2024-11-04.21:29:57::SCWPlatform::Trying to set the existing hwdb with name mb_block_wrapper_4
TRACE::2024-11-04.21:29:57::SCWPlatform::Opened existing hwdb mb_block_wrapper_4
TRACE::2024-11-04.21:29:57::SCWPlatform::Found the Hw Db part of the input DSA
TRACE::2024-11-04.21:29:57::SCWPlatform::Trying to open the hw design at C:/Users/realk/Desktop/ece385/ECE385/lab7_1/realrealrealreal_sdk/mb_block_wrapper/hw/mb_block_wrapper.xsa
TRACE::2024-11-04.21:29:57::SCWPlatform::DSA given C:/Users/realk/Desktop/ece385/ECE385/lab7_1/realrealrealreal_sdk/mb_block_wrapper/hw/mb_block_wrapper.xsa
TRACE::2024-11-04.21:29:57::SCWPlatform::DSA absoulate path C:/Users/realk/Desktop/ece385/ECE385/lab7_1/realrealrealreal_sdk/mb_block_wrapper/hw/mb_block_wrapper.xsa
TRACE::2024-11-04.21:29:57::SCWPlatform::DSA directory C:/Users/realk/Desktop/ece385/ECE385/lab7_1/realrealrealreal_sdk/mb_block_wrapper/hw
TRACE::2024-11-04.21:29:57::SCWPlatform:: Platform Path C:/Users/realk/Desktop/ece385/ECE385/lab7_1/realrealrealreal_sdk/mb_block_wrapper/hw/mb_block_wrapper.xsa
TRACE::2024-11-04.21:29:57::SCWPlatform:: Unique name xilinx:::0.0
TRACE::2024-11-04.21:29:57::SCWPlatform::Trying to set the existing hwdb with name mb_block_wrapper_4
TRACE::2024-11-04.21:29:57::SCWPlatform::Opened existing hwdb mb_block_wrapper_4
TRACE::2024-11-04.21:29:57::SCWPlatform::Found the Hw Db part of the input DSA
TRACE::2024-11-04.21:29:57::SCWMssOS::Checking the sw design at  C:/Users/realk/Desktop/ece385/ECE385/lab7_1/realrealrealreal_sdk/mb_block_wrapper/microblaze_0/standalone_microblaze_0/bsp/system.mss
TRACE::2024-11-04.21:29:57::SCWMssOS::DEBUG:  swdes dump  C:/Users/realk/Desktop/ece385/ECE385/lab7_1/realrealrealreal_sdk/mb_block_wrapper/microblaze_0/standalone_microblaze_0/bsp/system.mss|system||

TRACE::2024-11-04.21:29:57::SCWMssOS::Sw design exists and opened at  C:/Users/realk/Desktop/ece385/ECE385/lab7_1/realrealrealreal_sdk/mb_block_wrapper/microblaze_0/standalone_microblaze_0/bsp/system.mss
TRACE::2024-11-04.21:29:57::SCWPlatform::Trying to open the hw design at C:/Users/realk/Desktop/ece385/ECE385/lab7_1/realrealrealreal_sdk/mb_block_wrapper/tempdsa/mb_block_wrapper.xsa
TRACE::2024-11-04.21:29:57::SCWPlatform::DSA given C:/Users/realk/Desktop/ece385/ECE385/lab7_1/realrealrealreal_sdk/mb_block_wrapper/tempdsa/mb_block_wrapper.xsa
TRACE::2024-11-04.21:29:57::SCWPlatform::DSA absoulate path C:/Users/realk/Desktop/ece385/ECE385/lab7_1/realrealrealreal_sdk/mb_block_wrapper/tempdsa/mb_block_wrapper.xsa
TRACE::2024-11-04.21:29:57::SCWPlatform::DSA directory C:/Users/realk/Desktop/ece385/ECE385/lab7_1/realrealrealreal_sdk/mb_block_wrapper/tempdsa
TRACE::2024-11-04.21:29:57::SCWPlatform:: Platform Path C:/Users/realk/Desktop/ece385/ECE385/lab7_1/realrealrealreal_sdk/mb_block_wrapper/tempdsa/mb_block_wrapper.xsa
TRACE::2024-11-04.21:29:57::SCWPlatform:: Unique name xilinx:::0.0
TRACE::2024-11-04.21:29:57::SCWPlatform::update - Opened existing hwdb mb_block_wrapper_5
TRACE::2024-11-04.21:29:57::SCWPlatform::Found the Hw Db part of the input DSA
TRACE::2024-11-04.21:29:57::SCWMssOS::Saving the mss changes C:/Users/realk/Desktop/ece385/ECE385/lab7_1/realrealrealreal_sdk/mb_block_wrapper/microblaze_0/standalone_microblaze_0/bsp/system.mss
TRACE::2024-11-04.21:29:57::SCWMssOS::Found a swdesign opened with the mssfile.
TRACE::2024-11-04.21:29:57::SCWMssOS::Completed writemss as part of save.
TRACE::2024-11-04.21:29:57::SCWMssOS::Commit changes completed.
TRACE::2024-11-04.21:29:57::SCWMssOS::Completed hw sync for the mss in domain: standalone_microblaze_0
TRACE::2024-11-04.21:29:57::SCWMssOS::Removing the swdes entry for  C:/Users/realk/Desktop/ece385/ECE385/lab7_1/realrealrealreal_sdk/mb_block_wrapper/microblaze_0/standalone_microblaze_0/bsp/system.mss
TRACE::2024-11-04.21:29:57::SCWPlatform::Trying to open the hw design at C:/Users/realk/Desktop/ece385/ECE385/lab7_1/realrealrealreal_sdk/mb_block_wrapper/hw/mb_block_wrapper.xsa
TRACE::2024-11-04.21:29:57::SCWPlatform::DSA given C:/Users/realk/Desktop/ece385/ECE385/lab7_1/realrealrealreal_sdk/mb_block_wrapper/hw/mb_block_wrapper.xsa
TRACE::2024-11-04.21:29:57::SCWPlatform::DSA absoulate path C:/Users/realk/Desktop/ece385/ECE385/lab7_1/realrealrealreal_sdk/mb_block_wrapper/hw/mb_block_wrapper.xsa
TRACE::2024-11-04.21:29:57::SCWPlatform::DSA directory C:/Users/realk/Desktop/ece385/ECE385/lab7_1/realrealrealreal_sdk/mb_block_wrapper/hw
TRACE::2024-11-04.21:29:57::SCWPlatform:: Platform Path C:/Users/realk/Desktop/ece385/ECE385/lab7_1/realrealrealreal_sdk/mb_block_wrapper/hw/mb_block_wrapper.xsa
TRACE::2024-11-04.21:29:57::SCWPlatform:: Unique name xilinx:::0.0
TRACE::2024-11-04.21:29:57::SCWPlatform::Do not have an existing db opened. 
TRACE::2024-11-04.21:29:57::SCWPlatform::Opened new HwDB with name mb_block_wrapper_6
TRACE::2024-11-04.21:29:57::SCWMssOS::Saving the mss changes C:/Users/realk/Desktop/ece385/ECE385/lab7_1/realrealrealreal_sdk/mb_block_wrapper/microblaze_0/standalone_microblaze_0/bsp/system.mss
TRACE::2024-11-04.21:29:57::SCWMssOS::Adding the swdes entry, mss present, able to open swdb C:/Users/realk/Desktop/ece385/ECE385/lab7_1/realrealrealreal_sdk/mb_block_wrapper/microblaze_0/standalone_microblaze_0/bsp/system.mss with des name system
TRACE::2024-11-04.21:29:57::SCWMssOS::Writing the mss file completed C:/Users/realk/Desktop/ece385/ECE385/lab7_1/realrealrealreal_sdk/mb_block_wrapper/microblaze_0/standalone_microblaze_0/bsp/system.mss
TRACE::2024-11-04.21:29:57::SCWMssOS::Commit changes completed.
TRACE::2024-11-04.21:29:57::SCWPlatform::Trying to open the hw design at C:/Users/realk/Desktop/ece385/ECE385/lab7_1/realrealrealreal_sdk/mb_block_wrapper/hw/mb_block_wrapper.xsa
TRACE::2024-11-04.21:29:57::SCWPlatform::DSA given C:/Users/realk/Desktop/ece385/ECE385/lab7_1/realrealrealreal_sdk/mb_block_wrapper/hw/mb_block_wrapper.xsa
TRACE::2024-11-04.21:29:57::SCWPlatform::DSA absoulate path C:/Users/realk/Desktop/ece385/ECE385/lab7_1/realrealrealreal_sdk/mb_block_wrapper/hw/mb_block_wrapper.xsa
TRACE::2024-11-04.21:29:57::SCWPlatform::DSA directory C:/Users/realk/Desktop/ece385/ECE385/lab7_1/realrealrealreal_sdk/mb_block_wrapper/hw
TRACE::2024-11-04.21:29:57::SCWPlatform:: Platform Path C:/Users/realk/Desktop/ece385/ECE385/lab7_1/realrealrealreal_sdk/mb_block_wrapper/hw/mb_block_wrapper.xsa
TRACE::2024-11-04.21:29:57::SCWPlatform:: Unique name xilinx:::0.0
TRACE::2024-11-04.21:29:57::SCWPlatform::Trying to set the existing hwdb with name mb_block_wrapper_6
TRACE::2024-11-04.21:29:57::SCWPlatform::Opened existing hwdb mb_block_wrapper_6
TRACE::2024-11-04.21:29:57::SCWPlatform::Found the Hw Db part of the input DSA
TRACE::2024-11-04.21:29:57::SCWMssOS::Checking the sw design at  C:/Users/realk/Desktop/ece385/ECE385/lab7_1/realrealrealreal_sdk/mb_block_wrapper/microblaze_0/standalone_microblaze_0/bsp/system.mss
TRACE::2024-11-04.21:29:57::SCWMssOS::DEBUG:  swdes dump  C:/Users/realk/Desktop/ece385/ECE385/lab7_1/realrealrealreal_sdk/mb_block_wrapper/microblaze_0/standalone_microblaze_0/bsp/system.mss|system||

TRACE::2024-11-04.21:29:57::SCWMssOS::Sw design exists and opened at  C:/Users/realk/Desktop/ece385/ECE385/lab7_1/realrealrealreal_sdk/mb_block_wrapper/microblaze_0/standalone_microblaze_0/bsp/system.mss
TRACE::2024-11-04.21:29:57::SCWWriter::formatted JSON is {
	"platformName":	"mb_block_wrapper",
	"sprVersion":	"2.0",
	"mode":	"gui",
	"dsaType":	"Fixed",
	"platformDesc":	"mb_block_wrapper",
	"platHandOff":	"C:/Users/realk/Desktop/ece385/ECE385/lab7_1/mb_block_wrapper.xsa",
	"platIntHandOff":	"<platformDir>/hw/mb_block_wrapper.xsa",
	"deviceType":	"FPGA",
	"platIsPrebuiltAutogen":	"false",
	"platIsNoBootBsp":	"false",
	"hasFsblMakeHasChanges":	"false",
	"hasPmufwMakeHasChanges":	"false",
	"platPreBuiltFlag":	false,
	"platformSamplesDir":	"",
	"platActiveSys":	"mb_block_wrapper",
	"systems":	[{
			"systemName":	"mb_block_wrapper",
			"systemDesc":	"mb_block_wrapper",
			"sysIsBootAutoGen":	"true",
			"systemDispName":	"mb_block_wrapper",
			"sysActiveDom":	"standalone_microblaze_0",
			"sysDefaultDom":	"standalone_microblaze_0",
			"domains":	[{
					"domainName":	"standalone_microblaze_0",
					"domainDispName":	"standalone_microblaze_0",
					"domainDesc":	"standalone_microblaze_0",
					"processors":	"microblaze_0",
					"os":	"standalone",
					"sdxOs":	"standalone",
					"debugEnable":	"False",
					"domRuntimes":	["cpp"],
					"swRepo":	"",
					"mssOsVer":	"8.0",
					"mssFile":	"",
					"md5Digest":	"5422c1e5be4ae93f4de8c50507402f2a1",
					"compatibleApp":	"",
					"domType":	"mssDomain",
					"arch":	"32-bit",
					"appSettings":	{
						"appCompilerFlags":	"",
						"appLinkerFlags":	""
					},
					"addedLibs":	[],
					"libOptions":	{
						"libsContainingOptions":	[]
					},
					"prebuiltLibs":	{
						"prebuiltIncPath":	[],
						"prebuiltLibPath":	[]
					},
					"isolation":	{
					}
				}]
		}]
}
LOG::2024-11-04.21:30:06::SCWPlatform::Started generating the artifacts platform mb_block_wrapper
TRACE::2024-11-04.21:30:06::SCWPlatform::Sanity checking of platform is completed
LOG::2024-11-04.21:30:06::SCWPlatform::Started generating the artifacts for system configuration mb_block_wrapper
LOG::2024-11-04.21:30:06::SCWSystem::Checking the domain standalone_microblaze_0
LOG::2024-11-04.21:30:06::SCWSystem::Not a boot domain 
LOG::2024-11-04.21:30:06::SCWSystem::Started Processing the domain standalone_microblaze_0
TRACE::2024-11-04.21:30:06::SCWDomain::Generating domain artifcats
TRACE::2024-11-04.21:30:06::SCWMssOS::Generating standalone artifcats
TRACE::2024-11-04.21:30:06::SCWMssOS:: Copying the user libraries. 
TRACE::2024-11-04.21:30:06::SCWPlatform::Trying to open the hw design at C:/Users/realk/Desktop/ece385/ECE385/lab7_1/realrealrealreal_sdk/mb_block_wrapper/hw/mb_block_wrapper.xsa
TRACE::2024-11-04.21:30:06::SCWPlatform::DSA given C:/Users/realk/Desktop/ece385/ECE385/lab7_1/realrealrealreal_sdk/mb_block_wrapper/hw/mb_block_wrapper.xsa
TRACE::2024-11-04.21:30:06::SCWPlatform::DSA absoulate path C:/Users/realk/Desktop/ece385/ECE385/lab7_1/realrealrealreal_sdk/mb_block_wrapper/hw/mb_block_wrapper.xsa
TRACE::2024-11-04.21:30:06::SCWPlatform::DSA directory C:/Users/realk/Desktop/ece385/ECE385/lab7_1/realrealrealreal_sdk/mb_block_wrapper/hw
TRACE::2024-11-04.21:30:06::SCWPlatform:: Platform Path C:/Users/realk/Desktop/ece385/ECE385/lab7_1/realrealrealreal_sdk/mb_block_wrapper/hw/mb_block_wrapper.xsa
TRACE::2024-11-04.21:30:06::SCWPlatform:: Unique name xilinx:::0.0
TRACE::2024-11-04.21:30:06::SCWPlatform::Trying to set the existing hwdb with name mb_block_wrapper_6
TRACE::2024-11-04.21:30:06::SCWPlatform::Opened existing hwdb mb_block_wrapper_6
TRACE::2024-11-04.21:30:06::SCWPlatform::Found the Hw Db part of the input DSA
TRACE::2024-11-04.21:30:06::SCWMssOS::Checking the sw design at  C:/Users/realk/Desktop/ece385/ECE385/lab7_1/realrealrealreal_sdk/mb_block_wrapper/microblaze_0/standalone_microblaze_0/bsp/system.mss
TRACE::2024-11-04.21:30:06::SCWMssOS::DEBUG:  swdes dump  C:/Users/realk/Desktop/ece385/ECE385/lab7_1/realrealrealreal_sdk/mb_block_wrapper/microblaze_0/standalone_microblaze_0/bsp/system.mss|system||

TRACE::2024-11-04.21:30:06::SCWMssOS::Sw design exists and opened at  C:/Users/realk/Desktop/ece385/ECE385/lab7_1/realrealrealreal_sdk/mb_block_wrapper/microblaze_0/standalone_microblaze_0/bsp/system.mss
TRACE::2024-11-04.21:30:06::SCWMssOS::Completed writing the mss file at C:/Users/realk/Desktop/ece385/ECE385/lab7_1/realrealrealreal_sdk/mb_block_wrapper/microblaze_0/standalone_microblaze_0/bsp
TRACE::2024-11-04.21:30:06::SCWMssOS::Mss edits present, copying mssfile into export location C:/Users/realk/Desktop/ece385/ECE385/lab7_1/realrealrealreal_sdk/mb_block_wrapper/microblaze_0/standalone_microblaze_0/bsp/system.mss
TRACE::2024-11-04.21:30:06::SCWMssOS::bsp generated is stale removing and regenerating. 
TRACE::2024-11-04.21:30:07::SCWMssOS::doing bsp build ... 
TRACE::2024-11-04.21:30:07::SCWMssOS::System Command Ran  C: & cd  C:/Users/realk/Desktop/ece385/ECE385/lab7_1/realrealrealreal_sdk/mb_block_wrapper/microblaze_0/standalone_microblaze_0/bsp & make 
TRACE::2024-11-04.21:30:07::SCWMssOS::make --no-print-directory seq_libs

TRACE::2024-11-04.21:30:08::SCWMssOS::'Finished building libraries sequentially.'

TRACE::2024-11-04.21:30:08::SCWMssOS::make -j 14 --no-print-directory par_libs

TRACE::2024-11-04.21:30:08::SCWMssOS::"Running Make include in microblaze_0/libsrc/bram_v4_8/src"

TRACE::2024-11-04.21:30:08::SCWMssOS::make -C microblaze_0/libsrc/bram_v4_8/src -s include  "SHELL=CMD" "COMPILER=mb-gcc" "ASSEMBLER=mb-as" "ARCHIVER=mb-ar" "COMPILE
TRACE::2024-11-04.21:30:08::SCWMssOS::R_FLAGS=  -O2 -c -mcpu=v11.0 -mlittle-endian -mno-xl-reorder -mno-xl-soft-mul -mxl-barrel-shift -mxl-pattern-compare" "EXTRA_CO
TRACE::2024-11-04.21:30:08::SCWMssOS::MPILER_FLAGS=-g -ffunction-sections -fdata-sections -Wall -Wextra -fno-tree-loop-distribute-patterns"

TRACE::2024-11-04.21:30:08::SCWMssOS::"Running Make include in microblaze_0/libsrc/cpu_v2_16/src"

TRACE::2024-11-04.21:30:08::SCWMssOS::make -C microblaze_0/libsrc/cpu_v2_16/src -s include  "SHELL=CMD" "COMPILER=mb-gcc" "ASSEMBLER=mb-as" "ARCHIVER=mb-ar" "COMPILE
TRACE::2024-11-04.21:30:08::SCWMssOS::R_FLAGS=  -O2 -c -mcpu=v11.0 -mlittle-endian -mno-xl-reorder -mno-xl-soft-mul -mxl-barrel-shift -mxl-pattern-compare" "EXTRA_CO
TRACE::2024-11-04.21:30:08::SCWMssOS::MPILER_FLAGS=-g -ffunction-sections -fdata-sections -Wall -Wextra -fno-tree-loop-distribute-patterns"

TRACE::2024-11-04.21:30:08::SCWMssOS::"Running Make include in microblaze_0/libsrc/intc_v3_15/src"

TRACE::2024-11-04.21:30:08::SCWMssOS::make -C microblaze_0/libsrc/intc_v3_15/src -s include  "SHELL=CMD" "COMPILER=mb-gcc" "ASSEMBLER=mb-as" "ARCHIVER=mb-ar" "COMPIL
TRACE::2024-11-04.21:30:08::SCWMssOS::ER_FLAGS=  -O2 -c -mcpu=v11.0 -mlittle-endian -mno-xl-reorder -mno-xl-soft-mul -mxl-barrel-shift -mxl-pattern-compare" "EXTRA_C
TRACE::2024-11-04.21:30:08::SCWMssOS::OMPILER_FLAGS=-g -ffunction-sections -fdata-sections -Wall -Wextra -fno-tree-loop-distribute-patterns"

TRACE::2024-11-04.21:30:08::SCWMssOS::"Running Make include in microblaze_0/libsrc/standalone_v8_0/src"

TRACE::2024-11-04.21:30:08::SCWMssOS::make -C microblaze_0/libsrc/standalone_v8_0/src -s include  "SHELL=CMD" "COMPILER=mb-gcc" "ASSEMBLER=mb-as" "ARCHIVER=mb-ar" "C
TRACE::2024-11-04.21:30:08::SCWMssOS::OMPILER_FLAGS=  -O2 -c -mcpu=v11.0 -mlittle-endian -mno-xl-reorder -mno-xl-soft-mul -mxl-barrel-shift -mxl-pattern-compare" "EX
TRACE::2024-11-04.21:30:08::SCWMssOS::TRA_COMPILER_FLAGS=-g -ffunction-sections -fdata-sections -Wall -Wextra -fno-tree-loop-distribute-patterns"

TRACE::2024-11-04.21:30:08::SCWMssOS::"Running Make include in microblaze_0/libsrc/uartlite_v3_7/src"

TRACE::2024-11-04.21:30:08::SCWMssOS::make -C microblaze_0/libsrc/uartlite_v3_7/src -s include  "SHELL=CMD" "COMPILER=mb-gcc" "ASSEMBLER=mb-as" "ARCHIVER=mb-ar" "COM
TRACE::2024-11-04.21:30:08::SCWMssOS::PILER_FLAGS=  -O2 -c -mcpu=v11.0 -mlittle-endian -mno-xl-reorder -mno-xl-soft-mul -mxl-barrel-shift -mxl-pattern-compare" "EXTR
TRACE::2024-11-04.21:30:08::SCWMssOS::A_COMPILER_FLAGS=-g -ffunction-sections -fdata-sections -Wall -Wextra -fno-tree-loop-distribute-patterns"

TRACE::2024-11-04.21:30:08::SCWMssOS::"Running Make libs in microblaze_0/libsrc/bram_v4_8/src"

TRACE::2024-11-04.21:30:08::SCWMssOS::make -C microblaze_0/libsrc/bram_v4_8/src -s libs  "SHELL=CMD" "COMPILER=mb-gcc" "ASSEMBLER=mb-as" "ARCHIVER=mb-ar" "COMPILER_F
TRACE::2024-11-04.21:30:08::SCWMssOS::LAGS=  -O2 -c -mcpu=v11.0 -mlittle-endian -mno-xl-reorder -mno-xl-soft-mul -mxl-barrel-shift -mxl-pattern-compare" "EXTRA_COMPI
TRACE::2024-11-04.21:30:08::SCWMssOS::LER_FLAGS=-g -ffunction-sections -fdata-sections -Wall -Wextra -fno-tree-loop-distribute-patterns"

TRACE::2024-11-04.21:30:08::SCWMssOS::"Running Make libs in microblaze_0/libsrc/cpu_v2_16/src"

TRACE::2024-11-04.21:30:08::SCWMssOS::make -C microblaze_0/libsrc/cpu_v2_16/src -s libs  "SHELL=CMD" "COMPILER=mb-gcc" "ASSEMBLER=mb-as" "ARCHIVER=mb-ar" "COMPILER_F
TRACE::2024-11-04.21:30:08::SCWMssOS::LAGS=  -O2 -c -mcpu=v11.0 -mlittle-endian -mno-xl-reorder -mno-xl-soft-mul -mxl-barrel-shift -mxl-pattern-compare" "EXTRA_COMPI
TRACE::2024-11-04.21:30:08::SCWMssOS::LER_FLAGS=-g -ffunction-sections -fdata-sections -Wall -Wextra -fno-tree-loop-distribute-patterns"

TRACE::2024-11-04.21:30:08::SCWMssOS::"Running Make libs in microblaze_0/libsrc/intc_v3_15/src"

TRACE::2024-11-04.21:30:08::SCWMssOS::make -C microblaze_0/libsrc/intc_v3_15/src -s libs  "SHELL=CMD" "COMPILER=mb-gcc" "ASSEMBLER=mb-as" "ARCHIVER=mb-ar" "COMPILER_
TRACE::2024-11-04.21:30:08::SCWMssOS::FLAGS=  -O2 -c -mcpu=v11.0 -mlittle-endian -mno-xl-reorder -mno-xl-soft-mul -mxl-barrel-shift -mxl-pattern-compare" "EXTRA_COMP
TRACE::2024-11-04.21:30:08::SCWMssOS::ILER_FLAGS=-g -ffunction-sections -fdata-sections -Wall -Wextra -fno-tree-loop-distribute-patterns"

TRACE::2024-11-04.21:30:08::SCWMssOS::"Running Make libs in microblaze_0/libsrc/standalone_v8_0/src"

TRACE::2024-11-04.21:30:08::SCWMssOS::make -C microblaze_0/libsrc/standalone_v8_0/src -s libs  "SHELL=CMD" "COMPILER=mb-gcc" "ASSEMBLER=mb-as" "ARCHIVER=mb-ar" "COMP
TRACE::2024-11-04.21:30:08::SCWMssOS::ILER_FLAGS=  -O2 -c -mcpu=v11.0 -mlittle-endian -mno-xl-reorder -mno-xl-soft-mul -mxl-barrel-shift -mxl-pattern-compare" "EXTRA
TRACE::2024-11-04.21:30:08::SCWMssOS::_COMPILER_FLAGS=-g -ffunction-sections -fdata-sections -Wall -Wextra -fno-tree-loop-distribute-patterns"

TRACE::2024-11-04.21:30:08::SCWMssOS::"Running Make libs in microblaze_0/libsrc/uartlite_v3_7/src"

TRACE::2024-11-04.21:30:08::SCWMssOS::make -C microblaze_0/libsrc/uartlite_v3_7/src -s libs  "SHELL=CMD" "COMPILER=mb-gcc" "ASSEMBLER=mb-as" "ARCHIVER=mb-ar" "COMPIL
TRACE::2024-11-04.21:30:08::SCWMssOS::ER_FLAGS=  -O2 -c -mcpu=v11.0 -mlittle-endian -mno-xl-reorder -mno-xl-soft-mul -mxl-barrel-shift -mxl-pattern-compare" "EXTRA_C
TRACE::2024-11-04.21:30:08::SCWMssOS::OMPILER_FLAGS=-g -ffunction-sections -fdata-sections -Wall -Wextra -fno-tree-loop-distribute-patterns"

TRACE::2024-11-04.21:30:10::SCWMssOS::"DEBUG NON_LTO_OBJECTS is ../../../lib/microblaze_interrupt_handler.o"

TRACE::2024-11-04.21:30:10::SCWMssOS::'Finished building libraries parallelly.'

TRACE::2024-11-04.21:30:10::SCWMssOS::make --no-print-directory archive

TRACE::2024-11-04.21:30:10::SCWMssOS::mb-ar -r  microblaze_0/lib/libxil.a microblaze_0/lib/_exit.o microblaze_0/lib/errno.o microblaze_0/lib/fcntl.o microblaze_0/lib
TRACE::2024-11-04.21:30:10::SCWMssOS::/hw_exception_handler.o microblaze_0/lib/inbyte.o microblaze_0/lib/microblaze_disable_dcache.o microblaze_0/lib/microblaze_disa
TRACE::2024-11-04.21:30:10::SCWMssOS::ble_exceptions.o microblaze_0/lib/microblaze_disable_icache.o microblaze_0/lib/microblaze_disable_interrupts.o microblaze_0/lib
TRACE::2024-11-04.21:30:10::SCWMssOS::/microblaze_enable_dcache.o microblaze_0/lib/microblaze_enable_exceptions.o microblaze_0/lib/microblaze_enable_icache.o microbl
TRACE::2024-11-04.21:30:10::SCWMssOS::aze_0/lib/microblaze_enable_interrupts.o microblaze_0/lib/microblaze_exception_handler.o microblaze_0/lib/microblaze_flush_cach
TRACE::2024-11-04.21:30:10::SCWMssOS::e_ext.o microblaze_0/lib/microblaze_flush_cache_ext_range.o microblaze_0/lib/microblaze_flush_dcache.o microblaze_0/lib/microbl
TRACE::2024-11-04.21:30:10::SCWMssOS::aze_flush_dcache_range.o microblaze_0/lib/microblaze_init_dcache_range.o microblaze_0/lib/microblaze_init_icache_range.o microb
TRACE::2024-11-04.21:30:10::SCWMssOS::laze_0/lib/microblaze_interrupt_handler.o microblaze_0/lib/microblaze_interrupts_g.o microblaze_0/lib/microblaze_invalidate_cac
TRACE::2024-11-04.21:30:10::SCWMssOS::he_ext.o microblaze_0/lib/microblaze_invalidate_cache_ext_range.o microblaze_0/lib/microblaze_invalidate_dcache.o microblaze_0/
TRACE::2024-11-04.21:30:10::SCWMssOS::lib/microblaze_invalidate_dcache_range.o microblaze_0/lib/microblaze_invalidate_icache.o microblaze_0/lib/microblaze_invalidate
TRACE::2024-11-04.21:30:10::SCWMssOS::_icache_range.o microblaze_0/lib/microblaze_scrub.o microblaze_0/lib/microblaze_selftest.o microblaze_0/lib/microblaze_sleep.o 
TRACE::2024-11-04.21:30:10::SCWMssOS::microblaze_0/lib/microblaze_update_dcache.o microblaze_0/lib/microblaze_update_icache.o microblaze_0/lib/outbyte.o microblaze_0
TRACE::2024-11-04.21:30:10::SCWMssOS::/lib/print.o microblaze_0/lib/pvr.o microblaze_0/lib/xbram.o microblaze_0/lib/xbram_g.o microblaze_0/lib/xbram_intr.o microblaz
TRACE::2024-11-04.21:30:10::SCWMssOS::e_0/lib/xbram_selftest.o microblaze_0/lib/xbram_sinit.o microblaze_0/lib/xil_assert.o microblaze_0/lib/xil_cache.o microblaze_0
TRACE::2024-11-04.21:30:10::SCWMssOS::/lib/xil_clocking.o microblaze_0/lib/xil_exception.o microblaze_0/lib/xil_mem.o microblaze_0/lib/xil_misc_psreset_api.o microbl
TRACE::2024-11-04.21:30:10::SCWMssOS::aze_0/lib/xil_printf.o microblaze_0/lib/xil_sleepcommon.o microblaze_0/lib/xil_testcache.o microblaze_0/lib/xil_testio.o microb
TRACE::2024-11-04.21:30:10::SCWMssOS::laze_0/lib/xil_testmem.o microblaze_0/lib/xil_util.o microblaze_0/lib/xintc.o microblaze_0/lib/xintc_g.o microblaze_0/lib/xintc
TRACE::2024-11-04.21:30:10::SCWMssOS::_intr.o microblaze_0/lib/xintc_l.o microblaze_0/lib/xintc_options.o microblaze_0/lib/xintc_selftest.o microblaze_0/lib/xinterru
TRACE::2024-11-04.21:30:10::SCWMssOS::pt_wrap.o microblaze_0/lib/xio.o microblaze_0/lib/xplatform_info.o microblaze_0/lib/xuartlite.o microblaze_0/lib/xuartlite_g.o 
TRACE::2024-11-04.21:30:10::SCWMssOS::microblaze_0/lib/xuartlite_intr.o microblaze_0/lib/xuartlite_l.o microblaze_0/lib/xuartlite_selftest.o microblaze_0/lib/xuartli
TRACE::2024-11-04.21:30:10::SCWMssOS::te_sinit.o microblaze_0/lib/xuartlite_stats.o

TRACE::2024-11-04.21:30:10::SCWMssOS::'Finished building libraries'

TRACE::2024-11-04.21:30:10::SCWMssOS:: Checking if to create the Supporting Applications
TRACE::2024-11-04.21:30:10::SCWMssOS:: No Linux domain exists, trying to generate FSBL 
LOG::2024-11-04.21:30:10::SCWSystem::Completed Processing the domain standalone_microblaze_0
LOG::2024-11-04.21:30:10::SCWSystem::Completed Processing the sysconfig mb_block_wrapper
LOG::2024-11-04.21:30:10::SCWPlatform::Completed generating the artifacts for system configuration mb_block_wrapper
TRACE::2024-11-04.21:30:10::SCWPlatform::Started preparing the platform 
TRACE::2024-11-04.21:30:10::SCWSystem::Writing the bif file for system config mb_block_wrapper
TRACE::2024-11-04.21:30:10::SCWSystem::dir created 
TRACE::2024-11-04.21:30:10::SCWSystem::Writing the bif 
TRACE::2024-11-04.21:30:10::SCWPlatform::Started writing the spfm file 
TRACE::2024-11-04.21:30:10::SCWPlatform::Started writing the xpfm file 
TRACE::2024-11-04.21:30:10::SCWPlatform::Completed generating the platform
TRACE::2024-11-04.21:30:10::SCWMssOS::Saving the mss changes C:/Users/realk/Desktop/ece385/ECE385/lab7_1/realrealrealreal_sdk/mb_block_wrapper/microblaze_0/standalone_microblaze_0/bsp/system.mss
TRACE::2024-11-04.21:30:10::SCWMssOS::Adding the swdes entry, mss present, able to open swdb C:/Users/realk/Desktop/ece385/ECE385/lab7_1/realrealrealreal_sdk/mb_block_wrapper/microblaze_0/standalone_microblaze_0/bsp/system.mss with des name system
TRACE::2024-11-04.21:30:10::SCWMssOS::Writing the mss file completed C:/Users/realk/Desktop/ece385/ECE385/lab7_1/realrealrealreal_sdk/mb_block_wrapper/microblaze_0/standalone_microblaze_0/bsp/system.mss
TRACE::2024-11-04.21:30:10::SCWMssOS::Commit changes completed.
TRACE::2024-11-04.21:30:10::SCWPlatform::Trying to open the hw design at C:/Users/realk/Desktop/ece385/ECE385/lab7_1/realrealrealreal_sdk/mb_block_wrapper/hw/mb_block_wrapper.xsa
TRACE::2024-11-04.21:30:10::SCWPlatform::DSA given C:/Users/realk/Desktop/ece385/ECE385/lab7_1/realrealrealreal_sdk/mb_block_wrapper/hw/mb_block_wrapper.xsa
TRACE::2024-11-04.21:30:10::SCWPlatform::DSA absoulate path C:/Users/realk/Desktop/ece385/ECE385/lab7_1/realrealrealreal_sdk/mb_block_wrapper/hw/mb_block_wrapper.xsa
TRACE::2024-11-04.21:30:10::SCWPlatform::DSA directory C:/Users/realk/Desktop/ece385/ECE385/lab7_1/realrealrealreal_sdk/mb_block_wrapper/hw
TRACE::2024-11-04.21:30:10::SCWPlatform:: Platform Path C:/Users/realk/Desktop/ece385/ECE385/lab7_1/realrealrealreal_sdk/mb_block_wrapper/hw/mb_block_wrapper.xsa
TRACE::2024-11-04.21:30:10::SCWPlatform:: Unique name xilinx:::0.0
TRACE::2024-11-04.21:30:10::SCWPlatform::Trying to set the existing hwdb with name mb_block_wrapper_6
TRACE::2024-11-04.21:30:10::SCWPlatform::Opened existing hwdb mb_block_wrapper_6
TRACE::2024-11-04.21:30:10::SCWPlatform::Found the Hw Db part of the input DSA
TRACE::2024-11-04.21:30:10::SCWMssOS::Checking the sw design at  C:/Users/realk/Desktop/ece385/ECE385/lab7_1/realrealrealreal_sdk/mb_block_wrapper/microblaze_0/standalone_microblaze_0/bsp/system.mss
TRACE::2024-11-04.21:30:10::SCWMssOS::DEBUG:  swdes dump  C:/Users/realk/Desktop/ece385/ECE385/lab7_1/realrealrealreal_sdk/mb_block_wrapper/microblaze_0/standalone_microblaze_0/bsp/system.mss|system||

TRACE::2024-11-04.21:30:10::SCWMssOS::Sw design exists and opened at  C:/Users/realk/Desktop/ece385/ECE385/lab7_1/realrealrealreal_sdk/mb_block_wrapper/microblaze_0/standalone_microblaze_0/bsp/system.mss
TRACE::2024-11-04.21:30:10::SCWWriter::formatted JSON is {
	"platformName":	"mb_block_wrapper",
	"sprVersion":	"2.0",
	"mode":	"gui",
	"dsaType":	"Fixed",
	"platformDesc":	"mb_block_wrapper",
	"platHandOff":	"C:/Users/realk/Desktop/ece385/ECE385/lab7_1/mb_block_wrapper.xsa",
	"platIntHandOff":	"<platformDir>/hw/mb_block_wrapper.xsa",
	"deviceType":	"FPGA",
	"platIsPrebuiltAutogen":	"false",
	"platIsNoBootBsp":	"false",
	"hasFsblMakeHasChanges":	"false",
	"hasPmufwMakeHasChanges":	"false",
	"platPreBuiltFlag":	false,
	"platformSamplesDir":	"",
	"platActiveSys":	"mb_block_wrapper",
	"systems":	[{
			"systemName":	"mb_block_wrapper",
			"systemDesc":	"mb_block_wrapper",
			"sysIsBootAutoGen":	"true",
			"systemDispName":	"mb_block_wrapper",
			"sysActiveDom":	"standalone_microblaze_0",
			"sysDefaultDom":	"standalone_microblaze_0",
			"domains":	[{
					"domainName":	"standalone_microblaze_0",
					"domainDispName":	"standalone_microblaze_0",
					"domainDesc":	"standalone_microblaze_0",
					"processors":	"microblaze_0",
					"os":	"standalone",
					"sdxOs":	"standalone",
					"debugEnable":	"False",
					"domRuntimes":	["cpp"],
					"swRepo":	"",
					"mssOsVer":	"8.0",
					"mssFile":	"",
					"md5Digest":	"5422c1e5be4ae93f4de8c50507402f2a",
					"compatibleApp":	"",
					"domType":	"mssDomain",
					"arch":	"32-bit",
					"appSettings":	{
						"appCompilerFlags":	"",
						"appLinkerFlags":	""
					},
					"addedLibs":	[],
					"libOptions":	{
						"libsContainingOptions":	[]
					},
					"prebuiltLibs":	{
						"prebuiltIncPath":	[],
						"prebuiltLibPath":	[]
					},
					"isolation":	{
					}
				}]
		}]
}
KEYINFO::2024-11-04.21:30:10::SCWPlatform::updated the xpfm file.
TRACE::2024-11-04.21:30:11::SCWPlatform::Trying to open the hw design at C:/Users/realk/Desktop/ece385/ECE385/lab7_1/realrealrealreal_sdk/mb_block_wrapper/hw/mb_block_wrapper.xsa
TRACE::2024-11-04.21:30:11::SCWPlatform::DSA given C:/Users/realk/Desktop/ece385/ECE385/lab7_1/realrealrealreal_sdk/mb_block_wrapper/hw/mb_block_wrapper.xsa
TRACE::2024-11-04.21:30:11::SCWPlatform::DSA absoulate path C:/Users/realk/Desktop/ece385/ECE385/lab7_1/realrealrealreal_sdk/mb_block_wrapper/hw/mb_block_wrapper.xsa
TRACE::2024-11-04.21:30:11::SCWPlatform::DSA directory C:/Users/realk/Desktop/ece385/ECE385/lab7_1/realrealrealreal_sdk/mb_block_wrapper/hw
TRACE::2024-11-04.21:30:11::SCWPlatform:: Platform Path C:/Users/realk/Desktop/ece385/ECE385/lab7_1/realrealrealreal_sdk/mb_block_wrapper/hw/mb_block_wrapper.xsa
TRACE::2024-11-04.21:30:11::SCWPlatform:: Unique name xilinx:::0.0
TRACE::2024-11-04.21:30:11::SCWPlatform::Trying to set the existing hwdb with name mb_block_wrapper_6
TRACE::2024-11-04.21:30:11::SCWPlatform::Opened existing hwdb mb_block_wrapper_6
TRACE::2024-11-04.21:30:11::SCWPlatform::Found the Hw Db part of the input DSA
TRACE::2024-11-04.21:30:11::SCWMssOS::Checking the sw design at  C:/Users/realk/Desktop/ece385/ECE385/lab7_1/realrealrealreal_sdk/mb_block_wrapper/microblaze_0/standalone_microblaze_0/bsp/system.mss
TRACE::2024-11-04.21:30:11::SCWMssOS::DEBUG:  swdes dump  C:/Users/realk/Desktop/ece385/ECE385/lab7_1/realrealrealreal_sdk/mb_block_wrapper/microblaze_0/standalone_microblaze_0/bsp/system.mss|system||

TRACE::2024-11-04.21:30:11::SCWMssOS::Sw design exists and opened at  C:/Users/realk/Desktop/ece385/ECE385/lab7_1/realrealrealreal_sdk/mb_block_wrapper/microblaze_0/standalone_microblaze_0/bsp/system.mss
TRACE::2024-11-04.22:23:21::SCWPlatform::Trying to open the hw design at C:/Users/realk/Desktop/ece385/ECE385/lab7_1/realrealrealreal_sdk/mb_block_wrapper/hw/mb_block_wrapper.xsa
TRACE::2024-11-04.22:23:21::SCWPlatform::DSA given C:/Users/realk/Desktop/ece385/ECE385/lab7_1/realrealrealreal_sdk/mb_block_wrapper/hw/mb_block_wrapper.xsa
TRACE::2024-11-04.22:23:21::SCWPlatform::DSA absoulate path C:/Users/realk/Desktop/ece385/ECE385/lab7_1/realrealrealreal_sdk/mb_block_wrapper/hw/mb_block_wrapper.xsa
TRACE::2024-11-04.22:23:21::SCWPlatform::DSA directory C:/Users/realk/Desktop/ece385/ECE385/lab7_1/realrealrealreal_sdk/mb_block_wrapper/hw
TRACE::2024-11-04.22:23:21::SCWPlatform:: Platform Path C:/Users/realk/Desktop/ece385/ECE385/lab7_1/realrealrealreal_sdk/mb_block_wrapper/hw/mb_block_wrapper.xsa
TRACE::2024-11-04.22:23:21::SCWPlatform:: Unique name xilinx:::0.0
TRACE::2024-11-04.22:23:21::SCWPlatform::Do not have an existing db opened. 
TRACE::2024-11-04.22:23:21::SCWPlatform::Opened new HwDB with name mb_block_wrapper
TRACE::2024-11-04.22:23:21::SCWReader::Active system found as  mb_block_wrapper
TRACE::2024-11-04.22:23:21::SCWReader::Handling sysconfig mb_block_wrapper
TRACE::2024-11-04.22:23:21::SCWDomain::checking for install qemu data   : 
TRACE::2024-11-04.22:23:21::SCWPlatform::Trying to open the hw design at C:/Users/realk/Desktop/ece385/ECE385/lab7_1/realrealrealreal_sdk/mb_block_wrapper/hw/mb_block_wrapper.xsa
TRACE::2024-11-04.22:23:21::SCWPlatform::DSA given C:/Users/realk/Desktop/ece385/ECE385/lab7_1/realrealrealreal_sdk/mb_block_wrapper/hw/mb_block_wrapper.xsa
TRACE::2024-11-04.22:23:21::SCWPlatform::DSA absoulate path C:/Users/realk/Desktop/ece385/ECE385/lab7_1/realrealrealreal_sdk/mb_block_wrapper/hw/mb_block_wrapper.xsa
TRACE::2024-11-04.22:23:21::SCWPlatform::DSA directory C:/Users/realk/Desktop/ece385/ECE385/lab7_1/realrealrealreal_sdk/mb_block_wrapper/hw
TRACE::2024-11-04.22:23:21::SCWPlatform:: Platform Path C:/Users/realk/Desktop/ece385/ECE385/lab7_1/realrealrealreal_sdk/mb_block_wrapper/hw/mb_block_wrapper.xsa
TRACE::2024-11-04.22:23:21::SCWPlatform:: Unique name xilinx:::0.0
TRACE::2024-11-04.22:23:21::SCWPlatform::Trying to set the existing hwdb with name mb_block_wrapper
TRACE::2024-11-04.22:23:21::SCWPlatform::Opened existing hwdb mb_block_wrapper
TRACE::2024-11-04.22:23:21::SCWPlatform::Found the Hw Db part of the input DSA
TRACE::2024-11-04.22:23:21::SCWPlatform::Trying to open the hw design at C:/Users/realk/Desktop/ece385/ECE385/lab7_1/realrealrealreal_sdk/mb_block_wrapper/hw/mb_block_wrapper.xsa
TRACE::2024-11-04.22:23:21::SCWPlatform::DSA given C:/Users/realk/Desktop/ece385/ECE385/lab7_1/realrealrealreal_sdk/mb_block_wrapper/hw/mb_block_wrapper.xsa
TRACE::2024-11-04.22:23:21::SCWPlatform::DSA absoulate path C:/Users/realk/Desktop/ece385/ECE385/lab7_1/realrealrealreal_sdk/mb_block_wrapper/hw/mb_block_wrapper.xsa
TRACE::2024-11-04.22:23:21::SCWPlatform::DSA directory C:/Users/realk/Desktop/ece385/ECE385/lab7_1/realrealrealreal_sdk/mb_block_wrapper/hw
TRACE::2024-11-04.22:23:21::SCWPlatform:: Platform Path C:/Users/realk/Desktop/ece385/ECE385/lab7_1/realrealrealreal_sdk/mb_block_wrapper/hw/mb_block_wrapper.xsa
TRACE::2024-11-04.22:23:21::SCWPlatform:: Unique name xilinx:::0.0
TRACE::2024-11-04.22:23:21::SCWPlatform::Trying to set the existing hwdb with name mb_block_wrapper
TRACE::2024-11-04.22:23:21::SCWPlatform::Opened existing hwdb mb_block_wrapper
TRACE::2024-11-04.22:23:21::SCWPlatform::Found the Hw Db part of the input DSA
TRACE::2024-11-04.22:23:21::SCWPlatform::Trying to open the hw design at C:/Users/realk/Desktop/ece385/ECE385/lab7_1/realrealrealreal_sdk/mb_block_wrapper/hw/mb_block_wrapper.xsa
TRACE::2024-11-04.22:23:21::SCWPlatform::DSA given C:/Users/realk/Desktop/ece385/ECE385/lab7_1/realrealrealreal_sdk/mb_block_wrapper/hw/mb_block_wrapper.xsa
TRACE::2024-11-04.22:23:21::SCWPlatform::DSA absoulate path C:/Users/realk/Desktop/ece385/ECE385/lab7_1/realrealrealreal_sdk/mb_block_wrapper/hw/mb_block_wrapper.xsa
TRACE::2024-11-04.22:23:21::SCWPlatform::DSA directory C:/Users/realk/Desktop/ece385/ECE385/lab7_1/realrealrealreal_sdk/mb_block_wrapper/hw
TRACE::2024-11-04.22:23:21::SCWPlatform:: Platform Path C:/Users/realk/Desktop/ece385/ECE385/lab7_1/realrealrealreal_sdk/mb_block_wrapper/hw/mb_block_wrapper.xsa
TRACE::2024-11-04.22:23:21::SCWPlatform:: Unique name xilinx:::0.0
TRACE::2024-11-04.22:23:21::SCWPlatform::Trying to set the existing hwdb with name mb_block_wrapper
TRACE::2024-11-04.22:23:21::SCWPlatform::Opened existing hwdb mb_block_wrapper
TRACE::2024-11-04.22:23:21::SCWPlatform::Found the Hw Db part of the input DSA
TRACE::2024-11-04.22:23:21::SCWPlatform::Trying to open the hw design at C:/Users/realk/Desktop/ece385/ECE385/lab7_1/realrealrealreal_sdk/mb_block_wrapper/hw/mb_block_wrapper.xsa
TRACE::2024-11-04.22:23:21::SCWPlatform::DSA given C:/Users/realk/Desktop/ece385/ECE385/lab7_1/realrealrealreal_sdk/mb_block_wrapper/hw/mb_block_wrapper.xsa
TRACE::2024-11-04.22:23:21::SCWPlatform::DSA absoulate path C:/Users/realk/Desktop/ece385/ECE385/lab7_1/realrealrealreal_sdk/mb_block_wrapper/hw/mb_block_wrapper.xsa
TRACE::2024-11-04.22:23:21::SCWPlatform::DSA directory C:/Users/realk/Desktop/ece385/ECE385/lab7_1/realrealrealreal_sdk/mb_block_wrapper/hw
TRACE::2024-11-04.22:23:21::SCWPlatform:: Platform Path C:/Users/realk/Desktop/ece385/ECE385/lab7_1/realrealrealreal_sdk/mb_block_wrapper/hw/mb_block_wrapper.xsa
TRACE::2024-11-04.22:23:21::SCWPlatform:: Unique name xilinx:::0.0
TRACE::2024-11-04.22:23:21::SCWPlatform::Trying to set the existing hwdb with name mb_block_wrapper
TRACE::2024-11-04.22:23:21::SCWPlatform::Opened existing hwdb mb_block_wrapper
TRACE::2024-11-04.22:23:21::SCWPlatform::Found the Hw Db part of the input DSA
TRACE::2024-11-04.22:23:21::SCWMssOS::Checking the sw design at  C:/Users/realk/Desktop/ece385/ECE385/lab7_1/realrealrealreal_sdk/mb_block_wrapper/microblaze_0/standalone_microblaze_0/bsp/system.mss
TRACE::2024-11-04.22:23:21::SCWMssOS::DEBUG:  swdes dump  
TRACE::2024-11-04.22:23:21::SCWMssOS::No sw design opened at  C:/Users/realk/Desktop/ece385/ECE385/lab7_1/realrealrealreal_sdk/mb_block_wrapper/microblaze_0/standalone_microblaze_0/bsp/system.mss
TRACE::2024-11-04.22:23:21::SCWMssOS::mss exists loading the mss file  C:/Users/realk/Desktop/ece385/ECE385/lab7_1/realrealrealreal_sdk/mb_block_wrapper/microblaze_0/standalone_microblaze_0/bsp/system.mss
TRACE::2024-11-04.22:23:21::SCWMssOS::Opened the sw design from mss  C:/Users/realk/Desktop/ece385/ECE385/lab7_1/realrealrealreal_sdk/mb_block_wrapper/microblaze_0/standalone_microblaze_0/bsp/system.mss
TRACE::2024-11-04.22:23:21::SCWMssOS::Adding the swdes entry C:/Users/realk/Desktop/ece385/ECE385/lab7_1/realrealrealreal_sdk/mb_block_wrapper/microblaze_0/standalone_microblaze_0/bsp/system.mss with des name system
TRACE::2024-11-04.22:23:21::SCWMssOS::updating the scw layer about changes
TRACE::2024-11-04.22:23:21::SCWMssOS::Opened the sw design.  C:/Users/realk/Desktop/ece385/ECE385/lab7_1/realrealrealreal_sdk/mb_block_wrapper/microblaze_0/standalone_microblaze_0/bsp/system.mss
TRACE::2024-11-04.22:23:21::SCWMssOS::Saving the mss changes C:/Users/realk/Desktop/ece385/ECE385/lab7_1/realrealrealreal_sdk/mb_block_wrapper/microblaze_0/standalone_microblaze_0/bsp/system.mss
TRACE::2024-11-04.22:23:21::SCWMssOS::Found a swdesign opened with the mssfile.
TRACE::2024-11-04.22:23:21::SCWMssOS::Completed writemss as part of save.
TRACE::2024-11-04.22:23:21::SCWMssOS::Commit changes completed.
TRACE::2024-11-04.22:23:21::SCWReader::Adding prebuilt librarypaths as   
TRACE::2024-11-04.22:23:21::SCWReader::Adding prebuilt incpaths  as   
TRACE::2024-11-04.22:23:21::SCWPlatform::Trying to open the hw design at C:/Users/realk/Desktop/ece385/ECE385/lab7_1/realrealrealreal_sdk/mb_block_wrapper/hw/mb_block_wrapper.xsa
TRACE::2024-11-04.22:23:21::SCWPlatform::DSA given C:/Users/realk/Desktop/ece385/ECE385/lab7_1/realrealrealreal_sdk/mb_block_wrapper/hw/mb_block_wrapper.xsa
TRACE::2024-11-04.22:23:21::SCWPlatform::DSA absoulate path C:/Users/realk/Desktop/ece385/ECE385/lab7_1/realrealrealreal_sdk/mb_block_wrapper/hw/mb_block_wrapper.xsa
TRACE::2024-11-04.22:23:21::SCWPlatform::DSA directory C:/Users/realk/Desktop/ece385/ECE385/lab7_1/realrealrealreal_sdk/mb_block_wrapper/hw
TRACE::2024-11-04.22:23:21::SCWPlatform:: Platform Path C:/Users/realk/Desktop/ece385/ECE385/lab7_1/realrealrealreal_sdk/mb_block_wrapper/hw/mb_block_wrapper.xsa
TRACE::2024-11-04.22:23:21::SCWPlatform:: Unique name xilinx:::0.0
TRACE::2024-11-04.22:23:21::SCWPlatform::Trying to set the existing hwdb with name mb_block_wrapper
TRACE::2024-11-04.22:23:21::SCWPlatform::Opened existing hwdb mb_block_wrapper
TRACE::2024-11-04.22:23:21::SCWPlatform::Found the Hw Db part of the input DSA
TRACE::2024-11-04.22:23:21::SCWMssOS::Checking the sw design at  C:/Users/realk/Desktop/ece385/ECE385/lab7_1/realrealrealreal_sdk/mb_block_wrapper/microblaze_0/standalone_microblaze_0/bsp/system.mss
TRACE::2024-11-04.22:23:21::SCWMssOS::DEBUG:  swdes dump  C:/Users/realk/Desktop/ece385/ECE385/lab7_1/realrealrealreal_sdk/mb_block_wrapper/microblaze_0/standalone_microblaze_0/bsp/system.mss|system||

TRACE::2024-11-04.22:23:21::SCWMssOS::Sw design exists and opened at  C:/Users/realk/Desktop/ece385/ECE385/lab7_1/realrealrealreal_sdk/mb_block_wrapper/microblaze_0/standalone_microblaze_0/bsp/system.mss
TRACE::2024-11-04.22:23:21::SCWReader::No isolation master present  
TRACE::2024-11-04.22:23:33::SCWPlatform::DSA given C:/Users/realk/Desktop/ece385/ECE385/lab7_1/realrealrealreal_sdk/mb_block_wrapper/tempdsa/mb_block_wrapper.xsa
TRACE::2024-11-04.22:23:33::SCWPlatform::DSA absoulate path C:/Users/realk/Desktop/ece385/ECE385/lab7_1/realrealrealreal_sdk/mb_block_wrapper/tempdsa/mb_block_wrapper.xsa
TRACE::2024-11-04.22:23:33::SCWPlatform:: Platform location is C:/Users/realk/Desktop/ece385/ECE385/lab7_1/realrealrealreal_sdk/mb_block_wrapper/tempdsa
TRACE::2024-11-04.22:23:33::SCWPlatform:: Platform Path C:/Users/realk/Desktop/ece385/ECE385/lab7_1/realrealrealreal_sdk/mb_block_wrapper/tempdsa/mb_block_wrapper.xsa
TRACE::2024-11-04.22:23:33::SCWPlatform:: Unique name xilinx:::0.0
TRACE::2024-11-04.22:23:33::SCWPlatform::Found the Hw Db part of the input DSA
TRACE::2024-11-04.22:23:33::SCWMssOS::Doing hw sync for the mss in domain: standalone_microblaze_0
TRACE::2024-11-04.22:23:33::SCWPlatform::Trying to open the hw design at C:/Users/realk/Desktop/ece385/ECE385/lab7_1/realrealrealreal_sdk/mb_block_wrapper/hw/mb_block_wrapper.xsa
TRACE::2024-11-04.22:23:33::SCWPlatform::DSA given C:/Users/realk/Desktop/ece385/ECE385/lab7_1/realrealrealreal_sdk/mb_block_wrapper/hw/mb_block_wrapper.xsa
TRACE::2024-11-04.22:23:33::SCWPlatform::DSA absoulate path C:/Users/realk/Desktop/ece385/ECE385/lab7_1/realrealrealreal_sdk/mb_block_wrapper/hw/mb_block_wrapper.xsa
TRACE::2024-11-04.22:23:33::SCWPlatform::DSA directory C:/Users/realk/Desktop/ece385/ECE385/lab7_1/realrealrealreal_sdk/mb_block_wrapper/hw
TRACE::2024-11-04.22:23:33::SCWPlatform:: Platform Path C:/Users/realk/Desktop/ece385/ECE385/lab7_1/realrealrealreal_sdk/mb_block_wrapper/hw/mb_block_wrapper.xsa
TRACE::2024-11-04.22:23:33::SCWPlatform:: Unique name xilinx:::0.0
TRACE::2024-11-04.22:23:33::SCWPlatform::Trying to set the existing hwdb with name mb_block_wrapper
TRACE::2024-11-04.22:23:33::SCWPlatform::Opened existing hwdb mb_block_wrapper
TRACE::2024-11-04.22:23:33::SCWPlatform::Found the Hw Db part of the input DSA
TRACE::2024-11-04.22:23:33::SCWPlatform::Trying to open the hw design at C:/Users/realk/Desktop/ece385/ECE385/lab7_1/realrealrealreal_sdk/mb_block_wrapper/hw/mb_block_wrapper.xsa
TRACE::2024-11-04.22:23:33::SCWPlatform::DSA given C:/Users/realk/Desktop/ece385/ECE385/lab7_1/realrealrealreal_sdk/mb_block_wrapper/hw/mb_block_wrapper.xsa
TRACE::2024-11-04.22:23:33::SCWPlatform::DSA absoulate path C:/Users/realk/Desktop/ece385/ECE385/lab7_1/realrealrealreal_sdk/mb_block_wrapper/hw/mb_block_wrapper.xsa
TRACE::2024-11-04.22:23:33::SCWPlatform::DSA directory C:/Users/realk/Desktop/ece385/ECE385/lab7_1/realrealrealreal_sdk/mb_block_wrapper/hw
TRACE::2024-11-04.22:23:33::SCWPlatform:: Platform Path C:/Users/realk/Desktop/ece385/ECE385/lab7_1/realrealrealreal_sdk/mb_block_wrapper/hw/mb_block_wrapper.xsa
TRACE::2024-11-04.22:23:33::SCWPlatform:: Unique name xilinx:::0.0
TRACE::2024-11-04.22:23:33::SCWPlatform::Trying to set the existing hwdb with name mb_block_wrapper
TRACE::2024-11-04.22:23:33::SCWPlatform::Opened existing hwdb mb_block_wrapper
TRACE::2024-11-04.22:23:33::SCWPlatform::Found the Hw Db part of the input DSA
TRACE::2024-11-04.22:23:33::SCWMssOS::Checking the sw design at  C:/Users/realk/Desktop/ece385/ECE385/lab7_1/realrealrealreal_sdk/mb_block_wrapper/microblaze_0/standalone_microblaze_0/bsp/system.mss
TRACE::2024-11-04.22:23:33::SCWMssOS::DEBUG:  swdes dump  C:/Users/realk/Desktop/ece385/ECE385/lab7_1/realrealrealreal_sdk/mb_block_wrapper/microblaze_0/standalone_microblaze_0/bsp/system.mss|system||

TRACE::2024-11-04.22:23:33::SCWMssOS::Sw design exists and opened at  C:/Users/realk/Desktop/ece385/ECE385/lab7_1/realrealrealreal_sdk/mb_block_wrapper/microblaze_0/standalone_microblaze_0/bsp/system.mss
TRACE::2024-11-04.22:23:33::SCWPlatform::Trying to open the hw design at C:/Users/realk/Desktop/ece385/ECE385/lab7_1/realrealrealreal_sdk/mb_block_wrapper/tempdsa/mb_block_wrapper.xsa
TRACE::2024-11-04.22:23:33::SCWPlatform::DSA given C:/Users/realk/Desktop/ece385/ECE385/lab7_1/realrealrealreal_sdk/mb_block_wrapper/tempdsa/mb_block_wrapper.xsa
TRACE::2024-11-04.22:23:33::SCWPlatform::DSA absoulate path C:/Users/realk/Desktop/ece385/ECE385/lab7_1/realrealrealreal_sdk/mb_block_wrapper/tempdsa/mb_block_wrapper.xsa
TRACE::2024-11-04.22:23:33::SCWPlatform::DSA directory C:/Users/realk/Desktop/ece385/ECE385/lab7_1/realrealrealreal_sdk/mb_block_wrapper/tempdsa
TRACE::2024-11-04.22:23:33::SCWPlatform:: Platform Path C:/Users/realk/Desktop/ece385/ECE385/lab7_1/realrealrealreal_sdk/mb_block_wrapper/tempdsa/mb_block_wrapper.xsa
TRACE::2024-11-04.22:23:33::SCWPlatform:: Unique name xilinx:::0.0
TRACE::2024-11-04.22:23:33::SCWPlatform::update - Opened existing hwdb mb_block_wrapper_0
TRACE::2024-11-04.22:23:33::SCWPlatform::Found the Hw Db part of the input DSA
TRACE::2024-11-04.22:23:33::SCWMssOS::Saving the mss changes C:/Users/realk/Desktop/ece385/ECE385/lab7_1/realrealrealreal_sdk/mb_block_wrapper/microblaze_0/standalone_microblaze_0/bsp/system.mss
TRACE::2024-11-04.22:23:33::SCWMssOS::Found a swdesign opened with the mssfile.
TRACE::2024-11-04.22:23:33::SCWMssOS::Completed writemss as part of save.
TRACE::2024-11-04.22:23:33::SCWMssOS::Commit changes completed.
TRACE::2024-11-04.22:23:33::SCWMssOS::Completed hw sync for the mss in domain: standalone_microblaze_0
TRACE::2024-11-04.22:23:33::SCWMssOS::Removing the swdes entry for  C:/Users/realk/Desktop/ece385/ECE385/lab7_1/realrealrealreal_sdk/mb_block_wrapper/microblaze_0/standalone_microblaze_0/bsp/system.mss
TRACE::2024-11-04.22:23:33::SCWPlatform::Trying to open the hw design at C:/Users/realk/Desktop/ece385/ECE385/lab7_1/realrealrealreal_sdk/mb_block_wrapper/hw/mb_block_wrapper.xsa
TRACE::2024-11-04.22:23:33::SCWPlatform::DSA given C:/Users/realk/Desktop/ece385/ECE385/lab7_1/realrealrealreal_sdk/mb_block_wrapper/hw/mb_block_wrapper.xsa
TRACE::2024-11-04.22:23:33::SCWPlatform::DSA absoulate path C:/Users/realk/Desktop/ece385/ECE385/lab7_1/realrealrealreal_sdk/mb_block_wrapper/hw/mb_block_wrapper.xsa
TRACE::2024-11-04.22:23:33::SCWPlatform::DSA directory C:/Users/realk/Desktop/ece385/ECE385/lab7_1/realrealrealreal_sdk/mb_block_wrapper/hw
TRACE::2024-11-04.22:23:33::SCWPlatform:: Platform Path C:/Users/realk/Desktop/ece385/ECE385/lab7_1/realrealrealreal_sdk/mb_block_wrapper/hw/mb_block_wrapper.xsa
TRACE::2024-11-04.22:23:33::SCWPlatform:: Unique name xilinx:::0.0
TRACE::2024-11-04.22:23:33::SCWPlatform::Do not have an existing db opened. 
TRACE::2024-11-04.22:23:33::SCWPlatform::Opened new HwDB with name mb_block_wrapper_1
TRACE::2024-11-04.22:23:33::SCWMssOS::Saving the mss changes C:/Users/realk/Desktop/ece385/ECE385/lab7_1/realrealrealreal_sdk/mb_block_wrapper/microblaze_0/standalone_microblaze_0/bsp/system.mss
TRACE::2024-11-04.22:23:33::SCWMssOS::Adding the swdes entry, mss present, able to open swdb C:/Users/realk/Desktop/ece385/ECE385/lab7_1/realrealrealreal_sdk/mb_block_wrapper/microblaze_0/standalone_microblaze_0/bsp/system.mss with des name system
TRACE::2024-11-04.22:23:33::SCWMssOS::Writing the mss file completed C:/Users/realk/Desktop/ece385/ECE385/lab7_1/realrealrealreal_sdk/mb_block_wrapper/microblaze_0/standalone_microblaze_0/bsp/system.mss
TRACE::2024-11-04.22:23:33::SCWMssOS::Commit changes completed.
TRACE::2024-11-04.22:23:33::SCWPlatform::Trying to open the hw design at C:/Users/realk/Desktop/ece385/ECE385/lab7_1/realrealrealreal_sdk/mb_block_wrapper/hw/mb_block_wrapper.xsa
TRACE::2024-11-04.22:23:33::SCWPlatform::DSA given C:/Users/realk/Desktop/ece385/ECE385/lab7_1/realrealrealreal_sdk/mb_block_wrapper/hw/mb_block_wrapper.xsa
TRACE::2024-11-04.22:23:33::SCWPlatform::DSA absoulate path C:/Users/realk/Desktop/ece385/ECE385/lab7_1/realrealrealreal_sdk/mb_block_wrapper/hw/mb_block_wrapper.xsa
TRACE::2024-11-04.22:23:33::SCWPlatform::DSA directory C:/Users/realk/Desktop/ece385/ECE385/lab7_1/realrealrealreal_sdk/mb_block_wrapper/hw
TRACE::2024-11-04.22:23:33::SCWPlatform:: Platform Path C:/Users/realk/Desktop/ece385/ECE385/lab7_1/realrealrealreal_sdk/mb_block_wrapper/hw/mb_block_wrapper.xsa
TRACE::2024-11-04.22:23:33::SCWPlatform:: Unique name xilinx:::0.0
TRACE::2024-11-04.22:23:33::SCWPlatform::Trying to set the existing hwdb with name mb_block_wrapper_1
TRACE::2024-11-04.22:23:33::SCWPlatform::Opened existing hwdb mb_block_wrapper_1
TRACE::2024-11-04.22:23:33::SCWPlatform::Found the Hw Db part of the input DSA
TRACE::2024-11-04.22:23:33::SCWMssOS::Checking the sw design at  C:/Users/realk/Desktop/ece385/ECE385/lab7_1/realrealrealreal_sdk/mb_block_wrapper/microblaze_0/standalone_microblaze_0/bsp/system.mss
TRACE::2024-11-04.22:23:33::SCWMssOS::DEBUG:  swdes dump  C:/Users/realk/Desktop/ece385/ECE385/lab7_1/realrealrealreal_sdk/mb_block_wrapper/microblaze_0/standalone_microblaze_0/bsp/system.mss|system||

TRACE::2024-11-04.22:23:33::SCWMssOS::Sw design exists and opened at  C:/Users/realk/Desktop/ece385/ECE385/lab7_1/realrealrealreal_sdk/mb_block_wrapper/microblaze_0/standalone_microblaze_0/bsp/system.mss
TRACE::2024-11-04.22:23:33::SCWWriter::formatted JSON is {
	"platformName":	"mb_block_wrapper",
	"sprVersion":	"2.0",
	"mode":	"gui",
	"dsaType":	"Fixed",
	"platformDesc":	"mb_block_wrapper",
	"platHandOff":	"C:/Users/realk/Desktop/ece385/ECE385/lab7_1/mb_block_wrapper.xsa",
	"platIntHandOff":	"<platformDir>/hw/mb_block_wrapper.xsa",
	"deviceType":	"FPGA",
	"platIsPrebuiltAutogen":	"false",
	"platIsNoBootBsp":	"false",
	"hasFsblMakeHasChanges":	"false",
	"hasPmufwMakeHasChanges":	"false",
	"platPreBuiltFlag":	false,
	"platformSamplesDir":	"",
	"platActiveSys":	"mb_block_wrapper",
	"systems":	[{
			"systemName":	"mb_block_wrapper",
			"systemDesc":	"mb_block_wrapper",
			"sysIsBootAutoGen":	"true",
			"systemDispName":	"mb_block_wrapper",
			"sysActiveDom":	"standalone_microblaze_0",
			"sysDefaultDom":	"standalone_microblaze_0",
			"domains":	[{
					"domainName":	"standalone_microblaze_0",
					"domainDispName":	"standalone_microblaze_0",
					"domainDesc":	"standalone_microblaze_0",
					"processors":	"microblaze_0",
					"os":	"standalone",
					"sdxOs":	"standalone",
					"debugEnable":	"False",
					"domRuntimes":	["cpp"],
					"swRepo":	"",
					"mssOsVer":	"8.0",
					"mssFile":	"",
					"md5Digest":	"5422c1e5be4ae93f4de8c50507402f2a1",
					"compatibleApp":	"",
					"domType":	"mssDomain",
					"arch":	"32-bit",
					"appSettings":	{
						"appCompilerFlags":	"",
						"appLinkerFlags":	""
					},
					"addedLibs":	[],
					"libOptions":	{
						"libsContainingOptions":	[]
					},
					"prebuiltLibs":	{
						"prebuiltIncPath":	[],
						"prebuiltLibPath":	[]
					},
					"isolation":	{
					}
				}]
		}]
}
LOG::2024-11-04.22:23:40::SCWPlatform::Started generating the artifacts platform mb_block_wrapper
TRACE::2024-11-04.22:23:40::SCWPlatform::Sanity checking of platform is completed
LOG::2024-11-04.22:23:40::SCWPlatform::Started generating the artifacts for system configuration mb_block_wrapper
LOG::2024-11-04.22:23:40::SCWSystem::Checking the domain standalone_microblaze_0
LOG::2024-11-04.22:23:40::SCWSystem::Not a boot domain 
LOG::2024-11-04.22:23:40::SCWSystem::Started Processing the domain standalone_microblaze_0
TRACE::2024-11-04.22:23:40::SCWDomain::Generating domain artifcats
TRACE::2024-11-04.22:23:40::SCWMssOS::Generating standalone artifcats
TRACE::2024-11-04.22:23:40::SCWMssOS:: Copying the user libraries. 
TRACE::2024-11-04.22:23:40::SCWPlatform::Trying to open the hw design at C:/Users/realk/Desktop/ece385/ECE385/lab7_1/realrealrealreal_sdk/mb_block_wrapper/hw/mb_block_wrapper.xsa
TRACE::2024-11-04.22:23:40::SCWPlatform::DSA given C:/Users/realk/Desktop/ece385/ECE385/lab7_1/realrealrealreal_sdk/mb_block_wrapper/hw/mb_block_wrapper.xsa
TRACE::2024-11-04.22:23:40::SCWPlatform::DSA absoulate path C:/Users/realk/Desktop/ece385/ECE385/lab7_1/realrealrealreal_sdk/mb_block_wrapper/hw/mb_block_wrapper.xsa
TRACE::2024-11-04.22:23:40::SCWPlatform::DSA directory C:/Users/realk/Desktop/ece385/ECE385/lab7_1/realrealrealreal_sdk/mb_block_wrapper/hw
TRACE::2024-11-04.22:23:40::SCWPlatform:: Platform Path C:/Users/realk/Desktop/ece385/ECE385/lab7_1/realrealrealreal_sdk/mb_block_wrapper/hw/mb_block_wrapper.xsa
TRACE::2024-11-04.22:23:40::SCWPlatform:: Unique name xilinx:::0.0
TRACE::2024-11-04.22:23:40::SCWPlatform::Trying to set the existing hwdb with name mb_block_wrapper_1
TRACE::2024-11-04.22:23:40::SCWPlatform::Opened existing hwdb mb_block_wrapper_1
TRACE::2024-11-04.22:23:40::SCWPlatform::Found the Hw Db part of the input DSA
TRACE::2024-11-04.22:23:40::SCWMssOS::Checking the sw design at  C:/Users/realk/Desktop/ece385/ECE385/lab7_1/realrealrealreal_sdk/mb_block_wrapper/microblaze_0/standalone_microblaze_0/bsp/system.mss
TRACE::2024-11-04.22:23:40::SCWMssOS::DEBUG:  swdes dump  C:/Users/realk/Desktop/ece385/ECE385/lab7_1/realrealrealreal_sdk/mb_block_wrapper/microblaze_0/standalone_microblaze_0/bsp/system.mss|system||

TRACE::2024-11-04.22:23:40::SCWMssOS::Sw design exists and opened at  C:/Users/realk/Desktop/ece385/ECE385/lab7_1/realrealrealreal_sdk/mb_block_wrapper/microblaze_0/standalone_microblaze_0/bsp/system.mss
TRACE::2024-11-04.22:23:40::SCWMssOS::Completed writing the mss file at C:/Users/realk/Desktop/ece385/ECE385/lab7_1/realrealrealreal_sdk/mb_block_wrapper/microblaze_0/standalone_microblaze_0/bsp
TRACE::2024-11-04.22:23:40::SCWMssOS::Mss edits present, copying mssfile into export location C:/Users/realk/Desktop/ece385/ECE385/lab7_1/realrealrealreal_sdk/mb_block_wrapper/microblaze_0/standalone_microblaze_0/bsp/system.mss
TRACE::2024-11-04.22:23:40::SCWMssOS::bsp generated is stale removing and regenerating. 
TRACE::2024-11-04.22:23:42::SCWMssOS::doing bsp build ... 
TRACE::2024-11-04.22:23:42::SCWMssOS::System Command Ran  C: & cd  C:/Users/realk/Desktop/ece385/ECE385/lab7_1/realrealrealreal_sdk/mb_block_wrapper/microblaze_0/standalone_microblaze_0/bsp & make 
TRACE::2024-11-04.22:23:42::SCWMssOS::make --no-print-directory seq_libs

TRACE::2024-11-04.22:23:42::SCWMssOS::'Finished building libraries sequentially.'

TRACE::2024-11-04.22:23:42::SCWMssOS::make -j 14 --no-print-directory par_libs

TRACE::2024-11-04.22:23:42::SCWMssOS::"Running Make include in microblaze_0/libsrc/bram_v4_8/src"

TRACE::2024-11-04.22:23:42::SCWMssOS::make -C microblaze_0/libsrc/bram_v4_8/src -s include  "SHELL=CMD" "COMPILER=mb-gcc" "ASSEMBLER=mb-as" "ARCHIVER=mb-ar" "COMPILE
TRACE::2024-11-04.22:23:42::SCWMssOS::R_FLAGS=  -O2 -c -mcpu=v11.0 -mlittle-endian -mno-xl-reorder -mno-xl-soft-mul -mxl-barrel-shift -mxl-pattern-compare" "EXTRA_CO
TRACE::2024-11-04.22:23:42::SCWMssOS::MPILER_FLAGS=-g -ffunction-sections -fdata-sections -Wall -Wextra -fno-tree-loop-distribute-patterns"

TRACE::2024-11-04.22:23:42::SCWMssOS::"Running Make include in microblaze_0/libsrc/cpu_v2_16/src"

TRACE::2024-11-04.22:23:42::SCWMssOS::make -C microblaze_0/libsrc/cpu_v2_16/src -s include  "SHELL=CMD" "COMPILER=mb-gcc" "ASSEMBLER=mb-as" "ARCHIVER=mb-ar" "COMPILE
TRACE::2024-11-04.22:23:42::SCWMssOS::R_FLAGS=  -O2 -c -mcpu=v11.0 -mlittle-endian -mno-xl-reorder -mno-xl-soft-mul -mxl-barrel-shift -mxl-pattern-compare" "EXTRA_CO
TRACE::2024-11-04.22:23:42::SCWMssOS::MPILER_FLAGS=-g -ffunction-sections -fdata-sections -Wall -Wextra -fno-tree-loop-distribute-patterns"

TRACE::2024-11-04.22:23:42::SCWMssOS::"Running Make include in microblaze_0/libsrc/intc_v3_15/src"

TRACE::2024-11-04.22:23:42::SCWMssOS::make -C microblaze_0/libsrc/intc_v3_15/src -s include  "SHELL=CMD" "COMPILER=mb-gcc" "ASSEMBLER=mb-as" "ARCHIVER=mb-ar" "COMPIL
TRACE::2024-11-04.22:23:42::SCWMssOS::ER_FLAGS=  -O2 -c -mcpu=v11.0 -mlittle-endian -mno-xl-reorder -mno-xl-soft-mul -mxl-barrel-shift -mxl-pattern-compare" "EXTRA_C
TRACE::2024-11-04.22:23:42::SCWMssOS::OMPILER_FLAGS=-g -ffunction-sections -fdata-sections -Wall -Wextra -fno-tree-loop-distribute-patterns"

TRACE::2024-11-04.22:23:42::SCWMssOS::"Running Make include in microblaze_0/libsrc/standalone_v8_0/src"

TRACE::2024-11-04.22:23:42::SCWMssOS::make -C microblaze_0/libsrc/standalone_v8_0/src -s include  "SHELL=CMD" "COMPILER=mb-gcc" "ASSEMBLER=mb-as" "ARCHIVER=mb-ar" "C
TRACE::2024-11-04.22:23:42::SCWMssOS::OMPILER_FLAGS=  -O2 -c -mcpu=v11.0 -mlittle-endian -mno-xl-reorder -mno-xl-soft-mul -mxl-barrel-shift -mxl-pattern-compare" "EX
TRACE::2024-11-04.22:23:42::SCWMssOS::TRA_COMPILER_FLAGS=-g -ffunction-sections -fdata-sections -Wall -Wextra -fno-tree-loop-distribute-patterns"

TRACE::2024-11-04.22:23:42::SCWMssOS::"Running Make include in microblaze_0/libsrc/uartlite_v3_7/src"

TRACE::2024-11-04.22:23:42::SCWMssOS::make -C microblaze_0/libsrc/uartlite_v3_7/src -s include  "SHELL=CMD" "COMPILER=mb-gcc" "ASSEMBLER=mb-as" "ARCHIVER=mb-ar" "COM
TRACE::2024-11-04.22:23:42::SCWMssOS::PILER_FLAGS=  -O2 -c -mcpu=v11.0 -mlittle-endian -mno-xl-reorder -mno-xl-soft-mul -mxl-barrel-shift -mxl-pattern-compare" "EXTR
TRACE::2024-11-04.22:23:42::SCWMssOS::A_COMPILER_FLAGS=-g -ffunction-sections -fdata-sections -Wall -Wextra -fno-tree-loop-distribute-patterns"

TRACE::2024-11-04.22:23:43::SCWMssOS::"Running Make libs in microblaze_0/libsrc/bram_v4_8/src"

TRACE::2024-11-04.22:23:43::SCWMssOS::make -C microblaze_0/libsrc/bram_v4_8/src -s libs  "SHELL=CMD" "COMPILER=mb-gcc" "ASSEMBLER=mb-as" "ARCHIVER=mb-ar" "COMPILER_F
TRACE::2024-11-04.22:23:43::SCWMssOS::LAGS=  -O2 -c -mcpu=v11.0 -mlittle-endian -mno-xl-reorder -mno-xl-soft-mul -mxl-barrel-shift -mxl-pattern-compare" "EXTRA_COMPI
TRACE::2024-11-04.22:23:43::SCWMssOS::LER_FLAGS=-g -ffunction-sections -fdata-sections -Wall -Wextra -fno-tree-loop-distribute-patterns"

TRACE::2024-11-04.22:23:43::SCWMssOS::"Running Make libs in microblaze_0/libsrc/cpu_v2_16/src"

TRACE::2024-11-04.22:23:43::SCWMssOS::make -C microblaze_0/libsrc/cpu_v2_16/src -s libs  "SHELL=CMD" "COMPILER=mb-gcc" "ASSEMBLER=mb-as" "ARCHIVER=mb-ar" "COMPILER_F
TRACE::2024-11-04.22:23:43::SCWMssOS::LAGS=  -O2 -c -mcpu=v11.0 -mlittle-endian -mno-xl-reorder -mno-xl-soft-mul -mxl-barrel-shift -mxl-pattern-compare" "EXTRA_COMPI
TRACE::2024-11-04.22:23:43::SCWMssOS::LER_FLAGS=-g -ffunction-sections -fdata-sections -Wall -Wextra -fno-tree-loop-distribute-patterns"

TRACE::2024-11-04.22:23:43::SCWMssOS::"Running Make libs in microblaze_0/libsrc/intc_v3_15/src"

TRACE::2024-11-04.22:23:43::SCWMssOS::make -C microblaze_0/libsrc/intc_v3_15/src -s libs  "SHELL=CMD" "COMPILER=mb-gcc" "ASSEMBLER=mb-as" "ARCHIVER=mb-ar" "COMPILER_
TRACE::2024-11-04.22:23:43::SCWMssOS::FLAGS=  -O2 -c -mcpu=v11.0 -mlittle-endian -mno-xl-reorder -mno-xl-soft-mul -mxl-barrel-shift -mxl-pattern-compare" "EXTRA_COMP
TRACE::2024-11-04.22:23:43::SCWMssOS::ILER_FLAGS=-g -ffunction-sections -fdata-sections -Wall -Wextra -fno-tree-loop-distribute-patterns"

TRACE::2024-11-04.22:23:43::SCWMssOS::"Running Make libs in microblaze_0/libsrc/standalone_v8_0/src"

TRACE::2024-11-04.22:23:43::SCWMssOS::make -C microblaze_0/libsrc/standalone_v8_0/src -s libs  "SHELL=CMD" "COMPILER=mb-gcc" "ASSEMBLER=mb-as" "ARCHIVER=mb-ar" "COMP
TRACE::2024-11-04.22:23:43::SCWMssOS::ILER_FLAGS=  -O2 -c -mcpu=v11.0 -mlittle-endian -mno-xl-reorder -mno-xl-soft-mul -mxl-barrel-shift -mxl-pattern-compare" "EXTRA
TRACE::2024-11-04.22:23:43::SCWMssOS::_COMPILER_FLAGS=-g -ffunction-sections -fdata-sections -Wall -Wextra -fno-tree-loop-distribute-patterns"

TRACE::2024-11-04.22:23:43::SCWMssOS::"Running Make libs in microblaze_0/libsrc/uartlite_v3_7/src"

TRACE::2024-11-04.22:23:43::SCWMssOS::make -C microblaze_0/libsrc/uartlite_v3_7/src -s libs  "SHELL=CMD" "COMPILER=mb-gcc" "ASSEMBLER=mb-as" "ARCHIVER=mb-ar" "COMPIL
TRACE::2024-11-04.22:23:43::SCWMssOS::ER_FLAGS=  -O2 -c -mcpu=v11.0 -mlittle-endian -mno-xl-reorder -mno-xl-soft-mul -mxl-barrel-shift -mxl-pattern-compare" "EXTRA_C
TRACE::2024-11-04.22:23:43::SCWMssOS::OMPILER_FLAGS=-g -ffunction-sections -fdata-sections -Wall -Wextra -fno-tree-loop-distribute-patterns"

TRACE::2024-11-04.22:23:48::SCWMssOS::"DEBUG NON_LTO_OBJECTS is ../../../lib/microblaze_interrupt_handler.o"

TRACE::2024-11-04.22:23:49::SCWMssOS::'Finished building libraries parallelly.'

TRACE::2024-11-04.22:23:49::SCWMssOS::make --no-print-directory archive

TRACE::2024-11-04.22:23:49::SCWMssOS::mb-ar -r  microblaze_0/lib/libxil.a microblaze_0/lib/_exit.o microblaze_0/lib/errno.o microblaze_0/lib/fcntl.o microblaze_0/lib
TRACE::2024-11-04.22:23:49::SCWMssOS::/hw_exception_handler.o microblaze_0/lib/inbyte.o microblaze_0/lib/microblaze_disable_dcache.o microblaze_0/lib/microblaze_disa
TRACE::2024-11-04.22:23:49::SCWMssOS::ble_exceptions.o microblaze_0/lib/microblaze_disable_icache.o microblaze_0/lib/microblaze_disable_interrupts.o microblaze_0/lib
TRACE::2024-11-04.22:23:49::SCWMssOS::/microblaze_enable_dcache.o microblaze_0/lib/microblaze_enable_exceptions.o microblaze_0/lib/microblaze_enable_icache.o microbl
TRACE::2024-11-04.22:23:49::SCWMssOS::aze_0/lib/microblaze_enable_interrupts.o microblaze_0/lib/microblaze_exception_handler.o microblaze_0/lib/microblaze_flush_cach
TRACE::2024-11-04.22:23:49::SCWMssOS::e_ext.o microblaze_0/lib/microblaze_flush_cache_ext_range.o microblaze_0/lib/microblaze_flush_dcache.o microblaze_0/lib/microbl
TRACE::2024-11-04.22:23:49::SCWMssOS::aze_flush_dcache_range.o microblaze_0/lib/microblaze_init_dcache_range.o microblaze_0/lib/microblaze_init_icache_range.o microb
TRACE::2024-11-04.22:23:49::SCWMssOS::laze_0/lib/microblaze_interrupt_handler.o microblaze_0/lib/microblaze_interrupts_g.o microblaze_0/lib/microblaze_invalidate_cac
TRACE::2024-11-04.22:23:49::SCWMssOS::he_ext.o microblaze_0/lib/microblaze_invalidate_cache_ext_range.o microblaze_0/lib/microblaze_invalidate_dcache.o microblaze_0/
TRACE::2024-11-04.22:23:49::SCWMssOS::lib/microblaze_invalidate_dcache_range.o microblaze_0/lib/microblaze_invalidate_icache.o microblaze_0/lib/microblaze_invalidate
TRACE::2024-11-04.22:23:49::SCWMssOS::_icache_range.o microblaze_0/lib/microblaze_scrub.o microblaze_0/lib/microblaze_selftest.o microblaze_0/lib/microblaze_sleep.o 
TRACE::2024-11-04.22:23:49::SCWMssOS::microblaze_0/lib/microblaze_update_dcache.o microblaze_0/lib/microblaze_update_icache.o microblaze_0/lib/outbyte.o microblaze_0
TRACE::2024-11-04.22:23:49::SCWMssOS::/lib/print.o microblaze_0/lib/pvr.o microblaze_0/lib/xbram.o microblaze_0/lib/xbram_g.o microblaze_0/lib/xbram_intr.o microblaz
TRACE::2024-11-04.22:23:49::SCWMssOS::e_0/lib/xbram_selftest.o microblaze_0/lib/xbram_sinit.o microblaze_0/lib/xil_assert.o microblaze_0/lib/xil_cache.o microblaze_0
TRACE::2024-11-04.22:23:49::SCWMssOS::/lib/xil_clocking.o microblaze_0/lib/xil_exception.o microblaze_0/lib/xil_mem.o microblaze_0/lib/xil_misc_psreset_api.o microbl
TRACE::2024-11-04.22:23:49::SCWMssOS::aze_0/lib/xil_printf.o microblaze_0/lib/xil_sleepcommon.o microblaze_0/lib/xil_testcache.o microblaze_0/lib/xil_testio.o microb
TRACE::2024-11-04.22:23:49::SCWMssOS::laze_0/lib/xil_testmem.o microblaze_0/lib/xil_util.o microblaze_0/lib/xintc.o microblaze_0/lib/xintc_g.o microblaze_0/lib/xintc
TRACE::2024-11-04.22:23:49::SCWMssOS::_intr.o microblaze_0/lib/xintc_l.o microblaze_0/lib/xintc_options.o microblaze_0/lib/xintc_selftest.o microblaze_0/lib/xinterru
TRACE::2024-11-04.22:23:49::SCWMssOS::pt_wrap.o microblaze_0/lib/xio.o microblaze_0/lib/xplatform_info.o microblaze_0/lib/xuartlite.o microblaze_0/lib/xuartlite_g.o 
TRACE::2024-11-04.22:23:49::SCWMssOS::microblaze_0/lib/xuartlite_intr.o microblaze_0/lib/xuartlite_l.o microblaze_0/lib/xuartlite_selftest.o microblaze_0/lib/xuartli
TRACE::2024-11-04.22:23:49::SCWMssOS::te_sinit.o microblaze_0/lib/xuartlite_stats.o

TRACE::2024-11-04.22:23:49::SCWMssOS::'Finished building libraries'

TRACE::2024-11-04.22:23:49::SCWMssOS:: Checking if to create the Supporting Applications
TRACE::2024-11-04.22:23:49::SCWMssOS:: No Linux domain exists, trying to generate FSBL 
LOG::2024-11-04.22:23:49::SCWSystem::Completed Processing the domain standalone_microblaze_0
LOG::2024-11-04.22:23:49::SCWSystem::Completed Processing the sysconfig mb_block_wrapper
LOG::2024-11-04.22:23:49::SCWPlatform::Completed generating the artifacts for system configuration mb_block_wrapper
TRACE::2024-11-04.22:23:49::SCWPlatform::Started preparing the platform 
TRACE::2024-11-04.22:23:49::SCWSystem::Writing the bif file for system config mb_block_wrapper
TRACE::2024-11-04.22:23:49::SCWSystem::dir created 
TRACE::2024-11-04.22:23:49::SCWSystem::Writing the bif 
TRACE::2024-11-04.22:23:49::SCWPlatform::Started writing the spfm file 
TRACE::2024-11-04.22:23:49::SCWPlatform::Started writing the xpfm file 
TRACE::2024-11-04.22:23:49::SCWPlatform::Completed generating the platform
TRACE::2024-11-04.22:23:49::SCWMssOS::Saving the mss changes C:/Users/realk/Desktop/ece385/ECE385/lab7_1/realrealrealreal_sdk/mb_block_wrapper/microblaze_0/standalone_microblaze_0/bsp/system.mss
TRACE::2024-11-04.22:23:49::SCWMssOS::Adding the swdes entry, mss present, able to open swdb C:/Users/realk/Desktop/ece385/ECE385/lab7_1/realrealrealreal_sdk/mb_block_wrapper/microblaze_0/standalone_microblaze_0/bsp/system.mss with des name system
TRACE::2024-11-04.22:23:49::SCWMssOS::Writing the mss file completed C:/Users/realk/Desktop/ece385/ECE385/lab7_1/realrealrealreal_sdk/mb_block_wrapper/microblaze_0/standalone_microblaze_0/bsp/system.mss
TRACE::2024-11-04.22:23:49::SCWMssOS::Commit changes completed.
TRACE::2024-11-04.22:23:49::SCWPlatform::Trying to open the hw design at C:/Users/realk/Desktop/ece385/ECE385/lab7_1/realrealrealreal_sdk/mb_block_wrapper/hw/mb_block_wrapper.xsa
TRACE::2024-11-04.22:23:49::SCWPlatform::DSA given C:/Users/realk/Desktop/ece385/ECE385/lab7_1/realrealrealreal_sdk/mb_block_wrapper/hw/mb_block_wrapper.xsa
TRACE::2024-11-04.22:23:49::SCWPlatform::DSA absoulate path C:/Users/realk/Desktop/ece385/ECE385/lab7_1/realrealrealreal_sdk/mb_block_wrapper/hw/mb_block_wrapper.xsa
TRACE::2024-11-04.22:23:49::SCWPlatform::DSA directory C:/Users/realk/Desktop/ece385/ECE385/lab7_1/realrealrealreal_sdk/mb_block_wrapper/hw
TRACE::2024-11-04.22:23:49::SCWPlatform:: Platform Path C:/Users/realk/Desktop/ece385/ECE385/lab7_1/realrealrealreal_sdk/mb_block_wrapper/hw/mb_block_wrapper.xsa
TRACE::2024-11-04.22:23:49::SCWPlatform:: Unique name xilinx:::0.0
TRACE::2024-11-04.22:23:49::SCWPlatform::Trying to set the existing hwdb with name mb_block_wrapper_1
TRACE::2024-11-04.22:23:49::SCWPlatform::Opened existing hwdb mb_block_wrapper_1
TRACE::2024-11-04.22:23:49::SCWPlatform::Found the Hw Db part of the input DSA
TRACE::2024-11-04.22:23:49::SCWMssOS::Checking the sw design at  C:/Users/realk/Desktop/ece385/ECE385/lab7_1/realrealrealreal_sdk/mb_block_wrapper/microblaze_0/standalone_microblaze_0/bsp/system.mss
TRACE::2024-11-04.22:23:49::SCWMssOS::DEBUG:  swdes dump  C:/Users/realk/Desktop/ece385/ECE385/lab7_1/realrealrealreal_sdk/mb_block_wrapper/microblaze_0/standalone_microblaze_0/bsp/system.mss|system||

TRACE::2024-11-04.22:23:49::SCWMssOS::Sw design exists and opened at  C:/Users/realk/Desktop/ece385/ECE385/lab7_1/realrealrealreal_sdk/mb_block_wrapper/microblaze_0/standalone_microblaze_0/bsp/system.mss
TRACE::2024-11-04.22:23:49::SCWWriter::formatted JSON is {
	"platformName":	"mb_block_wrapper",
	"sprVersion":	"2.0",
	"mode":	"gui",
	"dsaType":	"Fixed",
	"platformDesc":	"mb_block_wrapper",
	"platHandOff":	"C:/Users/realk/Desktop/ece385/ECE385/lab7_1/mb_block_wrapper.xsa",
	"platIntHandOff":	"<platformDir>/hw/mb_block_wrapper.xsa",
	"deviceType":	"FPGA",
	"platIsPrebuiltAutogen":	"false",
	"platIsNoBootBsp":	"false",
	"hasFsblMakeHasChanges":	"false",
	"hasPmufwMakeHasChanges":	"false",
	"platPreBuiltFlag":	false,
	"platformSamplesDir":	"",
	"platActiveSys":	"mb_block_wrapper",
	"systems":	[{
			"systemName":	"mb_block_wrapper",
			"systemDesc":	"mb_block_wrapper",
			"sysIsBootAutoGen":	"true",
			"systemDispName":	"mb_block_wrapper",
			"sysActiveDom":	"standalone_microblaze_0",
			"sysDefaultDom":	"standalone_microblaze_0",
			"domains":	[{
					"domainName":	"standalone_microblaze_0",
					"domainDispName":	"standalone_microblaze_0",
					"domainDesc":	"standalone_microblaze_0",
					"processors":	"microblaze_0",
					"os":	"standalone",
					"sdxOs":	"standalone",
					"debugEnable":	"False",
					"domRuntimes":	["cpp"],
					"swRepo":	"",
					"mssOsVer":	"8.0",
					"mssFile":	"",
					"md5Digest":	"5422c1e5be4ae93f4de8c50507402f2a",
					"compatibleApp":	"",
					"domType":	"mssDomain",
					"arch":	"32-bit",
					"appSettings":	{
						"appCompilerFlags":	"",
						"appLinkerFlags":	""
					},
					"addedLibs":	[],
					"libOptions":	{
						"libsContainingOptions":	[]
					},
					"prebuiltLibs":	{
						"prebuiltIncPath":	[],
						"prebuiltLibPath":	[]
					},
					"isolation":	{
					}
				}]
		}]
}
KEYINFO::2024-11-04.22:23:49::SCWPlatform::updated the xpfm file.
TRACE::2024-11-04.22:23:51::SCWPlatform::Trying to open the hw design at C:/Users/realk/Desktop/ece385/ECE385/lab7_1/realrealrealreal_sdk/mb_block_wrapper/hw/mb_block_wrapper.xsa
TRACE::2024-11-04.22:23:51::SCWPlatform::DSA given C:/Users/realk/Desktop/ece385/ECE385/lab7_1/realrealrealreal_sdk/mb_block_wrapper/hw/mb_block_wrapper.xsa
TRACE::2024-11-04.22:23:51::SCWPlatform::DSA absoulate path C:/Users/realk/Desktop/ece385/ECE385/lab7_1/realrealrealreal_sdk/mb_block_wrapper/hw/mb_block_wrapper.xsa
TRACE::2024-11-04.22:23:51::SCWPlatform::DSA directory C:/Users/realk/Desktop/ece385/ECE385/lab7_1/realrealrealreal_sdk/mb_block_wrapper/hw
TRACE::2024-11-04.22:23:51::SCWPlatform:: Platform Path C:/Users/realk/Desktop/ece385/ECE385/lab7_1/realrealrealreal_sdk/mb_block_wrapper/hw/mb_block_wrapper.xsa
TRACE::2024-11-04.22:23:51::SCWPlatform:: Unique name xilinx:::0.0
TRACE::2024-11-04.22:23:51::SCWPlatform::Trying to set the existing hwdb with name mb_block_wrapper_1
TRACE::2024-11-04.22:23:51::SCWPlatform::Opened existing hwdb mb_block_wrapper_1
TRACE::2024-11-04.22:23:51::SCWPlatform::Found the Hw Db part of the input DSA
TRACE::2024-11-04.22:23:51::SCWMssOS::Checking the sw design at  C:/Users/realk/Desktop/ece385/ECE385/lab7_1/realrealrealreal_sdk/mb_block_wrapper/microblaze_0/standalone_microblaze_0/bsp/system.mss
TRACE::2024-11-04.22:23:51::SCWMssOS::DEBUG:  swdes dump  C:/Users/realk/Desktop/ece385/ECE385/lab7_1/realrealrealreal_sdk/mb_block_wrapper/microblaze_0/standalone_microblaze_0/bsp/system.mss|system||

TRACE::2024-11-04.22:23:51::SCWMssOS::Sw design exists and opened at  C:/Users/realk/Desktop/ece385/ECE385/lab7_1/realrealrealreal_sdk/mb_block_wrapper/microblaze_0/standalone_microblaze_0/bsp/system.mss
TRACE::2024-11-05.20:42:48::SCWPlatform::Clearing the existing platform
TRACE::2024-11-05.20:42:48::SCWSystem::Clearing the existing sysconfig
TRACE::2024-11-05.20:42:48::SCWMssOS::Removing the swdes entry for  C:/Users/realk/Desktop/ece385/ECE385/lab7_1/realrealrealreal_sdk/mb_block_wrapper/microblaze_0/standalone_microblaze_0/bsp/system.mss
TRACE::2024-11-05.20:42:48::SCWSystem::Clearing the domains completed.
TRACE::2024-11-05.20:42:48::SCWPlatform::Clearing the opened hw db.
TRACE::2024-11-05.20:42:48::SCWPlatform::DSA given C:/Users/realk/Desktop/ece385/ECE385/lab7_1/realrealrealreal_sdk/mb_block_wrapper/hw/mb_block_wrapper.xsa
TRACE::2024-11-05.20:42:48::SCWPlatform::DSA absoulate path C:/Users/realk/Desktop/ece385/ECE385/lab7_1/realrealrealreal_sdk/mb_block_wrapper/hw/mb_block_wrapper.xsa
TRACE::2024-11-05.20:42:48::SCWPlatform:: Platform location is C:/Users/realk/Desktop/ece385/ECE385/lab7_1/realrealrealreal_sdk/mb_block_wrapper/hw
TRACE::2024-11-05.20:42:48::SCWPlatform:: Platform Path C:/Users/realk/Desktop/ece385/ECE385/lab7_1/realrealrealreal_sdk/mb_block_wrapper/hw/mb_block_wrapper.xsa
TRACE::2024-11-05.20:42:48::SCWPlatform:: Unique name xilinx:::0.0
TRACE::2024-11-05.20:42:48::SCWPlatform::Removing the HwDB with name C:/Users/realk/Desktop/ece385/ECE385/lab7_1/realrealrealreal_sdk/mb_block_wrapper/hw/mb_block_wrapper.xsa
TRACE::2024-11-05.20:42:48::SCWPlatform::Trying to open the hw design at C:/Users/realk/Desktop/ece385/ECE385/lab7_1/realrealrealreal_sdk/mb_block_wrapper/hw/mb_block_wrapper.xsa
TRACE::2024-11-05.20:42:48::SCWPlatform::DSA given C:/Users/realk/Desktop/ece385/ECE385/lab7_1/realrealrealreal_sdk/mb_block_wrapper/hw/mb_block_wrapper.xsa
TRACE::2024-11-05.20:42:48::SCWPlatform::DSA absoulate path C:/Users/realk/Desktop/ece385/ECE385/lab7_1/realrealrealreal_sdk/mb_block_wrapper/hw/mb_block_wrapper.xsa
TRACE::2024-11-05.20:42:48::SCWPlatform::DSA directory C:/Users/realk/Desktop/ece385/ECE385/lab7_1/realrealrealreal_sdk/mb_block_wrapper/hw
TRACE::2024-11-05.20:42:48::SCWPlatform:: Platform Path C:/Users/realk/Desktop/ece385/ECE385/lab7_1/realrealrealreal_sdk/mb_block_wrapper/hw/mb_block_wrapper.xsa
TRACE::2024-11-05.20:42:48::SCWPlatform:: Unique name xilinx:::0.0
TRACE::2024-11-05.20:42:48::SCWPlatform::Do not have an existing db opened. 
TRACE::2024-11-05.20:42:48::SCWPlatform::Opened new HwDB with name mb_block_wrapper_3
TRACE::2024-11-05.20:42:48::SCWReader::Active system found as  mb_block_wrapper
TRACE::2024-11-05.20:42:48::SCWReader::Handling sysconfig mb_block_wrapper
TRACE::2024-11-05.20:42:48::SCWDomain::checking for install qemu data   : 
TRACE::2024-11-05.20:42:48::SCWPlatform::Trying to open the hw design at C:/Users/realk/Desktop/ece385/ECE385/lab7_1/realrealrealreal_sdk/mb_block_wrapper/hw/mb_block_wrapper.xsa
TRACE::2024-11-05.20:42:48::SCWPlatform::DSA given C:/Users/realk/Desktop/ece385/ECE385/lab7_1/realrealrealreal_sdk/mb_block_wrapper/hw/mb_block_wrapper.xsa
TRACE::2024-11-05.20:42:48::SCWPlatform::DSA absoulate path C:/Users/realk/Desktop/ece385/ECE385/lab7_1/realrealrealreal_sdk/mb_block_wrapper/hw/mb_block_wrapper.xsa
TRACE::2024-11-05.20:42:48::SCWPlatform::DSA directory C:/Users/realk/Desktop/ece385/ECE385/lab7_1/realrealrealreal_sdk/mb_block_wrapper/hw
TRACE::2024-11-05.20:42:48::SCWPlatform:: Platform Path C:/Users/realk/Desktop/ece385/ECE385/lab7_1/realrealrealreal_sdk/mb_block_wrapper/hw/mb_block_wrapper.xsa
TRACE::2024-11-05.20:42:48::SCWPlatform:: Unique name xilinx:::0.0
TRACE::2024-11-05.20:42:48::SCWPlatform::Trying to set the existing hwdb with name mb_block_wrapper_3
TRACE::2024-11-05.20:42:48::SCWPlatform::Opened existing hwdb mb_block_wrapper_3
TRACE::2024-11-05.20:42:48::SCWPlatform::Found the Hw Db part of the input DSA
TRACE::2024-11-05.20:42:48::SCWPlatform::Trying to open the hw design at C:/Users/realk/Desktop/ece385/ECE385/lab7_1/realrealrealreal_sdk/mb_block_wrapper/hw/mb_block_wrapper.xsa
TRACE::2024-11-05.20:42:48::SCWPlatform::DSA given C:/Users/realk/Desktop/ece385/ECE385/lab7_1/realrealrealreal_sdk/mb_block_wrapper/hw/mb_block_wrapper.xsa
TRACE::2024-11-05.20:42:48::SCWPlatform::DSA absoulate path C:/Users/realk/Desktop/ece385/ECE385/lab7_1/realrealrealreal_sdk/mb_block_wrapper/hw/mb_block_wrapper.xsa
TRACE::2024-11-05.20:42:48::SCWPlatform::DSA directory C:/Users/realk/Desktop/ece385/ECE385/lab7_1/realrealrealreal_sdk/mb_block_wrapper/hw
TRACE::2024-11-05.20:42:48::SCWPlatform:: Platform Path C:/Users/realk/Desktop/ece385/ECE385/lab7_1/realrealrealreal_sdk/mb_block_wrapper/hw/mb_block_wrapper.xsa
TRACE::2024-11-05.20:42:48::SCWPlatform:: Unique name xilinx:::0.0
TRACE::2024-11-05.20:42:48::SCWPlatform::Trying to set the existing hwdb with name mb_block_wrapper_3
TRACE::2024-11-05.20:42:48::SCWPlatform::Opened existing hwdb mb_block_wrapper_3
TRACE::2024-11-05.20:42:48::SCWPlatform::Found the Hw Db part of the input DSA
TRACE::2024-11-05.20:42:48::SCWPlatform::Trying to open the hw design at C:/Users/realk/Desktop/ece385/ECE385/lab7_1/realrealrealreal_sdk/mb_block_wrapper/hw/mb_block_wrapper.xsa
TRACE::2024-11-05.20:42:48::SCWPlatform::DSA given C:/Users/realk/Desktop/ece385/ECE385/lab7_1/realrealrealreal_sdk/mb_block_wrapper/hw/mb_block_wrapper.xsa
TRACE::2024-11-05.20:42:48::SCWPlatform::DSA absoulate path C:/Users/realk/Desktop/ece385/ECE385/lab7_1/realrealrealreal_sdk/mb_block_wrapper/hw/mb_block_wrapper.xsa
TRACE::2024-11-05.20:42:48::SCWPlatform::DSA directory C:/Users/realk/Desktop/ece385/ECE385/lab7_1/realrealrealreal_sdk/mb_block_wrapper/hw
TRACE::2024-11-05.20:42:48::SCWPlatform:: Platform Path C:/Users/realk/Desktop/ece385/ECE385/lab7_1/realrealrealreal_sdk/mb_block_wrapper/hw/mb_block_wrapper.xsa
TRACE::2024-11-05.20:42:48::SCWPlatform:: Unique name xilinx:::0.0
TRACE::2024-11-05.20:42:48::SCWPlatform::Trying to set the existing hwdb with name mb_block_wrapper_3
TRACE::2024-11-05.20:42:48::SCWPlatform::Opened existing hwdb mb_block_wrapper_3
TRACE::2024-11-05.20:42:48::SCWPlatform::Found the Hw Db part of the input DSA
TRACE::2024-11-05.20:42:48::SCWPlatform::Trying to open the hw design at C:/Users/realk/Desktop/ece385/ECE385/lab7_1/realrealrealreal_sdk/mb_block_wrapper/hw/mb_block_wrapper.xsa
TRACE::2024-11-05.20:42:48::SCWPlatform::DSA given C:/Users/realk/Desktop/ece385/ECE385/lab7_1/realrealrealreal_sdk/mb_block_wrapper/hw/mb_block_wrapper.xsa
TRACE::2024-11-05.20:42:48::SCWPlatform::DSA absoulate path C:/Users/realk/Desktop/ece385/ECE385/lab7_1/realrealrealreal_sdk/mb_block_wrapper/hw/mb_block_wrapper.xsa
TRACE::2024-11-05.20:42:48::SCWPlatform::DSA directory C:/Users/realk/Desktop/ece385/ECE385/lab7_1/realrealrealreal_sdk/mb_block_wrapper/hw
TRACE::2024-11-05.20:42:48::SCWPlatform:: Platform Path C:/Users/realk/Desktop/ece385/ECE385/lab7_1/realrealrealreal_sdk/mb_block_wrapper/hw/mb_block_wrapper.xsa
TRACE::2024-11-05.20:42:48::SCWPlatform:: Unique name xilinx:::0.0
TRACE::2024-11-05.20:42:48::SCWPlatform::Trying to set the existing hwdb with name mb_block_wrapper_3
TRACE::2024-11-05.20:42:48::SCWPlatform::Opened existing hwdb mb_block_wrapper_3
TRACE::2024-11-05.20:42:48::SCWPlatform::Found the Hw Db part of the input DSA
TRACE::2024-11-05.20:42:48::SCWMssOS::Checking the sw design at  C:/Users/realk/Desktop/ece385/ECE385/lab7_1/realrealrealreal_sdk/mb_block_wrapper/microblaze_0/standalone_microblaze_0/bsp/system.mss
TRACE::2024-11-05.20:42:48::SCWMssOS::DEBUG:  swdes dump  
TRACE::2024-11-05.20:42:48::SCWMssOS::No sw design opened at  C:/Users/realk/Desktop/ece385/ECE385/lab7_1/realrealrealreal_sdk/mb_block_wrapper/microblaze_0/standalone_microblaze_0/bsp/system.mss
TRACE::2024-11-05.20:42:48::SCWMssOS::mss exists loading the mss file  C:/Users/realk/Desktop/ece385/ECE385/lab7_1/realrealrealreal_sdk/mb_block_wrapper/microblaze_0/standalone_microblaze_0/bsp/system.mss
TRACE::2024-11-05.20:42:48::SCWMssOS::Opened the sw design from mss  C:/Users/realk/Desktop/ece385/ECE385/lab7_1/realrealrealreal_sdk/mb_block_wrapper/microblaze_0/standalone_microblaze_0/bsp/system.mss
TRACE::2024-11-05.20:42:48::SCWMssOS::Adding the swdes entry C:/Users/realk/Desktop/ece385/ECE385/lab7_1/realrealrealreal_sdk/mb_block_wrapper/microblaze_0/standalone_microblaze_0/bsp/system.mss with des name system
TRACE::2024-11-05.20:42:48::SCWMssOS::updating the scw layer about changes
TRACE::2024-11-05.20:42:48::SCWMssOS::Opened the sw design.  C:/Users/realk/Desktop/ece385/ECE385/lab7_1/realrealrealreal_sdk/mb_block_wrapper/microblaze_0/standalone_microblaze_0/bsp/system.mss
TRACE::2024-11-05.20:42:48::SCWMssOS::Saving the mss changes C:/Users/realk/Desktop/ece385/ECE385/lab7_1/realrealrealreal_sdk/mb_block_wrapper/microblaze_0/standalone_microblaze_0/bsp/system.mss
TRACE::2024-11-05.20:42:48::SCWMssOS::Found a swdesign opened with the mssfile.
TRACE::2024-11-05.20:42:48::SCWMssOS::Completed writemss as part of save.
TRACE::2024-11-05.20:42:48::SCWMssOS::Commit changes completed.
TRACE::2024-11-05.20:42:48::SCWReader::Adding prebuilt librarypaths as   
TRACE::2024-11-05.20:42:48::SCWReader::Adding prebuilt incpaths  as   
TRACE::2024-11-05.20:42:48::SCWPlatform::Trying to open the hw design at C:/Users/realk/Desktop/ece385/ECE385/lab7_1/realrealrealreal_sdk/mb_block_wrapper/hw/mb_block_wrapper.xsa
TRACE::2024-11-05.20:42:48::SCWPlatform::DSA given C:/Users/realk/Desktop/ece385/ECE385/lab7_1/realrealrealreal_sdk/mb_block_wrapper/hw/mb_block_wrapper.xsa
TRACE::2024-11-05.20:42:48::SCWPlatform::DSA absoulate path C:/Users/realk/Desktop/ece385/ECE385/lab7_1/realrealrealreal_sdk/mb_block_wrapper/hw/mb_block_wrapper.xsa
TRACE::2024-11-05.20:42:48::SCWPlatform::DSA directory C:/Users/realk/Desktop/ece385/ECE385/lab7_1/realrealrealreal_sdk/mb_block_wrapper/hw
TRACE::2024-11-05.20:42:48::SCWPlatform:: Platform Path C:/Users/realk/Desktop/ece385/ECE385/lab7_1/realrealrealreal_sdk/mb_block_wrapper/hw/mb_block_wrapper.xsa
TRACE::2024-11-05.20:42:48::SCWPlatform:: Unique name xilinx:::0.0
TRACE::2024-11-05.20:42:48::SCWPlatform::Trying to set the existing hwdb with name mb_block_wrapper_3
TRACE::2024-11-05.20:42:48::SCWPlatform::Opened existing hwdb mb_block_wrapper_3
TRACE::2024-11-05.20:42:48::SCWPlatform::Found the Hw Db part of the input DSA
TRACE::2024-11-05.20:42:48::SCWMssOS::Checking the sw design at  C:/Users/realk/Desktop/ece385/ECE385/lab7_1/realrealrealreal_sdk/mb_block_wrapper/microblaze_0/standalone_microblaze_0/bsp/system.mss
TRACE::2024-11-05.20:42:48::SCWMssOS::DEBUG:  swdes dump  C:/Users/realk/Desktop/ece385/ECE385/lab7_1/realrealrealreal_sdk/mb_block_wrapper/microblaze_0/standalone_microblaze_0/bsp/system.mss|system||

TRACE::2024-11-05.20:42:48::SCWMssOS::Sw design exists and opened at  C:/Users/realk/Desktop/ece385/ECE385/lab7_1/realrealrealreal_sdk/mb_block_wrapper/microblaze_0/standalone_microblaze_0/bsp/system.mss
TRACE::2024-11-05.20:42:48::SCWReader::No isolation master present  
TRACE::2024-11-05.20:43:47::SCWPlatform::Clearing the existing platform
TRACE::2024-11-05.20:43:47::SCWSystem::Clearing the existing sysconfig
TRACE::2024-11-05.20:43:47::SCWMssOS::Removing the swdes entry for  C:/Users/realk/Desktop/ece385/ECE385/lab7_1/realrealrealreal_sdk/mb_block_wrapper/microblaze_0/standalone_microblaze_0/bsp/system.mss
TRACE::2024-11-05.20:43:47::SCWSystem::Clearing the domains completed.
TRACE::2024-11-05.20:43:47::SCWPlatform::Clearing the opened hw db.
TRACE::2024-11-05.20:43:47::SCWPlatform::DSA given C:/Users/realk/Desktop/ece385/ECE385/lab7_1/realrealrealreal_sdk/mb_block_wrapper/hw/mb_block_wrapper.xsa
TRACE::2024-11-05.20:43:47::SCWPlatform::DSA absoulate path C:/Users/realk/Desktop/ece385/ECE385/lab7_1/realrealrealreal_sdk/mb_block_wrapper/hw/mb_block_wrapper.xsa
TRACE::2024-11-05.20:43:47::SCWPlatform:: Platform location is C:/Users/realk/Desktop/ece385/ECE385/lab7_1/realrealrealreal_sdk/mb_block_wrapper/hw
TRACE::2024-11-05.20:43:47::SCWPlatform:: Platform Path C:/Users/realk/Desktop/ece385/ECE385/lab7_1/realrealrealreal_sdk/mb_block_wrapper/hw/mb_block_wrapper.xsa
TRACE::2024-11-05.20:43:47::SCWPlatform:: Unique name xilinx:::0.0
TRACE::2024-11-05.20:43:47::SCWPlatform::Removing the HwDB with name C:/Users/realk/Desktop/ece385/ECE385/lab7_1/realrealrealreal_sdk/mb_block_wrapper/hw/mb_block_wrapper.xsa
TRACE::2024-11-05.20:43:47::SCWPlatform::Trying to open the hw design at C:/Users/realk/Desktop/ece385/ECE385/lab7_1/realrealrealreal_sdk/mb_block_wrapper/hw/mb_block_wrapper.xsa
TRACE::2024-11-05.20:43:47::SCWPlatform::DSA given C:/Users/realk/Desktop/ece385/ECE385/lab7_1/realrealrealreal_sdk/mb_block_wrapper/hw/mb_block_wrapper.xsa
TRACE::2024-11-05.20:43:47::SCWPlatform::DSA absoulate path C:/Users/realk/Desktop/ece385/ECE385/lab7_1/realrealrealreal_sdk/mb_block_wrapper/hw/mb_block_wrapper.xsa
TRACE::2024-11-05.20:43:47::SCWPlatform::DSA directory C:/Users/realk/Desktop/ece385/ECE385/lab7_1/realrealrealreal_sdk/mb_block_wrapper/hw
TRACE::2024-11-05.20:43:47::SCWPlatform:: Platform Path C:/Users/realk/Desktop/ece385/ECE385/lab7_1/realrealrealreal_sdk/mb_block_wrapper/hw/mb_block_wrapper.xsa
TRACE::2024-11-05.20:43:47::SCWPlatform:: Unique name xilinx:::0.0
TRACE::2024-11-05.20:43:47::SCWPlatform::Do not have an existing db opened. 
TRACE::2024-11-05.20:43:47::SCWPlatform::Opened new HwDB with name mb_block_wrapper_4
TRACE::2024-11-05.20:43:47::SCWReader::Active system found as  mb_block_wrapper
TRACE::2024-11-05.20:43:47::SCWReader::Handling sysconfig mb_block_wrapper
TRACE::2024-11-05.20:43:47::SCWDomain::checking for install qemu data   : 
TRACE::2024-11-05.20:43:47::SCWPlatform::Trying to open the hw design at C:/Users/realk/Desktop/ece385/ECE385/lab7_1/realrealrealreal_sdk/mb_block_wrapper/hw/mb_block_wrapper.xsa
TRACE::2024-11-05.20:43:47::SCWPlatform::DSA given C:/Users/realk/Desktop/ece385/ECE385/lab7_1/realrealrealreal_sdk/mb_block_wrapper/hw/mb_block_wrapper.xsa
TRACE::2024-11-05.20:43:47::SCWPlatform::DSA absoulate path C:/Users/realk/Desktop/ece385/ECE385/lab7_1/realrealrealreal_sdk/mb_block_wrapper/hw/mb_block_wrapper.xsa
TRACE::2024-11-05.20:43:47::SCWPlatform::DSA directory C:/Users/realk/Desktop/ece385/ECE385/lab7_1/realrealrealreal_sdk/mb_block_wrapper/hw
TRACE::2024-11-05.20:43:47::SCWPlatform:: Platform Path C:/Users/realk/Desktop/ece385/ECE385/lab7_1/realrealrealreal_sdk/mb_block_wrapper/hw/mb_block_wrapper.xsa
TRACE::2024-11-05.20:43:47::SCWPlatform:: Unique name xilinx:::0.0
TRACE::2024-11-05.20:43:47::SCWPlatform::Trying to set the existing hwdb with name mb_block_wrapper_4
TRACE::2024-11-05.20:43:47::SCWPlatform::Opened existing hwdb mb_block_wrapper_4
TRACE::2024-11-05.20:43:47::SCWPlatform::Found the Hw Db part of the input DSA
TRACE::2024-11-05.20:43:47::SCWPlatform::Trying to open the hw design at C:/Users/realk/Desktop/ece385/ECE385/lab7_1/realrealrealreal_sdk/mb_block_wrapper/hw/mb_block_wrapper.xsa
TRACE::2024-11-05.20:43:47::SCWPlatform::DSA given C:/Users/realk/Desktop/ece385/ECE385/lab7_1/realrealrealreal_sdk/mb_block_wrapper/hw/mb_block_wrapper.xsa
TRACE::2024-11-05.20:43:47::SCWPlatform::DSA absoulate path C:/Users/realk/Desktop/ece385/ECE385/lab7_1/realrealrealreal_sdk/mb_block_wrapper/hw/mb_block_wrapper.xsa
TRACE::2024-11-05.20:43:47::SCWPlatform::DSA directory C:/Users/realk/Desktop/ece385/ECE385/lab7_1/realrealrealreal_sdk/mb_block_wrapper/hw
TRACE::2024-11-05.20:43:47::SCWPlatform:: Platform Path C:/Users/realk/Desktop/ece385/ECE385/lab7_1/realrealrealreal_sdk/mb_block_wrapper/hw/mb_block_wrapper.xsa
TRACE::2024-11-05.20:43:47::SCWPlatform:: Unique name xilinx:::0.0
TRACE::2024-11-05.20:43:47::SCWPlatform::Trying to set the existing hwdb with name mb_block_wrapper_4
TRACE::2024-11-05.20:43:47::SCWPlatform::Opened existing hwdb mb_block_wrapper_4
TRACE::2024-11-05.20:43:47::SCWPlatform::Found the Hw Db part of the input DSA
TRACE::2024-11-05.20:43:47::SCWPlatform::Trying to open the hw design at C:/Users/realk/Desktop/ece385/ECE385/lab7_1/realrealrealreal_sdk/mb_block_wrapper/hw/mb_block_wrapper.xsa
TRACE::2024-11-05.20:43:47::SCWPlatform::DSA given C:/Users/realk/Desktop/ece385/ECE385/lab7_1/realrealrealreal_sdk/mb_block_wrapper/hw/mb_block_wrapper.xsa
TRACE::2024-11-05.20:43:47::SCWPlatform::DSA absoulate path C:/Users/realk/Desktop/ece385/ECE385/lab7_1/realrealrealreal_sdk/mb_block_wrapper/hw/mb_block_wrapper.xsa
TRACE::2024-11-05.20:43:47::SCWPlatform::DSA directory C:/Users/realk/Desktop/ece385/ECE385/lab7_1/realrealrealreal_sdk/mb_block_wrapper/hw
TRACE::2024-11-05.20:43:47::SCWPlatform:: Platform Path C:/Users/realk/Desktop/ece385/ECE385/lab7_1/realrealrealreal_sdk/mb_block_wrapper/hw/mb_block_wrapper.xsa
TRACE::2024-11-05.20:43:47::SCWPlatform:: Unique name xilinx:::0.0
TRACE::2024-11-05.20:43:47::SCWPlatform::Trying to set the existing hwdb with name mb_block_wrapper_4
TRACE::2024-11-05.20:43:47::SCWPlatform::Opened existing hwdb mb_block_wrapper_4
TRACE::2024-11-05.20:43:47::SCWPlatform::Found the Hw Db part of the input DSA
TRACE::2024-11-05.20:43:47::SCWPlatform::Trying to open the hw design at C:/Users/realk/Desktop/ece385/ECE385/lab7_1/realrealrealreal_sdk/mb_block_wrapper/hw/mb_block_wrapper.xsa
TRACE::2024-11-05.20:43:47::SCWPlatform::DSA given C:/Users/realk/Desktop/ece385/ECE385/lab7_1/realrealrealreal_sdk/mb_block_wrapper/hw/mb_block_wrapper.xsa
TRACE::2024-11-05.20:43:47::SCWPlatform::DSA absoulate path C:/Users/realk/Desktop/ece385/ECE385/lab7_1/realrealrealreal_sdk/mb_block_wrapper/hw/mb_block_wrapper.xsa
TRACE::2024-11-05.20:43:47::SCWPlatform::DSA directory C:/Users/realk/Desktop/ece385/ECE385/lab7_1/realrealrealreal_sdk/mb_block_wrapper/hw
TRACE::2024-11-05.20:43:47::SCWPlatform:: Platform Path C:/Users/realk/Desktop/ece385/ECE385/lab7_1/realrealrealreal_sdk/mb_block_wrapper/hw/mb_block_wrapper.xsa
TRACE::2024-11-05.20:43:47::SCWPlatform:: Unique name xilinx:::0.0
TRACE::2024-11-05.20:43:47::SCWPlatform::Trying to set the existing hwdb with name mb_block_wrapper_4
TRACE::2024-11-05.20:43:47::SCWPlatform::Opened existing hwdb mb_block_wrapper_4
TRACE::2024-11-05.20:43:47::SCWPlatform::Found the Hw Db part of the input DSA
TRACE::2024-11-05.20:43:47::SCWMssOS::Checking the sw design at  C:/Users/realk/Desktop/ece385/ECE385/lab7_1/realrealrealreal_sdk/mb_block_wrapper/microblaze_0/standalone_microblaze_0/bsp/system.mss
TRACE::2024-11-05.20:43:47::SCWMssOS::DEBUG:  swdes dump  
TRACE::2024-11-05.20:43:47::SCWMssOS::No sw design opened at  C:/Users/realk/Desktop/ece385/ECE385/lab7_1/realrealrealreal_sdk/mb_block_wrapper/microblaze_0/standalone_microblaze_0/bsp/system.mss
TRACE::2024-11-05.20:43:47::SCWMssOS::mss exists loading the mss file  C:/Users/realk/Desktop/ece385/ECE385/lab7_1/realrealrealreal_sdk/mb_block_wrapper/microblaze_0/standalone_microblaze_0/bsp/system.mss
TRACE::2024-11-05.20:43:47::SCWMssOS::Opened the sw design from mss  C:/Users/realk/Desktop/ece385/ECE385/lab7_1/realrealrealreal_sdk/mb_block_wrapper/microblaze_0/standalone_microblaze_0/bsp/system.mss
TRACE::2024-11-05.20:43:47::SCWMssOS::Adding the swdes entry C:/Users/realk/Desktop/ece385/ECE385/lab7_1/realrealrealreal_sdk/mb_block_wrapper/microblaze_0/standalone_microblaze_0/bsp/system.mss with des name system
TRACE::2024-11-05.20:43:47::SCWMssOS::updating the scw layer about changes
TRACE::2024-11-05.20:43:47::SCWMssOS::Opened the sw design.  C:/Users/realk/Desktop/ece385/ECE385/lab7_1/realrealrealreal_sdk/mb_block_wrapper/microblaze_0/standalone_microblaze_0/bsp/system.mss
TRACE::2024-11-05.20:43:47::SCWMssOS::Saving the mss changes C:/Users/realk/Desktop/ece385/ECE385/lab7_1/realrealrealreal_sdk/mb_block_wrapper/microblaze_0/standalone_microblaze_0/bsp/system.mss
TRACE::2024-11-05.20:43:47::SCWMssOS::Found a swdesign opened with the mssfile.
TRACE::2024-11-05.20:43:47::SCWMssOS::Completed writemss as part of save.
TRACE::2024-11-05.20:43:47::SCWMssOS::Commit changes completed.
TRACE::2024-11-05.20:43:47::SCWReader::Adding prebuilt librarypaths as   
TRACE::2024-11-05.20:43:47::SCWReader::Adding prebuilt incpaths  as   
TRACE::2024-11-05.20:43:47::SCWPlatform::Trying to open the hw design at C:/Users/realk/Desktop/ece385/ECE385/lab7_1/realrealrealreal_sdk/mb_block_wrapper/hw/mb_block_wrapper.xsa
TRACE::2024-11-05.20:43:47::SCWPlatform::DSA given C:/Users/realk/Desktop/ece385/ECE385/lab7_1/realrealrealreal_sdk/mb_block_wrapper/hw/mb_block_wrapper.xsa
TRACE::2024-11-05.20:43:47::SCWPlatform::DSA absoulate path C:/Users/realk/Desktop/ece385/ECE385/lab7_1/realrealrealreal_sdk/mb_block_wrapper/hw/mb_block_wrapper.xsa
TRACE::2024-11-05.20:43:47::SCWPlatform::DSA directory C:/Users/realk/Desktop/ece385/ECE385/lab7_1/realrealrealreal_sdk/mb_block_wrapper/hw
TRACE::2024-11-05.20:43:47::SCWPlatform:: Platform Path C:/Users/realk/Desktop/ece385/ECE385/lab7_1/realrealrealreal_sdk/mb_block_wrapper/hw/mb_block_wrapper.xsa
TRACE::2024-11-05.20:43:47::SCWPlatform:: Unique name xilinx:::0.0
TRACE::2024-11-05.20:43:47::SCWPlatform::Trying to set the existing hwdb with name mb_block_wrapper_4
TRACE::2024-11-05.20:43:47::SCWPlatform::Opened existing hwdb mb_block_wrapper_4
TRACE::2024-11-05.20:43:47::SCWPlatform::Found the Hw Db part of the input DSA
TRACE::2024-11-05.20:43:47::SCWMssOS::Checking the sw design at  C:/Users/realk/Desktop/ece385/ECE385/lab7_1/realrealrealreal_sdk/mb_block_wrapper/microblaze_0/standalone_microblaze_0/bsp/system.mss
TRACE::2024-11-05.20:43:47::SCWMssOS::DEBUG:  swdes dump  C:/Users/realk/Desktop/ece385/ECE385/lab7_1/realrealrealreal_sdk/mb_block_wrapper/microblaze_0/standalone_microblaze_0/bsp/system.mss|system||

TRACE::2024-11-05.20:43:47::SCWMssOS::Sw design exists and opened at  C:/Users/realk/Desktop/ece385/ECE385/lab7_1/realrealrealreal_sdk/mb_block_wrapper/microblaze_0/standalone_microblaze_0/bsp/system.mss
TRACE::2024-11-05.20:43:47::SCWReader::No isolation master present  
TRACE::2024-11-05.20:43:55::SCWPlatform::DSA given C:/Users/realk/Desktop/ece385/ECE385/lab7_1/realrealrealreal_sdk/mb_block_wrapper/tempdsa/mb_block_wrapper.xsa
TRACE::2024-11-05.20:43:55::SCWPlatform::DSA absoulate path C:/Users/realk/Desktop/ece385/ECE385/lab7_1/realrealrealreal_sdk/mb_block_wrapper/tempdsa/mb_block_wrapper.xsa
TRACE::2024-11-05.20:43:55::SCWPlatform:: Platform location is C:/Users/realk/Desktop/ece385/ECE385/lab7_1/realrealrealreal_sdk/mb_block_wrapper/tempdsa
TRACE::2024-11-05.20:43:55::SCWPlatform:: Platform Path C:/Users/realk/Desktop/ece385/ECE385/lab7_1/realrealrealreal_sdk/mb_block_wrapper/tempdsa/mb_block_wrapper.xsa
TRACE::2024-11-05.20:43:55::SCWPlatform:: Unique name xilinx:::0.0
TRACE::2024-11-05.20:43:55::SCWPlatform::Found the Hw Db part of the input DSA
TRACE::2024-11-05.20:43:55::SCWMssOS::Doing hw sync for the mss in domain: standalone_microblaze_0
TRACE::2024-11-05.20:43:55::SCWPlatform::Trying to open the hw design at C:/Users/realk/Desktop/ece385/ECE385/lab7_1/realrealrealreal_sdk/mb_block_wrapper/hw/mb_block_wrapper.xsa
TRACE::2024-11-05.20:43:55::SCWPlatform::DSA given C:/Users/realk/Desktop/ece385/ECE385/lab7_1/realrealrealreal_sdk/mb_block_wrapper/hw/mb_block_wrapper.xsa
TRACE::2024-11-05.20:43:55::SCWPlatform::DSA absoulate path C:/Users/realk/Desktop/ece385/ECE385/lab7_1/realrealrealreal_sdk/mb_block_wrapper/hw/mb_block_wrapper.xsa
TRACE::2024-11-05.20:43:55::SCWPlatform::DSA directory C:/Users/realk/Desktop/ece385/ECE385/lab7_1/realrealrealreal_sdk/mb_block_wrapper/hw
TRACE::2024-11-05.20:43:55::SCWPlatform:: Platform Path C:/Users/realk/Desktop/ece385/ECE385/lab7_1/realrealrealreal_sdk/mb_block_wrapper/hw/mb_block_wrapper.xsa
TRACE::2024-11-05.20:43:55::SCWPlatform:: Unique name xilinx:::0.0
TRACE::2024-11-05.20:43:55::SCWPlatform::Trying to set the existing hwdb with name mb_block_wrapper_4
TRACE::2024-11-05.20:43:55::SCWPlatform::Opened existing hwdb mb_block_wrapper_4
TRACE::2024-11-05.20:43:55::SCWPlatform::Found the Hw Db part of the input DSA
TRACE::2024-11-05.20:43:55::SCWPlatform::Trying to open the hw design at C:/Users/realk/Desktop/ece385/ECE385/lab7_1/realrealrealreal_sdk/mb_block_wrapper/hw/mb_block_wrapper.xsa
TRACE::2024-11-05.20:43:55::SCWPlatform::DSA given C:/Users/realk/Desktop/ece385/ECE385/lab7_1/realrealrealreal_sdk/mb_block_wrapper/hw/mb_block_wrapper.xsa
TRACE::2024-11-05.20:43:55::SCWPlatform::DSA absoulate path C:/Users/realk/Desktop/ece385/ECE385/lab7_1/realrealrealreal_sdk/mb_block_wrapper/hw/mb_block_wrapper.xsa
TRACE::2024-11-05.20:43:55::SCWPlatform::DSA directory C:/Users/realk/Desktop/ece385/ECE385/lab7_1/realrealrealreal_sdk/mb_block_wrapper/hw
TRACE::2024-11-05.20:43:55::SCWPlatform:: Platform Path C:/Users/realk/Desktop/ece385/ECE385/lab7_1/realrealrealreal_sdk/mb_block_wrapper/hw/mb_block_wrapper.xsa
TRACE::2024-11-05.20:43:55::SCWPlatform:: Unique name xilinx:::0.0
TRACE::2024-11-05.20:43:55::SCWPlatform::Trying to set the existing hwdb with name mb_block_wrapper_4
TRACE::2024-11-05.20:43:55::SCWPlatform::Opened existing hwdb mb_block_wrapper_4
TRACE::2024-11-05.20:43:55::SCWPlatform::Found the Hw Db part of the input DSA
TRACE::2024-11-05.20:43:55::SCWMssOS::Checking the sw design at  C:/Users/realk/Desktop/ece385/ECE385/lab7_1/realrealrealreal_sdk/mb_block_wrapper/microblaze_0/standalone_microblaze_0/bsp/system.mss
TRACE::2024-11-05.20:43:55::SCWMssOS::DEBUG:  swdes dump  C:/Users/realk/Desktop/ece385/ECE385/lab7_1/realrealrealreal_sdk/mb_block_wrapper/microblaze_0/standalone_microblaze_0/bsp/system.mss|system||

TRACE::2024-11-05.20:43:55::SCWMssOS::Sw design exists and opened at  C:/Users/realk/Desktop/ece385/ECE385/lab7_1/realrealrealreal_sdk/mb_block_wrapper/microblaze_0/standalone_microblaze_0/bsp/system.mss
TRACE::2024-11-05.20:43:55::SCWPlatform::Trying to open the hw design at C:/Users/realk/Desktop/ece385/ECE385/lab7_1/realrealrealreal_sdk/mb_block_wrapper/tempdsa/mb_block_wrapper.xsa
TRACE::2024-11-05.20:43:55::SCWPlatform::DSA given C:/Users/realk/Desktop/ece385/ECE385/lab7_1/realrealrealreal_sdk/mb_block_wrapper/tempdsa/mb_block_wrapper.xsa
TRACE::2024-11-05.20:43:55::SCWPlatform::DSA absoulate path C:/Users/realk/Desktop/ece385/ECE385/lab7_1/realrealrealreal_sdk/mb_block_wrapper/tempdsa/mb_block_wrapper.xsa
TRACE::2024-11-05.20:43:55::SCWPlatform::DSA directory C:/Users/realk/Desktop/ece385/ECE385/lab7_1/realrealrealreal_sdk/mb_block_wrapper/tempdsa
TRACE::2024-11-05.20:43:55::SCWPlatform:: Platform Path C:/Users/realk/Desktop/ece385/ECE385/lab7_1/realrealrealreal_sdk/mb_block_wrapper/tempdsa/mb_block_wrapper.xsa
TRACE::2024-11-05.20:43:55::SCWPlatform:: Unique name xilinx:::0.0
TRACE::2024-11-05.20:43:55::SCWPlatform::update - Opened existing hwdb mb_block_wrapper_5
TRACE::2024-11-05.20:43:55::SCWPlatform::Found the Hw Db part of the input DSA
TRACE::2024-11-05.20:43:55::SCWMssOS::Saving the mss changes C:/Users/realk/Desktop/ece385/ECE385/lab7_1/realrealrealreal_sdk/mb_block_wrapper/microblaze_0/standalone_microblaze_0/bsp/system.mss
TRACE::2024-11-05.20:43:55::SCWMssOS::Found a swdesign opened with the mssfile.
TRACE::2024-11-05.20:43:55::SCWMssOS::Completed writemss as part of save.
TRACE::2024-11-05.20:43:55::SCWMssOS::Commit changes completed.
TRACE::2024-11-05.20:43:55::SCWMssOS::Completed hw sync for the mss in domain: standalone_microblaze_0
TRACE::2024-11-05.20:43:55::SCWMssOS::Removing the swdes entry for  C:/Users/realk/Desktop/ece385/ECE385/lab7_1/realrealrealreal_sdk/mb_block_wrapper/microblaze_0/standalone_microblaze_0/bsp/system.mss
TRACE::2024-11-05.20:43:55::SCWPlatform::Trying to open the hw design at C:/Users/realk/Desktop/ece385/ECE385/lab7_1/realrealrealreal_sdk/mb_block_wrapper/hw/mb_block_wrapper.xsa
TRACE::2024-11-05.20:43:55::SCWPlatform::DSA given C:/Users/realk/Desktop/ece385/ECE385/lab7_1/realrealrealreal_sdk/mb_block_wrapper/hw/mb_block_wrapper.xsa
TRACE::2024-11-05.20:43:55::SCWPlatform::DSA absoulate path C:/Users/realk/Desktop/ece385/ECE385/lab7_1/realrealrealreal_sdk/mb_block_wrapper/hw/mb_block_wrapper.xsa
TRACE::2024-11-05.20:43:55::SCWPlatform::DSA directory C:/Users/realk/Desktop/ece385/ECE385/lab7_1/realrealrealreal_sdk/mb_block_wrapper/hw
TRACE::2024-11-05.20:43:55::SCWPlatform:: Platform Path C:/Users/realk/Desktop/ece385/ECE385/lab7_1/realrealrealreal_sdk/mb_block_wrapper/hw/mb_block_wrapper.xsa
TRACE::2024-11-05.20:43:55::SCWPlatform:: Unique name xilinx:::0.0
TRACE::2024-11-05.20:43:55::SCWPlatform::Do not have an existing db opened. 
TRACE::2024-11-05.20:43:55::SCWPlatform::Opened new HwDB with name mb_block_wrapper_6
TRACE::2024-11-05.20:43:55::SCWMssOS::Saving the mss changes C:/Users/realk/Desktop/ece385/ECE385/lab7_1/realrealrealreal_sdk/mb_block_wrapper/microblaze_0/standalone_microblaze_0/bsp/system.mss
TRACE::2024-11-05.20:43:55::SCWMssOS::Adding the swdes entry, mss present, able to open swdb C:/Users/realk/Desktop/ece385/ECE385/lab7_1/realrealrealreal_sdk/mb_block_wrapper/microblaze_0/standalone_microblaze_0/bsp/system.mss with des name system
TRACE::2024-11-05.20:43:55::SCWMssOS::Writing the mss file completed C:/Users/realk/Desktop/ece385/ECE385/lab7_1/realrealrealreal_sdk/mb_block_wrapper/microblaze_0/standalone_microblaze_0/bsp/system.mss
TRACE::2024-11-05.20:43:55::SCWMssOS::Commit changes completed.
TRACE::2024-11-05.20:43:55::SCWPlatform::Trying to open the hw design at C:/Users/realk/Desktop/ece385/ECE385/lab7_1/realrealrealreal_sdk/mb_block_wrapper/hw/mb_block_wrapper.xsa
TRACE::2024-11-05.20:43:55::SCWPlatform::DSA given C:/Users/realk/Desktop/ece385/ECE385/lab7_1/realrealrealreal_sdk/mb_block_wrapper/hw/mb_block_wrapper.xsa
TRACE::2024-11-05.20:43:55::SCWPlatform::DSA absoulate path C:/Users/realk/Desktop/ece385/ECE385/lab7_1/realrealrealreal_sdk/mb_block_wrapper/hw/mb_block_wrapper.xsa
TRACE::2024-11-05.20:43:55::SCWPlatform::DSA directory C:/Users/realk/Desktop/ece385/ECE385/lab7_1/realrealrealreal_sdk/mb_block_wrapper/hw
TRACE::2024-11-05.20:43:55::SCWPlatform:: Platform Path C:/Users/realk/Desktop/ece385/ECE385/lab7_1/realrealrealreal_sdk/mb_block_wrapper/hw/mb_block_wrapper.xsa
TRACE::2024-11-05.20:43:55::SCWPlatform:: Unique name xilinx:::0.0
TRACE::2024-11-05.20:43:55::SCWPlatform::Trying to set the existing hwdb with name mb_block_wrapper_6
TRACE::2024-11-05.20:43:55::SCWPlatform::Opened existing hwdb mb_block_wrapper_6
TRACE::2024-11-05.20:43:55::SCWPlatform::Found the Hw Db part of the input DSA
TRACE::2024-11-05.20:43:55::SCWMssOS::Checking the sw design at  C:/Users/realk/Desktop/ece385/ECE385/lab7_1/realrealrealreal_sdk/mb_block_wrapper/microblaze_0/standalone_microblaze_0/bsp/system.mss
TRACE::2024-11-05.20:43:55::SCWMssOS::DEBUG:  swdes dump  C:/Users/realk/Desktop/ece385/ECE385/lab7_1/realrealrealreal_sdk/mb_block_wrapper/microblaze_0/standalone_microblaze_0/bsp/system.mss|system||

TRACE::2024-11-05.20:43:55::SCWMssOS::Sw design exists and opened at  C:/Users/realk/Desktop/ece385/ECE385/lab7_1/realrealrealreal_sdk/mb_block_wrapper/microblaze_0/standalone_microblaze_0/bsp/system.mss
TRACE::2024-11-05.20:43:55::SCWWriter::formatted JSON is {
	"platformName":	"mb_block_wrapper",
	"sprVersion":	"2.0",
	"mode":	"gui",
	"dsaType":	"Fixed",
	"platformDesc":	"mb_block_wrapper",
	"platHandOff":	"C:/Users/realk/Desktop/ece385/ECE385/lab7_1/mb_block_wrapper.xsa",
	"platIntHandOff":	"<platformDir>/hw/mb_block_wrapper.xsa",
	"deviceType":	"FPGA",
	"platIsPrebuiltAutogen":	"false",
	"platIsNoBootBsp":	"false",
	"hasFsblMakeHasChanges":	"false",
	"hasPmufwMakeHasChanges":	"false",
	"platPreBuiltFlag":	false,
	"platformSamplesDir":	"",
	"platActiveSys":	"mb_block_wrapper",
	"systems":	[{
			"systemName":	"mb_block_wrapper",
			"systemDesc":	"mb_block_wrapper",
			"sysIsBootAutoGen":	"true",
			"systemDispName":	"mb_block_wrapper",
			"sysActiveDom":	"standalone_microblaze_0",
			"sysDefaultDom":	"standalone_microblaze_0",
			"domains":	[{
					"domainName":	"standalone_microblaze_0",
					"domainDispName":	"standalone_microblaze_0",
					"domainDesc":	"standalone_microblaze_0",
					"processors":	"microblaze_0",
					"os":	"standalone",
					"sdxOs":	"standalone",
					"debugEnable":	"False",
					"domRuntimes":	["cpp"],
					"swRepo":	"",
					"mssOsVer":	"8.0",
					"mssFile":	"",
					"md5Digest":	"5422c1e5be4ae93f4de8c50507402f2a1",
					"compatibleApp":	"",
					"domType":	"mssDomain",
					"arch":	"32-bit",
					"appSettings":	{
						"appCompilerFlags":	"",
						"appLinkerFlags":	""
					},
					"addedLibs":	[],
					"libOptions":	{
						"libsContainingOptions":	[]
					},
					"prebuiltLibs":	{
						"prebuiltIncPath":	[],
						"prebuiltLibPath":	[]
					},
					"isolation":	{
					}
				}]
		}]
}
LOG::2024-11-05.20:44:03::SCWPlatform::Started generating the artifacts platform mb_block_wrapper
TRACE::2024-11-05.20:44:03::SCWPlatform::Sanity checking of platform is completed
LOG::2024-11-05.20:44:03::SCWPlatform::Started generating the artifacts for system configuration mb_block_wrapper
LOG::2024-11-05.20:44:03::SCWSystem::Checking the domain standalone_microblaze_0
LOG::2024-11-05.20:44:03::SCWSystem::Not a boot domain 
LOG::2024-11-05.20:44:03::SCWSystem::Started Processing the domain standalone_microblaze_0
TRACE::2024-11-05.20:44:03::SCWDomain::Generating domain artifcats
TRACE::2024-11-05.20:44:03::SCWMssOS::Generating standalone artifcats
TRACE::2024-11-05.20:44:03::SCWMssOS:: Copying the user libraries. 
TRACE::2024-11-05.20:44:03::SCWPlatform::Trying to open the hw design at C:/Users/realk/Desktop/ece385/ECE385/lab7_1/realrealrealreal_sdk/mb_block_wrapper/hw/mb_block_wrapper.xsa
TRACE::2024-11-05.20:44:03::SCWPlatform::DSA given C:/Users/realk/Desktop/ece385/ECE385/lab7_1/realrealrealreal_sdk/mb_block_wrapper/hw/mb_block_wrapper.xsa
TRACE::2024-11-05.20:44:03::SCWPlatform::DSA absoulate path C:/Users/realk/Desktop/ece385/ECE385/lab7_1/realrealrealreal_sdk/mb_block_wrapper/hw/mb_block_wrapper.xsa
TRACE::2024-11-05.20:44:03::SCWPlatform::DSA directory C:/Users/realk/Desktop/ece385/ECE385/lab7_1/realrealrealreal_sdk/mb_block_wrapper/hw
TRACE::2024-11-05.20:44:03::SCWPlatform:: Platform Path C:/Users/realk/Desktop/ece385/ECE385/lab7_1/realrealrealreal_sdk/mb_block_wrapper/hw/mb_block_wrapper.xsa
TRACE::2024-11-05.20:44:03::SCWPlatform:: Unique name xilinx:::0.0
TRACE::2024-11-05.20:44:03::SCWPlatform::Trying to set the existing hwdb with name mb_block_wrapper_6
TRACE::2024-11-05.20:44:03::SCWPlatform::Opened existing hwdb mb_block_wrapper_6
TRACE::2024-11-05.20:44:03::SCWPlatform::Found the Hw Db part of the input DSA
TRACE::2024-11-05.20:44:03::SCWMssOS::Checking the sw design at  C:/Users/realk/Desktop/ece385/ECE385/lab7_1/realrealrealreal_sdk/mb_block_wrapper/microblaze_0/standalone_microblaze_0/bsp/system.mss
TRACE::2024-11-05.20:44:03::SCWMssOS::DEBUG:  swdes dump  C:/Users/realk/Desktop/ece385/ECE385/lab7_1/realrealrealreal_sdk/mb_block_wrapper/microblaze_0/standalone_microblaze_0/bsp/system.mss|system||

TRACE::2024-11-05.20:44:03::SCWMssOS::Sw design exists and opened at  C:/Users/realk/Desktop/ece385/ECE385/lab7_1/realrealrealreal_sdk/mb_block_wrapper/microblaze_0/standalone_microblaze_0/bsp/system.mss
TRACE::2024-11-05.20:44:03::SCWMssOS::Completed writing the mss file at C:/Users/realk/Desktop/ece385/ECE385/lab7_1/realrealrealreal_sdk/mb_block_wrapper/microblaze_0/standalone_microblaze_0/bsp
TRACE::2024-11-05.20:44:03::SCWMssOS::Mss edits present, copying mssfile into export location C:/Users/realk/Desktop/ece385/ECE385/lab7_1/realrealrealreal_sdk/mb_block_wrapper/microblaze_0/standalone_microblaze_0/bsp/system.mss
TRACE::2024-11-05.20:44:03::SCWMssOS::bsp generated is stale removing and regenerating. 
TRACE::2024-11-05.20:44:05::SCWMssOS::doing bsp build ... 
TRACE::2024-11-05.20:44:05::SCWMssOS::System Command Ran  C: & cd  C:/Users/realk/Desktop/ece385/ECE385/lab7_1/realrealrealreal_sdk/mb_block_wrapper/microblaze_0/standalone_microblaze_0/bsp & make 
TRACE::2024-11-05.20:44:05::SCWMssOS::make --no-print-directory seq_libs

TRACE::2024-11-05.20:44:05::SCWMssOS::'Finished building libraries sequentially.'

TRACE::2024-11-05.20:44:05::SCWMssOS::make -j 14 --no-print-directory par_libs

TRACE::2024-11-05.20:44:05::SCWMssOS::"Running Make include in microblaze_0/libsrc/bram_v4_8/src"

TRACE::2024-11-05.20:44:05::SCWMssOS::make -C microblaze_0/libsrc/bram_v4_8/src -s include  "SHELL=CMD" "COMPILER=mb-gcc" "ASSEMBLER=mb-as" "ARCHIVER=mb-ar" "COMPILE
TRACE::2024-11-05.20:44:05::SCWMssOS::R_FLAGS=  -O2 -c -mcpu=v11.0 -mlittle-endian -mno-xl-reorder -mno-xl-soft-mul -mxl-barrel-shift -mxl-pattern-compare" "EXTRA_CO
TRACE::2024-11-05.20:44:05::SCWMssOS::MPILER_FLAGS=-g -ffunction-sections -fdata-sections -Wall -Wextra -fno-tree-loop-distribute-patterns"

TRACE::2024-11-05.20:44:05::SCWMssOS::"Running Make include in microblaze_0/libsrc/cpu_v2_16/src"

TRACE::2024-11-05.20:44:05::SCWMssOS::make -C microblaze_0/libsrc/cpu_v2_16/src -s include  "SHELL=CMD" "COMPILER=mb-gcc" "ASSEMBLER=mb-as" "ARCHIVER=mb-ar" "COMPILE
TRACE::2024-11-05.20:44:05::SCWMssOS::R_FLAGS=  -O2 -c -mcpu=v11.0 -mlittle-endian -mno-xl-reorder -mno-xl-soft-mul -mxl-barrel-shift -mxl-pattern-compare" "EXTRA_CO
TRACE::2024-11-05.20:44:05::SCWMssOS::MPILER_FLAGS=-g -ffunction-sections -fdata-sections -Wall -Wextra -fno-tree-loop-distribute-patterns"

TRACE::2024-11-05.20:44:05::SCWMssOS::"Running Make include in microblaze_0/libsrc/intc_v3_15/src"

TRACE::2024-11-05.20:44:05::SCWMssOS::make -C microblaze_0/libsrc/intc_v3_15/src -s include  "SHELL=CMD" "COMPILER=mb-gcc" "ASSEMBLER=mb-as" "ARCHIVER=mb-ar" "COMPIL
TRACE::2024-11-05.20:44:05::SCWMssOS::ER_FLAGS=  -O2 -c -mcpu=v11.0 -mlittle-endian -mno-xl-reorder -mno-xl-soft-mul -mxl-barrel-shift -mxl-pattern-compare" "EXTRA_C
TRACE::2024-11-05.20:44:05::SCWMssOS::OMPILER_FLAGS=-g -ffunction-sections -fdata-sections -Wall -Wextra -fno-tree-loop-distribute-patterns"

TRACE::2024-11-05.20:44:05::SCWMssOS::"Running Make include in microblaze_0/libsrc/standalone_v8_0/src"

TRACE::2024-11-05.20:44:05::SCWMssOS::make -C microblaze_0/libsrc/standalone_v8_0/src -s include  "SHELL=CMD" "COMPILER=mb-gcc" "ASSEMBLER=mb-as" "ARCHIVER=mb-ar" "C
TRACE::2024-11-05.20:44:05::SCWMssOS::OMPILER_FLAGS=  -O2 -c -mcpu=v11.0 -mlittle-endian -mno-xl-reorder -mno-xl-soft-mul -mxl-barrel-shift -mxl-pattern-compare" "EX
TRACE::2024-11-05.20:44:05::SCWMssOS::TRA_COMPILER_FLAGS=-g -ffunction-sections -fdata-sections -Wall -Wextra -fno-tree-loop-distribute-patterns"

TRACE::2024-11-05.20:44:05::SCWMssOS::"Running Make include in microblaze_0/libsrc/uartlite_v3_7/src"

TRACE::2024-11-05.20:44:05::SCWMssOS::make -C microblaze_0/libsrc/uartlite_v3_7/src -s include  "SHELL=CMD" "COMPILER=mb-gcc" "ASSEMBLER=mb-as" "ARCHIVER=mb-ar" "COM
TRACE::2024-11-05.20:44:05::SCWMssOS::PILER_FLAGS=  -O2 -c -mcpu=v11.0 -mlittle-endian -mno-xl-reorder -mno-xl-soft-mul -mxl-barrel-shift -mxl-pattern-compare" "EXTR
TRACE::2024-11-05.20:44:05::SCWMssOS::A_COMPILER_FLAGS=-g -ffunction-sections -fdata-sections -Wall -Wextra -fno-tree-loop-distribute-patterns"

TRACE::2024-11-05.20:44:05::SCWMssOS::"Running Make libs in microblaze_0/libsrc/bram_v4_8/src"

TRACE::2024-11-05.20:44:05::SCWMssOS::make -C microblaze_0/libsrc/bram_v4_8/src -s libs  "SHELL=CMD" "COMPILER=mb-gcc" "ASSEMBLER=mb-as" "ARCHIVER=mb-ar" "COMPILER_F
TRACE::2024-11-05.20:44:05::SCWMssOS::LAGS=  -O2 -c -mcpu=v11.0 -mlittle-endian -mno-xl-reorder -mno-xl-soft-mul -mxl-barrel-shift -mxl-pattern-compare" "EXTRA_COMPI
TRACE::2024-11-05.20:44:05::SCWMssOS::LER_FLAGS=-g -ffunction-sections -fdata-sections -Wall -Wextra -fno-tree-loop-distribute-patterns"

TRACE::2024-11-05.20:44:05::SCWMssOS::"Running Make libs in microblaze_0/libsrc/cpu_v2_16/src"

TRACE::2024-11-05.20:44:05::SCWMssOS::make -C microblaze_0/libsrc/cpu_v2_16/src -s libs  "SHELL=CMD" "COMPILER=mb-gcc" "ASSEMBLER=mb-as" "ARCHIVER=mb-ar" "COMPILER_F
TRACE::2024-11-05.20:44:05::SCWMssOS::LAGS=  -O2 -c -mcpu=v11.0 -mlittle-endian -mno-xl-reorder -mno-xl-soft-mul -mxl-barrel-shift -mxl-pattern-compare" "EXTRA_COMPI
TRACE::2024-11-05.20:44:05::SCWMssOS::LER_FLAGS=-g -ffunction-sections -fdata-sections -Wall -Wextra -fno-tree-loop-distribute-patterns"

TRACE::2024-11-05.20:44:05::SCWMssOS::"Running Make libs in microblaze_0/libsrc/intc_v3_15/src"

TRACE::2024-11-05.20:44:05::SCWMssOS::make -C microblaze_0/libsrc/intc_v3_15/src -s libs  "SHELL=CMD" "COMPILER=mb-gcc" "ASSEMBLER=mb-as" "ARCHIVER=mb-ar" "COMPILER_
TRACE::2024-11-05.20:44:05::SCWMssOS::FLAGS=  -O2 -c -mcpu=v11.0 -mlittle-endian -mno-xl-reorder -mno-xl-soft-mul -mxl-barrel-shift -mxl-pattern-compare" "EXTRA_COMP
TRACE::2024-11-05.20:44:05::SCWMssOS::ILER_FLAGS=-g -ffunction-sections -fdata-sections -Wall -Wextra -fno-tree-loop-distribute-patterns"

TRACE::2024-11-05.20:44:05::SCWMssOS::"Running Make libs in microblaze_0/libsrc/standalone_v8_0/src"

TRACE::2024-11-05.20:44:05::SCWMssOS::make -C microblaze_0/libsrc/standalone_v8_0/src -s libs  "SHELL=CMD" "COMPILER=mb-gcc" "ASSEMBLER=mb-as" "ARCHIVER=mb-ar" "COMP
TRACE::2024-11-05.20:44:05::SCWMssOS::ILER_FLAGS=  -O2 -c -mcpu=v11.0 -mlittle-endian -mno-xl-reorder -mno-xl-soft-mul -mxl-barrel-shift -mxl-pattern-compare" "EXTRA
TRACE::2024-11-05.20:44:05::SCWMssOS::_COMPILER_FLAGS=-g -ffunction-sections -fdata-sections -Wall -Wextra -fno-tree-loop-distribute-patterns"

TRACE::2024-11-05.20:44:06::SCWMssOS::"Running Make libs in microblaze_0/libsrc/uartlite_v3_7/src"

TRACE::2024-11-05.20:44:06::SCWMssOS::make -C microblaze_0/libsrc/uartlite_v3_7/src -s libs  "SHELL=CMD" "COMPILER=mb-gcc" "ASSEMBLER=mb-as" "ARCHIVER=mb-ar" "COMPIL
TRACE::2024-11-05.20:44:06::SCWMssOS::ER_FLAGS=  -O2 -c -mcpu=v11.0 -mlittle-endian -mno-xl-reorder -mno-xl-soft-mul -mxl-barrel-shift -mxl-pattern-compare" "EXTRA_C
TRACE::2024-11-05.20:44:06::SCWMssOS::OMPILER_FLAGS=-g -ffunction-sections -fdata-sections -Wall -Wextra -fno-tree-loop-distribute-patterns"

TRACE::2024-11-05.20:44:07::SCWMssOS::"DEBUG NON_LTO_OBJECTS is ../../../lib/microblaze_interrupt_handler.o"

TRACE::2024-11-05.20:44:07::SCWMssOS::'Finished building libraries parallelly.'

TRACE::2024-11-05.20:44:07::SCWMssOS::make --no-print-directory archive

TRACE::2024-11-05.20:44:07::SCWMssOS::mb-ar -r  microblaze_0/lib/libxil.a microblaze_0/lib/_exit.o microblaze_0/lib/errno.o microblaze_0/lib/fcntl.o microblaze_0/lib
TRACE::2024-11-05.20:44:07::SCWMssOS::/hw_exception_handler.o microblaze_0/lib/inbyte.o microblaze_0/lib/microblaze_disable_dcache.o microblaze_0/lib/microblaze_disa
TRACE::2024-11-05.20:44:07::SCWMssOS::ble_exceptions.o microblaze_0/lib/microblaze_disable_icache.o microblaze_0/lib/microblaze_disable_interrupts.o microblaze_0/lib
TRACE::2024-11-05.20:44:07::SCWMssOS::/microblaze_enable_dcache.o microblaze_0/lib/microblaze_enable_exceptions.o microblaze_0/lib/microblaze_enable_icache.o microbl
TRACE::2024-11-05.20:44:07::SCWMssOS::aze_0/lib/microblaze_enable_interrupts.o microblaze_0/lib/microblaze_exception_handler.o microblaze_0/lib/microblaze_flush_cach
TRACE::2024-11-05.20:44:07::SCWMssOS::e_ext.o microblaze_0/lib/microblaze_flush_cache_ext_range.o microblaze_0/lib/microblaze_flush_dcache.o microblaze_0/lib/microbl
TRACE::2024-11-05.20:44:07::SCWMssOS::aze_flush_dcache_range.o microblaze_0/lib/microblaze_init_dcache_range.o microblaze_0/lib/microblaze_init_icache_range.o microb
TRACE::2024-11-05.20:44:07::SCWMssOS::laze_0/lib/microblaze_interrupt_handler.o microblaze_0/lib/microblaze_interrupts_g.o microblaze_0/lib/microblaze_invalidate_cac
TRACE::2024-11-05.20:44:07::SCWMssOS::he_ext.o microblaze_0/lib/microblaze_invalidate_cache_ext_range.o microblaze_0/lib/microblaze_invalidate_dcache.o microblaze_0/
TRACE::2024-11-05.20:44:07::SCWMssOS::lib/microblaze_invalidate_dcache_range.o microblaze_0/lib/microblaze_invalidate_icache.o microblaze_0/lib/microblaze_invalidate
TRACE::2024-11-05.20:44:07::SCWMssOS::_icache_range.o microblaze_0/lib/microblaze_scrub.o microblaze_0/lib/microblaze_selftest.o microblaze_0/lib/microblaze_sleep.o 
TRACE::2024-11-05.20:44:07::SCWMssOS::microblaze_0/lib/microblaze_update_dcache.o microblaze_0/lib/microblaze_update_icache.o microblaze_0/lib/outbyte.o microblaze_0
TRACE::2024-11-05.20:44:07::SCWMssOS::/lib/print.o microblaze_0/lib/pvr.o microblaze_0/lib/xbram.o microblaze_0/lib/xbram_g.o microblaze_0/lib/xbram_intr.o microblaz
TRACE::2024-11-05.20:44:07::SCWMssOS::e_0/lib/xbram_selftest.o microblaze_0/lib/xbram_sinit.o microblaze_0/lib/xil_assert.o microblaze_0/lib/xil_cache.o microblaze_0
TRACE::2024-11-05.20:44:07::SCWMssOS::/lib/xil_clocking.o microblaze_0/lib/xil_exception.o microblaze_0/lib/xil_mem.o microblaze_0/lib/xil_misc_psreset_api.o microbl
TRACE::2024-11-05.20:44:07::SCWMssOS::aze_0/lib/xil_printf.o microblaze_0/lib/xil_sleepcommon.o microblaze_0/lib/xil_testcache.o microblaze_0/lib/xil_testio.o microb
TRACE::2024-11-05.20:44:07::SCWMssOS::laze_0/lib/xil_testmem.o microblaze_0/lib/xil_util.o microblaze_0/lib/xintc.o microblaze_0/lib/xintc_g.o microblaze_0/lib/xintc
TRACE::2024-11-05.20:44:07::SCWMssOS::_intr.o microblaze_0/lib/xintc_l.o microblaze_0/lib/xintc_options.o microblaze_0/lib/xintc_selftest.o microblaze_0/lib/xinterru
TRACE::2024-11-05.20:44:07::SCWMssOS::pt_wrap.o microblaze_0/lib/xio.o microblaze_0/lib/xplatform_info.o microblaze_0/lib/xuartlite.o microblaze_0/lib/xuartlite_g.o 
TRACE::2024-11-05.20:44:07::SCWMssOS::microblaze_0/lib/xuartlite_intr.o microblaze_0/lib/xuartlite_l.o microblaze_0/lib/xuartlite_selftest.o microblaze_0/lib/xuartli
TRACE::2024-11-05.20:44:07::SCWMssOS::te_sinit.o microblaze_0/lib/xuartlite_stats.o

TRACE::2024-11-05.20:44:07::SCWMssOS::'Finished building libraries'

TRACE::2024-11-05.20:44:08::SCWMssOS:: Checking if to create the Supporting Applications
TRACE::2024-11-05.20:44:08::SCWMssOS:: No Linux domain exists, trying to generate FSBL 
LOG::2024-11-05.20:44:08::SCWSystem::Completed Processing the domain standalone_microblaze_0
LOG::2024-11-05.20:44:08::SCWSystem::Completed Processing the sysconfig mb_block_wrapper
LOG::2024-11-05.20:44:08::SCWPlatform::Completed generating the artifacts for system configuration mb_block_wrapper
TRACE::2024-11-05.20:44:08::SCWPlatform::Started preparing the platform 
TRACE::2024-11-05.20:44:08::SCWSystem::Writing the bif file for system config mb_block_wrapper
TRACE::2024-11-05.20:44:08::SCWSystem::dir created 
TRACE::2024-11-05.20:44:08::SCWSystem::Writing the bif 
TRACE::2024-11-05.20:44:08::SCWPlatform::Started writing the spfm file 
TRACE::2024-11-05.20:44:08::SCWPlatform::Started writing the xpfm file 
TRACE::2024-11-05.20:44:08::SCWPlatform::Completed generating the platform
TRACE::2024-11-05.20:44:08::SCWMssOS::Saving the mss changes C:/Users/realk/Desktop/ece385/ECE385/lab7_1/realrealrealreal_sdk/mb_block_wrapper/microblaze_0/standalone_microblaze_0/bsp/system.mss
TRACE::2024-11-05.20:44:08::SCWMssOS::Adding the swdes entry, mss present, able to open swdb C:/Users/realk/Desktop/ece385/ECE385/lab7_1/realrealrealreal_sdk/mb_block_wrapper/microblaze_0/standalone_microblaze_0/bsp/system.mss with des name system
TRACE::2024-11-05.20:44:08::SCWMssOS::Writing the mss file completed C:/Users/realk/Desktop/ece385/ECE385/lab7_1/realrealrealreal_sdk/mb_block_wrapper/microblaze_0/standalone_microblaze_0/bsp/system.mss
TRACE::2024-11-05.20:44:08::SCWMssOS::Commit changes completed.
TRACE::2024-11-05.20:44:08::SCWPlatform::Trying to open the hw design at C:/Users/realk/Desktop/ece385/ECE385/lab7_1/realrealrealreal_sdk/mb_block_wrapper/hw/mb_block_wrapper.xsa
TRACE::2024-11-05.20:44:08::SCWPlatform::DSA given C:/Users/realk/Desktop/ece385/ECE385/lab7_1/realrealrealreal_sdk/mb_block_wrapper/hw/mb_block_wrapper.xsa
TRACE::2024-11-05.20:44:08::SCWPlatform::DSA absoulate path C:/Users/realk/Desktop/ece385/ECE385/lab7_1/realrealrealreal_sdk/mb_block_wrapper/hw/mb_block_wrapper.xsa
TRACE::2024-11-05.20:44:08::SCWPlatform::DSA directory C:/Users/realk/Desktop/ece385/ECE385/lab7_1/realrealrealreal_sdk/mb_block_wrapper/hw
TRACE::2024-11-05.20:44:08::SCWPlatform:: Platform Path C:/Users/realk/Desktop/ece385/ECE385/lab7_1/realrealrealreal_sdk/mb_block_wrapper/hw/mb_block_wrapper.xsa
TRACE::2024-11-05.20:44:08::SCWPlatform:: Unique name xilinx:::0.0
TRACE::2024-11-05.20:44:08::SCWPlatform::Trying to set the existing hwdb with name mb_block_wrapper_6
TRACE::2024-11-05.20:44:08::SCWPlatform::Opened existing hwdb mb_block_wrapper_6
TRACE::2024-11-05.20:44:08::SCWPlatform::Found the Hw Db part of the input DSA
TRACE::2024-11-05.20:44:08::SCWMssOS::Checking the sw design at  C:/Users/realk/Desktop/ece385/ECE385/lab7_1/realrealrealreal_sdk/mb_block_wrapper/microblaze_0/standalone_microblaze_0/bsp/system.mss
TRACE::2024-11-05.20:44:08::SCWMssOS::DEBUG:  swdes dump  C:/Users/realk/Desktop/ece385/ECE385/lab7_1/realrealrealreal_sdk/mb_block_wrapper/microblaze_0/standalone_microblaze_0/bsp/system.mss|system||

TRACE::2024-11-05.20:44:08::SCWMssOS::Sw design exists and opened at  C:/Users/realk/Desktop/ece385/ECE385/lab7_1/realrealrealreal_sdk/mb_block_wrapper/microblaze_0/standalone_microblaze_0/bsp/system.mss
TRACE::2024-11-05.20:44:08::SCWWriter::formatted JSON is {
	"platformName":	"mb_block_wrapper",
	"sprVersion":	"2.0",
	"mode":	"gui",
	"dsaType":	"Fixed",
	"platformDesc":	"mb_block_wrapper",
	"platHandOff":	"C:/Users/realk/Desktop/ece385/ECE385/lab7_1/mb_block_wrapper.xsa",
	"platIntHandOff":	"<platformDir>/hw/mb_block_wrapper.xsa",
	"deviceType":	"FPGA",
	"platIsPrebuiltAutogen":	"false",
	"platIsNoBootBsp":	"false",
	"hasFsblMakeHasChanges":	"false",
	"hasPmufwMakeHasChanges":	"false",
	"platPreBuiltFlag":	false,
	"platformSamplesDir":	"",
	"platActiveSys":	"mb_block_wrapper",
	"systems":	[{
			"systemName":	"mb_block_wrapper",
			"systemDesc":	"mb_block_wrapper",
			"sysIsBootAutoGen":	"true",
			"systemDispName":	"mb_block_wrapper",
			"sysActiveDom":	"standalone_microblaze_0",
			"sysDefaultDom":	"standalone_microblaze_0",
			"domains":	[{
					"domainName":	"standalone_microblaze_0",
					"domainDispName":	"standalone_microblaze_0",
					"domainDesc":	"standalone_microblaze_0",
					"processors":	"microblaze_0",
					"os":	"standalone",
					"sdxOs":	"standalone",
					"debugEnable":	"False",
					"domRuntimes":	["cpp"],
					"swRepo":	"",
					"mssOsVer":	"8.0",
					"mssFile":	"",
					"md5Digest":	"5422c1e5be4ae93f4de8c50507402f2a",
					"compatibleApp":	"",
					"domType":	"mssDomain",
					"arch":	"32-bit",
					"appSettings":	{
						"appCompilerFlags":	"",
						"appLinkerFlags":	""
					},
					"addedLibs":	[],
					"libOptions":	{
						"libsContainingOptions":	[]
					},
					"prebuiltLibs":	{
						"prebuiltIncPath":	[],
						"prebuiltLibPath":	[]
					},
					"isolation":	{
					}
				}]
		}]
}
KEYINFO::2024-11-05.20:44:08::SCWPlatform::updated the xpfm file.
TRACE::2024-11-05.20:44:08::SCWPlatform::Trying to open the hw design at C:/Users/realk/Desktop/ece385/ECE385/lab7_1/realrealrealreal_sdk/mb_block_wrapper/hw/mb_block_wrapper.xsa
TRACE::2024-11-05.20:44:08::SCWPlatform::DSA given C:/Users/realk/Desktop/ece385/ECE385/lab7_1/realrealrealreal_sdk/mb_block_wrapper/hw/mb_block_wrapper.xsa
TRACE::2024-11-05.20:44:08::SCWPlatform::DSA absoulate path C:/Users/realk/Desktop/ece385/ECE385/lab7_1/realrealrealreal_sdk/mb_block_wrapper/hw/mb_block_wrapper.xsa
TRACE::2024-11-05.20:44:08::SCWPlatform::DSA directory C:/Users/realk/Desktop/ece385/ECE385/lab7_1/realrealrealreal_sdk/mb_block_wrapper/hw
TRACE::2024-11-05.20:44:08::SCWPlatform:: Platform Path C:/Users/realk/Desktop/ece385/ECE385/lab7_1/realrealrealreal_sdk/mb_block_wrapper/hw/mb_block_wrapper.xsa
TRACE::2024-11-05.20:44:08::SCWPlatform:: Unique name xilinx:::0.0
TRACE::2024-11-05.20:44:08::SCWPlatform::Trying to set the existing hwdb with name mb_block_wrapper_6
TRACE::2024-11-05.20:44:08::SCWPlatform::Opened existing hwdb mb_block_wrapper_6
TRACE::2024-11-05.20:44:08::SCWPlatform::Found the Hw Db part of the input DSA
TRACE::2024-11-05.20:44:08::SCWMssOS::Checking the sw design at  C:/Users/realk/Desktop/ece385/ECE385/lab7_1/realrealrealreal_sdk/mb_block_wrapper/microblaze_0/standalone_microblaze_0/bsp/system.mss
TRACE::2024-11-05.20:44:08::SCWMssOS::DEBUG:  swdes dump  C:/Users/realk/Desktop/ece385/ECE385/lab7_1/realrealrealreal_sdk/mb_block_wrapper/microblaze_0/standalone_microblaze_0/bsp/system.mss|system||

TRACE::2024-11-05.20:44:08::SCWMssOS::Sw design exists and opened at  C:/Users/realk/Desktop/ece385/ECE385/lab7_1/realrealrealreal_sdk/mb_block_wrapper/microblaze_0/standalone_microblaze_0/bsp/system.mss
TRACE::2024-11-06.23:57:43::SCWPlatform::Clearing the existing platform
TRACE::2024-11-06.23:57:43::SCWSystem::Clearing the existing sysconfig
TRACE::2024-11-06.23:57:43::SCWMssOS::Removing the swdes entry for  C:/Users/realk/Desktop/ece385/ECE385/lab7_1/realrealrealreal_sdk/mb_block_wrapper/microblaze_0/standalone_microblaze_0/bsp/system.mss
TRACE::2024-11-06.23:57:43::SCWSystem::Clearing the domains completed.
TRACE::2024-11-06.23:57:43::SCWPlatform::Clearing the opened hw db.
TRACE::2024-11-06.23:57:43::SCWPlatform::DSA given C:/Users/realk/Desktop/ece385/ECE385/lab7_1/realrealrealreal_sdk/mb_block_wrapper/hw/mb_block_wrapper.xsa
TRACE::2024-11-06.23:57:43::SCWPlatform::DSA absoulate path C:/Users/realk/Desktop/ece385/ECE385/lab7_1/realrealrealreal_sdk/mb_block_wrapper/hw/mb_block_wrapper.xsa
TRACE::2024-11-06.23:57:43::SCWPlatform:: Platform location is C:/Users/realk/Desktop/ece385/ECE385/lab7_1/realrealrealreal_sdk/mb_block_wrapper/hw
TRACE::2024-11-06.23:57:43::SCWPlatform:: Platform Path C:/Users/realk/Desktop/ece385/ECE385/lab7_1/realrealrealreal_sdk/mb_block_wrapper/hw/mb_block_wrapper.xsa
TRACE::2024-11-06.23:57:43::SCWPlatform:: Unique name xilinx:::0.0
TRACE::2024-11-06.23:57:43::SCWPlatform::Removing the HwDB with name C:/Users/realk/Desktop/ece385/ECE385/lab7_1/realrealrealreal_sdk/mb_block_wrapper/hw/mb_block_wrapper.xsa
TRACE::2024-11-06.23:57:43::SCWPlatform::Trying to open the hw design at C:/Users/realk/Desktop/ece385/ECE385/lab7_1/realrealrealreal_sdk/mb_block_wrapper/hw/mb_block_wrapper.xsa
TRACE::2024-11-06.23:57:43::SCWPlatform::DSA given C:/Users/realk/Desktop/ece385/ECE385/lab7_1/realrealrealreal_sdk/mb_block_wrapper/hw/mb_block_wrapper.xsa
TRACE::2024-11-06.23:57:43::SCWPlatform::DSA absoulate path C:/Users/realk/Desktop/ece385/ECE385/lab7_1/realrealrealreal_sdk/mb_block_wrapper/hw/mb_block_wrapper.xsa
TRACE::2024-11-06.23:57:43::SCWPlatform::DSA directory C:/Users/realk/Desktop/ece385/ECE385/lab7_1/realrealrealreal_sdk/mb_block_wrapper/hw
TRACE::2024-11-06.23:57:43::SCWPlatform:: Platform Path C:/Users/realk/Desktop/ece385/ECE385/lab7_1/realrealrealreal_sdk/mb_block_wrapper/hw/mb_block_wrapper.xsa
TRACE::2024-11-06.23:57:43::SCWPlatform:: Unique name xilinx:::0.0
TRACE::2024-11-06.23:57:43::SCWPlatform::Do not have an existing db opened. 
TRACE::2024-11-06.23:57:44::SCWPlatform::Opened new HwDB with name mb_block_wrapper_8
TRACE::2024-11-06.23:57:44::SCWReader::Active system found as  mb_block_wrapper
TRACE::2024-11-06.23:57:44::SCWReader::Handling sysconfig mb_block_wrapper
TRACE::2024-11-06.23:57:44::SCWDomain::checking for install qemu data   : 
TRACE::2024-11-06.23:57:44::SCWPlatform::Trying to open the hw design at C:/Users/realk/Desktop/ece385/ECE385/lab7_1/realrealrealreal_sdk/mb_block_wrapper/hw/mb_block_wrapper.xsa
TRACE::2024-11-06.23:57:44::SCWPlatform::DSA given C:/Users/realk/Desktop/ece385/ECE385/lab7_1/realrealrealreal_sdk/mb_block_wrapper/hw/mb_block_wrapper.xsa
TRACE::2024-11-06.23:57:44::SCWPlatform::DSA absoulate path C:/Users/realk/Desktop/ece385/ECE385/lab7_1/realrealrealreal_sdk/mb_block_wrapper/hw/mb_block_wrapper.xsa
TRACE::2024-11-06.23:57:44::SCWPlatform::DSA directory C:/Users/realk/Desktop/ece385/ECE385/lab7_1/realrealrealreal_sdk/mb_block_wrapper/hw
TRACE::2024-11-06.23:57:44::SCWPlatform:: Platform Path C:/Users/realk/Desktop/ece385/ECE385/lab7_1/realrealrealreal_sdk/mb_block_wrapper/hw/mb_block_wrapper.xsa
TRACE::2024-11-06.23:57:44::SCWPlatform:: Unique name xilinx:::0.0
TRACE::2024-11-06.23:57:44::SCWPlatform::Trying to set the existing hwdb with name mb_block_wrapper_8
TRACE::2024-11-06.23:57:44::SCWPlatform::Opened existing hwdb mb_block_wrapper_8
TRACE::2024-11-06.23:57:44::SCWPlatform::Found the Hw Db part of the input DSA
TRACE::2024-11-06.23:57:44::SCWPlatform::Trying to open the hw design at C:/Users/realk/Desktop/ece385/ECE385/lab7_1/realrealrealreal_sdk/mb_block_wrapper/hw/mb_block_wrapper.xsa
TRACE::2024-11-06.23:57:44::SCWPlatform::DSA given C:/Users/realk/Desktop/ece385/ECE385/lab7_1/realrealrealreal_sdk/mb_block_wrapper/hw/mb_block_wrapper.xsa
TRACE::2024-11-06.23:57:44::SCWPlatform::DSA absoulate path C:/Users/realk/Desktop/ece385/ECE385/lab7_1/realrealrealreal_sdk/mb_block_wrapper/hw/mb_block_wrapper.xsa
TRACE::2024-11-06.23:57:44::SCWPlatform::DSA directory C:/Users/realk/Desktop/ece385/ECE385/lab7_1/realrealrealreal_sdk/mb_block_wrapper/hw
TRACE::2024-11-06.23:57:44::SCWPlatform:: Platform Path C:/Users/realk/Desktop/ece385/ECE385/lab7_1/realrealrealreal_sdk/mb_block_wrapper/hw/mb_block_wrapper.xsa
TRACE::2024-11-06.23:57:44::SCWPlatform:: Unique name xilinx:::0.0
TRACE::2024-11-06.23:57:44::SCWPlatform::Trying to set the existing hwdb with name mb_block_wrapper_8
TRACE::2024-11-06.23:57:44::SCWPlatform::Opened existing hwdb mb_block_wrapper_8
TRACE::2024-11-06.23:57:44::SCWPlatform::Found the Hw Db part of the input DSA
TRACE::2024-11-06.23:57:44::SCWPlatform::Trying to open the hw design at C:/Users/realk/Desktop/ece385/ECE385/lab7_1/realrealrealreal_sdk/mb_block_wrapper/hw/mb_block_wrapper.xsa
TRACE::2024-11-06.23:57:44::SCWPlatform::DSA given C:/Users/realk/Desktop/ece385/ECE385/lab7_1/realrealrealreal_sdk/mb_block_wrapper/hw/mb_block_wrapper.xsa
TRACE::2024-11-06.23:57:44::SCWPlatform::DSA absoulate path C:/Users/realk/Desktop/ece385/ECE385/lab7_1/realrealrealreal_sdk/mb_block_wrapper/hw/mb_block_wrapper.xsa
TRACE::2024-11-06.23:57:44::SCWPlatform::DSA directory C:/Users/realk/Desktop/ece385/ECE385/lab7_1/realrealrealreal_sdk/mb_block_wrapper/hw
TRACE::2024-11-06.23:57:44::SCWPlatform:: Platform Path C:/Users/realk/Desktop/ece385/ECE385/lab7_1/realrealrealreal_sdk/mb_block_wrapper/hw/mb_block_wrapper.xsa
TRACE::2024-11-06.23:57:44::SCWPlatform:: Unique name xilinx:::0.0
TRACE::2024-11-06.23:57:44::SCWPlatform::Trying to set the existing hwdb with name mb_block_wrapper_8
TRACE::2024-11-06.23:57:44::SCWPlatform::Opened existing hwdb mb_block_wrapper_8
TRACE::2024-11-06.23:57:44::SCWPlatform::Found the Hw Db part of the input DSA
TRACE::2024-11-06.23:57:44::SCWPlatform::Trying to open the hw design at C:/Users/realk/Desktop/ece385/ECE385/lab7_1/realrealrealreal_sdk/mb_block_wrapper/hw/mb_block_wrapper.xsa
TRACE::2024-11-06.23:57:44::SCWPlatform::DSA given C:/Users/realk/Desktop/ece385/ECE385/lab7_1/realrealrealreal_sdk/mb_block_wrapper/hw/mb_block_wrapper.xsa
TRACE::2024-11-06.23:57:44::SCWPlatform::DSA absoulate path C:/Users/realk/Desktop/ece385/ECE385/lab7_1/realrealrealreal_sdk/mb_block_wrapper/hw/mb_block_wrapper.xsa
TRACE::2024-11-06.23:57:44::SCWPlatform::DSA directory C:/Users/realk/Desktop/ece385/ECE385/lab7_1/realrealrealreal_sdk/mb_block_wrapper/hw
TRACE::2024-11-06.23:57:44::SCWPlatform:: Platform Path C:/Users/realk/Desktop/ece385/ECE385/lab7_1/realrealrealreal_sdk/mb_block_wrapper/hw/mb_block_wrapper.xsa
TRACE::2024-11-06.23:57:44::SCWPlatform:: Unique name xilinx:::0.0
TRACE::2024-11-06.23:57:44::SCWPlatform::Trying to set the existing hwdb with name mb_block_wrapper_8
TRACE::2024-11-06.23:57:44::SCWPlatform::Opened existing hwdb mb_block_wrapper_8
TRACE::2024-11-06.23:57:44::SCWPlatform::Found the Hw Db part of the input DSA
TRACE::2024-11-06.23:57:44::SCWMssOS::Checking the sw design at  C:/Users/realk/Desktop/ece385/ECE385/lab7_1/realrealrealreal_sdk/mb_block_wrapper/microblaze_0/standalone_microblaze_0/bsp/system.mss
TRACE::2024-11-06.23:57:44::SCWMssOS::DEBUG:  swdes dump  
TRACE::2024-11-06.23:57:44::SCWMssOS::No sw design opened at  C:/Users/realk/Desktop/ece385/ECE385/lab7_1/realrealrealreal_sdk/mb_block_wrapper/microblaze_0/standalone_microblaze_0/bsp/system.mss
TRACE::2024-11-06.23:57:44::SCWMssOS::mss exists loading the mss file  C:/Users/realk/Desktop/ece385/ECE385/lab7_1/realrealrealreal_sdk/mb_block_wrapper/microblaze_0/standalone_microblaze_0/bsp/system.mss
TRACE::2024-11-06.23:57:44::SCWMssOS::Opened the sw design from mss  C:/Users/realk/Desktop/ece385/ECE385/lab7_1/realrealrealreal_sdk/mb_block_wrapper/microblaze_0/standalone_microblaze_0/bsp/system.mss
TRACE::2024-11-06.23:57:44::SCWMssOS::Adding the swdes entry C:/Users/realk/Desktop/ece385/ECE385/lab7_1/realrealrealreal_sdk/mb_block_wrapper/microblaze_0/standalone_microblaze_0/bsp/system.mss with des name system
TRACE::2024-11-06.23:57:44::SCWMssOS::updating the scw layer about changes
TRACE::2024-11-06.23:57:44::SCWMssOS::Opened the sw design.  C:/Users/realk/Desktop/ece385/ECE385/lab7_1/realrealrealreal_sdk/mb_block_wrapper/microblaze_0/standalone_microblaze_0/bsp/system.mss
TRACE::2024-11-06.23:57:44::SCWMssOS::Saving the mss changes C:/Users/realk/Desktop/ece385/ECE385/lab7_1/realrealrealreal_sdk/mb_block_wrapper/microblaze_0/standalone_microblaze_0/bsp/system.mss
TRACE::2024-11-06.23:57:44::SCWMssOS::Found a swdesign opened with the mssfile.
TRACE::2024-11-06.23:57:44::SCWMssOS::Completed writemss as part of save.
TRACE::2024-11-06.23:57:44::SCWMssOS::Commit changes completed.
TRACE::2024-11-06.23:57:44::SCWReader::Adding prebuilt librarypaths as   
TRACE::2024-11-06.23:57:44::SCWReader::Adding prebuilt incpaths  as   
TRACE::2024-11-06.23:57:44::SCWPlatform::Trying to open the hw design at C:/Users/realk/Desktop/ece385/ECE385/lab7_1/realrealrealreal_sdk/mb_block_wrapper/hw/mb_block_wrapper.xsa
TRACE::2024-11-06.23:57:44::SCWPlatform::DSA given C:/Users/realk/Desktop/ece385/ECE385/lab7_1/realrealrealreal_sdk/mb_block_wrapper/hw/mb_block_wrapper.xsa
TRACE::2024-11-06.23:57:44::SCWPlatform::DSA absoulate path C:/Users/realk/Desktop/ece385/ECE385/lab7_1/realrealrealreal_sdk/mb_block_wrapper/hw/mb_block_wrapper.xsa
TRACE::2024-11-06.23:57:44::SCWPlatform::DSA directory C:/Users/realk/Desktop/ece385/ECE385/lab7_1/realrealrealreal_sdk/mb_block_wrapper/hw
TRACE::2024-11-06.23:57:44::SCWPlatform:: Platform Path C:/Users/realk/Desktop/ece385/ECE385/lab7_1/realrealrealreal_sdk/mb_block_wrapper/hw/mb_block_wrapper.xsa
TRACE::2024-11-06.23:57:44::SCWPlatform:: Unique name xilinx:::0.0
TRACE::2024-11-06.23:57:44::SCWPlatform::Trying to set the existing hwdb with name mb_block_wrapper_8
TRACE::2024-11-06.23:57:44::SCWPlatform::Opened existing hwdb mb_block_wrapper_8
TRACE::2024-11-06.23:57:44::SCWPlatform::Found the Hw Db part of the input DSA
TRACE::2024-11-06.23:57:44::SCWMssOS::Checking the sw design at  C:/Users/realk/Desktop/ece385/ECE385/lab7_1/realrealrealreal_sdk/mb_block_wrapper/microblaze_0/standalone_microblaze_0/bsp/system.mss
TRACE::2024-11-06.23:57:44::SCWMssOS::DEBUG:  swdes dump  C:/Users/realk/Desktop/ece385/ECE385/lab7_1/realrealrealreal_sdk/mb_block_wrapper/microblaze_0/standalone_microblaze_0/bsp/system.mss|system||

TRACE::2024-11-06.23:57:44::SCWMssOS::Sw design exists and opened at  C:/Users/realk/Desktop/ece385/ECE385/lab7_1/realrealrealreal_sdk/mb_block_wrapper/microblaze_0/standalone_microblaze_0/bsp/system.mss
TRACE::2024-11-06.23:57:44::SCWReader::No isolation master present  
TRACE::2024-11-06.23:57:47::SCWPlatform::DSA given C:/Users/realk/Desktop/ece385/ECE385/lab7_1/realrealrealreal_sdk/mb_block_wrapper/tempdsa/mb_block_wrapper.xsa
TRACE::2024-11-06.23:57:47::SCWPlatform::DSA absoulate path C:/Users/realk/Desktop/ece385/ECE385/lab7_1/realrealrealreal_sdk/mb_block_wrapper/tempdsa/mb_block_wrapper.xsa
TRACE::2024-11-06.23:57:47::SCWPlatform:: Platform location is C:/Users/realk/Desktop/ece385/ECE385/lab7_1/realrealrealreal_sdk/mb_block_wrapper/tempdsa
TRACE::2024-11-06.23:57:47::SCWPlatform:: Platform Path C:/Users/realk/Desktop/ece385/ECE385/lab7_1/realrealrealreal_sdk/mb_block_wrapper/tempdsa/mb_block_wrapper.xsa
TRACE::2024-11-06.23:57:47::SCWPlatform:: Unique name xilinx:::0.0
TRACE::2024-11-06.23:57:48::SCWPlatform::Found the Hw Db part of the input DSA
TRACE::2024-11-06.23:57:48::SCWMssOS::Doing hw sync for the mss in domain: standalone_microblaze_0
TRACE::2024-11-06.23:57:48::SCWPlatform::Trying to open the hw design at C:/Users/realk/Desktop/ece385/ECE385/lab7_1/realrealrealreal_sdk/mb_block_wrapper/hw/mb_block_wrapper.xsa
TRACE::2024-11-06.23:57:48::SCWPlatform::DSA given C:/Users/realk/Desktop/ece385/ECE385/lab7_1/realrealrealreal_sdk/mb_block_wrapper/hw/mb_block_wrapper.xsa
TRACE::2024-11-06.23:57:48::SCWPlatform::DSA absoulate path C:/Users/realk/Desktop/ece385/ECE385/lab7_1/realrealrealreal_sdk/mb_block_wrapper/hw/mb_block_wrapper.xsa
TRACE::2024-11-06.23:57:48::SCWPlatform::DSA directory C:/Users/realk/Desktop/ece385/ECE385/lab7_1/realrealrealreal_sdk/mb_block_wrapper/hw
TRACE::2024-11-06.23:57:48::SCWPlatform:: Platform Path C:/Users/realk/Desktop/ece385/ECE385/lab7_1/realrealrealreal_sdk/mb_block_wrapper/hw/mb_block_wrapper.xsa
TRACE::2024-11-06.23:57:48::SCWPlatform:: Unique name xilinx:::0.0
TRACE::2024-11-06.23:57:48::SCWPlatform::Trying to set the existing hwdb with name mb_block_wrapper_8
TRACE::2024-11-06.23:57:48::SCWPlatform::Opened existing hwdb mb_block_wrapper_8
TRACE::2024-11-06.23:57:48::SCWPlatform::Found the Hw Db part of the input DSA
TRACE::2024-11-06.23:57:48::SCWPlatform::Trying to open the hw design at C:/Users/realk/Desktop/ece385/ECE385/lab7_1/realrealrealreal_sdk/mb_block_wrapper/hw/mb_block_wrapper.xsa
TRACE::2024-11-06.23:57:48::SCWPlatform::DSA given C:/Users/realk/Desktop/ece385/ECE385/lab7_1/realrealrealreal_sdk/mb_block_wrapper/hw/mb_block_wrapper.xsa
TRACE::2024-11-06.23:57:48::SCWPlatform::DSA absoulate path C:/Users/realk/Desktop/ece385/ECE385/lab7_1/realrealrealreal_sdk/mb_block_wrapper/hw/mb_block_wrapper.xsa
TRACE::2024-11-06.23:57:48::SCWPlatform::DSA directory C:/Users/realk/Desktop/ece385/ECE385/lab7_1/realrealrealreal_sdk/mb_block_wrapper/hw
TRACE::2024-11-06.23:57:48::SCWPlatform:: Platform Path C:/Users/realk/Desktop/ece385/ECE385/lab7_1/realrealrealreal_sdk/mb_block_wrapper/hw/mb_block_wrapper.xsa
TRACE::2024-11-06.23:57:48::SCWPlatform:: Unique name xilinx:::0.0
TRACE::2024-11-06.23:57:48::SCWPlatform::Trying to set the existing hwdb with name mb_block_wrapper_8
TRACE::2024-11-06.23:57:48::SCWPlatform::Opened existing hwdb mb_block_wrapper_8
TRACE::2024-11-06.23:57:48::SCWPlatform::Found the Hw Db part of the input DSA
TRACE::2024-11-06.23:57:48::SCWMssOS::Checking the sw design at  C:/Users/realk/Desktop/ece385/ECE385/lab7_1/realrealrealreal_sdk/mb_block_wrapper/microblaze_0/standalone_microblaze_0/bsp/system.mss
TRACE::2024-11-06.23:57:48::SCWMssOS::DEBUG:  swdes dump  C:/Users/realk/Desktop/ece385/ECE385/lab7_1/realrealrealreal_sdk/mb_block_wrapper/microblaze_0/standalone_microblaze_0/bsp/system.mss|system||

TRACE::2024-11-06.23:57:48::SCWMssOS::Sw design exists and opened at  C:/Users/realk/Desktop/ece385/ECE385/lab7_1/realrealrealreal_sdk/mb_block_wrapper/microblaze_0/standalone_microblaze_0/bsp/system.mss
TRACE::2024-11-06.23:57:48::SCWPlatform::Trying to open the hw design at C:/Users/realk/Desktop/ece385/ECE385/lab7_1/realrealrealreal_sdk/mb_block_wrapper/tempdsa/mb_block_wrapper.xsa
TRACE::2024-11-06.23:57:48::SCWPlatform::DSA given C:/Users/realk/Desktop/ece385/ECE385/lab7_1/realrealrealreal_sdk/mb_block_wrapper/tempdsa/mb_block_wrapper.xsa
TRACE::2024-11-06.23:57:48::SCWPlatform::DSA absoulate path C:/Users/realk/Desktop/ece385/ECE385/lab7_1/realrealrealreal_sdk/mb_block_wrapper/tempdsa/mb_block_wrapper.xsa
TRACE::2024-11-06.23:57:48::SCWPlatform::DSA directory C:/Users/realk/Desktop/ece385/ECE385/lab7_1/realrealrealreal_sdk/mb_block_wrapper/tempdsa
TRACE::2024-11-06.23:57:48::SCWPlatform:: Platform Path C:/Users/realk/Desktop/ece385/ECE385/lab7_1/realrealrealreal_sdk/mb_block_wrapper/tempdsa/mb_block_wrapper.xsa
TRACE::2024-11-06.23:57:48::SCWPlatform:: Unique name xilinx:::0.0
TRACE::2024-11-06.23:57:48::SCWPlatform::update - Opened existing hwdb mb_block_wrapper_9
TRACE::2024-11-06.23:57:48::SCWPlatform::Found the Hw Db part of the input DSA
TRACE::2024-11-06.23:57:48::SCWMssOS::Saving the mss changes C:/Users/realk/Desktop/ece385/ECE385/lab7_1/realrealrealreal_sdk/mb_block_wrapper/microblaze_0/standalone_microblaze_0/bsp/system.mss
TRACE::2024-11-06.23:57:48::SCWMssOS::Found a swdesign opened with the mssfile.
TRACE::2024-11-06.23:57:48::SCWMssOS::Completed writemss as part of save.
TRACE::2024-11-06.23:57:48::SCWMssOS::Commit changes completed.
TRACE::2024-11-06.23:57:48::SCWMssOS::Completed hw sync for the mss in domain: standalone_microblaze_0
TRACE::2024-11-06.23:57:48::SCWMssOS::Removing the swdes entry for  C:/Users/realk/Desktop/ece385/ECE385/lab7_1/realrealrealreal_sdk/mb_block_wrapper/microblaze_0/standalone_microblaze_0/bsp/system.mss
TRACE::2024-11-06.23:57:48::SCWPlatform::Trying to open the hw design at C:/Users/realk/Desktop/ece385/ECE385/lab7_1/realrealrealreal_sdk/mb_block_wrapper/hw/mb_block_wrapper.xsa
TRACE::2024-11-06.23:57:48::SCWPlatform::DSA given C:/Users/realk/Desktop/ece385/ECE385/lab7_1/realrealrealreal_sdk/mb_block_wrapper/hw/mb_block_wrapper.xsa
TRACE::2024-11-06.23:57:48::SCWPlatform::DSA absoulate path C:/Users/realk/Desktop/ece385/ECE385/lab7_1/realrealrealreal_sdk/mb_block_wrapper/hw/mb_block_wrapper.xsa
TRACE::2024-11-06.23:57:48::SCWPlatform::DSA directory C:/Users/realk/Desktop/ece385/ECE385/lab7_1/realrealrealreal_sdk/mb_block_wrapper/hw
TRACE::2024-11-06.23:57:48::SCWPlatform:: Platform Path C:/Users/realk/Desktop/ece385/ECE385/lab7_1/realrealrealreal_sdk/mb_block_wrapper/hw/mb_block_wrapper.xsa
TRACE::2024-11-06.23:57:48::SCWPlatform:: Unique name xilinx:::0.0
TRACE::2024-11-06.23:57:48::SCWPlatform::Do not have an existing db opened. 
TRACE::2024-11-06.23:57:48::SCWPlatform::Opened new HwDB with name mb_block_wrapper_10
TRACE::2024-11-06.23:57:48::SCWMssOS::Saving the mss changes C:/Users/realk/Desktop/ece385/ECE385/lab7_1/realrealrealreal_sdk/mb_block_wrapper/microblaze_0/standalone_microblaze_0/bsp/system.mss
TRACE::2024-11-06.23:57:48::SCWMssOS::Adding the swdes entry, mss present, able to open swdb C:/Users/realk/Desktop/ece385/ECE385/lab7_1/realrealrealreal_sdk/mb_block_wrapper/microblaze_0/standalone_microblaze_0/bsp/system.mss with des name system
TRACE::2024-11-06.23:57:48::SCWMssOS::Writing the mss file completed C:/Users/realk/Desktop/ece385/ECE385/lab7_1/realrealrealreal_sdk/mb_block_wrapper/microblaze_0/standalone_microblaze_0/bsp/system.mss
TRACE::2024-11-06.23:57:48::SCWMssOS::Commit changes completed.
TRACE::2024-11-06.23:57:48::SCWPlatform::Trying to open the hw design at C:/Users/realk/Desktop/ece385/ECE385/lab7_1/realrealrealreal_sdk/mb_block_wrapper/hw/mb_block_wrapper.xsa
TRACE::2024-11-06.23:57:48::SCWPlatform::DSA given C:/Users/realk/Desktop/ece385/ECE385/lab7_1/realrealrealreal_sdk/mb_block_wrapper/hw/mb_block_wrapper.xsa
TRACE::2024-11-06.23:57:48::SCWPlatform::DSA absoulate path C:/Users/realk/Desktop/ece385/ECE385/lab7_1/realrealrealreal_sdk/mb_block_wrapper/hw/mb_block_wrapper.xsa
TRACE::2024-11-06.23:57:48::SCWPlatform::DSA directory C:/Users/realk/Desktop/ece385/ECE385/lab7_1/realrealrealreal_sdk/mb_block_wrapper/hw
TRACE::2024-11-06.23:57:48::SCWPlatform:: Platform Path C:/Users/realk/Desktop/ece385/ECE385/lab7_1/realrealrealreal_sdk/mb_block_wrapper/hw/mb_block_wrapper.xsa
TRACE::2024-11-06.23:57:48::SCWPlatform:: Unique name xilinx:::0.0
TRACE::2024-11-06.23:57:48::SCWPlatform::Trying to set the existing hwdb with name mb_block_wrapper_10
TRACE::2024-11-06.23:57:48::SCWPlatform::Opened existing hwdb mb_block_wrapper_10
TRACE::2024-11-06.23:57:48::SCWPlatform::Found the Hw Db part of the input DSA
TRACE::2024-11-06.23:57:48::SCWMssOS::Checking the sw design at  C:/Users/realk/Desktop/ece385/ECE385/lab7_1/realrealrealreal_sdk/mb_block_wrapper/microblaze_0/standalone_microblaze_0/bsp/system.mss
TRACE::2024-11-06.23:57:48::SCWMssOS::DEBUG:  swdes dump  C:/Users/realk/Desktop/ece385/ECE385/lab7_1/realrealrealreal_sdk/mb_block_wrapper/microblaze_0/standalone_microblaze_0/bsp/system.mss|system||

TRACE::2024-11-06.23:57:48::SCWMssOS::Sw design exists and opened at  C:/Users/realk/Desktop/ece385/ECE385/lab7_1/realrealrealreal_sdk/mb_block_wrapper/microblaze_0/standalone_microblaze_0/bsp/system.mss
TRACE::2024-11-06.23:57:48::SCWWriter::formatted JSON is {
	"platformName":	"mb_block_wrapper",
	"sprVersion":	"2.0",
	"mode":	"gui",
	"dsaType":	"Fixed",
	"platformDesc":	"mb_block_wrapper",
	"platHandOff":	"C:/Users/realk/Desktop/ece385/ECE385/lab7_1/mb_block_wrapper.xsa",
	"platIntHandOff":	"<platformDir>/hw/mb_block_wrapper.xsa",
	"deviceType":	"FPGA",
	"platIsPrebuiltAutogen":	"false",
	"platIsNoBootBsp":	"false",
	"hasFsblMakeHasChanges":	"false",
	"hasPmufwMakeHasChanges":	"false",
	"platPreBuiltFlag":	false,
	"platformSamplesDir":	"",
	"platActiveSys":	"mb_block_wrapper",
	"systems":	[{
			"systemName":	"mb_block_wrapper",
			"systemDesc":	"mb_block_wrapper",
			"sysIsBootAutoGen":	"true",
			"systemDispName":	"mb_block_wrapper",
			"sysActiveDom":	"standalone_microblaze_0",
			"sysDefaultDom":	"standalone_microblaze_0",
			"domains":	[{
					"domainName":	"standalone_microblaze_0",
					"domainDispName":	"standalone_microblaze_0",
					"domainDesc":	"standalone_microblaze_0",
					"processors":	"microblaze_0",
					"os":	"standalone",
					"sdxOs":	"standalone",
					"debugEnable":	"False",
					"domRuntimes":	["cpp"],
					"swRepo":	"",
					"mssOsVer":	"8.0",
					"mssFile":	"",
					"md5Digest":	"5422c1e5be4ae93f4de8c50507402f2a1",
					"compatibleApp":	"",
					"domType":	"mssDomain",
					"arch":	"32-bit",
					"appSettings":	{
						"appCompilerFlags":	"",
						"appLinkerFlags":	""
					},
					"addedLibs":	[],
					"libOptions":	{
						"libsContainingOptions":	[]
					},
					"prebuiltLibs":	{
						"prebuiltIncPath":	[],
						"prebuiltLibPath":	[]
					},
					"isolation":	{
					}
				}]
		}]
}
LOG::2024-11-07.00:00:53::SCWPlatform::Started generating the artifacts platform mb_block_wrapper
TRACE::2024-11-07.00:00:53::SCWPlatform::Sanity checking of platform is completed
LOG::2024-11-07.00:00:53::SCWPlatform::Started generating the artifacts for system configuration mb_block_wrapper
LOG::2024-11-07.00:00:53::SCWSystem::Checking the domain standalone_microblaze_0
LOG::2024-11-07.00:00:53::SCWSystem::Not a boot domain 
LOG::2024-11-07.00:00:53::SCWSystem::Started Processing the domain standalone_microblaze_0
TRACE::2024-11-07.00:00:53::SCWDomain::Generating domain artifcats
TRACE::2024-11-07.00:00:53::SCWMssOS::Generating standalone artifcats
TRACE::2024-11-07.00:00:53::SCWMssOS:: Copying the user libraries. 
TRACE::2024-11-07.00:00:53::SCWPlatform::Trying to open the hw design at C:/Users/realk/Desktop/ece385/ECE385/lab7_1/realrealrealreal_sdk/mb_block_wrapper/hw/mb_block_wrapper.xsa
TRACE::2024-11-07.00:00:53::SCWPlatform::DSA given C:/Users/realk/Desktop/ece385/ECE385/lab7_1/realrealrealreal_sdk/mb_block_wrapper/hw/mb_block_wrapper.xsa
TRACE::2024-11-07.00:00:53::SCWPlatform::DSA absoulate path C:/Users/realk/Desktop/ece385/ECE385/lab7_1/realrealrealreal_sdk/mb_block_wrapper/hw/mb_block_wrapper.xsa
TRACE::2024-11-07.00:00:53::SCWPlatform::DSA directory C:/Users/realk/Desktop/ece385/ECE385/lab7_1/realrealrealreal_sdk/mb_block_wrapper/hw
TRACE::2024-11-07.00:00:53::SCWPlatform:: Platform Path C:/Users/realk/Desktop/ece385/ECE385/lab7_1/realrealrealreal_sdk/mb_block_wrapper/hw/mb_block_wrapper.xsa
TRACE::2024-11-07.00:00:53::SCWPlatform:: Unique name xilinx:::0.0
TRACE::2024-11-07.00:00:53::SCWPlatform::Trying to set the existing hwdb with name mb_block_wrapper_10
TRACE::2024-11-07.00:00:53::SCWPlatform::Opened existing hwdb mb_block_wrapper_10
TRACE::2024-11-07.00:00:53::SCWPlatform::Found the Hw Db part of the input DSA
TRACE::2024-11-07.00:00:53::SCWMssOS::Checking the sw design at  C:/Users/realk/Desktop/ece385/ECE385/lab7_1/realrealrealreal_sdk/mb_block_wrapper/microblaze_0/standalone_microblaze_0/bsp/system.mss
TRACE::2024-11-07.00:00:53::SCWMssOS::DEBUG:  swdes dump  C:/Users/realk/Desktop/ece385/ECE385/lab7_1/realrealrealreal_sdk/mb_block_wrapper/microblaze_0/standalone_microblaze_0/bsp/system.mss|system||

TRACE::2024-11-07.00:00:53::SCWMssOS::Sw design exists and opened at  C:/Users/realk/Desktop/ece385/ECE385/lab7_1/realrealrealreal_sdk/mb_block_wrapper/microblaze_0/standalone_microblaze_0/bsp/system.mss
TRACE::2024-11-07.00:00:53::SCWMssOS::Completed writing the mss file at C:/Users/realk/Desktop/ece385/ECE385/lab7_1/realrealrealreal_sdk/mb_block_wrapper/microblaze_0/standalone_microblaze_0/bsp
TRACE::2024-11-07.00:00:53::SCWMssOS::Mss edits present, copying mssfile into export location C:/Users/realk/Desktop/ece385/ECE385/lab7_1/realrealrealreal_sdk/mb_block_wrapper/microblaze_0/standalone_microblaze_0/bsp/system.mss
TRACE::2024-11-07.00:00:53::SCWMssOS::bsp generated is stale removing and regenerating. 
TRACE::2024-11-07.00:00:56::SCWMssOS::doing bsp build ... 
TRACE::2024-11-07.00:00:56::SCWMssOS::System Command Ran  C: & cd  C:/Users/realk/Desktop/ece385/ECE385/lab7_1/realrealrealreal_sdk/mb_block_wrapper/microblaze_0/standalone_microblaze_0/bsp & make 
TRACE::2024-11-07.00:00:56::SCWMssOS::make --no-print-directory seq_libs

TRACE::2024-11-07.00:00:56::SCWMssOS::'Finished building libraries sequentially.'

TRACE::2024-11-07.00:00:56::SCWMssOS::make -j 14 --no-print-directory par_libs

TRACE::2024-11-07.00:00:56::SCWMssOS::"Running Make include in microblaze_0/libsrc/bram_v4_8/src"

TRACE::2024-11-07.00:00:56::SCWMssOS::make -C microblaze_0/libsrc/bram_v4_8/src -s include  "SHELL=CMD" "COMPILER=mb-gcc" "ASSEMBLER=mb-as" "ARCHIVER=mb-ar" "COMPILE
TRACE::2024-11-07.00:00:56::SCWMssOS::R_FLAGS=  -O2 -c -mcpu=v11.0 -mlittle-endian -mno-xl-reorder -mno-xl-soft-mul -mxl-barrel-shift -mxl-pattern-compare" "EXTRA_CO
TRACE::2024-11-07.00:00:56::SCWMssOS::MPILER_FLAGS=-g -ffunction-sections -fdata-sections -Wall -Wextra -fno-tree-loop-distribute-patterns"

TRACE::2024-11-07.00:00:56::SCWMssOS::"Running Make include in microblaze_0/libsrc/cpu_v2_16/src"

TRACE::2024-11-07.00:00:56::SCWMssOS::make -C microblaze_0/libsrc/cpu_v2_16/src -s include  "SHELL=CMD" "COMPILER=mb-gcc" "ASSEMBLER=mb-as" "ARCHIVER=mb-ar" "COMPILE
TRACE::2024-11-07.00:00:56::SCWMssOS::R_FLAGS=  -O2 -c -mcpu=v11.0 -mlittle-endian -mno-xl-reorder -mno-xl-soft-mul -mxl-barrel-shift -mxl-pattern-compare" "EXTRA_CO
TRACE::2024-11-07.00:00:56::SCWMssOS::MPILER_FLAGS=-g -ffunction-sections -fdata-sections -Wall -Wextra -fno-tree-loop-distribute-patterns"

TRACE::2024-11-07.00:00:56::SCWMssOS::"Running Make include in microblaze_0/libsrc/intc_v3_15/src"

TRACE::2024-11-07.00:00:57::SCWMssOS::make -C microblaze_0/libsrc/intc_v3_15/src -s include  "SHELL=CMD" "COMPILER=mb-gcc" "ASSEMBLER=mb-as" "ARCHIVER=mb-ar" "COMPIL
TRACE::2024-11-07.00:00:57::SCWMssOS::ER_FLAGS=  -O2 -c -mcpu=v11.0 -mlittle-endian -mno-xl-reorder -mno-xl-soft-mul -mxl-barrel-shift -mxl-pattern-compare" "EXTRA_C
TRACE::2024-11-07.00:00:57::SCWMssOS::OMPILER_FLAGS=-g -ffunction-sections -fdata-sections -Wall -Wextra -fno-tree-loop-distribute-patterns"

TRACE::2024-11-07.00:00:57::SCWMssOS::"Running Make include in microblaze_0/libsrc/standalone_v8_0/src"

TRACE::2024-11-07.00:00:57::SCWMssOS::make -C microblaze_0/libsrc/standalone_v8_0/src -s include  "SHELL=CMD" "COMPILER=mb-gcc" "ASSEMBLER=mb-as" "ARCHIVER=mb-ar" "C
TRACE::2024-11-07.00:00:57::SCWMssOS::OMPILER_FLAGS=  -O2 -c -mcpu=v11.0 -mlittle-endian -mno-xl-reorder -mno-xl-soft-mul -mxl-barrel-shift -mxl-pattern-compare" "EX
TRACE::2024-11-07.00:00:57::SCWMssOS::TRA_COMPILER_FLAGS=-g -ffunction-sections -fdata-sections -Wall -Wextra -fno-tree-loop-distribute-patterns"

TRACE::2024-11-07.00:00:57::SCWMssOS::"Running Make include in microblaze_0/libsrc/uartlite_v3_7/src"

TRACE::2024-11-07.00:00:57::SCWMssOS::make -C microblaze_0/libsrc/uartlite_v3_7/src -s include  "SHELL=CMD" "COMPILER=mb-gcc" "ASSEMBLER=mb-as" "ARCHIVER=mb-ar" "COM
TRACE::2024-11-07.00:00:57::SCWMssOS::PILER_FLAGS=  -O2 -c -mcpu=v11.0 -mlittle-endian -mno-xl-reorder -mno-xl-soft-mul -mxl-barrel-shift -mxl-pattern-compare" "EXTR
TRACE::2024-11-07.00:00:57::SCWMssOS::A_COMPILER_FLAGS=-g -ffunction-sections -fdata-sections -Wall -Wextra -fno-tree-loop-distribute-patterns"

TRACE::2024-11-07.00:00:57::SCWMssOS::"Running Make libs in microblaze_0/libsrc/bram_v4_8/src"

TRACE::2024-11-07.00:00:57::SCWMssOS::make -C microblaze_0/libsrc/bram_v4_8/src -s libs  "SHELL=CMD" "COMPILER=mb-gcc" "ASSEMBLER=mb-as" "ARCHIVER=mb-ar" "COMPILER_F
TRACE::2024-11-07.00:00:57::SCWMssOS::LAGS=  -O2 -c -mcpu=v11.0 -mlittle-endian -mno-xl-reorder -mno-xl-soft-mul -mxl-barrel-shift -mxl-pattern-compare" "EXTRA_COMPI
TRACE::2024-11-07.00:00:57::SCWMssOS::LER_FLAGS=-g -ffunction-sections -fdata-sections -Wall -Wextra -fno-tree-loop-distribute-patterns"

TRACE::2024-11-07.00:00:57::SCWMssOS::"Running Make libs in microblaze_0/libsrc/cpu_v2_16/src"

TRACE::2024-11-07.00:00:57::SCWMssOS::make -C microblaze_0/libsrc/cpu_v2_16/src -s libs  "SHELL=CMD" "COMPILER=mb-gcc" "ASSEMBLER=mb-as" "ARCHIVER=mb-ar" "COMPILER_F
TRACE::2024-11-07.00:00:57::SCWMssOS::LAGS=  -O2 -c -mcpu=v11.0 -mlittle-endian -mno-xl-reorder -mno-xl-soft-mul -mxl-barrel-shift -mxl-pattern-compare" "EXTRA_COMPI
TRACE::2024-11-07.00:00:57::SCWMssOS::LER_FLAGS=-g -ffunction-sections -fdata-sections -Wall -Wextra -fno-tree-loop-distribute-patterns"

TRACE::2024-11-07.00:00:57::SCWMssOS::"Running Make libs in microblaze_0/libsrc/intc_v3_15/src"

TRACE::2024-11-07.00:00:58::SCWMssOS::make -C microblaze_0/libsrc/intc_v3_15/src -s libs  "SHELL=CMD" "COMPILER=mb-gcc" "ASSEMBLER=mb-as" "ARCHIVER=mb-ar" "COMPILER_
TRACE::2024-11-07.00:00:58::SCWMssOS::FLAGS=  -O2 -c -mcpu=v11.0 -mlittle-endian -mno-xl-reorder -mno-xl-soft-mul -mxl-barrel-shift -mxl-pattern-compare" "EXTRA_COMP
TRACE::2024-11-07.00:00:58::SCWMssOS::ILER_FLAGS=-g -ffunction-sections -fdata-sections -Wall -Wextra -fno-tree-loop-distribute-patterns"

TRACE::2024-11-07.00:00:58::SCWMssOS::"Running Make libs in microblaze_0/libsrc/standalone_v8_0/src"

TRACE::2024-11-07.00:00:58::SCWMssOS::make -C microblaze_0/libsrc/standalone_v8_0/src -s libs  "SHELL=CMD" "COMPILER=mb-gcc" "ASSEMBLER=mb-as" "ARCHIVER=mb-ar" "COMP
TRACE::2024-11-07.00:00:58::SCWMssOS::ILER_FLAGS=  -O2 -c -mcpu=v11.0 -mlittle-endian -mno-xl-reorder -mno-xl-soft-mul -mxl-barrel-shift -mxl-pattern-compare" "EXTRA
TRACE::2024-11-07.00:00:58::SCWMssOS::_COMPILER_FLAGS=-g -ffunction-sections -fdata-sections -Wall -Wextra -fno-tree-loop-distribute-patterns"

TRACE::2024-11-07.00:00:58::SCWMssOS::"Running Make libs in microblaze_0/libsrc/uartlite_v3_7/src"

TRACE::2024-11-07.00:00:58::SCWMssOS::make -C microblaze_0/libsrc/uartlite_v3_7/src -s libs  "SHELL=CMD" "COMPILER=mb-gcc" "ASSEMBLER=mb-as" "ARCHIVER=mb-ar" "COMPIL
TRACE::2024-11-07.00:00:58::SCWMssOS::ER_FLAGS=  -O2 -c -mcpu=v11.0 -mlittle-endian -mno-xl-reorder -mno-xl-soft-mul -mxl-barrel-shift -mxl-pattern-compare" "EXTRA_C
TRACE::2024-11-07.00:00:58::SCWMssOS::OMPILER_FLAGS=-g -ffunction-sections -fdata-sections -Wall -Wextra -fno-tree-loop-distribute-patterns"

TRACE::2024-11-07.00:01:02::SCWMssOS::"DEBUG NON_LTO_OBJECTS is ../../../lib/microblaze_interrupt_handler.o"

TRACE::2024-11-07.00:01:03::SCWMssOS::'Finished building libraries parallelly.'

TRACE::2024-11-07.00:01:03::SCWMssOS::make --no-print-directory archive

TRACE::2024-11-07.00:01:03::SCWMssOS::mb-ar -r  microblaze_0/lib/libxil.a microblaze_0/lib/_exit.o microblaze_0/lib/errno.o microblaze_0/lib/fcntl.o microblaze_0/lib
TRACE::2024-11-07.00:01:03::SCWMssOS::/hw_exception_handler.o microblaze_0/lib/inbyte.o microblaze_0/lib/microblaze_disable_dcache.o microblaze_0/lib/microblaze_disa
TRACE::2024-11-07.00:01:03::SCWMssOS::ble_exceptions.o microblaze_0/lib/microblaze_disable_icache.o microblaze_0/lib/microblaze_disable_interrupts.o microblaze_0/lib
TRACE::2024-11-07.00:01:03::SCWMssOS::/microblaze_enable_dcache.o microblaze_0/lib/microblaze_enable_exceptions.o microblaze_0/lib/microblaze_enable_icache.o microbl
TRACE::2024-11-07.00:01:03::SCWMssOS::aze_0/lib/microblaze_enable_interrupts.o microblaze_0/lib/microblaze_exception_handler.o microblaze_0/lib/microblaze_flush_cach
TRACE::2024-11-07.00:01:03::SCWMssOS::e_ext.o microblaze_0/lib/microblaze_flush_cache_ext_range.o microblaze_0/lib/microblaze_flush_dcache.o microblaze_0/lib/microbl
TRACE::2024-11-07.00:01:03::SCWMssOS::aze_flush_dcache_range.o microblaze_0/lib/microblaze_init_dcache_range.o microblaze_0/lib/microblaze_init_icache_range.o microb
TRACE::2024-11-07.00:01:03::SCWMssOS::laze_0/lib/microblaze_interrupt_handler.o microblaze_0/lib/microblaze_interrupts_g.o microblaze_0/lib/microblaze_invalidate_cac
TRACE::2024-11-07.00:01:03::SCWMssOS::he_ext.o microblaze_0/lib/microblaze_invalidate_cache_ext_range.o microblaze_0/lib/microblaze_invalidate_dcache.o microblaze_0/
TRACE::2024-11-07.00:01:03::SCWMssOS::lib/microblaze_invalidate_dcache_range.o microblaze_0/lib/microblaze_invalidate_icache.o microblaze_0/lib/microblaze_invalidate
TRACE::2024-11-07.00:01:03::SCWMssOS::_icache_range.o microblaze_0/lib/microblaze_scrub.o microblaze_0/lib/microblaze_selftest.o microblaze_0/lib/microblaze_sleep.o 
TRACE::2024-11-07.00:01:03::SCWMssOS::microblaze_0/lib/microblaze_update_dcache.o microblaze_0/lib/microblaze_update_icache.o microblaze_0/lib/outbyte.o microblaze_0
TRACE::2024-11-07.00:01:03::SCWMssOS::/lib/print.o microblaze_0/lib/pvr.o microblaze_0/lib/xbram.o microblaze_0/lib/xbram_g.o microblaze_0/lib/xbram_intr.o microblaz
TRACE::2024-11-07.00:01:03::SCWMssOS::e_0/lib/xbram_selftest.o microblaze_0/lib/xbram_sinit.o microblaze_0/lib/xil_assert.o microblaze_0/lib/xil_cache.o microblaze_0
TRACE::2024-11-07.00:01:03::SCWMssOS::/lib/xil_clocking.o microblaze_0/lib/xil_exception.o microblaze_0/lib/xil_mem.o microblaze_0/lib/xil_misc_psreset_api.o microbl
TRACE::2024-11-07.00:01:03::SCWMssOS::aze_0/lib/xil_printf.o microblaze_0/lib/xil_sleepcommon.o microblaze_0/lib/xil_testcache.o microblaze_0/lib/xil_testio.o microb
TRACE::2024-11-07.00:01:03::SCWMssOS::laze_0/lib/xil_testmem.o microblaze_0/lib/xil_util.o microblaze_0/lib/xintc.o microblaze_0/lib/xintc_g.o microblaze_0/lib/xintc
TRACE::2024-11-07.00:01:03::SCWMssOS::_intr.o microblaze_0/lib/xintc_l.o microblaze_0/lib/xintc_options.o microblaze_0/lib/xintc_selftest.o microblaze_0/lib/xinterru
TRACE::2024-11-07.00:01:03::SCWMssOS::pt_wrap.o microblaze_0/lib/xio.o microblaze_0/lib/xplatform_info.o microblaze_0/lib/xuartlite.o microblaze_0/lib/xuartlite_g.o 
TRACE::2024-11-07.00:01:03::SCWMssOS::microblaze_0/lib/xuartlite_intr.o microblaze_0/lib/xuartlite_l.o microblaze_0/lib/xuartlite_selftest.o microblaze_0/lib/xuartli
TRACE::2024-11-07.00:01:03::SCWMssOS::te_sinit.o microblaze_0/lib/xuartlite_stats.o

TRACE::2024-11-07.00:01:03::SCWMssOS::'Finished building libraries'

TRACE::2024-11-07.00:01:03::SCWMssOS:: Checking if to create the Supporting Applications
TRACE::2024-11-07.00:01:03::SCWMssOS:: No Linux domain exists, trying to generate FSBL 
LOG::2024-11-07.00:01:03::SCWSystem::Completed Processing the domain standalone_microblaze_0
LOG::2024-11-07.00:01:03::SCWSystem::Completed Processing the sysconfig mb_block_wrapper
LOG::2024-11-07.00:01:03::SCWPlatform::Completed generating the artifacts for system configuration mb_block_wrapper
TRACE::2024-11-07.00:01:03::SCWPlatform::Started preparing the platform 
TRACE::2024-11-07.00:01:03::SCWSystem::Writing the bif file for system config mb_block_wrapper
TRACE::2024-11-07.00:01:03::SCWSystem::dir created 
TRACE::2024-11-07.00:01:03::SCWSystem::Writing the bif 
TRACE::2024-11-07.00:01:03::SCWPlatform::Started writing the spfm file 
TRACE::2024-11-07.00:01:03::SCWPlatform::Started writing the xpfm file 
TRACE::2024-11-07.00:01:03::SCWPlatform::Completed generating the platform
TRACE::2024-11-07.00:01:03::SCWMssOS::Saving the mss changes C:/Users/realk/Desktop/ece385/ECE385/lab7_1/realrealrealreal_sdk/mb_block_wrapper/microblaze_0/standalone_microblaze_0/bsp/system.mss
TRACE::2024-11-07.00:01:03::SCWMssOS::Adding the swdes entry, mss present, able to open swdb C:/Users/realk/Desktop/ece385/ECE385/lab7_1/realrealrealreal_sdk/mb_block_wrapper/microblaze_0/standalone_microblaze_0/bsp/system.mss with des name system
TRACE::2024-11-07.00:01:03::SCWMssOS::Writing the mss file completed C:/Users/realk/Desktop/ece385/ECE385/lab7_1/realrealrealreal_sdk/mb_block_wrapper/microblaze_0/standalone_microblaze_0/bsp/system.mss
TRACE::2024-11-07.00:01:03::SCWMssOS::Commit changes completed.
TRACE::2024-11-07.00:01:03::SCWPlatform::Trying to open the hw design at C:/Users/realk/Desktop/ece385/ECE385/lab7_1/realrealrealreal_sdk/mb_block_wrapper/hw/mb_block_wrapper.xsa
TRACE::2024-11-07.00:01:03::SCWPlatform::DSA given C:/Users/realk/Desktop/ece385/ECE385/lab7_1/realrealrealreal_sdk/mb_block_wrapper/hw/mb_block_wrapper.xsa
TRACE::2024-11-07.00:01:03::SCWPlatform::DSA absoulate path C:/Users/realk/Desktop/ece385/ECE385/lab7_1/realrealrealreal_sdk/mb_block_wrapper/hw/mb_block_wrapper.xsa
TRACE::2024-11-07.00:01:03::SCWPlatform::DSA directory C:/Users/realk/Desktop/ece385/ECE385/lab7_1/realrealrealreal_sdk/mb_block_wrapper/hw
TRACE::2024-11-07.00:01:03::SCWPlatform:: Platform Path C:/Users/realk/Desktop/ece385/ECE385/lab7_1/realrealrealreal_sdk/mb_block_wrapper/hw/mb_block_wrapper.xsa
TRACE::2024-11-07.00:01:03::SCWPlatform:: Unique name xilinx:::0.0
TRACE::2024-11-07.00:01:03::SCWPlatform::Trying to set the existing hwdb with name mb_block_wrapper_10
TRACE::2024-11-07.00:01:03::SCWPlatform::Opened existing hwdb mb_block_wrapper_10
TRACE::2024-11-07.00:01:03::SCWPlatform::Found the Hw Db part of the input DSA
TRACE::2024-11-07.00:01:03::SCWMssOS::Checking the sw design at  C:/Users/realk/Desktop/ece385/ECE385/lab7_1/realrealrealreal_sdk/mb_block_wrapper/microblaze_0/standalone_microblaze_0/bsp/system.mss
TRACE::2024-11-07.00:01:03::SCWMssOS::DEBUG:  swdes dump  C:/Users/realk/Desktop/ece385/ECE385/lab7_1/realrealrealreal_sdk/mb_block_wrapper/microblaze_0/standalone_microblaze_0/bsp/system.mss|system||

TRACE::2024-11-07.00:01:03::SCWMssOS::Sw design exists and opened at  C:/Users/realk/Desktop/ece385/ECE385/lab7_1/realrealrealreal_sdk/mb_block_wrapper/microblaze_0/standalone_microblaze_0/bsp/system.mss
TRACE::2024-11-07.00:01:03::SCWWriter::formatted JSON is {
	"platformName":	"mb_block_wrapper",
	"sprVersion":	"2.0",
	"mode":	"gui",
	"dsaType":	"Fixed",
	"platformDesc":	"mb_block_wrapper",
	"platHandOff":	"C:/Users/realk/Desktop/ece385/ECE385/lab7_1/mb_block_wrapper.xsa",
	"platIntHandOff":	"<platformDir>/hw/mb_block_wrapper.xsa",
	"deviceType":	"FPGA",
	"platIsPrebuiltAutogen":	"false",
	"platIsNoBootBsp":	"false",
	"hasFsblMakeHasChanges":	"false",
	"hasPmufwMakeHasChanges":	"false",
	"platPreBuiltFlag":	false,
	"platformSamplesDir":	"",
	"platActiveSys":	"mb_block_wrapper",
	"systems":	[{
			"systemName":	"mb_block_wrapper",
			"systemDesc":	"mb_block_wrapper",
			"sysIsBootAutoGen":	"true",
			"systemDispName":	"mb_block_wrapper",
			"sysActiveDom":	"standalone_microblaze_0",
			"sysDefaultDom":	"standalone_microblaze_0",
			"domains":	[{
					"domainName":	"standalone_microblaze_0",
					"domainDispName":	"standalone_microblaze_0",
					"domainDesc":	"standalone_microblaze_0",
					"processors":	"microblaze_0",
					"os":	"standalone",
					"sdxOs":	"standalone",
					"debugEnable":	"False",
					"domRuntimes":	["cpp"],
					"swRepo":	"",
					"mssOsVer":	"8.0",
					"mssFile":	"",
					"md5Digest":	"5422c1e5be4ae93f4de8c50507402f2a",
					"compatibleApp":	"",
					"domType":	"mssDomain",
					"arch":	"32-bit",
					"appSettings":	{
						"appCompilerFlags":	"",
						"appLinkerFlags":	""
					},
					"addedLibs":	[],
					"libOptions":	{
						"libsContainingOptions":	[]
					},
					"prebuiltLibs":	{
						"prebuiltIncPath":	[],
						"prebuiltLibPath":	[]
					},
					"isolation":	{
					}
				}]
		}]
}
KEYINFO::2024-11-07.00:01:03::SCWPlatform::updated the xpfm file.
TRACE::2024-11-07.00:01:05::SCWPlatform::Trying to open the hw design at C:/Users/realk/Desktop/ece385/ECE385/lab7_1/realrealrealreal_sdk/mb_block_wrapper/hw/mb_block_wrapper.xsa
TRACE::2024-11-07.00:01:05::SCWPlatform::DSA given C:/Users/realk/Desktop/ece385/ECE385/lab7_1/realrealrealreal_sdk/mb_block_wrapper/hw/mb_block_wrapper.xsa
TRACE::2024-11-07.00:01:05::SCWPlatform::DSA absoulate path C:/Users/realk/Desktop/ece385/ECE385/lab7_1/realrealrealreal_sdk/mb_block_wrapper/hw/mb_block_wrapper.xsa
TRACE::2024-11-07.00:01:05::SCWPlatform::DSA directory C:/Users/realk/Desktop/ece385/ECE385/lab7_1/realrealrealreal_sdk/mb_block_wrapper/hw
TRACE::2024-11-07.00:01:05::SCWPlatform:: Platform Path C:/Users/realk/Desktop/ece385/ECE385/lab7_1/realrealrealreal_sdk/mb_block_wrapper/hw/mb_block_wrapper.xsa
TRACE::2024-11-07.00:01:05::SCWPlatform:: Unique name xilinx:::0.0
TRACE::2024-11-07.00:01:05::SCWPlatform::Trying to set the existing hwdb with name mb_block_wrapper_10
TRACE::2024-11-07.00:01:05::SCWPlatform::Opened existing hwdb mb_block_wrapper_10
TRACE::2024-11-07.00:01:05::SCWPlatform::Found the Hw Db part of the input DSA
TRACE::2024-11-07.00:01:05::SCWMssOS::Checking the sw design at  C:/Users/realk/Desktop/ece385/ECE385/lab7_1/realrealrealreal_sdk/mb_block_wrapper/microblaze_0/standalone_microblaze_0/bsp/system.mss
TRACE::2024-11-07.00:01:05::SCWMssOS::DEBUG:  swdes dump  C:/Users/realk/Desktop/ece385/ECE385/lab7_1/realrealrealreal_sdk/mb_block_wrapper/microblaze_0/standalone_microblaze_0/bsp/system.mss|system||

TRACE::2024-11-07.00:01:05::SCWMssOS::Sw design exists and opened at  C:/Users/realk/Desktop/ece385/ECE385/lab7_1/realrealrealreal_sdk/mb_block_wrapper/microblaze_0/standalone_microblaze_0/bsp/system.mss
TRACE::2024-11-07.00:16:32::SCWPlatform::Clearing the existing platform
TRACE::2024-11-07.00:16:32::SCWSystem::Clearing the existing sysconfig
TRACE::2024-11-07.00:16:32::SCWMssOS::Removing the swdes entry for  C:/Users/realk/Desktop/ece385/ECE385/lab7_1/realrealrealreal_sdk/mb_block_wrapper/microblaze_0/standalone_microblaze_0/bsp/system.mss
TRACE::2024-11-07.00:16:32::SCWSystem::Clearing the domains completed.
TRACE::2024-11-07.00:16:32::SCWPlatform::Clearing the opened hw db.
TRACE::2024-11-07.00:16:32::SCWPlatform::DSA given C:/Users/realk/Desktop/ece385/ECE385/lab7_1/realrealrealreal_sdk/mb_block_wrapper/hw/mb_block_wrapper.xsa
TRACE::2024-11-07.00:16:32::SCWPlatform::DSA absoulate path C:/Users/realk/Desktop/ece385/ECE385/lab7_1/realrealrealreal_sdk/mb_block_wrapper/hw/mb_block_wrapper.xsa
TRACE::2024-11-07.00:16:32::SCWPlatform:: Platform location is C:/Users/realk/Desktop/ece385/ECE385/lab7_1/realrealrealreal_sdk/mb_block_wrapper/hw
TRACE::2024-11-07.00:16:32::SCWPlatform:: Platform Path C:/Users/realk/Desktop/ece385/ECE385/lab7_1/realrealrealreal_sdk/mb_block_wrapper/hw/mb_block_wrapper.xsa
TRACE::2024-11-07.00:16:32::SCWPlatform:: Unique name xilinx:::0.0
TRACE::2024-11-07.00:16:32::SCWPlatform::Removing the HwDB with name C:/Users/realk/Desktop/ece385/ECE385/lab7_1/realrealrealreal_sdk/mb_block_wrapper/hw/mb_block_wrapper.xsa
TRACE::2024-11-07.00:16:32::SCWPlatform::Trying to open the hw design at C:/Users/realk/Desktop/ece385/ECE385/lab7_1/realrealrealreal_sdk/mb_block_wrapper/hw/mb_block_wrapper.xsa
TRACE::2024-11-07.00:16:32::SCWPlatform::DSA given C:/Users/realk/Desktop/ece385/ECE385/lab7_1/realrealrealreal_sdk/mb_block_wrapper/hw/mb_block_wrapper.xsa
TRACE::2024-11-07.00:16:32::SCWPlatform::DSA absoulate path C:/Users/realk/Desktop/ece385/ECE385/lab7_1/realrealrealreal_sdk/mb_block_wrapper/hw/mb_block_wrapper.xsa
TRACE::2024-11-07.00:16:32::SCWPlatform::DSA directory C:/Users/realk/Desktop/ece385/ECE385/lab7_1/realrealrealreal_sdk/mb_block_wrapper/hw
TRACE::2024-11-07.00:16:32::SCWPlatform:: Platform Path C:/Users/realk/Desktop/ece385/ECE385/lab7_1/realrealrealreal_sdk/mb_block_wrapper/hw/mb_block_wrapper.xsa
TRACE::2024-11-07.00:16:32::SCWPlatform:: Unique name xilinx:::0.0
TRACE::2024-11-07.00:16:32::SCWPlatform::Do not have an existing db opened. 
TRACE::2024-11-07.00:16:32::SCWPlatform::Opened new HwDB with name mb_block_wrapper_12
TRACE::2024-11-07.00:16:32::SCWReader::Active system found as  mb_block_wrapper
TRACE::2024-11-07.00:16:32::SCWReader::Handling sysconfig mb_block_wrapper
TRACE::2024-11-07.00:16:32::SCWDomain::checking for install qemu data   : 
TRACE::2024-11-07.00:16:32::SCWPlatform::Trying to open the hw design at C:/Users/realk/Desktop/ece385/ECE385/lab7_1/realrealrealreal_sdk/mb_block_wrapper/hw/mb_block_wrapper.xsa
TRACE::2024-11-07.00:16:32::SCWPlatform::DSA given C:/Users/realk/Desktop/ece385/ECE385/lab7_1/realrealrealreal_sdk/mb_block_wrapper/hw/mb_block_wrapper.xsa
TRACE::2024-11-07.00:16:32::SCWPlatform::DSA absoulate path C:/Users/realk/Desktop/ece385/ECE385/lab7_1/realrealrealreal_sdk/mb_block_wrapper/hw/mb_block_wrapper.xsa
TRACE::2024-11-07.00:16:32::SCWPlatform::DSA directory C:/Users/realk/Desktop/ece385/ECE385/lab7_1/realrealrealreal_sdk/mb_block_wrapper/hw
TRACE::2024-11-07.00:16:32::SCWPlatform:: Platform Path C:/Users/realk/Desktop/ece385/ECE385/lab7_1/realrealrealreal_sdk/mb_block_wrapper/hw/mb_block_wrapper.xsa
TRACE::2024-11-07.00:16:32::SCWPlatform:: Unique name xilinx:::0.0
TRACE::2024-11-07.00:16:32::SCWPlatform::Trying to set the existing hwdb with name mb_block_wrapper_12
TRACE::2024-11-07.00:16:32::SCWPlatform::Opened existing hwdb mb_block_wrapper_12
TRACE::2024-11-07.00:16:32::SCWPlatform::Found the Hw Db part of the input DSA
TRACE::2024-11-07.00:16:32::SCWPlatform::Trying to open the hw design at C:/Users/realk/Desktop/ece385/ECE385/lab7_1/realrealrealreal_sdk/mb_block_wrapper/hw/mb_block_wrapper.xsa
TRACE::2024-11-07.00:16:32::SCWPlatform::DSA given C:/Users/realk/Desktop/ece385/ECE385/lab7_1/realrealrealreal_sdk/mb_block_wrapper/hw/mb_block_wrapper.xsa
TRACE::2024-11-07.00:16:32::SCWPlatform::DSA absoulate path C:/Users/realk/Desktop/ece385/ECE385/lab7_1/realrealrealreal_sdk/mb_block_wrapper/hw/mb_block_wrapper.xsa
TRACE::2024-11-07.00:16:32::SCWPlatform::DSA directory C:/Users/realk/Desktop/ece385/ECE385/lab7_1/realrealrealreal_sdk/mb_block_wrapper/hw
TRACE::2024-11-07.00:16:32::SCWPlatform:: Platform Path C:/Users/realk/Desktop/ece385/ECE385/lab7_1/realrealrealreal_sdk/mb_block_wrapper/hw/mb_block_wrapper.xsa
TRACE::2024-11-07.00:16:32::SCWPlatform:: Unique name xilinx:::0.0
TRACE::2024-11-07.00:16:32::SCWPlatform::Trying to set the existing hwdb with name mb_block_wrapper_12
TRACE::2024-11-07.00:16:32::SCWPlatform::Opened existing hwdb mb_block_wrapper_12
TRACE::2024-11-07.00:16:32::SCWPlatform::Found the Hw Db part of the input DSA
TRACE::2024-11-07.00:16:32::SCWPlatform::Trying to open the hw design at C:/Users/realk/Desktop/ece385/ECE385/lab7_1/realrealrealreal_sdk/mb_block_wrapper/hw/mb_block_wrapper.xsa
TRACE::2024-11-07.00:16:32::SCWPlatform::DSA given C:/Users/realk/Desktop/ece385/ECE385/lab7_1/realrealrealreal_sdk/mb_block_wrapper/hw/mb_block_wrapper.xsa
TRACE::2024-11-07.00:16:32::SCWPlatform::DSA absoulate path C:/Users/realk/Desktop/ece385/ECE385/lab7_1/realrealrealreal_sdk/mb_block_wrapper/hw/mb_block_wrapper.xsa
TRACE::2024-11-07.00:16:32::SCWPlatform::DSA directory C:/Users/realk/Desktop/ece385/ECE385/lab7_1/realrealrealreal_sdk/mb_block_wrapper/hw
TRACE::2024-11-07.00:16:32::SCWPlatform:: Platform Path C:/Users/realk/Desktop/ece385/ECE385/lab7_1/realrealrealreal_sdk/mb_block_wrapper/hw/mb_block_wrapper.xsa
TRACE::2024-11-07.00:16:32::SCWPlatform:: Unique name xilinx:::0.0
TRACE::2024-11-07.00:16:32::SCWPlatform::Trying to set the existing hwdb with name mb_block_wrapper_12
TRACE::2024-11-07.00:16:32::SCWPlatform::Opened existing hwdb mb_block_wrapper_12
TRACE::2024-11-07.00:16:32::SCWPlatform::Found the Hw Db part of the input DSA
TRACE::2024-11-07.00:16:32::SCWPlatform::Trying to open the hw design at C:/Users/realk/Desktop/ece385/ECE385/lab7_1/realrealrealreal_sdk/mb_block_wrapper/hw/mb_block_wrapper.xsa
TRACE::2024-11-07.00:16:32::SCWPlatform::DSA given C:/Users/realk/Desktop/ece385/ECE385/lab7_1/realrealrealreal_sdk/mb_block_wrapper/hw/mb_block_wrapper.xsa
TRACE::2024-11-07.00:16:32::SCWPlatform::DSA absoulate path C:/Users/realk/Desktop/ece385/ECE385/lab7_1/realrealrealreal_sdk/mb_block_wrapper/hw/mb_block_wrapper.xsa
TRACE::2024-11-07.00:16:32::SCWPlatform::DSA directory C:/Users/realk/Desktop/ece385/ECE385/lab7_1/realrealrealreal_sdk/mb_block_wrapper/hw
TRACE::2024-11-07.00:16:32::SCWPlatform:: Platform Path C:/Users/realk/Desktop/ece385/ECE385/lab7_1/realrealrealreal_sdk/mb_block_wrapper/hw/mb_block_wrapper.xsa
TRACE::2024-11-07.00:16:32::SCWPlatform:: Unique name xilinx:::0.0
TRACE::2024-11-07.00:16:32::SCWPlatform::Trying to set the existing hwdb with name mb_block_wrapper_12
TRACE::2024-11-07.00:16:32::SCWPlatform::Opened existing hwdb mb_block_wrapper_12
TRACE::2024-11-07.00:16:32::SCWPlatform::Found the Hw Db part of the input DSA
TRACE::2024-11-07.00:16:32::SCWMssOS::Checking the sw design at  C:/Users/realk/Desktop/ece385/ECE385/lab7_1/realrealrealreal_sdk/mb_block_wrapper/microblaze_0/standalone_microblaze_0/bsp/system.mss
TRACE::2024-11-07.00:16:32::SCWMssOS::DEBUG:  swdes dump  
TRACE::2024-11-07.00:16:32::SCWMssOS::No sw design opened at  C:/Users/realk/Desktop/ece385/ECE385/lab7_1/realrealrealreal_sdk/mb_block_wrapper/microblaze_0/standalone_microblaze_0/bsp/system.mss
TRACE::2024-11-07.00:16:32::SCWMssOS::mss exists loading the mss file  C:/Users/realk/Desktop/ece385/ECE385/lab7_1/realrealrealreal_sdk/mb_block_wrapper/microblaze_0/standalone_microblaze_0/bsp/system.mss
TRACE::2024-11-07.00:16:32::SCWMssOS::Opened the sw design from mss  C:/Users/realk/Desktop/ece385/ECE385/lab7_1/realrealrealreal_sdk/mb_block_wrapper/microblaze_0/standalone_microblaze_0/bsp/system.mss
TRACE::2024-11-07.00:16:32::SCWMssOS::Adding the swdes entry C:/Users/realk/Desktop/ece385/ECE385/lab7_1/realrealrealreal_sdk/mb_block_wrapper/microblaze_0/standalone_microblaze_0/bsp/system.mss with des name system
TRACE::2024-11-07.00:16:32::SCWMssOS::updating the scw layer about changes
TRACE::2024-11-07.00:16:32::SCWMssOS::Opened the sw design.  C:/Users/realk/Desktop/ece385/ECE385/lab7_1/realrealrealreal_sdk/mb_block_wrapper/microblaze_0/standalone_microblaze_0/bsp/system.mss
TRACE::2024-11-07.00:16:32::SCWMssOS::Saving the mss changes C:/Users/realk/Desktop/ece385/ECE385/lab7_1/realrealrealreal_sdk/mb_block_wrapper/microblaze_0/standalone_microblaze_0/bsp/system.mss
TRACE::2024-11-07.00:16:32::SCWMssOS::Found a swdesign opened with the mssfile.
TRACE::2024-11-07.00:16:32::SCWMssOS::Completed writemss as part of save.
TRACE::2024-11-07.00:16:32::SCWMssOS::Commit changes completed.
TRACE::2024-11-07.00:16:32::SCWReader::Adding prebuilt librarypaths as   
TRACE::2024-11-07.00:16:32::SCWReader::Adding prebuilt incpaths  as   
TRACE::2024-11-07.00:16:32::SCWPlatform::Trying to open the hw design at C:/Users/realk/Desktop/ece385/ECE385/lab7_1/realrealrealreal_sdk/mb_block_wrapper/hw/mb_block_wrapper.xsa
TRACE::2024-11-07.00:16:32::SCWPlatform::DSA given C:/Users/realk/Desktop/ece385/ECE385/lab7_1/realrealrealreal_sdk/mb_block_wrapper/hw/mb_block_wrapper.xsa
TRACE::2024-11-07.00:16:32::SCWPlatform::DSA absoulate path C:/Users/realk/Desktop/ece385/ECE385/lab7_1/realrealrealreal_sdk/mb_block_wrapper/hw/mb_block_wrapper.xsa
TRACE::2024-11-07.00:16:32::SCWPlatform::DSA directory C:/Users/realk/Desktop/ece385/ECE385/lab7_1/realrealrealreal_sdk/mb_block_wrapper/hw
TRACE::2024-11-07.00:16:32::SCWPlatform:: Platform Path C:/Users/realk/Desktop/ece385/ECE385/lab7_1/realrealrealreal_sdk/mb_block_wrapper/hw/mb_block_wrapper.xsa
TRACE::2024-11-07.00:16:32::SCWPlatform:: Unique name xilinx:::0.0
TRACE::2024-11-07.00:16:32::SCWPlatform::Trying to set the existing hwdb with name mb_block_wrapper_12
TRACE::2024-11-07.00:16:32::SCWPlatform::Opened existing hwdb mb_block_wrapper_12
TRACE::2024-11-07.00:16:32::SCWPlatform::Found the Hw Db part of the input DSA
TRACE::2024-11-07.00:16:32::SCWMssOS::Checking the sw design at  C:/Users/realk/Desktop/ece385/ECE385/lab7_1/realrealrealreal_sdk/mb_block_wrapper/microblaze_0/standalone_microblaze_0/bsp/system.mss
TRACE::2024-11-07.00:16:32::SCWMssOS::DEBUG:  swdes dump  C:/Users/realk/Desktop/ece385/ECE385/lab7_1/realrealrealreal_sdk/mb_block_wrapper/microblaze_0/standalone_microblaze_0/bsp/system.mss|system||

TRACE::2024-11-07.00:16:32::SCWMssOS::Sw design exists and opened at  C:/Users/realk/Desktop/ece385/ECE385/lab7_1/realrealrealreal_sdk/mb_block_wrapper/microblaze_0/standalone_microblaze_0/bsp/system.mss
TRACE::2024-11-07.00:16:32::SCWReader::No isolation master present  
TRACE::2024-11-07.00:16:35::SCWPlatform::DSA given C:/Users/realk/Desktop/ece385/ECE385/lab7_1/realrealrealreal_sdk/mb_block_wrapper/tempdsa/mb_block_wrapper.xsa
TRACE::2024-11-07.00:16:35::SCWPlatform::DSA absoulate path C:/Users/realk/Desktop/ece385/ECE385/lab7_1/realrealrealreal_sdk/mb_block_wrapper/tempdsa/mb_block_wrapper.xsa
TRACE::2024-11-07.00:16:35::SCWPlatform:: Platform location is C:/Users/realk/Desktop/ece385/ECE385/lab7_1/realrealrealreal_sdk/mb_block_wrapper/tempdsa
TRACE::2024-11-07.00:16:35::SCWPlatform:: Platform Path C:/Users/realk/Desktop/ece385/ECE385/lab7_1/realrealrealreal_sdk/mb_block_wrapper/tempdsa/mb_block_wrapper.xsa
TRACE::2024-11-07.00:16:35::SCWPlatform:: Unique name xilinx:::0.0
TRACE::2024-11-07.00:16:35::SCWPlatform::Found the Hw Db part of the input DSA
TRACE::2024-11-07.00:16:35::SCWMssOS::Doing hw sync for the mss in domain: standalone_microblaze_0
TRACE::2024-11-07.00:16:35::SCWPlatform::Trying to open the hw design at C:/Users/realk/Desktop/ece385/ECE385/lab7_1/realrealrealreal_sdk/mb_block_wrapper/hw/mb_block_wrapper.xsa
TRACE::2024-11-07.00:16:35::SCWPlatform::DSA given C:/Users/realk/Desktop/ece385/ECE385/lab7_1/realrealrealreal_sdk/mb_block_wrapper/hw/mb_block_wrapper.xsa
TRACE::2024-11-07.00:16:35::SCWPlatform::DSA absoulate path C:/Users/realk/Desktop/ece385/ECE385/lab7_1/realrealrealreal_sdk/mb_block_wrapper/hw/mb_block_wrapper.xsa
TRACE::2024-11-07.00:16:35::SCWPlatform::DSA directory C:/Users/realk/Desktop/ece385/ECE385/lab7_1/realrealrealreal_sdk/mb_block_wrapper/hw
TRACE::2024-11-07.00:16:35::SCWPlatform:: Platform Path C:/Users/realk/Desktop/ece385/ECE385/lab7_1/realrealrealreal_sdk/mb_block_wrapper/hw/mb_block_wrapper.xsa
TRACE::2024-11-07.00:16:35::SCWPlatform:: Unique name xilinx:::0.0
TRACE::2024-11-07.00:16:35::SCWPlatform::Trying to set the existing hwdb with name mb_block_wrapper_12
TRACE::2024-11-07.00:16:35::SCWPlatform::Opened existing hwdb mb_block_wrapper_12
TRACE::2024-11-07.00:16:35::SCWPlatform::Found the Hw Db part of the input DSA
TRACE::2024-11-07.00:16:35::SCWPlatform::Trying to open the hw design at C:/Users/realk/Desktop/ece385/ECE385/lab7_1/realrealrealreal_sdk/mb_block_wrapper/hw/mb_block_wrapper.xsa
TRACE::2024-11-07.00:16:35::SCWPlatform::DSA given C:/Users/realk/Desktop/ece385/ECE385/lab7_1/realrealrealreal_sdk/mb_block_wrapper/hw/mb_block_wrapper.xsa
TRACE::2024-11-07.00:16:35::SCWPlatform::DSA absoulate path C:/Users/realk/Desktop/ece385/ECE385/lab7_1/realrealrealreal_sdk/mb_block_wrapper/hw/mb_block_wrapper.xsa
TRACE::2024-11-07.00:16:35::SCWPlatform::DSA directory C:/Users/realk/Desktop/ece385/ECE385/lab7_1/realrealrealreal_sdk/mb_block_wrapper/hw
TRACE::2024-11-07.00:16:35::SCWPlatform:: Platform Path C:/Users/realk/Desktop/ece385/ECE385/lab7_1/realrealrealreal_sdk/mb_block_wrapper/hw/mb_block_wrapper.xsa
TRACE::2024-11-07.00:16:35::SCWPlatform:: Unique name xilinx:::0.0
TRACE::2024-11-07.00:16:35::SCWPlatform::Trying to set the existing hwdb with name mb_block_wrapper_12
TRACE::2024-11-07.00:16:35::SCWPlatform::Opened existing hwdb mb_block_wrapper_12
TRACE::2024-11-07.00:16:35::SCWPlatform::Found the Hw Db part of the input DSA
TRACE::2024-11-07.00:16:35::SCWMssOS::Checking the sw design at  C:/Users/realk/Desktop/ece385/ECE385/lab7_1/realrealrealreal_sdk/mb_block_wrapper/microblaze_0/standalone_microblaze_0/bsp/system.mss
TRACE::2024-11-07.00:16:35::SCWMssOS::DEBUG:  swdes dump  C:/Users/realk/Desktop/ece385/ECE385/lab7_1/realrealrealreal_sdk/mb_block_wrapper/microblaze_0/standalone_microblaze_0/bsp/system.mss|system||

TRACE::2024-11-07.00:16:35::SCWMssOS::Sw design exists and opened at  C:/Users/realk/Desktop/ece385/ECE385/lab7_1/realrealrealreal_sdk/mb_block_wrapper/microblaze_0/standalone_microblaze_0/bsp/system.mss
TRACE::2024-11-07.00:16:35::SCWPlatform::Trying to open the hw design at C:/Users/realk/Desktop/ece385/ECE385/lab7_1/realrealrealreal_sdk/mb_block_wrapper/tempdsa/mb_block_wrapper.xsa
TRACE::2024-11-07.00:16:35::SCWPlatform::DSA given C:/Users/realk/Desktop/ece385/ECE385/lab7_1/realrealrealreal_sdk/mb_block_wrapper/tempdsa/mb_block_wrapper.xsa
TRACE::2024-11-07.00:16:35::SCWPlatform::DSA absoulate path C:/Users/realk/Desktop/ece385/ECE385/lab7_1/realrealrealreal_sdk/mb_block_wrapper/tempdsa/mb_block_wrapper.xsa
TRACE::2024-11-07.00:16:35::SCWPlatform::DSA directory C:/Users/realk/Desktop/ece385/ECE385/lab7_1/realrealrealreal_sdk/mb_block_wrapper/tempdsa
TRACE::2024-11-07.00:16:35::SCWPlatform:: Platform Path C:/Users/realk/Desktop/ece385/ECE385/lab7_1/realrealrealreal_sdk/mb_block_wrapper/tempdsa/mb_block_wrapper.xsa
TRACE::2024-11-07.00:16:35::SCWPlatform:: Unique name xilinx:::0.0
TRACE::2024-11-07.00:16:35::SCWPlatform::update - Opened existing hwdb mb_block_wrapper_13
TRACE::2024-11-07.00:16:35::SCWPlatform::Found the Hw Db part of the input DSA
TRACE::2024-11-07.00:16:35::SCWMssOS::Saving the mss changes C:/Users/realk/Desktop/ece385/ECE385/lab7_1/realrealrealreal_sdk/mb_block_wrapper/microblaze_0/standalone_microblaze_0/bsp/system.mss
TRACE::2024-11-07.00:16:35::SCWMssOS::Found a swdesign opened with the mssfile.
TRACE::2024-11-07.00:16:35::SCWMssOS::Completed writemss as part of save.
TRACE::2024-11-07.00:16:35::SCWMssOS::Commit changes completed.
TRACE::2024-11-07.00:16:35::SCWMssOS::Completed hw sync for the mss in domain: standalone_microblaze_0
TRACE::2024-11-07.00:16:35::SCWMssOS::Removing the swdes entry for  C:/Users/realk/Desktop/ece385/ECE385/lab7_1/realrealrealreal_sdk/mb_block_wrapper/microblaze_0/standalone_microblaze_0/bsp/system.mss
TRACE::2024-11-07.00:16:35::SCWPlatform::Trying to open the hw design at C:/Users/realk/Desktop/ece385/ECE385/lab7_1/realrealrealreal_sdk/mb_block_wrapper/hw/mb_block_wrapper.xsa
TRACE::2024-11-07.00:16:35::SCWPlatform::DSA given C:/Users/realk/Desktop/ece385/ECE385/lab7_1/realrealrealreal_sdk/mb_block_wrapper/hw/mb_block_wrapper.xsa
TRACE::2024-11-07.00:16:35::SCWPlatform::DSA absoulate path C:/Users/realk/Desktop/ece385/ECE385/lab7_1/realrealrealreal_sdk/mb_block_wrapper/hw/mb_block_wrapper.xsa
TRACE::2024-11-07.00:16:35::SCWPlatform::DSA directory C:/Users/realk/Desktop/ece385/ECE385/lab7_1/realrealrealreal_sdk/mb_block_wrapper/hw
TRACE::2024-11-07.00:16:35::SCWPlatform:: Platform Path C:/Users/realk/Desktop/ece385/ECE385/lab7_1/realrealrealreal_sdk/mb_block_wrapper/hw/mb_block_wrapper.xsa
TRACE::2024-11-07.00:16:35::SCWPlatform:: Unique name xilinx:::0.0
TRACE::2024-11-07.00:16:35::SCWPlatform::Do not have an existing db opened. 
TRACE::2024-11-07.00:16:36::SCWPlatform::Opened new HwDB with name mb_block_wrapper_14
TRACE::2024-11-07.00:16:36::SCWMssOS::Saving the mss changes C:/Users/realk/Desktop/ece385/ECE385/lab7_1/realrealrealreal_sdk/mb_block_wrapper/microblaze_0/standalone_microblaze_0/bsp/system.mss
TRACE::2024-11-07.00:16:36::SCWMssOS::Adding the swdes entry, mss present, able to open swdb C:/Users/realk/Desktop/ece385/ECE385/lab7_1/realrealrealreal_sdk/mb_block_wrapper/microblaze_0/standalone_microblaze_0/bsp/system.mss with des name system
TRACE::2024-11-07.00:16:36::SCWMssOS::Writing the mss file completed C:/Users/realk/Desktop/ece385/ECE385/lab7_1/realrealrealreal_sdk/mb_block_wrapper/microblaze_0/standalone_microblaze_0/bsp/system.mss
TRACE::2024-11-07.00:16:36::SCWMssOS::Commit changes completed.
TRACE::2024-11-07.00:16:36::SCWPlatform::Trying to open the hw design at C:/Users/realk/Desktop/ece385/ECE385/lab7_1/realrealrealreal_sdk/mb_block_wrapper/hw/mb_block_wrapper.xsa
TRACE::2024-11-07.00:16:36::SCWPlatform::DSA given C:/Users/realk/Desktop/ece385/ECE385/lab7_1/realrealrealreal_sdk/mb_block_wrapper/hw/mb_block_wrapper.xsa
TRACE::2024-11-07.00:16:36::SCWPlatform::DSA absoulate path C:/Users/realk/Desktop/ece385/ECE385/lab7_1/realrealrealreal_sdk/mb_block_wrapper/hw/mb_block_wrapper.xsa
TRACE::2024-11-07.00:16:36::SCWPlatform::DSA directory C:/Users/realk/Desktop/ece385/ECE385/lab7_1/realrealrealreal_sdk/mb_block_wrapper/hw
TRACE::2024-11-07.00:16:36::SCWPlatform:: Platform Path C:/Users/realk/Desktop/ece385/ECE385/lab7_1/realrealrealreal_sdk/mb_block_wrapper/hw/mb_block_wrapper.xsa
TRACE::2024-11-07.00:16:36::SCWPlatform:: Unique name xilinx:::0.0
TRACE::2024-11-07.00:16:36::SCWPlatform::Trying to set the existing hwdb with name mb_block_wrapper_14
TRACE::2024-11-07.00:16:36::SCWPlatform::Opened existing hwdb mb_block_wrapper_14
TRACE::2024-11-07.00:16:36::SCWPlatform::Found the Hw Db part of the input DSA
TRACE::2024-11-07.00:16:36::SCWMssOS::Checking the sw design at  C:/Users/realk/Desktop/ece385/ECE385/lab7_1/realrealrealreal_sdk/mb_block_wrapper/microblaze_0/standalone_microblaze_0/bsp/system.mss
TRACE::2024-11-07.00:16:36::SCWMssOS::DEBUG:  swdes dump  C:/Users/realk/Desktop/ece385/ECE385/lab7_1/realrealrealreal_sdk/mb_block_wrapper/microblaze_0/standalone_microblaze_0/bsp/system.mss|system||

TRACE::2024-11-07.00:16:36::SCWMssOS::Sw design exists and opened at  C:/Users/realk/Desktop/ece385/ECE385/lab7_1/realrealrealreal_sdk/mb_block_wrapper/microblaze_0/standalone_microblaze_0/bsp/system.mss
TRACE::2024-11-07.00:16:36::SCWWriter::formatted JSON is {
	"platformName":	"mb_block_wrapper",
	"sprVersion":	"2.0",
	"mode":	"gui",
	"dsaType":	"Fixed",
	"platformDesc":	"mb_block_wrapper",
	"platHandOff":	"C:/Users/realk/Desktop/ece385/ECE385/lab7_1/mb_block_wrapper.xsa",
	"platIntHandOff":	"<platformDir>/hw/mb_block_wrapper.xsa",
	"deviceType":	"FPGA",
	"platIsPrebuiltAutogen":	"false",
	"platIsNoBootBsp":	"false",
	"hasFsblMakeHasChanges":	"false",
	"hasPmufwMakeHasChanges":	"false",
	"platPreBuiltFlag":	false,
	"platformSamplesDir":	"",
	"platActiveSys":	"mb_block_wrapper",
	"systems":	[{
			"systemName":	"mb_block_wrapper",
			"systemDesc":	"mb_block_wrapper",
			"sysIsBootAutoGen":	"true",
			"systemDispName":	"mb_block_wrapper",
			"sysActiveDom":	"standalone_microblaze_0",
			"sysDefaultDom":	"standalone_microblaze_0",
			"domains":	[{
					"domainName":	"standalone_microblaze_0",
					"domainDispName":	"standalone_microblaze_0",
					"domainDesc":	"standalone_microblaze_0",
					"processors":	"microblaze_0",
					"os":	"standalone",
					"sdxOs":	"standalone",
					"debugEnable":	"False",
					"domRuntimes":	["cpp"],
					"swRepo":	"",
					"mssOsVer":	"8.0",
					"mssFile":	"",
					"md5Digest":	"5422c1e5be4ae93f4de8c50507402f2a1",
					"compatibleApp":	"",
					"domType":	"mssDomain",
					"arch":	"32-bit",
					"appSettings":	{
						"appCompilerFlags":	"",
						"appLinkerFlags":	""
					},
					"addedLibs":	[],
					"libOptions":	{
						"libsContainingOptions":	[]
					},
					"prebuiltLibs":	{
						"prebuiltIncPath":	[],
						"prebuiltLibPath":	[]
					},
					"isolation":	{
					}
				}]
		}]
}
LOG::2024-11-07.00:16:42::SCWPlatform::Started generating the artifacts platform mb_block_wrapper
TRACE::2024-11-07.00:16:42::SCWPlatform::Sanity checking of platform is completed
LOG::2024-11-07.00:16:42::SCWPlatform::Started generating the artifacts for system configuration mb_block_wrapper
LOG::2024-11-07.00:16:42::SCWSystem::Checking the domain standalone_microblaze_0
LOG::2024-11-07.00:16:42::SCWSystem::Not a boot domain 
LOG::2024-11-07.00:16:42::SCWSystem::Started Processing the domain standalone_microblaze_0
TRACE::2024-11-07.00:16:42::SCWDomain::Generating domain artifcats
TRACE::2024-11-07.00:16:42::SCWMssOS::Generating standalone artifcats
TRACE::2024-11-07.00:16:42::SCWMssOS:: Copying the user libraries. 
TRACE::2024-11-07.00:16:42::SCWPlatform::Trying to open the hw design at C:/Users/realk/Desktop/ece385/ECE385/lab7_1/realrealrealreal_sdk/mb_block_wrapper/hw/mb_block_wrapper.xsa
TRACE::2024-11-07.00:16:42::SCWPlatform::DSA given C:/Users/realk/Desktop/ece385/ECE385/lab7_1/realrealrealreal_sdk/mb_block_wrapper/hw/mb_block_wrapper.xsa
TRACE::2024-11-07.00:16:42::SCWPlatform::DSA absoulate path C:/Users/realk/Desktop/ece385/ECE385/lab7_1/realrealrealreal_sdk/mb_block_wrapper/hw/mb_block_wrapper.xsa
TRACE::2024-11-07.00:16:42::SCWPlatform::DSA directory C:/Users/realk/Desktop/ece385/ECE385/lab7_1/realrealrealreal_sdk/mb_block_wrapper/hw
TRACE::2024-11-07.00:16:42::SCWPlatform:: Platform Path C:/Users/realk/Desktop/ece385/ECE385/lab7_1/realrealrealreal_sdk/mb_block_wrapper/hw/mb_block_wrapper.xsa
TRACE::2024-11-07.00:16:42::SCWPlatform:: Unique name xilinx:::0.0
TRACE::2024-11-07.00:16:42::SCWPlatform::Trying to set the existing hwdb with name mb_block_wrapper_14
TRACE::2024-11-07.00:16:42::SCWPlatform::Opened existing hwdb mb_block_wrapper_14
TRACE::2024-11-07.00:16:42::SCWPlatform::Found the Hw Db part of the input DSA
TRACE::2024-11-07.00:16:42::SCWMssOS::Checking the sw design at  C:/Users/realk/Desktop/ece385/ECE385/lab7_1/realrealrealreal_sdk/mb_block_wrapper/microblaze_0/standalone_microblaze_0/bsp/system.mss
TRACE::2024-11-07.00:16:42::SCWMssOS::DEBUG:  swdes dump  C:/Users/realk/Desktop/ece385/ECE385/lab7_1/realrealrealreal_sdk/mb_block_wrapper/microblaze_0/standalone_microblaze_0/bsp/system.mss|system||

TRACE::2024-11-07.00:16:42::SCWMssOS::Sw design exists and opened at  C:/Users/realk/Desktop/ece385/ECE385/lab7_1/realrealrealreal_sdk/mb_block_wrapper/microblaze_0/standalone_microblaze_0/bsp/system.mss
TRACE::2024-11-07.00:16:42::SCWMssOS::Completed writing the mss file at C:/Users/realk/Desktop/ece385/ECE385/lab7_1/realrealrealreal_sdk/mb_block_wrapper/microblaze_0/standalone_microblaze_0/bsp
TRACE::2024-11-07.00:16:42::SCWMssOS::Mss edits present, copying mssfile into export location C:/Users/realk/Desktop/ece385/ECE385/lab7_1/realrealrealreal_sdk/mb_block_wrapper/microblaze_0/standalone_microblaze_0/bsp/system.mss
TRACE::2024-11-07.00:16:42::SCWMssOS::bsp generated is stale removing and regenerating. 
TRACE::2024-11-07.00:16:44::SCWMssOS::doing bsp build ... 
TRACE::2024-11-07.00:16:44::SCWMssOS::System Command Ran  C: & cd  C:/Users/realk/Desktop/ece385/ECE385/lab7_1/realrealrealreal_sdk/mb_block_wrapper/microblaze_0/standalone_microblaze_0/bsp & make 
TRACE::2024-11-07.00:16:44::SCWMssOS::make --no-print-directory seq_libs

TRACE::2024-11-07.00:16:44::SCWMssOS::'Finished building libraries sequentially.'

TRACE::2024-11-07.00:16:44::SCWMssOS::make -j 14 --no-print-directory par_libs

TRACE::2024-11-07.00:16:44::SCWMssOS::"Running Make include in microblaze_0/libsrc/bram_v4_8/src"

TRACE::2024-11-07.00:16:44::SCWMssOS::make -C microblaze_0/libsrc/bram_v4_8/src -s include  "SHELL=CMD" "COMPILER=mb-gcc" "ASSEMBLER=mb-as" "ARCHIVER=mb-ar" "COMPILE
TRACE::2024-11-07.00:16:44::SCWMssOS::R_FLAGS=  -O2 -c -mcpu=v11.0 -mlittle-endian -mno-xl-reorder -mno-xl-soft-mul -mxl-barrel-shift -mxl-pattern-compare" "EXTRA_CO
TRACE::2024-11-07.00:16:44::SCWMssOS::MPILER_FLAGS=-g -ffunction-sections -fdata-sections -Wall -Wextra -fno-tree-loop-distribute-patterns"

TRACE::2024-11-07.00:16:44::SCWMssOS::"Running Make include in microblaze_0/libsrc/cpu_v2_16/src"

TRACE::2024-11-07.00:16:44::SCWMssOS::make -C microblaze_0/libsrc/cpu_v2_16/src -s include  "SHELL=CMD" "COMPILER=mb-gcc" "ASSEMBLER=mb-as" "ARCHIVER=mb-ar" "COMPILE
TRACE::2024-11-07.00:16:44::SCWMssOS::R_FLAGS=  -O2 -c -mcpu=v11.0 -mlittle-endian -mno-xl-reorder -mno-xl-soft-mul -mxl-barrel-shift -mxl-pattern-compare" "EXTRA_CO
TRACE::2024-11-07.00:16:44::SCWMssOS::MPILER_FLAGS=-g -ffunction-sections -fdata-sections -Wall -Wextra -fno-tree-loop-distribute-patterns"

TRACE::2024-11-07.00:16:44::SCWMssOS::"Running Make include in microblaze_0/libsrc/intc_v3_15/src"

TRACE::2024-11-07.00:16:44::SCWMssOS::make -C microblaze_0/libsrc/intc_v3_15/src -s include  "SHELL=CMD" "COMPILER=mb-gcc" "ASSEMBLER=mb-as" "ARCHIVER=mb-ar" "COMPIL
TRACE::2024-11-07.00:16:44::SCWMssOS::ER_FLAGS=  -O2 -c -mcpu=v11.0 -mlittle-endian -mno-xl-reorder -mno-xl-soft-mul -mxl-barrel-shift -mxl-pattern-compare" "EXTRA_C
TRACE::2024-11-07.00:16:44::SCWMssOS::OMPILER_FLAGS=-g -ffunction-sections -fdata-sections -Wall -Wextra -fno-tree-loop-distribute-patterns"

TRACE::2024-11-07.00:16:44::SCWMssOS::"Running Make include in microblaze_0/libsrc/standalone_v8_0/src"

TRACE::2024-11-07.00:16:44::SCWMssOS::make -C microblaze_0/libsrc/standalone_v8_0/src -s include  "SHELL=CMD" "COMPILER=mb-gcc" "ASSEMBLER=mb-as" "ARCHIVER=mb-ar" "C
TRACE::2024-11-07.00:16:44::SCWMssOS::OMPILER_FLAGS=  -O2 -c -mcpu=v11.0 -mlittle-endian -mno-xl-reorder -mno-xl-soft-mul -mxl-barrel-shift -mxl-pattern-compare" "EX
TRACE::2024-11-07.00:16:44::SCWMssOS::TRA_COMPILER_FLAGS=-g -ffunction-sections -fdata-sections -Wall -Wextra -fno-tree-loop-distribute-patterns"

TRACE::2024-11-07.00:16:44::SCWMssOS::"Running Make include in microblaze_0/libsrc/uartlite_v3_7/src"

TRACE::2024-11-07.00:16:44::SCWMssOS::make -C microblaze_0/libsrc/uartlite_v3_7/src -s include  "SHELL=CMD" "COMPILER=mb-gcc" "ASSEMBLER=mb-as" "ARCHIVER=mb-ar" "COM
TRACE::2024-11-07.00:16:44::SCWMssOS::PILER_FLAGS=  -O2 -c -mcpu=v11.0 -mlittle-endian -mno-xl-reorder -mno-xl-soft-mul -mxl-barrel-shift -mxl-pattern-compare" "EXTR
TRACE::2024-11-07.00:16:44::SCWMssOS::A_COMPILER_FLAGS=-g -ffunction-sections -fdata-sections -Wall -Wextra -fno-tree-loop-distribute-patterns"

TRACE::2024-11-07.00:16:45::SCWMssOS::"Running Make libs in microblaze_0/libsrc/bram_v4_8/src"

TRACE::2024-11-07.00:16:45::SCWMssOS::make -C microblaze_0/libsrc/bram_v4_8/src -s libs  "SHELL=CMD" "COMPILER=mb-gcc" "ASSEMBLER=mb-as" "ARCHIVER=mb-ar" "COMPILER_F
TRACE::2024-11-07.00:16:45::SCWMssOS::LAGS=  -O2 -c -mcpu=v11.0 -mlittle-endian -mno-xl-reorder -mno-xl-soft-mul -mxl-barrel-shift -mxl-pattern-compare" "EXTRA_COMPI
TRACE::2024-11-07.00:16:45::SCWMssOS::LER_FLAGS=-g -ffunction-sections -fdata-sections -Wall -Wextra -fno-tree-loop-distribute-patterns"

TRACE::2024-11-07.00:16:45::SCWMssOS::"Running Make libs in microblaze_0/libsrc/cpu_v2_16/src"

TRACE::2024-11-07.00:16:45::SCWMssOS::make -C microblaze_0/libsrc/cpu_v2_16/src -s libs  "SHELL=CMD" "COMPILER=mb-gcc" "ASSEMBLER=mb-as" "ARCHIVER=mb-ar" "COMPILER_F
TRACE::2024-11-07.00:16:45::SCWMssOS::LAGS=  -O2 -c -mcpu=v11.0 -mlittle-endian -mno-xl-reorder -mno-xl-soft-mul -mxl-barrel-shift -mxl-pattern-compare" "EXTRA_COMPI
TRACE::2024-11-07.00:16:45::SCWMssOS::LER_FLAGS=-g -ffunction-sections -fdata-sections -Wall -Wextra -fno-tree-loop-distribute-patterns"

TRACE::2024-11-07.00:16:45::SCWMssOS::"Running Make libs in microblaze_0/libsrc/intc_v3_15/src"

TRACE::2024-11-07.00:16:45::SCWMssOS::make -C microblaze_0/libsrc/intc_v3_15/src -s libs  "SHELL=CMD" "COMPILER=mb-gcc" "ASSEMBLER=mb-as" "ARCHIVER=mb-ar" "COMPILER_
TRACE::2024-11-07.00:16:45::SCWMssOS::FLAGS=  -O2 -c -mcpu=v11.0 -mlittle-endian -mno-xl-reorder -mno-xl-soft-mul -mxl-barrel-shift -mxl-pattern-compare" "EXTRA_COMP
TRACE::2024-11-07.00:16:45::SCWMssOS::ILER_FLAGS=-g -ffunction-sections -fdata-sections -Wall -Wextra -fno-tree-loop-distribute-patterns"

TRACE::2024-11-07.00:16:45::SCWMssOS::"Running Make libs in microblaze_0/libsrc/standalone_v8_0/src"

TRACE::2024-11-07.00:16:45::SCWMssOS::make -C microblaze_0/libsrc/standalone_v8_0/src -s libs  "SHELL=CMD" "COMPILER=mb-gcc" "ASSEMBLER=mb-as" "ARCHIVER=mb-ar" "COMP
TRACE::2024-11-07.00:16:45::SCWMssOS::ILER_FLAGS=  -O2 -c -mcpu=v11.0 -mlittle-endian -mno-xl-reorder -mno-xl-soft-mul -mxl-barrel-shift -mxl-pattern-compare" "EXTRA
TRACE::2024-11-07.00:16:45::SCWMssOS::_COMPILER_FLAGS=-g -ffunction-sections -fdata-sections -Wall -Wextra -fno-tree-loop-distribute-patterns"

TRACE::2024-11-07.00:16:45::SCWMssOS::"Running Make libs in microblaze_0/libsrc/uartlite_v3_7/src"

TRACE::2024-11-07.00:16:45::SCWMssOS::make -C microblaze_0/libsrc/uartlite_v3_7/src -s libs  "SHELL=CMD" "COMPILER=mb-gcc" "ASSEMBLER=mb-as" "ARCHIVER=mb-ar" "COMPIL
TRACE::2024-11-07.00:16:45::SCWMssOS::ER_FLAGS=  -O2 -c -mcpu=v11.0 -mlittle-endian -mno-xl-reorder -mno-xl-soft-mul -mxl-barrel-shift -mxl-pattern-compare" "EXTRA_C
TRACE::2024-11-07.00:16:45::SCWMssOS::OMPILER_FLAGS=-g -ffunction-sections -fdata-sections -Wall -Wextra -fno-tree-loop-distribute-patterns"

TRACE::2024-11-07.00:16:49::SCWMssOS::"DEBUG NON_LTO_OBJECTS is ../../../lib/microblaze_interrupt_handler.o"

TRACE::2024-11-07.00:16:49::SCWMssOS::'Finished building libraries parallelly.'

TRACE::2024-11-07.00:16:49::SCWMssOS::make --no-print-directory archive

TRACE::2024-11-07.00:16:49::SCWMssOS::mb-ar -r  microblaze_0/lib/libxil.a microblaze_0/lib/_exit.o microblaze_0/lib/errno.o microblaze_0/lib/fcntl.o microblaze_0/lib
TRACE::2024-11-07.00:16:49::SCWMssOS::/hw_exception_handler.o microblaze_0/lib/inbyte.o microblaze_0/lib/microblaze_disable_dcache.o microblaze_0/lib/microblaze_disa
TRACE::2024-11-07.00:16:49::SCWMssOS::ble_exceptions.o microblaze_0/lib/microblaze_disable_icache.o microblaze_0/lib/microblaze_disable_interrupts.o microblaze_0/lib
TRACE::2024-11-07.00:16:49::SCWMssOS::/microblaze_enable_dcache.o microblaze_0/lib/microblaze_enable_exceptions.o microblaze_0/lib/microblaze_enable_icache.o microbl
TRACE::2024-11-07.00:16:49::SCWMssOS::aze_0/lib/microblaze_enable_interrupts.o microblaze_0/lib/microblaze_exception_handler.o microblaze_0/lib/microblaze_flush_cach
TRACE::2024-11-07.00:16:49::SCWMssOS::e_ext.o microblaze_0/lib/microblaze_flush_cache_ext_range.o microblaze_0/lib/microblaze_flush_dcache.o microblaze_0/lib/microbl
TRACE::2024-11-07.00:16:49::SCWMssOS::aze_flush_dcache_range.o microblaze_0/lib/microblaze_init_dcache_range.o microblaze_0/lib/microblaze_init_icache_range.o microb
TRACE::2024-11-07.00:16:49::SCWMssOS::laze_0/lib/microblaze_interrupt_handler.o microblaze_0/lib/microblaze_interrupts_g.o microblaze_0/lib/microblaze_invalidate_cac
TRACE::2024-11-07.00:16:49::SCWMssOS::he_ext.o microblaze_0/lib/microblaze_invalidate_cache_ext_range.o microblaze_0/lib/microblaze_invalidate_dcache.o microblaze_0/
TRACE::2024-11-07.00:16:49::SCWMssOS::lib/microblaze_invalidate_dcache_range.o microblaze_0/lib/microblaze_invalidate_icache.o microblaze_0/lib/microblaze_invalidate
TRACE::2024-11-07.00:16:49::SCWMssOS::_icache_range.o microblaze_0/lib/microblaze_scrub.o microblaze_0/lib/microblaze_selftest.o microblaze_0/lib/microblaze_sleep.o 
TRACE::2024-11-07.00:16:49::SCWMssOS::microblaze_0/lib/microblaze_update_dcache.o microblaze_0/lib/microblaze_update_icache.o microblaze_0/lib/outbyte.o microblaze_0
TRACE::2024-11-07.00:16:49::SCWMssOS::/lib/print.o microblaze_0/lib/pvr.o microblaze_0/lib/xbram.o microblaze_0/lib/xbram_g.o microblaze_0/lib/xbram_intr.o microblaz
TRACE::2024-11-07.00:16:49::SCWMssOS::e_0/lib/xbram_selftest.o microblaze_0/lib/xbram_sinit.o microblaze_0/lib/xil_assert.o microblaze_0/lib/xil_cache.o microblaze_0
TRACE::2024-11-07.00:16:49::SCWMssOS::/lib/xil_clocking.o microblaze_0/lib/xil_exception.o microblaze_0/lib/xil_mem.o microblaze_0/lib/xil_misc_psreset_api.o microbl
TRACE::2024-11-07.00:16:49::SCWMssOS::aze_0/lib/xil_printf.o microblaze_0/lib/xil_sleepcommon.o microblaze_0/lib/xil_testcache.o microblaze_0/lib/xil_testio.o microb
TRACE::2024-11-07.00:16:49::SCWMssOS::laze_0/lib/xil_testmem.o microblaze_0/lib/xil_util.o microblaze_0/lib/xintc.o microblaze_0/lib/xintc_g.o microblaze_0/lib/xintc
TRACE::2024-11-07.00:16:49::SCWMssOS::_intr.o microblaze_0/lib/xintc_l.o microblaze_0/lib/xintc_options.o microblaze_0/lib/xintc_selftest.o microblaze_0/lib/xinterru
TRACE::2024-11-07.00:16:49::SCWMssOS::pt_wrap.o microblaze_0/lib/xio.o microblaze_0/lib/xplatform_info.o microblaze_0/lib/xuartlite.o microblaze_0/lib/xuartlite_g.o 
TRACE::2024-11-07.00:16:49::SCWMssOS::microblaze_0/lib/xuartlite_intr.o microblaze_0/lib/xuartlite_l.o microblaze_0/lib/xuartlite_selftest.o microblaze_0/lib/xuartli
TRACE::2024-11-07.00:16:49::SCWMssOS::te_sinit.o microblaze_0/lib/xuartlite_stats.o

TRACE::2024-11-07.00:16:49::SCWMssOS::'Finished building libraries'

TRACE::2024-11-07.00:16:50::SCWMssOS:: Checking if to create the Supporting Applications
TRACE::2024-11-07.00:16:50::SCWMssOS:: No Linux domain exists, trying to generate FSBL 
LOG::2024-11-07.00:16:50::SCWSystem::Completed Processing the domain standalone_microblaze_0
LOG::2024-11-07.00:16:50::SCWSystem::Completed Processing the sysconfig mb_block_wrapper
LOG::2024-11-07.00:16:50::SCWPlatform::Completed generating the artifacts for system configuration mb_block_wrapper
TRACE::2024-11-07.00:16:50::SCWPlatform::Started preparing the platform 
TRACE::2024-11-07.00:16:50::SCWSystem::Writing the bif file for system config mb_block_wrapper
TRACE::2024-11-07.00:16:50::SCWSystem::dir created 
TRACE::2024-11-07.00:16:50::SCWSystem::Writing the bif 
TRACE::2024-11-07.00:16:50::SCWPlatform::Started writing the spfm file 
TRACE::2024-11-07.00:16:50::SCWPlatform::Started writing the xpfm file 
TRACE::2024-11-07.00:16:50::SCWPlatform::Completed generating the platform
TRACE::2024-11-07.00:16:50::SCWMssOS::Saving the mss changes C:/Users/realk/Desktop/ece385/ECE385/lab7_1/realrealrealreal_sdk/mb_block_wrapper/microblaze_0/standalone_microblaze_0/bsp/system.mss
TRACE::2024-11-07.00:16:50::SCWMssOS::Adding the swdes entry, mss present, able to open swdb C:/Users/realk/Desktop/ece385/ECE385/lab7_1/realrealrealreal_sdk/mb_block_wrapper/microblaze_0/standalone_microblaze_0/bsp/system.mss with des name system
TRACE::2024-11-07.00:16:50::SCWMssOS::Writing the mss file completed C:/Users/realk/Desktop/ece385/ECE385/lab7_1/realrealrealreal_sdk/mb_block_wrapper/microblaze_0/standalone_microblaze_0/bsp/system.mss
TRACE::2024-11-07.00:16:50::SCWMssOS::Commit changes completed.
TRACE::2024-11-07.00:16:50::SCWPlatform::Trying to open the hw design at C:/Users/realk/Desktop/ece385/ECE385/lab7_1/realrealrealreal_sdk/mb_block_wrapper/hw/mb_block_wrapper.xsa
TRACE::2024-11-07.00:16:50::SCWPlatform::DSA given C:/Users/realk/Desktop/ece385/ECE385/lab7_1/realrealrealreal_sdk/mb_block_wrapper/hw/mb_block_wrapper.xsa
TRACE::2024-11-07.00:16:50::SCWPlatform::DSA absoulate path C:/Users/realk/Desktop/ece385/ECE385/lab7_1/realrealrealreal_sdk/mb_block_wrapper/hw/mb_block_wrapper.xsa
TRACE::2024-11-07.00:16:50::SCWPlatform::DSA directory C:/Users/realk/Desktop/ece385/ECE385/lab7_1/realrealrealreal_sdk/mb_block_wrapper/hw
TRACE::2024-11-07.00:16:50::SCWPlatform:: Platform Path C:/Users/realk/Desktop/ece385/ECE385/lab7_1/realrealrealreal_sdk/mb_block_wrapper/hw/mb_block_wrapper.xsa
TRACE::2024-11-07.00:16:50::SCWPlatform:: Unique name xilinx:::0.0
TRACE::2024-11-07.00:16:50::SCWPlatform::Trying to set the existing hwdb with name mb_block_wrapper_14
TRACE::2024-11-07.00:16:50::SCWPlatform::Opened existing hwdb mb_block_wrapper_14
TRACE::2024-11-07.00:16:50::SCWPlatform::Found the Hw Db part of the input DSA
TRACE::2024-11-07.00:16:50::SCWMssOS::Checking the sw design at  C:/Users/realk/Desktop/ece385/ECE385/lab7_1/realrealrealreal_sdk/mb_block_wrapper/microblaze_0/standalone_microblaze_0/bsp/system.mss
TRACE::2024-11-07.00:16:50::SCWMssOS::DEBUG:  swdes dump  C:/Users/realk/Desktop/ece385/ECE385/lab7_1/realrealrealreal_sdk/mb_block_wrapper/microblaze_0/standalone_microblaze_0/bsp/system.mss|system||

TRACE::2024-11-07.00:16:50::SCWMssOS::Sw design exists and opened at  C:/Users/realk/Desktop/ece385/ECE385/lab7_1/realrealrealreal_sdk/mb_block_wrapper/microblaze_0/standalone_microblaze_0/bsp/system.mss
TRACE::2024-11-07.00:16:50::SCWWriter::formatted JSON is {
	"platformName":	"mb_block_wrapper",
	"sprVersion":	"2.0",
	"mode":	"gui",
	"dsaType":	"Fixed",
	"platformDesc":	"mb_block_wrapper",
	"platHandOff":	"C:/Users/realk/Desktop/ece385/ECE385/lab7_1/mb_block_wrapper.xsa",
	"platIntHandOff":	"<platformDir>/hw/mb_block_wrapper.xsa",
	"deviceType":	"FPGA",
	"platIsPrebuiltAutogen":	"false",
	"platIsNoBootBsp":	"false",
	"hasFsblMakeHasChanges":	"false",
	"hasPmufwMakeHasChanges":	"false",
	"platPreBuiltFlag":	false,
	"platformSamplesDir":	"",
	"platActiveSys":	"mb_block_wrapper",
	"systems":	[{
			"systemName":	"mb_block_wrapper",
			"systemDesc":	"mb_block_wrapper",
			"sysIsBootAutoGen":	"true",
			"systemDispName":	"mb_block_wrapper",
			"sysActiveDom":	"standalone_microblaze_0",
			"sysDefaultDom":	"standalone_microblaze_0",
			"domains":	[{
					"domainName":	"standalone_microblaze_0",
					"domainDispName":	"standalone_microblaze_0",
					"domainDesc":	"standalone_microblaze_0",
					"processors":	"microblaze_0",
					"os":	"standalone",
					"sdxOs":	"standalone",
					"debugEnable":	"False",
					"domRuntimes":	["cpp"],
					"swRepo":	"",
					"mssOsVer":	"8.0",
					"mssFile":	"",
					"md5Digest":	"5422c1e5be4ae93f4de8c50507402f2a",
					"compatibleApp":	"",
					"domType":	"mssDomain",
					"arch":	"32-bit",
					"appSettings":	{
						"appCompilerFlags":	"",
						"appLinkerFlags":	""
					},
					"addedLibs":	[],
					"libOptions":	{
						"libsContainingOptions":	[]
					},
					"prebuiltLibs":	{
						"prebuiltIncPath":	[],
						"prebuiltLibPath":	[]
					},
					"isolation":	{
					}
				}]
		}]
}
KEYINFO::2024-11-07.00:16:50::SCWPlatform::updated the xpfm file.
TRACE::2024-11-07.00:16:51::SCWPlatform::Trying to open the hw design at C:/Users/realk/Desktop/ece385/ECE385/lab7_1/realrealrealreal_sdk/mb_block_wrapper/hw/mb_block_wrapper.xsa
TRACE::2024-11-07.00:16:51::SCWPlatform::DSA given C:/Users/realk/Desktop/ece385/ECE385/lab7_1/realrealrealreal_sdk/mb_block_wrapper/hw/mb_block_wrapper.xsa
TRACE::2024-11-07.00:16:51::SCWPlatform::DSA absoulate path C:/Users/realk/Desktop/ece385/ECE385/lab7_1/realrealrealreal_sdk/mb_block_wrapper/hw/mb_block_wrapper.xsa
TRACE::2024-11-07.00:16:51::SCWPlatform::DSA directory C:/Users/realk/Desktop/ece385/ECE385/lab7_1/realrealrealreal_sdk/mb_block_wrapper/hw
TRACE::2024-11-07.00:16:51::SCWPlatform:: Platform Path C:/Users/realk/Desktop/ece385/ECE385/lab7_1/realrealrealreal_sdk/mb_block_wrapper/hw/mb_block_wrapper.xsa
TRACE::2024-11-07.00:16:51::SCWPlatform:: Unique name xilinx:::0.0
TRACE::2024-11-07.00:16:51::SCWPlatform::Trying to set the existing hwdb with name mb_block_wrapper_14
TRACE::2024-11-07.00:16:51::SCWPlatform::Opened existing hwdb mb_block_wrapper_14
TRACE::2024-11-07.00:16:51::SCWPlatform::Found the Hw Db part of the input DSA
TRACE::2024-11-07.00:16:51::SCWMssOS::Checking the sw design at  C:/Users/realk/Desktop/ece385/ECE385/lab7_1/realrealrealreal_sdk/mb_block_wrapper/microblaze_0/standalone_microblaze_0/bsp/system.mss
TRACE::2024-11-07.00:16:51::SCWMssOS::DEBUG:  swdes dump  C:/Users/realk/Desktop/ece385/ECE385/lab7_1/realrealrealreal_sdk/mb_block_wrapper/microblaze_0/standalone_microblaze_0/bsp/system.mss|system||

TRACE::2024-11-07.00:16:51::SCWMssOS::Sw design exists and opened at  C:/Users/realk/Desktop/ece385/ECE385/lab7_1/realrealrealreal_sdk/mb_block_wrapper/microblaze_0/standalone_microblaze_0/bsp/system.mss
TRACE::2024-11-07.01:15:45::SCWPlatform::Clearing the existing platform
TRACE::2024-11-07.01:15:45::SCWSystem::Clearing the existing sysconfig
TRACE::2024-11-07.01:15:45::SCWMssOS::Removing the swdes entry for  C:/Users/realk/Desktop/ece385/ECE385/lab7_1/realrealrealreal_sdk/mb_block_wrapper/microblaze_0/standalone_microblaze_0/bsp/system.mss
TRACE::2024-11-07.01:15:45::SCWSystem::Clearing the domains completed.
TRACE::2024-11-07.01:15:45::SCWPlatform::Clearing the opened hw db.
TRACE::2024-11-07.01:15:45::SCWPlatform::DSA given C:/Users/realk/Desktop/ece385/ECE385/lab7_1/realrealrealreal_sdk/mb_block_wrapper/hw/mb_block_wrapper.xsa
TRACE::2024-11-07.01:15:45::SCWPlatform::DSA absoulate path C:/Users/realk/Desktop/ece385/ECE385/lab7_1/realrealrealreal_sdk/mb_block_wrapper/hw/mb_block_wrapper.xsa
TRACE::2024-11-07.01:15:45::SCWPlatform:: Platform location is C:/Users/realk/Desktop/ece385/ECE385/lab7_1/realrealrealreal_sdk/mb_block_wrapper/hw
TRACE::2024-11-07.01:15:45::SCWPlatform:: Platform Path C:/Users/realk/Desktop/ece385/ECE385/lab7_1/realrealrealreal_sdk/mb_block_wrapper/hw/mb_block_wrapper.xsa
TRACE::2024-11-07.01:15:45::SCWPlatform:: Unique name xilinx:::0.0
TRACE::2024-11-07.01:15:45::SCWPlatform::Removing the HwDB with name C:/Users/realk/Desktop/ece385/ECE385/lab7_1/realrealrealreal_sdk/mb_block_wrapper/hw/mb_block_wrapper.xsa
TRACE::2024-11-07.01:15:45::SCWPlatform::Trying to open the hw design at C:/Users/realk/Desktop/ece385/ECE385/lab7_1/realrealrealreal_sdk/mb_block_wrapper/hw/mb_block_wrapper.xsa
TRACE::2024-11-07.01:15:45::SCWPlatform::DSA given C:/Users/realk/Desktop/ece385/ECE385/lab7_1/realrealrealreal_sdk/mb_block_wrapper/hw/mb_block_wrapper.xsa
TRACE::2024-11-07.01:15:45::SCWPlatform::DSA absoulate path C:/Users/realk/Desktop/ece385/ECE385/lab7_1/realrealrealreal_sdk/mb_block_wrapper/hw/mb_block_wrapper.xsa
TRACE::2024-11-07.01:15:45::SCWPlatform::DSA directory C:/Users/realk/Desktop/ece385/ECE385/lab7_1/realrealrealreal_sdk/mb_block_wrapper/hw
TRACE::2024-11-07.01:15:45::SCWPlatform:: Platform Path C:/Users/realk/Desktop/ece385/ECE385/lab7_1/realrealrealreal_sdk/mb_block_wrapper/hw/mb_block_wrapper.xsa
TRACE::2024-11-07.01:15:45::SCWPlatform:: Unique name xilinx:::0.0
TRACE::2024-11-07.01:15:45::SCWPlatform::Do not have an existing db opened. 
TRACE::2024-11-07.01:15:45::SCWPlatform::Opened new HwDB with name mb_block_wrapper_16
TRACE::2024-11-07.01:15:45::SCWReader::Active system found as  mb_block_wrapper
TRACE::2024-11-07.01:15:45::SCWReader::Handling sysconfig mb_block_wrapper
TRACE::2024-11-07.01:15:45::SCWDomain::checking for install qemu data   : 
TRACE::2024-11-07.01:15:45::SCWPlatform::Trying to open the hw design at C:/Users/realk/Desktop/ece385/ECE385/lab7_1/realrealrealreal_sdk/mb_block_wrapper/hw/mb_block_wrapper.xsa
TRACE::2024-11-07.01:15:45::SCWPlatform::DSA given C:/Users/realk/Desktop/ece385/ECE385/lab7_1/realrealrealreal_sdk/mb_block_wrapper/hw/mb_block_wrapper.xsa
TRACE::2024-11-07.01:15:45::SCWPlatform::DSA absoulate path C:/Users/realk/Desktop/ece385/ECE385/lab7_1/realrealrealreal_sdk/mb_block_wrapper/hw/mb_block_wrapper.xsa
TRACE::2024-11-07.01:15:45::SCWPlatform::DSA directory C:/Users/realk/Desktop/ece385/ECE385/lab7_1/realrealrealreal_sdk/mb_block_wrapper/hw
TRACE::2024-11-07.01:15:45::SCWPlatform:: Platform Path C:/Users/realk/Desktop/ece385/ECE385/lab7_1/realrealrealreal_sdk/mb_block_wrapper/hw/mb_block_wrapper.xsa
TRACE::2024-11-07.01:15:45::SCWPlatform:: Unique name xilinx:::0.0
TRACE::2024-11-07.01:15:45::SCWPlatform::Trying to set the existing hwdb with name mb_block_wrapper_16
TRACE::2024-11-07.01:15:45::SCWPlatform::Opened existing hwdb mb_block_wrapper_16
TRACE::2024-11-07.01:15:45::SCWPlatform::Found the Hw Db part of the input DSA
TRACE::2024-11-07.01:15:45::SCWPlatform::Trying to open the hw design at C:/Users/realk/Desktop/ece385/ECE385/lab7_1/realrealrealreal_sdk/mb_block_wrapper/hw/mb_block_wrapper.xsa
TRACE::2024-11-07.01:15:45::SCWPlatform::DSA given C:/Users/realk/Desktop/ece385/ECE385/lab7_1/realrealrealreal_sdk/mb_block_wrapper/hw/mb_block_wrapper.xsa
TRACE::2024-11-07.01:15:45::SCWPlatform::DSA absoulate path C:/Users/realk/Desktop/ece385/ECE385/lab7_1/realrealrealreal_sdk/mb_block_wrapper/hw/mb_block_wrapper.xsa
TRACE::2024-11-07.01:15:45::SCWPlatform::DSA directory C:/Users/realk/Desktop/ece385/ECE385/lab7_1/realrealrealreal_sdk/mb_block_wrapper/hw
TRACE::2024-11-07.01:15:45::SCWPlatform:: Platform Path C:/Users/realk/Desktop/ece385/ECE385/lab7_1/realrealrealreal_sdk/mb_block_wrapper/hw/mb_block_wrapper.xsa
TRACE::2024-11-07.01:15:45::SCWPlatform:: Unique name xilinx:::0.0
TRACE::2024-11-07.01:15:45::SCWPlatform::Trying to set the existing hwdb with name mb_block_wrapper_16
TRACE::2024-11-07.01:15:45::SCWPlatform::Opened existing hwdb mb_block_wrapper_16
TRACE::2024-11-07.01:15:45::SCWPlatform::Found the Hw Db part of the input DSA
TRACE::2024-11-07.01:15:45::SCWPlatform::Trying to open the hw design at C:/Users/realk/Desktop/ece385/ECE385/lab7_1/realrealrealreal_sdk/mb_block_wrapper/hw/mb_block_wrapper.xsa
TRACE::2024-11-07.01:15:45::SCWPlatform::DSA given C:/Users/realk/Desktop/ece385/ECE385/lab7_1/realrealrealreal_sdk/mb_block_wrapper/hw/mb_block_wrapper.xsa
TRACE::2024-11-07.01:15:45::SCWPlatform::DSA absoulate path C:/Users/realk/Desktop/ece385/ECE385/lab7_1/realrealrealreal_sdk/mb_block_wrapper/hw/mb_block_wrapper.xsa
TRACE::2024-11-07.01:15:45::SCWPlatform::DSA directory C:/Users/realk/Desktop/ece385/ECE385/lab7_1/realrealrealreal_sdk/mb_block_wrapper/hw
TRACE::2024-11-07.01:15:45::SCWPlatform:: Platform Path C:/Users/realk/Desktop/ece385/ECE385/lab7_1/realrealrealreal_sdk/mb_block_wrapper/hw/mb_block_wrapper.xsa
TRACE::2024-11-07.01:15:45::SCWPlatform:: Unique name xilinx:::0.0
TRACE::2024-11-07.01:15:45::SCWPlatform::Trying to set the existing hwdb with name mb_block_wrapper_16
TRACE::2024-11-07.01:15:45::SCWPlatform::Opened existing hwdb mb_block_wrapper_16
TRACE::2024-11-07.01:15:45::SCWPlatform::Found the Hw Db part of the input DSA
TRACE::2024-11-07.01:15:45::SCWPlatform::Trying to open the hw design at C:/Users/realk/Desktop/ece385/ECE385/lab7_1/realrealrealreal_sdk/mb_block_wrapper/hw/mb_block_wrapper.xsa
TRACE::2024-11-07.01:15:45::SCWPlatform::DSA given C:/Users/realk/Desktop/ece385/ECE385/lab7_1/realrealrealreal_sdk/mb_block_wrapper/hw/mb_block_wrapper.xsa
TRACE::2024-11-07.01:15:45::SCWPlatform::DSA absoulate path C:/Users/realk/Desktop/ece385/ECE385/lab7_1/realrealrealreal_sdk/mb_block_wrapper/hw/mb_block_wrapper.xsa
TRACE::2024-11-07.01:15:45::SCWPlatform::DSA directory C:/Users/realk/Desktop/ece385/ECE385/lab7_1/realrealrealreal_sdk/mb_block_wrapper/hw
TRACE::2024-11-07.01:15:45::SCWPlatform:: Platform Path C:/Users/realk/Desktop/ece385/ECE385/lab7_1/realrealrealreal_sdk/mb_block_wrapper/hw/mb_block_wrapper.xsa
TRACE::2024-11-07.01:15:45::SCWPlatform:: Unique name xilinx:::0.0
TRACE::2024-11-07.01:15:45::SCWPlatform::Trying to set the existing hwdb with name mb_block_wrapper_16
TRACE::2024-11-07.01:15:45::SCWPlatform::Opened existing hwdb mb_block_wrapper_16
TRACE::2024-11-07.01:15:45::SCWPlatform::Found the Hw Db part of the input DSA
TRACE::2024-11-07.01:15:45::SCWMssOS::Checking the sw design at  C:/Users/realk/Desktop/ece385/ECE385/lab7_1/realrealrealreal_sdk/mb_block_wrapper/microblaze_0/standalone_microblaze_0/bsp/system.mss
TRACE::2024-11-07.01:15:45::SCWMssOS::DEBUG:  swdes dump  
TRACE::2024-11-07.01:15:45::SCWMssOS::No sw design opened at  C:/Users/realk/Desktop/ece385/ECE385/lab7_1/realrealrealreal_sdk/mb_block_wrapper/microblaze_0/standalone_microblaze_0/bsp/system.mss
TRACE::2024-11-07.01:15:45::SCWMssOS::mss exists loading the mss file  C:/Users/realk/Desktop/ece385/ECE385/lab7_1/realrealrealreal_sdk/mb_block_wrapper/microblaze_0/standalone_microblaze_0/bsp/system.mss
TRACE::2024-11-07.01:15:45::SCWMssOS::Opened the sw design from mss  C:/Users/realk/Desktop/ece385/ECE385/lab7_1/realrealrealreal_sdk/mb_block_wrapper/microblaze_0/standalone_microblaze_0/bsp/system.mss
TRACE::2024-11-07.01:15:45::SCWMssOS::Adding the swdes entry C:/Users/realk/Desktop/ece385/ECE385/lab7_1/realrealrealreal_sdk/mb_block_wrapper/microblaze_0/standalone_microblaze_0/bsp/system.mss with des name system
TRACE::2024-11-07.01:15:45::SCWMssOS::updating the scw layer about changes
TRACE::2024-11-07.01:15:45::SCWMssOS::Opened the sw design.  C:/Users/realk/Desktop/ece385/ECE385/lab7_1/realrealrealreal_sdk/mb_block_wrapper/microblaze_0/standalone_microblaze_0/bsp/system.mss
TRACE::2024-11-07.01:15:45::SCWMssOS::Saving the mss changes C:/Users/realk/Desktop/ece385/ECE385/lab7_1/realrealrealreal_sdk/mb_block_wrapper/microblaze_0/standalone_microblaze_0/bsp/system.mss
TRACE::2024-11-07.01:15:45::SCWMssOS::Found a swdesign opened with the mssfile.
TRACE::2024-11-07.01:15:45::SCWMssOS::Completed writemss as part of save.
TRACE::2024-11-07.01:15:45::SCWMssOS::Commit changes completed.
TRACE::2024-11-07.01:15:45::SCWReader::Adding prebuilt librarypaths as   
TRACE::2024-11-07.01:15:45::SCWReader::Adding prebuilt incpaths  as   
TRACE::2024-11-07.01:15:45::SCWPlatform::Trying to open the hw design at C:/Users/realk/Desktop/ece385/ECE385/lab7_1/realrealrealreal_sdk/mb_block_wrapper/hw/mb_block_wrapper.xsa
TRACE::2024-11-07.01:15:45::SCWPlatform::DSA given C:/Users/realk/Desktop/ece385/ECE385/lab7_1/realrealrealreal_sdk/mb_block_wrapper/hw/mb_block_wrapper.xsa
TRACE::2024-11-07.01:15:45::SCWPlatform::DSA absoulate path C:/Users/realk/Desktop/ece385/ECE385/lab7_1/realrealrealreal_sdk/mb_block_wrapper/hw/mb_block_wrapper.xsa
TRACE::2024-11-07.01:15:45::SCWPlatform::DSA directory C:/Users/realk/Desktop/ece385/ECE385/lab7_1/realrealrealreal_sdk/mb_block_wrapper/hw
TRACE::2024-11-07.01:15:45::SCWPlatform:: Platform Path C:/Users/realk/Desktop/ece385/ECE385/lab7_1/realrealrealreal_sdk/mb_block_wrapper/hw/mb_block_wrapper.xsa
TRACE::2024-11-07.01:15:45::SCWPlatform:: Unique name xilinx:::0.0
TRACE::2024-11-07.01:15:45::SCWPlatform::Trying to set the existing hwdb with name mb_block_wrapper_16
TRACE::2024-11-07.01:15:45::SCWPlatform::Opened existing hwdb mb_block_wrapper_16
TRACE::2024-11-07.01:15:45::SCWPlatform::Found the Hw Db part of the input DSA
TRACE::2024-11-07.01:15:45::SCWMssOS::Checking the sw design at  C:/Users/realk/Desktop/ece385/ECE385/lab7_1/realrealrealreal_sdk/mb_block_wrapper/microblaze_0/standalone_microblaze_0/bsp/system.mss
TRACE::2024-11-07.01:15:45::SCWMssOS::DEBUG:  swdes dump  C:/Users/realk/Desktop/ece385/ECE385/lab7_1/realrealrealreal_sdk/mb_block_wrapper/microblaze_0/standalone_microblaze_0/bsp/system.mss|system||

TRACE::2024-11-07.01:15:45::SCWMssOS::Sw design exists and opened at  C:/Users/realk/Desktop/ece385/ECE385/lab7_1/realrealrealreal_sdk/mb_block_wrapper/microblaze_0/standalone_microblaze_0/bsp/system.mss
TRACE::2024-11-07.01:15:45::SCWReader::No isolation master present  
TRACE::2024-11-07.01:15:48::SCWPlatform::DSA given C:/Users/realk/Desktop/ece385/ECE385/lab7_1/realrealrealreal_sdk/mb_block_wrapper/tempdsa/mb_block_wrapper.xsa
TRACE::2024-11-07.01:15:48::SCWPlatform::DSA absoulate path C:/Users/realk/Desktop/ece385/ECE385/lab7_1/realrealrealreal_sdk/mb_block_wrapper/tempdsa/mb_block_wrapper.xsa
TRACE::2024-11-07.01:15:48::SCWPlatform:: Platform location is C:/Users/realk/Desktop/ece385/ECE385/lab7_1/realrealrealreal_sdk/mb_block_wrapper/tempdsa
TRACE::2024-11-07.01:15:48::SCWPlatform:: Platform Path C:/Users/realk/Desktop/ece385/ECE385/lab7_1/realrealrealreal_sdk/mb_block_wrapper/tempdsa/mb_block_wrapper.xsa
TRACE::2024-11-07.01:15:48::SCWPlatform:: Unique name xilinx:::0.0
TRACE::2024-11-07.01:15:48::SCWPlatform::Found the Hw Db part of the input DSA
TRACE::2024-11-07.01:15:48::SCWMssOS::Doing hw sync for the mss in domain: standalone_microblaze_0
TRACE::2024-11-07.01:15:48::SCWPlatform::Trying to open the hw design at C:/Users/realk/Desktop/ece385/ECE385/lab7_1/realrealrealreal_sdk/mb_block_wrapper/hw/mb_block_wrapper.xsa
TRACE::2024-11-07.01:15:48::SCWPlatform::DSA given C:/Users/realk/Desktop/ece385/ECE385/lab7_1/realrealrealreal_sdk/mb_block_wrapper/hw/mb_block_wrapper.xsa
TRACE::2024-11-07.01:15:48::SCWPlatform::DSA absoulate path C:/Users/realk/Desktop/ece385/ECE385/lab7_1/realrealrealreal_sdk/mb_block_wrapper/hw/mb_block_wrapper.xsa
TRACE::2024-11-07.01:15:48::SCWPlatform::DSA directory C:/Users/realk/Desktop/ece385/ECE385/lab7_1/realrealrealreal_sdk/mb_block_wrapper/hw
TRACE::2024-11-07.01:15:48::SCWPlatform:: Platform Path C:/Users/realk/Desktop/ece385/ECE385/lab7_1/realrealrealreal_sdk/mb_block_wrapper/hw/mb_block_wrapper.xsa
TRACE::2024-11-07.01:15:48::SCWPlatform:: Unique name xilinx:::0.0
TRACE::2024-11-07.01:15:48::SCWPlatform::Trying to set the existing hwdb with name mb_block_wrapper_16
TRACE::2024-11-07.01:15:48::SCWPlatform::Opened existing hwdb mb_block_wrapper_16
TRACE::2024-11-07.01:15:48::SCWPlatform::Found the Hw Db part of the input DSA
TRACE::2024-11-07.01:15:48::SCWPlatform::Trying to open the hw design at C:/Users/realk/Desktop/ece385/ECE385/lab7_1/realrealrealreal_sdk/mb_block_wrapper/hw/mb_block_wrapper.xsa
TRACE::2024-11-07.01:15:48::SCWPlatform::DSA given C:/Users/realk/Desktop/ece385/ECE385/lab7_1/realrealrealreal_sdk/mb_block_wrapper/hw/mb_block_wrapper.xsa
TRACE::2024-11-07.01:15:48::SCWPlatform::DSA absoulate path C:/Users/realk/Desktop/ece385/ECE385/lab7_1/realrealrealreal_sdk/mb_block_wrapper/hw/mb_block_wrapper.xsa
TRACE::2024-11-07.01:15:48::SCWPlatform::DSA directory C:/Users/realk/Desktop/ece385/ECE385/lab7_1/realrealrealreal_sdk/mb_block_wrapper/hw
TRACE::2024-11-07.01:15:48::SCWPlatform:: Platform Path C:/Users/realk/Desktop/ece385/ECE385/lab7_1/realrealrealreal_sdk/mb_block_wrapper/hw/mb_block_wrapper.xsa
TRACE::2024-11-07.01:15:48::SCWPlatform:: Unique name xilinx:::0.0
TRACE::2024-11-07.01:15:48::SCWPlatform::Trying to set the existing hwdb with name mb_block_wrapper_16
TRACE::2024-11-07.01:15:48::SCWPlatform::Opened existing hwdb mb_block_wrapper_16
TRACE::2024-11-07.01:15:48::SCWPlatform::Found the Hw Db part of the input DSA
TRACE::2024-11-07.01:15:48::SCWMssOS::Checking the sw design at  C:/Users/realk/Desktop/ece385/ECE385/lab7_1/realrealrealreal_sdk/mb_block_wrapper/microblaze_0/standalone_microblaze_0/bsp/system.mss
TRACE::2024-11-07.01:15:48::SCWMssOS::DEBUG:  swdes dump  C:/Users/realk/Desktop/ece385/ECE385/lab7_1/realrealrealreal_sdk/mb_block_wrapper/microblaze_0/standalone_microblaze_0/bsp/system.mss|system||

TRACE::2024-11-07.01:15:48::SCWMssOS::Sw design exists and opened at  C:/Users/realk/Desktop/ece385/ECE385/lab7_1/realrealrealreal_sdk/mb_block_wrapper/microblaze_0/standalone_microblaze_0/bsp/system.mss
TRACE::2024-11-07.01:15:48::SCWPlatform::Trying to open the hw design at C:/Users/realk/Desktop/ece385/ECE385/lab7_1/realrealrealreal_sdk/mb_block_wrapper/tempdsa/mb_block_wrapper.xsa
TRACE::2024-11-07.01:15:48::SCWPlatform::DSA given C:/Users/realk/Desktop/ece385/ECE385/lab7_1/realrealrealreal_sdk/mb_block_wrapper/tempdsa/mb_block_wrapper.xsa
TRACE::2024-11-07.01:15:48::SCWPlatform::DSA absoulate path C:/Users/realk/Desktop/ece385/ECE385/lab7_1/realrealrealreal_sdk/mb_block_wrapper/tempdsa/mb_block_wrapper.xsa
TRACE::2024-11-07.01:15:48::SCWPlatform::DSA directory C:/Users/realk/Desktop/ece385/ECE385/lab7_1/realrealrealreal_sdk/mb_block_wrapper/tempdsa
TRACE::2024-11-07.01:15:48::SCWPlatform:: Platform Path C:/Users/realk/Desktop/ece385/ECE385/lab7_1/realrealrealreal_sdk/mb_block_wrapper/tempdsa/mb_block_wrapper.xsa
TRACE::2024-11-07.01:15:48::SCWPlatform:: Unique name xilinx:::0.0
TRACE::2024-11-07.01:15:48::SCWPlatform::update - Opened existing hwdb mb_block_wrapper_17
TRACE::2024-11-07.01:15:48::SCWPlatform::Found the Hw Db part of the input DSA
TRACE::2024-11-07.01:15:48::SCWMssOS::Saving the mss changes C:/Users/realk/Desktop/ece385/ECE385/lab7_1/realrealrealreal_sdk/mb_block_wrapper/microblaze_0/standalone_microblaze_0/bsp/system.mss
TRACE::2024-11-07.01:15:48::SCWMssOS::Found a swdesign opened with the mssfile.
TRACE::2024-11-07.01:15:48::SCWMssOS::Completed writemss as part of save.
TRACE::2024-11-07.01:15:48::SCWMssOS::Commit changes completed.
TRACE::2024-11-07.01:15:48::SCWMssOS::Completed hw sync for the mss in domain: standalone_microblaze_0
TRACE::2024-11-07.01:15:48::SCWMssOS::Removing the swdes entry for  C:/Users/realk/Desktop/ece385/ECE385/lab7_1/realrealrealreal_sdk/mb_block_wrapper/microblaze_0/standalone_microblaze_0/bsp/system.mss
TRACE::2024-11-07.01:15:48::SCWPlatform::Trying to open the hw design at C:/Users/realk/Desktop/ece385/ECE385/lab7_1/realrealrealreal_sdk/mb_block_wrapper/hw/mb_block_wrapper.xsa
TRACE::2024-11-07.01:15:48::SCWPlatform::DSA given C:/Users/realk/Desktop/ece385/ECE385/lab7_1/realrealrealreal_sdk/mb_block_wrapper/hw/mb_block_wrapper.xsa
TRACE::2024-11-07.01:15:48::SCWPlatform::DSA absoulate path C:/Users/realk/Desktop/ece385/ECE385/lab7_1/realrealrealreal_sdk/mb_block_wrapper/hw/mb_block_wrapper.xsa
TRACE::2024-11-07.01:15:48::SCWPlatform::DSA directory C:/Users/realk/Desktop/ece385/ECE385/lab7_1/realrealrealreal_sdk/mb_block_wrapper/hw
TRACE::2024-11-07.01:15:48::SCWPlatform:: Platform Path C:/Users/realk/Desktop/ece385/ECE385/lab7_1/realrealrealreal_sdk/mb_block_wrapper/hw/mb_block_wrapper.xsa
TRACE::2024-11-07.01:15:48::SCWPlatform:: Unique name xilinx:::0.0
TRACE::2024-11-07.01:15:48::SCWPlatform::Do not have an existing db opened. 
TRACE::2024-11-07.01:15:48::SCWPlatform::Opened new HwDB with name mb_block_wrapper_18
TRACE::2024-11-07.01:15:48::SCWMssOS::Saving the mss changes C:/Users/realk/Desktop/ece385/ECE385/lab7_1/realrealrealreal_sdk/mb_block_wrapper/microblaze_0/standalone_microblaze_0/bsp/system.mss
TRACE::2024-11-07.01:15:48::SCWMssOS::Adding the swdes entry, mss present, able to open swdb C:/Users/realk/Desktop/ece385/ECE385/lab7_1/realrealrealreal_sdk/mb_block_wrapper/microblaze_0/standalone_microblaze_0/bsp/system.mss with des name system
TRACE::2024-11-07.01:15:48::SCWMssOS::Writing the mss file completed C:/Users/realk/Desktop/ece385/ECE385/lab7_1/realrealrealreal_sdk/mb_block_wrapper/microblaze_0/standalone_microblaze_0/bsp/system.mss
TRACE::2024-11-07.01:15:48::SCWMssOS::Commit changes completed.
TRACE::2024-11-07.01:15:48::SCWPlatform::Trying to open the hw design at C:/Users/realk/Desktop/ece385/ECE385/lab7_1/realrealrealreal_sdk/mb_block_wrapper/hw/mb_block_wrapper.xsa
TRACE::2024-11-07.01:15:48::SCWPlatform::DSA given C:/Users/realk/Desktop/ece385/ECE385/lab7_1/realrealrealreal_sdk/mb_block_wrapper/hw/mb_block_wrapper.xsa
TRACE::2024-11-07.01:15:48::SCWPlatform::DSA absoulate path C:/Users/realk/Desktop/ece385/ECE385/lab7_1/realrealrealreal_sdk/mb_block_wrapper/hw/mb_block_wrapper.xsa
TRACE::2024-11-07.01:15:48::SCWPlatform::DSA directory C:/Users/realk/Desktop/ece385/ECE385/lab7_1/realrealrealreal_sdk/mb_block_wrapper/hw
TRACE::2024-11-07.01:15:48::SCWPlatform:: Platform Path C:/Users/realk/Desktop/ece385/ECE385/lab7_1/realrealrealreal_sdk/mb_block_wrapper/hw/mb_block_wrapper.xsa
TRACE::2024-11-07.01:15:48::SCWPlatform:: Unique name xilinx:::0.0
TRACE::2024-11-07.01:15:48::SCWPlatform::Trying to set the existing hwdb with name mb_block_wrapper_18
TRACE::2024-11-07.01:15:48::SCWPlatform::Opened existing hwdb mb_block_wrapper_18
TRACE::2024-11-07.01:15:48::SCWPlatform::Found the Hw Db part of the input DSA
TRACE::2024-11-07.01:15:48::SCWMssOS::Checking the sw design at  C:/Users/realk/Desktop/ece385/ECE385/lab7_1/realrealrealreal_sdk/mb_block_wrapper/microblaze_0/standalone_microblaze_0/bsp/system.mss
TRACE::2024-11-07.01:15:48::SCWMssOS::DEBUG:  swdes dump  C:/Users/realk/Desktop/ece385/ECE385/lab7_1/realrealrealreal_sdk/mb_block_wrapper/microblaze_0/standalone_microblaze_0/bsp/system.mss|system||

TRACE::2024-11-07.01:15:48::SCWMssOS::Sw design exists and opened at  C:/Users/realk/Desktop/ece385/ECE385/lab7_1/realrealrealreal_sdk/mb_block_wrapper/microblaze_0/standalone_microblaze_0/bsp/system.mss
TRACE::2024-11-07.01:15:48::SCWWriter::formatted JSON is {
	"platformName":	"mb_block_wrapper",
	"sprVersion":	"2.0",
	"mode":	"gui",
	"dsaType":	"Fixed",
	"platformDesc":	"mb_block_wrapper",
	"platHandOff":	"C:/Users/realk/Desktop/ece385/ECE385/lab7_1/mb_block_wrapper.xsa",
	"platIntHandOff":	"<platformDir>/hw/mb_block_wrapper.xsa",
	"deviceType":	"FPGA",
	"platIsPrebuiltAutogen":	"false",
	"platIsNoBootBsp":	"false",
	"hasFsblMakeHasChanges":	"false",
	"hasPmufwMakeHasChanges":	"false",
	"platPreBuiltFlag":	false,
	"platformSamplesDir":	"",
	"platActiveSys":	"mb_block_wrapper",
	"systems":	[{
			"systemName":	"mb_block_wrapper",
			"systemDesc":	"mb_block_wrapper",
			"sysIsBootAutoGen":	"true",
			"systemDispName":	"mb_block_wrapper",
			"sysActiveDom":	"standalone_microblaze_0",
			"sysDefaultDom":	"standalone_microblaze_0",
			"domains":	[{
					"domainName":	"standalone_microblaze_0",
					"domainDispName":	"standalone_microblaze_0",
					"domainDesc":	"standalone_microblaze_0",
					"processors":	"microblaze_0",
					"os":	"standalone",
					"sdxOs":	"standalone",
					"debugEnable":	"False",
					"domRuntimes":	["cpp"],
					"swRepo":	"",
					"mssOsVer":	"8.0",
					"mssFile":	"",
					"md5Digest":	"5422c1e5be4ae93f4de8c50507402f2a1",
					"compatibleApp":	"",
					"domType":	"mssDomain",
					"arch":	"32-bit",
					"appSettings":	{
						"appCompilerFlags":	"",
						"appLinkerFlags":	""
					},
					"addedLibs":	[],
					"libOptions":	{
						"libsContainingOptions":	[]
					},
					"prebuiltLibs":	{
						"prebuiltIncPath":	[],
						"prebuiltLibPath":	[]
					},
					"isolation":	{
					}
				}]
		}]
}
LOG::2024-11-07.01:15:55::SCWPlatform::Started generating the artifacts platform mb_block_wrapper
TRACE::2024-11-07.01:15:55::SCWPlatform::Sanity checking of platform is completed
LOG::2024-11-07.01:15:55::SCWPlatform::Started generating the artifacts for system configuration mb_block_wrapper
LOG::2024-11-07.01:15:55::SCWSystem::Checking the domain standalone_microblaze_0
LOG::2024-11-07.01:15:55::SCWSystem::Not a boot domain 
LOG::2024-11-07.01:15:55::SCWSystem::Started Processing the domain standalone_microblaze_0
TRACE::2024-11-07.01:15:55::SCWDomain::Generating domain artifcats
TRACE::2024-11-07.01:15:55::SCWMssOS::Generating standalone artifcats
TRACE::2024-11-07.01:15:55::SCWMssOS:: Copying the user libraries. 
TRACE::2024-11-07.01:15:55::SCWPlatform::Trying to open the hw design at C:/Users/realk/Desktop/ece385/ECE385/lab7_1/realrealrealreal_sdk/mb_block_wrapper/hw/mb_block_wrapper.xsa
TRACE::2024-11-07.01:15:55::SCWPlatform::DSA given C:/Users/realk/Desktop/ece385/ECE385/lab7_1/realrealrealreal_sdk/mb_block_wrapper/hw/mb_block_wrapper.xsa
TRACE::2024-11-07.01:15:55::SCWPlatform::DSA absoulate path C:/Users/realk/Desktop/ece385/ECE385/lab7_1/realrealrealreal_sdk/mb_block_wrapper/hw/mb_block_wrapper.xsa
TRACE::2024-11-07.01:15:55::SCWPlatform::DSA directory C:/Users/realk/Desktop/ece385/ECE385/lab7_1/realrealrealreal_sdk/mb_block_wrapper/hw
TRACE::2024-11-07.01:15:55::SCWPlatform:: Platform Path C:/Users/realk/Desktop/ece385/ECE385/lab7_1/realrealrealreal_sdk/mb_block_wrapper/hw/mb_block_wrapper.xsa
TRACE::2024-11-07.01:15:55::SCWPlatform:: Unique name xilinx:::0.0
TRACE::2024-11-07.01:15:55::SCWPlatform::Trying to set the existing hwdb with name mb_block_wrapper_18
TRACE::2024-11-07.01:15:55::SCWPlatform::Opened existing hwdb mb_block_wrapper_18
TRACE::2024-11-07.01:15:55::SCWPlatform::Found the Hw Db part of the input DSA
TRACE::2024-11-07.01:15:55::SCWMssOS::Checking the sw design at  C:/Users/realk/Desktop/ece385/ECE385/lab7_1/realrealrealreal_sdk/mb_block_wrapper/microblaze_0/standalone_microblaze_0/bsp/system.mss
TRACE::2024-11-07.01:15:55::SCWMssOS::DEBUG:  swdes dump  C:/Users/realk/Desktop/ece385/ECE385/lab7_1/realrealrealreal_sdk/mb_block_wrapper/microblaze_0/standalone_microblaze_0/bsp/system.mss|system||

TRACE::2024-11-07.01:15:55::SCWMssOS::Sw design exists and opened at  C:/Users/realk/Desktop/ece385/ECE385/lab7_1/realrealrealreal_sdk/mb_block_wrapper/microblaze_0/standalone_microblaze_0/bsp/system.mss
TRACE::2024-11-07.01:15:55::SCWMssOS::Completed writing the mss file at C:/Users/realk/Desktop/ece385/ECE385/lab7_1/realrealrealreal_sdk/mb_block_wrapper/microblaze_0/standalone_microblaze_0/bsp
TRACE::2024-11-07.01:15:55::SCWMssOS::Mss edits present, copying mssfile into export location C:/Users/realk/Desktop/ece385/ECE385/lab7_1/realrealrealreal_sdk/mb_block_wrapper/microblaze_0/standalone_microblaze_0/bsp/system.mss
TRACE::2024-11-07.01:15:56::SCWMssOS::bsp generated is stale removing and regenerating. 
TRACE::2024-11-07.01:15:58::SCWMssOS::doing bsp build ... 
TRACE::2024-11-07.01:15:58::SCWMssOS::System Command Ran  C: & cd  C:/Users/realk/Desktop/ece385/ECE385/lab7_1/realrealrealreal_sdk/mb_block_wrapper/microblaze_0/standalone_microblaze_0/bsp & make 
TRACE::2024-11-07.01:15:59::SCWMssOS::make --no-print-directory seq_libs

TRACE::2024-11-07.01:15:59::SCWMssOS::'Finished building libraries sequentially.'

TRACE::2024-11-07.01:15:59::SCWMssOS::make -j 14 --no-print-directory par_libs

TRACE::2024-11-07.01:15:59::SCWMssOS::"Running Make include in microblaze_0/libsrc/bram_v4_8/src"

TRACE::2024-11-07.01:15:59::SCWMssOS::make -C microblaze_0/libsrc/bram_v4_8/src -s include  "SHELL=CMD" "COMPILER=mb-gcc" "ASSEMBLER=mb-as" "ARCHIVER=mb-ar" "COMPILE
TRACE::2024-11-07.01:15:59::SCWMssOS::R_FLAGS=  -O2 -c -mcpu=v11.0 -mlittle-endian -mno-xl-reorder -mno-xl-soft-mul -mxl-barrel-shift -mxl-pattern-compare" "EXTRA_CO
TRACE::2024-11-07.01:15:59::SCWMssOS::MPILER_FLAGS=-g -ffunction-sections -fdata-sections -Wall -Wextra -fno-tree-loop-distribute-patterns"

TRACE::2024-11-07.01:15:59::SCWMssOS::"Running Make include in microblaze_0/libsrc/cpu_v2_16/src"

TRACE::2024-11-07.01:15:59::SCWMssOS::make -C microblaze_0/libsrc/cpu_v2_16/src -s include  "SHELL=CMD" "COMPILER=mb-gcc" "ASSEMBLER=mb-as" "ARCHIVER=mb-ar" "COMPILE
TRACE::2024-11-07.01:15:59::SCWMssOS::R_FLAGS=  -O2 -c -mcpu=v11.0 -mlittle-endian -mno-xl-reorder -mno-xl-soft-mul -mxl-barrel-shift -mxl-pattern-compare" "EXTRA_CO
TRACE::2024-11-07.01:15:59::SCWMssOS::MPILER_FLAGS=-g -ffunction-sections -fdata-sections -Wall -Wextra -fno-tree-loop-distribute-patterns"

TRACE::2024-11-07.01:15:59::SCWMssOS::"Running Make include in microblaze_0/libsrc/intc_v3_15/src"

TRACE::2024-11-07.01:15:59::SCWMssOS::make -C microblaze_0/libsrc/intc_v3_15/src -s include  "SHELL=CMD" "COMPILER=mb-gcc" "ASSEMBLER=mb-as" "ARCHIVER=mb-ar" "COMPIL
TRACE::2024-11-07.01:15:59::SCWMssOS::ER_FLAGS=  -O2 -c -mcpu=v11.0 -mlittle-endian -mno-xl-reorder -mno-xl-soft-mul -mxl-barrel-shift -mxl-pattern-compare" "EXTRA_C
TRACE::2024-11-07.01:15:59::SCWMssOS::OMPILER_FLAGS=-g -ffunction-sections -fdata-sections -Wall -Wextra -fno-tree-loop-distribute-patterns"

TRACE::2024-11-07.01:15:59::SCWMssOS::"Running Make include in microblaze_0/libsrc/standalone_v8_0/src"

TRACE::2024-11-07.01:15:59::SCWMssOS::make -C microblaze_0/libsrc/standalone_v8_0/src -s include  "SHELL=CMD" "COMPILER=mb-gcc" "ASSEMBLER=mb-as" "ARCHIVER=mb-ar" "C
TRACE::2024-11-07.01:15:59::SCWMssOS::OMPILER_FLAGS=  -O2 -c -mcpu=v11.0 -mlittle-endian -mno-xl-reorder -mno-xl-soft-mul -mxl-barrel-shift -mxl-pattern-compare" "EX
TRACE::2024-11-07.01:15:59::SCWMssOS::TRA_COMPILER_FLAGS=-g -ffunction-sections -fdata-sections -Wall -Wextra -fno-tree-loop-distribute-patterns"

TRACE::2024-11-07.01:15:59::SCWMssOS::"Running Make include in microblaze_0/libsrc/uartlite_v3_7/src"

TRACE::2024-11-07.01:15:59::SCWMssOS::make -C microblaze_0/libsrc/uartlite_v3_7/src -s include  "SHELL=CMD" "COMPILER=mb-gcc" "ASSEMBLER=mb-as" "ARCHIVER=mb-ar" "COM
TRACE::2024-11-07.01:15:59::SCWMssOS::PILER_FLAGS=  -O2 -c -mcpu=v11.0 -mlittle-endian -mno-xl-reorder -mno-xl-soft-mul -mxl-barrel-shift -mxl-pattern-compare" "EXTR
TRACE::2024-11-07.01:15:59::SCWMssOS::A_COMPILER_FLAGS=-g -ffunction-sections -fdata-sections -Wall -Wextra -fno-tree-loop-distribute-patterns"

TRACE::2024-11-07.01:15:59::SCWMssOS::"Running Make libs in microblaze_0/libsrc/bram_v4_8/src"

TRACE::2024-11-07.01:16:00::SCWMssOS::make -C microblaze_0/libsrc/bram_v4_8/src -s libs  "SHELL=CMD" "COMPILER=mb-gcc" "ASSEMBLER=mb-as" "ARCHIVER=mb-ar" "COMPILER_F
TRACE::2024-11-07.01:16:00::SCWMssOS::LAGS=  -O2 -c -mcpu=v11.0 -mlittle-endian -mno-xl-reorder -mno-xl-soft-mul -mxl-barrel-shift -mxl-pattern-compare" "EXTRA_COMPI
TRACE::2024-11-07.01:16:00::SCWMssOS::LER_FLAGS=-g -ffunction-sections -fdata-sections -Wall -Wextra -fno-tree-loop-distribute-patterns"

TRACE::2024-11-07.01:16:00::SCWMssOS::"Running Make libs in microblaze_0/libsrc/cpu_v2_16/src"

TRACE::2024-11-07.01:16:00::SCWMssOS::make -C microblaze_0/libsrc/cpu_v2_16/src -s libs  "SHELL=CMD" "COMPILER=mb-gcc" "ASSEMBLER=mb-as" "ARCHIVER=mb-ar" "COMPILER_F
TRACE::2024-11-07.01:16:00::SCWMssOS::LAGS=  -O2 -c -mcpu=v11.0 -mlittle-endian -mno-xl-reorder -mno-xl-soft-mul -mxl-barrel-shift -mxl-pattern-compare" "EXTRA_COMPI
TRACE::2024-11-07.01:16:00::SCWMssOS::LER_FLAGS=-g -ffunction-sections -fdata-sections -Wall -Wextra -fno-tree-loop-distribute-patterns"

TRACE::2024-11-07.01:16:00::SCWMssOS::"Running Make libs in microblaze_0/libsrc/intc_v3_15/src"

TRACE::2024-11-07.01:16:00::SCWMssOS::make -C microblaze_0/libsrc/intc_v3_15/src -s libs  "SHELL=CMD" "COMPILER=mb-gcc" "ASSEMBLER=mb-as" "ARCHIVER=mb-ar" "COMPILER_
TRACE::2024-11-07.01:16:00::SCWMssOS::FLAGS=  -O2 -c -mcpu=v11.0 -mlittle-endian -mno-xl-reorder -mno-xl-soft-mul -mxl-barrel-shift -mxl-pattern-compare" "EXTRA_COMP
TRACE::2024-11-07.01:16:00::SCWMssOS::ILER_FLAGS=-g -ffunction-sections -fdata-sections -Wall -Wextra -fno-tree-loop-distribute-patterns"

TRACE::2024-11-07.01:16:00::SCWMssOS::"Running Make libs in microblaze_0/libsrc/standalone_v8_0/src"

TRACE::2024-11-07.01:16:00::SCWMssOS::make -C microblaze_0/libsrc/standalone_v8_0/src -s libs  "SHELL=CMD" "COMPILER=mb-gcc" "ASSEMBLER=mb-as" "ARCHIVER=mb-ar" "COMP
TRACE::2024-11-07.01:16:00::SCWMssOS::ILER_FLAGS=  -O2 -c -mcpu=v11.0 -mlittle-endian -mno-xl-reorder -mno-xl-soft-mul -mxl-barrel-shift -mxl-pattern-compare" "EXTRA
TRACE::2024-11-07.01:16:00::SCWMssOS::_COMPILER_FLAGS=-g -ffunction-sections -fdata-sections -Wall -Wextra -fno-tree-loop-distribute-patterns"

TRACE::2024-11-07.01:16:00::SCWMssOS::"Running Make libs in microblaze_0/libsrc/uartlite_v3_7/src"

TRACE::2024-11-07.01:16:00::SCWMssOS::make -C microblaze_0/libsrc/uartlite_v3_7/src -s libs  "SHELL=CMD" "COMPILER=mb-gcc" "ASSEMBLER=mb-as" "ARCHIVER=mb-ar" "COMPIL
TRACE::2024-11-07.01:16:00::SCWMssOS::ER_FLAGS=  -O2 -c -mcpu=v11.0 -mlittle-endian -mno-xl-reorder -mno-xl-soft-mul -mxl-barrel-shift -mxl-pattern-compare" "EXTRA_C
TRACE::2024-11-07.01:16:00::SCWMssOS::OMPILER_FLAGS=-g -ffunction-sections -fdata-sections -Wall -Wextra -fno-tree-loop-distribute-patterns"

TRACE::2024-11-07.01:16:03::SCWMssOS::"DEBUG NON_LTO_OBJECTS is ../../../lib/microblaze_interrupt_handler.o"

TRACE::2024-11-07.01:16:04::SCWMssOS::'Finished building libraries parallelly.'

TRACE::2024-11-07.01:16:04::SCWMssOS::make --no-print-directory archive

TRACE::2024-11-07.01:16:04::SCWMssOS::mb-ar -r  microblaze_0/lib/libxil.a microblaze_0/lib/_exit.o microblaze_0/lib/errno.o microblaze_0/lib/fcntl.o microblaze_0/lib
TRACE::2024-11-07.01:16:04::SCWMssOS::/hw_exception_handler.o microblaze_0/lib/inbyte.o microblaze_0/lib/microblaze_disable_dcache.o microblaze_0/lib/microblaze_disa
TRACE::2024-11-07.01:16:04::SCWMssOS::ble_exceptions.o microblaze_0/lib/microblaze_disable_icache.o microblaze_0/lib/microblaze_disable_interrupts.o microblaze_0/lib
TRACE::2024-11-07.01:16:04::SCWMssOS::/microblaze_enable_dcache.o microblaze_0/lib/microblaze_enable_exceptions.o microblaze_0/lib/microblaze_enable_icache.o microbl
TRACE::2024-11-07.01:16:04::SCWMssOS::aze_0/lib/microblaze_enable_interrupts.o microblaze_0/lib/microblaze_exception_handler.o microblaze_0/lib/microblaze_flush_cach
TRACE::2024-11-07.01:16:04::SCWMssOS::e_ext.o microblaze_0/lib/microblaze_flush_cache_ext_range.o microblaze_0/lib/microblaze_flush_dcache.o microblaze_0/lib/microbl
TRACE::2024-11-07.01:16:04::SCWMssOS::aze_flush_dcache_range.o microblaze_0/lib/microblaze_init_dcache_range.o microblaze_0/lib/microblaze_init_icache_range.o microb
TRACE::2024-11-07.01:16:04::SCWMssOS::laze_0/lib/microblaze_interrupt_handler.o microblaze_0/lib/microblaze_interrupts_g.o microblaze_0/lib/microblaze_invalidate_cac
TRACE::2024-11-07.01:16:04::SCWMssOS::he_ext.o microblaze_0/lib/microblaze_invalidate_cache_ext_range.o microblaze_0/lib/microblaze_invalidate_dcache.o microblaze_0/
TRACE::2024-11-07.01:16:04::SCWMssOS::lib/microblaze_invalidate_dcache_range.o microblaze_0/lib/microblaze_invalidate_icache.o microblaze_0/lib/microblaze_invalidate
TRACE::2024-11-07.01:16:04::SCWMssOS::_icache_range.o microblaze_0/lib/microblaze_scrub.o microblaze_0/lib/microblaze_selftest.o microblaze_0/lib/microblaze_sleep.o 
TRACE::2024-11-07.01:16:04::SCWMssOS::microblaze_0/lib/microblaze_update_dcache.o microblaze_0/lib/microblaze_update_icache.o microblaze_0/lib/outbyte.o microblaze_0
TRACE::2024-11-07.01:16:04::SCWMssOS::/lib/print.o microblaze_0/lib/pvr.o microblaze_0/lib/xbram.o microblaze_0/lib/xbram_g.o microblaze_0/lib/xbram_intr.o microblaz
TRACE::2024-11-07.01:16:04::SCWMssOS::e_0/lib/xbram_selftest.o microblaze_0/lib/xbram_sinit.o microblaze_0/lib/xil_assert.o microblaze_0/lib/xil_cache.o microblaze_0
TRACE::2024-11-07.01:16:04::SCWMssOS::/lib/xil_clocking.o microblaze_0/lib/xil_exception.o microblaze_0/lib/xil_mem.o microblaze_0/lib/xil_misc_psreset_api.o microbl
TRACE::2024-11-07.01:16:04::SCWMssOS::aze_0/lib/xil_printf.o microblaze_0/lib/xil_sleepcommon.o microblaze_0/lib/xil_testcache.o microblaze_0/lib/xil_testio.o microb
TRACE::2024-11-07.01:16:04::SCWMssOS::laze_0/lib/xil_testmem.o microblaze_0/lib/xil_util.o microblaze_0/lib/xintc.o microblaze_0/lib/xintc_g.o microblaze_0/lib/xintc
TRACE::2024-11-07.01:16:04::SCWMssOS::_intr.o microblaze_0/lib/xintc_l.o microblaze_0/lib/xintc_options.o microblaze_0/lib/xintc_selftest.o microblaze_0/lib/xinterru
TRACE::2024-11-07.01:16:04::SCWMssOS::pt_wrap.o microblaze_0/lib/xio.o microblaze_0/lib/xplatform_info.o microblaze_0/lib/xuartlite.o microblaze_0/lib/xuartlite_g.o 
TRACE::2024-11-07.01:16:04::SCWMssOS::microblaze_0/lib/xuartlite_intr.o microblaze_0/lib/xuartlite_l.o microblaze_0/lib/xuartlite_selftest.o microblaze_0/lib/xuartli
TRACE::2024-11-07.01:16:04::SCWMssOS::te_sinit.o microblaze_0/lib/xuartlite_stats.o

TRACE::2024-11-07.01:16:04::SCWMssOS::'Finished building libraries'

TRACE::2024-11-07.01:16:05::SCWMssOS:: Checking if to create the Supporting Applications
TRACE::2024-11-07.01:16:05::SCWMssOS:: No Linux domain exists, trying to generate FSBL 
LOG::2024-11-07.01:16:05::SCWSystem::Completed Processing the domain standalone_microblaze_0
LOG::2024-11-07.01:16:05::SCWSystem::Completed Processing the sysconfig mb_block_wrapper
LOG::2024-11-07.01:16:05::SCWPlatform::Completed generating the artifacts for system configuration mb_block_wrapper
TRACE::2024-11-07.01:16:05::SCWPlatform::Started preparing the platform 
TRACE::2024-11-07.01:16:05::SCWSystem::Writing the bif file for system config mb_block_wrapper
TRACE::2024-11-07.01:16:05::SCWSystem::dir created 
TRACE::2024-11-07.01:16:05::SCWSystem::Writing the bif 
TRACE::2024-11-07.01:16:05::SCWPlatform::Started writing the spfm file 
TRACE::2024-11-07.01:16:05::SCWPlatform::Started writing the xpfm file 
TRACE::2024-11-07.01:16:05::SCWPlatform::Completed generating the platform
TRACE::2024-11-07.01:16:05::SCWMssOS::Saving the mss changes C:/Users/realk/Desktop/ece385/ECE385/lab7_1/realrealrealreal_sdk/mb_block_wrapper/microblaze_0/standalone_microblaze_0/bsp/system.mss
TRACE::2024-11-07.01:16:05::SCWMssOS::Adding the swdes entry, mss present, able to open swdb C:/Users/realk/Desktop/ece385/ECE385/lab7_1/realrealrealreal_sdk/mb_block_wrapper/microblaze_0/standalone_microblaze_0/bsp/system.mss with des name system
TRACE::2024-11-07.01:16:05::SCWMssOS::Writing the mss file completed C:/Users/realk/Desktop/ece385/ECE385/lab7_1/realrealrealreal_sdk/mb_block_wrapper/microblaze_0/standalone_microblaze_0/bsp/system.mss
TRACE::2024-11-07.01:16:05::SCWMssOS::Commit changes completed.
TRACE::2024-11-07.01:16:05::SCWPlatform::Trying to open the hw design at C:/Users/realk/Desktop/ece385/ECE385/lab7_1/realrealrealreal_sdk/mb_block_wrapper/hw/mb_block_wrapper.xsa
TRACE::2024-11-07.01:16:05::SCWPlatform::DSA given C:/Users/realk/Desktop/ece385/ECE385/lab7_1/realrealrealreal_sdk/mb_block_wrapper/hw/mb_block_wrapper.xsa
TRACE::2024-11-07.01:16:05::SCWPlatform::DSA absoulate path C:/Users/realk/Desktop/ece385/ECE385/lab7_1/realrealrealreal_sdk/mb_block_wrapper/hw/mb_block_wrapper.xsa
TRACE::2024-11-07.01:16:05::SCWPlatform::DSA directory C:/Users/realk/Desktop/ece385/ECE385/lab7_1/realrealrealreal_sdk/mb_block_wrapper/hw
TRACE::2024-11-07.01:16:05::SCWPlatform:: Platform Path C:/Users/realk/Desktop/ece385/ECE385/lab7_1/realrealrealreal_sdk/mb_block_wrapper/hw/mb_block_wrapper.xsa
TRACE::2024-11-07.01:16:05::SCWPlatform:: Unique name xilinx:::0.0
TRACE::2024-11-07.01:16:05::SCWPlatform::Trying to set the existing hwdb with name mb_block_wrapper_18
TRACE::2024-11-07.01:16:05::SCWPlatform::Opened existing hwdb mb_block_wrapper_18
TRACE::2024-11-07.01:16:05::SCWPlatform::Found the Hw Db part of the input DSA
TRACE::2024-11-07.01:16:05::SCWMssOS::Checking the sw design at  C:/Users/realk/Desktop/ece385/ECE385/lab7_1/realrealrealreal_sdk/mb_block_wrapper/microblaze_0/standalone_microblaze_0/bsp/system.mss
TRACE::2024-11-07.01:16:05::SCWMssOS::DEBUG:  swdes dump  C:/Users/realk/Desktop/ece385/ECE385/lab7_1/realrealrealreal_sdk/mb_block_wrapper/microblaze_0/standalone_microblaze_0/bsp/system.mss|system||

TRACE::2024-11-07.01:16:05::SCWMssOS::Sw design exists and opened at  C:/Users/realk/Desktop/ece385/ECE385/lab7_1/realrealrealreal_sdk/mb_block_wrapper/microblaze_0/standalone_microblaze_0/bsp/system.mss
TRACE::2024-11-07.01:16:05::SCWWriter::formatted JSON is {
	"platformName":	"mb_block_wrapper",
	"sprVersion":	"2.0",
	"mode":	"gui",
	"dsaType":	"Fixed",
	"platformDesc":	"mb_block_wrapper",
	"platHandOff":	"C:/Users/realk/Desktop/ece385/ECE385/lab7_1/mb_block_wrapper.xsa",
	"platIntHandOff":	"<platformDir>/hw/mb_block_wrapper.xsa",
	"deviceType":	"FPGA",
	"platIsPrebuiltAutogen":	"false",
	"platIsNoBootBsp":	"false",
	"hasFsblMakeHasChanges":	"false",
	"hasPmufwMakeHasChanges":	"false",
	"platPreBuiltFlag":	false,
	"platformSamplesDir":	"",
	"platActiveSys":	"mb_block_wrapper",
	"systems":	[{
			"systemName":	"mb_block_wrapper",
			"systemDesc":	"mb_block_wrapper",
			"sysIsBootAutoGen":	"true",
			"systemDispName":	"mb_block_wrapper",
			"sysActiveDom":	"standalone_microblaze_0",
			"sysDefaultDom":	"standalone_microblaze_0",
			"domains":	[{
					"domainName":	"standalone_microblaze_0",
					"domainDispName":	"standalone_microblaze_0",
					"domainDesc":	"standalone_microblaze_0",
					"processors":	"microblaze_0",
					"os":	"standalone",
					"sdxOs":	"standalone",
					"debugEnable":	"False",
					"domRuntimes":	["cpp"],
					"swRepo":	"",
					"mssOsVer":	"8.0",
					"mssFile":	"",
					"md5Digest":	"5422c1e5be4ae93f4de8c50507402f2a",
					"compatibleApp":	"",
					"domType":	"mssDomain",
					"arch":	"32-bit",
					"appSettings":	{
						"appCompilerFlags":	"",
						"appLinkerFlags":	""
					},
					"addedLibs":	[],
					"libOptions":	{
						"libsContainingOptions":	[]
					},
					"prebuiltLibs":	{
						"prebuiltIncPath":	[],
						"prebuiltLibPath":	[]
					},
					"isolation":	{
					}
				}]
		}]
}
KEYINFO::2024-11-07.01:16:05::SCWPlatform::updated the xpfm file.
TRACE::2024-11-07.01:16:06::SCWPlatform::Trying to open the hw design at C:/Users/realk/Desktop/ece385/ECE385/lab7_1/realrealrealreal_sdk/mb_block_wrapper/hw/mb_block_wrapper.xsa
TRACE::2024-11-07.01:16:06::SCWPlatform::DSA given C:/Users/realk/Desktop/ece385/ECE385/lab7_1/realrealrealreal_sdk/mb_block_wrapper/hw/mb_block_wrapper.xsa
TRACE::2024-11-07.01:16:06::SCWPlatform::DSA absoulate path C:/Users/realk/Desktop/ece385/ECE385/lab7_1/realrealrealreal_sdk/mb_block_wrapper/hw/mb_block_wrapper.xsa
TRACE::2024-11-07.01:16:06::SCWPlatform::DSA directory C:/Users/realk/Desktop/ece385/ECE385/lab7_1/realrealrealreal_sdk/mb_block_wrapper/hw
TRACE::2024-11-07.01:16:06::SCWPlatform:: Platform Path C:/Users/realk/Desktop/ece385/ECE385/lab7_1/realrealrealreal_sdk/mb_block_wrapper/hw/mb_block_wrapper.xsa
TRACE::2024-11-07.01:16:06::SCWPlatform:: Unique name xilinx:::0.0
TRACE::2024-11-07.01:16:06::SCWPlatform::Trying to set the existing hwdb with name mb_block_wrapper_18
TRACE::2024-11-07.01:16:06::SCWPlatform::Opened existing hwdb mb_block_wrapper_18
TRACE::2024-11-07.01:16:06::SCWPlatform::Found the Hw Db part of the input DSA
TRACE::2024-11-07.01:16:06::SCWMssOS::Checking the sw design at  C:/Users/realk/Desktop/ece385/ECE385/lab7_1/realrealrealreal_sdk/mb_block_wrapper/microblaze_0/standalone_microblaze_0/bsp/system.mss
TRACE::2024-11-07.01:16:06::SCWMssOS::DEBUG:  swdes dump  C:/Users/realk/Desktop/ece385/ECE385/lab7_1/realrealrealreal_sdk/mb_block_wrapper/microblaze_0/standalone_microblaze_0/bsp/system.mss|system||

TRACE::2024-11-07.01:16:06::SCWMssOS::Sw design exists and opened at  C:/Users/realk/Desktop/ece385/ECE385/lab7_1/realrealrealreal_sdk/mb_block_wrapper/microblaze_0/standalone_microblaze_0/bsp/system.mss
TRACE::2024-11-07.02:58:34::SCWPlatform::Clearing the existing platform
TRACE::2024-11-07.02:58:34::SCWSystem::Clearing the existing sysconfig
TRACE::2024-11-07.02:58:34::SCWMssOS::Removing the swdes entry for  C:/Users/realk/Desktop/ece385/ECE385/lab7_1/realrealrealreal_sdk/mb_block_wrapper/microblaze_0/standalone_microblaze_0/bsp/system.mss
TRACE::2024-11-07.02:58:34::SCWSystem::Clearing the domains completed.
TRACE::2024-11-07.02:58:34::SCWPlatform::Clearing the opened hw db.
TRACE::2024-11-07.02:58:34::SCWPlatform::DSA given C:/Users/realk/Desktop/ece385/ECE385/lab7_1/realrealrealreal_sdk/mb_block_wrapper/hw/mb_block_wrapper.xsa
TRACE::2024-11-07.02:58:34::SCWPlatform::DSA absoulate path C:/Users/realk/Desktop/ece385/ECE385/lab7_1/realrealrealreal_sdk/mb_block_wrapper/hw/mb_block_wrapper.xsa
TRACE::2024-11-07.02:58:34::SCWPlatform:: Platform location is C:/Users/realk/Desktop/ece385/ECE385/lab7_1/realrealrealreal_sdk/mb_block_wrapper/hw
TRACE::2024-11-07.02:58:34::SCWPlatform:: Platform Path C:/Users/realk/Desktop/ece385/ECE385/lab7_1/realrealrealreal_sdk/mb_block_wrapper/hw/mb_block_wrapper.xsa
TRACE::2024-11-07.02:58:34::SCWPlatform:: Unique name xilinx:::0.0
TRACE::2024-11-07.02:58:34::SCWPlatform::Removing the HwDB with name C:/Users/realk/Desktop/ece385/ECE385/lab7_1/realrealrealreal_sdk/mb_block_wrapper/hw/mb_block_wrapper.xsa
TRACE::2024-11-07.02:58:34::SCWPlatform::Trying to open the hw design at C:/Users/realk/Desktop/ece385/ECE385/lab7_1/realrealrealreal_sdk/mb_block_wrapper/hw/mb_block_wrapper.xsa
TRACE::2024-11-07.02:58:34::SCWPlatform::DSA given C:/Users/realk/Desktop/ece385/ECE385/lab7_1/realrealrealreal_sdk/mb_block_wrapper/hw/mb_block_wrapper.xsa
TRACE::2024-11-07.02:58:34::SCWPlatform::DSA absoulate path C:/Users/realk/Desktop/ece385/ECE385/lab7_1/realrealrealreal_sdk/mb_block_wrapper/hw/mb_block_wrapper.xsa
TRACE::2024-11-07.02:58:34::SCWPlatform::DSA directory C:/Users/realk/Desktop/ece385/ECE385/lab7_1/realrealrealreal_sdk/mb_block_wrapper/hw
TRACE::2024-11-07.02:58:34::SCWPlatform:: Platform Path C:/Users/realk/Desktop/ece385/ECE385/lab7_1/realrealrealreal_sdk/mb_block_wrapper/hw/mb_block_wrapper.xsa
TRACE::2024-11-07.02:58:34::SCWPlatform:: Unique name xilinx:::0.0
TRACE::2024-11-07.02:58:34::SCWPlatform::Do not have an existing db opened. 
TRACE::2024-11-07.02:58:34::SCWPlatform::Opened new HwDB with name mb_block_wrapper_20
TRACE::2024-11-07.02:58:34::SCWReader::Active system found as  mb_block_wrapper
TRACE::2024-11-07.02:58:34::SCWReader::Handling sysconfig mb_block_wrapper
TRACE::2024-11-07.02:58:34::SCWDomain::checking for install qemu data   : 
TRACE::2024-11-07.02:58:34::SCWPlatform::Trying to open the hw design at C:/Users/realk/Desktop/ece385/ECE385/lab7_1/realrealrealreal_sdk/mb_block_wrapper/hw/mb_block_wrapper.xsa
TRACE::2024-11-07.02:58:34::SCWPlatform::DSA given C:/Users/realk/Desktop/ece385/ECE385/lab7_1/realrealrealreal_sdk/mb_block_wrapper/hw/mb_block_wrapper.xsa
TRACE::2024-11-07.02:58:34::SCWPlatform::DSA absoulate path C:/Users/realk/Desktop/ece385/ECE385/lab7_1/realrealrealreal_sdk/mb_block_wrapper/hw/mb_block_wrapper.xsa
TRACE::2024-11-07.02:58:34::SCWPlatform::DSA directory C:/Users/realk/Desktop/ece385/ECE385/lab7_1/realrealrealreal_sdk/mb_block_wrapper/hw
TRACE::2024-11-07.02:58:34::SCWPlatform:: Platform Path C:/Users/realk/Desktop/ece385/ECE385/lab7_1/realrealrealreal_sdk/mb_block_wrapper/hw/mb_block_wrapper.xsa
TRACE::2024-11-07.02:58:34::SCWPlatform:: Unique name xilinx:::0.0
TRACE::2024-11-07.02:58:34::SCWPlatform::Trying to set the existing hwdb with name mb_block_wrapper_20
TRACE::2024-11-07.02:58:34::SCWPlatform::Opened existing hwdb mb_block_wrapper_20
TRACE::2024-11-07.02:58:34::SCWPlatform::Found the Hw Db part of the input DSA
TRACE::2024-11-07.02:58:34::SCWPlatform::Trying to open the hw design at C:/Users/realk/Desktop/ece385/ECE385/lab7_1/realrealrealreal_sdk/mb_block_wrapper/hw/mb_block_wrapper.xsa
TRACE::2024-11-07.02:58:34::SCWPlatform::DSA given C:/Users/realk/Desktop/ece385/ECE385/lab7_1/realrealrealreal_sdk/mb_block_wrapper/hw/mb_block_wrapper.xsa
TRACE::2024-11-07.02:58:34::SCWPlatform::DSA absoulate path C:/Users/realk/Desktop/ece385/ECE385/lab7_1/realrealrealreal_sdk/mb_block_wrapper/hw/mb_block_wrapper.xsa
TRACE::2024-11-07.02:58:34::SCWPlatform::DSA directory C:/Users/realk/Desktop/ece385/ECE385/lab7_1/realrealrealreal_sdk/mb_block_wrapper/hw
TRACE::2024-11-07.02:58:34::SCWPlatform:: Platform Path C:/Users/realk/Desktop/ece385/ECE385/lab7_1/realrealrealreal_sdk/mb_block_wrapper/hw/mb_block_wrapper.xsa
TRACE::2024-11-07.02:58:34::SCWPlatform:: Unique name xilinx:::0.0
TRACE::2024-11-07.02:58:34::SCWPlatform::Trying to set the existing hwdb with name mb_block_wrapper_20
TRACE::2024-11-07.02:58:34::SCWPlatform::Opened existing hwdb mb_block_wrapper_20
TRACE::2024-11-07.02:58:34::SCWPlatform::Found the Hw Db part of the input DSA
TRACE::2024-11-07.02:58:34::SCWPlatform::Trying to open the hw design at C:/Users/realk/Desktop/ece385/ECE385/lab7_1/realrealrealreal_sdk/mb_block_wrapper/hw/mb_block_wrapper.xsa
TRACE::2024-11-07.02:58:34::SCWPlatform::DSA given C:/Users/realk/Desktop/ece385/ECE385/lab7_1/realrealrealreal_sdk/mb_block_wrapper/hw/mb_block_wrapper.xsa
TRACE::2024-11-07.02:58:34::SCWPlatform::DSA absoulate path C:/Users/realk/Desktop/ece385/ECE385/lab7_1/realrealrealreal_sdk/mb_block_wrapper/hw/mb_block_wrapper.xsa
TRACE::2024-11-07.02:58:34::SCWPlatform::DSA directory C:/Users/realk/Desktop/ece385/ECE385/lab7_1/realrealrealreal_sdk/mb_block_wrapper/hw
TRACE::2024-11-07.02:58:34::SCWPlatform:: Platform Path C:/Users/realk/Desktop/ece385/ECE385/lab7_1/realrealrealreal_sdk/mb_block_wrapper/hw/mb_block_wrapper.xsa
TRACE::2024-11-07.02:58:34::SCWPlatform:: Unique name xilinx:::0.0
TRACE::2024-11-07.02:58:34::SCWPlatform::Trying to set the existing hwdb with name mb_block_wrapper_20
TRACE::2024-11-07.02:58:34::SCWPlatform::Opened existing hwdb mb_block_wrapper_20
TRACE::2024-11-07.02:58:34::SCWPlatform::Found the Hw Db part of the input DSA
TRACE::2024-11-07.02:58:34::SCWPlatform::Trying to open the hw design at C:/Users/realk/Desktop/ece385/ECE385/lab7_1/realrealrealreal_sdk/mb_block_wrapper/hw/mb_block_wrapper.xsa
TRACE::2024-11-07.02:58:34::SCWPlatform::DSA given C:/Users/realk/Desktop/ece385/ECE385/lab7_1/realrealrealreal_sdk/mb_block_wrapper/hw/mb_block_wrapper.xsa
TRACE::2024-11-07.02:58:34::SCWPlatform::DSA absoulate path C:/Users/realk/Desktop/ece385/ECE385/lab7_1/realrealrealreal_sdk/mb_block_wrapper/hw/mb_block_wrapper.xsa
TRACE::2024-11-07.02:58:34::SCWPlatform::DSA directory C:/Users/realk/Desktop/ece385/ECE385/lab7_1/realrealrealreal_sdk/mb_block_wrapper/hw
TRACE::2024-11-07.02:58:34::SCWPlatform:: Platform Path C:/Users/realk/Desktop/ece385/ECE385/lab7_1/realrealrealreal_sdk/mb_block_wrapper/hw/mb_block_wrapper.xsa
TRACE::2024-11-07.02:58:34::SCWPlatform:: Unique name xilinx:::0.0
TRACE::2024-11-07.02:58:34::SCWPlatform::Trying to set the existing hwdb with name mb_block_wrapper_20
TRACE::2024-11-07.02:58:34::SCWPlatform::Opened existing hwdb mb_block_wrapper_20
TRACE::2024-11-07.02:58:34::SCWPlatform::Found the Hw Db part of the input DSA
TRACE::2024-11-07.02:58:34::SCWMssOS::Checking the sw design at  C:/Users/realk/Desktop/ece385/ECE385/lab7_1/realrealrealreal_sdk/mb_block_wrapper/microblaze_0/standalone_microblaze_0/bsp/system.mss
TRACE::2024-11-07.02:58:34::SCWMssOS::DEBUG:  swdes dump  
TRACE::2024-11-07.02:58:34::SCWMssOS::No sw design opened at  C:/Users/realk/Desktop/ece385/ECE385/lab7_1/realrealrealreal_sdk/mb_block_wrapper/microblaze_0/standalone_microblaze_0/bsp/system.mss
TRACE::2024-11-07.02:58:34::SCWMssOS::mss exists loading the mss file  C:/Users/realk/Desktop/ece385/ECE385/lab7_1/realrealrealreal_sdk/mb_block_wrapper/microblaze_0/standalone_microblaze_0/bsp/system.mss
TRACE::2024-11-07.02:58:34::SCWMssOS::Opened the sw design from mss  C:/Users/realk/Desktop/ece385/ECE385/lab7_1/realrealrealreal_sdk/mb_block_wrapper/microblaze_0/standalone_microblaze_0/bsp/system.mss
TRACE::2024-11-07.02:58:34::SCWMssOS::Adding the swdes entry C:/Users/realk/Desktop/ece385/ECE385/lab7_1/realrealrealreal_sdk/mb_block_wrapper/microblaze_0/standalone_microblaze_0/bsp/system.mss with des name system
TRACE::2024-11-07.02:58:34::SCWMssOS::updating the scw layer about changes
TRACE::2024-11-07.02:58:34::SCWMssOS::Opened the sw design.  C:/Users/realk/Desktop/ece385/ECE385/lab7_1/realrealrealreal_sdk/mb_block_wrapper/microblaze_0/standalone_microblaze_0/bsp/system.mss
TRACE::2024-11-07.02:58:34::SCWMssOS::Saving the mss changes C:/Users/realk/Desktop/ece385/ECE385/lab7_1/realrealrealreal_sdk/mb_block_wrapper/microblaze_0/standalone_microblaze_0/bsp/system.mss
TRACE::2024-11-07.02:58:34::SCWMssOS::Found a swdesign opened with the mssfile.
TRACE::2024-11-07.02:58:34::SCWMssOS::Completed writemss as part of save.
TRACE::2024-11-07.02:58:34::SCWMssOS::Commit changes completed.
TRACE::2024-11-07.02:58:34::SCWReader::Adding prebuilt librarypaths as   
TRACE::2024-11-07.02:58:34::SCWReader::Adding prebuilt incpaths  as   
TRACE::2024-11-07.02:58:34::SCWPlatform::Trying to open the hw design at C:/Users/realk/Desktop/ece385/ECE385/lab7_1/realrealrealreal_sdk/mb_block_wrapper/hw/mb_block_wrapper.xsa
TRACE::2024-11-07.02:58:34::SCWPlatform::DSA given C:/Users/realk/Desktop/ece385/ECE385/lab7_1/realrealrealreal_sdk/mb_block_wrapper/hw/mb_block_wrapper.xsa
TRACE::2024-11-07.02:58:34::SCWPlatform::DSA absoulate path C:/Users/realk/Desktop/ece385/ECE385/lab7_1/realrealrealreal_sdk/mb_block_wrapper/hw/mb_block_wrapper.xsa
TRACE::2024-11-07.02:58:34::SCWPlatform::DSA directory C:/Users/realk/Desktop/ece385/ECE385/lab7_1/realrealrealreal_sdk/mb_block_wrapper/hw
TRACE::2024-11-07.02:58:34::SCWPlatform:: Platform Path C:/Users/realk/Desktop/ece385/ECE385/lab7_1/realrealrealreal_sdk/mb_block_wrapper/hw/mb_block_wrapper.xsa
TRACE::2024-11-07.02:58:34::SCWPlatform:: Unique name xilinx:::0.0
TRACE::2024-11-07.02:58:34::SCWPlatform::Trying to set the existing hwdb with name mb_block_wrapper_20
TRACE::2024-11-07.02:58:34::SCWPlatform::Opened existing hwdb mb_block_wrapper_20
TRACE::2024-11-07.02:58:34::SCWPlatform::Found the Hw Db part of the input DSA
TRACE::2024-11-07.02:58:34::SCWMssOS::Checking the sw design at  C:/Users/realk/Desktop/ece385/ECE385/lab7_1/realrealrealreal_sdk/mb_block_wrapper/microblaze_0/standalone_microblaze_0/bsp/system.mss
TRACE::2024-11-07.02:58:34::SCWMssOS::DEBUG:  swdes dump  C:/Users/realk/Desktop/ece385/ECE385/lab7_1/realrealrealreal_sdk/mb_block_wrapper/microblaze_0/standalone_microblaze_0/bsp/system.mss|system||

TRACE::2024-11-07.02:58:34::SCWMssOS::Sw design exists and opened at  C:/Users/realk/Desktop/ece385/ECE385/lab7_1/realrealrealreal_sdk/mb_block_wrapper/microblaze_0/standalone_microblaze_0/bsp/system.mss
TRACE::2024-11-07.02:58:34::SCWReader::No isolation master present  
TRACE::2024-11-07.02:58:46::SCWPlatform::DSA given C:/Users/realk/Desktop/ece385/ECE385/lab7_1/realrealrealreal_sdk/mb_block_wrapper/tempdsa/mb_usb_hdmi_top.xsa
TRACE::2024-11-07.02:58:46::SCWPlatform::DSA absoulate path C:/Users/realk/Desktop/ece385/ECE385/lab7_1/realrealrealreal_sdk/mb_block_wrapper/tempdsa/mb_usb_hdmi_top.xsa
TRACE::2024-11-07.02:58:46::SCWPlatform:: Platform location is C:/Users/realk/Desktop/ece385/ECE385/lab7_1/realrealrealreal_sdk/mb_block_wrapper/tempdsa
TRACE::2024-11-07.02:58:46::SCWPlatform:: Platform Path C:/Users/realk/Desktop/ece385/ECE385/lab7_1/realrealrealreal_sdk/mb_block_wrapper/tempdsa/mb_usb_hdmi_top.xsa
TRACE::2024-11-07.02:58:46::SCWPlatform:: Unique name xilinx:::0.0
TRACE::2024-11-07.02:58:46::SCWPlatform::Found the Hw Db part of the input DSA
TRACE::2024-11-07.02:58:46::SCWMssOS::Doing hw sync for the mss in domain: standalone_microblaze_0
TRACE::2024-11-07.02:58:46::SCWPlatform::Trying to open the hw design at C:/Users/realk/Desktop/ece385/ECE385/lab7_1/realrealrealreal_sdk/mb_block_wrapper/hw/mb_block_wrapper.xsa
TRACE::2024-11-07.02:58:46::SCWPlatform::DSA given C:/Users/realk/Desktop/ece385/ECE385/lab7_1/realrealrealreal_sdk/mb_block_wrapper/hw/mb_block_wrapper.xsa
TRACE::2024-11-07.02:58:46::SCWPlatform::DSA absoulate path C:/Users/realk/Desktop/ece385/ECE385/lab7_1/realrealrealreal_sdk/mb_block_wrapper/hw/mb_block_wrapper.xsa
TRACE::2024-11-07.02:58:46::SCWPlatform::DSA directory C:/Users/realk/Desktop/ece385/ECE385/lab7_1/realrealrealreal_sdk/mb_block_wrapper/hw
TRACE::2024-11-07.02:58:46::SCWPlatform:: Platform Path C:/Users/realk/Desktop/ece385/ECE385/lab7_1/realrealrealreal_sdk/mb_block_wrapper/hw/mb_block_wrapper.xsa
TRACE::2024-11-07.02:58:46::SCWPlatform:: Unique name xilinx:::0.0
TRACE::2024-11-07.02:58:46::SCWPlatform::Trying to set the existing hwdb with name mb_block_wrapper_20
TRACE::2024-11-07.02:58:46::SCWPlatform::Opened existing hwdb mb_block_wrapper_20
TRACE::2024-11-07.02:58:46::SCWPlatform::Found the Hw Db part of the input DSA
TRACE::2024-11-07.02:58:46::SCWPlatform::Trying to open the hw design at C:/Users/realk/Desktop/ece385/ECE385/lab7_1/realrealrealreal_sdk/mb_block_wrapper/hw/mb_block_wrapper.xsa
TRACE::2024-11-07.02:58:46::SCWPlatform::DSA given C:/Users/realk/Desktop/ece385/ECE385/lab7_1/realrealrealreal_sdk/mb_block_wrapper/hw/mb_block_wrapper.xsa
TRACE::2024-11-07.02:58:46::SCWPlatform::DSA absoulate path C:/Users/realk/Desktop/ece385/ECE385/lab7_1/realrealrealreal_sdk/mb_block_wrapper/hw/mb_block_wrapper.xsa
TRACE::2024-11-07.02:58:46::SCWPlatform::DSA directory C:/Users/realk/Desktop/ece385/ECE385/lab7_1/realrealrealreal_sdk/mb_block_wrapper/hw
TRACE::2024-11-07.02:58:46::SCWPlatform:: Platform Path C:/Users/realk/Desktop/ece385/ECE385/lab7_1/realrealrealreal_sdk/mb_block_wrapper/hw/mb_block_wrapper.xsa
TRACE::2024-11-07.02:58:46::SCWPlatform:: Unique name xilinx:::0.0
TRACE::2024-11-07.02:58:46::SCWPlatform::Trying to set the existing hwdb with name mb_block_wrapper_20
TRACE::2024-11-07.02:58:46::SCWPlatform::Opened existing hwdb mb_block_wrapper_20
TRACE::2024-11-07.02:58:46::SCWPlatform::Found the Hw Db part of the input DSA
TRACE::2024-11-07.02:58:46::SCWMssOS::Checking the sw design at  C:/Users/realk/Desktop/ece385/ECE385/lab7_1/realrealrealreal_sdk/mb_block_wrapper/microblaze_0/standalone_microblaze_0/bsp/system.mss
TRACE::2024-11-07.02:58:46::SCWMssOS::DEBUG:  swdes dump  C:/Users/realk/Desktop/ece385/ECE385/lab7_1/realrealrealreal_sdk/mb_block_wrapper/microblaze_0/standalone_microblaze_0/bsp/system.mss|system||

TRACE::2024-11-07.02:58:46::SCWMssOS::Sw design exists and opened at  C:/Users/realk/Desktop/ece385/ECE385/lab7_1/realrealrealreal_sdk/mb_block_wrapper/microblaze_0/standalone_microblaze_0/bsp/system.mss
TRACE::2024-11-07.02:58:46::SCWPlatform::Trying to open the hw design at C:/Users/realk/Desktop/ece385/ECE385/lab7_1/realrealrealreal_sdk/mb_block_wrapper/tempdsa/mb_usb_hdmi_top.xsa
TRACE::2024-11-07.02:58:46::SCWPlatform::DSA given C:/Users/realk/Desktop/ece385/ECE385/lab7_1/realrealrealreal_sdk/mb_block_wrapper/tempdsa/mb_usb_hdmi_top.xsa
TRACE::2024-11-07.02:58:46::SCWPlatform::DSA absoulate path C:/Users/realk/Desktop/ece385/ECE385/lab7_1/realrealrealreal_sdk/mb_block_wrapper/tempdsa/mb_usb_hdmi_top.xsa
TRACE::2024-11-07.02:58:46::SCWPlatform::DSA directory C:/Users/realk/Desktop/ece385/ECE385/lab7_1/realrealrealreal_sdk/mb_block_wrapper/tempdsa
TRACE::2024-11-07.02:58:46::SCWPlatform:: Platform Path C:/Users/realk/Desktop/ece385/ECE385/lab7_1/realrealrealreal_sdk/mb_block_wrapper/tempdsa/mb_usb_hdmi_top.xsa
TRACE::2024-11-07.02:58:46::SCWPlatform:: Unique name xilinx:::0.0
TRACE::2024-11-07.02:58:46::SCWPlatform::update - Opened existing hwdb mb_usb_hdmi_top
TRACE::2024-11-07.02:58:46::SCWPlatform::Found the Hw Db part of the input DSA
TRACE::2024-11-07.02:58:46::SCWMssOS::Saving the mss changes C:/Users/realk/Desktop/ece385/ECE385/lab7_1/realrealrealreal_sdk/mb_block_wrapper/microblaze_0/standalone_microblaze_0/bsp/system.mss
TRACE::2024-11-07.02:58:46::SCWMssOS::Found a swdesign opened with the mssfile.
TRACE::2024-11-07.02:58:46::SCWMssOS::Completed writemss as part of save.
TRACE::2024-11-07.02:58:46::SCWMssOS::Commit changes completed.
TRACE::2024-11-07.02:58:46::SCWMssOS::Completed hw sync for the mss in domain: standalone_microblaze_0
TRACE::2024-11-07.02:58:46::SCWMssOS::Removing the swdes entry for  C:/Users/realk/Desktop/ece385/ECE385/lab7_1/realrealrealreal_sdk/mb_block_wrapper/microblaze_0/standalone_microblaze_0/bsp/system.mss
TRACE::2024-11-07.02:58:46::SCWPlatform::Trying to open the hw design at C:/Users/realk/Desktop/ece385/ECE385/lab7_1/realrealrealreal_sdk/mb_block_wrapper/hw/mb_usb_hdmi_top.xsa
TRACE::2024-11-07.02:58:46::SCWPlatform::DSA given C:/Users/realk/Desktop/ece385/ECE385/lab7_1/realrealrealreal_sdk/mb_block_wrapper/hw/mb_usb_hdmi_top.xsa
TRACE::2024-11-07.02:58:46::SCWPlatform::DSA absoulate path C:/Users/realk/Desktop/ece385/ECE385/lab7_1/realrealrealreal_sdk/mb_block_wrapper/hw/mb_usb_hdmi_top.xsa
TRACE::2024-11-07.02:58:46::SCWPlatform::DSA directory C:/Users/realk/Desktop/ece385/ECE385/lab7_1/realrealrealreal_sdk/mb_block_wrapper/hw
TRACE::2024-11-07.02:58:46::SCWPlatform:: Platform Path C:/Users/realk/Desktop/ece385/ECE385/lab7_1/realrealrealreal_sdk/mb_block_wrapper/hw/mb_usb_hdmi_top.xsa
TRACE::2024-11-07.02:58:46::SCWPlatform:: Unique name xilinx:::0.0
TRACE::2024-11-07.02:58:46::SCWPlatform::Do not have an existing db opened. 
TRACE::2024-11-07.02:58:46::SCWPlatform::Opened new HwDB with name mb_usb_hdmi_top_0
TRACE::2024-11-07.02:58:46::SCWMssOS::Saving the mss changes C:/Users/realk/Desktop/ece385/ECE385/lab7_1/realrealrealreal_sdk/mb_block_wrapper/microblaze_0/standalone_microblaze_0/bsp/system.mss
TRACE::2024-11-07.02:58:46::SCWMssOS::Adding the swdes entry, mss present, able to open swdb C:/Users/realk/Desktop/ece385/ECE385/lab7_1/realrealrealreal_sdk/mb_block_wrapper/microblaze_0/standalone_microblaze_0/bsp/system.mss with des name system
TRACE::2024-11-07.02:58:46::SCWMssOS::Writing the mss file completed C:/Users/realk/Desktop/ece385/ECE385/lab7_1/realrealrealreal_sdk/mb_block_wrapper/microblaze_0/standalone_microblaze_0/bsp/system.mss
TRACE::2024-11-07.02:58:46::SCWMssOS::Commit changes completed.
TRACE::2024-11-07.02:58:46::SCWPlatform::Trying to open the hw design at C:/Users/realk/Desktop/ece385/ECE385/lab7_1/realrealrealreal_sdk/mb_block_wrapper/hw/mb_usb_hdmi_top.xsa
TRACE::2024-11-07.02:58:46::SCWPlatform::DSA given C:/Users/realk/Desktop/ece385/ECE385/lab7_1/realrealrealreal_sdk/mb_block_wrapper/hw/mb_usb_hdmi_top.xsa
TRACE::2024-11-07.02:58:46::SCWPlatform::DSA absoulate path C:/Users/realk/Desktop/ece385/ECE385/lab7_1/realrealrealreal_sdk/mb_block_wrapper/hw/mb_usb_hdmi_top.xsa
TRACE::2024-11-07.02:58:46::SCWPlatform::DSA directory C:/Users/realk/Desktop/ece385/ECE385/lab7_1/realrealrealreal_sdk/mb_block_wrapper/hw
TRACE::2024-11-07.02:58:46::SCWPlatform:: Platform Path C:/Users/realk/Desktop/ece385/ECE385/lab7_1/realrealrealreal_sdk/mb_block_wrapper/hw/mb_usb_hdmi_top.xsa
TRACE::2024-11-07.02:58:46::SCWPlatform:: Unique name xilinx:::0.0
TRACE::2024-11-07.02:58:46::SCWPlatform::Trying to set the existing hwdb with name mb_usb_hdmi_top_0
TRACE::2024-11-07.02:58:46::SCWPlatform::Opened existing hwdb mb_usb_hdmi_top_0
TRACE::2024-11-07.02:58:46::SCWPlatform::Found the Hw Db part of the input DSA
TRACE::2024-11-07.02:58:46::SCWMssOS::Checking the sw design at  C:/Users/realk/Desktop/ece385/ECE385/lab7_1/realrealrealreal_sdk/mb_block_wrapper/microblaze_0/standalone_microblaze_0/bsp/system.mss
TRACE::2024-11-07.02:58:46::SCWMssOS::DEBUG:  swdes dump  C:/Users/realk/Desktop/ece385/ECE385/lab7_1/realrealrealreal_sdk/mb_block_wrapper/microblaze_0/standalone_microblaze_0/bsp/system.mss|system||

TRACE::2024-11-07.02:58:46::SCWMssOS::Sw design exists and opened at  C:/Users/realk/Desktop/ece385/ECE385/lab7_1/realrealrealreal_sdk/mb_block_wrapper/microblaze_0/standalone_microblaze_0/bsp/system.mss
TRACE::2024-11-07.02:58:46::SCWWriter::formatted JSON is {
	"platformName":	"mb_block_wrapper",
	"sprVersion":	"2.0",
	"mode":	"gui",
	"dsaType":	"Fixed",
	"platformDesc":	"mb_block_wrapper",
	"platHandOff":	"C:/Users/realk/Desktop/ece385/ECE385/lab7_2/mb_usb_hdmi_top.xsa",
	"platIntHandOff":	"<platformDir>/hw/mb_usb_hdmi_top.xsa",
	"deviceType":	"FPGA",
	"platIsPrebuiltAutogen":	"false",
	"platIsNoBootBsp":	"false",
	"hasFsblMakeHasChanges":	"false",
	"hasPmufwMakeHasChanges":	"false",
	"platPreBuiltFlag":	false,
	"platformSamplesDir":	"",
	"platActiveSys":	"mb_block_wrapper",
	"systems":	[{
			"systemName":	"mb_block_wrapper",
			"systemDesc":	"mb_block_wrapper",
			"sysIsBootAutoGen":	"true",
			"systemDispName":	"mb_block_wrapper",
			"sysActiveDom":	"standalone_microblaze_0",
			"sysDefaultDom":	"standalone_microblaze_0",
			"domains":	[{
					"domainName":	"standalone_microblaze_0",
					"domainDispName":	"standalone_microblaze_0",
					"domainDesc":	"standalone_microblaze_0",
					"processors":	"microblaze_0",
					"os":	"standalone",
					"sdxOs":	"standalone",
					"debugEnable":	"False",
					"domRuntimes":	["cpp"],
					"swRepo":	"",
					"mssOsVer":	"8.0",
					"mssFile":	"",
					"md5Digest":	"5422c1e5be4ae93f4de8c50507402f2a1",
					"compatibleApp":	"",
					"domType":	"mssDomain",
					"arch":	"32-bit",
					"appSettings":	{
						"appCompilerFlags":	"",
						"appLinkerFlags":	""
					},
					"addedLibs":	[],
					"libOptions":	{
						"libsContainingOptions":	[]
					},
					"prebuiltLibs":	{
						"prebuiltIncPath":	[],
						"prebuiltLibPath":	[]
					},
					"isolation":	{
					}
				}]
		}]
}
LOG::2024-11-07.02:58:54::SCWPlatform::Started generating the artifacts platform mb_block_wrapper
TRACE::2024-11-07.02:58:54::SCWPlatform::Sanity checking of platform is completed
LOG::2024-11-07.02:58:54::SCWPlatform::Started generating the artifacts for system configuration mb_block_wrapper
LOG::2024-11-07.02:58:54::SCWSystem::Checking the domain standalone_microblaze_0
LOG::2024-11-07.02:58:54::SCWSystem::Not a boot domain 
LOG::2024-11-07.02:58:54::SCWSystem::Started Processing the domain standalone_microblaze_0
TRACE::2024-11-07.02:58:54::SCWDomain::Generating domain artifcats
TRACE::2024-11-07.02:58:54::SCWMssOS::Generating standalone artifcats
TRACE::2024-11-07.02:58:54::SCWMssOS:: Copying the user libraries. 
TRACE::2024-11-07.02:58:54::SCWPlatform::Trying to open the hw design at C:/Users/realk/Desktop/ece385/ECE385/lab7_1/realrealrealreal_sdk/mb_block_wrapper/hw/mb_usb_hdmi_top.xsa
TRACE::2024-11-07.02:58:54::SCWPlatform::DSA given C:/Users/realk/Desktop/ece385/ECE385/lab7_1/realrealrealreal_sdk/mb_block_wrapper/hw/mb_usb_hdmi_top.xsa
TRACE::2024-11-07.02:58:54::SCWPlatform::DSA absoulate path C:/Users/realk/Desktop/ece385/ECE385/lab7_1/realrealrealreal_sdk/mb_block_wrapper/hw/mb_usb_hdmi_top.xsa
TRACE::2024-11-07.02:58:54::SCWPlatform::DSA directory C:/Users/realk/Desktop/ece385/ECE385/lab7_1/realrealrealreal_sdk/mb_block_wrapper/hw
TRACE::2024-11-07.02:58:54::SCWPlatform:: Platform Path C:/Users/realk/Desktop/ece385/ECE385/lab7_1/realrealrealreal_sdk/mb_block_wrapper/hw/mb_usb_hdmi_top.xsa
TRACE::2024-11-07.02:58:54::SCWPlatform:: Unique name xilinx:::0.0
TRACE::2024-11-07.02:58:54::SCWPlatform::Trying to set the existing hwdb with name mb_usb_hdmi_top_0
TRACE::2024-11-07.02:58:54::SCWPlatform::Opened existing hwdb mb_usb_hdmi_top_0
TRACE::2024-11-07.02:58:54::SCWPlatform::Found the Hw Db part of the input DSA
TRACE::2024-11-07.02:58:54::SCWMssOS::Checking the sw design at  C:/Users/realk/Desktop/ece385/ECE385/lab7_1/realrealrealreal_sdk/mb_block_wrapper/microblaze_0/standalone_microblaze_0/bsp/system.mss
TRACE::2024-11-07.02:58:54::SCWMssOS::DEBUG:  swdes dump  C:/Users/realk/Desktop/ece385/ECE385/lab7_1/realrealrealreal_sdk/mb_block_wrapper/microblaze_0/standalone_microblaze_0/bsp/system.mss|system||

TRACE::2024-11-07.02:58:54::SCWMssOS::Sw design exists and opened at  C:/Users/realk/Desktop/ece385/ECE385/lab7_1/realrealrealreal_sdk/mb_block_wrapper/microblaze_0/standalone_microblaze_0/bsp/system.mss
TRACE::2024-11-07.02:58:54::SCWMssOS::Completed writing the mss file at C:/Users/realk/Desktop/ece385/ECE385/lab7_1/realrealrealreal_sdk/mb_block_wrapper/microblaze_0/standalone_microblaze_0/bsp
TRACE::2024-11-07.02:58:54::SCWMssOS::Mss edits present, copying mssfile into export location C:/Users/realk/Desktop/ece385/ECE385/lab7_1/realrealrealreal_sdk/mb_block_wrapper/microblaze_0/standalone_microblaze_0/bsp/system.mss
TRACE::2024-11-07.02:58:55::SCWMssOS::bsp generated is stale removing and regenerating. 
TRACE::2024-11-07.02:58:57::SCWMssOS::doing bsp build ... 
TRACE::2024-11-07.02:58:57::SCWMssOS::System Command Ran  C: & cd  C:/Users/realk/Desktop/ece385/ECE385/lab7_1/realrealrealreal_sdk/mb_block_wrapper/microblaze_0/standalone_microblaze_0/bsp & make 
TRACE::2024-11-07.02:58:57::SCWMssOS::make --no-print-directory seq_libs

TRACE::2024-11-07.02:58:57::SCWMssOS::'Finished building libraries sequentially.'

TRACE::2024-11-07.02:58:57::SCWMssOS::make -j 14 --no-print-directory par_libs

TRACE::2024-11-07.02:58:57::SCWMssOS::"Running Make include in microblaze_0/libsrc/bram_v4_8/src"

TRACE::2024-11-07.02:58:57::SCWMssOS::make -C microblaze_0/libsrc/bram_v4_8/src -s include  "SHELL=CMD" "COMPILER=mb-gcc" "ASSEMBLER=mb-as" "ARCHIVER=mb-ar" "COMPILE
TRACE::2024-11-07.02:58:57::SCWMssOS::R_FLAGS=  -O2 -c -mcpu=v11.0 -mlittle-endian -mno-xl-reorder -mno-xl-soft-mul -mxl-barrel-shift -mxl-pattern-compare" "EXTRA_CO
TRACE::2024-11-07.02:58:57::SCWMssOS::MPILER_FLAGS=-g -ffunction-sections -fdata-sections -Wall -Wextra -fno-tree-loop-distribute-patterns"

TRACE::2024-11-07.02:58:57::SCWMssOS::"Running Make include in microblaze_0/libsrc/cpu_v2_16/src"

TRACE::2024-11-07.02:58:57::SCWMssOS::make -C microblaze_0/libsrc/cpu_v2_16/src -s include  "SHELL=CMD" "COMPILER=mb-gcc" "ASSEMBLER=mb-as" "ARCHIVER=mb-ar" "COMPILE
TRACE::2024-11-07.02:58:57::SCWMssOS::R_FLAGS=  -O2 -c -mcpu=v11.0 -mlittle-endian -mno-xl-reorder -mno-xl-soft-mul -mxl-barrel-shift -mxl-pattern-compare" "EXTRA_CO
TRACE::2024-11-07.02:58:57::SCWMssOS::MPILER_FLAGS=-g -ffunction-sections -fdata-sections -Wall -Wextra -fno-tree-loop-distribute-patterns"

TRACE::2024-11-07.02:58:57::SCWMssOS::"Running Make include in microblaze_0/libsrc/intc_v3_15/src"

TRACE::2024-11-07.02:58:57::SCWMssOS::make -C microblaze_0/libsrc/intc_v3_15/src -s include  "SHELL=CMD" "COMPILER=mb-gcc" "ASSEMBLER=mb-as" "ARCHIVER=mb-ar" "COMPIL
TRACE::2024-11-07.02:58:57::SCWMssOS::ER_FLAGS=  -O2 -c -mcpu=v11.0 -mlittle-endian -mno-xl-reorder -mno-xl-soft-mul -mxl-barrel-shift -mxl-pattern-compare" "EXTRA_C
TRACE::2024-11-07.02:58:57::SCWMssOS::OMPILER_FLAGS=-g -ffunction-sections -fdata-sections -Wall -Wextra -fno-tree-loop-distribute-patterns"

TRACE::2024-11-07.02:58:57::SCWMssOS::"Running Make include in microblaze_0/libsrc/standalone_v8_0/src"

TRACE::2024-11-07.02:58:57::SCWMssOS::make -C microblaze_0/libsrc/standalone_v8_0/src -s include  "SHELL=CMD" "COMPILER=mb-gcc" "ASSEMBLER=mb-as" "ARCHIVER=mb-ar" "C
TRACE::2024-11-07.02:58:57::SCWMssOS::OMPILER_FLAGS=  -O2 -c -mcpu=v11.0 -mlittle-endian -mno-xl-reorder -mno-xl-soft-mul -mxl-barrel-shift -mxl-pattern-compare" "EX
TRACE::2024-11-07.02:58:57::SCWMssOS::TRA_COMPILER_FLAGS=-g -ffunction-sections -fdata-sections -Wall -Wextra -fno-tree-loop-distribute-patterns"

TRACE::2024-11-07.02:58:57::SCWMssOS::"Running Make include in microblaze_0/libsrc/uartlite_v3_7/src"

TRACE::2024-11-07.02:58:57::SCWMssOS::make -C microblaze_0/libsrc/uartlite_v3_7/src -s include  "SHELL=CMD" "COMPILER=mb-gcc" "ASSEMBLER=mb-as" "ARCHIVER=mb-ar" "COM
TRACE::2024-11-07.02:58:57::SCWMssOS::PILER_FLAGS=  -O2 -c -mcpu=v11.0 -mlittle-endian -mno-xl-reorder -mno-xl-soft-mul -mxl-barrel-shift -mxl-pattern-compare" "EXTR
TRACE::2024-11-07.02:58:57::SCWMssOS::A_COMPILER_FLAGS=-g -ffunction-sections -fdata-sections -Wall -Wextra -fno-tree-loop-distribute-patterns"

TRACE::2024-11-07.02:58:57::SCWMssOS::"Running Make libs in microblaze_0/libsrc/bram_v4_8/src"

TRACE::2024-11-07.02:58:57::SCWMssOS::make -C microblaze_0/libsrc/bram_v4_8/src -s libs  "SHELL=CMD" "COMPILER=mb-gcc" "ASSEMBLER=mb-as" "ARCHIVER=mb-ar" "COMPILER_F
TRACE::2024-11-07.02:58:57::SCWMssOS::LAGS=  -O2 -c -mcpu=v11.0 -mlittle-endian -mno-xl-reorder -mno-xl-soft-mul -mxl-barrel-shift -mxl-pattern-compare" "EXTRA_COMPI
TRACE::2024-11-07.02:58:57::SCWMssOS::LER_FLAGS=-g -ffunction-sections -fdata-sections -Wall -Wextra -fno-tree-loop-distribute-patterns"

TRACE::2024-11-07.02:58:57::SCWMssOS::"Running Make libs in microblaze_0/libsrc/cpu_v2_16/src"

TRACE::2024-11-07.02:58:57::SCWMssOS::make -C microblaze_0/libsrc/cpu_v2_16/src -s libs  "SHELL=CMD" "COMPILER=mb-gcc" "ASSEMBLER=mb-as" "ARCHIVER=mb-ar" "COMPILER_F
TRACE::2024-11-07.02:58:57::SCWMssOS::LAGS=  -O2 -c -mcpu=v11.0 -mlittle-endian -mno-xl-reorder -mno-xl-soft-mul -mxl-barrel-shift -mxl-pattern-compare" "EXTRA_COMPI
TRACE::2024-11-07.02:58:57::SCWMssOS::LER_FLAGS=-g -ffunction-sections -fdata-sections -Wall -Wextra -fno-tree-loop-distribute-patterns"

TRACE::2024-11-07.02:58:57::SCWMssOS::"Running Make libs in microblaze_0/libsrc/intc_v3_15/src"

TRACE::2024-11-07.02:58:57::SCWMssOS::make -C microblaze_0/libsrc/intc_v3_15/src -s libs  "SHELL=CMD" "COMPILER=mb-gcc" "ASSEMBLER=mb-as" "ARCHIVER=mb-ar" "COMPILER_
TRACE::2024-11-07.02:58:57::SCWMssOS::FLAGS=  -O2 -c -mcpu=v11.0 -mlittle-endian -mno-xl-reorder -mno-xl-soft-mul -mxl-barrel-shift -mxl-pattern-compare" "EXTRA_COMP
TRACE::2024-11-07.02:58:57::SCWMssOS::ILER_FLAGS=-g -ffunction-sections -fdata-sections -Wall -Wextra -fno-tree-loop-distribute-patterns"

TRACE::2024-11-07.02:58:57::SCWMssOS::"Running Make libs in microblaze_0/libsrc/standalone_v8_0/src"

TRACE::2024-11-07.02:58:58::SCWMssOS::make -C microblaze_0/libsrc/standalone_v8_0/src -s libs  "SHELL=CMD" "COMPILER=mb-gcc" "ASSEMBLER=mb-as" "ARCHIVER=mb-ar" "COMP
TRACE::2024-11-07.02:58:58::SCWMssOS::ILER_FLAGS=  -O2 -c -mcpu=v11.0 -mlittle-endian -mno-xl-reorder -mno-xl-soft-mul -mxl-barrel-shift -mxl-pattern-compare" "EXTRA
TRACE::2024-11-07.02:58:58::SCWMssOS::_COMPILER_FLAGS=-g -ffunction-sections -fdata-sections -Wall -Wextra -fno-tree-loop-distribute-patterns"

TRACE::2024-11-07.02:58:58::SCWMssOS::"Running Make libs in microblaze_0/libsrc/uartlite_v3_7/src"

TRACE::2024-11-07.02:58:58::SCWMssOS::make -C microblaze_0/libsrc/uartlite_v3_7/src -s libs  "SHELL=CMD" "COMPILER=mb-gcc" "ASSEMBLER=mb-as" "ARCHIVER=mb-ar" "COMPIL
TRACE::2024-11-07.02:58:58::SCWMssOS::ER_FLAGS=  -O2 -c -mcpu=v11.0 -mlittle-endian -mno-xl-reorder -mno-xl-soft-mul -mxl-barrel-shift -mxl-pattern-compare" "EXTRA_C
TRACE::2024-11-07.02:58:58::SCWMssOS::OMPILER_FLAGS=-g -ffunction-sections -fdata-sections -Wall -Wextra -fno-tree-loop-distribute-patterns"

TRACE::2024-11-07.02:58:59::SCWMssOS::"DEBUG NON_LTO_OBJECTS is ../../../lib/microblaze_interrupt_handler.o"

TRACE::2024-11-07.02:58:59::SCWMssOS::'Finished building libraries parallelly.'

TRACE::2024-11-07.02:58:59::SCWMssOS::make --no-print-directory archive

TRACE::2024-11-07.02:58:59::SCWMssOS::mb-ar -r  microblaze_0/lib/libxil.a microblaze_0/lib/_exit.o microblaze_0/lib/errno.o microblaze_0/lib/fcntl.o microblaze_0/lib
TRACE::2024-11-07.02:58:59::SCWMssOS::/hw_exception_handler.o microblaze_0/lib/inbyte.o microblaze_0/lib/microblaze_disable_dcache.o microblaze_0/lib/microblaze_disa
TRACE::2024-11-07.02:58:59::SCWMssOS::ble_exceptions.o microblaze_0/lib/microblaze_disable_icache.o microblaze_0/lib/microblaze_disable_interrupts.o microblaze_0/lib
TRACE::2024-11-07.02:58:59::SCWMssOS::/microblaze_enable_dcache.o microblaze_0/lib/microblaze_enable_exceptions.o microblaze_0/lib/microblaze_enable_icache.o microbl
TRACE::2024-11-07.02:58:59::SCWMssOS::aze_0/lib/microblaze_enable_interrupts.o microblaze_0/lib/microblaze_exception_handler.o microblaze_0/lib/microblaze_flush_cach
TRACE::2024-11-07.02:58:59::SCWMssOS::e_ext.o microblaze_0/lib/microblaze_flush_cache_ext_range.o microblaze_0/lib/microblaze_flush_dcache.o microblaze_0/lib/microbl
TRACE::2024-11-07.02:58:59::SCWMssOS::aze_flush_dcache_range.o microblaze_0/lib/microblaze_init_dcache_range.o microblaze_0/lib/microblaze_init_icache_range.o microb
TRACE::2024-11-07.02:58:59::SCWMssOS::laze_0/lib/microblaze_interrupt_handler.o microblaze_0/lib/microblaze_interrupts_g.o microblaze_0/lib/microblaze_invalidate_cac
TRACE::2024-11-07.02:58:59::SCWMssOS::he_ext.o microblaze_0/lib/microblaze_invalidate_cache_ext_range.o microblaze_0/lib/microblaze_invalidate_dcache.o microblaze_0/
TRACE::2024-11-07.02:58:59::SCWMssOS::lib/microblaze_invalidate_dcache_range.o microblaze_0/lib/microblaze_invalidate_icache.o microblaze_0/lib/microblaze_invalidate
TRACE::2024-11-07.02:58:59::SCWMssOS::_icache_range.o microblaze_0/lib/microblaze_scrub.o microblaze_0/lib/microblaze_selftest.o microblaze_0/lib/microblaze_sleep.o 
TRACE::2024-11-07.02:58:59::SCWMssOS::microblaze_0/lib/microblaze_update_dcache.o microblaze_0/lib/microblaze_update_icache.o microblaze_0/lib/outbyte.o microblaze_0
TRACE::2024-11-07.02:58:59::SCWMssOS::/lib/print.o microblaze_0/lib/pvr.o microblaze_0/lib/xbram.o microblaze_0/lib/xbram_g.o microblaze_0/lib/xbram_intr.o microblaz
TRACE::2024-11-07.02:58:59::SCWMssOS::e_0/lib/xbram_selftest.o microblaze_0/lib/xbram_sinit.o microblaze_0/lib/xil_assert.o microblaze_0/lib/xil_cache.o microblaze_0
TRACE::2024-11-07.02:58:59::SCWMssOS::/lib/xil_clocking.o microblaze_0/lib/xil_exception.o microblaze_0/lib/xil_mem.o microblaze_0/lib/xil_misc_psreset_api.o microbl
TRACE::2024-11-07.02:58:59::SCWMssOS::aze_0/lib/xil_printf.o microblaze_0/lib/xil_sleepcommon.o microblaze_0/lib/xil_testcache.o microblaze_0/lib/xil_testio.o microb
TRACE::2024-11-07.02:58:59::SCWMssOS::laze_0/lib/xil_testmem.o microblaze_0/lib/xil_util.o microblaze_0/lib/xintc.o microblaze_0/lib/xintc_g.o microblaze_0/lib/xintc
TRACE::2024-11-07.02:58:59::SCWMssOS::_intr.o microblaze_0/lib/xintc_l.o microblaze_0/lib/xintc_options.o microblaze_0/lib/xintc_selftest.o microblaze_0/lib/xinterru
TRACE::2024-11-07.02:58:59::SCWMssOS::pt_wrap.o microblaze_0/lib/xio.o microblaze_0/lib/xplatform_info.o microblaze_0/lib/xuartlite.o microblaze_0/lib/xuartlite_g.o 
TRACE::2024-11-07.02:58:59::SCWMssOS::microblaze_0/lib/xuartlite_intr.o microblaze_0/lib/xuartlite_l.o microblaze_0/lib/xuartlite_selftest.o microblaze_0/lib/xuartli
TRACE::2024-11-07.02:58:59::SCWMssOS::te_sinit.o microblaze_0/lib/xuartlite_stats.o

TRACE::2024-11-07.02:58:59::SCWMssOS::'Finished building libraries'

TRACE::2024-11-07.02:59:00::SCWMssOS:: Checking if to create the Supporting Applications
TRACE::2024-11-07.02:59:00::SCWMssOS:: No Linux domain exists, trying to generate FSBL 
LOG::2024-11-07.02:59:00::SCWSystem::Completed Processing the domain standalone_microblaze_0
LOG::2024-11-07.02:59:00::SCWSystem::Completed Processing the sysconfig mb_block_wrapper
LOG::2024-11-07.02:59:00::SCWPlatform::Completed generating the artifacts for system configuration mb_block_wrapper
TRACE::2024-11-07.02:59:00::SCWPlatform::Started preparing the platform 
TRACE::2024-11-07.02:59:00::SCWSystem::Writing the bif file for system config mb_block_wrapper
TRACE::2024-11-07.02:59:00::SCWSystem::dir created 
TRACE::2024-11-07.02:59:00::SCWSystem::Writing the bif 
TRACE::2024-11-07.02:59:00::SCWPlatform::Started writing the spfm file 
TRACE::2024-11-07.02:59:00::SCWPlatform::Started writing the xpfm file 
TRACE::2024-11-07.02:59:00::SCWPlatform::Completed generating the platform
TRACE::2024-11-07.02:59:00::SCWMssOS::Saving the mss changes C:/Users/realk/Desktop/ece385/ECE385/lab7_1/realrealrealreal_sdk/mb_block_wrapper/microblaze_0/standalone_microblaze_0/bsp/system.mss
TRACE::2024-11-07.02:59:00::SCWMssOS::Adding the swdes entry, mss present, able to open swdb C:/Users/realk/Desktop/ece385/ECE385/lab7_1/realrealrealreal_sdk/mb_block_wrapper/microblaze_0/standalone_microblaze_0/bsp/system.mss with des name system
TRACE::2024-11-07.02:59:00::SCWMssOS::Writing the mss file completed C:/Users/realk/Desktop/ece385/ECE385/lab7_1/realrealrealreal_sdk/mb_block_wrapper/microblaze_0/standalone_microblaze_0/bsp/system.mss
TRACE::2024-11-07.02:59:00::SCWMssOS::Commit changes completed.
TRACE::2024-11-07.02:59:00::SCWPlatform::Trying to open the hw design at C:/Users/realk/Desktop/ece385/ECE385/lab7_1/realrealrealreal_sdk/mb_block_wrapper/hw/mb_usb_hdmi_top.xsa
TRACE::2024-11-07.02:59:00::SCWPlatform::DSA given C:/Users/realk/Desktop/ece385/ECE385/lab7_1/realrealrealreal_sdk/mb_block_wrapper/hw/mb_usb_hdmi_top.xsa
TRACE::2024-11-07.02:59:00::SCWPlatform::DSA absoulate path C:/Users/realk/Desktop/ece385/ECE385/lab7_1/realrealrealreal_sdk/mb_block_wrapper/hw/mb_usb_hdmi_top.xsa
TRACE::2024-11-07.02:59:00::SCWPlatform::DSA directory C:/Users/realk/Desktop/ece385/ECE385/lab7_1/realrealrealreal_sdk/mb_block_wrapper/hw
TRACE::2024-11-07.02:59:00::SCWPlatform:: Platform Path C:/Users/realk/Desktop/ece385/ECE385/lab7_1/realrealrealreal_sdk/mb_block_wrapper/hw/mb_usb_hdmi_top.xsa
TRACE::2024-11-07.02:59:00::SCWPlatform:: Unique name xilinx:::0.0
TRACE::2024-11-07.02:59:00::SCWPlatform::Trying to set the existing hwdb with name mb_usb_hdmi_top_0
TRACE::2024-11-07.02:59:00::SCWPlatform::Opened existing hwdb mb_usb_hdmi_top_0
TRACE::2024-11-07.02:59:00::SCWPlatform::Found the Hw Db part of the input DSA
TRACE::2024-11-07.02:59:00::SCWMssOS::Checking the sw design at  C:/Users/realk/Desktop/ece385/ECE385/lab7_1/realrealrealreal_sdk/mb_block_wrapper/microblaze_0/standalone_microblaze_0/bsp/system.mss
TRACE::2024-11-07.02:59:00::SCWMssOS::DEBUG:  swdes dump  C:/Users/realk/Desktop/ece385/ECE385/lab7_1/realrealrealreal_sdk/mb_block_wrapper/microblaze_0/standalone_microblaze_0/bsp/system.mss|system||

TRACE::2024-11-07.02:59:00::SCWMssOS::Sw design exists and opened at  C:/Users/realk/Desktop/ece385/ECE385/lab7_1/realrealrealreal_sdk/mb_block_wrapper/microblaze_0/standalone_microblaze_0/bsp/system.mss
TRACE::2024-11-07.02:59:00::SCWWriter::formatted JSON is {
	"platformName":	"mb_block_wrapper",
	"sprVersion":	"2.0",
	"mode":	"gui",
	"dsaType":	"Fixed",
	"platformDesc":	"mb_block_wrapper",
	"platHandOff":	"C:/Users/realk/Desktop/ece385/ECE385/lab7_2/mb_usb_hdmi_top.xsa",
	"platIntHandOff":	"<platformDir>/hw/mb_usb_hdmi_top.xsa",
	"deviceType":	"FPGA",
	"platIsPrebuiltAutogen":	"false",
	"platIsNoBootBsp":	"false",
	"hasFsblMakeHasChanges":	"false",
	"hasPmufwMakeHasChanges":	"false",
	"platPreBuiltFlag":	false,
	"platformSamplesDir":	"",
	"platActiveSys":	"mb_block_wrapper",
	"systems":	[{
			"systemName":	"mb_block_wrapper",
			"systemDesc":	"mb_block_wrapper",
			"sysIsBootAutoGen":	"true",
			"systemDispName":	"mb_block_wrapper",
			"sysActiveDom":	"standalone_microblaze_0",
			"sysDefaultDom":	"standalone_microblaze_0",
			"domains":	[{
					"domainName":	"standalone_microblaze_0",
					"domainDispName":	"standalone_microblaze_0",
					"domainDesc":	"standalone_microblaze_0",
					"processors":	"microblaze_0",
					"os":	"standalone",
					"sdxOs":	"standalone",
					"debugEnable":	"False",
					"domRuntimes":	["cpp"],
					"swRepo":	"",
					"mssOsVer":	"8.0",
					"mssFile":	"",
					"md5Digest":	"5422c1e5be4ae93f4de8c50507402f2a",
					"compatibleApp":	"",
					"domType":	"mssDomain",
					"arch":	"32-bit",
					"appSettings":	{
						"appCompilerFlags":	"",
						"appLinkerFlags":	""
					},
					"addedLibs":	[],
					"libOptions":	{
						"libsContainingOptions":	[]
					},
					"prebuiltLibs":	{
						"prebuiltIncPath":	[],
						"prebuiltLibPath":	[]
					},
					"isolation":	{
					}
				}]
		}]
}
KEYINFO::2024-11-07.02:59:00::SCWPlatform::updated the xpfm file.
TRACE::2024-11-07.02:59:01::SCWPlatform::Trying to open the hw design at C:/Users/realk/Desktop/ece385/ECE385/lab7_1/realrealrealreal_sdk/mb_block_wrapper/hw/mb_usb_hdmi_top.xsa
TRACE::2024-11-07.02:59:01::SCWPlatform::DSA given C:/Users/realk/Desktop/ece385/ECE385/lab7_1/realrealrealreal_sdk/mb_block_wrapper/hw/mb_usb_hdmi_top.xsa
TRACE::2024-11-07.02:59:01::SCWPlatform::DSA absoulate path C:/Users/realk/Desktop/ece385/ECE385/lab7_1/realrealrealreal_sdk/mb_block_wrapper/hw/mb_usb_hdmi_top.xsa
TRACE::2024-11-07.02:59:01::SCWPlatform::DSA directory C:/Users/realk/Desktop/ece385/ECE385/lab7_1/realrealrealreal_sdk/mb_block_wrapper/hw
TRACE::2024-11-07.02:59:01::SCWPlatform:: Platform Path C:/Users/realk/Desktop/ece385/ECE385/lab7_1/realrealrealreal_sdk/mb_block_wrapper/hw/mb_usb_hdmi_top.xsa
TRACE::2024-11-07.02:59:01::SCWPlatform:: Unique name xilinx:::0.0
TRACE::2024-11-07.02:59:01::SCWPlatform::Trying to set the existing hwdb with name mb_usb_hdmi_top_0
TRACE::2024-11-07.02:59:01::SCWPlatform::Opened existing hwdb mb_usb_hdmi_top_0
TRACE::2024-11-07.02:59:01::SCWPlatform::Found the Hw Db part of the input DSA
TRACE::2024-11-07.02:59:01::SCWMssOS::Checking the sw design at  C:/Users/realk/Desktop/ece385/ECE385/lab7_1/realrealrealreal_sdk/mb_block_wrapper/microblaze_0/standalone_microblaze_0/bsp/system.mss
TRACE::2024-11-07.02:59:01::SCWMssOS::DEBUG:  swdes dump  C:/Users/realk/Desktop/ece385/ECE385/lab7_1/realrealrealreal_sdk/mb_block_wrapper/microblaze_0/standalone_microblaze_0/bsp/system.mss|system||

TRACE::2024-11-07.02:59:01::SCWMssOS::Sw design exists and opened at  C:/Users/realk/Desktop/ece385/ECE385/lab7_1/realrealrealreal_sdk/mb_block_wrapper/microblaze_0/standalone_microblaze_0/bsp/system.mss
