Copyright 1986-2022 Xilinx, Inc. All Rights Reserved.
---------------------------------------------------------------------------------------------------------------------------------------------------------------------------------------------------------------------------------------------------
| Tool Version : Vivado v.2022.2 (win64) Build 3671981 Fri Oct 14 05:00:03 MDT 2022
| Date         : Mon Oct  7 20:01:24 2024
| Host         : MSI running 64-bit major release  (build 9200)
| Command      : report_timing_summary -max_paths 10 -report_unconstrained -file toplevelmultiplier_timing_summary_routed.rpt -pb toplevelmultiplier_timing_summary_routed.pb -rpx toplevelmultiplier_timing_summary_routed.rpx -warn_on_violation
| Design       : toplevelmultiplier
| Device       : 7s50-csga324
| Speed File   : -1  PRODUCTION 1.23 2018-06-13
---------------------------------------------------------------------------------------------------------------------------------------------------------------------------------------------------------------------------------------------------

Timing Summary Report

------------------------------------------------------------------------------------------------
| Timer Settings
| --------------
------------------------------------------------------------------------------------------------

  Enable Multi Corner Analysis               :  Yes
  Enable Pessimism Removal                   :  Yes
  Pessimism Removal Resolution               :  Nearest Common Node
  Enable Input Delay Default Clock           :  No
  Enable Preset / Clear Arcs                 :  No
  Disable Flight Delays                      :  No
  Ignore I/O Paths                           :  No
  Timing Early Launch at Borrowing Latches   :  No
  Borrow Time for Max Delay Exceptions       :  Yes
  Merge Timing Exceptions                    :  Yes

  Corner  Analyze    Analyze    
  Name    Max Paths  Min Paths  
  ------  ---------  ---------  
  Slow    Yes        Yes        
  Fast    Yes        Yes        


------------------------------------------------------------------------------------------------
| Report Methodology
| ------------------
------------------------------------------------------------------------------------------------

Rule       Severity  Description                     Violations  
---------  --------  ------------------------------  ----------  
TIMING-18  Warning   Missing input or output delay   39          
TIMING-20  Warning   Non-clocked latch               1           
LATCH-1    Advisory  Existing latches in the design  1           

Note: This report is based on the most recent report_methodology run and may not be up-to-date. Run report_methodology on the current design for the latest report.



check_timing report

Table of Contents
-----------------
1. checking no_clock (11)
2. checking constant_clock (0)
3. checking pulse_width_clock (0)
4. checking unconstrained_internal_endpoints (1)
5. checking no_input_delay (10)
6. checking no_output_delay (28)
7. checking multiple_clock (0)
8. checking generated_clocks (0)
9. checking loops (0)
10. checking partial_input_delay (0)
11. checking partial_output_delay (0)
12. checking latch_loops (0)

1. checking no_clock (11)
-------------------------
 There is 1 register/latch pin with no clock driven by root clock pin: control/FSM_onehot_curr_state_reg[0]/Q (HIGH)

 There is 1 register/latch pin with no clock driven by root clock pin: control/FSM_onehot_curr_state_reg[11]/Q (HIGH)

 There is 1 register/latch pin with no clock driven by root clock pin: control/FSM_onehot_curr_state_reg[13]/Q (HIGH)

 There is 1 register/latch pin with no clock driven by root clock pin: control/FSM_onehot_curr_state_reg[15]/Q (HIGH)

 There is 1 register/latch pin with no clock driven by root clock pin: control/FSM_onehot_curr_state_reg[17]/Q (HIGH)

 There is 1 register/latch pin with no clock driven by root clock pin: control/FSM_onehot_curr_state_reg[1]/Q (HIGH)

 There is 1 register/latch pin with no clock driven by root clock pin: control/FSM_onehot_curr_state_reg[2]/Q (HIGH)

 There is 1 register/latch pin with no clock driven by root clock pin: control/FSM_onehot_curr_state_reg[3]/Q (HIGH)

 There is 1 register/latch pin with no clock driven by root clock pin: control/FSM_onehot_curr_state_reg[5]/Q (HIGH)

 There is 1 register/latch pin with no clock driven by root clock pin: control/FSM_onehot_curr_state_reg[7]/Q (HIGH)

 There is 1 register/latch pin with no clock driven by root clock pin: control/FSM_onehot_curr_state_reg[9]/Q (HIGH)


2. checking constant_clock (0)
------------------------------
 There are 0 register/latch pins with constant_clock.


3. checking pulse_width_clock (0)
---------------------------------
 There are 0 register/latch pins which need pulse_width check


4. checking unconstrained_internal_endpoints (1)
------------------------------------------------
 There is 1 pin that is not constrained for maximum delay. (HIGH)

 There are 0 pins that are not constrained for maximum delay due to constant clock.


5. checking no_input_delay (10)
-------------------------------
 There are 10 input ports with no input delay specified. (HIGH)

 There are 0 input ports with no input delay but user has a false path constraint.


6. checking no_output_delay (28)
--------------------------------
 There are 28 ports with no output delay specified. (HIGH)

 There are 0 ports with no output delay but user has a false path constraint

 There are 0 ports with no output delay but with a timing clock defined on it or propagating through it


7. checking multiple_clock (0)
------------------------------
 There are 0 register/latch pins with multiple clocks.


8. checking generated_clocks (0)
--------------------------------
 There are 0 generated clocks that are not connected to a clock source.


9. checking loops (0)
---------------------
 There are 0 combinational loops in the design.


10. checking partial_input_delay (0)
------------------------------------
 There are 0 input ports with partial input delay specified.


11. checking partial_output_delay (0)
-------------------------------------
 There are 0 ports with partial output delay specified.


12. checking latch_loops (0)
----------------------------
 There are 0 combinational latch loops in the design through latch input



------------------------------------------------------------------------------------------------
| Design Timing Summary
| ---------------------
------------------------------------------------------------------------------------------------

    WNS(ns)      TNS(ns)  TNS Failing Endpoints  TNS Total Endpoints      WHS(ns)      THS(ns)  THS Failing Endpoints  THS Total Endpoints     WPWS(ns)     TPWS(ns)  TPWS Failing Endpoints  TPWS Total Endpoints  
    -------      -------  ---------------------  -------------------      -------      -------  ---------------------  -------------------     --------     --------  ----------------------  --------------------  
      4.147        0.000                      0                  632        0.199        0.000                      0                  632        4.500        0.000                       0                   254  


All user specified timing constraints are met.


------------------------------------------------------------------------------------------------
| Clock Summary
| -------------
------------------------------------------------------------------------------------------------

Clock  Waveform(ns)       Period(ns)      Frequency(MHz)
-----  ------------       ----------      --------------
Clk    {0.000 5.000}      10.000          100.000         


------------------------------------------------------------------------------------------------
| Intra Clock Table
| -----------------
------------------------------------------------------------------------------------------------

Clock             WNS(ns)      TNS(ns)  TNS Failing Endpoints  TNS Total Endpoints      WHS(ns)      THS(ns)  THS Failing Endpoints  THS Total Endpoints     WPWS(ns)     TPWS(ns)  TPWS Failing Endpoints  TPWS Total Endpoints  
-----             -------      -------  ---------------------  -------------------      -------      -------  ---------------------  -------------------     --------     --------  ----------------------  --------------------  
Clk                 4.147        0.000                      0                  632        0.199        0.000                      0                  632        4.500        0.000                       0                   254  


------------------------------------------------------------------------------------------------
| Inter Clock Table
| -----------------
------------------------------------------------------------------------------------------------

From Clock    To Clock          WNS(ns)      TNS(ns)  TNS Failing Endpoints  TNS Total Endpoints      WHS(ns)      THS(ns)  THS Failing Endpoints  THS Total Endpoints  
----------    --------          -------      -------  ---------------------  -------------------      -------      -------  ---------------------  -------------------  


------------------------------------------------------------------------------------------------
| Other Path Groups Table
| -----------------------
------------------------------------------------------------------------------------------------

Path Group    From Clock    To Clock          WNS(ns)      TNS(ns)  TNS Failing Endpoints  TNS Total Endpoints      WHS(ns)      THS(ns)  THS Failing Endpoints  THS Total Endpoints  
----------    ----------    --------          -------      -------  ---------------------  -------------------      -------      -------  ---------------------  -------------------  


------------------------------------------------------------------------------------------------
| User Ignored Path Table
| -----------------------
------------------------------------------------------------------------------------------------

Path Group    From Clock    To Clock    
----------    ----------    --------    


------------------------------------------------------------------------------------------------
| Unconstrained Path Table
| ------------------------
------------------------------------------------------------------------------------------------

Path Group    From Clock    To Clock    
----------    ----------    --------    
(none)        Clk                         
(none)                      Clk           


------------------------------------------------------------------------------------------------
| Timing Details
| --------------
------------------------------------------------------------------------------------------------


---------------------------------------------------------------------------------------------------
From Clock:  Clk
  To Clock:  Clk

Setup :            0  Failing Endpoints,  Worst Slack        4.147ns,  Total Violation        0.000ns
Hold  :            0  Failing Endpoints,  Worst Slack        0.199ns,  Total Violation        0.000ns
PW    :            0  Failing Endpoints,  Worst Slack        4.500ns,  Total Violation        0.000ns
---------------------------------------------------------------------------------------------------


Max Delay Paths
--------------------------------------------------------------------------------------
Slack (MET) :             4.147ns  (required time - arrival time)
  Source:                 control/FSM_onehot_curr_state_reg[9]/C
                            (rising edge-triggered cell FDRE clocked by Clk  {rise@0.000ns fall@5.000ns period=10.000ns})
  Destination:            registerA/Data_Out_reg[7]/D
                            (rising edge-triggered cell FDRE clocked by Clk  {rise@0.000ns fall@5.000ns period=10.000ns})
  Path Group:             Clk
  Path Type:              Setup (Max at Slow Process Corner)
  Requirement:            10.000ns  (Clk rise@10.000ns - Clk rise@0.000ns)
  Data Path Delay:        5.808ns  (logic 1.587ns (27.322%)  route 4.221ns (72.678%))
  Logic Levels:           6  (LUT5=4 LUT6=2)
  Clock Path Skew:        -0.038ns (DCD - SCD + CPR)
    Destination Clock Delay (DCD):    4.834ns = ( 14.834 - 10.000 ) 
    Source Clock Delay      (SCD):    5.129ns
    Clock Pessimism Removal (CPR):    0.257ns
  Clock Uncertainty:      0.035ns  ((TSJ^2 + TIJ^2)^1/2 + DJ) / 2 + PE
    Total System Jitter     (TSJ):    0.071ns
    Total Input Jitter      (TIJ):    0.000ns
    Discrete Jitter          (DJ):    0.000ns
    Phase Error              (PE):    0.000ns

    Location             Delay type                Incr(ns)  Path(ns)    Netlist Resource(s)
  -------------------------------------------------------------------    -------------------
                         (clock Clk rise edge)        0.000     0.000 r  
    N15                                               0.000     0.000 r  Clk (IN)
                         net (fo=0)                   0.000     0.000    Clk
    N15                  IBUF (Prop_ibuf_I_O)         1.440     1.440 r  Clk_IBUF_inst/O
                         net (fo=1, routed)           1.972     3.412    Clk_IBUF
    BUFGCTRL_X0Y0        BUFG (Prop_bufg_I_O)         0.096     3.508 r  Clk_IBUF_BUFG_inst/O
                         net (fo=253, routed)         1.621     5.129    control/Clk_IBUF_BUFG
    SLICE_X4Y89          FDRE                                         r  control/FSM_onehot_curr_state_reg[9]/C
  -------------------------------------------------------------------    -------------------
    SLICE_X4Y89          FDRE (Prop_fdre_C_Q)         0.419     5.548 r  control/FSM_onehot_curr_state_reg[9]/Q
                         net (fo=2, routed)           0.836     6.384    control/FSM_onehot_curr_state_reg_n_0_[9]
    SLICE_X5Y89          LUT6 (Prop_lut6_I0_O)        0.296     6.680 r  control/clearXA_reg_i_2/O
                         net (fo=8, routed)           1.005     7.685    control/clearXA_reg_i_2_n_0
    SLICE_X2Y87          LUT5 (Prop_lut5_I0_O)        0.152     7.837 f  control/Data_Out[4]_i_3/O
                         net (fo=2, routed)           0.607     8.444    control/Data_Out[4]_i_3_n_0
    SLICE_X2Y86          LUT5 (Prop_lut5_I4_O)        0.348     8.792 f  control/Data_Out[3]_i_2/O
                         net (fo=2, routed)           0.576     9.369    control/Data_Out[3]_i_2_n_0
    SLICE_X1Y86          LUT5 (Prop_lut5_I0_O)        0.124     9.493 r  control/Data_Out[5]_i_2/O
                         net (fo=3, routed)           0.749    10.242    control/Data_Out[5]_i_2_n_0
    SLICE_X4Y87          LUT5 (Prop_lut5_I4_O)        0.124    10.366 r  control/Data_Out[7]_i_7/O
                         net (fo=2, routed)           0.447    10.813    control/Data_Out[7]_i_7_n_0
    SLICE_X1Y87          LUT6 (Prop_lut6_I5_O)        0.124    10.937 r  control/Data_Out[7]_i_3/O
                         net (fo=1, routed)           0.000    10.937    registerA/D[6]
    SLICE_X1Y87          FDRE                                         r  registerA/Data_Out_reg[7]/D
  -------------------------------------------------------------------    -------------------

                         (clock Clk rise edge)       10.000    10.000 r  
    N15                                               0.000    10.000 r  Clk (IN)
                         net (fo=0)                   0.000    10.000    Clk
    N15                  IBUF (Prop_ibuf_I_O)         1.370    11.370 r  Clk_IBUF_inst/O
                         net (fo=1, routed)           1.868    13.238    Clk_IBUF
    BUFGCTRL_X0Y0        BUFG (Prop_bufg_I_O)         0.091    13.329 r  Clk_IBUF_BUFG_inst/O
                         net (fo=253, routed)         1.505    14.834    registerA/Clk_IBUF_BUFG
    SLICE_X1Y87          FDRE                                         r  registerA/Data_Out_reg[7]/C
                         clock pessimism              0.257    15.091    
                         clock uncertainty           -0.035    15.055    
    SLICE_X1Y87          FDRE (Setup_fdre_C_D)        0.029    15.084    registerA/Data_Out_reg[7]
  -------------------------------------------------------------------
                         required time                         15.084    
                         arrival time                         -10.937    
  -------------------------------------------------------------------
                         slack                                  4.147    

Slack (MET) :             4.208ns  (required time - arrival time)
  Source:                 control/FSM_onehot_curr_state_reg[9]/C
                            (rising edge-triggered cell FDRE clocked by Clk  {rise@0.000ns fall@5.000ns period=10.000ns})
  Destination:            X1/D_out_reg/D
                            (rising edge-triggered cell FDRE clocked by Clk  {rise@0.000ns fall@5.000ns period=10.000ns})
  Path Group:             Clk
  Path Type:              Setup (Max at Slow Process Corner)
  Requirement:            10.000ns  (Clk rise@10.000ns - Clk rise@0.000ns)
  Data Path Delay:        5.796ns  (logic 1.587ns (27.379%)  route 4.209ns (72.621%))
  Logic Levels:           6  (LUT5=4 LUT6=2)
  Clock Path Skew:        -0.037ns (DCD - SCD + CPR)
    Destination Clock Delay (DCD):    4.835ns = ( 14.835 - 10.000 ) 
    Source Clock Delay      (SCD):    5.129ns
    Clock Pessimism Removal (CPR):    0.257ns
  Clock Uncertainty:      0.035ns  ((TSJ^2 + TIJ^2)^1/2 + DJ) / 2 + PE
    Total System Jitter     (TSJ):    0.071ns
    Total Input Jitter      (TIJ):    0.000ns
    Discrete Jitter          (DJ):    0.000ns
    Phase Error              (PE):    0.000ns

    Location             Delay type                Incr(ns)  Path(ns)    Netlist Resource(s)
  -------------------------------------------------------------------    -------------------
                         (clock Clk rise edge)        0.000     0.000 r  
    N15                                               0.000     0.000 r  Clk (IN)
                         net (fo=0)                   0.000     0.000    Clk
    N15                  IBUF (Prop_ibuf_I_O)         1.440     1.440 r  Clk_IBUF_inst/O
                         net (fo=1, routed)           1.972     3.412    Clk_IBUF
    BUFGCTRL_X0Y0        BUFG (Prop_bufg_I_O)         0.096     3.508 r  Clk_IBUF_BUFG_inst/O
                         net (fo=253, routed)         1.621     5.129    control/Clk_IBUF_BUFG
    SLICE_X4Y89          FDRE                                         r  control/FSM_onehot_curr_state_reg[9]/C
  -------------------------------------------------------------------    -------------------
    SLICE_X4Y89          FDRE (Prop_fdre_C_Q)         0.419     5.548 f  control/FSM_onehot_curr_state_reg[9]/Q
                         net (fo=2, routed)           0.836     6.384    control/FSM_onehot_curr_state_reg_n_0_[9]
    SLICE_X5Y89          LUT6 (Prop_lut6_I0_O)        0.296     6.680 f  control/clearXA_reg_i_2/O
                         net (fo=8, routed)           1.005     7.685    control/clearXA_reg_i_2_n_0
    SLICE_X2Y87          LUT5 (Prop_lut5_I0_O)        0.152     7.837 r  control/Data_Out[4]_i_3/O
                         net (fo=2, routed)           0.607     8.444    control/Data_Out[4]_i_3_n_0
    SLICE_X2Y86          LUT5 (Prop_lut5_I4_O)        0.348     8.792 r  control/Data_Out[3]_i_2/O
                         net (fo=2, routed)           0.576     9.369    control/Data_Out[3]_i_2_n_0
    SLICE_X1Y86          LUT5 (Prop_lut5_I0_O)        0.124     9.493 f  control/Data_Out[5]_i_2/O
                         net (fo=3, routed)           0.749    10.242    control/Data_Out[5]_i_2_n_0
    SLICE_X4Y87          LUT5 (Prop_lut5_I4_O)        0.124    10.366 f  control/Data_Out[7]_i_7/O
                         net (fo=2, routed)           0.435    10.801    control/Data_Out[7]_i_7_n_0
    SLICE_X2Y88          LUT6 (Prop_lut6_I2_O)        0.124    10.925 r  control/D_out_i_1/O
                         net (fo=1, routed)           0.000    10.925    X1/D_out_reg_0
    SLICE_X2Y88          FDRE                                         r  X1/D_out_reg/D
  -------------------------------------------------------------------    -------------------

                         (clock Clk rise edge)       10.000    10.000 r  
    N15                                               0.000    10.000 r  Clk (IN)
                         net (fo=0)                   0.000    10.000    Clk
    N15                  IBUF (Prop_ibuf_I_O)         1.370    11.370 r  Clk_IBUF_inst/O
                         net (fo=1, routed)           1.868    13.238    Clk_IBUF
    BUFGCTRL_X0Y0        BUFG (Prop_bufg_I_O)         0.091    13.329 r  Clk_IBUF_BUFG_inst/O
                         net (fo=253, routed)         1.506    14.835    X1/Clk_IBUF_BUFG
    SLICE_X2Y88          FDRE                                         r  X1/D_out_reg/C
                         clock pessimism              0.257    15.092    
                         clock uncertainty           -0.035    15.056    
    SLICE_X2Y88          FDRE (Setup_fdre_C_D)        0.077    15.133    X1/D_out_reg
  -------------------------------------------------------------------
                         required time                         15.133    
                         arrival time                         -10.925    
  -------------------------------------------------------------------
                         slack                                  4.208    

Slack (MET) :             4.929ns  (required time - arrival time)
  Source:                 control/FSM_onehot_curr_state_reg[9]/C
                            (rising edge-triggered cell FDRE clocked by Clk  {rise@0.000ns fall@5.000ns period=10.000ns})
  Destination:            registerA/Data_Out_reg[6]/D
                            (rising edge-triggered cell FDRE clocked by Clk  {rise@0.000ns fall@5.000ns period=10.000ns})
  Path Group:             Clk
  Path Type:              Setup (Max at Slow Process Corner)
  Requirement:            10.000ns  (Clk rise@10.000ns - Clk rise@0.000ns)
  Data Path Delay:        5.078ns  (logic 1.587ns (31.255%)  route 3.491ns (68.745%))
  Logic Levels:           6  (LUT5=3 LUT6=3)
  Clock Path Skew:        -0.039ns (DCD - SCD + CPR)
    Destination Clock Delay (DCD):    4.833ns = ( 14.833 - 10.000 ) 
    Source Clock Delay      (SCD):    5.129ns
    Clock Pessimism Removal (CPR):    0.257ns
  Clock Uncertainty:      0.035ns  ((TSJ^2 + TIJ^2)^1/2 + DJ) / 2 + PE
    Total System Jitter     (TSJ):    0.071ns
    Total Input Jitter      (TIJ):    0.000ns
    Discrete Jitter          (DJ):    0.000ns
    Phase Error              (PE):    0.000ns

    Location             Delay type                Incr(ns)  Path(ns)    Netlist Resource(s)
  -------------------------------------------------------------------    -------------------
                         (clock Clk rise edge)        0.000     0.000 r  
    N15                                               0.000     0.000 r  Clk (IN)
                         net (fo=0)                   0.000     0.000    Clk
    N15                  IBUF (Prop_ibuf_I_O)         1.440     1.440 r  Clk_IBUF_inst/O
                         net (fo=1, routed)           1.972     3.412    Clk_IBUF
    BUFGCTRL_X0Y0        BUFG (Prop_bufg_I_O)         0.096     3.508 r  Clk_IBUF_BUFG_inst/O
                         net (fo=253, routed)         1.621     5.129    control/Clk_IBUF_BUFG
    SLICE_X4Y89          FDRE                                         r  control/FSM_onehot_curr_state_reg[9]/C
  -------------------------------------------------------------------    -------------------
    SLICE_X4Y89          FDRE (Prop_fdre_C_Q)         0.419     5.548 r  control/FSM_onehot_curr_state_reg[9]/Q
                         net (fo=2, routed)           0.836     6.384    control/FSM_onehot_curr_state_reg_n_0_[9]
    SLICE_X5Y89          LUT6 (Prop_lut6_I0_O)        0.296     6.680 r  control/clearXA_reg_i_2/O
                         net (fo=8, routed)           1.005     7.685    control/clearXA_reg_i_2_n_0
    SLICE_X2Y87          LUT5 (Prop_lut5_I0_O)        0.152     7.837 f  control/Data_Out[4]_i_3/O
                         net (fo=2, routed)           0.607     8.444    control/Data_Out[4]_i_3_n_0
    SLICE_X2Y86          LUT5 (Prop_lut5_I4_O)        0.348     8.792 f  control/Data_Out[3]_i_2/O
                         net (fo=2, routed)           0.576     9.369    control/Data_Out[3]_i_2_n_0
    SLICE_X1Y86          LUT5 (Prop_lut5_I0_O)        0.124     9.493 r  control/Data_Out[5]_i_2/O
                         net (fo=3, routed)           0.304     9.797    control/Data_Out[5]_i_2_n_0
    SLICE_X2Y86          LUT6 (Prop_lut6_I5_O)        0.124     9.921 r  control/Data_Out[6]_i_2/O
                         net (fo=1, routed)           0.162    10.082    control/Data_Out[6]_i_2_n_0
    SLICE_X2Y86          LUT6 (Prop_lut6_I2_O)        0.124    10.206 r  control/Data_Out[6]_i_1/O
                         net (fo=1, routed)           0.000    10.206    registerA/D[5]
    SLICE_X2Y86          FDRE                                         r  registerA/Data_Out_reg[6]/D
  -------------------------------------------------------------------    -------------------

                         (clock Clk rise edge)       10.000    10.000 r  
    N15                                               0.000    10.000 r  Clk (IN)
                         net (fo=0)                   0.000    10.000    Clk
    N15                  IBUF (Prop_ibuf_I_O)         1.370    11.370 r  Clk_IBUF_inst/O
                         net (fo=1, routed)           1.868    13.238    Clk_IBUF
    BUFGCTRL_X0Y0        BUFG (Prop_bufg_I_O)         0.091    13.329 r  Clk_IBUF_BUFG_inst/O
                         net (fo=253, routed)         1.504    14.833    registerA/Clk_IBUF_BUFG
    SLICE_X2Y86          FDRE                                         r  registerA/Data_Out_reg[6]/C
                         clock pessimism              0.257    15.090    
                         clock uncertainty           -0.035    15.054    
    SLICE_X2Y86          FDRE (Setup_fdre_C_D)        0.081    15.135    registerA/Data_Out_reg[6]
  -------------------------------------------------------------------
                         required time                         15.135    
                         arrival time                         -10.206    
  -------------------------------------------------------------------
                         slack                                  4.929    

Slack (MET) :             5.001ns  (required time - arrival time)
  Source:                 control/FSM_onehot_curr_state_reg[9]/C
                            (rising edge-triggered cell FDRE clocked by Clk  {rise@0.000ns fall@5.000ns period=10.000ns})
  Destination:            registerA/Data_Out_reg[5]/D
                            (rising edge-triggered cell FDRE clocked by Clk  {rise@0.000ns fall@5.000ns period=10.000ns})
  Path Group:             Clk
  Path Type:              Setup (Max at Slow Process Corner)
  Requirement:            10.000ns  (Clk rise@10.000ns - Clk rise@0.000ns)
  Data Path Delay:        4.965ns  (logic 1.463ns (29.463%)  route 3.502ns (70.537%))
  Logic Levels:           5  (LUT5=3 LUT6=2)
  Clock Path Skew:        -0.027ns (DCD - SCD + CPR)
    Destination Clock Delay (DCD):    4.832ns = ( 14.832 - 10.000 ) 
    Source Clock Delay      (SCD):    5.129ns
    Clock Pessimism Removal (CPR):    0.270ns
  Clock Uncertainty:      0.035ns  ((TSJ^2 + TIJ^2)^1/2 + DJ) / 2 + PE
    Total System Jitter     (TSJ):    0.071ns
    Total Input Jitter      (TIJ):    0.000ns
    Discrete Jitter          (DJ):    0.000ns
    Phase Error              (PE):    0.000ns

    Location             Delay type                Incr(ns)  Path(ns)    Netlist Resource(s)
  -------------------------------------------------------------------    -------------------
                         (clock Clk rise edge)        0.000     0.000 r  
    N15                                               0.000     0.000 r  Clk (IN)
                         net (fo=0)                   0.000     0.000    Clk
    N15                  IBUF (Prop_ibuf_I_O)         1.440     1.440 r  Clk_IBUF_inst/O
                         net (fo=1, routed)           1.972     3.412    Clk_IBUF
    BUFGCTRL_X0Y0        BUFG (Prop_bufg_I_O)         0.096     3.508 r  Clk_IBUF_BUFG_inst/O
                         net (fo=253, routed)         1.621     5.129    control/Clk_IBUF_BUFG
    SLICE_X4Y89          FDRE                                         r  control/FSM_onehot_curr_state_reg[9]/C
  -------------------------------------------------------------------    -------------------
    SLICE_X4Y89          FDRE (Prop_fdre_C_Q)         0.419     5.548 r  control/FSM_onehot_curr_state_reg[9]/Q
                         net (fo=2, routed)           0.836     6.384    control/FSM_onehot_curr_state_reg_n_0_[9]
    SLICE_X5Y89          LUT6 (Prop_lut6_I0_O)        0.296     6.680 r  control/clearXA_reg_i_2/O
                         net (fo=8, routed)           1.005     7.685    control/clearXA_reg_i_2_n_0
    SLICE_X2Y87          LUT5 (Prop_lut5_I0_O)        0.152     7.837 f  control/Data_Out[4]_i_3/O
                         net (fo=2, routed)           0.607     8.444    control/Data_Out[4]_i_3_n_0
    SLICE_X2Y86          LUT5 (Prop_lut5_I4_O)        0.348     8.792 f  control/Data_Out[3]_i_2/O
                         net (fo=2, routed)           0.576     9.369    control/Data_Out[3]_i_2_n_0
    SLICE_X1Y86          LUT5 (Prop_lut5_I0_O)        0.124     9.493 r  control/Data_Out[5]_i_2/O
                         net (fo=3, routed)           0.478     9.970    control/Data_Out[5]_i_2_n_0
    SLICE_X4Y87          LUT6 (Prop_lut6_I2_O)        0.124    10.094 r  control/Data_Out[5]_i_1/O
                         net (fo=1, routed)           0.000    10.094    registerA/D[4]
    SLICE_X4Y87          FDRE                                         r  registerA/Data_Out_reg[5]/D
  -------------------------------------------------------------------    -------------------

                         (clock Clk rise edge)       10.000    10.000 r  
    N15                                               0.000    10.000 r  Clk (IN)
                         net (fo=0)                   0.000    10.000    Clk
    N15                  IBUF (Prop_ibuf_I_O)         1.370    11.370 r  Clk_IBUF_inst/O
                         net (fo=1, routed)           1.868    13.238    Clk_IBUF
    BUFGCTRL_X0Y0        BUFG (Prop_bufg_I_O)         0.091    13.329 r  Clk_IBUF_BUFG_inst/O
                         net (fo=253, routed)         1.503    14.832    registerA/Clk_IBUF_BUFG
    SLICE_X4Y87          FDRE                                         r  registerA/Data_Out_reg[5]/C
                         clock pessimism              0.270    15.102    
                         clock uncertainty           -0.035    15.066    
    SLICE_X4Y87          FDRE (Setup_fdre_C_D)        0.029    15.095    registerA/Data_Out_reg[5]
  -------------------------------------------------------------------
                         required time                         15.095    
                         arrival time                         -10.094    
  -------------------------------------------------------------------
                         slack                                  5.001    

Slack (MET) :             5.619ns  (required time - arrival time)
  Source:                 control/FSM_onehot_curr_state_reg[9]/C
                            (rising edge-triggered cell FDRE clocked by Clk  {rise@0.000ns fall@5.000ns period=10.000ns})
  Destination:            registerA/Data_Out_reg[4]/D
                            (rising edge-triggered cell FDRE clocked by Clk  {rise@0.000ns fall@5.000ns period=10.000ns})
  Path Group:             Clk
  Path Type:              Setup (Max at Slow Process Corner)
  Requirement:            10.000ns  (Clk rise@10.000ns - Clk rise@0.000ns)
  Data Path Delay:        4.338ns  (logic 1.211ns (27.917%)  route 3.127ns (72.083%))
  Logic Levels:           5  (LUT4=1 LUT5=1 LUT6=3)
  Clock Path Skew:        -0.039ns (DCD - SCD + CPR)
    Destination Clock Delay (DCD):    4.833ns = ( 14.833 - 10.000 ) 
    Source Clock Delay      (SCD):    5.129ns
    Clock Pessimism Removal (CPR):    0.257ns
  Clock Uncertainty:      0.035ns  ((TSJ^2 + TIJ^2)^1/2 + DJ) / 2 + PE
    Total System Jitter     (TSJ):    0.071ns
    Total Input Jitter      (TIJ):    0.000ns
    Discrete Jitter          (DJ):    0.000ns
    Phase Error              (PE):    0.000ns

    Location             Delay type                Incr(ns)  Path(ns)    Netlist Resource(s)
  -------------------------------------------------------------------    -------------------
                         (clock Clk rise edge)        0.000     0.000 r  
    N15                                               0.000     0.000 r  Clk (IN)
                         net (fo=0)                   0.000     0.000    Clk
    N15                  IBUF (Prop_ibuf_I_O)         1.440     1.440 r  Clk_IBUF_inst/O
                         net (fo=1, routed)           1.972     3.412    Clk_IBUF
    BUFGCTRL_X0Y0        BUFG (Prop_bufg_I_O)         0.096     3.508 r  Clk_IBUF_BUFG_inst/O
                         net (fo=253, routed)         1.621     5.129    control/Clk_IBUF_BUFG
    SLICE_X4Y89          FDRE                                         r  control/FSM_onehot_curr_state_reg[9]/C
  -------------------------------------------------------------------    -------------------
    SLICE_X4Y89          FDRE (Prop_fdre_C_Q)         0.419     5.548 f  control/FSM_onehot_curr_state_reg[9]/Q
                         net (fo=2, routed)           0.836     6.384    control/FSM_onehot_curr_state_reg_n_0_[9]
    SLICE_X5Y89          LUT6 (Prop_lut6_I0_O)        0.296     6.680 f  control/clearXA_reg_i_2/O
                         net (fo=8, routed)           0.468     7.148    control/clearXA_reg_i_2_n_0
    SLICE_X2Y88          LUT4 (Prop_lut4_I0_O)        0.124     7.272 r  control/Data_Out[7]_i_5/O
                         net (fo=17, routed)          0.862     8.134    control/FSM_onehot_curr_state_reg[5]_0
    SLICE_X1Y87          LUT6 (Prop_lut6_I1_O)        0.124     8.258 r  control/Data_Out[2]_i_2/O
                         net (fo=2, routed)           0.810     9.067    control/Data_Out[2]_i_2_n_0
    SLICE_X1Y86          LUT5 (Prop_lut5_I0_O)        0.124     9.191 r  control/Data_Out[4]_i_2/O
                         net (fo=1, routed)           0.151     9.343    control/Data_Out[4]_i_2_n_0
    SLICE_X1Y86          LUT6 (Prop_lut6_I2_O)        0.124     9.467 r  control/Data_Out[4]_i_1/O
                         net (fo=1, routed)           0.000     9.467    registerA/D[3]
    SLICE_X1Y86          FDRE                                         r  registerA/Data_Out_reg[4]/D
  -------------------------------------------------------------------    -------------------

                         (clock Clk rise edge)       10.000    10.000 r  
    N15                                               0.000    10.000 r  Clk (IN)
                         net (fo=0)                   0.000    10.000    Clk
    N15                  IBUF (Prop_ibuf_I_O)         1.370    11.370 r  Clk_IBUF_inst/O
                         net (fo=1, routed)           1.868    13.238    Clk_IBUF
    BUFGCTRL_X0Y0        BUFG (Prop_bufg_I_O)         0.091    13.329 r  Clk_IBUF_BUFG_inst/O
                         net (fo=253, routed)         1.504    14.833    registerA/Clk_IBUF_BUFG
    SLICE_X1Y86          FDRE                                         r  registerA/Data_Out_reg[4]/C
                         clock pessimism              0.257    15.090    
                         clock uncertainty           -0.035    15.054    
    SLICE_X1Y86          FDRE (Setup_fdre_C_D)        0.031    15.085    registerA/Data_Out_reg[4]
  -------------------------------------------------------------------
                         required time                         15.085    
                         arrival time                          -9.467    
  -------------------------------------------------------------------
                         slack                                  5.619    

Slack (MET) :             5.795ns  (required time - arrival time)
  Source:                 control/FSM_onehot_curr_state_reg[9]/C
                            (rising edge-triggered cell FDRE clocked by Clk  {rise@0.000ns fall@5.000ns period=10.000ns})
  Destination:            registerA/Data_Out_reg[1]/CE
                            (rising edge-triggered cell FDRE clocked by Clk  {rise@0.000ns fall@5.000ns period=10.000ns})
  Path Group:             Clk
  Path Type:              Setup (Max at Slow Process Corner)
  Requirement:            10.000ns  (Clk rise@10.000ns - Clk rise@0.000ns)
  Data Path Delay:        3.963ns  (logic 0.963ns (24.303%)  route 3.000ns (75.697%))
  Logic Levels:           3  (LUT2=1 LUT6=2)
  Clock Path Skew:        -0.038ns (DCD - SCD + CPR)
    Destination Clock Delay (DCD):    4.834ns = ( 14.834 - 10.000 ) 
    Source Clock Delay      (SCD):    5.129ns
    Clock Pessimism Removal (CPR):    0.257ns
  Clock Uncertainty:      0.035ns  ((TSJ^2 + TIJ^2)^1/2 + DJ) / 2 + PE
    Total System Jitter     (TSJ):    0.071ns
    Total Input Jitter      (TIJ):    0.000ns
    Discrete Jitter          (DJ):    0.000ns
    Phase Error              (PE):    0.000ns

    Location             Delay type                Incr(ns)  Path(ns)    Netlist Resource(s)
  -------------------------------------------------------------------    -------------------
                         (clock Clk rise edge)        0.000     0.000 r  
    N15                                               0.000     0.000 r  Clk (IN)
                         net (fo=0)                   0.000     0.000    Clk
    N15                  IBUF (Prop_ibuf_I_O)         1.440     1.440 r  Clk_IBUF_inst/O
                         net (fo=1, routed)           1.972     3.412    Clk_IBUF
    BUFGCTRL_X0Y0        BUFG (Prop_bufg_I_O)         0.096     3.508 r  Clk_IBUF_BUFG_inst/O
                         net (fo=253, routed)         1.621     5.129    control/Clk_IBUF_BUFG
    SLICE_X4Y89          FDRE                                         r  control/FSM_onehot_curr_state_reg[9]/C
  -------------------------------------------------------------------    -------------------
    SLICE_X4Y89          FDRE (Prop_fdre_C_Q)         0.419     5.548 f  control/FSM_onehot_curr_state_reg[9]/Q
                         net (fo=2, routed)           0.836     6.384    control/FSM_onehot_curr_state_reg_n_0_[9]
    SLICE_X5Y89          LUT6 (Prop_lut6_I0_O)        0.296     6.680 f  control/clearXA_reg_i_2/O
                         net (fo=8, routed)           0.741     7.420    control/clearXA_reg_i_2_n_0
    SLICE_X4Y88          LUT6 (Prop_lut6_I0_O)        0.124     7.544 r  control/Data_Out[7]_i_4/O
                         net (fo=1, routed)           0.598     8.142    control/Data_Out[7]_i_4_n_0
    SLICE_X2Y88          LUT2 (Prop_lut2_I0_O)        0.124     8.266 r  control/Data_Out[7]_i_2/O
                         net (fo=8, routed)           0.825     9.091    registerA/E[0]
    SLICE_X2Y87          FDRE                                         r  registerA/Data_Out_reg[1]/CE
  -------------------------------------------------------------------    -------------------

                         (clock Clk rise edge)       10.000    10.000 r  
    N15                                               0.000    10.000 r  Clk (IN)
                         net (fo=0)                   0.000    10.000    Clk
    N15                  IBUF (Prop_ibuf_I_O)         1.370    11.370 r  Clk_IBUF_inst/O
                         net (fo=1, routed)           1.868    13.238    Clk_IBUF
    BUFGCTRL_X0Y0        BUFG (Prop_bufg_I_O)         0.091    13.329 r  Clk_IBUF_BUFG_inst/O
                         net (fo=253, routed)         1.505    14.834    registerA/Clk_IBUF_BUFG
    SLICE_X2Y87          FDRE                                         r  registerA/Data_Out_reg[1]/C
                         clock pessimism              0.257    15.091    
                         clock uncertainty           -0.035    15.055    
    SLICE_X2Y87          FDRE (Setup_fdre_C_CE)      -0.169    14.886    registerA/Data_Out_reg[1]
  -------------------------------------------------------------------
                         required time                         14.886    
                         arrival time                          -9.091    
  -------------------------------------------------------------------
                         slack                                  5.795    

Slack (MET) :             5.795ns  (required time - arrival time)
  Source:                 control/FSM_onehot_curr_state_reg[9]/C
                            (rising edge-triggered cell FDRE clocked by Clk  {rise@0.000ns fall@5.000ns period=10.000ns})
  Destination:            registerA/Data_Out_reg[2]/CE
                            (rising edge-triggered cell FDRE clocked by Clk  {rise@0.000ns fall@5.000ns period=10.000ns})
  Path Group:             Clk
  Path Type:              Setup (Max at Slow Process Corner)
  Requirement:            10.000ns  (Clk rise@10.000ns - Clk rise@0.000ns)
  Data Path Delay:        3.963ns  (logic 0.963ns (24.303%)  route 3.000ns (75.697%))
  Logic Levels:           3  (LUT2=1 LUT6=2)
  Clock Path Skew:        -0.038ns (DCD - SCD + CPR)
    Destination Clock Delay (DCD):    4.834ns = ( 14.834 - 10.000 ) 
    Source Clock Delay      (SCD):    5.129ns
    Clock Pessimism Removal (CPR):    0.257ns
  Clock Uncertainty:      0.035ns  ((TSJ^2 + TIJ^2)^1/2 + DJ) / 2 + PE
    Total System Jitter     (TSJ):    0.071ns
    Total Input Jitter      (TIJ):    0.000ns
    Discrete Jitter          (DJ):    0.000ns
    Phase Error              (PE):    0.000ns

    Location             Delay type                Incr(ns)  Path(ns)    Netlist Resource(s)
  -------------------------------------------------------------------    -------------------
                         (clock Clk rise edge)        0.000     0.000 r  
    N15                                               0.000     0.000 r  Clk (IN)
                         net (fo=0)                   0.000     0.000    Clk
    N15                  IBUF (Prop_ibuf_I_O)         1.440     1.440 r  Clk_IBUF_inst/O
                         net (fo=1, routed)           1.972     3.412    Clk_IBUF
    BUFGCTRL_X0Y0        BUFG (Prop_bufg_I_O)         0.096     3.508 r  Clk_IBUF_BUFG_inst/O
                         net (fo=253, routed)         1.621     5.129    control/Clk_IBUF_BUFG
    SLICE_X4Y89          FDRE                                         r  control/FSM_onehot_curr_state_reg[9]/C
  -------------------------------------------------------------------    -------------------
    SLICE_X4Y89          FDRE (Prop_fdre_C_Q)         0.419     5.548 f  control/FSM_onehot_curr_state_reg[9]/Q
                         net (fo=2, routed)           0.836     6.384    control/FSM_onehot_curr_state_reg_n_0_[9]
    SLICE_X5Y89          LUT6 (Prop_lut6_I0_O)        0.296     6.680 f  control/clearXA_reg_i_2/O
                         net (fo=8, routed)           0.741     7.420    control/clearXA_reg_i_2_n_0
    SLICE_X4Y88          LUT6 (Prop_lut6_I0_O)        0.124     7.544 r  control/Data_Out[7]_i_4/O
                         net (fo=1, routed)           0.598     8.142    control/Data_Out[7]_i_4_n_0
    SLICE_X2Y88          LUT2 (Prop_lut2_I0_O)        0.124     8.266 r  control/Data_Out[7]_i_2/O
                         net (fo=8, routed)           0.825     9.091    registerA/E[0]
    SLICE_X2Y87          FDRE                                         r  registerA/Data_Out_reg[2]/CE
  -------------------------------------------------------------------    -------------------

                         (clock Clk rise edge)       10.000    10.000 r  
    N15                                               0.000    10.000 r  Clk (IN)
                         net (fo=0)                   0.000    10.000    Clk
    N15                  IBUF (Prop_ibuf_I_O)         1.370    11.370 r  Clk_IBUF_inst/O
                         net (fo=1, routed)           1.868    13.238    Clk_IBUF
    BUFGCTRL_X0Y0        BUFG (Prop_bufg_I_O)         0.091    13.329 r  Clk_IBUF_BUFG_inst/O
                         net (fo=253, routed)         1.505    14.834    registerA/Clk_IBUF_BUFG
    SLICE_X2Y87          FDRE                                         r  registerA/Data_Out_reg[2]/C
                         clock pessimism              0.257    15.091    
                         clock uncertainty           -0.035    15.055    
    SLICE_X2Y87          FDRE (Setup_fdre_C_CE)      -0.169    14.886    registerA/Data_Out_reg[2]
  -------------------------------------------------------------------
                         required time                         14.886    
                         arrival time                          -9.091    
  -------------------------------------------------------------------
                         slack                                  5.795    

Slack (MET) :             5.870ns  (required time - arrival time)
  Source:                 control/FSM_onehot_curr_state_reg[9]/C
                            (rising edge-triggered cell FDRE clocked by Clk  {rise@0.000ns fall@5.000ns period=10.000ns})
  Destination:            registerA/Data_Out_reg[3]/D
                            (rising edge-triggered cell FDRE clocked by Clk  {rise@0.000ns fall@5.000ns period=10.000ns})
  Path Group:             Clk
  Path Type:              Setup (Max at Slow Process Corner)
  Requirement:            10.000ns  (Clk rise@10.000ns - Clk rise@0.000ns)
  Data Path Delay:        4.085ns  (logic 1.339ns (32.780%)  route 2.746ns (67.220%))
  Logic Levels:           4  (LUT5=2 LUT6=2)
  Clock Path Skew:        -0.039ns (DCD - SCD + CPR)
    Destination Clock Delay (DCD):    4.833ns = ( 14.833 - 10.000 ) 
    Source Clock Delay      (SCD):    5.129ns
    Clock Pessimism Removal (CPR):    0.257ns
  Clock Uncertainty:      0.035ns  ((TSJ^2 + TIJ^2)^1/2 + DJ) / 2 + PE
    Total System Jitter     (TSJ):    0.071ns
    Total Input Jitter      (TIJ):    0.000ns
    Discrete Jitter          (DJ):    0.000ns
    Phase Error              (PE):    0.000ns

    Location             Delay type                Incr(ns)  Path(ns)    Netlist Resource(s)
  -------------------------------------------------------------------    -------------------
                         (clock Clk rise edge)        0.000     0.000 r  
    N15                                               0.000     0.000 r  Clk (IN)
                         net (fo=0)                   0.000     0.000    Clk
    N15                  IBUF (Prop_ibuf_I_O)         1.440     1.440 r  Clk_IBUF_inst/O
                         net (fo=1, routed)           1.972     3.412    Clk_IBUF
    BUFGCTRL_X0Y0        BUFG (Prop_bufg_I_O)         0.096     3.508 r  Clk_IBUF_BUFG_inst/O
                         net (fo=253, routed)         1.621     5.129    control/Clk_IBUF_BUFG
    SLICE_X4Y89          FDRE                                         r  control/FSM_onehot_curr_state_reg[9]/C
  -------------------------------------------------------------------    -------------------
    SLICE_X4Y89          FDRE (Prop_fdre_C_Q)         0.419     5.548 f  control/FSM_onehot_curr_state_reg[9]/Q
                         net (fo=2, routed)           0.836     6.384    control/FSM_onehot_curr_state_reg_n_0_[9]
    SLICE_X5Y89          LUT6 (Prop_lut6_I0_O)        0.296     6.680 f  control/clearXA_reg_i_2/O
                         net (fo=8, routed)           1.005     7.685    control/clearXA_reg_i_2_n_0
    SLICE_X2Y87          LUT5 (Prop_lut5_I0_O)        0.152     7.837 r  control/Data_Out[4]_i_3/O
                         net (fo=2, routed)           0.607     8.444    control/Data_Out[4]_i_3_n_0
    SLICE_X2Y86          LUT5 (Prop_lut5_I4_O)        0.348     8.792 r  control/Data_Out[3]_i_2/O
                         net (fo=2, routed)           0.297     9.090    control/Data_Out[3]_i_2_n_0
    SLICE_X1Y86          LUT6 (Prop_lut6_I2_O)        0.124     9.214 r  control/Data_Out[3]_i_1/O
                         net (fo=1, routed)           0.000     9.214    registerA/D[2]
    SLICE_X1Y86          FDRE                                         r  registerA/Data_Out_reg[3]/D
  -------------------------------------------------------------------    -------------------

                         (clock Clk rise edge)       10.000    10.000 r  
    N15                                               0.000    10.000 r  Clk (IN)
                         net (fo=0)                   0.000    10.000    Clk
    N15                  IBUF (Prop_ibuf_I_O)         1.370    11.370 r  Clk_IBUF_inst/O
                         net (fo=1, routed)           1.868    13.238    Clk_IBUF
    BUFGCTRL_X0Y0        BUFG (Prop_bufg_I_O)         0.091    13.329 r  Clk_IBUF_BUFG_inst/O
                         net (fo=253, routed)         1.504    14.833    registerA/Clk_IBUF_BUFG
    SLICE_X1Y86          FDRE                                         r  registerA/Data_Out_reg[3]/C
                         clock pessimism              0.257    15.090    
                         clock uncertainty           -0.035    15.054    
    SLICE_X1Y86          FDRE (Setup_fdre_C_D)        0.029    15.083    registerA/Data_Out_reg[3]
  -------------------------------------------------------------------
                         required time                         15.083    
                         arrival time                          -9.214    
  -------------------------------------------------------------------
                         slack                                  5.870    

Slack (MET) :             5.874ns  (required time - arrival time)
  Source:                 control/FSM_onehot_curr_state_reg[9]/C
                            (rising edge-triggered cell FDRE clocked by Clk  {rise@0.000ns fall@5.000ns period=10.000ns})
  Destination:            registerB/Data_Out_reg[2]_lopt_replica/CE
                            (rising edge-triggered cell FDRE clocked by Clk  {rise@0.000ns fall@5.000ns period=10.000ns})
  Path Group:             Clk
  Path Type:              Setup (Max at Slow Process Corner)
  Requirement:            10.000ns  (Clk rise@10.000ns - Clk rise@0.000ns)
  Data Path Delay:        3.883ns  (logic 0.839ns (21.608%)  route 3.044ns (78.392%))
  Logic Levels:           2  (LUT6=2)
  Clock Path Skew:        -0.039ns (DCD - SCD + CPR)
    Destination Clock Delay (DCD):    4.833ns = ( 14.833 - 10.000 ) 
    Source Clock Delay      (SCD):    5.129ns
    Clock Pessimism Removal (CPR):    0.257ns
  Clock Uncertainty:      0.035ns  ((TSJ^2 + TIJ^2)^1/2 + DJ) / 2 + PE
    Total System Jitter     (TSJ):    0.071ns
    Total Input Jitter      (TIJ):    0.000ns
    Discrete Jitter          (DJ):    0.000ns
    Phase Error              (PE):    0.000ns

    Location             Delay type                Incr(ns)  Path(ns)    Netlist Resource(s)
  -------------------------------------------------------------------    -------------------
                         (clock Clk rise edge)        0.000     0.000 r  
    N15                                               0.000     0.000 r  Clk (IN)
                         net (fo=0)                   0.000     0.000    Clk
    N15                  IBUF (Prop_ibuf_I_O)         1.440     1.440 r  Clk_IBUF_inst/O
                         net (fo=1, routed)           1.972     3.412    Clk_IBUF
    BUFGCTRL_X0Y0        BUFG (Prop_bufg_I_O)         0.096     3.508 r  Clk_IBUF_BUFG_inst/O
                         net (fo=253, routed)         1.621     5.129    control/Clk_IBUF_BUFG
    SLICE_X4Y89          FDRE                                         r  control/FSM_onehot_curr_state_reg[9]/C
  -------------------------------------------------------------------    -------------------
    SLICE_X4Y89          FDRE (Prop_fdre_C_Q)         0.419     5.548 f  control/FSM_onehot_curr_state_reg[9]/Q
                         net (fo=2, routed)           0.836     6.384    control/FSM_onehot_curr_state_reg_n_0_[9]
    SLICE_X5Y89          LUT6 (Prop_lut6_I0_O)        0.296     6.680 f  control/clearXA_reg_i_2/O
                         net (fo=8, routed)           1.053     7.732    control/clearXA_reg_i_2_n_0
    SLICE_X4Y88          LUT6 (Prop_lut6_I5_O)        0.124     7.856 r  control/Data_Out[7]_i_1/O
                         net (fo=16, routed)          1.155     9.012    registerB/Data_Out_reg[7]_0
    SLICE_X2Y85          FDRE                                         r  registerB/Data_Out_reg[2]_lopt_replica/CE
  -------------------------------------------------------------------    -------------------

                         (clock Clk rise edge)       10.000    10.000 r  
    N15                                               0.000    10.000 r  Clk (IN)
                         net (fo=0)                   0.000    10.000    Clk
    N15                  IBUF (Prop_ibuf_I_O)         1.370    11.370 r  Clk_IBUF_inst/O
                         net (fo=1, routed)           1.868    13.238    Clk_IBUF
    BUFGCTRL_X0Y0        BUFG (Prop_bufg_I_O)         0.091    13.329 r  Clk_IBUF_BUFG_inst/O
                         net (fo=253, routed)         1.504    14.833    registerB/Clk_IBUF_BUFG
    SLICE_X2Y85          FDRE                                         r  registerB/Data_Out_reg[2]_lopt_replica/C
                         clock pessimism              0.257    15.090    
                         clock uncertainty           -0.035    15.054    
    SLICE_X2Y85          FDRE (Setup_fdre_C_CE)      -0.169    14.885    registerB/Data_Out_reg[2]_lopt_replica
  -------------------------------------------------------------------
                         required time                         14.885    
                         arrival time                          -9.012    
  -------------------------------------------------------------------
                         slack                                  5.874    

Slack (MET) :             6.020ns  (required time - arrival time)
  Source:                 control/FSM_onehot_curr_state_reg[9]/C
                            (rising edge-triggered cell FDRE clocked by Clk  {rise@0.000ns fall@5.000ns period=10.000ns})
  Destination:            registerB/Data_Out_reg[3]_lopt_replica/CE
                            (rising edge-triggered cell FDRE clocked by Clk  {rise@0.000ns fall@5.000ns period=10.000ns})
  Path Group:             Clk
  Path Type:              Setup (Max at Slow Process Corner)
  Requirement:            10.000ns  (Clk rise@10.000ns - Clk rise@0.000ns)
  Data Path Delay:        3.700ns  (logic 0.839ns (22.674%)  route 2.861ns (77.326%))
  Logic Levels:           2  (LUT6=2)
  Clock Path Skew:        -0.039ns (DCD - SCD + CPR)
    Destination Clock Delay (DCD):    4.833ns = ( 14.833 - 10.000 ) 
    Source Clock Delay      (SCD):    5.129ns
    Clock Pessimism Removal (CPR):    0.257ns
  Clock Uncertainty:      0.035ns  ((TSJ^2 + TIJ^2)^1/2 + DJ) / 2 + PE
    Total System Jitter     (TSJ):    0.071ns
    Total Input Jitter      (TIJ):    0.000ns
    Discrete Jitter          (DJ):    0.000ns
    Phase Error              (PE):    0.000ns

    Location             Delay type                Incr(ns)  Path(ns)    Netlist Resource(s)
  -------------------------------------------------------------------    -------------------
                         (clock Clk rise edge)        0.000     0.000 r  
    N15                                               0.000     0.000 r  Clk (IN)
                         net (fo=0)                   0.000     0.000    Clk
    N15                  IBUF (Prop_ibuf_I_O)         1.440     1.440 r  Clk_IBUF_inst/O
                         net (fo=1, routed)           1.972     3.412    Clk_IBUF
    BUFGCTRL_X0Y0        BUFG (Prop_bufg_I_O)         0.096     3.508 r  Clk_IBUF_BUFG_inst/O
                         net (fo=253, routed)         1.621     5.129    control/Clk_IBUF_BUFG
    SLICE_X4Y89          FDRE                                         r  control/FSM_onehot_curr_state_reg[9]/C
  -------------------------------------------------------------------    -------------------
    SLICE_X4Y89          FDRE (Prop_fdre_C_Q)         0.419     5.548 f  control/FSM_onehot_curr_state_reg[9]/Q
                         net (fo=2, routed)           0.836     6.384    control/FSM_onehot_curr_state_reg_n_0_[9]
    SLICE_X5Y89          LUT6 (Prop_lut6_I0_O)        0.296     6.680 f  control/clearXA_reg_i_2/O
                         net (fo=8, routed)           1.053     7.732    control/clearXA_reg_i_2_n_0
    SLICE_X4Y88          LUT6 (Prop_lut6_I5_O)        0.124     7.856 r  control/Data_Out[7]_i_1/O
                         net (fo=16, routed)          0.973     8.829    registerB/Data_Out_reg[7]_0
    SLICE_X3Y85          FDRE                                         r  registerB/Data_Out_reg[3]_lopt_replica/CE
  -------------------------------------------------------------------    -------------------

                         (clock Clk rise edge)       10.000    10.000 r  
    N15                                               0.000    10.000 r  Clk (IN)
                         net (fo=0)                   0.000    10.000    Clk
    N15                  IBUF (Prop_ibuf_I_O)         1.370    11.370 r  Clk_IBUF_inst/O
                         net (fo=1, routed)           1.868    13.238    Clk_IBUF
    BUFGCTRL_X0Y0        BUFG (Prop_bufg_I_O)         0.091    13.329 r  Clk_IBUF_BUFG_inst/O
                         net (fo=253, routed)         1.504    14.833    registerB/Clk_IBUF_BUFG
    SLICE_X3Y85          FDRE                                         r  registerB/Data_Out_reg[3]_lopt_replica/C
                         clock pessimism              0.257    15.090    
                         clock uncertainty           -0.035    15.054    
    SLICE_X3Y85          FDRE (Setup_fdre_C_CE)      -0.205    14.849    registerB/Data_Out_reg[3]_lopt_replica
  -------------------------------------------------------------------
                         required time                         14.849    
                         arrival time                          -8.829    
  -------------------------------------------------------------------
                         slack                                  6.020    





Min Delay Paths
--------------------------------------------------------------------------------------
Slack (MET) :             0.199ns  (arrival time - required time)
  Source:                 Sin_sync[2]/ff2_reg/C
                            (rising edge-triggered cell FDRE clocked by Clk  {rise@0.000ns fall@5.000ns period=10.000ns})
  Destination:            Sin_sync[2]/q_reg/D
                            (rising edge-triggered cell FDRE clocked by Clk  {rise@0.000ns fall@5.000ns period=10.000ns})
  Path Group:             Clk
  Path Type:              Hold (Min at Fast Process Corner)
  Requirement:            0.000ns  (Clk rise@0.000ns - Clk rise@0.000ns)
  Data Path Delay:        0.319ns  (logic 0.246ns (77.056%)  route 0.073ns (22.944%))
  Logic Levels:           1  (LUT4=1)
  Clock Path Skew:        0.000ns (DCD - SCD - CPR)
    Destination Clock Delay (DCD):    1.970ns
    Source Clock Delay      (SCD):    1.455ns
    Clock Pessimism Removal (CPR):    0.515ns

    Location             Delay type                Incr(ns)  Path(ns)    Netlist Resource(s)
  -------------------------------------------------------------------    -------------------
                         (clock Clk rise edge)        0.000     0.000 r  
    N15                                               0.000     0.000 r  Clk (IN)
                         net (fo=0)                   0.000     0.000    Clk
    N15                  IBUF (Prop_ibuf_I_O)         0.209     0.209 r  Clk_IBUF_inst/O
                         net (fo=1, routed)           0.634     0.843    Clk_IBUF
    BUFGCTRL_X0Y0        BUFG (Prop_bufg_I_O)         0.026     0.869 r  Clk_IBUF_BUFG_inst/O
                         net (fo=253, routed)         0.587     1.455    Sin_sync[2]/Clk_IBUF_BUFG
    SLICE_X6Y86          FDRE                                         r  Sin_sync[2]/ff2_reg/C
  -------------------------------------------------------------------    -------------------
    SLICE_X6Y86          FDRE (Prop_fdre_C_Q)         0.148     1.603 r  Sin_sync[2]/ff2_reg/Q
                         net (fo=2, routed)           0.073     1.677    Sin_sync[2]/ff2
    SLICE_X6Y86          LUT4 (Prop_lut4_I2_O)        0.098     1.775 r  Sin_sync[2]/q_i_1__3/O
                         net (fo=1, routed)           0.000     1.775    Sin_sync[2]/q_i_1__3_n_0
    SLICE_X6Y86          FDRE                                         r  Sin_sync[2]/q_reg/D
  -------------------------------------------------------------------    -------------------

                         (clock Clk rise edge)        0.000     0.000 r  
    N15                                               0.000     0.000 r  Clk (IN)
                         net (fo=0)                   0.000     0.000    Clk
    N15                  IBUF (Prop_ibuf_I_O)         0.396     0.396 r  Clk_IBUF_inst/O
                         net (fo=1, routed)           0.689     1.085    Clk_IBUF
    BUFGCTRL_X0Y0        BUFG (Prop_bufg_I_O)         0.029     1.114 r  Clk_IBUF_BUFG_inst/O
                         net (fo=253, routed)         0.856     1.970    Sin_sync[2]/Clk_IBUF_BUFG
    SLICE_X6Y86          FDRE                                         r  Sin_sync[2]/q_reg/C
                         clock pessimism             -0.515     1.455    
    SLICE_X6Y86          FDRE (Hold_fdre_C_D)         0.120     1.575    Sin_sync[2]/q_reg
  -------------------------------------------------------------------
                         required time                         -1.575    
                         arrival time                           1.775    
  -------------------------------------------------------------------
                         slack                                  0.199    

Slack (MET) :             0.200ns  (arrival time - required time)
  Source:                 Run_sync/ff2_reg/C
                            (rising edge-triggered cell FDRE clocked by Clk  {rise@0.000ns fall@5.000ns period=10.000ns})
  Destination:            Run_sync/q_reg/D
                            (rising edge-triggered cell FDRE clocked by Clk  {rise@0.000ns fall@5.000ns period=10.000ns})
  Path Group:             Clk
  Path Type:              Hold (Min at Fast Process Corner)
  Requirement:            0.000ns  (Clk rise@0.000ns - Clk rise@0.000ns)
  Data Path Delay:        0.320ns  (logic 0.246ns (76.992%)  route 0.074ns (23.008%))
  Logic Levels:           1  (LUT4=1)
  Clock Path Skew:        0.000ns (DCD - SCD - CPR)
    Destination Clock Delay (DCD):    1.974ns
    Source Clock Delay      (SCD):    1.458ns
    Clock Pessimism Removal (CPR):    0.516ns

    Location             Delay type                Incr(ns)  Path(ns)    Netlist Resource(s)
  -------------------------------------------------------------------    -------------------
                         (clock Clk rise edge)        0.000     0.000 r  
    N15                                               0.000     0.000 r  Clk (IN)
                         net (fo=0)                   0.000     0.000    Clk
    N15                  IBUF (Prop_ibuf_I_O)         0.209     0.209 r  Clk_IBUF_inst/O
                         net (fo=1, routed)           0.634     0.843    Clk_IBUF
    BUFGCTRL_X0Y0        BUFG (Prop_bufg_I_O)         0.026     0.869 r  Clk_IBUF_BUFG_inst/O
                         net (fo=253, routed)         0.590     1.458    Run_sync/Clk_IBUF_BUFG
    SLICE_X6Y92          FDRE                                         r  Run_sync/ff2_reg/C
  -------------------------------------------------------------------    -------------------
    SLICE_X6Y92          FDRE (Prop_fdre_C_Q)         0.148     1.606 r  Run_sync/ff2_reg/Q
                         net (fo=2, routed)           0.074     1.680    Run_sync/ff2
    SLICE_X6Y92          LUT4 (Prop_lut4_I2_O)        0.098     1.778 r  Run_sync/q_i_1/O
                         net (fo=1, routed)           0.000     1.778    Run_sync/q_i_1_n_0
    SLICE_X6Y92          FDRE                                         r  Run_sync/q_reg/D
  -------------------------------------------------------------------    -------------------

                         (clock Clk rise edge)        0.000     0.000 r  
    N15                                               0.000     0.000 r  Clk (IN)
                         net (fo=0)                   0.000     0.000    Clk
    N15                  IBUF (Prop_ibuf_I_O)         0.396     0.396 r  Clk_IBUF_inst/O
                         net (fo=1, routed)           0.689     1.085    Clk_IBUF
    BUFGCTRL_X0Y0        BUFG (Prop_bufg_I_O)         0.029     1.114 r  Clk_IBUF_BUFG_inst/O
                         net (fo=253, routed)         0.860     1.974    Run_sync/Clk_IBUF_BUFG
    SLICE_X6Y92          FDRE                                         r  Run_sync/q_reg/C
                         clock pessimism             -0.516     1.458    
    SLICE_X6Y92          FDRE (Hold_fdre_C_D)         0.120     1.578    Run_sync/q_reg
  -------------------------------------------------------------------
                         required time                         -1.578    
                         arrival time                           1.778    
  -------------------------------------------------------------------
                         slack                                  0.200    

Slack (MET) :             0.200ns  (arrival time - required time)
  Source:                 Sin_sync[0]/ff2_reg/C
                            (rising edge-triggered cell FDRE clocked by Clk  {rise@0.000ns fall@5.000ns period=10.000ns})
  Destination:            Sin_sync[0]/q_reg/D
                            (rising edge-triggered cell FDRE clocked by Clk  {rise@0.000ns fall@5.000ns period=10.000ns})
  Path Group:             Clk
  Path Type:              Hold (Min at Fast Process Corner)
  Requirement:            0.000ns  (Clk rise@0.000ns - Clk rise@0.000ns)
  Data Path Delay:        0.320ns  (logic 0.246ns (76.992%)  route 0.074ns (23.008%))
  Logic Levels:           1  (LUT4=1)
  Clock Path Skew:        0.000ns (DCD - SCD - CPR)
    Destination Clock Delay (DCD):    1.971ns
    Source Clock Delay      (SCD):    1.457ns
    Clock Pessimism Removal (CPR):    0.514ns

    Location             Delay type                Incr(ns)  Path(ns)    Netlist Resource(s)
  -------------------------------------------------------------------    -------------------
                         (clock Clk rise edge)        0.000     0.000 r  
    N15                                               0.000     0.000 r  Clk (IN)
                         net (fo=0)                   0.000     0.000    Clk
    N15                  IBUF (Prop_ibuf_I_O)         0.209     0.209 r  Clk_IBUF_inst/O
                         net (fo=1, routed)           0.634     0.843    Clk_IBUF
    BUFGCTRL_X0Y0        BUFG (Prop_bufg_I_O)         0.026     0.869 r  Clk_IBUF_BUFG_inst/O
                         net (fo=253, routed)         0.589     1.457    Sin_sync[0]/Clk_IBUF_BUFG
    SLICE_X2Y84          FDRE                                         r  Sin_sync[0]/ff2_reg/C
  -------------------------------------------------------------------    -------------------
    SLICE_X2Y84          FDRE (Prop_fdre_C_Q)         0.148     1.605 r  Sin_sync[0]/ff2_reg/Q
                         net (fo=2, routed)           0.074     1.679    Sin_sync[0]/ff2
    SLICE_X2Y84          LUT4 (Prop_lut4_I2_O)        0.098     1.777 r  Sin_sync[0]/q_i_1__1/O
                         net (fo=1, routed)           0.000     1.777    Sin_sync[0]/q_i_1__1_n_0
    SLICE_X2Y84          FDRE                                         r  Sin_sync[0]/q_reg/D
  -------------------------------------------------------------------    -------------------

                         (clock Clk rise edge)        0.000     0.000 r  
    N15                                               0.000     0.000 r  Clk (IN)
                         net (fo=0)                   0.000     0.000    Clk
    N15                  IBUF (Prop_ibuf_I_O)         0.396     0.396 r  Clk_IBUF_inst/O
                         net (fo=1, routed)           0.689     1.085    Clk_IBUF
    BUFGCTRL_X0Y0        BUFG (Prop_bufg_I_O)         0.029     1.114 r  Clk_IBUF_BUFG_inst/O
                         net (fo=253, routed)         0.857     1.971    Sin_sync[0]/Clk_IBUF_BUFG
    SLICE_X2Y84          FDRE                                         r  Sin_sync[0]/q_reg/C
                         clock pessimism             -0.514     1.457    
    SLICE_X2Y84          FDRE (Hold_fdre_C_D)         0.120     1.577    Sin_sync[0]/q_reg
  -------------------------------------------------------------------
                         required time                         -1.577    
                         arrival time                           1.777    
  -------------------------------------------------------------------
                         slack                                  0.200    

Slack (MET) :             0.205ns  (arrival time - required time)
  Source:                 Sin_sync[4]/ff2_reg/C
                            (rising edge-triggered cell FDRE clocked by Clk  {rise@0.000ns fall@5.000ns period=10.000ns})
  Destination:            Sin_sync[4]/q_reg/D
                            (rising edge-triggered cell FDRE clocked by Clk  {rise@0.000ns fall@5.000ns period=10.000ns})
  Path Group:             Clk
  Path Type:              Hold (Min at Fast Process Corner)
  Requirement:            0.000ns  (Clk rise@0.000ns - Clk rise@0.000ns)
  Data Path Delay:        0.296ns  (logic 0.227ns (76.736%)  route 0.069ns (23.264%))
  Logic Levels:           1  (LUT4=1)
  Clock Path Skew:        0.000ns (DCD - SCD - CPR)
    Destination Clock Delay (DCD):    1.963ns
    Source Clock Delay      (SCD):    1.449ns
    Clock Pessimism Removal (CPR):    0.514ns

    Location             Delay type                Incr(ns)  Path(ns)    Netlist Resource(s)
  -------------------------------------------------------------------    -------------------
                         (clock Clk rise edge)        0.000     0.000 r  
    N15                                               0.000     0.000 r  Clk (IN)
                         net (fo=0)                   0.000     0.000    Clk
    N15                  IBUF (Prop_ibuf_I_O)         0.209     0.209 r  Clk_IBUF_inst/O
                         net (fo=1, routed)           0.634     0.843    Clk_IBUF
    BUFGCTRL_X0Y0        BUFG (Prop_bufg_I_O)         0.026     0.869 r  Clk_IBUF_BUFG_inst/O
                         net (fo=253, routed)         0.581     1.449    Sin_sync[4]/Clk_IBUF_BUFG
    SLICE_X7Y78          FDRE                                         r  Sin_sync[4]/ff2_reg/C
  -------------------------------------------------------------------    -------------------
    SLICE_X7Y78          FDRE (Prop_fdre_C_Q)         0.128     1.577 r  Sin_sync[4]/ff2_reg/Q
                         net (fo=2, routed)           0.069     1.646    Sin_sync[4]/ff2
    SLICE_X7Y78          LUT4 (Prop_lut4_I2_O)        0.099     1.745 r  Sin_sync[4]/q_i_1__5/O
                         net (fo=1, routed)           0.000     1.745    Sin_sync[4]/q_i_1__5_n_0
    SLICE_X7Y78          FDRE                                         r  Sin_sync[4]/q_reg/D
  -------------------------------------------------------------------    -------------------

                         (clock Clk rise edge)        0.000     0.000 r  
    N15                                               0.000     0.000 r  Clk (IN)
                         net (fo=0)                   0.000     0.000    Clk
    N15                  IBUF (Prop_ibuf_I_O)         0.396     0.396 r  Clk_IBUF_inst/O
                         net (fo=1, routed)           0.689     1.085    Clk_IBUF
    BUFGCTRL_X0Y0        BUFG (Prop_bufg_I_O)         0.029     1.114 r  Clk_IBUF_BUFG_inst/O
                         net (fo=253, routed)         0.850     1.963    Sin_sync[4]/Clk_IBUF_BUFG
    SLICE_X7Y78          FDRE                                         r  Sin_sync[4]/q_reg/C
                         clock pessimism             -0.514     1.449    
    SLICE_X7Y78          FDRE (Hold_fdre_C_D)         0.091     1.540    Sin_sync[4]/q_reg
  -------------------------------------------------------------------
                         required time                         -1.540    
                         arrival time                           1.745    
  -------------------------------------------------------------------
                         slack                                  0.205    

Slack (MET) :             0.206ns  (arrival time - required time)
  Source:                 Reset_sync/ff2_reg/C
                            (rising edge-triggered cell FDRE clocked by Clk  {rise@0.000ns fall@5.000ns period=10.000ns})
  Destination:            Reset_sync/q_reg/D
                            (rising edge-triggered cell FDRE clocked by Clk  {rise@0.000ns fall@5.000ns period=10.000ns})
  Path Group:             Clk
  Path Type:              Hold (Min at Fast Process Corner)
  Requirement:            0.000ns  (Clk rise@0.000ns - Clk rise@0.000ns)
  Data Path Delay:        0.297ns  (logic 0.227ns (76.391%)  route 0.070ns (23.609%))
  Logic Levels:           1  (LUT4=1)
  Clock Path Skew:        0.000ns (DCD - SCD - CPR)
    Destination Clock Delay (DCD):    1.974ns
    Source Clock Delay      (SCD):    1.458ns
    Clock Pessimism Removal (CPR):    0.516ns

    Location             Delay type                Incr(ns)  Path(ns)    Netlist Resource(s)
  -------------------------------------------------------------------    -------------------
                         (clock Clk rise edge)        0.000     0.000 r  
    N15                                               0.000     0.000 r  Clk (IN)
                         net (fo=0)                   0.000     0.000    Clk
    N15                  IBUF (Prop_ibuf_I_O)         0.209     0.209 r  Clk_IBUF_inst/O
                         net (fo=1, routed)           0.634     0.843    Clk_IBUF
    BUFGCTRL_X0Y0        BUFG (Prop_bufg_I_O)         0.026     0.869 r  Clk_IBUF_BUFG_inst/O
                         net (fo=253, routed)         0.590     1.458    Reset_sync/Clk_IBUF_BUFG
    SLICE_X5Y90          FDRE                                         r  Reset_sync/ff2_reg/C
  -------------------------------------------------------------------    -------------------
    SLICE_X5Y90          FDRE (Prop_fdre_C_Q)         0.128     1.586 r  Reset_sync/ff2_reg/Q
                         net (fo=2, routed)           0.070     1.657    Reset_sync/ff2
    SLICE_X5Y90          LUT4 (Prop_lut4_I2_O)        0.099     1.756 r  Reset_sync/q_i_1__0/O
                         net (fo=1, routed)           0.000     1.756    Reset_sync/q_i_1__0_n_0
    SLICE_X5Y90          FDRE                                         r  Reset_sync/q_reg/D
  -------------------------------------------------------------------    -------------------

                         (clock Clk rise edge)        0.000     0.000 r  
    N15                                               0.000     0.000 r  Clk (IN)
                         net (fo=0)                   0.000     0.000    Clk
    N15                  IBUF (Prop_ibuf_I_O)         0.396     0.396 r  Clk_IBUF_inst/O
                         net (fo=1, routed)           0.689     1.085    Clk_IBUF
    BUFGCTRL_X0Y0        BUFG (Prop_bufg_I_O)         0.029     1.114 r  Clk_IBUF_BUFG_inst/O
                         net (fo=253, routed)         0.860     1.974    Reset_sync/Clk_IBUF_BUFG
    SLICE_X5Y90          FDRE                                         r  Reset_sync/q_reg/C
                         clock pessimism             -0.516     1.458    
    SLICE_X5Y90          FDRE (Hold_fdre_C_D)         0.091     1.549    Reset_sync/q_reg
  -------------------------------------------------------------------
                         required time                         -1.549    
                         arrival time                           1.756    
  -------------------------------------------------------------------
                         slack                                  0.206    

Slack (MET) :             0.210ns  (arrival time - required time)
  Source:                 control/FSM_onehot_curr_state_reg[13]/C
                            (rising edge-triggered cell FDRE clocked by Clk  {rise@0.000ns fall@5.000ns period=10.000ns})
  Destination:            control/FSM_onehot_curr_state_reg[14]/D
                            (rising edge-triggered cell FDRE clocked by Clk  {rise@0.000ns fall@5.000ns period=10.000ns})
  Path Group:             Clk
  Path Type:              Hold (Min at Fast Process Corner)
  Requirement:            0.000ns  (Clk rise@0.000ns - Clk rise@0.000ns)
  Data Path Delay:        0.257ns  (logic 0.141ns (54.798%)  route 0.116ns (45.202%))
  Logic Levels:           0  
  Clock Path Skew:        0.000ns (DCD - SCD - CPR)
    Destination Clock Delay (DCD):    1.973ns
    Source Clock Delay      (SCD):    1.457ns
    Clock Pessimism Removal (CPR):    0.516ns

    Location             Delay type                Incr(ns)  Path(ns)    Netlist Resource(s)
  -------------------------------------------------------------------    -------------------
                         (clock Clk rise edge)        0.000     0.000 r  
    N15                                               0.000     0.000 r  Clk (IN)
                         net (fo=0)                   0.000     0.000    Clk
    N15                  IBUF (Prop_ibuf_I_O)         0.209     0.209 r  Clk_IBUF_inst/O
                         net (fo=1, routed)           0.634     0.843    Clk_IBUF
    BUFGCTRL_X0Y0        BUFG (Prop_bufg_I_O)         0.026     0.869 r  Clk_IBUF_BUFG_inst/O
                         net (fo=253, routed)         0.589     1.457    control/Clk_IBUF_BUFG
    SLICE_X5Y89          FDRE                                         r  control/FSM_onehot_curr_state_reg[13]/C
  -------------------------------------------------------------------    -------------------
    SLICE_X5Y89          FDRE (Prop_fdre_C_Q)         0.141     1.598 r  control/FSM_onehot_curr_state_reg[13]/Q
                         net (fo=2, routed)           0.116     1.715    control/FSM_onehot_curr_state_reg_n_0_[13]
    SLICE_X5Y89          FDRE                                         r  control/FSM_onehot_curr_state_reg[14]/D
  -------------------------------------------------------------------    -------------------

                         (clock Clk rise edge)        0.000     0.000 r  
    N15                                               0.000     0.000 r  Clk (IN)
                         net (fo=0)                   0.000     0.000    Clk
    N15                  IBUF (Prop_ibuf_I_O)         0.396     0.396 r  Clk_IBUF_inst/O
                         net (fo=1, routed)           0.689     1.085    Clk_IBUF
    BUFGCTRL_X0Y0        BUFG (Prop_bufg_I_O)         0.029     1.114 r  Clk_IBUF_BUFG_inst/O
                         net (fo=253, routed)         0.860     1.973    control/Clk_IBUF_BUFG
    SLICE_X5Y89          FDRE                                         r  control/FSM_onehot_curr_state_reg[14]/C
                         clock pessimism             -0.516     1.457    
    SLICE_X5Y89          FDRE (Hold_fdre_C_D)         0.047     1.504    control/FSM_onehot_curr_state_reg[14]
  -------------------------------------------------------------------
                         required time                         -1.504    
                         arrival time                           1.715    
  -------------------------------------------------------------------
                         slack                                  0.210    

Slack (MET) :             0.217ns  (arrival time - required time)
  Source:                 control/FSM_onehot_curr_state_reg[10]/C
                            (rising edge-triggered cell FDRE clocked by Clk  {rise@0.000ns fall@5.000ns period=10.000ns})
  Destination:            control/FSM_onehot_curr_state_reg[11]/D
                            (rising edge-triggered cell FDRE clocked by Clk  {rise@0.000ns fall@5.000ns period=10.000ns})
  Path Group:             Clk
  Path Type:              Hold (Min at Fast Process Corner)
  Requirement:            0.000ns  (Clk rise@0.000ns - Clk rise@0.000ns)
  Data Path Delay:        0.300ns  (logic 0.141ns (47.028%)  route 0.159ns (52.972%))
  Logic Levels:           0  
  Clock Path Skew:        0.017ns (DCD - SCD - CPR)
    Destination Clock Delay (DCD):    1.974ns
    Source Clock Delay      (SCD):    1.457ns
    Clock Pessimism Removal (CPR):    0.500ns

    Location             Delay type                Incr(ns)  Path(ns)    Netlist Resource(s)
  -------------------------------------------------------------------    -------------------
                         (clock Clk rise edge)        0.000     0.000 r  
    N15                                               0.000     0.000 r  Clk (IN)
                         net (fo=0)                   0.000     0.000    Clk
    N15                  IBUF (Prop_ibuf_I_O)         0.209     0.209 r  Clk_IBUF_inst/O
                         net (fo=1, routed)           0.634     0.843    Clk_IBUF
    BUFGCTRL_X0Y0        BUFG (Prop_bufg_I_O)         0.026     0.869 r  Clk_IBUF_BUFG_inst/O
                         net (fo=253, routed)         0.589     1.457    control/Clk_IBUF_BUFG
    SLICE_X4Y89          FDRE                                         r  control/FSM_onehot_curr_state_reg[10]/C
  -------------------------------------------------------------------    -------------------
    SLICE_X4Y89          FDRE (Prop_fdre_C_Q)         0.141     1.598 r  control/FSM_onehot_curr_state_reg[10]/Q
                         net (fo=2, routed)           0.159     1.757    control/FSM_onehot_curr_state_reg_n_0_[10]
    SLICE_X4Y90          FDRE                                         r  control/FSM_onehot_curr_state_reg[11]/D
  -------------------------------------------------------------------    -------------------

                         (clock Clk rise edge)        0.000     0.000 r  
    N15                                               0.000     0.000 r  Clk (IN)
                         net (fo=0)                   0.000     0.000    Clk
    N15                  IBUF (Prop_ibuf_I_O)         0.396     0.396 r  Clk_IBUF_inst/O
                         net (fo=1, routed)           0.689     1.085    Clk_IBUF
    BUFGCTRL_X0Y0        BUFG (Prop_bufg_I_O)         0.029     1.114 r  Clk_IBUF_BUFG_inst/O
                         net (fo=253, routed)         0.860     1.974    control/Clk_IBUF_BUFG
    SLICE_X4Y90          FDRE                                         r  control/FSM_onehot_curr_state_reg[11]/C
                         clock pessimism             -0.500     1.474    
    SLICE_X4Y90          FDRE (Hold_fdre_C_D)         0.066     1.540    control/FSM_onehot_curr_state_reg[11]
  -------------------------------------------------------------------
                         required time                         -1.540    
                         arrival time                           1.757    
  -------------------------------------------------------------------
                         slack                                  0.217    

Slack (MET) :             0.232ns  (arrival time - required time)
  Source:                 Sin_sync[6]/ff2_reg/C
                            (rising edge-triggered cell FDRE clocked by Clk  {rise@0.000ns fall@5.000ns period=10.000ns})
  Destination:            Sin_sync[6]/q_reg/D
                            (rising edge-triggered cell FDRE clocked by Clk  {rise@0.000ns fall@5.000ns period=10.000ns})
  Path Group:             Clk
  Path Type:              Hold (Min at Fast Process Corner)
  Requirement:            0.000ns  (Clk rise@0.000ns - Clk rise@0.000ns)
  Data Path Delay:        0.368ns  (logic 0.209ns (56.868%)  route 0.159ns (43.132%))
  Logic Levels:           1  (LUT4=1)
  Clock Path Skew:        0.016ns (DCD - SCD - CPR)
    Destination Clock Delay (DCD):    1.967ns
    Source Clock Delay      (SCD):    1.451ns
    Clock Pessimism Removal (CPR):    0.500ns

    Location             Delay type                Incr(ns)  Path(ns)    Netlist Resource(s)
  -------------------------------------------------------------------    -------------------
                         (clock Clk rise edge)        0.000     0.000 r  
    N15                                               0.000     0.000 r  Clk (IN)
                         net (fo=0)                   0.000     0.000    Clk
    N15                  IBUF (Prop_ibuf_I_O)         0.209     0.209 r  Clk_IBUF_inst/O
                         net (fo=1, routed)           0.634     0.843    Clk_IBUF
    BUFGCTRL_X0Y0        BUFG (Prop_bufg_I_O)         0.026     0.869 r  Clk_IBUF_BUFG_inst/O
                         net (fo=253, routed)         0.583     1.451    Sin_sync[6]/Clk_IBUF_BUFG
    SLICE_X6Y80          FDRE                                         r  Sin_sync[6]/ff2_reg/C
  -------------------------------------------------------------------    -------------------
    SLICE_X6Y80          FDRE (Prop_fdre_C_Q)         0.164     1.615 r  Sin_sync[6]/ff2_reg/Q
                         net (fo=2, routed)           0.159     1.774    Sin_sync[6]/ff2
    SLICE_X6Y82          LUT4 (Prop_lut4_I2_O)        0.045     1.819 r  Sin_sync[6]/q_i_1__7/O
                         net (fo=1, routed)           0.000     1.819    Sin_sync[6]/q_i_1__7_n_0
    SLICE_X6Y82          FDRE                                         r  Sin_sync[6]/q_reg/D
  -------------------------------------------------------------------    -------------------

                         (clock Clk rise edge)        0.000     0.000 r  
    N15                                               0.000     0.000 r  Clk (IN)
                         net (fo=0)                   0.000     0.000    Clk
    N15                  IBUF (Prop_ibuf_I_O)         0.396     0.396 r  Clk_IBUF_inst/O
                         net (fo=1, routed)           0.689     1.085    Clk_IBUF
    BUFGCTRL_X0Y0        BUFG (Prop_bufg_I_O)         0.029     1.114 r  Clk_IBUF_BUFG_inst/O
                         net (fo=253, routed)         0.854     1.967    Sin_sync[6]/Clk_IBUF_BUFG
    SLICE_X6Y82          FDRE                                         r  Sin_sync[6]/q_reg/C
                         clock pessimism             -0.500     1.467    
    SLICE_X6Y82          FDRE (Hold_fdre_C_D)         0.120     1.587    Sin_sync[6]/q_reg
  -------------------------------------------------------------------
                         required time                         -1.587    
                         arrival time                           1.819    
  -------------------------------------------------------------------
                         slack                                  0.232    

Slack (MET) :             0.239ns  (arrival time - required time)
  Source:                 control/FSM_onehot_curr_state_reg[4]/C
                            (rising edge-triggered cell FDRE clocked by Clk  {rise@0.000ns fall@5.000ns period=10.000ns})
  Destination:            control/FSM_onehot_curr_state_reg[5]/D
                            (rising edge-triggered cell FDRE clocked by Clk  {rise@0.000ns fall@5.000ns period=10.000ns})
  Path Group:             Clk
  Path Type:              Hold (Min at Fast Process Corner)
  Requirement:            0.000ns  (Clk rise@0.000ns - Clk rise@0.000ns)
  Data Path Delay:        0.262ns  (logic 0.128ns (48.842%)  route 0.134ns (51.158%))
  Logic Levels:           0  
  Clock Path Skew:        0.000ns (DCD - SCD - CPR)
    Destination Clock Delay (DCD):    1.973ns
    Source Clock Delay      (SCD):    1.457ns
    Clock Pessimism Removal (CPR):    0.516ns

    Location             Delay type                Incr(ns)  Path(ns)    Netlist Resource(s)
  -------------------------------------------------------------------    -------------------
                         (clock Clk rise edge)        0.000     0.000 r  
    N15                                               0.000     0.000 r  Clk (IN)
                         net (fo=0)                   0.000     0.000    Clk
    N15                  IBUF (Prop_ibuf_I_O)         0.209     0.209 r  Clk_IBUF_inst/O
                         net (fo=1, routed)           0.634     0.843    Clk_IBUF
    BUFGCTRL_X0Y0        BUFG (Prop_bufg_I_O)         0.026     0.869 r  Clk_IBUF_BUFG_inst/O
                         net (fo=253, routed)         0.589     1.457    control/Clk_IBUF_BUFG
    SLICE_X5Y89          FDRE                                         r  control/FSM_onehot_curr_state_reg[4]/C
  -------------------------------------------------------------------    -------------------
    SLICE_X5Y89          FDRE (Prop_fdre_C_Q)         0.128     1.585 r  control/FSM_onehot_curr_state_reg[4]/Q
                         net (fo=2, routed)           0.134     1.719    control/FSM_onehot_curr_state_reg_n_0_[4]
    SLICE_X5Y89          FDRE                                         r  control/FSM_onehot_curr_state_reg[5]/D
  -------------------------------------------------------------------    -------------------

                         (clock Clk rise edge)        0.000     0.000 r  
    N15                                               0.000     0.000 r  Clk (IN)
                         net (fo=0)                   0.000     0.000    Clk
    N15                  IBUF (Prop_ibuf_I_O)         0.396     0.396 r  Clk_IBUF_inst/O
                         net (fo=1, routed)           0.689     1.085    Clk_IBUF
    BUFGCTRL_X0Y0        BUFG (Prop_bufg_I_O)         0.029     1.114 r  Clk_IBUF_BUFG_inst/O
                         net (fo=253, routed)         0.860     1.973    control/Clk_IBUF_BUFG
    SLICE_X5Y89          FDRE                                         r  control/FSM_onehot_curr_state_reg[5]/C
                         clock pessimism             -0.516     1.457    
    SLICE_X5Y89          FDRE (Hold_fdre_C_D)         0.023     1.480    control/FSM_onehot_curr_state_reg[5]
  -------------------------------------------------------------------
                         required time                         -1.480    
                         arrival time                           1.719    
  -------------------------------------------------------------------
                         slack                                  0.239    

Slack (MET) :             0.245ns  (arrival time - required time)
  Source:                 control/FSM_onehot_curr_state_reg[3]/C
                            (rising edge-triggered cell FDRE clocked by Clk  {rise@0.000ns fall@5.000ns period=10.000ns})
  Destination:            control/FSM_onehot_curr_state_reg[4]/D
                            (rising edge-triggered cell FDRE clocked by Clk  {rise@0.000ns fall@5.000ns period=10.000ns})
  Path Group:             Clk
  Path Type:              Hold (Min at Fast Process Corner)
  Requirement:            0.000ns  (Clk rise@0.000ns - Clk rise@0.000ns)
  Data Path Delay:        0.262ns  (logic 0.128ns (48.889%)  route 0.134ns (51.111%))
  Logic Levels:           0  
  Clock Path Skew:        0.000ns (DCD - SCD - CPR)
    Destination Clock Delay (DCD):    1.973ns
    Source Clock Delay      (SCD):    1.457ns
    Clock Pessimism Removal (CPR):    0.516ns

    Location             Delay type                Incr(ns)  Path(ns)    Netlist Resource(s)
  -------------------------------------------------------------------    -------------------
                         (clock Clk rise edge)        0.000     0.000 r  
    N15                                               0.000     0.000 r  Clk (IN)
                         net (fo=0)                   0.000     0.000    Clk
    N15                  IBUF (Prop_ibuf_I_O)         0.209     0.209 r  Clk_IBUF_inst/O
                         net (fo=1, routed)           0.634     0.843    Clk_IBUF
    BUFGCTRL_X0Y0        BUFG (Prop_bufg_I_O)         0.026     0.869 r  Clk_IBUF_BUFG_inst/O
                         net (fo=253, routed)         0.589     1.457    control/Clk_IBUF_BUFG
    SLICE_X5Y89          FDRE                                         r  control/FSM_onehot_curr_state_reg[3]/C
  -------------------------------------------------------------------    -------------------
    SLICE_X5Y89          FDRE (Prop_fdre_C_Q)         0.128     1.585 r  control/FSM_onehot_curr_state_reg[3]/Q
                         net (fo=2, routed)           0.134     1.719    control/FSM_onehot_curr_state_reg_n_0_[3]
    SLICE_X5Y89          FDRE                                         r  control/FSM_onehot_curr_state_reg[4]/D
  -------------------------------------------------------------------    -------------------

                         (clock Clk rise edge)        0.000     0.000 r  
    N15                                               0.000     0.000 r  Clk (IN)
                         net (fo=0)                   0.000     0.000    Clk
    N15                  IBUF (Prop_ibuf_I_O)         0.396     0.396 r  Clk_IBUF_inst/O
                         net (fo=1, routed)           0.689     1.085    Clk_IBUF
    BUFGCTRL_X0Y0        BUFG (Prop_bufg_I_O)         0.029     1.114 r  Clk_IBUF_BUFG_inst/O
                         net (fo=253, routed)         0.860     1.973    control/Clk_IBUF_BUFG
    SLICE_X5Y89          FDRE                                         r  control/FSM_onehot_curr_state_reg[4]/C
                         clock pessimism             -0.516     1.457    
    SLICE_X5Y89          FDRE (Hold_fdre_C_D)         0.017     1.474    control/FSM_onehot_curr_state_reg[4]
  -------------------------------------------------------------------
                         required time                         -1.474    
                         arrival time                           1.719    
  -------------------------------------------------------------------
                         slack                                  0.245    





Pulse Width Checks
--------------------------------------------------------------------------------------
Clock Name:         Clk
Waveform(ns):       { 0.000 5.000 }
Period(ns):         10.000
Sources:            { Clk }

Check Type        Corner  Lib Pin  Reference Pin  Required(ns)  Actual(ns)  Slack(ns)  Location       Pin
Min Period        n/a     BUFG/I   n/a            2.155         10.000      7.845      BUFGCTRL_X0Y0  Clk_IBUF_BUFG_inst/I
Min Period        n/a     FDRE/C   n/a            1.000         10.000      9.000      SLICE_X6Y93    Reset_sync/counter_reg[0]/C
Min Period        n/a     FDRE/C   n/a            1.000         10.000      9.000      SLICE_X6Y95    Reset_sync/counter_reg[10]/C
Min Period        n/a     FDRE/C   n/a            1.000         10.000      9.000      SLICE_X6Y95    Reset_sync/counter_reg[11]/C
Min Period        n/a     FDRE/C   n/a            1.000         10.000      9.000      SLICE_X6Y96    Reset_sync/counter_reg[12]/C
Min Period        n/a     FDRE/C   n/a            1.000         10.000      9.000      SLICE_X6Y96    Reset_sync/counter_reg[13]/C
Min Period        n/a     FDRE/C   n/a            1.000         10.000      9.000      SLICE_X6Y96    Reset_sync/counter_reg[14]/C
Min Period        n/a     FDRE/C   n/a            1.000         10.000      9.000      SLICE_X6Y96    Reset_sync/counter_reg[15]/C
Min Period        n/a     FDRE/C   n/a            1.000         10.000      9.000      SLICE_X6Y93    Reset_sync/counter_reg[1]/C
Min Period        n/a     FDRE/C   n/a            1.000         10.000      9.000      SLICE_X6Y93    Reset_sync/counter_reg[2]/C
Low Pulse Width   Slow    FDRE/C   n/a            0.500         5.000       4.500      SLICE_X6Y93    Reset_sync/counter_reg[0]/C
Low Pulse Width   Fast    FDRE/C   n/a            0.500         5.000       4.500      SLICE_X6Y93    Reset_sync/counter_reg[0]/C
Low Pulse Width   Slow    FDRE/C   n/a            0.500         5.000       4.500      SLICE_X6Y95    Reset_sync/counter_reg[10]/C
Low Pulse Width   Fast    FDRE/C   n/a            0.500         5.000       4.500      SLICE_X6Y95    Reset_sync/counter_reg[10]/C
Low Pulse Width   Slow    FDRE/C   n/a            0.500         5.000       4.500      SLICE_X6Y95    Reset_sync/counter_reg[11]/C
Low Pulse Width   Fast    FDRE/C   n/a            0.500         5.000       4.500      SLICE_X6Y95    Reset_sync/counter_reg[11]/C
Low Pulse Width   Slow    FDRE/C   n/a            0.500         5.000       4.500      SLICE_X6Y96    Reset_sync/counter_reg[12]/C
Low Pulse Width   Fast    FDRE/C   n/a            0.500         5.000       4.500      SLICE_X6Y96    Reset_sync/counter_reg[12]/C
Low Pulse Width   Slow    FDRE/C   n/a            0.500         5.000       4.500      SLICE_X6Y96    Reset_sync/counter_reg[13]/C
Low Pulse Width   Fast    FDRE/C   n/a            0.500         5.000       4.500      SLICE_X6Y96    Reset_sync/counter_reg[13]/C
High Pulse Width  Slow    FDRE/C   n/a            0.500         5.000       4.500      SLICE_X6Y93    Reset_sync/counter_reg[0]/C
High Pulse Width  Fast    FDRE/C   n/a            0.500         5.000       4.500      SLICE_X6Y93    Reset_sync/counter_reg[0]/C
High Pulse Width  Slow    FDRE/C   n/a            0.500         5.000       4.500      SLICE_X6Y95    Reset_sync/counter_reg[10]/C
High Pulse Width  Fast    FDRE/C   n/a            0.500         5.000       4.500      SLICE_X6Y95    Reset_sync/counter_reg[10]/C
High Pulse Width  Slow    FDRE/C   n/a            0.500         5.000       4.500      SLICE_X6Y95    Reset_sync/counter_reg[11]/C
High Pulse Width  Fast    FDRE/C   n/a            0.500         5.000       4.500      SLICE_X6Y95    Reset_sync/counter_reg[11]/C
High Pulse Width  Slow    FDRE/C   n/a            0.500         5.000       4.500      SLICE_X6Y96    Reset_sync/counter_reg[12]/C
High Pulse Width  Fast    FDRE/C   n/a            0.500         5.000       4.500      SLICE_X6Y96    Reset_sync/counter_reg[12]/C
High Pulse Width  Slow    FDRE/C   n/a            0.500         5.000       4.500      SLICE_X6Y96    Reset_sync/counter_reg[13]/C
High Pulse Width  Fast    FDRE/C   n/a            0.500         5.000       4.500      SLICE_X6Y96    Reset_sync/counter_reg[13]/C



--------------------------------------------------------------------------------------
Path Group:  (none)
From Clock:  Clk
  To Clock:  

Max Delay            29 Endpoints
Min Delay            29 Endpoints
--------------------------------------------------------------------------------------


Max Delay Paths
--------------------------------------------------------------------------------------
Slack:                    inf
  Source:                 hex_ax/counter_reg[15]/C
                            (rising edge-triggered cell FDRE clocked by Clk  {rise@0.000ns fall@5.000ns period=10.000ns})
  Destination:            hex_seg[5]
                            (output port)
  Path Group:             (none)
  Path Type:              Max at Slow Process Corner
  Data Path Delay:        11.024ns  (logic 4.087ns (37.071%)  route 6.937ns (62.929%))
  Logic Levels:           5  (LUT2=1 LUT6=3 OBUF=1)
  Clock Uncertainty:      0.025ns  ((TSJ^2 + TIJ^2)^1/2 + DJ) / 2 + PE
    Total System Jitter     (TSJ):    0.050ns
    Total Input Jitter      (TIJ):    0.000ns
    Discrete Jitter          (DJ):    0.000ns
    Phase Error              (PE):    0.000ns

    Location             Delay type                Incr(ns)  Path(ns)    Netlist Resource(s)
  -------------------------------------------------------------------    -------------------
                         (clock Clk rise edge)        0.000     0.000 r  
    N15                                               0.000     0.000 r  Clk (IN)
                         net (fo=0)                   0.000     0.000    Clk
    N15                  IBUF (Prop_ibuf_I_O)         1.440     1.440 r  Clk_IBUF_inst/O
                         net (fo=1, routed)           1.972     3.412    Clk_IBUF
    BUFGCTRL_X0Y0        BUFG (Prop_bufg_I_O)         0.096     3.508 r  Clk_IBUF_BUFG_inst/O
                         net (fo=253, routed)         1.614     5.122    hex_ax/Clk_IBUF_BUFG
    SLICE_X0Y80          FDRE                                         r  hex_ax/counter_reg[15]/C
  -------------------------------------------------------------------    -------------------
    SLICE_X0Y80          FDRE (Prop_fdre_C_Q)         0.456     5.578 r  hex_ax/counter_reg[15]/Q
                         net (fo=27, routed)          1.978     7.556    hex_ax/p_0_in[0]
    SLICE_X3Y84          LUT2 (Prop_lut2_I0_O)        0.152     7.708 r  hex_ax/hex_seg_OBUF[5]_inst_i_7/O
                         net (fo=1, routed)           0.433     8.141    registerA/hex_seg_OBUF[5]_inst_i_3
    SLICE_X3Y84          LUT6 (Prop_lut6_I4_O)        0.326     8.467 r  registerA/hex_seg_OBUF[5]_inst_i_5/O
                         net (fo=1, routed)           0.571     9.039    registerB/hex_seg_OBUF[5]_inst_i_1_1
    SLICE_X3Y85          LUT6 (Prop_lut6_I5_O)        0.124     9.163 r  registerB/hex_seg_OBUF[5]_inst_i_3/O
                         net (fo=1, routed)           1.015    10.177    registerB/hex_seg_OBUF[5]_inst_i_3_n_0
    SLICE_X5Y85          LUT6 (Prop_lut6_I5_O)        0.124    10.301 r  registerB/hex_seg_OBUF[5]_inst_i_1/O
                         net (fo=1, routed)           2.940    13.241    hex_seg_OBUF[5]
    D6                   OBUF (Prop_obuf_I_O)         2.905    16.146 r  hex_seg_OBUF[5]_inst/O
                         net (fo=0)                   0.000    16.146    hex_seg[5]
    D6                                                                r  hex_seg[5] (OUT)
  -------------------------------------------------------------------    -------------------

Slack:                    inf
  Source:                 registerA/Data_Out_reg[6]/C
                            (rising edge-triggered cell FDRE clocked by Clk  {rise@0.000ns fall@5.000ns period=10.000ns})
  Destination:            hex_seg[6]
                            (output port)
  Path Group:             (none)
  Path Type:              Max at Slow Process Corner
  Data Path Delay:        10.345ns  (logic 4.299ns (41.560%)  route 6.045ns (58.440%))
  Logic Levels:           4  (LUT4=1 LUT6=1 MUXF7=1 OBUF=1)
  Clock Uncertainty:      0.025ns  ((TSJ^2 + TIJ^2)^1/2 + DJ) / 2 + PE
    Total System Jitter     (TSJ):    0.050ns
    Total Input Jitter      (TIJ):    0.000ns
    Discrete Jitter          (DJ):    0.000ns
    Phase Error              (PE):    0.000ns

    Location             Delay type                Incr(ns)  Path(ns)    Netlist Resource(s)
  -------------------------------------------------------------------    -------------------
                         (clock Clk rise edge)        0.000     0.000 r  
    N15                                               0.000     0.000 r  Clk (IN)
                         net (fo=0)                   0.000     0.000    Clk
    N15                  IBUF (Prop_ibuf_I_O)         1.440     1.440 r  Clk_IBUF_inst/O
                         net (fo=1, routed)           1.972     3.412    Clk_IBUF
    BUFGCTRL_X0Y0        BUFG (Prop_bufg_I_O)         0.096     3.508 r  Clk_IBUF_BUFG_inst/O
                         net (fo=253, routed)         1.621     5.129    registerA/Clk_IBUF_BUFG
    SLICE_X2Y86          FDRE                                         r  registerA/Data_Out_reg[6]/C
  -------------------------------------------------------------------    -------------------
    SLICE_X2Y86          FDRE (Prop_fdre_C_Q)         0.518     5.647 r  registerA/Data_Out_reg[6]/Q
                         net (fo=11, routed)          1.750     7.396    registerA/Q[6]
    SLICE_X5Y86          LUT4 (Prop_lut4_I2_O)        0.153     7.549 r  registerA/hex_seg_OBUF[6]_inst_i_4/O
                         net (fo=1, routed)           0.801     8.350    registerB/hex_seg_OBUF[6]_inst_i_1_0
    SLICE_X5Y85          LUT6 (Prop_lut6_I5_O)        0.327     8.677 r  registerB/hex_seg_OBUF[6]_inst_i_2/O
                         net (fo=1, routed)           0.000     8.677    registerB/hex_seg_OBUF[6]_inst_i_2_n_0
    SLICE_X5Y85          MUXF7 (Prop_muxf7_I0_O)      0.212     8.889 r  registerB/hex_seg_OBUF[6]_inst_i_1/O
                         net (fo=1, routed)           3.495    12.384    hex_seg_OBUF[6]
    C4                   OBUF (Prop_obuf_I_O)         3.089    15.474 r  hex_seg_OBUF[6]_inst/O
                         net (fo=0)                   0.000    15.474    hex_seg[6]
    C4                                                                r  hex_seg[6] (OUT)
  -------------------------------------------------------------------    -------------------

Slack:                    inf
  Source:                 registerA/Data_Out_reg[2]/C
                            (rising edge-triggered cell FDRE clocked by Clk  {rise@0.000ns fall@5.000ns period=10.000ns})
  Destination:            hex_seg[2]
                            (output port)
  Path Group:             (none)
  Path Type:              Max at Slow Process Corner
  Data Path Delay:        9.915ns  (logic 4.067ns (41.018%)  route 5.848ns (58.982%))
  Logic Levels:           4  (LUT4=1 LUT6=1 MUXF7=1 OBUF=1)
  Clock Uncertainty:      0.025ns  ((TSJ^2 + TIJ^2)^1/2 + DJ) / 2 + PE
    Total System Jitter     (TSJ):    0.050ns
    Total Input Jitter      (TIJ):    0.000ns
    Discrete Jitter          (DJ):    0.000ns
    Phase Error              (PE):    0.000ns

    Location             Delay type                Incr(ns)  Path(ns)    Netlist Resource(s)
  -------------------------------------------------------------------    -------------------
                         (clock Clk rise edge)        0.000     0.000 r  
    N15                                               0.000     0.000 r  Clk (IN)
                         net (fo=0)                   0.000     0.000    Clk
    N15                  IBUF (Prop_ibuf_I_O)         1.440     1.440 r  Clk_IBUF_inst/O
                         net (fo=1, routed)           1.972     3.412    Clk_IBUF
    BUFGCTRL_X0Y0        BUFG (Prop_bufg_I_O)         0.096     3.508 r  Clk_IBUF_BUFG_inst/O
                         net (fo=253, routed)         1.622     5.130    registerA/Clk_IBUF_BUFG
    SLICE_X2Y87          FDRE                                         r  registerA/Data_Out_reg[2]/C
  -------------------------------------------------------------------    -------------------
    SLICE_X2Y87          FDRE (Prop_fdre_C_Q)         0.518     5.648 r  registerA/Data_Out_reg[2]/Q
                         net (fo=12, routed)          1.911     7.559    registerA/Q[2]
    SLICE_X3Y84          LUT4 (Prop_lut4_I1_O)        0.124     7.683 r  registerA/hex_seg_OBUF[2]_inst_i_5/O
                         net (fo=1, routed)           0.560     8.243    registerB/hex_seg_OBUF[2]_inst_i_1_0
    SLICE_X5Y86          LUT6 (Prop_lut6_I5_O)        0.124     8.367 r  registerB/hex_seg_OBUF[2]_inst_i_3/O
                         net (fo=1, routed)           0.000     8.367    registerB/hex_seg_OBUF[2]_inst_i_3_n_0
    SLICE_X5Y86          MUXF7 (Prop_muxf7_I1_O)      0.217     8.584 r  registerB/hex_seg_OBUF[2]_inst_i_1/O
                         net (fo=1, routed)           3.377    11.961    hex_seg_OBUF[2]
    D5                   OBUF (Prop_obuf_I_O)         3.084    15.045 r  hex_seg_OBUF[2]_inst/O
                         net (fo=0)                   0.000    15.045    hex_seg[2]
    D5                                                                r  hex_seg[2] (OUT)
  -------------------------------------------------------------------    -------------------

Slack:                    inf
  Source:                 hex_ax/counter_reg[15]/C
                            (rising edge-triggered cell FDRE clocked by Clk  {rise@0.000ns fall@5.000ns period=10.000ns})
  Destination:            hex_grid[1]
                            (output port)
  Path Group:             (none)
  Path Type:              Max at Slow Process Corner
  Data Path Delay:        9.859ns  (logic 3.480ns (35.303%)  route 6.378ns (64.697%))
  Logic Levels:           2  (LUT2=1 OBUF=1)
  Clock Uncertainty:      0.025ns  ((TSJ^2 + TIJ^2)^1/2 + DJ) / 2 + PE
    Total System Jitter     (TSJ):    0.050ns
    Total Input Jitter      (TIJ):    0.000ns
    Discrete Jitter          (DJ):    0.000ns
    Phase Error              (PE):    0.000ns

    Location             Delay type                Incr(ns)  Path(ns)    Netlist Resource(s)
  -------------------------------------------------------------------    -------------------
                         (clock Clk rise edge)        0.000     0.000 r  
    N15                                               0.000     0.000 r  Clk (IN)
                         net (fo=0)                   0.000     0.000    Clk
    N15                  IBUF (Prop_ibuf_I_O)         1.440     1.440 r  Clk_IBUF_inst/O
                         net (fo=1, routed)           1.972     3.412    Clk_IBUF
    BUFGCTRL_X0Y0        BUFG (Prop_bufg_I_O)         0.096     3.508 r  Clk_IBUF_BUFG_inst/O
                         net (fo=253, routed)         1.614     5.122    hex_ax/Clk_IBUF_BUFG
    SLICE_X0Y80          FDRE                                         r  hex_ax/counter_reg[15]/C
  -------------------------------------------------------------------    -------------------
    SLICE_X0Y80          FDRE (Prop_fdre_C_Q)         0.456     5.578 f  hex_ax/counter_reg[15]/Q
                         net (fo=27, routed)          1.978     7.556    hex_ax/p_0_in[0]
    SLICE_X3Y84          LUT2 (Prop_lut2_I1_O)        0.124     7.680 r  hex_ax/hex_grid_OBUF[1]_inst_i_1/O
                         net (fo=1, routed)           4.400    12.080    hex_grid_OBUF[1]
    H6                   OBUF (Prop_obuf_I_O)         2.900    14.981 r  hex_grid_OBUF[1]_inst/O
                         net (fo=0)                   0.000    14.981    hex_grid[1]
    H6                                                                r  hex_grid[1] (OUT)
  -------------------------------------------------------------------    -------------------

Slack:                    inf
  Source:                 registerA/Data_Out_reg[6]/C
                            (rising edge-triggered cell FDRE clocked by Clk  {rise@0.000ns fall@5.000ns period=10.000ns})
  Destination:            hex_seg[3]
                            (output port)
  Path Group:             (none)
  Path Type:              Max at Slow Process Corner
  Data Path Delay:        9.696ns  (logic 3.674ns (37.889%)  route 6.022ns (62.111%))
  Logic Levels:           3  (LUT4=1 LUT6=1 OBUF=1)
  Clock Uncertainty:      0.025ns  ((TSJ^2 + TIJ^2)^1/2 + DJ) / 2 + PE
    Total System Jitter     (TSJ):    0.050ns
    Total Input Jitter      (TIJ):    0.000ns
    Discrete Jitter          (DJ):    0.000ns
    Phase Error              (PE):    0.000ns

    Location             Delay type                Incr(ns)  Path(ns)    Netlist Resource(s)
  -------------------------------------------------------------------    -------------------
                         (clock Clk rise edge)        0.000     0.000 r  
    N15                                               0.000     0.000 r  Clk (IN)
                         net (fo=0)                   0.000     0.000    Clk
    N15                  IBUF (Prop_ibuf_I_O)         1.440     1.440 r  Clk_IBUF_inst/O
                         net (fo=1, routed)           1.972     3.412    Clk_IBUF
    BUFGCTRL_X0Y0        BUFG (Prop_bufg_I_O)         0.096     3.508 r  Clk_IBUF_BUFG_inst/O
                         net (fo=253, routed)         1.621     5.129    registerA/Clk_IBUF_BUFG
    SLICE_X2Y86          FDRE                                         r  registerA/Data_Out_reg[6]/C
  -------------------------------------------------------------------    -------------------
    SLICE_X2Y86          FDRE (Prop_fdre_C_Q)         0.518     5.647 r  registerA/Data_Out_reg[6]/Q
                         net (fo=11, routed)          1.764     7.411    registerA/Q[6]
    SLICE_X5Y87          LUT6 (Prop_lut6_I3_O)        0.124     7.535 r  registerA/hex_seg_OBUF[3]_inst_i_4/O
                         net (fo=1, routed)           0.665     8.200    registerB/hex_seg[3]_0
    SLICE_X5Y87          LUT4 (Prop_lut4_I2_O)        0.124     8.324 r  registerB/hex_seg_OBUF[3]_inst_i_1/O
                         net (fo=1, routed)           3.593    11.917    hex_seg_OBUF[3]
    C5                   OBUF (Prop_obuf_I_O)         2.908    14.825 r  hex_seg_OBUF[3]_inst/O
                         net (fo=0)                   0.000    14.825    hex_seg[3]
    C5                                                                r  hex_seg[3] (OUT)
  -------------------------------------------------------------------    -------------------

Slack:                    inf
  Source:                 registerA/Data_Out_reg[6]/C
                            (rising edge-triggered cell FDRE clocked by Clk  {rise@0.000ns fall@5.000ns period=10.000ns})
  Destination:            hex_seg[0]
                            (output port)
  Path Group:             (none)
  Path Type:              Max at Slow Process Corner
  Data Path Delay:        9.652ns  (logic 3.666ns (37.978%)  route 5.986ns (62.022%))
  Logic Levels:           3  (LUT4=1 LUT6=1 OBUF=1)
  Clock Uncertainty:      0.025ns  ((TSJ^2 + TIJ^2)^1/2 + DJ) / 2 + PE
    Total System Jitter     (TSJ):    0.050ns
    Total Input Jitter      (TIJ):    0.000ns
    Discrete Jitter          (DJ):    0.000ns
    Phase Error              (PE):    0.000ns

    Location             Delay type                Incr(ns)  Path(ns)    Netlist Resource(s)
  -------------------------------------------------------------------    -------------------
                         (clock Clk rise edge)        0.000     0.000 r  
    N15                                               0.000     0.000 r  Clk (IN)
                         net (fo=0)                   0.000     0.000    Clk
    N15                  IBUF (Prop_ibuf_I_O)         1.440     1.440 r  Clk_IBUF_inst/O
                         net (fo=1, routed)           1.972     3.412    Clk_IBUF
    BUFGCTRL_X0Y0        BUFG (Prop_bufg_I_O)         0.096     3.508 r  Clk_IBUF_BUFG_inst/O
                         net (fo=253, routed)         1.621     5.129    registerA/Clk_IBUF_BUFG
    SLICE_X2Y86          FDRE                                         r  registerA/Data_Out_reg[6]/C
  -------------------------------------------------------------------    -------------------
    SLICE_X2Y86          FDRE (Prop_fdre_C_Q)         0.518     5.647 r  registerA/Data_Out_reg[6]/Q
                         net (fo=11, routed)          1.768     7.415    registerA/Q[6]
    SLICE_X4Y87          LUT6 (Prop_lut6_I1_O)        0.124     7.539 r  registerA/hex_seg_OBUF[0]_inst_i_2/O
                         net (fo=1, routed)           0.649     8.188    registerA/hex_seg_OBUF[0]_inst_i_2_n_0
    SLICE_X3Y87          LUT4 (Prop_lut4_I0_O)        0.124     8.312 r  registerA/hex_seg_OBUF[0]_inst_i_1/O
                         net (fo=1, routed)           3.569    11.881    hex_seg_OBUF[0]
    E6                   OBUF (Prop_obuf_I_O)         2.900    14.781 r  hex_seg_OBUF[0]_inst/O
                         net (fo=0)                   0.000    14.781    hex_seg[0]
    E6                                                                r  hex_seg[0] (OUT)
  -------------------------------------------------------------------    -------------------

Slack:                    inf
  Source:                 hex_ax/counter_reg[15]/C
                            (rising edge-triggered cell FDRE clocked by Clk  {rise@0.000ns fall@5.000ns period=10.000ns})
  Destination:            hex_seg[1]
                            (output port)
  Path Group:             (none)
  Path Type:              Max at Slow Process Corner
  Data Path Delay:        9.517ns  (logic 3.621ns (38.050%)  route 5.896ns (61.950%))
  Logic Levels:           3  (LUT4=1 LUT6=1 OBUF=1)
  Clock Uncertainty:      0.025ns  ((TSJ^2 + TIJ^2)^1/2 + DJ) / 2 + PE
    Total System Jitter     (TSJ):    0.050ns
    Total Input Jitter      (TIJ):    0.000ns
    Discrete Jitter          (DJ):    0.000ns
    Phase Error              (PE):    0.000ns

    Location             Delay type                Incr(ns)  Path(ns)    Netlist Resource(s)
  -------------------------------------------------------------------    -------------------
                         (clock Clk rise edge)        0.000     0.000 r  
    N15                                               0.000     0.000 r  Clk (IN)
                         net (fo=0)                   0.000     0.000    Clk
    N15                  IBUF (Prop_ibuf_I_O)         1.440     1.440 r  Clk_IBUF_inst/O
                         net (fo=1, routed)           1.972     3.412    Clk_IBUF
    BUFGCTRL_X0Y0        BUFG (Prop_bufg_I_O)         0.096     3.508 r  Clk_IBUF_BUFG_inst/O
                         net (fo=253, routed)         1.614     5.122    hex_ax/Clk_IBUF_BUFG
    SLICE_X0Y80          FDRE                                         r  hex_ax/counter_reg[15]/C
  -------------------------------------------------------------------    -------------------
    SLICE_X0Y80          FDRE (Prop_fdre_C_Q)         0.456     5.578 f  hex_ax/counter_reg[15]/Q
                         net (fo=27, routed)          1.744     7.322    registerB/p_0_in[0]
    SLICE_X3Y85          LUT6 (Prop_lut6_I0_O)        0.124     7.446 r  registerB/hex_seg_OBUF[1]_inst_i_3/O
                         net (fo=1, routed)           0.665     8.111    registerA/hex_seg[1]
    SLICE_X3Y85          LUT4 (Prop_lut4_I1_O)        0.124     8.235 r  registerA/hex_seg_OBUF[1]_inst_i_1/O
                         net (fo=1, routed)           3.486    11.722    hex_seg_OBUF[1]
    B4                   OBUF (Prop_obuf_I_O)         2.917    14.639 r  hex_seg_OBUF[1]_inst/O
                         net (fo=0)                   0.000    14.639    hex_seg[1]
    B4                                                                r  hex_seg[1] (OUT)
  -------------------------------------------------------------------    -------------------

Slack:                    inf
  Source:                 registerA/Data_Out_reg[6]/C
                            (rising edge-triggered cell FDRE clocked by Clk  {rise@0.000ns fall@5.000ns period=10.000ns})
  Destination:            hex_seg[4]
                            (output port)
  Path Group:             (none)
  Path Type:              Max at Slow Process Corner
  Data Path Delay:        9.228ns  (logic 3.682ns (39.897%)  route 5.546ns (60.103%))
  Logic Levels:           3  (LUT4=1 LUT6=1 OBUF=1)
  Clock Uncertainty:      0.025ns  ((TSJ^2 + TIJ^2)^1/2 + DJ) / 2 + PE
    Total System Jitter     (TSJ):    0.050ns
    Total Input Jitter      (TIJ):    0.000ns
    Discrete Jitter          (DJ):    0.000ns
    Phase Error              (PE):    0.000ns

    Location             Delay type                Incr(ns)  Path(ns)    Netlist Resource(s)
  -------------------------------------------------------------------    -------------------
                         (clock Clk rise edge)        0.000     0.000 r  
    N15                                               0.000     0.000 r  Clk (IN)
                         net (fo=0)                   0.000     0.000    Clk
    N15                  IBUF (Prop_ibuf_I_O)         1.440     1.440 r  Clk_IBUF_inst/O
                         net (fo=1, routed)           1.972     3.412    Clk_IBUF
    BUFGCTRL_X0Y0        BUFG (Prop_bufg_I_O)         0.096     3.508 r  Clk_IBUF_BUFG_inst/O
                         net (fo=253, routed)         1.621     5.129    registerA/Clk_IBUF_BUFG
    SLICE_X2Y86          FDRE                                         r  registerA/Data_Out_reg[6]/C
  -------------------------------------------------------------------    -------------------
    SLICE_X2Y86          FDRE (Prop_fdre_C_Q)         0.518     5.647 r  registerA/Data_Out_reg[6]/Q
                         net (fo=11, routed)          1.766     7.413    registerA/Q[6]
    SLICE_X0Y87          LUT6 (Prop_lut6_I5_O)        0.124     7.537 r  registerA/hex_seg_OBUF[4]_inst_i_3/O
                         net (fo=1, routed)           0.707     8.244    registerB/hex_seg[4]
    SLICE_X3Y87          LUT4 (Prop_lut4_I1_O)        0.124     8.368 r  registerB/hex_seg_OBUF[4]_inst_i_1/O
                         net (fo=1, routed)           3.073    11.441    hex_seg_OBUF[4]
    D7                   OBUF (Prop_obuf_I_O)         2.916    14.357 r  hex_seg_OBUF[4]_inst/O
                         net (fo=0)                   0.000    14.357    hex_seg[4]
    D7                                                                r  hex_seg[4] (OUT)
  -------------------------------------------------------------------    -------------------

Slack:                    inf
  Source:                 hex_ax/counter_reg[15]/C
                            (rising edge-triggered cell FDRE clocked by Clk  {rise@0.000ns fall@5.000ns period=10.000ns})
  Destination:            hex_grid[2]
                            (output port)
  Path Group:             (none)
  Path Type:              Max at Slow Process Corner
  Data Path Delay:        8.993ns  (logic 3.491ns (38.824%)  route 5.502ns (61.176%))
  Logic Levels:           2  (LUT2=1 OBUF=1)
  Clock Uncertainty:      0.025ns  ((TSJ^2 + TIJ^2)^1/2 + DJ) / 2 + PE
    Total System Jitter     (TSJ):    0.050ns
    Total Input Jitter      (TIJ):    0.000ns
    Discrete Jitter          (DJ):    0.000ns
    Phase Error              (PE):    0.000ns

    Location             Delay type                Incr(ns)  Path(ns)    Netlist Resource(s)
  -------------------------------------------------------------------    -------------------
                         (clock Clk rise edge)        0.000     0.000 r  
    N15                                               0.000     0.000 r  Clk (IN)
                         net (fo=0)                   0.000     0.000    Clk
    N15                  IBUF (Prop_ibuf_I_O)         1.440     1.440 r  Clk_IBUF_inst/O
                         net (fo=1, routed)           1.972     3.412    Clk_IBUF
    BUFGCTRL_X0Y0        BUFG (Prop_bufg_I_O)         0.096     3.508 r  Clk_IBUF_BUFG_inst/O
                         net (fo=253, routed)         1.614     5.122    hex_ax/Clk_IBUF_BUFG
    SLICE_X0Y80          FDRE                                         r  hex_ax/counter_reg[15]/C
  -------------------------------------------------------------------    -------------------
    SLICE_X0Y80          FDRE (Prop_fdre_C_Q)         0.456     5.578 r  hex_ax/counter_reg[15]/Q
                         net (fo=27, routed)          2.004     7.582    hex_ax/p_0_in[0]
    SLICE_X2Y85          LUT2 (Prop_lut2_I0_O)        0.124     7.706 r  hex_ax/hex_grid_OBUF[2]_inst_i_1/O
                         net (fo=1, routed)           3.497    11.203    hex_grid_OBUF[2]
    C3                   OBUF (Prop_obuf_I_O)         2.911    14.115 r  hex_grid_OBUF[2]_inst/O
                         net (fo=0)                   0.000    14.115    hex_grid[2]
    C3                                                                r  hex_grid[2] (OUT)
  -------------------------------------------------------------------    -------------------

Slack:                    inf
  Source:                 hex_ax/counter_reg[15]/C
                            (rising edge-triggered cell FDRE clocked by Clk  {rise@0.000ns fall@5.000ns period=10.000ns})
  Destination:            hex_grid[3]
                            (output port)
  Path Group:             (none)
  Path Type:              Max at Slow Process Corner
  Data Path Delay:        8.784ns  (logic 3.496ns (39.803%)  route 5.288ns (60.197%))
  Logic Levels:           2  (LUT2=1 OBUF=1)
  Clock Uncertainty:      0.025ns  ((TSJ^2 + TIJ^2)^1/2 + DJ) / 2 + PE
    Total System Jitter     (TSJ):    0.050ns
    Total Input Jitter      (TIJ):    0.000ns
    Discrete Jitter          (DJ):    0.000ns
    Phase Error              (PE):    0.000ns

    Location             Delay type                Incr(ns)  Path(ns)    Netlist Resource(s)
  -------------------------------------------------------------------    -------------------
                         (clock Clk rise edge)        0.000     0.000 r  
    N15                                               0.000     0.000 r  Clk (IN)
                         net (fo=0)                   0.000     0.000    Clk
    N15                  IBUF (Prop_ibuf_I_O)         1.440     1.440 r  Clk_IBUF_inst/O
                         net (fo=1, routed)           1.972     3.412    Clk_IBUF
    BUFGCTRL_X0Y0        BUFG (Prop_bufg_I_O)         0.096     3.508 r  Clk_IBUF_BUFG_inst/O
                         net (fo=253, routed)         1.614     5.122    hex_ax/Clk_IBUF_BUFG
    SLICE_X0Y80          FDRE                                         r  hex_ax/counter_reg[15]/C
  -------------------------------------------------------------------    -------------------
    SLICE_X0Y80          FDRE (Prop_fdre_C_Q)         0.456     5.578 f  hex_ax/counter_reg[15]/Q
                         net (fo=27, routed)          1.783     7.361    hex_ax/p_0_in[0]
    SLICE_X5Y85          LUT2 (Prop_lut2_I0_O)        0.124     7.485 r  hex_ax/hex_grid_OBUF[3]_inst_i_1/O
                         net (fo=1, routed)           3.505    10.990    hex_grid_OBUF[3]
    B3                   OBUF (Prop_obuf_I_O)         2.916    13.906 r  hex_grid_OBUF[3]_inst/O
                         net (fo=0)                   0.000    13.906    hex_grid[3]
    B3                                                                r  hex_grid[3] (OUT)
  -------------------------------------------------------------------    -------------------





Min Delay Paths
--------------------------------------------------------------------------------------
Slack:                    inf
  Source:                 control/FSM_onehot_curr_state_reg[2]/C
                            (rising edge-triggered cell FDRE clocked by Clk  {rise@0.000ns fall@5.000ns period=10.000ns})
  Destination:            control/clearXA_reg/D
  Path Group:             (none)
  Path Type:              Min at Fast Process Corner
  Data Path Delay:        0.535ns  (logic 0.141ns (26.378%)  route 0.394ns (73.622%))
  Logic Levels:           0  
  Clock Uncertainty:      0.025ns  ((TSJ^2 + TIJ^2)^1/2 + DJ) / 2 + PE
    Total System Jitter     (TSJ):    0.050ns
    Total Input Jitter      (TIJ):    0.000ns
    Discrete Jitter          (DJ):    0.000ns
    Phase Error              (PE):    0.000ns

    Location             Delay type                Incr(ns)  Path(ns)    Netlist Resource(s)
  -------------------------------------------------------------------    -------------------
                         (clock Clk rise edge)        0.000     0.000 r  
    N15                                               0.000     0.000 r  Clk (IN)
                         net (fo=0)                   0.000     0.000    Clk
    N15                  IBUF (Prop_ibuf_I_O)         0.209     0.209 r  Clk_IBUF_inst/O
                         net (fo=1, routed)           0.634     0.843    Clk_IBUF
    BUFGCTRL_X0Y0        BUFG (Prop_bufg_I_O)         0.026     0.869 r  Clk_IBUF_BUFG_inst/O
                         net (fo=253, routed)         0.589     1.457    control/Clk_IBUF_BUFG
    SLICE_X4Y88          FDRE                                         r  control/FSM_onehot_curr_state_reg[2]/C
  -------------------------------------------------------------------    -------------------
    SLICE_X4Y88          FDRE (Prop_fdre_C_Q)         0.141     1.598 r  control/FSM_onehot_curr_state_reg[2]/Q
                         net (fo=6, routed)           0.394     1.992    control/FSM_onehot_curr_state_reg_n_0_[2]
    SLICE_X5Y88          LDCE                                         r  control/clearXA_reg/D
  -------------------------------------------------------------------    -------------------

Slack:                    inf
  Source:                 registerB/Data_Out_reg[1]_lopt_replica/C
                            (rising edge-triggered cell FDRE clocked by Clk  {rise@0.000ns fall@5.000ns period=10.000ns})
  Destination:            Bval[1]
                            (output port)
  Path Group:             (none)
  Path Type:              Min at Fast Process Corner
  Data Path Delay:        1.682ns  (logic 1.356ns (80.579%)  route 0.327ns (19.421%))
  Logic Levels:           1  (OBUF=1)
  Clock Uncertainty:      0.025ns  ((TSJ^2 + TIJ^2)^1/2 + DJ) / 2 + PE
    Total System Jitter     (TSJ):    0.050ns
    Total Input Jitter      (TIJ):    0.000ns
    Discrete Jitter          (DJ):    0.000ns
    Phase Error              (PE):    0.000ns

    Location             Delay type                Incr(ns)  Path(ns)    Netlist Resource(s)
  -------------------------------------------------------------------    -------------------
                         (clock Clk rise edge)        0.000     0.000 r  
    N15                                               0.000     0.000 r  Clk (IN)
                         net (fo=0)                   0.000     0.000    Clk
    N15                  IBUF (Prop_ibuf_I_O)         0.209     0.209 r  Clk_IBUF_inst/O
                         net (fo=1, routed)           0.634     0.843    Clk_IBUF
    BUFGCTRL_X0Y0        BUFG (Prop_bufg_I_O)         0.026     0.869 r  Clk_IBUF_BUFG_inst/O
                         net (fo=253, routed)         0.590     1.458    registerB/Clk_IBUF_BUFG
    SLICE_X3Y87          FDRE                                         r  registerB/Data_Out_reg[1]_lopt_replica/C
  -------------------------------------------------------------------    -------------------
    SLICE_X3Y87          FDRE (Prop_fdre_C_Q)         0.141     1.599 r  registerB/Data_Out_reg[1]_lopt_replica/Q
                         net (fo=1, routed)           0.327     1.926    lopt_1
    C14                  OBUF (Prop_obuf_I_O)         1.215     3.141 r  Bval_OBUF[1]_inst/O
                         net (fo=0)                   0.000     3.141    Bval[1]
    C14                                                               r  Bval[1] (OUT)
  -------------------------------------------------------------------    -------------------

Slack:                    inf
  Source:                 registerB/Data_Out_reg[0]_lopt_replica/C
                            (rising edge-triggered cell FDRE clocked by Clk  {rise@0.000ns fall@5.000ns period=10.000ns})
  Destination:            Bval[0]
                            (output port)
  Path Group:             (none)
  Path Type:              Min at Fast Process Corner
  Data Path Delay:        1.687ns  (logic 1.361ns (80.680%)  route 0.326ns (19.320%))
  Logic Levels:           1  (OBUF=1)
  Clock Uncertainty:      0.025ns  ((TSJ^2 + TIJ^2)^1/2 + DJ) / 2 + PE
    Total System Jitter     (TSJ):    0.050ns
    Total Input Jitter      (TIJ):    0.000ns
    Discrete Jitter          (DJ):    0.000ns
    Phase Error              (PE):    0.000ns

    Location             Delay type                Incr(ns)  Path(ns)    Netlist Resource(s)
  -------------------------------------------------------------------    -------------------
                         (clock Clk rise edge)        0.000     0.000 r  
    N15                                               0.000     0.000 r  Clk (IN)
                         net (fo=0)                   0.000     0.000    Clk
    N15                  IBUF (Prop_ibuf_I_O)         0.209     0.209 r  Clk_IBUF_inst/O
                         net (fo=1, routed)           0.634     0.843    Clk_IBUF
    BUFGCTRL_X0Y0        BUFG (Prop_bufg_I_O)         0.026     0.869 r  Clk_IBUF_BUFG_inst/O
                         net (fo=253, routed)         0.590     1.458    registerB/Clk_IBUF_BUFG
    SLICE_X3Y87          FDRE                                         r  registerB/Data_Out_reg[0]_lopt_replica/C
  -------------------------------------------------------------------    -------------------
    SLICE_X3Y87          FDRE (Prop_fdre_C_Q)         0.141     1.599 r  registerB/Data_Out_reg[0]_lopt_replica/Q
                         net (fo=1, routed)           0.326     1.925    lopt
    C13                  OBUF (Prop_obuf_I_O)         1.220     3.146 r  Bval_OBUF[0]_inst/O
                         net (fo=0)                   0.000     3.146    Bval[0]
    C13                                                               r  Bval[0] (OUT)
  -------------------------------------------------------------------    -------------------

Slack:                    inf
  Source:                 registerA/Data_Out_reg[3]/C
                            (rising edge-triggered cell FDRE clocked by Clk  {rise@0.000ns fall@5.000ns period=10.000ns})
  Destination:            Aval[3]
                            (output port)
  Path Group:             (none)
  Path Type:              Min at Fast Process Corner
  Data Path Delay:        1.755ns  (logic 1.388ns (79.112%)  route 0.367ns (20.888%))
  Logic Levels:           1  (OBUF=1)
  Clock Uncertainty:      0.025ns  ((TSJ^2 + TIJ^2)^1/2 + DJ) / 2 + PE
    Total System Jitter     (TSJ):    0.050ns
    Total Input Jitter      (TIJ):    0.000ns
    Discrete Jitter          (DJ):    0.000ns
    Phase Error              (PE):    0.000ns

    Location             Delay type                Incr(ns)  Path(ns)    Netlist Resource(s)
  -------------------------------------------------------------------    -------------------
                         (clock Clk rise edge)        0.000     0.000 r  
    N15                                               0.000     0.000 r  Clk (IN)
                         net (fo=0)                   0.000     0.000    Clk
    N15                  IBUF (Prop_ibuf_I_O)         0.209     0.209 r  Clk_IBUF_inst/O
                         net (fo=1, routed)           0.634     0.843    Clk_IBUF
    BUFGCTRL_X0Y0        BUFG (Prop_bufg_I_O)         0.026     0.869 r  Clk_IBUF_BUFG_inst/O
                         net (fo=253, routed)         0.589     1.457    registerA/Clk_IBUF_BUFG
    SLICE_X1Y86          FDRE                                         r  registerA/Data_Out_reg[3]/C
  -------------------------------------------------------------------    -------------------
    SLICE_X1Y86          FDRE (Prop_fdre_C_Q)         0.141     1.598 r  registerA/Data_Out_reg[3]/Q
                         net (fo=12, routed)          0.367     1.965    Aval_OBUF[3]
    B17                  OBUF (Prop_obuf_I_O)         1.247     3.212 r  Aval_OBUF[3]_inst/O
                         net (fo=0)                   0.000     3.212    Aval[3]
    B17                                                               r  Aval[3] (OUT)
  -------------------------------------------------------------------    -------------------

Slack:                    inf
  Source:                 registerB/Data_Out_reg[4]_lopt_replica/C
                            (rising edge-triggered cell FDRE clocked by Clk  {rise@0.000ns fall@5.000ns period=10.000ns})
  Destination:            Bval[4]
                            (output port)
  Path Group:             (none)
  Path Type:              Min at Fast Process Corner
  Data Path Delay:        1.769ns  (logic 1.389ns (78.543%)  route 0.380ns (21.458%))
  Logic Levels:           1  (OBUF=1)
  Clock Uncertainty:      0.025ns  ((TSJ^2 + TIJ^2)^1/2 + DJ) / 2 + PE
    Total System Jitter     (TSJ):    0.050ns
    Total Input Jitter      (TIJ):    0.000ns
    Discrete Jitter          (DJ):    0.000ns
    Phase Error              (PE):    0.000ns

    Location             Delay type                Incr(ns)  Path(ns)    Netlist Resource(s)
  -------------------------------------------------------------------    -------------------
                         (clock Clk rise edge)        0.000     0.000 r  
    N15                                               0.000     0.000 r  Clk (IN)
                         net (fo=0)                   0.000     0.000    Clk
    N15                  IBUF (Prop_ibuf_I_O)         0.209     0.209 r  Clk_IBUF_inst/O
                         net (fo=1, routed)           0.634     0.843    Clk_IBUF
    BUFGCTRL_X0Y0        BUFG (Prop_bufg_I_O)         0.026     0.869 r  Clk_IBUF_BUFG_inst/O
                         net (fo=253, routed)         0.589     1.457    registerB/Clk_IBUF_BUFG
    SLICE_X3Y84          FDRE                                         r  registerB/Data_Out_reg[4]_lopt_replica/C
  -------------------------------------------------------------------    -------------------
    SLICE_X3Y84          FDRE (Prop_fdre_C_Q)         0.141     1.598 r  registerB/Data_Out_reg[4]_lopt_replica/Q
                         net (fo=1, routed)           0.380     1.978    lopt_4
    D16                  OBUF (Prop_obuf_I_O)         1.248     3.226 r  Bval_OBUF[4]_inst/O
                         net (fo=0)                   0.000     3.226    Bval[4]
    D16                                                               r  Bval[4] (OUT)
  -------------------------------------------------------------------    -------------------

Slack:                    inf
  Source:                 registerA/Data_Out_reg[1]/C
                            (rising edge-triggered cell FDRE clocked by Clk  {rise@0.000ns fall@5.000ns period=10.000ns})
  Destination:            Aval[1]
                            (output port)
  Path Group:             (none)
  Path Type:              Min at Fast Process Corner
  Data Path Delay:        1.793ns  (logic 1.409ns (78.581%)  route 0.384ns (21.419%))
  Logic Levels:           1  (OBUF=1)
  Clock Uncertainty:      0.025ns  ((TSJ^2 + TIJ^2)^1/2 + DJ) / 2 + PE
    Total System Jitter     (TSJ):    0.050ns
    Total Input Jitter      (TIJ):    0.000ns
    Discrete Jitter          (DJ):    0.000ns
    Phase Error              (PE):    0.000ns

    Location             Delay type                Incr(ns)  Path(ns)    Netlist Resource(s)
  -------------------------------------------------------------------    -------------------
                         (clock Clk rise edge)        0.000     0.000 r  
    N15                                               0.000     0.000 r  Clk (IN)
                         net (fo=0)                   0.000     0.000    Clk
    N15                  IBUF (Prop_ibuf_I_O)         0.209     0.209 r  Clk_IBUF_inst/O
                         net (fo=1, routed)           0.634     0.843    Clk_IBUF
    BUFGCTRL_X0Y0        BUFG (Prop_bufg_I_O)         0.026     0.869 r  Clk_IBUF_BUFG_inst/O
                         net (fo=253, routed)         0.590     1.458    registerA/Clk_IBUF_BUFG
    SLICE_X2Y87          FDRE                                         r  registerA/Data_Out_reg[1]/C
  -------------------------------------------------------------------    -------------------
    SLICE_X2Y87          FDRE (Prop_fdre_C_Q)         0.164     1.622 r  registerA/Data_Out_reg[1]/Q
                         net (fo=12, routed)          0.384     2.006    Aval_OBUF[1]
    B18                  OBUF (Prop_obuf_I_O)         1.245     3.251 r  Aval_OBUF[1]_inst/O
                         net (fo=0)                   0.000     3.251    Aval[1]
    B18                                                               r  Aval[1] (OUT)
  -------------------------------------------------------------------    -------------------

Slack:                    inf
  Source:                 registerB/Data_Out_reg[6]_lopt_replica/C
                            (rising edge-triggered cell FDRE clocked by Clk  {rise@0.000ns fall@5.000ns period=10.000ns})
  Destination:            Bval[6]
                            (output port)
  Path Group:             (none)
  Path Type:              Min at Fast Process Corner
  Data Path Delay:        1.806ns  (logic 1.373ns (76.031%)  route 0.433ns (23.969%))
  Logic Levels:           1  (OBUF=1)
  Clock Uncertainty:      0.025ns  ((TSJ^2 + TIJ^2)^1/2 + DJ) / 2 + PE
    Total System Jitter     (TSJ):    0.050ns
    Total Input Jitter      (TIJ):    0.000ns
    Discrete Jitter          (DJ):    0.000ns
    Phase Error              (PE):    0.000ns

    Location             Delay type                Incr(ns)  Path(ns)    Netlist Resource(s)
  -------------------------------------------------------------------    -------------------
                         (clock Clk rise edge)        0.000     0.000 r  
    N15                                               0.000     0.000 r  Clk (IN)
                         net (fo=0)                   0.000     0.000    Clk
    N15                  IBUF (Prop_ibuf_I_O)         0.209     0.209 r  Clk_IBUF_inst/O
                         net (fo=1, routed)           0.634     0.843    Clk_IBUF
    BUFGCTRL_X0Y0        BUFG (Prop_bufg_I_O)         0.026     0.869 r  Clk_IBUF_BUFG_inst/O
                         net (fo=253, routed)         0.589     1.457    registerB/Clk_IBUF_BUFG
    SLICE_X3Y85          FDRE                                         r  registerB/Data_Out_reg[6]_lopt_replica/C
  -------------------------------------------------------------------    -------------------
    SLICE_X3Y85          FDRE (Prop_fdre_C_Q)         0.141     1.598 r  registerB/Data_Out_reg[6]_lopt_replica/Q
                         net (fo=1, routed)           0.433     2.031    lopt_6
    E17                  OBUF (Prop_obuf_I_O)         1.232     3.264 r  Bval_OBUF[6]_inst/O
                         net (fo=0)                   0.000     3.264    Bval[6]
    E17                                                               r  Bval[6] (OUT)
  -------------------------------------------------------------------    -------------------

Slack:                    inf
  Source:                 registerB/Data_Out_reg[7]_lopt_replica/C
                            (rising edge-triggered cell FDRE clocked by Clk  {rise@0.000ns fall@5.000ns period=10.000ns})
  Destination:            Bval[7]
                            (output port)
  Path Group:             (none)
  Path Type:              Min at Fast Process Corner
  Data Path Delay:        1.844ns  (logic 1.428ns (77.430%)  route 0.416ns (22.570%))
  Logic Levels:           1  (OBUF=1)
  Clock Uncertainty:      0.025ns  ((TSJ^2 + TIJ^2)^1/2 + DJ) / 2 + PE
    Total System Jitter     (TSJ):    0.050ns
    Total Input Jitter      (TIJ):    0.000ns
    Discrete Jitter          (DJ):    0.000ns
    Phase Error              (PE):    0.000ns

    Location             Delay type                Incr(ns)  Path(ns)    Netlist Resource(s)
  -------------------------------------------------------------------    -------------------
                         (clock Clk rise edge)        0.000     0.000 r  
    N15                                               0.000     0.000 r  Clk (IN)
                         net (fo=0)                   0.000     0.000    Clk
    N15                  IBUF (Prop_ibuf_I_O)         0.209     0.209 r  Clk_IBUF_inst/O
                         net (fo=1, routed)           0.634     0.843    Clk_IBUF
    BUFGCTRL_X0Y0        BUFG (Prop_bufg_I_O)         0.026     0.869 r  Clk_IBUF_BUFG_inst/O
                         net (fo=253, routed)         0.590     1.458    registerB/Clk_IBUF_BUFG
    SLICE_X3Y87          FDRE                                         r  registerB/Data_Out_reg[7]_lopt_replica/C
  -------------------------------------------------------------------    -------------------
    SLICE_X3Y87          FDRE (Prop_fdre_C_Q)         0.128     1.586 r  registerB/Data_Out_reg[7]_lopt_replica/Q
                         net (fo=1, routed)           0.416     2.002    lopt_7
    D17                  OBUF (Prop_obuf_I_O)         1.300     3.302 r  Bval_OBUF[7]_inst/O
                         net (fo=0)                   0.000     3.302    Bval[7]
    D17                                                               r  Bval[7] (OUT)
  -------------------------------------------------------------------    -------------------

Slack:                    inf
  Source:                 registerB/Data_Out_reg[2]_lopt_replica/C
                            (rising edge-triggered cell FDRE clocked by Clk  {rise@0.000ns fall@5.000ns period=10.000ns})
  Destination:            Bval[2]
                            (output port)
  Path Group:             (none)
  Path Type:              Min at Fast Process Corner
  Data Path Delay:        1.874ns  (logic 1.382ns (73.786%)  route 0.491ns (26.214%))
  Logic Levels:           1  (OBUF=1)
  Clock Uncertainty:      0.025ns  ((TSJ^2 + TIJ^2)^1/2 + DJ) / 2 + PE
    Total System Jitter     (TSJ):    0.050ns
    Total Input Jitter      (TIJ):    0.000ns
    Discrete Jitter          (DJ):    0.000ns
    Phase Error              (PE):    0.000ns

    Location             Delay type                Incr(ns)  Path(ns)    Netlist Resource(s)
  -------------------------------------------------------------------    -------------------
                         (clock Clk rise edge)        0.000     0.000 r  
    N15                                               0.000     0.000 r  Clk (IN)
                         net (fo=0)                   0.000     0.000    Clk
    N15                  IBUF (Prop_ibuf_I_O)         0.209     0.209 r  Clk_IBUF_inst/O
                         net (fo=1, routed)           0.634     0.843    Clk_IBUF
    BUFGCTRL_X0Y0        BUFG (Prop_bufg_I_O)         0.026     0.869 r  Clk_IBUF_BUFG_inst/O
                         net (fo=253, routed)         0.589     1.457    registerB/Clk_IBUF_BUFG
    SLICE_X2Y85          FDRE                                         r  registerB/Data_Out_reg[2]_lopt_replica/C
  -------------------------------------------------------------------    -------------------
    SLICE_X2Y85          FDRE (Prop_fdre_C_Q)         0.164     1.621 r  registerB/Data_Out_reg[2]_lopt_replica/Q
                         net (fo=1, routed)           0.491     2.113    lopt_2
    D14                  OBUF (Prop_obuf_I_O)         1.218     3.331 r  Bval_OBUF[2]_inst/O
                         net (fo=0)                   0.000     3.331    Bval[2]
    D14                                                               r  Bval[2] (OUT)
  -------------------------------------------------------------------    -------------------

Slack:                    inf
  Source:                 registerB/Data_Out_reg[3]_lopt_replica/C
                            (rising edge-triggered cell FDRE clocked by Clk  {rise@0.000ns fall@5.000ns period=10.000ns})
  Destination:            Bval[3]
                            (output port)
  Path Group:             (none)
  Path Type:              Min at Fast Process Corner
  Data Path Delay:        1.874ns  (logic 1.367ns (72.901%)  route 0.508ns (27.098%))
  Logic Levels:           1  (OBUF=1)
  Clock Uncertainty:      0.025ns  ((TSJ^2 + TIJ^2)^1/2 + DJ) / 2 + PE
    Total System Jitter     (TSJ):    0.050ns
    Total Input Jitter      (TIJ):    0.000ns
    Discrete Jitter          (DJ):    0.000ns
    Phase Error              (PE):    0.000ns

    Location             Delay type                Incr(ns)  Path(ns)    Netlist Resource(s)
  -------------------------------------------------------------------    -------------------
                         (clock Clk rise edge)        0.000     0.000 r  
    N15                                               0.000     0.000 r  Clk (IN)
                         net (fo=0)                   0.000     0.000    Clk
    N15                  IBUF (Prop_ibuf_I_O)         0.209     0.209 r  Clk_IBUF_inst/O
                         net (fo=1, routed)           0.634     0.843    Clk_IBUF
    BUFGCTRL_X0Y0        BUFG (Prop_bufg_I_O)         0.026     0.869 r  Clk_IBUF_BUFG_inst/O
                         net (fo=253, routed)         0.589     1.457    registerB/Clk_IBUF_BUFG
    SLICE_X3Y85          FDRE                                         r  registerB/Data_Out_reg[3]_lopt_replica/C
  -------------------------------------------------------------------    -------------------
    SLICE_X3Y85          FDRE (Prop_fdre_C_Q)         0.141     1.598 r  registerB/Data_Out_reg[3]_lopt_replica/Q
                         net (fo=1, routed)           0.508     2.106    lopt_3
    D15                  OBUF (Prop_obuf_I_O)         1.226     3.332 r  Bval_OBUF[3]_inst/O
                         net (fo=0)                   0.000     3.332    Bval[3]
    D15                                                               r  Bval[3] (OUT)
  -------------------------------------------------------------------    -------------------





--------------------------------------------------------------------------------------
Path Group:  (none)
From Clock:  
  To Clock:  Clk

Max Delay            19 Endpoints
Min Delay            19 Endpoints
--------------------------------------------------------------------------------------


Max Delay Paths
--------------------------------------------------------------------------------------
Slack:                    inf
  Source:                 Run
                            (input port)
  Destination:            Run_sync/ff1_reg/D
                            (rising edge-triggered cell FDRE clocked by Clk  {rise@0.000ns fall@5.000ns period=10.000ns})
  Path Group:             (none)
  Path Type:              Setup (Max at Slow Process Corner)
  Data Path Delay:        4.713ns  (logic 1.322ns (28.037%)  route 3.392ns (71.963%))
  Logic Levels:           1  (IBUF=1)
  Clock Path Skew:        4.763ns (DCD - SCD + CPR)
    Destination Clock Delay (DCD):    4.763ns
    Source Clock Delay      (SCD):    0.000ns
    Clock Pessimism Removal (CPR):    0.000ns
  Clock Uncertainty:      0.025ns  ((TSJ^2 + TIJ^2)^1/2 + DJ) / 2 + PE
    Total System Jitter     (TSJ):    0.050ns
    Total Input Jitter      (TIJ):    0.000ns
    Discrete Jitter          (DJ):    0.000ns
    Phase Error              (PE):    0.000ns

    Location             Delay type                Incr(ns)  Path(ns)    Netlist Resource(s)
  -------------------------------------------------------------------    -------------------
    J1                                                0.000     0.000 r  Run (IN)
                         net (fo=0)                   0.000     0.000    Run
    J1                   IBUF (Prop_ibuf_I_O)         1.322     1.322 r  Run_IBUF_inst/O
                         net (fo=1, routed)           3.392     4.713    Run_sync/Run_IBUF
    SLICE_X9Y84          FDRE                                         r  Run_sync/ff1_reg/D
  -------------------------------------------------------------------    -------------------

                         (clock Clk rise edge)        0.000     0.000 r  
    N15                                               0.000     0.000 r  Clk (IN)
                         net (fo=0)                   0.000     0.000    Clk
    N15                  IBUF (Prop_ibuf_I_O)         1.370     1.370 r  Clk_IBUF_inst/O
                         net (fo=1, routed)           1.868     3.238    Clk_IBUF
    BUFGCTRL_X0Y0        BUFG (Prop_bufg_I_O)         0.091     3.329 r  Clk_IBUF_BUFG_inst/O
                         net (fo=253, routed)         1.434     4.763    Run_sync/Clk_IBUF_BUFG
    SLICE_X9Y84          FDRE                                         r  Run_sync/ff1_reg/C

Slack:                    inf
  Source:                 Reset_Load_Clear
                            (input port)
  Destination:            Reset_sync/ff1_reg/D
                            (rising edge-triggered cell FDRE clocked by Clk  {rise@0.000ns fall@5.000ns period=10.000ns})
  Path Group:             (none)
  Path Type:              Setup (Max at Slow Process Corner)
  Data Path Delay:        4.614ns  (logic 1.316ns (28.530%)  route 3.298ns (71.470%))
  Logic Levels:           1  (IBUF=1)
  Clock Path Skew:        4.764ns (DCD - SCD + CPR)
    Destination Clock Delay (DCD):    4.764ns
    Source Clock Delay      (SCD):    0.000ns
    Clock Pessimism Removal (CPR):    0.000ns
  Clock Uncertainty:      0.025ns  ((TSJ^2 + TIJ^2)^1/2 + DJ) / 2 + PE
    Total System Jitter     (TSJ):    0.050ns
    Total Input Jitter      (TIJ):    0.000ns
    Discrete Jitter          (DJ):    0.000ns
    Phase Error              (PE):    0.000ns

    Location             Delay type                Incr(ns)  Path(ns)    Netlist Resource(s)
  -------------------------------------------------------------------    -------------------
    J2                                                0.000     0.000 r  Reset_Load_Clear (IN)
                         net (fo=0)                   0.000     0.000    Reset_Load_Clear
    J2                   IBUF (Prop_ibuf_I_O)         1.316     1.316 r  Reset_Load_Clear_IBUF_inst/O
                         net (fo=1, routed)           3.298     4.614    Reset_sync/Reset_Load_Clear_IBUF
    SLICE_X8Y86          FDRE                                         r  Reset_sync/ff1_reg/D
  -------------------------------------------------------------------    -------------------

                         (clock Clk rise edge)        0.000     0.000 r  
    N15                                               0.000     0.000 r  Clk (IN)
                         net (fo=0)                   0.000     0.000    Clk
    N15                  IBUF (Prop_ibuf_I_O)         1.370     1.370 r  Clk_IBUF_inst/O
                         net (fo=1, routed)           1.868     3.238    Clk_IBUF
    BUFGCTRL_X0Y0        BUFG (Prop_bufg_I_O)         0.091     3.329 r  Clk_IBUF_BUFG_inst/O
                         net (fo=253, routed)         1.435     4.764    Reset_sync/Clk_IBUF_BUFG
    SLICE_X8Y86          FDRE                                         r  Reset_sync/ff1_reg/C

Slack:                    inf
  Source:                 SW[0]
                            (input port)
  Destination:            Sin_sync[0]/ff1_reg/D
                            (rising edge-triggered cell FDRE clocked by Clk  {rise@0.000ns fall@5.000ns period=10.000ns})
  Path Group:             (none)
  Path Type:              Setup (Max at Slow Process Corner)
  Data Path Delay:        4.611ns  (logic 1.325ns (28.745%)  route 3.285ns (71.255%))
  Logic Levels:           1  (IBUF=1)
  Clock Path Skew:        4.825ns (DCD - SCD + CPR)
    Destination Clock Delay (DCD):    4.825ns
    Source Clock Delay      (SCD):    0.000ns
    Clock Pessimism Removal (CPR):    0.000ns
  Clock Uncertainty:      0.025ns  ((TSJ^2 + TIJ^2)^1/2 + DJ) / 2 + PE
    Total System Jitter     (TSJ):    0.050ns
    Total Input Jitter      (TIJ):    0.000ns
    Discrete Jitter          (DJ):    0.000ns
    Phase Error              (PE):    0.000ns

    Location             Delay type                Incr(ns)  Path(ns)    Netlist Resource(s)
  -------------------------------------------------------------------    -------------------
    G1                                                0.000     0.000 r  SW[0] (IN)
                         net (fo=0)                   0.000     0.000    SW[0]
    G1                   IBUF (Prop_ibuf_I_O)         1.325     1.325 r  SW_IBUF[0]_inst/O
                         net (fo=1, routed)           3.285     4.611    Sin_sync[0]/SW_IBUF[0]
    SLICE_X4Y79          FDRE                                         r  Sin_sync[0]/ff1_reg/D
  -------------------------------------------------------------------    -------------------

                         (clock Clk rise edge)        0.000     0.000 r  
    N15                                               0.000     0.000 r  Clk (IN)
                         net (fo=0)                   0.000     0.000    Clk
    N15                  IBUF (Prop_ibuf_I_O)         1.370     1.370 r  Clk_IBUF_inst/O
                         net (fo=1, routed)           1.868     3.238    Clk_IBUF
    BUFGCTRL_X0Y0        BUFG (Prop_bufg_I_O)         0.091     3.329 r  Clk_IBUF_BUFG_inst/O
                         net (fo=253, routed)         1.496     4.825    Sin_sync[0]/Clk_IBUF_BUFG
    SLICE_X4Y79          FDRE                                         r  Sin_sync[0]/ff1_reg/C

Slack:                    inf
  Source:                 SW[5]
                            (input port)
  Destination:            Sin_sync[5]/ff1_reg/D
                            (rising edge-triggered cell FDRE clocked by Clk  {rise@0.000ns fall@5.000ns period=10.000ns})
  Path Group:             (none)
  Path Type:              Setup (Max at Slow Process Corner)
  Data Path Delay:        4.436ns  (logic 1.349ns (30.422%)  route 3.086ns (69.578%))
  Logic Levels:           1  (IBUF=1)
  Clock Path Skew:        4.819ns (DCD - SCD + CPR)
    Destination Clock Delay (DCD):    4.819ns
    Source Clock Delay      (SCD):    0.000ns
    Clock Pessimism Removal (CPR):    0.000ns
  Clock Uncertainty:      0.025ns  ((TSJ^2 + TIJ^2)^1/2 + DJ) / 2 + PE
    Total System Jitter     (TSJ):    0.050ns
    Total Input Jitter      (TIJ):    0.000ns
    Discrete Jitter          (DJ):    0.000ns
    Phase Error              (PE):    0.000ns

    Location             Delay type                Incr(ns)  Path(ns)    Netlist Resource(s)
  -------------------------------------------------------------------    -------------------
    D2                                                0.000     0.000 r  SW[5] (IN)
                         net (fo=0)                   0.000     0.000    SW[5]
    D2                   IBUF (Prop_ibuf_I_O)         1.349     1.349 r  SW_IBUF[5]_inst/O
                         net (fo=1, routed)           3.086     4.436    Sin_sync[5]/SW_IBUF[0]
    SLICE_X7Y75          FDRE                                         r  Sin_sync[5]/ff1_reg/D
  -------------------------------------------------------------------    -------------------

                         (clock Clk rise edge)        0.000     0.000 r  
    N15                                               0.000     0.000 r  Clk (IN)
                         net (fo=0)                   0.000     0.000    Clk
    N15                  IBUF (Prop_ibuf_I_O)         1.370     1.370 r  Clk_IBUF_inst/O
                         net (fo=1, routed)           1.868     3.238    Clk_IBUF
    BUFGCTRL_X0Y0        BUFG (Prop_bufg_I_O)         0.091     3.329 r  Clk_IBUF_BUFG_inst/O
                         net (fo=253, routed)         1.490     4.819    Sin_sync[5]/Clk_IBUF_BUFG
    SLICE_X7Y75          FDRE                                         r  Sin_sync[5]/ff1_reg/C

Slack:                    inf
  Source:                 SW[1]
                            (input port)
  Destination:            Sin_sync[1]/ff1_reg/D
                            (rising edge-triggered cell FDRE clocked by Clk  {rise@0.000ns fall@5.000ns period=10.000ns})
  Path Group:             (none)
  Path Type:              Setup (Max at Slow Process Corner)
  Data Path Delay:        4.387ns  (logic 1.327ns (30.249%)  route 3.060ns (69.751%))
  Logic Levels:           1  (IBUF=1)
  Clock Path Skew:        4.763ns (DCD - SCD + CPR)
    Destination Clock Delay (DCD):    4.763ns
    Source Clock Delay      (SCD):    0.000ns
    Clock Pessimism Removal (CPR):    0.000ns
  Clock Uncertainty:      0.025ns  ((TSJ^2 + TIJ^2)^1/2 + DJ) / 2 + PE
    Total System Jitter     (TSJ):    0.050ns
    Total Input Jitter      (TIJ):    0.000ns
    Discrete Jitter          (DJ):    0.000ns
    Phase Error              (PE):    0.000ns

    Location             Delay type                Incr(ns)  Path(ns)    Netlist Resource(s)
  -------------------------------------------------------------------    -------------------
    F2                                                0.000     0.000 r  SW[1] (IN)
                         net (fo=0)                   0.000     0.000    SW[1]
    F2                   IBUF (Prop_ibuf_I_O)         1.327     1.327 r  SW_IBUF[1]_inst/O
                         net (fo=1, routed)           3.060     4.387    Sin_sync[1]/SW_IBUF[0]
    SLICE_X8Y84          FDRE                                         r  Sin_sync[1]/ff1_reg/D
  -------------------------------------------------------------------    -------------------

                         (clock Clk rise edge)        0.000     0.000 r  
    N15                                               0.000     0.000 r  Clk (IN)
                         net (fo=0)                   0.000     0.000    Clk
    N15                  IBUF (Prop_ibuf_I_O)         1.370     1.370 r  Clk_IBUF_inst/O
                         net (fo=1, routed)           1.868     3.238    Clk_IBUF
    BUFGCTRL_X0Y0        BUFG (Prop_bufg_I_O)         0.091     3.329 r  Clk_IBUF_BUFG_inst/O
                         net (fo=253, routed)         1.434     4.763    Sin_sync[1]/Clk_IBUF_BUFG
    SLICE_X8Y84          FDRE                                         r  Sin_sync[1]/ff1_reg/C

Slack:                    inf
  Source:                 SW[2]
                            (input port)
  Destination:            Sin_sync[2]/ff1_reg/D
                            (rising edge-triggered cell FDRE clocked by Clk  {rise@0.000ns fall@5.000ns period=10.000ns})
  Path Group:             (none)
  Path Type:              Setup (Max at Slow Process Corner)
  Data Path Delay:        4.351ns  (logic 1.328ns (30.514%)  route 3.023ns (69.486%))
  Logic Levels:           1  (IBUF=1)
  Clock Path Skew:        4.763ns (DCD - SCD + CPR)
    Destination Clock Delay (DCD):    4.763ns
    Source Clock Delay      (SCD):    0.000ns
    Clock Pessimism Removal (CPR):    0.000ns
  Clock Uncertainty:      0.025ns  ((TSJ^2 + TIJ^2)^1/2 + DJ) / 2 + PE
    Total System Jitter     (TSJ):    0.050ns
    Total Input Jitter      (TIJ):    0.000ns
    Discrete Jitter          (DJ):    0.000ns
    Phase Error              (PE):    0.000ns

    Location             Delay type                Incr(ns)  Path(ns)    Netlist Resource(s)
  -------------------------------------------------------------------    -------------------
    F1                                                0.000     0.000 r  SW[2] (IN)
                         net (fo=0)                   0.000     0.000    SW[2]
    F1                   IBUF (Prop_ibuf_I_O)         1.328     1.328 r  SW_IBUF[2]_inst/O
                         net (fo=1, routed)           3.023     4.351    Sin_sync[2]/SW_IBUF[0]
    SLICE_X8Y84          FDRE                                         r  Sin_sync[2]/ff1_reg/D
  -------------------------------------------------------------------    -------------------

                         (clock Clk rise edge)        0.000     0.000 r  
    N15                                               0.000     0.000 r  Clk (IN)
                         net (fo=0)                   0.000     0.000    Clk
    N15                  IBUF (Prop_ibuf_I_O)         1.370     1.370 r  Clk_IBUF_inst/O
                         net (fo=1, routed)           1.868     3.238    Clk_IBUF
    BUFGCTRL_X0Y0        BUFG (Prop_bufg_I_O)         0.091     3.329 r  Clk_IBUF_BUFG_inst/O
                         net (fo=253, routed)         1.434     4.763    Sin_sync[2]/Clk_IBUF_BUFG
    SLICE_X8Y84          FDRE                                         r  Sin_sync[2]/ff1_reg/C

Slack:                    inf
  Source:                 SW[3]
                            (input port)
  Destination:            Sin_sync[3]/ff1_reg/D
                            (rising edge-triggered cell FDRE clocked by Clk  {rise@0.000ns fall@5.000ns period=10.000ns})
  Path Group:             (none)
  Path Type:              Setup (Max at Slow Process Corner)
  Data Path Delay:        4.178ns  (logic 1.350ns (32.320%)  route 2.827ns (67.680%))
  Logic Levels:           1  (IBUF=1)
  Clock Path Skew:        4.763ns (DCD - SCD + CPR)
    Destination Clock Delay (DCD):    4.763ns
    Source Clock Delay      (SCD):    0.000ns
    Clock Pessimism Removal (CPR):    0.000ns
  Clock Uncertainty:      0.025ns  ((TSJ^2 + TIJ^2)^1/2 + DJ) / 2 + PE
    Total System Jitter     (TSJ):    0.050ns
    Total Input Jitter      (TIJ):    0.000ns
    Discrete Jitter          (DJ):    0.000ns
    Phase Error              (PE):    0.000ns

    Location             Delay type                Incr(ns)  Path(ns)    Netlist Resource(s)
  -------------------------------------------------------------------    -------------------
    E2                                                0.000     0.000 r  SW[3] (IN)
                         net (fo=0)                   0.000     0.000    SW[3]
    E2                   IBUF (Prop_ibuf_I_O)         1.350     1.350 r  SW_IBUF[3]_inst/O
                         net (fo=1, routed)           2.827     4.178    Sin_sync[3]/SW_IBUF[0]
    SLICE_X8Y84          FDRE                                         r  Sin_sync[3]/ff1_reg/D
  -------------------------------------------------------------------    -------------------

                         (clock Clk rise edge)        0.000     0.000 r  
    N15                                               0.000     0.000 r  Clk (IN)
                         net (fo=0)                   0.000     0.000    Clk
    N15                  IBUF (Prop_ibuf_I_O)         1.370     1.370 r  Clk_IBUF_inst/O
                         net (fo=1, routed)           1.868     3.238    Clk_IBUF
    BUFGCTRL_X0Y0        BUFG (Prop_bufg_I_O)         0.091     3.329 r  Clk_IBUF_BUFG_inst/O
                         net (fo=253, routed)         1.434     4.763    Sin_sync[3]/Clk_IBUF_BUFG
    SLICE_X8Y84          FDRE                                         r  Sin_sync[3]/ff1_reg/C

Slack:                    inf
  Source:                 SW[6]
                            (input port)
  Destination:            Sin_sync[6]/ff1_reg/D
                            (rising edge-triggered cell FDRE clocked by Clk  {rise@0.000ns fall@5.000ns period=10.000ns})
  Path Group:             (none)
  Path Type:              Setup (Max at Slow Process Corner)
  Data Path Delay:        4.116ns  (logic 1.326ns (32.205%)  route 2.791ns (67.795%))
  Logic Levels:           1  (IBUF=1)
  Clock Path Skew:        4.819ns (DCD - SCD + CPR)
    Destination Clock Delay (DCD):    4.819ns
    Source Clock Delay      (SCD):    0.000ns
    Clock Pessimism Removal (CPR):    0.000ns
  Clock Uncertainty:      0.025ns  ((TSJ^2 + TIJ^2)^1/2 + DJ) / 2 + PE
    Total System Jitter     (TSJ):    0.050ns
    Total Input Jitter      (TIJ):    0.000ns
    Discrete Jitter          (DJ):    0.000ns
    Phase Error              (PE):    0.000ns

    Location             Delay type                Incr(ns)  Path(ns)    Netlist Resource(s)
  -------------------------------------------------------------------    -------------------
    D1                                                0.000     0.000 r  SW[6] (IN)
                         net (fo=0)                   0.000     0.000    SW[6]
    D1                   IBUF (Prop_ibuf_I_O)         1.326     1.326 r  SW_IBUF[6]_inst/O
                         net (fo=1, routed)           2.791     4.116    Sin_sync[6]/SW_IBUF[0]
    SLICE_X7Y75          FDRE                                         r  Sin_sync[6]/ff1_reg/D
  -------------------------------------------------------------------    -------------------

                         (clock Clk rise edge)        0.000     0.000 r  
    N15                                               0.000     0.000 r  Clk (IN)
                         net (fo=0)                   0.000     0.000    Clk
    N15                  IBUF (Prop_ibuf_I_O)         1.370     1.370 r  Clk_IBUF_inst/O
                         net (fo=1, routed)           1.868     3.238    Clk_IBUF
    BUFGCTRL_X0Y0        BUFG (Prop_bufg_I_O)         0.091     3.329 r  Clk_IBUF_BUFG_inst/O
                         net (fo=253, routed)         1.490     4.819    Sin_sync[6]/Clk_IBUF_BUFG
    SLICE_X7Y75          FDRE                                         r  Sin_sync[6]/ff1_reg/C

Slack:                    inf
  Source:                 SW[7]
                            (input port)
  Destination:            Sin_sync[7]/ff1_reg/D
                            (rising edge-triggered cell FDRE clocked by Clk  {rise@0.000ns fall@5.000ns period=10.000ns})
  Path Group:             (none)
  Path Type:              Setup (Max at Slow Process Corner)
  Data Path Delay:        3.996ns  (logic 1.336ns (33.438%)  route 2.660ns (66.562%))
  Logic Levels:           1  (IBUF=1)
  Clock Path Skew:        4.763ns (DCD - SCD + CPR)
    Destination Clock Delay (DCD):    4.763ns
    Source Clock Delay      (SCD):    0.000ns
    Clock Pessimism Removal (CPR):    0.000ns
  Clock Uncertainty:      0.025ns  ((TSJ^2 + TIJ^2)^1/2 + DJ) / 2 + PE
    Total System Jitter     (TSJ):    0.050ns
    Total Input Jitter      (TIJ):    0.000ns
    Discrete Jitter          (DJ):    0.000ns
    Phase Error              (PE):    0.000ns

    Location             Delay type                Incr(ns)  Path(ns)    Netlist Resource(s)
  -------------------------------------------------------------------    -------------------
    C2                                                0.000     0.000 r  SW[7] (IN)
                         net (fo=0)                   0.000     0.000    SW[7]
    C2                   IBUF (Prop_ibuf_I_O)         1.336     1.336 r  SW_IBUF[7]_inst/O
                         net (fo=1, routed)           2.660     3.996    Sin_sync[7]/SW_IBUF[0]
    SLICE_X8Y84          FDRE                                         r  Sin_sync[7]/ff1_reg/D
  -------------------------------------------------------------------    -------------------

                         (clock Clk rise edge)        0.000     0.000 r  
    N15                                               0.000     0.000 r  Clk (IN)
                         net (fo=0)                   0.000     0.000    Clk
    N15                  IBUF (Prop_ibuf_I_O)         1.370     1.370 r  Clk_IBUF_inst/O
                         net (fo=1, routed)           1.868     3.238    Clk_IBUF
    BUFGCTRL_X0Y0        BUFG (Prop_bufg_I_O)         0.091     3.329 r  Clk_IBUF_BUFG_inst/O
                         net (fo=253, routed)         1.434     4.763    Sin_sync[7]/Clk_IBUF_BUFG
    SLICE_X8Y84          FDRE                                         r  Sin_sync[7]/ff1_reg/C

Slack:                    inf
  Source:                 SW[4]
                            (input port)
  Destination:            Sin_sync[4]/ff1_reg/D
                            (rising edge-triggered cell FDRE clocked by Clk  {rise@0.000ns fall@5.000ns period=10.000ns})
  Path Group:             (none)
  Path Type:              Setup (Max at Slow Process Corner)
  Data Path Delay:        3.889ns  (logic 1.325ns (34.063%)  route 2.564ns (65.937%))
  Logic Levels:           1  (IBUF=1)
  Clock Path Skew:        4.752ns (DCD - SCD + CPR)
    Destination Clock Delay (DCD):    4.752ns
    Source Clock Delay      (SCD):    0.000ns
    Clock Pessimism Removal (CPR):    0.000ns
  Clock Uncertainty:      0.025ns  ((TSJ^2 + TIJ^2)^1/2 + DJ) / 2 + PE
    Total System Jitter     (TSJ):    0.050ns
    Total Input Jitter      (TIJ):    0.000ns
    Discrete Jitter          (DJ):    0.000ns
    Phase Error              (PE):    0.000ns

    Location             Delay type                Incr(ns)  Path(ns)    Netlist Resource(s)
  -------------------------------------------------------------------    -------------------
    E1                                                0.000     0.000 r  SW[4] (IN)
                         net (fo=0)                   0.000     0.000    SW[4]
    E1                   IBUF (Prop_ibuf_I_O)         1.325     1.325 r  SW_IBUF[4]_inst/O
                         net (fo=1, routed)           2.564     3.889    Sin_sync[4]/SW_IBUF[0]
    SLICE_X8Y75          FDRE                                         r  Sin_sync[4]/ff1_reg/D
  -------------------------------------------------------------------    -------------------

                         (clock Clk rise edge)        0.000     0.000 r  
    N15                                               0.000     0.000 r  Clk (IN)
                         net (fo=0)                   0.000     0.000    Clk
    N15                  IBUF (Prop_ibuf_I_O)         1.370     1.370 r  Clk_IBUF_inst/O
                         net (fo=1, routed)           1.868     3.238    Clk_IBUF
    BUFGCTRL_X0Y0        BUFG (Prop_bufg_I_O)         0.091     3.329 r  Clk_IBUF_BUFG_inst/O
                         net (fo=253, routed)         1.423     4.752    Sin_sync[4]/Clk_IBUF_BUFG
    SLICE_X8Y75          FDRE                                         r  Sin_sync[4]/ff1_reg/C





Min Delay Paths
--------------------------------------------------------------------------------------
Slack:                    inf
  Source:                 control/clearXA_reg/G
                            (positive level-sensitive latch)
  Destination:            registerA/Data_Out_reg[5]/R
                            (rising edge-triggered cell FDRE clocked by Clk  {rise@0.000ns fall@5.000ns period=10.000ns})
  Path Group:             (none)
  Path Type:              Hold (Min at Fast Process Corner)
  Data Path Delay:        0.511ns  (logic 0.206ns (40.297%)  route 0.305ns (59.703%))
  Logic Levels:           2  (LDCE=1 LUT2=1)
  Clock Uncertainty:      0.025ns  ((TSJ^2 + TIJ^2)^1/2 + DJ) / 2 + PE
    Total System Jitter     (TSJ):    0.050ns
    Total Input Jitter      (TIJ):    0.000ns
    Discrete Jitter          (DJ):    0.000ns
    Phase Error              (PE):    0.000ns

    Location             Delay type                Incr(ns)  Path(ns)    Netlist Resource(s)
  -------------------------------------------------------------------    -------------------
    SLICE_X5Y88          LDCE                         0.000     0.000 r  control/clearXA_reg/G
    SLICE_X5Y88          LDCE (EnToQ_ldce_G_Q)        0.158     0.158 r  control/clearXA_reg/Q
                         net (fo=1, routed)           0.097     0.255    control/clearXA
    SLICE_X4Y88          LUT2 (Prop_lut2_I1_O)        0.048     0.303 r  control/Data_Out[7]_i_1__0/O
                         net (fo=9, routed)           0.208     0.511    registerA/SR[0]
    SLICE_X4Y87          FDRE                                         r  registerA/Data_Out_reg[5]/R
  -------------------------------------------------------------------    -------------------

                         (clock Clk rise edge)        0.000     0.000 r  
    N15                                               0.000     0.000 r  Clk (IN)
                         net (fo=0)                   0.000     0.000    Clk
    N15                  IBUF (Prop_ibuf_I_O)         0.396     0.396 r  Clk_IBUF_inst/O
                         net (fo=1, routed)           0.689     1.085    Clk_IBUF
    BUFGCTRL_X0Y0        BUFG (Prop_bufg_I_O)         0.029     1.114 r  Clk_IBUF_BUFG_inst/O
                         net (fo=253, routed)         0.858     1.971    registerA/Clk_IBUF_BUFG
    SLICE_X4Y87          FDRE                                         r  registerA/Data_Out_reg[5]/C

Slack:                    inf
  Source:                 control/clearXA_reg/G
                            (positive level-sensitive latch)
  Destination:            registerA/Data_Out_reg[0]/R
                            (rising edge-triggered cell FDRE clocked by Clk  {rise@0.000ns fall@5.000ns period=10.000ns})
  Path Group:             (none)
  Path Type:              Hold (Min at Fast Process Corner)
  Data Path Delay:        0.553ns  (logic 0.206ns (37.251%)  route 0.347ns (62.749%))
  Logic Levels:           2  (LDCE=1 LUT2=1)
  Clock Uncertainty:      0.025ns  ((TSJ^2 + TIJ^2)^1/2 + DJ) / 2 + PE
    Total System Jitter     (TSJ):    0.050ns
    Total Input Jitter      (TIJ):    0.000ns
    Discrete Jitter          (DJ):    0.000ns
    Phase Error              (PE):    0.000ns

    Location             Delay type                Incr(ns)  Path(ns)    Netlist Resource(s)
  -------------------------------------------------------------------    -------------------
    SLICE_X5Y88          LDCE                         0.000     0.000 r  control/clearXA_reg/G
    SLICE_X5Y88          LDCE (EnToQ_ldce_G_Q)        0.158     0.158 r  control/clearXA_reg/Q
                         net (fo=1, routed)           0.097     0.255    control/clearXA
    SLICE_X4Y88          LUT2 (Prop_lut2_I1_O)        0.048     0.303 r  control/Data_Out[7]_i_1__0/O
                         net (fo=9, routed)           0.250     0.553    registerA/SR[0]
    SLICE_X1Y87          FDRE                                         r  registerA/Data_Out_reg[0]/R
  -------------------------------------------------------------------    -------------------

                         (clock Clk rise edge)        0.000     0.000 r  
    N15                                               0.000     0.000 r  Clk (IN)
                         net (fo=0)                   0.000     0.000    Clk
    N15                  IBUF (Prop_ibuf_I_O)         0.396     0.396 r  Clk_IBUF_inst/O
                         net (fo=1, routed)           0.689     1.085    Clk_IBUF
    BUFGCTRL_X0Y0        BUFG (Prop_bufg_I_O)         0.029     1.114 r  Clk_IBUF_BUFG_inst/O
                         net (fo=253, routed)         0.859     1.973    registerA/Clk_IBUF_BUFG
    SLICE_X1Y87          FDRE                                         r  registerA/Data_Out_reg[0]/C

Slack:                    inf
  Source:                 control/clearXA_reg/G
                            (positive level-sensitive latch)
  Destination:            registerA/Data_Out_reg[7]/R
                            (rising edge-triggered cell FDRE clocked by Clk  {rise@0.000ns fall@5.000ns period=10.000ns})
  Path Group:             (none)
  Path Type:              Hold (Min at Fast Process Corner)
  Data Path Delay:        0.553ns  (logic 0.206ns (37.251%)  route 0.347ns (62.749%))
  Logic Levels:           2  (LDCE=1 LUT2=1)
  Clock Uncertainty:      0.025ns  ((TSJ^2 + TIJ^2)^1/2 + DJ) / 2 + PE
    Total System Jitter     (TSJ):    0.050ns
    Total Input Jitter      (TIJ):    0.000ns
    Discrete Jitter          (DJ):    0.000ns
    Phase Error              (PE):    0.000ns

    Location             Delay type                Incr(ns)  Path(ns)    Netlist Resource(s)
  -------------------------------------------------------------------    -------------------
    SLICE_X5Y88          LDCE                         0.000     0.000 r  control/clearXA_reg/G
    SLICE_X5Y88          LDCE (EnToQ_ldce_G_Q)        0.158     0.158 r  control/clearXA_reg/Q
                         net (fo=1, routed)           0.097     0.255    control/clearXA
    SLICE_X4Y88          LUT2 (Prop_lut2_I1_O)        0.048     0.303 r  control/Data_Out[7]_i_1__0/O
                         net (fo=9, routed)           0.250     0.553    registerA/SR[0]
    SLICE_X1Y87          FDRE                                         r  registerA/Data_Out_reg[7]/R
  -------------------------------------------------------------------    -------------------

                         (clock Clk rise edge)        0.000     0.000 r  
    N15                                               0.000     0.000 r  Clk (IN)
                         net (fo=0)                   0.000     0.000    Clk
    N15                  IBUF (Prop_ibuf_I_O)         0.396     0.396 r  Clk_IBUF_inst/O
                         net (fo=1, routed)           0.689     1.085    Clk_IBUF
    BUFGCTRL_X0Y0        BUFG (Prop_bufg_I_O)         0.029     1.114 r  Clk_IBUF_BUFG_inst/O
                         net (fo=253, routed)         0.859     1.973    registerA/Clk_IBUF_BUFG
    SLICE_X1Y87          FDRE                                         r  registerA/Data_Out_reg[7]/C

Slack:                    inf
  Source:                 control/clearXA_reg/G
                            (positive level-sensitive latch)
  Destination:            registerA/Data_Out_reg[1]/R
                            (rising edge-triggered cell FDRE clocked by Clk  {rise@0.000ns fall@5.000ns period=10.000ns})
  Path Group:             (none)
  Path Type:              Hold (Min at Fast Process Corner)
  Data Path Delay:        0.642ns  (logic 0.206ns (32.073%)  route 0.436ns (67.927%))
  Logic Levels:           2  (LDCE=1 LUT2=1)
  Clock Uncertainty:      0.025ns  ((TSJ^2 + TIJ^2)^1/2 + DJ) / 2 + PE
    Total System Jitter     (TSJ):    0.050ns
    Total Input Jitter      (TIJ):    0.000ns
    Discrete Jitter          (DJ):    0.000ns
    Phase Error              (PE):    0.000ns

    Location             Delay type                Incr(ns)  Path(ns)    Netlist Resource(s)
  -------------------------------------------------------------------    -------------------
    SLICE_X5Y88          LDCE                         0.000     0.000 r  control/clearXA_reg/G
    SLICE_X5Y88          LDCE (EnToQ_ldce_G_Q)        0.158     0.158 r  control/clearXA_reg/Q
                         net (fo=1, routed)           0.097     0.255    control/clearXA
    SLICE_X4Y88          LUT2 (Prop_lut2_I1_O)        0.048     0.303 r  control/Data_Out[7]_i_1__0/O
                         net (fo=9, routed)           0.339     0.642    registerA/SR[0]
    SLICE_X2Y87          FDRE                                         r  registerA/Data_Out_reg[1]/R
  -------------------------------------------------------------------    -------------------

                         (clock Clk rise edge)        0.000     0.000 r  
    N15                                               0.000     0.000 r  Clk (IN)
                         net (fo=0)                   0.000     0.000    Clk
    N15                  IBUF (Prop_ibuf_I_O)         0.396     0.396 r  Clk_IBUF_inst/O
                         net (fo=1, routed)           0.689     1.085    Clk_IBUF
    BUFGCTRL_X0Y0        BUFG (Prop_bufg_I_O)         0.029     1.114 r  Clk_IBUF_BUFG_inst/O
                         net (fo=253, routed)         0.859     1.973    registerA/Clk_IBUF_BUFG
    SLICE_X2Y87          FDRE                                         r  registerA/Data_Out_reg[1]/C

Slack:                    inf
  Source:                 control/clearXA_reg/G
                            (positive level-sensitive latch)
  Destination:            registerA/Data_Out_reg[2]/R
                            (rising edge-triggered cell FDRE clocked by Clk  {rise@0.000ns fall@5.000ns period=10.000ns})
  Path Group:             (none)
  Path Type:              Hold (Min at Fast Process Corner)
  Data Path Delay:        0.642ns  (logic 0.206ns (32.073%)  route 0.436ns (67.927%))
  Logic Levels:           2  (LDCE=1 LUT2=1)
  Clock Uncertainty:      0.025ns  ((TSJ^2 + TIJ^2)^1/2 + DJ) / 2 + PE
    Total System Jitter     (TSJ):    0.050ns
    Total Input Jitter      (TIJ):    0.000ns
    Discrete Jitter          (DJ):    0.000ns
    Phase Error              (PE):    0.000ns

    Location             Delay type                Incr(ns)  Path(ns)    Netlist Resource(s)
  -------------------------------------------------------------------    -------------------
    SLICE_X5Y88          LDCE                         0.000     0.000 r  control/clearXA_reg/G
    SLICE_X5Y88          LDCE (EnToQ_ldce_G_Q)        0.158     0.158 r  control/clearXA_reg/Q
                         net (fo=1, routed)           0.097     0.255    control/clearXA
    SLICE_X4Y88          LUT2 (Prop_lut2_I1_O)        0.048     0.303 r  control/Data_Out[7]_i_1__0/O
                         net (fo=9, routed)           0.339     0.642    registerA/SR[0]
    SLICE_X2Y87          FDRE                                         r  registerA/Data_Out_reg[2]/R
  -------------------------------------------------------------------    -------------------

                         (clock Clk rise edge)        0.000     0.000 r  
    N15                                               0.000     0.000 r  Clk (IN)
                         net (fo=0)                   0.000     0.000    Clk
    N15                  IBUF (Prop_ibuf_I_O)         0.396     0.396 r  Clk_IBUF_inst/O
                         net (fo=1, routed)           0.689     1.085    Clk_IBUF
    BUFGCTRL_X0Y0        BUFG (Prop_bufg_I_O)         0.029     1.114 r  Clk_IBUF_BUFG_inst/O
                         net (fo=253, routed)         0.859     1.973    registerA/Clk_IBUF_BUFG
    SLICE_X2Y87          FDRE                                         r  registerA/Data_Out_reg[2]/C

Slack:                    inf
  Source:                 control/clearXA_reg/G
                            (positive level-sensitive latch)
  Destination:            registerA/Data_Out_reg[3]/R
                            (rising edge-triggered cell FDRE clocked by Clk  {rise@0.000ns fall@5.000ns period=10.000ns})
  Path Group:             (none)
  Path Type:              Hold (Min at Fast Process Corner)
  Data Path Delay:        0.665ns  (logic 0.206ns (30.955%)  route 0.459ns (69.045%))
  Logic Levels:           2  (LDCE=1 LUT2=1)
  Clock Uncertainty:      0.025ns  ((TSJ^2 + TIJ^2)^1/2 + DJ) / 2 + PE
    Total System Jitter     (TSJ):    0.050ns
    Total Input Jitter      (TIJ):    0.000ns
    Discrete Jitter          (DJ):    0.000ns
    Phase Error              (PE):    0.000ns

    Location             Delay type                Incr(ns)  Path(ns)    Netlist Resource(s)
  -------------------------------------------------------------------    -------------------
    SLICE_X5Y88          LDCE                         0.000     0.000 r  control/clearXA_reg/G
    SLICE_X5Y88          LDCE (EnToQ_ldce_G_Q)        0.158     0.158 r  control/clearXA_reg/Q
                         net (fo=1, routed)           0.097     0.255    control/clearXA
    SLICE_X4Y88          LUT2 (Prop_lut2_I1_O)        0.048     0.303 r  control/Data_Out[7]_i_1__0/O
                         net (fo=9, routed)           0.363     0.665    registerA/SR[0]
    SLICE_X1Y86          FDRE                                         r  registerA/Data_Out_reg[3]/R
  -------------------------------------------------------------------    -------------------

                         (clock Clk rise edge)        0.000     0.000 r  
    N15                                               0.000     0.000 r  Clk (IN)
                         net (fo=0)                   0.000     0.000    Clk
    N15                  IBUF (Prop_ibuf_I_O)         0.396     0.396 r  Clk_IBUF_inst/O
                         net (fo=1, routed)           0.689     1.085    Clk_IBUF
    BUFGCTRL_X0Y0        BUFG (Prop_bufg_I_O)         0.029     1.114 r  Clk_IBUF_BUFG_inst/O
                         net (fo=253, routed)         0.858     1.972    registerA/Clk_IBUF_BUFG
    SLICE_X1Y86          FDRE                                         r  registerA/Data_Out_reg[3]/C

Slack:                    inf
  Source:                 control/clearXA_reg/G
                            (positive level-sensitive latch)
  Destination:            registerA/Data_Out_reg[4]/R
                            (rising edge-triggered cell FDRE clocked by Clk  {rise@0.000ns fall@5.000ns period=10.000ns})
  Path Group:             (none)
  Path Type:              Hold (Min at Fast Process Corner)
  Data Path Delay:        0.665ns  (logic 0.206ns (30.955%)  route 0.459ns (69.045%))
  Logic Levels:           2  (LDCE=1 LUT2=1)
  Clock Uncertainty:      0.025ns  ((TSJ^2 + TIJ^2)^1/2 + DJ) / 2 + PE
    Total System Jitter     (TSJ):    0.050ns
    Total Input Jitter      (TIJ):    0.000ns
    Discrete Jitter          (DJ):    0.000ns
    Phase Error              (PE):    0.000ns

    Location             Delay type                Incr(ns)  Path(ns)    Netlist Resource(s)
  -------------------------------------------------------------------    -------------------
    SLICE_X5Y88          LDCE                         0.000     0.000 r  control/clearXA_reg/G
    SLICE_X5Y88          LDCE (EnToQ_ldce_G_Q)        0.158     0.158 r  control/clearXA_reg/Q
                         net (fo=1, routed)           0.097     0.255    control/clearXA
    SLICE_X4Y88          LUT2 (Prop_lut2_I1_O)        0.048     0.303 r  control/Data_Out[7]_i_1__0/O
                         net (fo=9, routed)           0.363     0.665    registerA/SR[0]
    SLICE_X1Y86          FDRE                                         r  registerA/Data_Out_reg[4]/R
  -------------------------------------------------------------------    -------------------

                         (clock Clk rise edge)        0.000     0.000 r  
    N15                                               0.000     0.000 r  Clk (IN)
                         net (fo=0)                   0.000     0.000    Clk
    N15                  IBUF (Prop_ibuf_I_O)         0.396     0.396 r  Clk_IBUF_inst/O
                         net (fo=1, routed)           0.689     1.085    Clk_IBUF
    BUFGCTRL_X0Y0        BUFG (Prop_bufg_I_O)         0.029     1.114 r  Clk_IBUF_BUFG_inst/O
                         net (fo=253, routed)         0.858     1.972    registerA/Clk_IBUF_BUFG
    SLICE_X1Y86          FDRE                                         r  registerA/Data_Out_reg[4]/C

Slack:                    inf
  Source:                 control/clearXA_reg/G
                            (positive level-sensitive latch)
  Destination:            registerA/Data_Out_reg[6]/R
                            (rising edge-triggered cell FDRE clocked by Clk  {rise@0.000ns fall@5.000ns period=10.000ns})
  Path Group:             (none)
  Path Type:              Hold (Min at Fast Process Corner)
  Data Path Delay:        0.755ns  (logic 0.206ns (27.293%)  route 0.549ns (72.707%))
  Logic Levels:           2  (LDCE=1 LUT2=1)
  Clock Uncertainty:      0.025ns  ((TSJ^2 + TIJ^2)^1/2 + DJ) / 2 + PE
    Total System Jitter     (TSJ):    0.050ns
    Total Input Jitter      (TIJ):    0.000ns
    Discrete Jitter          (DJ):    0.000ns
    Phase Error              (PE):    0.000ns

    Location             Delay type                Incr(ns)  Path(ns)    Netlist Resource(s)
  -------------------------------------------------------------------    -------------------
    SLICE_X5Y88          LDCE                         0.000     0.000 r  control/clearXA_reg/G
    SLICE_X5Y88          LDCE (EnToQ_ldce_G_Q)        0.158     0.158 r  control/clearXA_reg/Q
                         net (fo=1, routed)           0.097     0.255    control/clearXA
    SLICE_X4Y88          LUT2 (Prop_lut2_I1_O)        0.048     0.303 r  control/Data_Out[7]_i_1__0/O
                         net (fo=9, routed)           0.452     0.755    registerA/SR[0]
    SLICE_X2Y86          FDRE                                         r  registerA/Data_Out_reg[6]/R
  -------------------------------------------------------------------    -------------------

                         (clock Clk rise edge)        0.000     0.000 r  
    N15                                               0.000     0.000 r  Clk (IN)
                         net (fo=0)                   0.000     0.000    Clk
    N15                  IBUF (Prop_ibuf_I_O)         0.396     0.396 r  Clk_IBUF_inst/O
                         net (fo=1, routed)           0.689     1.085    Clk_IBUF
    BUFGCTRL_X0Y0        BUFG (Prop_bufg_I_O)         0.029     1.114 r  Clk_IBUF_BUFG_inst/O
                         net (fo=253, routed)         0.858     1.972    registerA/Clk_IBUF_BUFG
    SLICE_X2Y86          FDRE                                         r  registerA/Data_Out_reg[6]/C

Slack:                    inf
  Source:                 control/clearXA_reg/G
                            (positive level-sensitive latch)
  Destination:            X1/D_out_reg/D
                            (rising edge-triggered cell FDRE clocked by Clk  {rise@0.000ns fall@5.000ns period=10.000ns})
  Path Group:             (none)
  Path Type:              Hold (Min at Fast Process Corner)
  Data Path Delay:        0.764ns  (logic 0.313ns (40.971%)  route 0.451ns (59.029%))
  Logic Levels:           3  (LDCE=1 LUT2=1 LUT6=1)
  Clock Uncertainty:      0.025ns  ((TSJ^2 + TIJ^2)^1/2 + DJ) / 2 + PE
    Total System Jitter     (TSJ):    0.050ns
    Total Input Jitter      (TIJ):    0.000ns
    Discrete Jitter          (DJ):    0.000ns
    Phase Error              (PE):    0.000ns

    Location             Delay type                Incr(ns)  Path(ns)    Netlist Resource(s)
  -------------------------------------------------------------------    -------------------
    SLICE_X5Y88          LDCE                         0.000     0.000 r  control/clearXA_reg/G
    SLICE_X5Y88          LDCE (EnToQ_ldce_G_Q)        0.158     0.158 f  control/clearXA_reg/Q
                         net (fo=1, routed)           0.097     0.255    control/clearXA
    SLICE_X4Y88          LUT2 (Prop_lut2_I1_O)        0.048     0.303 f  control/Data_Out[7]_i_1__0/O
                         net (fo=9, routed)           0.354     0.657    control/SR[0]
    SLICE_X2Y88          LUT6 (Prop_lut6_I5_O)        0.107     0.764 r  control/D_out_i_1/O
                         net (fo=1, routed)           0.000     0.764    X1/D_out_reg_0
    SLICE_X2Y88          FDRE                                         r  X1/D_out_reg/D
  -------------------------------------------------------------------    -------------------

                         (clock Clk rise edge)        0.000     0.000 r  
    N15                                               0.000     0.000 r  Clk (IN)
                         net (fo=0)                   0.000     0.000    Clk
    N15                  IBUF (Prop_ibuf_I_O)         0.396     0.396 r  Clk_IBUF_inst/O
                         net (fo=1, routed)           0.689     1.085    Clk_IBUF
    BUFGCTRL_X0Y0        BUFG (Prop_bufg_I_O)         0.029     1.114 r  Clk_IBUF_BUFG_inst/O
                         net (fo=253, routed)         0.861     1.975    X1/Clk_IBUF_BUFG
    SLICE_X2Y88          FDRE                                         r  X1/D_out_reg/C

Slack:                    inf
  Source:                 SW[4]
                            (input port)
  Destination:            Sin_sync[4]/ff1_reg/D
                            (rising edge-triggered cell FDRE clocked by Clk  {rise@0.000ns fall@5.000ns period=10.000ns})
  Path Group:             (none)
  Path Type:              Hold (Min at Fast Process Corner)
  Data Path Delay:        1.562ns  (logic 0.402ns (25.717%)  route 1.160ns (74.283%))
  Logic Levels:           1  (IBUF=1)
  Clock Path Skew:        1.931ns (DCD - SCD - CPR)
    Destination Clock Delay (DCD):    1.931ns
    Source Clock Delay      (SCD):    0.000ns
    Clock Pessimism Removal (CPR):    -0.000ns

    Location             Delay type                Incr(ns)  Path(ns)    Netlist Resource(s)
  -------------------------------------------------------------------    -------------------
    E1                                                0.000     0.000 r  SW[4] (IN)
                         net (fo=0)                   0.000     0.000    SW[4]
    E1                   IBUF (Prop_ibuf_I_O)         0.402     0.402 r  SW_IBUF[4]_inst/O
                         net (fo=1, routed)           1.160     1.562    Sin_sync[4]/SW_IBUF[0]
    SLICE_X8Y75          FDRE                                         r  Sin_sync[4]/ff1_reg/D
  -------------------------------------------------------------------    -------------------

                         (clock Clk rise edge)        0.000     0.000 r  
    N15                                               0.000     0.000 r  Clk (IN)
                         net (fo=0)                   0.000     0.000    Clk
    N15                  IBUF (Prop_ibuf_I_O)         0.396     0.396 r  Clk_IBUF_inst/O
                         net (fo=1, routed)           0.689     1.085    Clk_IBUF
    BUFGCTRL_X0Y0        BUFG (Prop_bufg_I_O)         0.029     1.114 r  Clk_IBUF_BUFG_inst/O
                         net (fo=253, routed)         0.817     1.931    Sin_sync[4]/Clk_IBUF_BUFG
    SLICE_X8Y75          FDRE                                         r  Sin_sync[4]/ff1_reg/C





