TRACE::2024-11-08.02:17:16::SCWPlatform::Trying to open the hw design at C:/Users/realk/Desktop/ece385/ECE385/lab7_2/try5_sdk/mb_usb_hdmi_top/hw/mb_usb_hdmi_top.xsa
TRACE::2024-11-08.02:17:16::SCWPlatform::DSA given C:/Users/realk/Desktop/ece385/ECE385/lab7_2/try5_sdk/mb_usb_hdmi_top/hw/mb_usb_hdmi_top.xsa
TRACE::2024-11-08.02:17:16::SCWPlatform::DSA absoulate path C:/Users/realk/Desktop/ece385/ECE385/lab7_2/try5_sdk/mb_usb_hdmi_top/hw/mb_usb_hdmi_top.xsa
TRACE::2024-11-08.02:17:16::SCWPlatform::DSA directory C:/Users/realk/Desktop/ece385/ECE385/lab7_2/try5_sdk/mb_usb_hdmi_top/hw
TRACE::2024-11-08.02:17:16::SCWPlatform:: Platform Path C:/Users/realk/Desktop/ece385/ECE385/lab7_2/try5_sdk/mb_usb_hdmi_top/hw/mb_usb_hdmi_top.xsa
TRACE::2024-11-08.02:17:16::SCWPlatform:: Unique name xilinx:::0.0
TRACE::2024-11-08.02:17:16::SCWPlatform::Do not have an existing db opened. 
TRACE::2024-11-08.02:17:16::SCWPlatform::Opened new HwDB with name mb_usb_hdmi_top_0
TRACE::2024-11-08.02:17:16::SCWWriter::formatted JSON is {
	"platformName":	"mb_usb_hdmi_top",
	"sprVersion":	"2.0",
	"mode":	"gui",
	"dsaType":	"Fixed",
	"platformDesc":	"mb_usb_hdmi_top",
	"platHandOff":	"C:/Users/realk/Desktop/ece385/ECE385/lab7_2/mb_usb_hdmi_top.xsa",
	"platIntHandOff":	"<platformDir>/hw/mb_usb_hdmi_top.xsa",
	"deviceType":	"FPGA",
	"platIsPrebuiltAutogen":	"false",
	"platIsNoBootBsp":	"false",
	"hasFsblMakeHasChanges":	"false",
	"hasPmufwMakeHasChanges":	"false",
	"platPreBuiltFlag":	false,
	"platformSamplesDir":	""
}
TRACE::2024-11-08.02:17:16::SCWWriter::formatted JSON is {
	"platformName":	"mb_usb_hdmi_top",
	"sprVersion":	"2.0",
	"mode":	"gui",
	"dsaType":	"Fixed",
	"platformDesc":	"mb_usb_hdmi_top",
	"platHandOff":	"C:/Users/realk/Desktop/ece385/ECE385/lab7_2/mb_usb_hdmi_top.xsa",
	"platIntHandOff":	"<platformDir>/hw/mb_usb_hdmi_top.xsa",
	"deviceType":	"FPGA",
	"platIsPrebuiltAutogen":	"false",
	"platIsNoBootBsp":	"false",
	"hasFsblMakeHasChanges":	"false",
	"hasPmufwMakeHasChanges":	"false",
	"platPreBuiltFlag":	false,
	"platformSamplesDir":	"",
	"platActiveSys":	"mb_usb_hdmi_top",
	"systems":	[{
			"systemName":	"mb_usb_hdmi_top",
			"systemDesc":	"mb_usb_hdmi_top",
			"sysIsBootAutoGen":	"true",
			"systemDispName":	"mb_usb_hdmi_top"
		}]
}
TRACE::2024-11-08.02:17:16::SCWPlatform::Boot application domains not present, creating them
TRACE::2024-11-08.02:17:16::SCWPlatform::Pure FPGA device, no boot application will be created.
TRACE::2024-11-08.02:17:16::SCWWriter::formatted JSON is {
	"platformName":	"mb_usb_hdmi_top",
	"sprVersion":	"2.0",
	"mode":	"gui",
	"dsaType":	"Fixed",
	"platformDesc":	"mb_usb_hdmi_top",
	"platHandOff":	"C:/Users/realk/Desktop/ece385/ECE385/lab7_2/mb_usb_hdmi_top.xsa",
	"platIntHandOff":	"<platformDir>/hw/mb_usb_hdmi_top.xsa",
	"deviceType":	"FPGA",
	"platIsPrebuiltAutogen":	"false",
	"platIsNoBootBsp":	"false",
	"hasFsblMakeHasChanges":	"false",
	"hasPmufwMakeHasChanges":	"false",
	"platPreBuiltFlag":	false,
	"platformSamplesDir":	"",
	"platActiveSys":	"mb_usb_hdmi_top",
	"systems":	[{
			"systemName":	"mb_usb_hdmi_top",
			"systemDesc":	"mb_usb_hdmi_top",
			"sysIsBootAutoGen":	"true",
			"systemDispName":	"mb_usb_hdmi_top"
		}]
}
TRACE::2024-11-08.02:17:16::SCWWriter::formatted JSON is {
	"platformName":	"mb_usb_hdmi_top",
	"sprVersion":	"2.0",
	"mode":	"gui",
	"dsaType":	"Fixed",
	"platformDesc":	"mb_usb_hdmi_top",
	"platHandOff":	"C:/Users/realk/Desktop/ece385/ECE385/lab7_2/mb_usb_hdmi_top.xsa",
	"platIntHandOff":	"<platformDir>/hw/mb_usb_hdmi_top.xsa",
	"deviceType":	"FPGA",
	"platIsPrebuiltAutogen":	"false",
	"platIsNoBootBsp":	"false",
	"hasFsblMakeHasChanges":	"false",
	"hasPmufwMakeHasChanges":	"false",
	"platPreBuiltFlag":	false,
	"platformSamplesDir":	"",
	"platActiveSys":	"mb_usb_hdmi_top",
	"systems":	[{
			"systemName":	"mb_usb_hdmi_top",
			"systemDesc":	"mb_usb_hdmi_top",
			"sysIsBootAutoGen":	"true",
			"systemDispName":	"mb_usb_hdmi_top"
		}]
}
TRACE::2024-11-08.02:17:16::SCWPlatform::Trying to open the hw design at C:/Users/realk/Desktop/ece385/ECE385/lab7_2/try5_sdk/mb_usb_hdmi_top/hw/mb_usb_hdmi_top.xsa
TRACE::2024-11-08.02:17:16::SCWPlatform::DSA given C:/Users/realk/Desktop/ece385/ECE385/lab7_2/try5_sdk/mb_usb_hdmi_top/hw/mb_usb_hdmi_top.xsa
TRACE::2024-11-08.02:17:16::SCWPlatform::DSA absoulate path C:/Users/realk/Desktop/ece385/ECE385/lab7_2/try5_sdk/mb_usb_hdmi_top/hw/mb_usb_hdmi_top.xsa
TRACE::2024-11-08.02:17:16::SCWPlatform::DSA directory C:/Users/realk/Desktop/ece385/ECE385/lab7_2/try5_sdk/mb_usb_hdmi_top/hw
TRACE::2024-11-08.02:17:16::SCWPlatform:: Platform Path C:/Users/realk/Desktop/ece385/ECE385/lab7_2/try5_sdk/mb_usb_hdmi_top/hw/mb_usb_hdmi_top.xsa
TRACE::2024-11-08.02:17:16::SCWPlatform:: Unique name xilinx:::0.0
TRACE::2024-11-08.02:17:16::SCWPlatform::Trying to set the existing hwdb with name mb_usb_hdmi_top_0
TRACE::2024-11-08.02:17:16::SCWPlatform::Opened existing hwdb mb_usb_hdmi_top_0
TRACE::2024-11-08.02:17:16::SCWPlatform::Found the Hw Db part of the input DSA
TRACE::2024-11-08.02:17:16::SCWPlatform::Trying to open the hw design at C:/Users/realk/Desktop/ece385/ECE385/lab7_2/try5_sdk/mb_usb_hdmi_top/hw/mb_usb_hdmi_top.xsa
TRACE::2024-11-08.02:17:16::SCWPlatform::DSA given C:/Users/realk/Desktop/ece385/ECE385/lab7_2/try5_sdk/mb_usb_hdmi_top/hw/mb_usb_hdmi_top.xsa
TRACE::2024-11-08.02:17:16::SCWPlatform::DSA absoulate path C:/Users/realk/Desktop/ece385/ECE385/lab7_2/try5_sdk/mb_usb_hdmi_top/hw/mb_usb_hdmi_top.xsa
TRACE::2024-11-08.02:17:16::SCWPlatform::DSA directory C:/Users/realk/Desktop/ece385/ECE385/lab7_2/try5_sdk/mb_usb_hdmi_top/hw
TRACE::2024-11-08.02:17:16::SCWPlatform:: Platform Path C:/Users/realk/Desktop/ece385/ECE385/lab7_2/try5_sdk/mb_usb_hdmi_top/hw/mb_usb_hdmi_top.xsa
TRACE::2024-11-08.02:17:16::SCWPlatform:: Unique name xilinx:::0.0
TRACE::2024-11-08.02:17:16::SCWPlatform::Trying to set the existing hwdb with name mb_usb_hdmi_top_0
TRACE::2024-11-08.02:17:16::SCWPlatform::Opened existing hwdb mb_usb_hdmi_top_0
TRACE::2024-11-08.02:17:16::SCWPlatform::Found the Hw Db part of the input DSA
TRACE::2024-11-08.02:17:16::SCWDomain::checking for install qemu data   : 
TRACE::2024-11-08.02:17:16::SCWPlatform::Trying to open the hw design at C:/Users/realk/Desktop/ece385/ECE385/lab7_2/try5_sdk/mb_usb_hdmi_top/hw/mb_usb_hdmi_top.xsa
TRACE::2024-11-08.02:17:16::SCWPlatform::DSA given C:/Users/realk/Desktop/ece385/ECE385/lab7_2/try5_sdk/mb_usb_hdmi_top/hw/mb_usb_hdmi_top.xsa
TRACE::2024-11-08.02:17:16::SCWPlatform::DSA absoulate path C:/Users/realk/Desktop/ece385/ECE385/lab7_2/try5_sdk/mb_usb_hdmi_top/hw/mb_usb_hdmi_top.xsa
TRACE::2024-11-08.02:17:16::SCWPlatform::DSA directory C:/Users/realk/Desktop/ece385/ECE385/lab7_2/try5_sdk/mb_usb_hdmi_top/hw
TRACE::2024-11-08.02:17:16::SCWPlatform:: Platform Path C:/Users/realk/Desktop/ece385/ECE385/lab7_2/try5_sdk/mb_usb_hdmi_top/hw/mb_usb_hdmi_top.xsa
TRACE::2024-11-08.02:17:16::SCWPlatform:: Unique name xilinx:::0.0
TRACE::2024-11-08.02:17:16::SCWPlatform::Trying to set the existing hwdb with name mb_usb_hdmi_top_0
TRACE::2024-11-08.02:17:16::SCWPlatform::Opened existing hwdb mb_usb_hdmi_top_0
TRACE::2024-11-08.02:17:16::SCWPlatform::Found the Hw Db part of the input DSA
TRACE::2024-11-08.02:17:16::SCWPlatform::Trying to open the hw design at C:/Users/realk/Desktop/ece385/ECE385/lab7_2/try5_sdk/mb_usb_hdmi_top/hw/mb_usb_hdmi_top.xsa
TRACE::2024-11-08.02:17:16::SCWPlatform::DSA given C:/Users/realk/Desktop/ece385/ECE385/lab7_2/try5_sdk/mb_usb_hdmi_top/hw/mb_usb_hdmi_top.xsa
TRACE::2024-11-08.02:17:16::SCWPlatform::DSA absoulate path C:/Users/realk/Desktop/ece385/ECE385/lab7_2/try5_sdk/mb_usb_hdmi_top/hw/mb_usb_hdmi_top.xsa
TRACE::2024-11-08.02:17:16::SCWPlatform::DSA directory C:/Users/realk/Desktop/ece385/ECE385/lab7_2/try5_sdk/mb_usb_hdmi_top/hw
TRACE::2024-11-08.02:17:16::SCWPlatform:: Platform Path C:/Users/realk/Desktop/ece385/ECE385/lab7_2/try5_sdk/mb_usb_hdmi_top/hw/mb_usb_hdmi_top.xsa
TRACE::2024-11-08.02:17:16::SCWPlatform:: Unique name xilinx:::0.0
TRACE::2024-11-08.02:17:16::SCWPlatform::Trying to set the existing hwdb with name mb_usb_hdmi_top_0
TRACE::2024-11-08.02:17:16::SCWPlatform::Opened existing hwdb mb_usb_hdmi_top_0
TRACE::2024-11-08.02:17:16::SCWPlatform::Found the Hw Db part of the input DSA
TRACE::2024-11-08.02:17:16::SCWPlatform::Trying to open the hw design at C:/Users/realk/Desktop/ece385/ECE385/lab7_2/try5_sdk/mb_usb_hdmi_top/hw/mb_usb_hdmi_top.xsa
TRACE::2024-11-08.02:17:16::SCWPlatform::DSA given C:/Users/realk/Desktop/ece385/ECE385/lab7_2/try5_sdk/mb_usb_hdmi_top/hw/mb_usb_hdmi_top.xsa
TRACE::2024-11-08.02:17:16::SCWPlatform::DSA absoulate path C:/Users/realk/Desktop/ece385/ECE385/lab7_2/try5_sdk/mb_usb_hdmi_top/hw/mb_usb_hdmi_top.xsa
TRACE::2024-11-08.02:17:16::SCWPlatform::DSA directory C:/Users/realk/Desktop/ece385/ECE385/lab7_2/try5_sdk/mb_usb_hdmi_top/hw
TRACE::2024-11-08.02:17:16::SCWPlatform:: Platform Path C:/Users/realk/Desktop/ece385/ECE385/lab7_2/try5_sdk/mb_usb_hdmi_top/hw/mb_usb_hdmi_top.xsa
TRACE::2024-11-08.02:17:16::SCWPlatform:: Unique name xilinx:::0.0
TRACE::2024-11-08.02:17:16::SCWPlatform::Trying to set the existing hwdb with name mb_usb_hdmi_top_0
TRACE::2024-11-08.02:17:16::SCWPlatform::Opened existing hwdb mb_usb_hdmi_top_0
TRACE::2024-11-08.02:17:16::SCWPlatform::Found the Hw Db part of the input DSA
TRACE::2024-11-08.02:17:16::SCWMssOS::Checking the sw design at  C:/Users/realk/Desktop/ece385/ECE385/lab7_2/try5_sdk/mb_usb_hdmi_top/microblaze_0/standalone_microblaze_0/bsp/system.mss
TRACE::2024-11-08.02:17:16::SCWMssOS::DEBUG:  swdes dump  
TRACE::2024-11-08.02:17:16::SCWMssOS::No sw design opened at  C:/Users/realk/Desktop/ece385/ECE385/lab7_2/try5_sdk/mb_usb_hdmi_top/microblaze_0/standalone_microblaze_0/bsp/system.mss
TRACE::2024-11-08.02:17:16::SCWMssOS::mss does not exists at C:/Users/realk/Desktop/ece385/ECE385/lab7_2/try5_sdk/mb_usb_hdmi_top/microblaze_0/standalone_microblaze_0/bsp/system.mss
TRACE::2024-11-08.02:17:16::SCWMssOS::Creating sw design at  C:/Users/realk/Desktop/ece385/ECE385/lab7_2/try5_sdk/mb_usb_hdmi_top/microblaze_0/standalone_microblaze_0/bsp/system.mss
TRACE::2024-11-08.02:17:16::SCWMssOS::Adding the swdes entry, created swdb C:/Users/realk/Desktop/ece385/ECE385/lab7_2/try5_sdk/mb_usb_hdmi_top/microblaze_0/standalone_microblaze_0/bsp/system.mss with des name C:/Users/realk/Desktop/ece385/ECE385/lab7_2/try5_sdk/mb_usb_hdmi_top/microblaze_0/standalone_microblaze_0/bsp/system.mss
TRACE::2024-11-08.02:17:16::SCWMssOS::updating the scw layer changes to swdes at   C:/Users/realk/Desktop/ece385/ECE385/lab7_2/try5_sdk/mb_usb_hdmi_top/microblaze_0/standalone_microblaze_0/bsp/system.mss
TRACE::2024-11-08.02:17:16::SCWMssOS::Writing mss at C:/Users/realk/Desktop/ece385/ECE385/lab7_2/try5_sdk/mb_usb_hdmi_top/microblaze_0/standalone_microblaze_0/bsp/system.mss
TRACE::2024-11-08.02:17:16::SCWMssOS::Completed writing the mss file at C:/Users/realk/Desktop/ece385/ECE385/lab7_2/try5_sdk/mb_usb_hdmi_top/microblaze_0/standalone_microblaze_0/bsp
TRACE::2024-11-08.02:17:16::SCWMssOS::Picking up changes from newly written mss file into SCW Layer. 
TRACE::2024-11-08.02:17:16::SCWMssOS::Updated the changes from newly written mss file into SCW Layer. 
TRACE::2024-11-08.02:17:16::SCWMssOS::Completed writing the mss file at C:/Users/realk/Desktop/ece385/ECE385/lab7_2/try5_sdk/mb_usb_hdmi_top/microblaze_0/standalone_microblaze_0/bsp
TRACE::2024-11-08.02:17:16::SCWMssOS::Forcing BSP Sources regeneration.
TRACE::2024-11-08.02:17:18::SCWMssOS::Saving the mss changes C:/Users/realk/Desktop/ece385/ECE385/lab7_2/try5_sdk/mb_usb_hdmi_top/microblaze_0/standalone_microblaze_0/bsp/system.mss
TRACE::2024-11-08.02:17:18::SCWMssOS::Adding the swdes entry, mss present, able to open swdb C:/Users/realk/Desktop/ece385/ECE385/lab7_2/try5_sdk/mb_usb_hdmi_top/microblaze_0/standalone_microblaze_0/bsp/system.mss with des name system
TRACE::2024-11-08.02:17:18::SCWMssOS::Writing the mss file completed C:/Users/realk/Desktop/ece385/ECE385/lab7_2/try5_sdk/mb_usb_hdmi_top/microblaze_0/standalone_microblaze_0/bsp/system.mss
TRACE::2024-11-08.02:17:18::SCWMssOS::Commit changes completed.
TRACE::2024-11-08.02:17:18::SCWPlatform::Trying to open the hw design at C:/Users/realk/Desktop/ece385/ECE385/lab7_2/try5_sdk/mb_usb_hdmi_top/hw/mb_usb_hdmi_top.xsa
TRACE::2024-11-08.02:17:18::SCWPlatform::DSA given C:/Users/realk/Desktop/ece385/ECE385/lab7_2/try5_sdk/mb_usb_hdmi_top/hw/mb_usb_hdmi_top.xsa
TRACE::2024-11-08.02:17:18::SCWPlatform::DSA absoulate path C:/Users/realk/Desktop/ece385/ECE385/lab7_2/try5_sdk/mb_usb_hdmi_top/hw/mb_usb_hdmi_top.xsa
TRACE::2024-11-08.02:17:18::SCWPlatform::DSA directory C:/Users/realk/Desktop/ece385/ECE385/lab7_2/try5_sdk/mb_usb_hdmi_top/hw
TRACE::2024-11-08.02:17:18::SCWPlatform:: Platform Path C:/Users/realk/Desktop/ece385/ECE385/lab7_2/try5_sdk/mb_usb_hdmi_top/hw/mb_usb_hdmi_top.xsa
TRACE::2024-11-08.02:17:18::SCWPlatform:: Unique name xilinx:::0.0
TRACE::2024-11-08.02:17:18::SCWPlatform::Trying to set the existing hwdb with name mb_usb_hdmi_top_0
TRACE::2024-11-08.02:17:18::SCWPlatform::Opened existing hwdb mb_usb_hdmi_top_0
TRACE::2024-11-08.02:17:18::SCWPlatform::Found the Hw Db part of the input DSA
TRACE::2024-11-08.02:17:18::SCWMssOS::Checking the sw design at  C:/Users/realk/Desktop/ece385/ECE385/lab7_2/try5_sdk/mb_usb_hdmi_top/microblaze_0/standalone_microblaze_0/bsp/system.mss
TRACE::2024-11-08.02:17:18::SCWMssOS::DEBUG:  swdes dump  C:/Users/realk/Desktop/ece385/ECE385/lab7_2/try5_sdk/mb_usb_hdmi_top/microblaze_0/standalone_microblaze_0/bsp/system.mss|system||

TRACE::2024-11-08.02:17:18::SCWMssOS::Sw design exists and opened at  C:/Users/realk/Desktop/ece385/ECE385/lab7_2/try5_sdk/mb_usb_hdmi_top/microblaze_0/standalone_microblaze_0/bsp/system.mss
TRACE::2024-11-08.02:17:18::SCWPlatform::Trying to open the hw design at C:/Users/realk/Desktop/ece385/ECE385/lab7_2/try5_sdk/mb_usb_hdmi_top/hw/mb_usb_hdmi_top.xsa
TRACE::2024-11-08.02:17:18::SCWPlatform::DSA given C:/Users/realk/Desktop/ece385/ECE385/lab7_2/try5_sdk/mb_usb_hdmi_top/hw/mb_usb_hdmi_top.xsa
TRACE::2024-11-08.02:17:18::SCWPlatform::DSA absoulate path C:/Users/realk/Desktop/ece385/ECE385/lab7_2/try5_sdk/mb_usb_hdmi_top/hw/mb_usb_hdmi_top.xsa
TRACE::2024-11-08.02:17:18::SCWPlatform::DSA directory C:/Users/realk/Desktop/ece385/ECE385/lab7_2/try5_sdk/mb_usb_hdmi_top/hw
TRACE::2024-11-08.02:17:18::SCWPlatform:: Platform Path C:/Users/realk/Desktop/ece385/ECE385/lab7_2/try5_sdk/mb_usb_hdmi_top/hw/mb_usb_hdmi_top.xsa
TRACE::2024-11-08.02:17:18::SCWPlatform:: Unique name xilinx:::0.0
TRACE::2024-11-08.02:17:18::SCWPlatform::Trying to set the existing hwdb with name mb_usb_hdmi_top_0
TRACE::2024-11-08.02:17:18::SCWPlatform::Opened existing hwdb mb_usb_hdmi_top_0
TRACE::2024-11-08.02:17:18::SCWPlatform::Found the Hw Db part of the input DSA
TRACE::2024-11-08.02:17:18::SCWMssOS::Checking the sw design at  C:/Users/realk/Desktop/ece385/ECE385/lab7_2/try5_sdk/mb_usb_hdmi_top/microblaze_0/standalone_microblaze_0/bsp/system.mss
TRACE::2024-11-08.02:17:18::SCWMssOS::DEBUG:  swdes dump  C:/Users/realk/Desktop/ece385/ECE385/lab7_2/try5_sdk/mb_usb_hdmi_top/microblaze_0/standalone_microblaze_0/bsp/system.mss|system||

TRACE::2024-11-08.02:17:18::SCWMssOS::Sw design exists and opened at  C:/Users/realk/Desktop/ece385/ECE385/lab7_2/try5_sdk/mb_usb_hdmi_top/microblaze_0/standalone_microblaze_0/bsp/system.mss
TRACE::2024-11-08.02:17:18::SCWPlatform::Trying to open the hw design at C:/Users/realk/Desktop/ece385/ECE385/lab7_2/try5_sdk/mb_usb_hdmi_top/hw/mb_usb_hdmi_top.xsa
TRACE::2024-11-08.02:17:18::SCWPlatform::DSA given C:/Users/realk/Desktop/ece385/ECE385/lab7_2/try5_sdk/mb_usb_hdmi_top/hw/mb_usb_hdmi_top.xsa
TRACE::2024-11-08.02:17:18::SCWPlatform::DSA absoulate path C:/Users/realk/Desktop/ece385/ECE385/lab7_2/try5_sdk/mb_usb_hdmi_top/hw/mb_usb_hdmi_top.xsa
TRACE::2024-11-08.02:17:18::SCWPlatform::DSA directory C:/Users/realk/Desktop/ece385/ECE385/lab7_2/try5_sdk/mb_usb_hdmi_top/hw
TRACE::2024-11-08.02:17:18::SCWPlatform:: Platform Path C:/Users/realk/Desktop/ece385/ECE385/lab7_2/try5_sdk/mb_usb_hdmi_top/hw/mb_usb_hdmi_top.xsa
TRACE::2024-11-08.02:17:18::SCWPlatform:: Unique name xilinx:::0.0
TRACE::2024-11-08.02:17:18::SCWPlatform::Trying to set the existing hwdb with name mb_usb_hdmi_top_0
TRACE::2024-11-08.02:17:18::SCWPlatform::Opened existing hwdb mb_usb_hdmi_top_0
TRACE::2024-11-08.02:17:18::SCWPlatform::Found the Hw Db part of the input DSA
TRACE::2024-11-08.02:17:18::SCWMssOS::Checking the sw design at  C:/Users/realk/Desktop/ece385/ECE385/lab7_2/try5_sdk/mb_usb_hdmi_top/microblaze_0/standalone_microblaze_0/bsp/system.mss
TRACE::2024-11-08.02:17:18::SCWMssOS::DEBUG:  swdes dump  C:/Users/realk/Desktop/ece385/ECE385/lab7_2/try5_sdk/mb_usb_hdmi_top/microblaze_0/standalone_microblaze_0/bsp/system.mss|system||

TRACE::2024-11-08.02:17:18::SCWMssOS::Sw design exists and opened at  C:/Users/realk/Desktop/ece385/ECE385/lab7_2/try5_sdk/mb_usb_hdmi_top/microblaze_0/standalone_microblaze_0/bsp/system.mss
TRACE::2024-11-08.02:17:18::SCWWriter::formatted JSON is {
	"platformName":	"mb_usb_hdmi_top",
	"sprVersion":	"2.0",
	"mode":	"gui",
	"dsaType":	"Fixed",
	"platformDesc":	"mb_usb_hdmi_top",
	"platHandOff":	"C:/Users/realk/Desktop/ece385/ECE385/lab7_2/mb_usb_hdmi_top.xsa",
	"platIntHandOff":	"<platformDir>/hw/mb_usb_hdmi_top.xsa",
	"deviceType":	"FPGA",
	"platIsPrebuiltAutogen":	"false",
	"platIsNoBootBsp":	"false",
	"hasFsblMakeHasChanges":	"false",
	"hasPmufwMakeHasChanges":	"false",
	"platPreBuiltFlag":	false,
	"platformSamplesDir":	"",
	"platActiveSys":	"mb_usb_hdmi_top",
	"systems":	[{
			"systemName":	"mb_usb_hdmi_top",
			"systemDesc":	"mb_usb_hdmi_top",
			"sysIsBootAutoGen":	"true",
			"systemDispName":	"mb_usb_hdmi_top",
			"sysActiveDom":	"standalone_microblaze_0",
			"sysDefaultDom":	"standalone_microblaze_0",
			"domains":	[{
					"domainName":	"standalone_microblaze_0",
					"domainDispName":	"standalone_microblaze_0",
					"domainDesc":	"standalone_microblaze_0",
					"processors":	"microblaze_0",
					"os":	"standalone",
					"sdxOs":	"standalone",
					"debugEnable":	"False",
					"domRuntimes":	["cpp"],
					"swRepo":	"",
					"mssOsVer":	"8.0",
					"mssFile":	"",
					"md5Digest":	"5422c1e5be4ae93f4de8c50507402f2a",
					"compatibleApp":	"hello_world",
					"domType":	"mssDomain",
					"arch":	"32-bit",
					"appSettings":	{
						"appCompilerFlags":	"",
						"appLinkerFlags":	""
					},
					"addedLibs":	[],
					"libOptions":	{
						"libsContainingOptions":	[]
					},
					"prebuiltLibs":	{
						"prebuiltIncPath":	[],
						"prebuiltLibPath":	[]
					},
					"isolation":	{
					}
				}]
		}]
}
LOG::2024-11-08.02:17:18::SCWPlatform::Started generating the artifacts platform mb_usb_hdmi_top
TRACE::2024-11-08.02:17:18::SCWPlatform::Sanity checking of platform is completed
LOG::2024-11-08.02:17:18::SCWPlatform::Started generating the artifacts for system configuration mb_usb_hdmi_top
LOG::2024-11-08.02:17:18::SCWSystem::Checking the domain standalone_microblaze_0
LOG::2024-11-08.02:17:18::SCWSystem::Not a boot domain 
LOG::2024-11-08.02:17:18::SCWSystem::Started Processing the domain standalone_microblaze_0
TRACE::2024-11-08.02:17:18::SCWDomain::Generating domain artifcats
TRACE::2024-11-08.02:17:18::SCWMssOS::Generating standalone artifcats
TRACE::2024-11-08.02:17:18::SCWMssOS:: Copying the user libraries. 
TRACE::2024-11-08.02:17:18::SCWPlatform::Trying to open the hw design at C:/Users/realk/Desktop/ece385/ECE385/lab7_2/try5_sdk/mb_usb_hdmi_top/hw/mb_usb_hdmi_top.xsa
TRACE::2024-11-08.02:17:18::SCWPlatform::DSA given C:/Users/realk/Desktop/ece385/ECE385/lab7_2/try5_sdk/mb_usb_hdmi_top/hw/mb_usb_hdmi_top.xsa
TRACE::2024-11-08.02:17:18::SCWPlatform::DSA absoulate path C:/Users/realk/Desktop/ece385/ECE385/lab7_2/try5_sdk/mb_usb_hdmi_top/hw/mb_usb_hdmi_top.xsa
TRACE::2024-11-08.02:17:18::SCWPlatform::DSA directory C:/Users/realk/Desktop/ece385/ECE385/lab7_2/try5_sdk/mb_usb_hdmi_top/hw
TRACE::2024-11-08.02:17:18::SCWPlatform:: Platform Path C:/Users/realk/Desktop/ece385/ECE385/lab7_2/try5_sdk/mb_usb_hdmi_top/hw/mb_usb_hdmi_top.xsa
TRACE::2024-11-08.02:17:18::SCWPlatform:: Unique name xilinx:::0.0
TRACE::2024-11-08.02:17:18::SCWPlatform::Trying to set the existing hwdb with name mb_usb_hdmi_top_0
TRACE::2024-11-08.02:17:18::SCWPlatform::Opened existing hwdb mb_usb_hdmi_top_0
TRACE::2024-11-08.02:17:18::SCWPlatform::Found the Hw Db part of the input DSA
TRACE::2024-11-08.02:17:18::SCWMssOS::Checking the sw design at  C:/Users/realk/Desktop/ece385/ECE385/lab7_2/try5_sdk/mb_usb_hdmi_top/microblaze_0/standalone_microblaze_0/bsp/system.mss
TRACE::2024-11-08.02:17:18::SCWMssOS::DEBUG:  swdes dump  C:/Users/realk/Desktop/ece385/ECE385/lab7_2/try5_sdk/mb_usb_hdmi_top/microblaze_0/standalone_microblaze_0/bsp/system.mss|system||

TRACE::2024-11-08.02:17:18::SCWMssOS::Sw design exists and opened at  C:/Users/realk/Desktop/ece385/ECE385/lab7_2/try5_sdk/mb_usb_hdmi_top/microblaze_0/standalone_microblaze_0/bsp/system.mss
TRACE::2024-11-08.02:17:18::SCWMssOS::Completed writing the mss file at C:/Users/realk/Desktop/ece385/ECE385/lab7_2/try5_sdk/mb_usb_hdmi_top/microblaze_0/standalone_microblaze_0/bsp
TRACE::2024-11-08.02:17:18::SCWMssOS::Mss edits present, copying mssfile into export location C:/Users/realk/Desktop/ece385/ECE385/lab7_2/try5_sdk/mb_usb_hdmi_top/microblaze_0/standalone_microblaze_0/bsp/system.mss
TRACE::2024-11-08.02:17:18::SCWMssOS::bsp generated is upto date with the mss file. Skipping bsp generation.
TRACE::2024-11-08.02:17:18::SCWMssOS::BSP is already built. skipping the bsp build ... 
TRACE::2024-11-08.02:17:18::SCWDomain::Skipping the build for domain :  standalone_microblaze_0
TRACE::2024-11-08.02:17:18::SCWMssOS::skipping the bsp build ... 
TRACE::2024-11-08.02:17:18::SCWMssOS::Copying to export directory.
TRACE::2024-11-08.02:17:18::SCWMssOS:: Checking if to create the Supporting Applications
TRACE::2024-11-08.02:17:18::SCWMssOS:: No Linux domain exists, trying to generate FSBL 
LOG::2024-11-08.02:17:18::SCWSystem::Completed Processing the domain standalone_microblaze_0
LOG::2024-11-08.02:17:18::SCWSystem::Completed Processing the sysconfig mb_usb_hdmi_top
LOG::2024-11-08.02:17:18::SCWPlatform::Completed generating the artifacts for system configuration mb_usb_hdmi_top
TRACE::2024-11-08.02:17:18::SCWPlatform::Started preparing the platform 
TRACE::2024-11-08.02:17:18::SCWSystem::Writing the bif file for system config mb_usb_hdmi_top
TRACE::2024-11-08.02:17:18::SCWSystem::dir created 
TRACE::2024-11-08.02:17:18::SCWSystem::Writing the bif 
TRACE::2024-11-08.02:17:18::SCWPlatform::Started writing the spfm file 
TRACE::2024-11-08.02:17:18::SCWPlatform::Started writing the xpfm file 
TRACE::2024-11-08.02:17:18::SCWPlatform::Completed generating the platform
TRACE::2024-11-08.02:17:18::SCWMssOS::Saving the mss changes C:/Users/realk/Desktop/ece385/ECE385/lab7_2/try5_sdk/mb_usb_hdmi_top/microblaze_0/standalone_microblaze_0/bsp/system.mss
TRACE::2024-11-08.02:17:18::SCWMssOS::Found a swdesign opened with the mssfile.
TRACE::2024-11-08.02:17:18::SCWMssOS::Completed writemss as part of save.
TRACE::2024-11-08.02:17:18::SCWMssOS::Commit changes completed.
TRACE::2024-11-08.02:17:18::SCWPlatform::Trying to open the hw design at C:/Users/realk/Desktop/ece385/ECE385/lab7_2/try5_sdk/mb_usb_hdmi_top/hw/mb_usb_hdmi_top.xsa
TRACE::2024-11-08.02:17:18::SCWPlatform::DSA given C:/Users/realk/Desktop/ece385/ECE385/lab7_2/try5_sdk/mb_usb_hdmi_top/hw/mb_usb_hdmi_top.xsa
TRACE::2024-11-08.02:17:18::SCWPlatform::DSA absoulate path C:/Users/realk/Desktop/ece385/ECE385/lab7_2/try5_sdk/mb_usb_hdmi_top/hw/mb_usb_hdmi_top.xsa
TRACE::2024-11-08.02:17:18::SCWPlatform::DSA directory C:/Users/realk/Desktop/ece385/ECE385/lab7_2/try5_sdk/mb_usb_hdmi_top/hw
TRACE::2024-11-08.02:17:18::SCWPlatform:: Platform Path C:/Users/realk/Desktop/ece385/ECE385/lab7_2/try5_sdk/mb_usb_hdmi_top/hw/mb_usb_hdmi_top.xsa
TRACE::2024-11-08.02:17:18::SCWPlatform:: Unique name xilinx:::0.0
TRACE::2024-11-08.02:17:18::SCWPlatform::Trying to set the existing hwdb with name mb_usb_hdmi_top_0
TRACE::2024-11-08.02:17:18::SCWPlatform::Opened existing hwdb mb_usb_hdmi_top_0
TRACE::2024-11-08.02:17:18::SCWPlatform::Found the Hw Db part of the input DSA
TRACE::2024-11-08.02:17:18::SCWMssOS::Checking the sw design at  C:/Users/realk/Desktop/ece385/ECE385/lab7_2/try5_sdk/mb_usb_hdmi_top/microblaze_0/standalone_microblaze_0/bsp/system.mss
TRACE::2024-11-08.02:17:18::SCWMssOS::DEBUG:  swdes dump  C:/Users/realk/Desktop/ece385/ECE385/lab7_2/try5_sdk/mb_usb_hdmi_top/microblaze_0/standalone_microblaze_0/bsp/system.mss|system||

TRACE::2024-11-08.02:17:18::SCWMssOS::Sw design exists and opened at  C:/Users/realk/Desktop/ece385/ECE385/lab7_2/try5_sdk/mb_usb_hdmi_top/microblaze_0/standalone_microblaze_0/bsp/system.mss
TRACE::2024-11-08.02:17:18::SCWPlatform::Trying to open the hw design at C:/Users/realk/Desktop/ece385/ECE385/lab7_2/try5_sdk/mb_usb_hdmi_top/hw/mb_usb_hdmi_top.xsa
TRACE::2024-11-08.02:17:18::SCWPlatform::DSA given C:/Users/realk/Desktop/ece385/ECE385/lab7_2/try5_sdk/mb_usb_hdmi_top/hw/mb_usb_hdmi_top.xsa
TRACE::2024-11-08.02:17:18::SCWPlatform::DSA absoulate path C:/Users/realk/Desktop/ece385/ECE385/lab7_2/try5_sdk/mb_usb_hdmi_top/hw/mb_usb_hdmi_top.xsa
TRACE::2024-11-08.02:17:18::SCWPlatform::DSA directory C:/Users/realk/Desktop/ece385/ECE385/lab7_2/try5_sdk/mb_usb_hdmi_top/hw
TRACE::2024-11-08.02:17:18::SCWPlatform:: Platform Path C:/Users/realk/Desktop/ece385/ECE385/lab7_2/try5_sdk/mb_usb_hdmi_top/hw/mb_usb_hdmi_top.xsa
TRACE::2024-11-08.02:17:18::SCWPlatform:: Unique name xilinx:::0.0
TRACE::2024-11-08.02:17:18::SCWPlatform::Trying to set the existing hwdb with name mb_usb_hdmi_top_0
TRACE::2024-11-08.02:17:18::SCWPlatform::Opened existing hwdb mb_usb_hdmi_top_0
TRACE::2024-11-08.02:17:18::SCWPlatform::Found the Hw Db part of the input DSA
TRACE::2024-11-08.02:17:18::SCWMssOS::Checking the sw design at  C:/Users/realk/Desktop/ece385/ECE385/lab7_2/try5_sdk/mb_usb_hdmi_top/microblaze_0/standalone_microblaze_0/bsp/system.mss
TRACE::2024-11-08.02:17:18::SCWMssOS::DEBUG:  swdes dump  C:/Users/realk/Desktop/ece385/ECE385/lab7_2/try5_sdk/mb_usb_hdmi_top/microblaze_0/standalone_microblaze_0/bsp/system.mss|system||

TRACE::2024-11-08.02:17:18::SCWMssOS::Sw design exists and opened at  C:/Users/realk/Desktop/ece385/ECE385/lab7_2/try5_sdk/mb_usb_hdmi_top/microblaze_0/standalone_microblaze_0/bsp/system.mss
TRACE::2024-11-08.02:17:18::SCWPlatform::Trying to open the hw design at C:/Users/realk/Desktop/ece385/ECE385/lab7_2/try5_sdk/mb_usb_hdmi_top/hw/mb_usb_hdmi_top.xsa
TRACE::2024-11-08.02:17:18::SCWPlatform::DSA given C:/Users/realk/Desktop/ece385/ECE385/lab7_2/try5_sdk/mb_usb_hdmi_top/hw/mb_usb_hdmi_top.xsa
TRACE::2024-11-08.02:17:18::SCWPlatform::DSA absoulate path C:/Users/realk/Desktop/ece385/ECE385/lab7_2/try5_sdk/mb_usb_hdmi_top/hw/mb_usb_hdmi_top.xsa
TRACE::2024-11-08.02:17:18::SCWPlatform::DSA directory C:/Users/realk/Desktop/ece385/ECE385/lab7_2/try5_sdk/mb_usb_hdmi_top/hw
TRACE::2024-11-08.02:17:18::SCWPlatform:: Platform Path C:/Users/realk/Desktop/ece385/ECE385/lab7_2/try5_sdk/mb_usb_hdmi_top/hw/mb_usb_hdmi_top.xsa
TRACE::2024-11-08.02:17:18::SCWPlatform:: Unique name xilinx:::0.0
TRACE::2024-11-08.02:17:18::SCWPlatform::Trying to set the existing hwdb with name mb_usb_hdmi_top_0
TRACE::2024-11-08.02:17:18::SCWPlatform::Opened existing hwdb mb_usb_hdmi_top_0
TRACE::2024-11-08.02:17:18::SCWPlatform::Found the Hw Db part of the input DSA
TRACE::2024-11-08.02:17:18::SCWMssOS::Checking the sw design at  C:/Users/realk/Desktop/ece385/ECE385/lab7_2/try5_sdk/mb_usb_hdmi_top/microblaze_0/standalone_microblaze_0/bsp/system.mss
TRACE::2024-11-08.02:17:18::SCWMssOS::DEBUG:  swdes dump  C:/Users/realk/Desktop/ece385/ECE385/lab7_2/try5_sdk/mb_usb_hdmi_top/microblaze_0/standalone_microblaze_0/bsp/system.mss|system||

TRACE::2024-11-08.02:17:18::SCWMssOS::Sw design exists and opened at  C:/Users/realk/Desktop/ece385/ECE385/lab7_2/try5_sdk/mb_usb_hdmi_top/microblaze_0/standalone_microblaze_0/bsp/system.mss
TRACE::2024-11-08.02:17:18::SCWWriter::formatted JSON is {
	"platformName":	"mb_usb_hdmi_top",
	"sprVersion":	"2.0",
	"mode":	"gui",
	"dsaType":	"Fixed",
	"platformDesc":	"mb_usb_hdmi_top",
	"platHandOff":	"C:/Users/realk/Desktop/ece385/ECE385/lab7_2/mb_usb_hdmi_top.xsa",
	"platIntHandOff":	"<platformDir>/hw/mb_usb_hdmi_top.xsa",
	"deviceType":	"FPGA",
	"platIsPrebuiltAutogen":	"false",
	"platIsNoBootBsp":	"false",
	"hasFsblMakeHasChanges":	"false",
	"hasPmufwMakeHasChanges":	"false",
	"platPreBuiltFlag":	false,
	"platformSamplesDir":	"",
	"platActiveSys":	"mb_usb_hdmi_top",
	"systems":	[{
			"systemName":	"mb_usb_hdmi_top",
			"systemDesc":	"mb_usb_hdmi_top",
			"sysIsBootAutoGen":	"true",
			"systemDispName":	"mb_usb_hdmi_top",
			"sysActiveDom":	"standalone_microblaze_0",
			"sysDefaultDom":	"standalone_microblaze_0",
			"domains":	[{
					"domainName":	"standalone_microblaze_0",
					"domainDispName":	"standalone_microblaze_0",
					"domainDesc":	"standalone_microblaze_0",
					"processors":	"microblaze_0",
					"os":	"standalone",
					"sdxOs":	"standalone",
					"debugEnable":	"False",
					"domRuntimes":	["cpp"],
					"swRepo":	"",
					"mssOsVer":	"8.0",
					"mssFile":	"",
					"md5Digest":	"5422c1e5be4ae93f4de8c50507402f2a",
					"compatibleApp":	"hello_world",
					"domType":	"mssDomain",
					"arch":	"32-bit",
					"appSettings":	{
						"appCompilerFlags":	"",
						"appLinkerFlags":	""
					},
					"addedLibs":	[],
					"libOptions":	{
						"libsContainingOptions":	[]
					},
					"prebuiltLibs":	{
						"prebuiltIncPath":	[],
						"prebuiltLibPath":	[]
					},
					"isolation":	{
					}
				}]
		}]
}
KEYINFO::2024-11-08.02:17:18::SCWPlatform::updated the xpfm file.
TRACE::2024-11-08.02:17:18::SCWPlatform::Trying to open the hw design at C:/Users/realk/Desktop/ece385/ECE385/lab7_2/try5_sdk/mb_usb_hdmi_top/hw/mb_usb_hdmi_top.xsa
TRACE::2024-11-08.02:17:18::SCWPlatform::DSA given C:/Users/realk/Desktop/ece385/ECE385/lab7_2/try5_sdk/mb_usb_hdmi_top/hw/mb_usb_hdmi_top.xsa
TRACE::2024-11-08.02:17:18::SCWPlatform::DSA absoulate path C:/Users/realk/Desktop/ece385/ECE385/lab7_2/try5_sdk/mb_usb_hdmi_top/hw/mb_usb_hdmi_top.xsa
TRACE::2024-11-08.02:17:18::SCWPlatform::DSA directory C:/Users/realk/Desktop/ece385/ECE385/lab7_2/try5_sdk/mb_usb_hdmi_top/hw
TRACE::2024-11-08.02:17:18::SCWPlatform:: Platform Path C:/Users/realk/Desktop/ece385/ECE385/lab7_2/try5_sdk/mb_usb_hdmi_top/hw/mb_usb_hdmi_top.xsa
TRACE::2024-11-08.02:17:18::SCWPlatform:: Unique name xilinx:::0.0
TRACE::2024-11-08.02:17:18::SCWPlatform::Trying to set the existing hwdb with name mb_usb_hdmi_top_0
TRACE::2024-11-08.02:17:18::SCWPlatform::Opened existing hwdb mb_usb_hdmi_top_0
TRACE::2024-11-08.02:17:18::SCWPlatform::Found the Hw Db part of the input DSA
TRACE::2024-11-08.02:17:18::SCWMssOS::Checking the sw design at  C:/Users/realk/Desktop/ece385/ECE385/lab7_2/try5_sdk/mb_usb_hdmi_top/microblaze_0/standalone_microblaze_0/bsp/system.mss
TRACE::2024-11-08.02:17:18::SCWMssOS::DEBUG:  swdes dump  C:/Users/realk/Desktop/ece385/ECE385/lab7_2/try5_sdk/mb_usb_hdmi_top/microblaze_0/standalone_microblaze_0/bsp/system.mss|system||

TRACE::2024-11-08.02:17:18::SCWMssOS::Sw design exists and opened at  C:/Users/realk/Desktop/ece385/ECE385/lab7_2/try5_sdk/mb_usb_hdmi_top/microblaze_0/standalone_microblaze_0/bsp/system.mss
TRACE::2024-11-08.02:17:18::SCWMssOS::Saving the mss changes C:/Users/realk/Desktop/ece385/ECE385/lab7_2/try5_sdk/mb_usb_hdmi_top/microblaze_0/standalone_microblaze_0/bsp/system.mss
TRACE::2024-11-08.02:17:18::SCWMssOS::Found a swdesign opened with the mssfile.
TRACE::2024-11-08.02:17:18::SCWMssOS::Completed writemss as part of save.
TRACE::2024-11-08.02:17:18::SCWMssOS::Commit changes completed.
TRACE::2024-11-08.02:17:18::SCWPlatform::Trying to open the hw design at C:/Users/realk/Desktop/ece385/ECE385/lab7_2/try5_sdk/mb_usb_hdmi_top/hw/mb_usb_hdmi_top.xsa
TRACE::2024-11-08.02:17:18::SCWPlatform::DSA given C:/Users/realk/Desktop/ece385/ECE385/lab7_2/try5_sdk/mb_usb_hdmi_top/hw/mb_usb_hdmi_top.xsa
TRACE::2024-11-08.02:17:18::SCWPlatform::DSA absoulate path C:/Users/realk/Desktop/ece385/ECE385/lab7_2/try5_sdk/mb_usb_hdmi_top/hw/mb_usb_hdmi_top.xsa
TRACE::2024-11-08.02:17:18::SCWPlatform::DSA directory C:/Users/realk/Desktop/ece385/ECE385/lab7_2/try5_sdk/mb_usb_hdmi_top/hw
TRACE::2024-11-08.02:17:18::SCWPlatform:: Platform Path C:/Users/realk/Desktop/ece385/ECE385/lab7_2/try5_sdk/mb_usb_hdmi_top/hw/mb_usb_hdmi_top.xsa
TRACE::2024-11-08.02:17:18::SCWPlatform:: Unique name xilinx:::0.0
TRACE::2024-11-08.02:17:18::SCWPlatform::Trying to set the existing hwdb with name mb_usb_hdmi_top_0
TRACE::2024-11-08.02:17:18::SCWPlatform::Opened existing hwdb mb_usb_hdmi_top_0
TRACE::2024-11-08.02:17:18::SCWPlatform::Found the Hw Db part of the input DSA
TRACE::2024-11-08.02:17:18::SCWMssOS::Checking the sw design at  C:/Users/realk/Desktop/ece385/ECE385/lab7_2/try5_sdk/mb_usb_hdmi_top/microblaze_0/standalone_microblaze_0/bsp/system.mss
TRACE::2024-11-08.02:17:18::SCWMssOS::DEBUG:  swdes dump  C:/Users/realk/Desktop/ece385/ECE385/lab7_2/try5_sdk/mb_usb_hdmi_top/microblaze_0/standalone_microblaze_0/bsp/system.mss|system||

TRACE::2024-11-08.02:17:18::SCWMssOS::Sw design exists and opened at  C:/Users/realk/Desktop/ece385/ECE385/lab7_2/try5_sdk/mb_usb_hdmi_top/microblaze_0/standalone_microblaze_0/bsp/system.mss
TRACE::2024-11-08.02:17:18::SCWPlatform::Trying to open the hw design at C:/Users/realk/Desktop/ece385/ECE385/lab7_2/try5_sdk/mb_usb_hdmi_top/hw/mb_usb_hdmi_top.xsa
TRACE::2024-11-08.02:17:18::SCWPlatform::DSA given C:/Users/realk/Desktop/ece385/ECE385/lab7_2/try5_sdk/mb_usb_hdmi_top/hw/mb_usb_hdmi_top.xsa
TRACE::2024-11-08.02:17:18::SCWPlatform::DSA absoulate path C:/Users/realk/Desktop/ece385/ECE385/lab7_2/try5_sdk/mb_usb_hdmi_top/hw/mb_usb_hdmi_top.xsa
TRACE::2024-11-08.02:17:18::SCWPlatform::DSA directory C:/Users/realk/Desktop/ece385/ECE385/lab7_2/try5_sdk/mb_usb_hdmi_top/hw
TRACE::2024-11-08.02:17:18::SCWPlatform:: Platform Path C:/Users/realk/Desktop/ece385/ECE385/lab7_2/try5_sdk/mb_usb_hdmi_top/hw/mb_usb_hdmi_top.xsa
TRACE::2024-11-08.02:17:18::SCWPlatform:: Unique name xilinx:::0.0
TRACE::2024-11-08.02:17:18::SCWPlatform::Trying to set the existing hwdb with name mb_usb_hdmi_top_0
TRACE::2024-11-08.02:17:18::SCWPlatform::Opened existing hwdb mb_usb_hdmi_top_0
TRACE::2024-11-08.02:17:18::SCWPlatform::Found the Hw Db part of the input DSA
TRACE::2024-11-08.02:17:18::SCWMssOS::Checking the sw design at  C:/Users/realk/Desktop/ece385/ECE385/lab7_2/try5_sdk/mb_usb_hdmi_top/microblaze_0/standalone_microblaze_0/bsp/system.mss
TRACE::2024-11-08.02:17:18::SCWMssOS::DEBUG:  swdes dump  C:/Users/realk/Desktop/ece385/ECE385/lab7_2/try5_sdk/mb_usb_hdmi_top/microblaze_0/standalone_microblaze_0/bsp/system.mss|system||

TRACE::2024-11-08.02:17:18::SCWMssOS::Sw design exists and opened at  C:/Users/realk/Desktop/ece385/ECE385/lab7_2/try5_sdk/mb_usb_hdmi_top/microblaze_0/standalone_microblaze_0/bsp/system.mss
TRACE::2024-11-08.02:17:18::SCWPlatform::Trying to open the hw design at C:/Users/realk/Desktop/ece385/ECE385/lab7_2/try5_sdk/mb_usb_hdmi_top/hw/mb_usb_hdmi_top.xsa
TRACE::2024-11-08.02:17:18::SCWPlatform::DSA given C:/Users/realk/Desktop/ece385/ECE385/lab7_2/try5_sdk/mb_usb_hdmi_top/hw/mb_usb_hdmi_top.xsa
TRACE::2024-11-08.02:17:18::SCWPlatform::DSA absoulate path C:/Users/realk/Desktop/ece385/ECE385/lab7_2/try5_sdk/mb_usb_hdmi_top/hw/mb_usb_hdmi_top.xsa
TRACE::2024-11-08.02:17:18::SCWPlatform::DSA directory C:/Users/realk/Desktop/ece385/ECE385/lab7_2/try5_sdk/mb_usb_hdmi_top/hw
TRACE::2024-11-08.02:17:19::SCWPlatform:: Platform Path C:/Users/realk/Desktop/ece385/ECE385/lab7_2/try5_sdk/mb_usb_hdmi_top/hw/mb_usb_hdmi_top.xsa
TRACE::2024-11-08.02:17:19::SCWPlatform:: Unique name xilinx:::0.0
TRACE::2024-11-08.02:17:19::SCWPlatform::Trying to set the existing hwdb with name mb_usb_hdmi_top_0
TRACE::2024-11-08.02:17:19::SCWPlatform::Opened existing hwdb mb_usb_hdmi_top_0
TRACE::2024-11-08.02:17:19::SCWPlatform::Found the Hw Db part of the input DSA
TRACE::2024-11-08.02:17:19::SCWMssOS::Checking the sw design at  C:/Users/realk/Desktop/ece385/ECE385/lab7_2/try5_sdk/mb_usb_hdmi_top/microblaze_0/standalone_microblaze_0/bsp/system.mss
TRACE::2024-11-08.02:17:19::SCWMssOS::DEBUG:  swdes dump  C:/Users/realk/Desktop/ece385/ECE385/lab7_2/try5_sdk/mb_usb_hdmi_top/microblaze_0/standalone_microblaze_0/bsp/system.mss|system||

TRACE::2024-11-08.02:17:19::SCWMssOS::Sw design exists and opened at  C:/Users/realk/Desktop/ece385/ECE385/lab7_2/try5_sdk/mb_usb_hdmi_top/microblaze_0/standalone_microblaze_0/bsp/system.mss
TRACE::2024-11-08.02:17:19::SCWWriter::formatted JSON is {
	"platformName":	"mb_usb_hdmi_top",
	"sprVersion":	"2.0",
	"mode":	"gui",
	"dsaType":	"Fixed",
	"platformDesc":	"mb_usb_hdmi_top",
	"platHandOff":	"C:/Users/realk/Desktop/ece385/ECE385/lab7_2/mb_usb_hdmi_top.xsa",
	"platIntHandOff":	"<platformDir>/hw/mb_usb_hdmi_top.xsa",
	"deviceType":	"FPGA",
	"platIsPrebuiltAutogen":	"false",
	"platIsNoBootBsp":	"false",
	"hasFsblMakeHasChanges":	"false",
	"hasPmufwMakeHasChanges":	"false",
	"platPreBuiltFlag":	false,
	"platformSamplesDir":	"",
	"platActiveSys":	"mb_usb_hdmi_top",
	"systems":	[{
			"systemName":	"mb_usb_hdmi_top",
			"systemDesc":	"mb_usb_hdmi_top",
			"sysIsBootAutoGen":	"true",
			"systemDispName":	"mb_usb_hdmi_top",
			"sysActiveDom":	"standalone_microblaze_0",
			"sysDefaultDom":	"standalone_microblaze_0",
			"domains":	[{
					"domainName":	"standalone_microblaze_0",
					"domainDispName":	"standalone_microblaze_0",
					"domainDesc":	"standalone_microblaze_0",
					"processors":	"microblaze_0",
					"os":	"standalone",
					"sdxOs":	"standalone",
					"debugEnable":	"False",
					"domRuntimes":	["cpp"],
					"swRepo":	"",
					"mssOsVer":	"8.0",
					"mssFile":	"",
					"md5Digest":	"5422c1e5be4ae93f4de8c50507402f2a",
					"compatibleApp":	"hello_world",
					"domType":	"mssDomain",
					"arch":	"32-bit",
					"appSettings":	{
						"appCompilerFlags":	"",
						"appLinkerFlags":	""
					},
					"addedLibs":	[],
					"libOptions":	{
						"libsContainingOptions":	[]
					},
					"prebuiltLibs":	{
						"prebuiltIncPath":	[],
						"prebuiltLibPath":	[]
					},
					"isolation":	{
					}
				}]
		}]
}
TRACE::2024-11-08.02:17:19::SCWPlatform::Trying to open the hw design at C:/Users/realk/Desktop/ece385/ECE385/lab7_2/try5_sdk/mb_usb_hdmi_top/hw/mb_usb_hdmi_top.xsa
TRACE::2024-11-08.02:17:19::SCWPlatform::DSA given C:/Users/realk/Desktop/ece385/ECE385/lab7_2/try5_sdk/mb_usb_hdmi_top/hw/mb_usb_hdmi_top.xsa
TRACE::2024-11-08.02:17:19::SCWPlatform::DSA absoulate path C:/Users/realk/Desktop/ece385/ECE385/lab7_2/try5_sdk/mb_usb_hdmi_top/hw/mb_usb_hdmi_top.xsa
TRACE::2024-11-08.02:17:19::SCWPlatform::DSA directory C:/Users/realk/Desktop/ece385/ECE385/lab7_2/try5_sdk/mb_usb_hdmi_top/hw
TRACE::2024-11-08.02:17:19::SCWPlatform:: Platform Path C:/Users/realk/Desktop/ece385/ECE385/lab7_2/try5_sdk/mb_usb_hdmi_top/hw/mb_usb_hdmi_top.xsa
TRACE::2024-11-08.02:17:19::SCWPlatform:: Unique name xilinx:::0.0
TRACE::2024-11-08.02:17:19::SCWPlatform::Trying to set the existing hwdb with name mb_usb_hdmi_top_0
TRACE::2024-11-08.02:17:19::SCWPlatform::Opened existing hwdb mb_usb_hdmi_top_0
TRACE::2024-11-08.02:17:19::SCWPlatform::Found the Hw Db part of the input DSA
TRACE::2024-11-08.02:17:19::SCWMssOS::Checking the sw design at  C:/Users/realk/Desktop/ece385/ECE385/lab7_2/try5_sdk/mb_usb_hdmi_top/microblaze_0/standalone_microblaze_0/bsp/system.mss
TRACE::2024-11-08.02:17:19::SCWMssOS::DEBUG:  swdes dump  C:/Users/realk/Desktop/ece385/ECE385/lab7_2/try5_sdk/mb_usb_hdmi_top/microblaze_0/standalone_microblaze_0/bsp/system.mss|system||

TRACE::2024-11-08.02:17:19::SCWMssOS::Sw design exists and opened at  C:/Users/realk/Desktop/ece385/ECE385/lab7_2/try5_sdk/mb_usb_hdmi_top/microblaze_0/standalone_microblaze_0/bsp/system.mss
TRACE::2024-11-08.02:17:19::SCWPlatform::Trying to open the hw design at C:/Users/realk/Desktop/ece385/ECE385/lab7_2/try5_sdk/mb_usb_hdmi_top/hw/mb_usb_hdmi_top.xsa
TRACE::2024-11-08.02:17:19::SCWPlatform::DSA given C:/Users/realk/Desktop/ece385/ECE385/lab7_2/try5_sdk/mb_usb_hdmi_top/hw/mb_usb_hdmi_top.xsa
TRACE::2024-11-08.02:17:19::SCWPlatform::DSA absoulate path C:/Users/realk/Desktop/ece385/ECE385/lab7_2/try5_sdk/mb_usb_hdmi_top/hw/mb_usb_hdmi_top.xsa
TRACE::2024-11-08.02:17:19::SCWPlatform::DSA directory C:/Users/realk/Desktop/ece385/ECE385/lab7_2/try5_sdk/mb_usb_hdmi_top/hw
TRACE::2024-11-08.02:17:19::SCWPlatform:: Platform Path C:/Users/realk/Desktop/ece385/ECE385/lab7_2/try5_sdk/mb_usb_hdmi_top/hw/mb_usb_hdmi_top.xsa
TRACE::2024-11-08.02:17:19::SCWPlatform:: Unique name xilinx:::0.0
TRACE::2024-11-08.02:17:19::SCWPlatform::Trying to set the existing hwdb with name mb_usb_hdmi_top_0
TRACE::2024-11-08.02:17:19::SCWPlatform::Opened existing hwdb mb_usb_hdmi_top_0
TRACE::2024-11-08.02:17:19::SCWPlatform::Found the Hw Db part of the input DSA
TRACE::2024-11-08.02:17:19::SCWMssOS::Checking the sw design at  C:/Users/realk/Desktop/ece385/ECE385/lab7_2/try5_sdk/mb_usb_hdmi_top/microblaze_0/standalone_microblaze_0/bsp/system.mss
TRACE::2024-11-08.02:17:19::SCWMssOS::DEBUG:  swdes dump  C:/Users/realk/Desktop/ece385/ECE385/lab7_2/try5_sdk/mb_usb_hdmi_top/microblaze_0/standalone_microblaze_0/bsp/system.mss|system||

TRACE::2024-11-08.02:17:19::SCWMssOS::Sw design exists and opened at  C:/Users/realk/Desktop/ece385/ECE385/lab7_2/try5_sdk/mb_usb_hdmi_top/microblaze_0/standalone_microblaze_0/bsp/system.mss
TRACE::2024-11-08.02:17:19::SCWMssOS::Saving the mss changes C:/Users/realk/Desktop/ece385/ECE385/lab7_2/try5_sdk/mb_usb_hdmi_top/microblaze_0/standalone_microblaze_0/bsp/system.mss
TRACE::2024-11-08.02:17:19::SCWMssOS::Found a swdesign opened with the mssfile.
TRACE::2024-11-08.02:17:19::SCWMssOS::Completed writemss as part of save.
TRACE::2024-11-08.02:17:19::SCWMssOS::Commit changes completed.
TRACE::2024-11-08.02:17:19::SCWPlatform::Trying to open the hw design at C:/Users/realk/Desktop/ece385/ECE385/lab7_2/try5_sdk/mb_usb_hdmi_top/hw/mb_usb_hdmi_top.xsa
TRACE::2024-11-08.02:17:19::SCWPlatform::DSA given C:/Users/realk/Desktop/ece385/ECE385/lab7_2/try5_sdk/mb_usb_hdmi_top/hw/mb_usb_hdmi_top.xsa
TRACE::2024-11-08.02:17:19::SCWPlatform::DSA absoulate path C:/Users/realk/Desktop/ece385/ECE385/lab7_2/try5_sdk/mb_usb_hdmi_top/hw/mb_usb_hdmi_top.xsa
TRACE::2024-11-08.02:17:19::SCWPlatform::DSA directory C:/Users/realk/Desktop/ece385/ECE385/lab7_2/try5_sdk/mb_usb_hdmi_top/hw
TRACE::2024-11-08.02:17:19::SCWPlatform:: Platform Path C:/Users/realk/Desktop/ece385/ECE385/lab7_2/try5_sdk/mb_usb_hdmi_top/hw/mb_usb_hdmi_top.xsa
TRACE::2024-11-08.02:17:19::SCWPlatform:: Unique name xilinx:::0.0
TRACE::2024-11-08.02:17:19::SCWPlatform::Trying to set the existing hwdb with name mb_usb_hdmi_top_0
TRACE::2024-11-08.02:17:19::SCWPlatform::Opened existing hwdb mb_usb_hdmi_top_0
TRACE::2024-11-08.02:17:19::SCWPlatform::Found the Hw Db part of the input DSA
TRACE::2024-11-08.02:17:19::SCWMssOS::Checking the sw design at  C:/Users/realk/Desktop/ece385/ECE385/lab7_2/try5_sdk/mb_usb_hdmi_top/microblaze_0/standalone_microblaze_0/bsp/system.mss
TRACE::2024-11-08.02:17:19::SCWMssOS::DEBUG:  swdes dump  C:/Users/realk/Desktop/ece385/ECE385/lab7_2/try5_sdk/mb_usb_hdmi_top/microblaze_0/standalone_microblaze_0/bsp/system.mss|system||

TRACE::2024-11-08.02:17:19::SCWMssOS::Sw design exists and opened at  C:/Users/realk/Desktop/ece385/ECE385/lab7_2/try5_sdk/mb_usb_hdmi_top/microblaze_0/standalone_microblaze_0/bsp/system.mss
TRACE::2024-11-08.02:17:19::SCWPlatform::Trying to open the hw design at C:/Users/realk/Desktop/ece385/ECE385/lab7_2/try5_sdk/mb_usb_hdmi_top/hw/mb_usb_hdmi_top.xsa
TRACE::2024-11-08.02:17:19::SCWPlatform::DSA given C:/Users/realk/Desktop/ece385/ECE385/lab7_2/try5_sdk/mb_usb_hdmi_top/hw/mb_usb_hdmi_top.xsa
TRACE::2024-11-08.02:17:19::SCWPlatform::DSA absoulate path C:/Users/realk/Desktop/ece385/ECE385/lab7_2/try5_sdk/mb_usb_hdmi_top/hw/mb_usb_hdmi_top.xsa
TRACE::2024-11-08.02:17:19::SCWPlatform::DSA directory C:/Users/realk/Desktop/ece385/ECE385/lab7_2/try5_sdk/mb_usb_hdmi_top/hw
TRACE::2024-11-08.02:17:19::SCWPlatform:: Platform Path C:/Users/realk/Desktop/ece385/ECE385/lab7_2/try5_sdk/mb_usb_hdmi_top/hw/mb_usb_hdmi_top.xsa
TRACE::2024-11-08.02:17:19::SCWPlatform:: Unique name xilinx:::0.0
TRACE::2024-11-08.02:17:19::SCWPlatform::Trying to set the existing hwdb with name mb_usb_hdmi_top_0
TRACE::2024-11-08.02:17:19::SCWPlatform::Opened existing hwdb mb_usb_hdmi_top_0
TRACE::2024-11-08.02:17:19::SCWPlatform::Found the Hw Db part of the input DSA
TRACE::2024-11-08.02:17:19::SCWMssOS::Checking the sw design at  C:/Users/realk/Desktop/ece385/ECE385/lab7_2/try5_sdk/mb_usb_hdmi_top/microblaze_0/standalone_microblaze_0/bsp/system.mss
TRACE::2024-11-08.02:17:19::SCWMssOS::DEBUG:  swdes dump  C:/Users/realk/Desktop/ece385/ECE385/lab7_2/try5_sdk/mb_usb_hdmi_top/microblaze_0/standalone_microblaze_0/bsp/system.mss|system||

TRACE::2024-11-08.02:17:19::SCWMssOS::Sw design exists and opened at  C:/Users/realk/Desktop/ece385/ECE385/lab7_2/try5_sdk/mb_usb_hdmi_top/microblaze_0/standalone_microblaze_0/bsp/system.mss
TRACE::2024-11-08.02:17:19::SCWPlatform::Trying to open the hw design at C:/Users/realk/Desktop/ece385/ECE385/lab7_2/try5_sdk/mb_usb_hdmi_top/hw/mb_usb_hdmi_top.xsa
TRACE::2024-11-08.02:17:19::SCWPlatform::DSA given C:/Users/realk/Desktop/ece385/ECE385/lab7_2/try5_sdk/mb_usb_hdmi_top/hw/mb_usb_hdmi_top.xsa
TRACE::2024-11-08.02:17:19::SCWPlatform::DSA absoulate path C:/Users/realk/Desktop/ece385/ECE385/lab7_2/try5_sdk/mb_usb_hdmi_top/hw/mb_usb_hdmi_top.xsa
TRACE::2024-11-08.02:17:19::SCWPlatform::DSA directory C:/Users/realk/Desktop/ece385/ECE385/lab7_2/try5_sdk/mb_usb_hdmi_top/hw
TRACE::2024-11-08.02:17:19::SCWPlatform:: Platform Path C:/Users/realk/Desktop/ece385/ECE385/lab7_2/try5_sdk/mb_usb_hdmi_top/hw/mb_usb_hdmi_top.xsa
TRACE::2024-11-08.02:17:19::SCWPlatform:: Unique name xilinx:::0.0
TRACE::2024-11-08.02:17:19::SCWPlatform::Trying to set the existing hwdb with name mb_usb_hdmi_top_0
TRACE::2024-11-08.02:17:19::SCWPlatform::Opened existing hwdb mb_usb_hdmi_top_0
TRACE::2024-11-08.02:17:19::SCWPlatform::Found the Hw Db part of the input DSA
TRACE::2024-11-08.02:17:19::SCWMssOS::Checking the sw design at  C:/Users/realk/Desktop/ece385/ECE385/lab7_2/try5_sdk/mb_usb_hdmi_top/microblaze_0/standalone_microblaze_0/bsp/system.mss
TRACE::2024-11-08.02:17:19::SCWMssOS::DEBUG:  swdes dump  C:/Users/realk/Desktop/ece385/ECE385/lab7_2/try5_sdk/mb_usb_hdmi_top/microblaze_0/standalone_microblaze_0/bsp/system.mss|system||

TRACE::2024-11-08.02:17:19::SCWMssOS::Sw design exists and opened at  C:/Users/realk/Desktop/ece385/ECE385/lab7_2/try5_sdk/mb_usb_hdmi_top/microblaze_0/standalone_microblaze_0/bsp/system.mss
TRACE::2024-11-08.02:17:19::SCWWriter::formatted JSON is {
	"platformName":	"mb_usb_hdmi_top",
	"sprVersion":	"2.0",
	"mode":	"gui",
	"dsaType":	"Fixed",
	"platformDesc":	"mb_usb_hdmi_top",
	"platHandOff":	"C:/Users/realk/Desktop/ece385/ECE385/lab7_2/mb_usb_hdmi_top.xsa",
	"platIntHandOff":	"<platformDir>/hw/mb_usb_hdmi_top.xsa",
	"deviceType":	"FPGA",
	"platIsPrebuiltAutogen":	"false",
	"platIsNoBootBsp":	"false",
	"hasFsblMakeHasChanges":	"false",
	"hasPmufwMakeHasChanges":	"false",
	"platPreBuiltFlag":	false,
	"platformSamplesDir":	"",
	"platActiveSys":	"mb_usb_hdmi_top",
	"systems":	[{
			"systemName":	"mb_usb_hdmi_top",
			"systemDesc":	"mb_usb_hdmi_top",
			"sysIsBootAutoGen":	"true",
			"systemDispName":	"mb_usb_hdmi_top",
			"sysActiveDom":	"standalone_microblaze_0",
			"sysDefaultDom":	"standalone_microblaze_0",
			"domains":	[{
					"domainName":	"standalone_microblaze_0",
					"domainDispName":	"standalone_microblaze_0",
					"domainDesc":	"standalone_microblaze_0",
					"processors":	"microblaze_0",
					"os":	"standalone",
					"sdxOs":	"standalone",
					"debugEnable":	"False",
					"domRuntimes":	["cpp"],
					"swRepo":	"",
					"mssOsVer":	"8.0",
					"mssFile":	"",
					"md5Digest":	"5422c1e5be4ae93f4de8c50507402f2a",
					"compatibleApp":	"hello_world",
					"domType":	"mssDomain",
					"arch":	"32-bit",
					"appSettings":	{
						"appCompilerFlags":	"",
						"appLinkerFlags":	""
					},
					"addedLibs":	[],
					"libOptions":	{
						"libsContainingOptions":	[]
					},
					"prebuiltLibs":	{
						"prebuiltIncPath":	[],
						"prebuiltLibPath":	[]
					},
					"isolation":	{
					}
				}]
		}]
}
LOG::2024-11-08.02:17:19::SCWPlatform::Started generating the artifacts platform mb_usb_hdmi_top
TRACE::2024-11-08.02:17:19::SCWPlatform::Sanity checking of platform is completed
LOG::2024-11-08.02:17:19::SCWPlatform::Started generating the artifacts for system configuration mb_usb_hdmi_top
LOG::2024-11-08.02:17:19::SCWSystem::Started Processing the domain standalone_microblaze_0
TRACE::2024-11-08.02:17:19::SCWDomain::Generating domain artifcats
TRACE::2024-11-08.02:17:19::SCWMssOS::Generating standalone artifcats
TRACE::2024-11-08.02:17:19::SCWMssOS:: Copying the user libraries. 
TRACE::2024-11-08.02:17:19::SCWPlatform::Trying to open the hw design at C:/Users/realk/Desktop/ece385/ECE385/lab7_2/try5_sdk/mb_usb_hdmi_top/hw/mb_usb_hdmi_top.xsa
TRACE::2024-11-08.02:17:19::SCWPlatform::DSA given C:/Users/realk/Desktop/ece385/ECE385/lab7_2/try5_sdk/mb_usb_hdmi_top/hw/mb_usb_hdmi_top.xsa
TRACE::2024-11-08.02:17:19::SCWPlatform::DSA absoulate path C:/Users/realk/Desktop/ece385/ECE385/lab7_2/try5_sdk/mb_usb_hdmi_top/hw/mb_usb_hdmi_top.xsa
TRACE::2024-11-08.02:17:19::SCWPlatform::DSA directory C:/Users/realk/Desktop/ece385/ECE385/lab7_2/try5_sdk/mb_usb_hdmi_top/hw
TRACE::2024-11-08.02:17:19::SCWPlatform:: Platform Path C:/Users/realk/Desktop/ece385/ECE385/lab7_2/try5_sdk/mb_usb_hdmi_top/hw/mb_usb_hdmi_top.xsa
TRACE::2024-11-08.02:17:19::SCWPlatform:: Unique name xilinx:::0.0
TRACE::2024-11-08.02:17:19::SCWPlatform::Trying to set the existing hwdb with name mb_usb_hdmi_top_0
TRACE::2024-11-08.02:17:19::SCWPlatform::Opened existing hwdb mb_usb_hdmi_top_0
TRACE::2024-11-08.02:17:19::SCWPlatform::Found the Hw Db part of the input DSA
TRACE::2024-11-08.02:17:19::SCWMssOS::Checking the sw design at  C:/Users/realk/Desktop/ece385/ECE385/lab7_2/try5_sdk/mb_usb_hdmi_top/microblaze_0/standalone_microblaze_0/bsp/system.mss
TRACE::2024-11-08.02:17:19::SCWMssOS::DEBUG:  swdes dump  C:/Users/realk/Desktop/ece385/ECE385/lab7_2/try5_sdk/mb_usb_hdmi_top/microblaze_0/standalone_microblaze_0/bsp/system.mss|system||

TRACE::2024-11-08.02:17:19::SCWMssOS::Sw design exists and opened at  C:/Users/realk/Desktop/ece385/ECE385/lab7_2/try5_sdk/mb_usb_hdmi_top/microblaze_0/standalone_microblaze_0/bsp/system.mss
TRACE::2024-11-08.02:17:19::SCWMssOS::Completed writing the mss file at C:/Users/realk/Desktop/ece385/ECE385/lab7_2/try5_sdk/mb_usb_hdmi_top/microblaze_0/standalone_microblaze_0/bsp
TRACE::2024-11-08.02:17:19::SCWMssOS::Mss edits present, copying mssfile into export location C:/Users/realk/Desktop/ece385/ECE385/lab7_2/try5_sdk/mb_usb_hdmi_top/microblaze_0/standalone_microblaze_0/bsp/system.mss
TRACE::2024-11-08.02:17:19::SCWMssOS::bsp generated is upto date with the mss file. Skipping bsp generation.
TRACE::2024-11-08.02:17:19::SCWMssOS::BSP is already built. skipping the bsp build ... 
TRACE::2024-11-08.02:17:19::SCWDomain::Building the domain as part of full build :  standalone_microblaze_0
TRACE::2024-11-08.02:17:19::SCWMssOS::skipping the bsp build ... 
TRACE::2024-11-08.02:17:19::SCWMssOS::Copying to export directory.
TRACE::2024-11-08.02:17:19::SCWMssOS:: Checking if to create the Supporting Applications
TRACE::2024-11-08.02:17:19::SCWMssOS:: No Linux domain exists, trying to generate FSBL 
LOG::2024-11-08.02:17:19::SCWSystem::Completed Processing the domain standalone_microblaze_0
LOG::2024-11-08.02:17:19::SCWSystem::Completed Processing the sysconfig mb_usb_hdmi_top
LOG::2024-11-08.02:17:19::SCWPlatform::Completed generating the artifacts for system configuration mb_usb_hdmi_top
TRACE::2024-11-08.02:17:19::SCWPlatform::Started preparing the platform 
TRACE::2024-11-08.02:17:19::SCWSystem::Writing the bif file for system config mb_usb_hdmi_top
TRACE::2024-11-08.02:17:19::SCWSystem::dir created 
TRACE::2024-11-08.02:17:19::SCWSystem::Writing the bif 
TRACE::2024-11-08.02:17:19::SCWPlatform::Started writing the spfm file 
TRACE::2024-11-08.02:17:19::SCWPlatform::Started writing the xpfm file 
TRACE::2024-11-08.02:17:19::SCWPlatform::Completed generating the platform
TRACE::2024-11-08.02:17:19::SCWMssOS::Saving the mss changes C:/Users/realk/Desktop/ece385/ECE385/lab7_2/try5_sdk/mb_usb_hdmi_top/microblaze_0/standalone_microblaze_0/bsp/system.mss
TRACE::2024-11-08.02:17:19::SCWMssOS::Found a swdesign opened with the mssfile.
TRACE::2024-11-08.02:17:19::SCWMssOS::Completed writemss as part of save.
TRACE::2024-11-08.02:17:19::SCWMssOS::Commit changes completed.
TRACE::2024-11-08.02:17:19::SCWPlatform::Trying to open the hw design at C:/Users/realk/Desktop/ece385/ECE385/lab7_2/try5_sdk/mb_usb_hdmi_top/hw/mb_usb_hdmi_top.xsa
TRACE::2024-11-08.02:17:19::SCWPlatform::DSA given C:/Users/realk/Desktop/ece385/ECE385/lab7_2/try5_sdk/mb_usb_hdmi_top/hw/mb_usb_hdmi_top.xsa
TRACE::2024-11-08.02:17:19::SCWPlatform::DSA absoulate path C:/Users/realk/Desktop/ece385/ECE385/lab7_2/try5_sdk/mb_usb_hdmi_top/hw/mb_usb_hdmi_top.xsa
TRACE::2024-11-08.02:17:19::SCWPlatform::DSA directory C:/Users/realk/Desktop/ece385/ECE385/lab7_2/try5_sdk/mb_usb_hdmi_top/hw
TRACE::2024-11-08.02:17:19::SCWPlatform:: Platform Path C:/Users/realk/Desktop/ece385/ECE385/lab7_2/try5_sdk/mb_usb_hdmi_top/hw/mb_usb_hdmi_top.xsa
TRACE::2024-11-08.02:17:19::SCWPlatform:: Unique name xilinx:::0.0
TRACE::2024-11-08.02:17:19::SCWPlatform::Trying to set the existing hwdb with name mb_usb_hdmi_top_0
TRACE::2024-11-08.02:17:19::SCWPlatform::Opened existing hwdb mb_usb_hdmi_top_0
TRACE::2024-11-08.02:17:19::SCWPlatform::Found the Hw Db part of the input DSA
TRACE::2024-11-08.02:17:19::SCWMssOS::Checking the sw design at  C:/Users/realk/Desktop/ece385/ECE385/lab7_2/try5_sdk/mb_usb_hdmi_top/microblaze_0/standalone_microblaze_0/bsp/system.mss
TRACE::2024-11-08.02:17:19::SCWMssOS::DEBUG:  swdes dump  C:/Users/realk/Desktop/ece385/ECE385/lab7_2/try5_sdk/mb_usb_hdmi_top/microblaze_0/standalone_microblaze_0/bsp/system.mss|system||

TRACE::2024-11-08.02:17:19::SCWMssOS::Sw design exists and opened at  C:/Users/realk/Desktop/ece385/ECE385/lab7_2/try5_sdk/mb_usb_hdmi_top/microblaze_0/standalone_microblaze_0/bsp/system.mss
TRACE::2024-11-08.02:17:19::SCWPlatform::Trying to open the hw design at C:/Users/realk/Desktop/ece385/ECE385/lab7_2/try5_sdk/mb_usb_hdmi_top/hw/mb_usb_hdmi_top.xsa
TRACE::2024-11-08.02:17:19::SCWPlatform::DSA given C:/Users/realk/Desktop/ece385/ECE385/lab7_2/try5_sdk/mb_usb_hdmi_top/hw/mb_usb_hdmi_top.xsa
TRACE::2024-11-08.02:17:19::SCWPlatform::DSA absoulate path C:/Users/realk/Desktop/ece385/ECE385/lab7_2/try5_sdk/mb_usb_hdmi_top/hw/mb_usb_hdmi_top.xsa
TRACE::2024-11-08.02:17:19::SCWPlatform::DSA directory C:/Users/realk/Desktop/ece385/ECE385/lab7_2/try5_sdk/mb_usb_hdmi_top/hw
TRACE::2024-11-08.02:17:19::SCWPlatform:: Platform Path C:/Users/realk/Desktop/ece385/ECE385/lab7_2/try5_sdk/mb_usb_hdmi_top/hw/mb_usb_hdmi_top.xsa
TRACE::2024-11-08.02:17:19::SCWPlatform:: Unique name xilinx:::0.0
TRACE::2024-11-08.02:17:19::SCWPlatform::Trying to set the existing hwdb with name mb_usb_hdmi_top_0
TRACE::2024-11-08.02:17:19::SCWPlatform::Opened existing hwdb mb_usb_hdmi_top_0
TRACE::2024-11-08.02:17:19::SCWPlatform::Found the Hw Db part of the input DSA
TRACE::2024-11-08.02:17:19::SCWMssOS::Checking the sw design at  C:/Users/realk/Desktop/ece385/ECE385/lab7_2/try5_sdk/mb_usb_hdmi_top/microblaze_0/standalone_microblaze_0/bsp/system.mss
TRACE::2024-11-08.02:17:19::SCWMssOS::DEBUG:  swdes dump  C:/Users/realk/Desktop/ece385/ECE385/lab7_2/try5_sdk/mb_usb_hdmi_top/microblaze_0/standalone_microblaze_0/bsp/system.mss|system||

TRACE::2024-11-08.02:17:19::SCWMssOS::Sw design exists and opened at  C:/Users/realk/Desktop/ece385/ECE385/lab7_2/try5_sdk/mb_usb_hdmi_top/microblaze_0/standalone_microblaze_0/bsp/system.mss
TRACE::2024-11-08.02:17:19::SCWPlatform::Trying to open the hw design at C:/Users/realk/Desktop/ece385/ECE385/lab7_2/try5_sdk/mb_usb_hdmi_top/hw/mb_usb_hdmi_top.xsa
TRACE::2024-11-08.02:17:19::SCWPlatform::DSA given C:/Users/realk/Desktop/ece385/ECE385/lab7_2/try5_sdk/mb_usb_hdmi_top/hw/mb_usb_hdmi_top.xsa
TRACE::2024-11-08.02:17:19::SCWPlatform::DSA absoulate path C:/Users/realk/Desktop/ece385/ECE385/lab7_2/try5_sdk/mb_usb_hdmi_top/hw/mb_usb_hdmi_top.xsa
TRACE::2024-11-08.02:17:19::SCWPlatform::DSA directory C:/Users/realk/Desktop/ece385/ECE385/lab7_2/try5_sdk/mb_usb_hdmi_top/hw
TRACE::2024-11-08.02:17:19::SCWPlatform:: Platform Path C:/Users/realk/Desktop/ece385/ECE385/lab7_2/try5_sdk/mb_usb_hdmi_top/hw/mb_usb_hdmi_top.xsa
TRACE::2024-11-08.02:17:19::SCWPlatform:: Unique name xilinx:::0.0
TRACE::2024-11-08.02:17:19::SCWPlatform::Trying to set the existing hwdb with name mb_usb_hdmi_top_0
TRACE::2024-11-08.02:17:19::SCWPlatform::Opened existing hwdb mb_usb_hdmi_top_0
TRACE::2024-11-08.02:17:19::SCWPlatform::Found the Hw Db part of the input DSA
TRACE::2024-11-08.02:17:19::SCWMssOS::Checking the sw design at  C:/Users/realk/Desktop/ece385/ECE385/lab7_2/try5_sdk/mb_usb_hdmi_top/microblaze_0/standalone_microblaze_0/bsp/system.mss
TRACE::2024-11-08.02:17:19::SCWMssOS::DEBUG:  swdes dump  C:/Users/realk/Desktop/ece385/ECE385/lab7_2/try5_sdk/mb_usb_hdmi_top/microblaze_0/standalone_microblaze_0/bsp/system.mss|system||

TRACE::2024-11-08.02:17:19::SCWMssOS::Sw design exists and opened at  C:/Users/realk/Desktop/ece385/ECE385/lab7_2/try5_sdk/mb_usb_hdmi_top/microblaze_0/standalone_microblaze_0/bsp/system.mss
TRACE::2024-11-08.02:17:19::SCWWriter::formatted JSON is {
	"platformName":	"mb_usb_hdmi_top",
	"sprVersion":	"2.0",
	"mode":	"gui",
	"dsaType":	"Fixed",
	"platformDesc":	"mb_usb_hdmi_top",
	"platHandOff":	"C:/Users/realk/Desktop/ece385/ECE385/lab7_2/mb_usb_hdmi_top.xsa",
	"platIntHandOff":	"<platformDir>/hw/mb_usb_hdmi_top.xsa",
	"deviceType":	"FPGA",
	"platIsPrebuiltAutogen":	"false",
	"platIsNoBootBsp":	"false",
	"hasFsblMakeHasChanges":	"false",
	"hasPmufwMakeHasChanges":	"false",
	"platPreBuiltFlag":	false,
	"platformSamplesDir":	"",
	"platActiveSys":	"mb_usb_hdmi_top",
	"systems":	[{
			"systemName":	"mb_usb_hdmi_top",
			"systemDesc":	"mb_usb_hdmi_top",
			"sysIsBootAutoGen":	"true",
			"systemDispName":	"mb_usb_hdmi_top",
			"sysActiveDom":	"standalone_microblaze_0",
			"sysDefaultDom":	"standalone_microblaze_0",
			"domains":	[{
					"domainName":	"standalone_microblaze_0",
					"domainDispName":	"standalone_microblaze_0",
					"domainDesc":	"standalone_microblaze_0",
					"processors":	"microblaze_0",
					"os":	"standalone",
					"sdxOs":	"standalone",
					"debugEnable":	"False",
					"domRuntimes":	["cpp"],
					"swRepo":	"",
					"mssOsVer":	"8.0",
					"mssFile":	"",
					"md5Digest":	"5422c1e5be4ae93f4de8c50507402f2a",
					"compatibleApp":	"hello_world",
					"domType":	"mssDomain",
					"arch":	"32-bit",
					"appSettings":	{
						"appCompilerFlags":	"",
						"appLinkerFlags":	""
					},
					"addedLibs":	[],
					"libOptions":	{
						"libsContainingOptions":	[]
					},
					"prebuiltLibs":	{
						"prebuiltIncPath":	[],
						"prebuiltLibPath":	[]
					},
					"isolation":	{
					}
				}]
		}]
}
KEYINFO::2024-11-08.02:17:19::SCWPlatform::updated the xpfm file.
LOG::2024-11-08.02:18:40::SCWPlatform::Started generating the artifacts platform mb_usb_hdmi_top
TRACE::2024-11-08.02:18:40::SCWPlatform::Sanity checking of platform is completed
LOG::2024-11-08.02:18:40::SCWPlatform::Started generating the artifacts for system configuration mb_usb_hdmi_top
LOG::2024-11-08.02:18:40::SCWSystem::Checking the domain standalone_microblaze_0
LOG::2024-11-08.02:18:40::SCWSystem::Not a boot domain 
LOG::2024-11-08.02:18:40::SCWSystem::Started Processing the domain standalone_microblaze_0
TRACE::2024-11-08.02:18:40::SCWDomain::Generating domain artifcats
TRACE::2024-11-08.02:18:40::SCWMssOS::Generating standalone artifcats
TRACE::2024-11-08.02:18:40::SCWMssOS:: Copying the user libraries. 
TRACE::2024-11-08.02:18:40::SCWPlatform::Trying to open the hw design at C:/Users/realk/Desktop/ece385/ECE385/lab7_2/try5_sdk/mb_usb_hdmi_top/hw/mb_usb_hdmi_top.xsa
TRACE::2024-11-08.02:18:40::SCWPlatform::DSA given C:/Users/realk/Desktop/ece385/ECE385/lab7_2/try5_sdk/mb_usb_hdmi_top/hw/mb_usb_hdmi_top.xsa
TRACE::2024-11-08.02:18:40::SCWPlatform::DSA absoulate path C:/Users/realk/Desktop/ece385/ECE385/lab7_2/try5_sdk/mb_usb_hdmi_top/hw/mb_usb_hdmi_top.xsa
TRACE::2024-11-08.02:18:40::SCWPlatform::DSA directory C:/Users/realk/Desktop/ece385/ECE385/lab7_2/try5_sdk/mb_usb_hdmi_top/hw
TRACE::2024-11-08.02:18:40::SCWPlatform:: Platform Path C:/Users/realk/Desktop/ece385/ECE385/lab7_2/try5_sdk/mb_usb_hdmi_top/hw/mb_usb_hdmi_top.xsa
TRACE::2024-11-08.02:18:40::SCWPlatform:: Unique name xilinx:::0.0
TRACE::2024-11-08.02:18:40::SCWPlatform::Trying to set the existing hwdb with name mb_usb_hdmi_top_0
TRACE::2024-11-08.02:18:40::SCWPlatform::Opened existing hwdb mb_usb_hdmi_top_0
TRACE::2024-11-08.02:18:40::SCWPlatform::Found the Hw Db part of the input DSA
TRACE::2024-11-08.02:18:40::SCWMssOS::Checking the sw design at  C:/Users/realk/Desktop/ece385/ECE385/lab7_2/try5_sdk/mb_usb_hdmi_top/microblaze_0/standalone_microblaze_0/bsp/system.mss
TRACE::2024-11-08.02:18:40::SCWMssOS::DEBUG:  swdes dump  C:/Users/realk/Desktop/ece385/ECE385/lab7_2/try5_sdk/mb_usb_hdmi_top/microblaze_0/standalone_microblaze_0/bsp/system.mss|system||

TRACE::2024-11-08.02:18:40::SCWMssOS::Sw design exists and opened at  C:/Users/realk/Desktop/ece385/ECE385/lab7_2/try5_sdk/mb_usb_hdmi_top/microblaze_0/standalone_microblaze_0/bsp/system.mss
TRACE::2024-11-08.02:18:40::SCWMssOS::Completed writing the mss file at C:/Users/realk/Desktop/ece385/ECE385/lab7_2/try5_sdk/mb_usb_hdmi_top/microblaze_0/standalone_microblaze_0/bsp
TRACE::2024-11-08.02:18:40::SCWMssOS::Mss edits present, copying mssfile into export location C:/Users/realk/Desktop/ece385/ECE385/lab7_2/try5_sdk/mb_usb_hdmi_top/microblaze_0/standalone_microblaze_0/bsp/system.mss
TRACE::2024-11-08.02:18:40::SCWMssOS::bsp generated is upto date with the mss file. Skipping bsp generation.
TRACE::2024-11-08.02:18:40::SCWMssOS::BSP is already built. skipping the bsp build ... 
TRACE::2024-11-08.02:18:40::SCWDomain::Building the domain as part of full build :  standalone_microblaze_0
TRACE::2024-11-08.02:18:40::SCWMssOS::doing bsp build ... 
TRACE::2024-11-08.02:18:40::SCWMssOS::System Command Ran  C: & cd  C:/Users/realk/Desktop/ece385/ECE385/lab7_2/try5_sdk/mb_usb_hdmi_top/microblaze_0/standalone_microblaze_0/bsp & make 
TRACE::2024-11-08.02:18:40::SCWMssOS::make --no-print-directory seq_libs

TRACE::2024-11-08.02:18:40::SCWMssOS::'Finished building libraries sequentially.'

TRACE::2024-11-08.02:18:40::SCWMssOS::make -j 14 --no-print-directory par_libs

TRACE::2024-11-08.02:18:40::SCWMssOS::"Running Make include in microblaze_0/libsrc/bram_v4_8/src"

TRACE::2024-11-08.02:18:40::SCWMssOS::make -C microblaze_0/libsrc/bram_v4_8/src -s include  "SHELL=CMD" "COMPILER=mb-gcc" "ASSEMBLER=mb-as" "ARCHIVER=mb-ar" "COMPILE
TRACE::2024-11-08.02:18:40::SCWMssOS::R_FLAGS=  -O2 -c -mcpu=v11.0 -mlittle-endian -mno-xl-reorder -mno-xl-soft-mul -mxl-barrel-shift -mxl-pattern-compare" "EXTRA_CO
TRACE::2024-11-08.02:18:40::SCWMssOS::MPILER_FLAGS=-g -ffunction-sections -fdata-sections -Wall -Wextra -fno-tree-loop-distribute-patterns"

TRACE::2024-11-08.02:18:40::SCWMssOS::"Running Make include in microblaze_0/libsrc/cpu_v2_16/src"

TRACE::2024-11-08.02:18:40::SCWMssOS::make -C microblaze_0/libsrc/cpu_v2_16/src -s include  "SHELL=CMD" "COMPILER=mb-gcc" "ASSEMBLER=mb-as" "ARCHIVER=mb-ar" "COMPILE
TRACE::2024-11-08.02:18:40::SCWMssOS::R_FLAGS=  -O2 -c -mcpu=v11.0 -mlittle-endian -mno-xl-reorder -mno-xl-soft-mul -mxl-barrel-shift -mxl-pattern-compare" "EXTRA_CO
TRACE::2024-11-08.02:18:40::SCWMssOS::MPILER_FLAGS=-g -ffunction-sections -fdata-sections -Wall -Wextra -fno-tree-loop-distribute-patterns"

TRACE::2024-11-08.02:18:40::SCWMssOS::"Running Make include in microblaze_0/libsrc/intc_v3_15/src"

TRACE::2024-11-08.02:18:40::SCWMssOS::make -C microblaze_0/libsrc/intc_v3_15/src -s include  "SHELL=CMD" "COMPILER=mb-gcc" "ASSEMBLER=mb-as" "ARCHIVER=mb-ar" "COMPIL
TRACE::2024-11-08.02:18:40::SCWMssOS::ER_FLAGS=  -O2 -c -mcpu=v11.0 -mlittle-endian -mno-xl-reorder -mno-xl-soft-mul -mxl-barrel-shift -mxl-pattern-compare" "EXTRA_C
TRACE::2024-11-08.02:18:40::SCWMssOS::OMPILER_FLAGS=-g -ffunction-sections -fdata-sections -Wall -Wextra -fno-tree-loop-distribute-patterns"

TRACE::2024-11-08.02:18:40::SCWMssOS::"Running Make include in microblaze_0/libsrc/standalone_v8_0/src"

TRACE::2024-11-08.02:18:40::SCWMssOS::make -C microblaze_0/libsrc/standalone_v8_0/src -s include  "SHELL=CMD" "COMPILER=mb-gcc" "ASSEMBLER=mb-as" "ARCHIVER=mb-ar" "C
TRACE::2024-11-08.02:18:40::SCWMssOS::OMPILER_FLAGS=  -O2 -c -mcpu=v11.0 -mlittle-endian -mno-xl-reorder -mno-xl-soft-mul -mxl-barrel-shift -mxl-pattern-compare" "EX
TRACE::2024-11-08.02:18:40::SCWMssOS::TRA_COMPILER_FLAGS=-g -ffunction-sections -fdata-sections -Wall -Wextra -fno-tree-loop-distribute-patterns"

TRACE::2024-11-08.02:18:40::SCWMssOS::"Running Make include in microblaze_0/libsrc/uartlite_v3_7/src"

TRACE::2024-11-08.02:18:40::SCWMssOS::make -C microblaze_0/libsrc/uartlite_v3_7/src -s include  "SHELL=CMD" "COMPILER=mb-gcc" "ASSEMBLER=mb-as" "ARCHIVER=mb-ar" "COM
TRACE::2024-11-08.02:18:40::SCWMssOS::PILER_FLAGS=  -O2 -c -mcpu=v11.0 -mlittle-endian -mno-xl-reorder -mno-xl-soft-mul -mxl-barrel-shift -mxl-pattern-compare" "EXTR
TRACE::2024-11-08.02:18:40::SCWMssOS::A_COMPILER_FLAGS=-g -ffunction-sections -fdata-sections -Wall -Wextra -fno-tree-loop-distribute-patterns"

TRACE::2024-11-08.02:18:41::SCWMssOS::"Running Make libs in microblaze_0/libsrc/bram_v4_8/src"

TRACE::2024-11-08.02:18:41::SCWMssOS::make -C microblaze_0/libsrc/bram_v4_8/src -s libs  "SHELL=CMD" "COMPILER=mb-gcc" "ASSEMBLER=mb-as" "ARCHIVER=mb-ar" "COMPILER_F
TRACE::2024-11-08.02:18:41::SCWMssOS::LAGS=  -O2 -c -mcpu=v11.0 -mlittle-endian -mno-xl-reorder -mno-xl-soft-mul -mxl-barrel-shift -mxl-pattern-compare" "EXTRA_COMPI
TRACE::2024-11-08.02:18:41::SCWMssOS::LER_FLAGS=-g -ffunction-sections -fdata-sections -Wall -Wextra -fno-tree-loop-distribute-patterns"

TRACE::2024-11-08.02:18:41::SCWMssOS::"Running Make libs in microblaze_0/libsrc/cpu_v2_16/src"

TRACE::2024-11-08.02:18:41::SCWMssOS::make -C microblaze_0/libsrc/cpu_v2_16/src -s libs  "SHELL=CMD" "COMPILER=mb-gcc" "ASSEMBLER=mb-as" "ARCHIVER=mb-ar" "COMPILER_F
TRACE::2024-11-08.02:18:41::SCWMssOS::LAGS=  -O2 -c -mcpu=v11.0 -mlittle-endian -mno-xl-reorder -mno-xl-soft-mul -mxl-barrel-shift -mxl-pattern-compare" "EXTRA_COMPI
TRACE::2024-11-08.02:18:41::SCWMssOS::LER_FLAGS=-g -ffunction-sections -fdata-sections -Wall -Wextra -fno-tree-loop-distribute-patterns"

TRACE::2024-11-08.02:18:41::SCWMssOS::"Running Make libs in microblaze_0/libsrc/intc_v3_15/src"

TRACE::2024-11-08.02:18:41::SCWMssOS::make -C microblaze_0/libsrc/intc_v3_15/src -s libs  "SHELL=CMD" "COMPILER=mb-gcc" "ASSEMBLER=mb-as" "ARCHIVER=mb-ar" "COMPILER_
TRACE::2024-11-08.02:18:41::SCWMssOS::FLAGS=  -O2 -c -mcpu=v11.0 -mlittle-endian -mno-xl-reorder -mno-xl-soft-mul -mxl-barrel-shift -mxl-pattern-compare" "EXTRA_COMP
TRACE::2024-11-08.02:18:41::SCWMssOS::ILER_FLAGS=-g -ffunction-sections -fdata-sections -Wall -Wextra -fno-tree-loop-distribute-patterns"

TRACE::2024-11-08.02:18:41::SCWMssOS::"Running Make libs in microblaze_0/libsrc/standalone_v8_0/src"

TRACE::2024-11-08.02:18:41::SCWMssOS::make -C microblaze_0/libsrc/standalone_v8_0/src -s libs  "SHELL=CMD" "COMPILER=mb-gcc" "ASSEMBLER=mb-as" "ARCHIVER=mb-ar" "COMP
TRACE::2024-11-08.02:18:41::SCWMssOS::ILER_FLAGS=  -O2 -c -mcpu=v11.0 -mlittle-endian -mno-xl-reorder -mno-xl-soft-mul -mxl-barrel-shift -mxl-pattern-compare" "EXTRA
TRACE::2024-11-08.02:18:41::SCWMssOS::_COMPILER_FLAGS=-g -ffunction-sections -fdata-sections -Wall -Wextra -fno-tree-loop-distribute-patterns"

TRACE::2024-11-08.02:18:41::SCWMssOS::"Running Make libs in microblaze_0/libsrc/uartlite_v3_7/src"

TRACE::2024-11-08.02:18:41::SCWMssOS::make -C microblaze_0/libsrc/uartlite_v3_7/src -s libs  "SHELL=CMD" "COMPILER=mb-gcc" "ASSEMBLER=mb-as" "ARCHIVER=mb-ar" "COMPIL
TRACE::2024-11-08.02:18:41::SCWMssOS::ER_FLAGS=  -O2 -c -mcpu=v11.0 -mlittle-endian -mno-xl-reorder -mno-xl-soft-mul -mxl-barrel-shift -mxl-pattern-compare" "EXTRA_C
TRACE::2024-11-08.02:18:41::SCWMssOS::OMPILER_FLAGS=-g -ffunction-sections -fdata-sections -Wall -Wextra -fno-tree-loop-distribute-patterns"

TRACE::2024-11-08.02:18:42::SCWMssOS::"DEBUG NON_LTO_OBJECTS is ../../../lib/microblaze_interrupt_handler.o"

TRACE::2024-11-08.02:18:42::SCWMssOS::'Finished building libraries parallelly.'

TRACE::2024-11-08.02:18:42::SCWMssOS::make --no-print-directory archive

TRACE::2024-11-08.02:18:42::SCWMssOS::mb-ar -r  microblaze_0/lib/libxil.a microblaze_0/lib/_exit.o microblaze_0/lib/errno.o microblaze_0/lib/fcntl.o microblaze_0/lib
TRACE::2024-11-08.02:18:42::SCWMssOS::/hw_exception_handler.o microblaze_0/lib/inbyte.o microblaze_0/lib/microblaze_disable_dcache.o microblaze_0/lib/microblaze_disa
TRACE::2024-11-08.02:18:42::SCWMssOS::ble_exceptions.o microblaze_0/lib/microblaze_disable_icache.o microblaze_0/lib/microblaze_disable_interrupts.o microblaze_0/lib
TRACE::2024-11-08.02:18:42::SCWMssOS::/microblaze_enable_dcache.o microblaze_0/lib/microblaze_enable_exceptions.o microblaze_0/lib/microblaze_enable_icache.o microbl
TRACE::2024-11-08.02:18:42::SCWMssOS::aze_0/lib/microblaze_enable_interrupts.o microblaze_0/lib/microblaze_exception_handler.o microblaze_0/lib/microblaze_flush_cach
TRACE::2024-11-08.02:18:42::SCWMssOS::e_ext.o microblaze_0/lib/microblaze_flush_cache_ext_range.o microblaze_0/lib/microblaze_flush_dcache.o microblaze_0/lib/microbl
TRACE::2024-11-08.02:18:42::SCWMssOS::aze_flush_dcache_range.o microblaze_0/lib/microblaze_init_dcache_range.o microblaze_0/lib/microblaze_init_icache_range.o microb
TRACE::2024-11-08.02:18:42::SCWMssOS::laze_0/lib/microblaze_interrupt_handler.o microblaze_0/lib/microblaze_interrupts_g.o microblaze_0/lib/microblaze_invalidate_cac
TRACE::2024-11-08.02:18:42::SCWMssOS::he_ext.o microblaze_0/lib/microblaze_invalidate_cache_ext_range.o microblaze_0/lib/microblaze_invalidate_dcache.o microblaze_0/
TRACE::2024-11-08.02:18:42::SCWMssOS::lib/microblaze_invalidate_dcache_range.o microblaze_0/lib/microblaze_invalidate_icache.o microblaze_0/lib/microblaze_invalidate
TRACE::2024-11-08.02:18:42::SCWMssOS::_icache_range.o microblaze_0/lib/microblaze_scrub.o microblaze_0/lib/microblaze_selftest.o microblaze_0/lib/microblaze_sleep.o 
TRACE::2024-11-08.02:18:42::SCWMssOS::microblaze_0/lib/microblaze_update_dcache.o microblaze_0/lib/microblaze_update_icache.o microblaze_0/lib/outbyte.o microblaze_0
TRACE::2024-11-08.02:18:42::SCWMssOS::/lib/print.o microblaze_0/lib/pvr.o microblaze_0/lib/xbram.o microblaze_0/lib/xbram_g.o microblaze_0/lib/xbram_intr.o microblaz
TRACE::2024-11-08.02:18:42::SCWMssOS::e_0/lib/xbram_selftest.o microblaze_0/lib/xbram_sinit.o microblaze_0/lib/xil_assert.o microblaze_0/lib/xil_cache.o microblaze_0
TRACE::2024-11-08.02:18:42::SCWMssOS::/lib/xil_clocking.o microblaze_0/lib/xil_exception.o microblaze_0/lib/xil_mem.o microblaze_0/lib/xil_misc_psreset_api.o microbl
TRACE::2024-11-08.02:18:42::SCWMssOS::aze_0/lib/xil_printf.o microblaze_0/lib/xil_sleepcommon.o microblaze_0/lib/xil_testcache.o microblaze_0/lib/xil_testio.o microb
TRACE::2024-11-08.02:18:42::SCWMssOS::laze_0/lib/xil_testmem.o microblaze_0/lib/xil_util.o microblaze_0/lib/xintc.o microblaze_0/lib/xintc_g.o microblaze_0/lib/xintc
TRACE::2024-11-08.02:18:42::SCWMssOS::_intr.o microblaze_0/lib/xintc_l.o microblaze_0/lib/xintc_options.o microblaze_0/lib/xintc_selftest.o microblaze_0/lib/xinterru
TRACE::2024-11-08.02:18:42::SCWMssOS::pt_wrap.o microblaze_0/lib/xio.o microblaze_0/lib/xplatform_info.o microblaze_0/lib/xuartlite.o microblaze_0/lib/xuartlite_g.o 
TRACE::2024-11-08.02:18:42::SCWMssOS::microblaze_0/lib/xuartlite_intr.o microblaze_0/lib/xuartlite_l.o microblaze_0/lib/xuartlite_selftest.o microblaze_0/lib/xuartli
TRACE::2024-11-08.02:18:42::SCWMssOS::te_sinit.o microblaze_0/lib/xuartlite_stats.o

TRACE::2024-11-08.02:18:42::SCWMssOS::'Finished building libraries'

TRACE::2024-11-08.02:18:43::SCWMssOS::Copying to export directory.
TRACE::2024-11-08.02:18:43::SCWMssOS:: Checking if to create the Supporting Applications
TRACE::2024-11-08.02:18:43::SCWMssOS:: No Linux domain exists, trying to generate FSBL 
LOG::2024-11-08.02:18:43::SCWSystem::Completed Processing the domain standalone_microblaze_0
LOG::2024-11-08.02:18:43::SCWSystem::Completed Processing the sysconfig mb_usb_hdmi_top
LOG::2024-11-08.02:18:43::SCWPlatform::Completed generating the artifacts for system configuration mb_usb_hdmi_top
TRACE::2024-11-08.02:18:43::SCWPlatform::Started preparing the platform 
TRACE::2024-11-08.02:18:43::SCWSystem::Writing the bif file for system config mb_usb_hdmi_top
TRACE::2024-11-08.02:18:43::SCWSystem::dir created 
TRACE::2024-11-08.02:18:43::SCWSystem::Writing the bif 
TRACE::2024-11-08.02:18:43::SCWPlatform::Started writing the spfm file 
TRACE::2024-11-08.02:18:43::SCWPlatform::Started writing the xpfm file 
TRACE::2024-11-08.02:18:43::SCWPlatform::Completed generating the platform
TRACE::2024-11-08.02:18:43::SCWMssOS::Saving the mss changes C:/Users/realk/Desktop/ece385/ECE385/lab7_2/try5_sdk/mb_usb_hdmi_top/microblaze_0/standalone_microblaze_0/bsp/system.mss
TRACE::2024-11-08.02:18:43::SCWMssOS::Found a swdesign opened with the mssfile.
TRACE::2024-11-08.02:18:43::SCWMssOS::Completed writemss as part of save.
TRACE::2024-11-08.02:18:43::SCWMssOS::Commit changes completed.
TRACE::2024-11-08.02:18:43::SCWPlatform::Trying to open the hw design at C:/Users/realk/Desktop/ece385/ECE385/lab7_2/try5_sdk/mb_usb_hdmi_top/hw/mb_usb_hdmi_top.xsa
TRACE::2024-11-08.02:18:43::SCWPlatform::DSA given C:/Users/realk/Desktop/ece385/ECE385/lab7_2/try5_sdk/mb_usb_hdmi_top/hw/mb_usb_hdmi_top.xsa
TRACE::2024-11-08.02:18:43::SCWPlatform::DSA absoulate path C:/Users/realk/Desktop/ece385/ECE385/lab7_2/try5_sdk/mb_usb_hdmi_top/hw/mb_usb_hdmi_top.xsa
TRACE::2024-11-08.02:18:43::SCWPlatform::DSA directory C:/Users/realk/Desktop/ece385/ECE385/lab7_2/try5_sdk/mb_usb_hdmi_top/hw
TRACE::2024-11-08.02:18:43::SCWPlatform:: Platform Path C:/Users/realk/Desktop/ece385/ECE385/lab7_2/try5_sdk/mb_usb_hdmi_top/hw/mb_usb_hdmi_top.xsa
TRACE::2024-11-08.02:18:43::SCWPlatform:: Unique name xilinx:::0.0
TRACE::2024-11-08.02:18:43::SCWPlatform::Trying to set the existing hwdb with name mb_usb_hdmi_top_0
TRACE::2024-11-08.02:18:43::SCWPlatform::Opened existing hwdb mb_usb_hdmi_top_0
TRACE::2024-11-08.02:18:43::SCWPlatform::Found the Hw Db part of the input DSA
TRACE::2024-11-08.02:18:43::SCWMssOS::Checking the sw design at  C:/Users/realk/Desktop/ece385/ECE385/lab7_2/try5_sdk/mb_usb_hdmi_top/microblaze_0/standalone_microblaze_0/bsp/system.mss
TRACE::2024-11-08.02:18:43::SCWMssOS::DEBUG:  swdes dump  C:/Users/realk/Desktop/ece385/ECE385/lab7_2/try5_sdk/mb_usb_hdmi_top/microblaze_0/standalone_microblaze_0/bsp/system.mss|system||

TRACE::2024-11-08.02:18:43::SCWMssOS::Sw design exists and opened at  C:/Users/realk/Desktop/ece385/ECE385/lab7_2/try5_sdk/mb_usb_hdmi_top/microblaze_0/standalone_microblaze_0/bsp/system.mss
TRACE::2024-11-08.02:18:43::SCWPlatform::Trying to open the hw design at C:/Users/realk/Desktop/ece385/ECE385/lab7_2/try5_sdk/mb_usb_hdmi_top/hw/mb_usb_hdmi_top.xsa
TRACE::2024-11-08.02:18:43::SCWPlatform::DSA given C:/Users/realk/Desktop/ece385/ECE385/lab7_2/try5_sdk/mb_usb_hdmi_top/hw/mb_usb_hdmi_top.xsa
TRACE::2024-11-08.02:18:43::SCWPlatform::DSA absoulate path C:/Users/realk/Desktop/ece385/ECE385/lab7_2/try5_sdk/mb_usb_hdmi_top/hw/mb_usb_hdmi_top.xsa
TRACE::2024-11-08.02:18:43::SCWPlatform::DSA directory C:/Users/realk/Desktop/ece385/ECE385/lab7_2/try5_sdk/mb_usb_hdmi_top/hw
TRACE::2024-11-08.02:18:43::SCWPlatform:: Platform Path C:/Users/realk/Desktop/ece385/ECE385/lab7_2/try5_sdk/mb_usb_hdmi_top/hw/mb_usb_hdmi_top.xsa
TRACE::2024-11-08.02:18:43::SCWPlatform:: Unique name xilinx:::0.0
TRACE::2024-11-08.02:18:43::SCWPlatform::Trying to set the existing hwdb with name mb_usb_hdmi_top_0
TRACE::2024-11-08.02:18:43::SCWPlatform::Opened existing hwdb mb_usb_hdmi_top_0
TRACE::2024-11-08.02:18:43::SCWPlatform::Found the Hw Db part of the input DSA
TRACE::2024-11-08.02:18:43::SCWMssOS::Checking the sw design at  C:/Users/realk/Desktop/ece385/ECE385/lab7_2/try5_sdk/mb_usb_hdmi_top/microblaze_0/standalone_microblaze_0/bsp/system.mss
TRACE::2024-11-08.02:18:43::SCWMssOS::DEBUG:  swdes dump  C:/Users/realk/Desktop/ece385/ECE385/lab7_2/try5_sdk/mb_usb_hdmi_top/microblaze_0/standalone_microblaze_0/bsp/system.mss|system||

TRACE::2024-11-08.02:18:43::SCWMssOS::Sw design exists and opened at  C:/Users/realk/Desktop/ece385/ECE385/lab7_2/try5_sdk/mb_usb_hdmi_top/microblaze_0/standalone_microblaze_0/bsp/system.mss
TRACE::2024-11-08.02:18:43::SCWPlatform::Trying to open the hw design at C:/Users/realk/Desktop/ece385/ECE385/lab7_2/try5_sdk/mb_usb_hdmi_top/hw/mb_usb_hdmi_top.xsa
TRACE::2024-11-08.02:18:43::SCWPlatform::DSA given C:/Users/realk/Desktop/ece385/ECE385/lab7_2/try5_sdk/mb_usb_hdmi_top/hw/mb_usb_hdmi_top.xsa
TRACE::2024-11-08.02:18:43::SCWPlatform::DSA absoulate path C:/Users/realk/Desktop/ece385/ECE385/lab7_2/try5_sdk/mb_usb_hdmi_top/hw/mb_usb_hdmi_top.xsa
TRACE::2024-11-08.02:18:43::SCWPlatform::DSA directory C:/Users/realk/Desktop/ece385/ECE385/lab7_2/try5_sdk/mb_usb_hdmi_top/hw
TRACE::2024-11-08.02:18:43::SCWPlatform:: Platform Path C:/Users/realk/Desktop/ece385/ECE385/lab7_2/try5_sdk/mb_usb_hdmi_top/hw/mb_usb_hdmi_top.xsa
TRACE::2024-11-08.02:18:43::SCWPlatform:: Unique name xilinx:::0.0
TRACE::2024-11-08.02:18:43::SCWPlatform::Trying to set the existing hwdb with name mb_usb_hdmi_top_0
TRACE::2024-11-08.02:18:43::SCWPlatform::Opened existing hwdb mb_usb_hdmi_top_0
TRACE::2024-11-08.02:18:43::SCWPlatform::Found the Hw Db part of the input DSA
TRACE::2024-11-08.02:18:43::SCWMssOS::Checking the sw design at  C:/Users/realk/Desktop/ece385/ECE385/lab7_2/try5_sdk/mb_usb_hdmi_top/microblaze_0/standalone_microblaze_0/bsp/system.mss
TRACE::2024-11-08.02:18:43::SCWMssOS::DEBUG:  swdes dump  C:/Users/realk/Desktop/ece385/ECE385/lab7_2/try5_sdk/mb_usb_hdmi_top/microblaze_0/standalone_microblaze_0/bsp/system.mss|system||

TRACE::2024-11-08.02:18:43::SCWMssOS::Sw design exists and opened at  C:/Users/realk/Desktop/ece385/ECE385/lab7_2/try5_sdk/mb_usb_hdmi_top/microblaze_0/standalone_microblaze_0/bsp/system.mss
TRACE::2024-11-08.02:18:43::SCWWriter::formatted JSON is {
	"platformName":	"mb_usb_hdmi_top",
	"sprVersion":	"2.0",
	"mode":	"gui",
	"dsaType":	"Fixed",
	"platformDesc":	"mb_usb_hdmi_top",
	"platHandOff":	"C:/Users/realk/Desktop/ece385/ECE385/lab7_2/mb_usb_hdmi_top.xsa",
	"platIntHandOff":	"<platformDir>/hw/mb_usb_hdmi_top.xsa",
	"deviceType":	"FPGA",
	"platIsPrebuiltAutogen":	"false",
	"platIsNoBootBsp":	"false",
	"hasFsblMakeHasChanges":	"false",
	"hasPmufwMakeHasChanges":	"false",
	"platPreBuiltFlag":	false,
	"platformSamplesDir":	"",
	"platActiveSys":	"mb_usb_hdmi_top",
	"systems":	[{
			"systemName":	"mb_usb_hdmi_top",
			"systemDesc":	"mb_usb_hdmi_top",
			"sysIsBootAutoGen":	"true",
			"systemDispName":	"mb_usb_hdmi_top",
			"sysActiveDom":	"standalone_microblaze_0",
			"sysDefaultDom":	"standalone_microblaze_0",
			"domains":	[{
					"domainName":	"standalone_microblaze_0",
					"domainDispName":	"standalone_microblaze_0",
					"domainDesc":	"standalone_microblaze_0",
					"processors":	"microblaze_0",
					"os":	"standalone",
					"sdxOs":	"standalone",
					"debugEnable":	"False",
					"domRuntimes":	["cpp"],
					"swRepo":	"",
					"mssOsVer":	"8.0",
					"mssFile":	"",
					"md5Digest":	"5422c1e5be4ae93f4de8c50507402f2a",
					"compatibleApp":	"hello_world",
					"domType":	"mssDomain",
					"arch":	"32-bit",
					"appSettings":	{
						"appCompilerFlags":	"",
						"appLinkerFlags":	""
					},
					"addedLibs":	[],
					"libOptions":	{
						"libsContainingOptions":	[]
					},
					"prebuiltLibs":	{
						"prebuiltIncPath":	[],
						"prebuiltLibPath":	[]
					},
					"isolation":	{
					}
				}]
		}]
}
KEYINFO::2024-11-08.02:18:43::SCWPlatform::updated the xpfm file.
TRACE::2024-11-08.02:18:43::SCWPlatform::Trying to open the hw design at C:/Users/realk/Desktop/ece385/ECE385/lab7_2/try5_sdk/mb_usb_hdmi_top/hw/mb_usb_hdmi_top.xsa
TRACE::2024-11-08.02:18:43::SCWPlatform::DSA given C:/Users/realk/Desktop/ece385/ECE385/lab7_2/try5_sdk/mb_usb_hdmi_top/hw/mb_usb_hdmi_top.xsa
TRACE::2024-11-08.02:18:43::SCWPlatform::DSA absoulate path C:/Users/realk/Desktop/ece385/ECE385/lab7_2/try5_sdk/mb_usb_hdmi_top/hw/mb_usb_hdmi_top.xsa
TRACE::2024-11-08.02:18:43::SCWPlatform::DSA directory C:/Users/realk/Desktop/ece385/ECE385/lab7_2/try5_sdk/mb_usb_hdmi_top/hw
TRACE::2024-11-08.02:18:43::SCWPlatform:: Platform Path C:/Users/realk/Desktop/ece385/ECE385/lab7_2/try5_sdk/mb_usb_hdmi_top/hw/mb_usb_hdmi_top.xsa
TRACE::2024-11-08.02:18:43::SCWPlatform:: Unique name xilinx:::0.0
TRACE::2024-11-08.02:18:43::SCWPlatform::Trying to set the existing hwdb with name mb_usb_hdmi_top_0
TRACE::2024-11-08.02:18:43::SCWPlatform::Opened existing hwdb mb_usb_hdmi_top_0
TRACE::2024-11-08.02:18:43::SCWPlatform::Found the Hw Db part of the input DSA
TRACE::2024-11-08.02:18:43::SCWMssOS::Checking the sw design at  C:/Users/realk/Desktop/ece385/ECE385/lab7_2/try5_sdk/mb_usb_hdmi_top/microblaze_0/standalone_microblaze_0/bsp/system.mss
TRACE::2024-11-08.02:18:43::SCWMssOS::DEBUG:  swdes dump  C:/Users/realk/Desktop/ece385/ECE385/lab7_2/try5_sdk/mb_usb_hdmi_top/microblaze_0/standalone_microblaze_0/bsp/system.mss|system||

TRACE::2024-11-08.02:18:43::SCWMssOS::Sw design exists and opened at  C:/Users/realk/Desktop/ece385/ECE385/lab7_2/try5_sdk/mb_usb_hdmi_top/microblaze_0/standalone_microblaze_0/bsp/system.mss
TRACE::2024-11-08.02:26:23::SCWPlatform::Clearing the existing platform
TRACE::2024-11-08.02:26:23::SCWSystem::Clearing the existing sysconfig
TRACE::2024-11-08.02:26:23::SCWMssOS::Removing the swdes entry for  C:/Users/realk/Desktop/ece385/ECE385/lab7_2/try5_sdk/mb_usb_hdmi_top/microblaze_0/standalone_microblaze_0/bsp/system.mss
TRACE::2024-11-08.02:26:23::SCWSystem::Clearing the domains completed.
TRACE::2024-11-08.02:26:23::SCWPlatform::Clearing the opened hw db.
TRACE::2024-11-08.02:26:23::SCWPlatform::DSA given C:/Users/realk/Desktop/ece385/ECE385/lab7_2/try5_sdk/mb_usb_hdmi_top/hw/mb_usb_hdmi_top.xsa
TRACE::2024-11-08.02:26:23::SCWPlatform::DSA absoulate path C:/Users/realk/Desktop/ece385/ECE385/lab7_2/try5_sdk/mb_usb_hdmi_top/hw/mb_usb_hdmi_top.xsa
TRACE::2024-11-08.02:26:23::SCWPlatform:: Platform location is C:/Users/realk/Desktop/ece385/ECE385/lab7_2/try5_sdk/mb_usb_hdmi_top/hw
TRACE::2024-11-08.02:26:23::SCWPlatform:: Platform Path C:/Users/realk/Desktop/ece385/ECE385/lab7_2/try5_sdk/mb_usb_hdmi_top/hw/mb_usb_hdmi_top.xsa
TRACE::2024-11-08.02:26:23::SCWPlatform:: Unique name xilinx:::0.0
TRACE::2024-11-08.02:26:23::SCWPlatform::Removing the HwDB with name C:/Users/realk/Desktop/ece385/ECE385/lab7_2/try5_sdk/mb_usb_hdmi_top/hw/mb_usb_hdmi_top.xsa
TRACE::2024-11-08.02:26:23::SCWPlatform::Trying to open the hw design at C:/Users/realk/Desktop/ece385/ECE385/lab7_2/try5_sdk/mb_usb_hdmi_top/hw/mb_usb_hdmi_top.xsa
TRACE::2024-11-08.02:26:23::SCWPlatform::DSA given C:/Users/realk/Desktop/ece385/ECE385/lab7_2/try5_sdk/mb_usb_hdmi_top/hw/mb_usb_hdmi_top.xsa
TRACE::2024-11-08.02:26:23::SCWPlatform::DSA absoulate path C:/Users/realk/Desktop/ece385/ECE385/lab7_2/try5_sdk/mb_usb_hdmi_top/hw/mb_usb_hdmi_top.xsa
TRACE::2024-11-08.02:26:23::SCWPlatform::DSA directory C:/Users/realk/Desktop/ece385/ECE385/lab7_2/try5_sdk/mb_usb_hdmi_top/hw
TRACE::2024-11-08.02:26:23::SCWPlatform:: Platform Path C:/Users/realk/Desktop/ece385/ECE385/lab7_2/try5_sdk/mb_usb_hdmi_top/hw/mb_usb_hdmi_top.xsa
TRACE::2024-11-08.02:26:23::SCWPlatform:: Unique name xilinx:::0.0
TRACE::2024-11-08.02:26:23::SCWPlatform::Do not have an existing db opened. 
TRACE::2024-11-08.02:26:23::SCWPlatform::Opened new HwDB with name mb_usb_hdmi_top_2
TRACE::2024-11-08.02:26:23::SCWReader::Active system found as  mb_usb_hdmi_top
TRACE::2024-11-08.02:26:23::SCWReader::Handling sysconfig mb_usb_hdmi_top
TRACE::2024-11-08.02:26:23::SCWDomain::checking for install qemu data   : 
TRACE::2024-11-08.02:26:23::SCWPlatform::Trying to open the hw design at C:/Users/realk/Desktop/ece385/ECE385/lab7_2/try5_sdk/mb_usb_hdmi_top/hw/mb_usb_hdmi_top.xsa
TRACE::2024-11-08.02:26:23::SCWPlatform::DSA given C:/Users/realk/Desktop/ece385/ECE385/lab7_2/try5_sdk/mb_usb_hdmi_top/hw/mb_usb_hdmi_top.xsa
TRACE::2024-11-08.02:26:23::SCWPlatform::DSA absoulate path C:/Users/realk/Desktop/ece385/ECE385/lab7_2/try5_sdk/mb_usb_hdmi_top/hw/mb_usb_hdmi_top.xsa
TRACE::2024-11-08.02:26:23::SCWPlatform::DSA directory C:/Users/realk/Desktop/ece385/ECE385/lab7_2/try5_sdk/mb_usb_hdmi_top/hw
TRACE::2024-11-08.02:26:23::SCWPlatform:: Platform Path C:/Users/realk/Desktop/ece385/ECE385/lab7_2/try5_sdk/mb_usb_hdmi_top/hw/mb_usb_hdmi_top.xsa
TRACE::2024-11-08.02:26:23::SCWPlatform:: Unique name xilinx:::0.0
TRACE::2024-11-08.02:26:23::SCWPlatform::Trying to set the existing hwdb with name mb_usb_hdmi_top_2
TRACE::2024-11-08.02:26:23::SCWPlatform::Opened existing hwdb mb_usb_hdmi_top_2
TRACE::2024-11-08.02:26:23::SCWPlatform::Found the Hw Db part of the input DSA
TRACE::2024-11-08.02:26:23::SCWPlatform::Trying to open the hw design at C:/Users/realk/Desktop/ece385/ECE385/lab7_2/try5_sdk/mb_usb_hdmi_top/hw/mb_usb_hdmi_top.xsa
TRACE::2024-11-08.02:26:23::SCWPlatform::DSA given C:/Users/realk/Desktop/ece385/ECE385/lab7_2/try5_sdk/mb_usb_hdmi_top/hw/mb_usb_hdmi_top.xsa
TRACE::2024-11-08.02:26:23::SCWPlatform::DSA absoulate path C:/Users/realk/Desktop/ece385/ECE385/lab7_2/try5_sdk/mb_usb_hdmi_top/hw/mb_usb_hdmi_top.xsa
TRACE::2024-11-08.02:26:23::SCWPlatform::DSA directory C:/Users/realk/Desktop/ece385/ECE385/lab7_2/try5_sdk/mb_usb_hdmi_top/hw
TRACE::2024-11-08.02:26:23::SCWPlatform:: Platform Path C:/Users/realk/Desktop/ece385/ECE385/lab7_2/try5_sdk/mb_usb_hdmi_top/hw/mb_usb_hdmi_top.xsa
TRACE::2024-11-08.02:26:23::SCWPlatform:: Unique name xilinx:::0.0
TRACE::2024-11-08.02:26:23::SCWPlatform::Trying to set the existing hwdb with name mb_usb_hdmi_top_2
TRACE::2024-11-08.02:26:23::SCWPlatform::Opened existing hwdb mb_usb_hdmi_top_2
TRACE::2024-11-08.02:26:23::SCWPlatform::Found the Hw Db part of the input DSA
TRACE::2024-11-08.02:26:23::SCWPlatform::Trying to open the hw design at C:/Users/realk/Desktop/ece385/ECE385/lab7_2/try5_sdk/mb_usb_hdmi_top/hw/mb_usb_hdmi_top.xsa
TRACE::2024-11-08.02:26:23::SCWPlatform::DSA given C:/Users/realk/Desktop/ece385/ECE385/lab7_2/try5_sdk/mb_usb_hdmi_top/hw/mb_usb_hdmi_top.xsa
TRACE::2024-11-08.02:26:23::SCWPlatform::DSA absoulate path C:/Users/realk/Desktop/ece385/ECE385/lab7_2/try5_sdk/mb_usb_hdmi_top/hw/mb_usb_hdmi_top.xsa
TRACE::2024-11-08.02:26:23::SCWPlatform::DSA directory C:/Users/realk/Desktop/ece385/ECE385/lab7_2/try5_sdk/mb_usb_hdmi_top/hw
TRACE::2024-11-08.02:26:23::SCWPlatform:: Platform Path C:/Users/realk/Desktop/ece385/ECE385/lab7_2/try5_sdk/mb_usb_hdmi_top/hw/mb_usb_hdmi_top.xsa
TRACE::2024-11-08.02:26:23::SCWPlatform:: Unique name xilinx:::0.0
TRACE::2024-11-08.02:26:23::SCWPlatform::Trying to set the existing hwdb with name mb_usb_hdmi_top_2
TRACE::2024-11-08.02:26:23::SCWPlatform::Opened existing hwdb mb_usb_hdmi_top_2
TRACE::2024-11-08.02:26:23::SCWPlatform::Found the Hw Db part of the input DSA
TRACE::2024-11-08.02:26:23::SCWPlatform::Trying to open the hw design at C:/Users/realk/Desktop/ece385/ECE385/lab7_2/try5_sdk/mb_usb_hdmi_top/hw/mb_usb_hdmi_top.xsa
TRACE::2024-11-08.02:26:23::SCWPlatform::DSA given C:/Users/realk/Desktop/ece385/ECE385/lab7_2/try5_sdk/mb_usb_hdmi_top/hw/mb_usb_hdmi_top.xsa
TRACE::2024-11-08.02:26:23::SCWPlatform::DSA absoulate path C:/Users/realk/Desktop/ece385/ECE385/lab7_2/try5_sdk/mb_usb_hdmi_top/hw/mb_usb_hdmi_top.xsa
TRACE::2024-11-08.02:26:23::SCWPlatform::DSA directory C:/Users/realk/Desktop/ece385/ECE385/lab7_2/try5_sdk/mb_usb_hdmi_top/hw
TRACE::2024-11-08.02:26:23::SCWPlatform:: Platform Path C:/Users/realk/Desktop/ece385/ECE385/lab7_2/try5_sdk/mb_usb_hdmi_top/hw/mb_usb_hdmi_top.xsa
TRACE::2024-11-08.02:26:23::SCWPlatform:: Unique name xilinx:::0.0
TRACE::2024-11-08.02:26:23::SCWPlatform::Trying to set the existing hwdb with name mb_usb_hdmi_top_2
TRACE::2024-11-08.02:26:23::SCWPlatform::Opened existing hwdb mb_usb_hdmi_top_2
TRACE::2024-11-08.02:26:23::SCWPlatform::Found the Hw Db part of the input DSA
TRACE::2024-11-08.02:26:23::SCWMssOS::Checking the sw design at  C:/Users/realk/Desktop/ece385/ECE385/lab7_2/try5_sdk/mb_usb_hdmi_top/microblaze_0/standalone_microblaze_0/bsp/system.mss
TRACE::2024-11-08.02:26:23::SCWMssOS::DEBUG:  swdes dump  
TRACE::2024-11-08.02:26:23::SCWMssOS::No sw design opened at  C:/Users/realk/Desktop/ece385/ECE385/lab7_2/try5_sdk/mb_usb_hdmi_top/microblaze_0/standalone_microblaze_0/bsp/system.mss
TRACE::2024-11-08.02:26:23::SCWMssOS::mss exists loading the mss file  C:/Users/realk/Desktop/ece385/ECE385/lab7_2/try5_sdk/mb_usb_hdmi_top/microblaze_0/standalone_microblaze_0/bsp/system.mss
TRACE::2024-11-08.02:26:23::SCWMssOS::Opened the sw design from mss  C:/Users/realk/Desktop/ece385/ECE385/lab7_2/try5_sdk/mb_usb_hdmi_top/microblaze_0/standalone_microblaze_0/bsp/system.mss
TRACE::2024-11-08.02:26:23::SCWMssOS::Adding the swdes entry C:/Users/realk/Desktop/ece385/ECE385/lab7_2/try5_sdk/mb_usb_hdmi_top/microblaze_0/standalone_microblaze_0/bsp/system.mss with des name system
TRACE::2024-11-08.02:26:23::SCWMssOS::updating the scw layer about changes
TRACE::2024-11-08.02:26:23::SCWMssOS::Opened the sw design.  C:/Users/realk/Desktop/ece385/ECE385/lab7_2/try5_sdk/mb_usb_hdmi_top/microblaze_0/standalone_microblaze_0/bsp/system.mss
TRACE::2024-11-08.02:26:23::SCWMssOS::Saving the mss changes C:/Users/realk/Desktop/ece385/ECE385/lab7_2/try5_sdk/mb_usb_hdmi_top/microblaze_0/standalone_microblaze_0/bsp/system.mss
TRACE::2024-11-08.02:26:23::SCWMssOS::Found a swdesign opened with the mssfile.
TRACE::2024-11-08.02:26:23::SCWMssOS::Completed writemss as part of save.
TRACE::2024-11-08.02:26:23::SCWMssOS::Commit changes completed.
TRACE::2024-11-08.02:26:23::SCWReader::Adding prebuilt librarypaths as   
TRACE::2024-11-08.02:26:23::SCWReader::Adding prebuilt incpaths  as   
TRACE::2024-11-08.02:26:23::SCWPlatform::Trying to open the hw design at C:/Users/realk/Desktop/ece385/ECE385/lab7_2/try5_sdk/mb_usb_hdmi_top/hw/mb_usb_hdmi_top.xsa
TRACE::2024-11-08.02:26:23::SCWPlatform::DSA given C:/Users/realk/Desktop/ece385/ECE385/lab7_2/try5_sdk/mb_usb_hdmi_top/hw/mb_usb_hdmi_top.xsa
TRACE::2024-11-08.02:26:23::SCWPlatform::DSA absoulate path C:/Users/realk/Desktop/ece385/ECE385/lab7_2/try5_sdk/mb_usb_hdmi_top/hw/mb_usb_hdmi_top.xsa
TRACE::2024-11-08.02:26:23::SCWPlatform::DSA directory C:/Users/realk/Desktop/ece385/ECE385/lab7_2/try5_sdk/mb_usb_hdmi_top/hw
TRACE::2024-11-08.02:26:23::SCWPlatform:: Platform Path C:/Users/realk/Desktop/ece385/ECE385/lab7_2/try5_sdk/mb_usb_hdmi_top/hw/mb_usb_hdmi_top.xsa
TRACE::2024-11-08.02:26:23::SCWPlatform:: Unique name xilinx:::0.0
TRACE::2024-11-08.02:26:23::SCWPlatform::Trying to set the existing hwdb with name mb_usb_hdmi_top_2
TRACE::2024-11-08.02:26:23::SCWPlatform::Opened existing hwdb mb_usb_hdmi_top_2
TRACE::2024-11-08.02:26:23::SCWPlatform::Found the Hw Db part of the input DSA
TRACE::2024-11-08.02:26:23::SCWMssOS::Checking the sw design at  C:/Users/realk/Desktop/ece385/ECE385/lab7_2/try5_sdk/mb_usb_hdmi_top/microblaze_0/standalone_microblaze_0/bsp/system.mss
TRACE::2024-11-08.02:26:23::SCWMssOS::DEBUG:  swdes dump  C:/Users/realk/Desktop/ece385/ECE385/lab7_2/try5_sdk/mb_usb_hdmi_top/microblaze_0/standalone_microblaze_0/bsp/system.mss|system||

TRACE::2024-11-08.02:26:23::SCWMssOS::Sw design exists and opened at  C:/Users/realk/Desktop/ece385/ECE385/lab7_2/try5_sdk/mb_usb_hdmi_top/microblaze_0/standalone_microblaze_0/bsp/system.mss
TRACE::2024-11-08.02:26:23::SCWReader::No isolation master present  
TRACE::2024-11-08.02:26:26::SCWPlatform::DSA given C:/Users/realk/Desktop/ece385/ECE385/lab7_2/try5_sdk/mb_usb_hdmi_top/tempdsa/mb_usb_hdmi_top.xsa
TRACE::2024-11-08.02:26:26::SCWPlatform::DSA absoulate path C:/Users/realk/Desktop/ece385/ECE385/lab7_2/try5_sdk/mb_usb_hdmi_top/tempdsa/mb_usb_hdmi_top.xsa
TRACE::2024-11-08.02:26:26::SCWPlatform:: Platform location is C:/Users/realk/Desktop/ece385/ECE385/lab7_2/try5_sdk/mb_usb_hdmi_top/tempdsa
TRACE::2024-11-08.02:26:26::SCWPlatform:: Platform Path C:/Users/realk/Desktop/ece385/ECE385/lab7_2/try5_sdk/mb_usb_hdmi_top/tempdsa/mb_usb_hdmi_top.xsa
TRACE::2024-11-08.02:26:26::SCWPlatform:: Unique name xilinx:::0.0
TRACE::2024-11-08.02:26:26::SCWPlatform::Found the Hw Db part of the input DSA
TRACE::2024-11-08.02:26:26::SCWMssOS::Doing hw sync for the mss in domain: standalone_microblaze_0
TRACE::2024-11-08.02:26:26::SCWPlatform::Trying to open the hw design at C:/Users/realk/Desktop/ece385/ECE385/lab7_2/try5_sdk/mb_usb_hdmi_top/hw/mb_usb_hdmi_top.xsa
TRACE::2024-11-08.02:26:26::SCWPlatform::DSA given C:/Users/realk/Desktop/ece385/ECE385/lab7_2/try5_sdk/mb_usb_hdmi_top/hw/mb_usb_hdmi_top.xsa
TRACE::2024-11-08.02:26:26::SCWPlatform::DSA absoulate path C:/Users/realk/Desktop/ece385/ECE385/lab7_2/try5_sdk/mb_usb_hdmi_top/hw/mb_usb_hdmi_top.xsa
TRACE::2024-11-08.02:26:26::SCWPlatform::DSA directory C:/Users/realk/Desktop/ece385/ECE385/lab7_2/try5_sdk/mb_usb_hdmi_top/hw
TRACE::2024-11-08.02:26:26::SCWPlatform:: Platform Path C:/Users/realk/Desktop/ece385/ECE385/lab7_2/try5_sdk/mb_usb_hdmi_top/hw/mb_usb_hdmi_top.xsa
TRACE::2024-11-08.02:26:26::SCWPlatform:: Unique name xilinx:::0.0
TRACE::2024-11-08.02:26:26::SCWPlatform::Trying to set the existing hwdb with name mb_usb_hdmi_top_2
TRACE::2024-11-08.02:26:26::SCWPlatform::Opened existing hwdb mb_usb_hdmi_top_2
TRACE::2024-11-08.02:26:26::SCWPlatform::Found the Hw Db part of the input DSA
TRACE::2024-11-08.02:26:26::SCWPlatform::Trying to open the hw design at C:/Users/realk/Desktop/ece385/ECE385/lab7_2/try5_sdk/mb_usb_hdmi_top/hw/mb_usb_hdmi_top.xsa
TRACE::2024-11-08.02:26:26::SCWPlatform::DSA given C:/Users/realk/Desktop/ece385/ECE385/lab7_2/try5_sdk/mb_usb_hdmi_top/hw/mb_usb_hdmi_top.xsa
TRACE::2024-11-08.02:26:26::SCWPlatform::DSA absoulate path C:/Users/realk/Desktop/ece385/ECE385/lab7_2/try5_sdk/mb_usb_hdmi_top/hw/mb_usb_hdmi_top.xsa
TRACE::2024-11-08.02:26:26::SCWPlatform::DSA directory C:/Users/realk/Desktop/ece385/ECE385/lab7_2/try5_sdk/mb_usb_hdmi_top/hw
TRACE::2024-11-08.02:26:26::SCWPlatform:: Platform Path C:/Users/realk/Desktop/ece385/ECE385/lab7_2/try5_sdk/mb_usb_hdmi_top/hw/mb_usb_hdmi_top.xsa
TRACE::2024-11-08.02:26:26::SCWPlatform:: Unique name xilinx:::0.0
TRACE::2024-11-08.02:26:26::SCWPlatform::Trying to set the existing hwdb with name mb_usb_hdmi_top_2
TRACE::2024-11-08.02:26:26::SCWPlatform::Opened existing hwdb mb_usb_hdmi_top_2
TRACE::2024-11-08.02:26:26::SCWPlatform::Found the Hw Db part of the input DSA
TRACE::2024-11-08.02:26:26::SCWMssOS::Checking the sw design at  C:/Users/realk/Desktop/ece385/ECE385/lab7_2/try5_sdk/mb_usb_hdmi_top/microblaze_0/standalone_microblaze_0/bsp/system.mss
TRACE::2024-11-08.02:26:26::SCWMssOS::DEBUG:  swdes dump  C:/Users/realk/Desktop/ece385/ECE385/lab7_2/try5_sdk/mb_usb_hdmi_top/microblaze_0/standalone_microblaze_0/bsp/system.mss|system||

TRACE::2024-11-08.02:26:26::SCWMssOS::Sw design exists and opened at  C:/Users/realk/Desktop/ece385/ECE385/lab7_2/try5_sdk/mb_usb_hdmi_top/microblaze_0/standalone_microblaze_0/bsp/system.mss
TRACE::2024-11-08.02:26:26::SCWPlatform::Trying to open the hw design at C:/Users/realk/Desktop/ece385/ECE385/lab7_2/try5_sdk/mb_usb_hdmi_top/tempdsa/mb_usb_hdmi_top.xsa
TRACE::2024-11-08.02:26:26::SCWPlatform::DSA given C:/Users/realk/Desktop/ece385/ECE385/lab7_2/try5_sdk/mb_usb_hdmi_top/tempdsa/mb_usb_hdmi_top.xsa
TRACE::2024-11-08.02:26:26::SCWPlatform::DSA absoulate path C:/Users/realk/Desktop/ece385/ECE385/lab7_2/try5_sdk/mb_usb_hdmi_top/tempdsa/mb_usb_hdmi_top.xsa
TRACE::2024-11-08.02:26:26::SCWPlatform::DSA directory C:/Users/realk/Desktop/ece385/ECE385/lab7_2/try5_sdk/mb_usb_hdmi_top/tempdsa
TRACE::2024-11-08.02:26:26::SCWPlatform:: Platform Path C:/Users/realk/Desktop/ece385/ECE385/lab7_2/try5_sdk/mb_usb_hdmi_top/tempdsa/mb_usb_hdmi_top.xsa
TRACE::2024-11-08.02:26:26::SCWPlatform:: Unique name xilinx:::0.0
TRACE::2024-11-08.02:26:26::SCWPlatform::update - Opened existing hwdb mb_usb_hdmi_top_3
TRACE::2024-11-08.02:26:26::SCWPlatform::Found the Hw Db part of the input DSA
TRACE::2024-11-08.02:26:26::SCWMssOS::Saving the mss changes C:/Users/realk/Desktop/ece385/ECE385/lab7_2/try5_sdk/mb_usb_hdmi_top/microblaze_0/standalone_microblaze_0/bsp/system.mss
TRACE::2024-11-08.02:26:26::SCWMssOS::Found a swdesign opened with the mssfile.
TRACE::2024-11-08.02:26:26::SCWMssOS::Completed writemss as part of save.
TRACE::2024-11-08.02:26:26::SCWMssOS::Commit changes completed.
TRACE::2024-11-08.02:26:26::SCWMssOS::Completed hw sync for the mss in domain: standalone_microblaze_0
TRACE::2024-11-08.02:26:26::SCWMssOS::Removing the swdes entry for  C:/Users/realk/Desktop/ece385/ECE385/lab7_2/try5_sdk/mb_usb_hdmi_top/microblaze_0/standalone_microblaze_0/bsp/system.mss
TRACE::2024-11-08.02:26:26::SCWPlatform::Trying to open the hw design at C:/Users/realk/Desktop/ece385/ECE385/lab7_2/try5_sdk/mb_usb_hdmi_top/hw/mb_usb_hdmi_top.xsa
TRACE::2024-11-08.02:26:26::SCWPlatform::DSA given C:/Users/realk/Desktop/ece385/ECE385/lab7_2/try5_sdk/mb_usb_hdmi_top/hw/mb_usb_hdmi_top.xsa
TRACE::2024-11-08.02:26:26::SCWPlatform::DSA absoulate path C:/Users/realk/Desktop/ece385/ECE385/lab7_2/try5_sdk/mb_usb_hdmi_top/hw/mb_usb_hdmi_top.xsa
TRACE::2024-11-08.02:26:26::SCWPlatform::DSA directory C:/Users/realk/Desktop/ece385/ECE385/lab7_2/try5_sdk/mb_usb_hdmi_top/hw
TRACE::2024-11-08.02:26:26::SCWPlatform:: Platform Path C:/Users/realk/Desktop/ece385/ECE385/lab7_2/try5_sdk/mb_usb_hdmi_top/hw/mb_usb_hdmi_top.xsa
TRACE::2024-11-08.02:26:26::SCWPlatform:: Unique name xilinx:::0.0
TRACE::2024-11-08.02:26:26::SCWPlatform::Do not have an existing db opened. 
TRACE::2024-11-08.02:26:26::SCWPlatform::Opened new HwDB with name mb_usb_hdmi_top_4
TRACE::2024-11-08.02:26:26::SCWMssOS::Saving the mss changes C:/Users/realk/Desktop/ece385/ECE385/lab7_2/try5_sdk/mb_usb_hdmi_top/microblaze_0/standalone_microblaze_0/bsp/system.mss
TRACE::2024-11-08.02:26:26::SCWMssOS::Adding the swdes entry, mss present, able to open swdb C:/Users/realk/Desktop/ece385/ECE385/lab7_2/try5_sdk/mb_usb_hdmi_top/microblaze_0/standalone_microblaze_0/bsp/system.mss with des name system
TRACE::2024-11-08.02:26:26::SCWMssOS::Writing the mss file completed C:/Users/realk/Desktop/ece385/ECE385/lab7_2/try5_sdk/mb_usb_hdmi_top/microblaze_0/standalone_microblaze_0/bsp/system.mss
TRACE::2024-11-08.02:26:26::SCWMssOS::Commit changes completed.
TRACE::2024-11-08.02:26:26::SCWPlatform::Trying to open the hw design at C:/Users/realk/Desktop/ece385/ECE385/lab7_2/try5_sdk/mb_usb_hdmi_top/hw/mb_usb_hdmi_top.xsa
TRACE::2024-11-08.02:26:26::SCWPlatform::DSA given C:/Users/realk/Desktop/ece385/ECE385/lab7_2/try5_sdk/mb_usb_hdmi_top/hw/mb_usb_hdmi_top.xsa
TRACE::2024-11-08.02:26:26::SCWPlatform::DSA absoulate path C:/Users/realk/Desktop/ece385/ECE385/lab7_2/try5_sdk/mb_usb_hdmi_top/hw/mb_usb_hdmi_top.xsa
TRACE::2024-11-08.02:26:26::SCWPlatform::DSA directory C:/Users/realk/Desktop/ece385/ECE385/lab7_2/try5_sdk/mb_usb_hdmi_top/hw
TRACE::2024-11-08.02:26:26::SCWPlatform:: Platform Path C:/Users/realk/Desktop/ece385/ECE385/lab7_2/try5_sdk/mb_usb_hdmi_top/hw/mb_usb_hdmi_top.xsa
TRACE::2024-11-08.02:26:26::SCWPlatform:: Unique name xilinx:::0.0
TRACE::2024-11-08.02:26:26::SCWPlatform::Trying to set the existing hwdb with name mb_usb_hdmi_top_4
TRACE::2024-11-08.02:26:26::SCWPlatform::Opened existing hwdb mb_usb_hdmi_top_4
TRACE::2024-11-08.02:26:26::SCWPlatform::Found the Hw Db part of the input DSA
TRACE::2024-11-08.02:26:26::SCWMssOS::Checking the sw design at  C:/Users/realk/Desktop/ece385/ECE385/lab7_2/try5_sdk/mb_usb_hdmi_top/microblaze_0/standalone_microblaze_0/bsp/system.mss
TRACE::2024-11-08.02:26:26::SCWMssOS::DEBUG:  swdes dump  C:/Users/realk/Desktop/ece385/ECE385/lab7_2/try5_sdk/mb_usb_hdmi_top/microblaze_0/standalone_microblaze_0/bsp/system.mss|system||

TRACE::2024-11-08.02:26:26::SCWMssOS::Sw design exists and opened at  C:/Users/realk/Desktop/ece385/ECE385/lab7_2/try5_sdk/mb_usb_hdmi_top/microblaze_0/standalone_microblaze_0/bsp/system.mss
TRACE::2024-11-08.02:26:26::SCWWriter::formatted JSON is {
	"platformName":	"mb_usb_hdmi_top",
	"sprVersion":	"2.0",
	"mode":	"gui",
	"dsaType":	"Fixed",
	"platformDesc":	"mb_usb_hdmi_top",
	"platHandOff":	"C:/Users/realk/Desktop/ece385/ECE385/lab7_2/mb_usb_hdmi_top.xsa",
	"platIntHandOff":	"<platformDir>/hw/mb_usb_hdmi_top.xsa",
	"deviceType":	"FPGA",
	"platIsPrebuiltAutogen":	"false",
	"platIsNoBootBsp":	"false",
	"hasFsblMakeHasChanges":	"false",
	"hasPmufwMakeHasChanges":	"false",
	"platPreBuiltFlag":	false,
	"platformSamplesDir":	"",
	"platActiveSys":	"mb_usb_hdmi_top",
	"systems":	[{
			"systemName":	"mb_usb_hdmi_top",
			"systemDesc":	"mb_usb_hdmi_top",
			"sysIsBootAutoGen":	"true",
			"systemDispName":	"mb_usb_hdmi_top",
			"sysActiveDom":	"standalone_microblaze_0",
			"sysDefaultDom":	"standalone_microblaze_0",
			"domains":	[{
					"domainName":	"standalone_microblaze_0",
					"domainDispName":	"standalone_microblaze_0",
					"domainDesc":	"standalone_microblaze_0",
					"processors":	"microblaze_0",
					"os":	"standalone",
					"sdxOs":	"standalone",
					"debugEnable":	"False",
					"domRuntimes":	["cpp"],
					"swRepo":	"",
					"mssOsVer":	"8.0",
					"mssFile":	"",
					"md5Digest":	"5422c1e5be4ae93f4de8c50507402f2a1",
					"compatibleApp":	"",
					"domType":	"mssDomain",
					"arch":	"32-bit",
					"appSettings":	{
						"appCompilerFlags":	"",
						"appLinkerFlags":	""
					},
					"addedLibs":	[],
					"libOptions":	{
						"libsContainingOptions":	[]
					},
					"prebuiltLibs":	{
						"prebuiltIncPath":	[],
						"prebuiltLibPath":	[]
					},
					"isolation":	{
					}
				}]
		}]
}
TRACE::2024-11-08.02:26:38::SCWMssOS::cleaning the bsp 
TRACE::2024-11-08.02:26:38::SCWMssOS::System Command Ran  C: & cd  C:/Users/realk/Desktop/ece385/ECE385/lab7_2/try5_sdk/mb_usb_hdmi_top/microblaze_0/standalone_microblaze_0/bsp & make clean 
TRACE::2024-11-08.02:26:38::SCWMssOS::make -C microblaze_0/libsrc/bram_v4_8/src -s clean 

TRACE::2024-11-08.02:26:39::SCWMssOS::make -C microblaze_0/libsrc/cpu_v2_16/src -s clean 

TRACE::2024-11-08.02:26:39::SCWMssOS::make -C microblaze_0/libsrc/intc_v3_15/src -s clean 

TRACE::2024-11-08.02:26:39::SCWMssOS::make -C microblaze_0/libsrc/standalone_v8_0/src -s clean 

TRACE::2024-11-08.02:26:39::SCWMssOS::make -C microblaze_0/libsrc/uartlite_v3_7/src -s clean 

TRACE::2024-11-08.02:26:39::SCWMssOS::rm -f microblaze_0/lib/libxil.a

LOG::2024-11-08.02:26:47::SCWPlatform::Started generating the artifacts platform mb_usb_hdmi_top
TRACE::2024-11-08.02:26:47::SCWPlatform::Sanity checking of platform is completed
LOG::2024-11-08.02:26:47::SCWPlatform::Started generating the artifacts for system configuration mb_usb_hdmi_top
LOG::2024-11-08.02:26:47::SCWSystem::Checking the domain standalone_microblaze_0
LOG::2024-11-08.02:26:47::SCWSystem::Not a boot domain 
LOG::2024-11-08.02:26:47::SCWSystem::Started Processing the domain standalone_microblaze_0
TRACE::2024-11-08.02:26:47::SCWDomain::Generating domain artifcats
TRACE::2024-11-08.02:26:47::SCWMssOS::Generating standalone artifcats
TRACE::2024-11-08.02:26:47::SCWMssOS:: Copying the user libraries. 
TRACE::2024-11-08.02:26:47::SCWPlatform::Trying to open the hw design at C:/Users/realk/Desktop/ece385/ECE385/lab7_2/try5_sdk/mb_usb_hdmi_top/hw/mb_usb_hdmi_top.xsa
TRACE::2024-11-08.02:26:47::SCWPlatform::DSA given C:/Users/realk/Desktop/ece385/ECE385/lab7_2/try5_sdk/mb_usb_hdmi_top/hw/mb_usb_hdmi_top.xsa
TRACE::2024-11-08.02:26:47::SCWPlatform::DSA absoulate path C:/Users/realk/Desktop/ece385/ECE385/lab7_2/try5_sdk/mb_usb_hdmi_top/hw/mb_usb_hdmi_top.xsa
TRACE::2024-11-08.02:26:47::SCWPlatform::DSA directory C:/Users/realk/Desktop/ece385/ECE385/lab7_2/try5_sdk/mb_usb_hdmi_top/hw
TRACE::2024-11-08.02:26:47::SCWPlatform:: Platform Path C:/Users/realk/Desktop/ece385/ECE385/lab7_2/try5_sdk/mb_usb_hdmi_top/hw/mb_usb_hdmi_top.xsa
TRACE::2024-11-08.02:26:47::SCWPlatform:: Unique name xilinx:::0.0
TRACE::2024-11-08.02:26:47::SCWPlatform::Trying to set the existing hwdb with name mb_usb_hdmi_top_4
TRACE::2024-11-08.02:26:47::SCWPlatform::Opened existing hwdb mb_usb_hdmi_top_4
TRACE::2024-11-08.02:26:47::SCWPlatform::Found the Hw Db part of the input DSA
TRACE::2024-11-08.02:26:47::SCWMssOS::Checking the sw design at  C:/Users/realk/Desktop/ece385/ECE385/lab7_2/try5_sdk/mb_usb_hdmi_top/microblaze_0/standalone_microblaze_0/bsp/system.mss
TRACE::2024-11-08.02:26:47::SCWMssOS::DEBUG:  swdes dump  C:/Users/realk/Desktop/ece385/ECE385/lab7_2/try5_sdk/mb_usb_hdmi_top/microblaze_0/standalone_microblaze_0/bsp/system.mss|system||

TRACE::2024-11-08.02:26:47::SCWMssOS::Sw design exists and opened at  C:/Users/realk/Desktop/ece385/ECE385/lab7_2/try5_sdk/mb_usb_hdmi_top/microblaze_0/standalone_microblaze_0/bsp/system.mss
TRACE::2024-11-08.02:26:47::SCWMssOS::Completed writing the mss file at C:/Users/realk/Desktop/ece385/ECE385/lab7_2/try5_sdk/mb_usb_hdmi_top/microblaze_0/standalone_microblaze_0/bsp
TRACE::2024-11-08.02:26:47::SCWMssOS::Mss edits present, copying mssfile into export location C:/Users/realk/Desktop/ece385/ECE385/lab7_2/try5_sdk/mb_usb_hdmi_top/microblaze_0/standalone_microblaze_0/bsp/system.mss
TRACE::2024-11-08.02:26:47::SCWMssOS::bsp generated is stale removing and regenerating. 
TRACE::2024-11-08.02:26:48::SCWMssOS::doing bsp build ... 
TRACE::2024-11-08.02:26:48::SCWMssOS::System Command Ran  C: & cd  C:/Users/realk/Desktop/ece385/ECE385/lab7_2/try5_sdk/mb_usb_hdmi_top/microblaze_0/standalone_microblaze_0/bsp & make 
TRACE::2024-11-08.02:26:48::SCWMssOS::make --no-print-directory seq_libs

TRACE::2024-11-08.02:26:48::SCWMssOS::'Finished building libraries sequentially.'

TRACE::2024-11-08.02:26:48::SCWMssOS::make -j 14 --no-print-directory par_libs

TRACE::2024-11-08.02:26:48::SCWMssOS::"Running Make include in microblaze_0/libsrc/bram_v4_8/src"

TRACE::2024-11-08.02:26:48::SCWMssOS::make -C microblaze_0/libsrc/bram_v4_8/src -s include  "SHELL=CMD" "COMPILER=mb-gcc" "ASSEMBLER=mb-as" "ARCHIVER=mb-ar" "COMPILE
TRACE::2024-11-08.02:26:48::SCWMssOS::R_FLAGS=  -O2 -c -mcpu=v11.0 -mlittle-endian -mno-xl-reorder -mno-xl-soft-mul -mxl-barrel-shift -mxl-pattern-compare" "EXTRA_CO
TRACE::2024-11-08.02:26:48::SCWMssOS::MPILER_FLAGS=-g -ffunction-sections -fdata-sections -Wall -Wextra -fno-tree-loop-distribute-patterns"

TRACE::2024-11-08.02:26:48::SCWMssOS::"Running Make include in microblaze_0/libsrc/cpu_v2_16/src"

TRACE::2024-11-08.02:26:48::SCWMssOS::make -C microblaze_0/libsrc/cpu_v2_16/src -s include  "SHELL=CMD" "COMPILER=mb-gcc" "ASSEMBLER=mb-as" "ARCHIVER=mb-ar" "COMPILE
TRACE::2024-11-08.02:26:48::SCWMssOS::R_FLAGS=  -O2 -c -mcpu=v11.0 -mlittle-endian -mno-xl-reorder -mno-xl-soft-mul -mxl-barrel-shift -mxl-pattern-compare" "EXTRA_CO
TRACE::2024-11-08.02:26:48::SCWMssOS::MPILER_FLAGS=-g -ffunction-sections -fdata-sections -Wall -Wextra -fno-tree-loop-distribute-patterns"

TRACE::2024-11-08.02:26:48::SCWMssOS::"Running Make include in microblaze_0/libsrc/intc_v3_15/src"

TRACE::2024-11-08.02:26:48::SCWMssOS::make -C microblaze_0/libsrc/intc_v3_15/src -s include  "SHELL=CMD" "COMPILER=mb-gcc" "ASSEMBLER=mb-as" "ARCHIVER=mb-ar" "COMPIL
TRACE::2024-11-08.02:26:48::SCWMssOS::ER_FLAGS=  -O2 -c -mcpu=v11.0 -mlittle-endian -mno-xl-reorder -mno-xl-soft-mul -mxl-barrel-shift -mxl-pattern-compare" "EXTRA_C
TRACE::2024-11-08.02:26:48::SCWMssOS::OMPILER_FLAGS=-g -ffunction-sections -fdata-sections -Wall -Wextra -fno-tree-loop-distribute-patterns"

TRACE::2024-11-08.02:26:48::SCWMssOS::"Running Make include in microblaze_0/libsrc/standalone_v8_0/src"

TRACE::2024-11-08.02:26:48::SCWMssOS::make -C microblaze_0/libsrc/standalone_v8_0/src -s include  "SHELL=CMD" "COMPILER=mb-gcc" "ASSEMBLER=mb-as" "ARCHIVER=mb-ar" "C
TRACE::2024-11-08.02:26:48::SCWMssOS::OMPILER_FLAGS=  -O2 -c -mcpu=v11.0 -mlittle-endian -mno-xl-reorder -mno-xl-soft-mul -mxl-barrel-shift -mxl-pattern-compare" "EX
TRACE::2024-11-08.02:26:48::SCWMssOS::TRA_COMPILER_FLAGS=-g -ffunction-sections -fdata-sections -Wall -Wextra -fno-tree-loop-distribute-patterns"

TRACE::2024-11-08.02:26:48::SCWMssOS::"Running Make include in microblaze_0/libsrc/uartlite_v3_7/src"

TRACE::2024-11-08.02:26:48::SCWMssOS::make -C microblaze_0/libsrc/uartlite_v3_7/src -s include  "SHELL=CMD" "COMPILER=mb-gcc" "ASSEMBLER=mb-as" "ARCHIVER=mb-ar" "COM
TRACE::2024-11-08.02:26:48::SCWMssOS::PILER_FLAGS=  -O2 -c -mcpu=v11.0 -mlittle-endian -mno-xl-reorder -mno-xl-soft-mul -mxl-barrel-shift -mxl-pattern-compare" "EXTR
TRACE::2024-11-08.02:26:48::SCWMssOS::A_COMPILER_FLAGS=-g -ffunction-sections -fdata-sections -Wall -Wextra -fno-tree-loop-distribute-patterns"

TRACE::2024-11-08.02:26:48::SCWMssOS::"Running Make libs in microblaze_0/libsrc/bram_v4_8/src"

TRACE::2024-11-08.02:26:48::SCWMssOS::make -C microblaze_0/libsrc/bram_v4_8/src -s libs  "SHELL=CMD" "COMPILER=mb-gcc" "ASSEMBLER=mb-as" "ARCHIVER=mb-ar" "COMPILER_F
TRACE::2024-11-08.02:26:48::SCWMssOS::LAGS=  -O2 -c -mcpu=v11.0 -mlittle-endian -mno-xl-reorder -mno-xl-soft-mul -mxl-barrel-shift -mxl-pattern-compare" "EXTRA_COMPI
TRACE::2024-11-08.02:26:48::SCWMssOS::LER_FLAGS=-g -ffunction-sections -fdata-sections -Wall -Wextra -fno-tree-loop-distribute-patterns"

TRACE::2024-11-08.02:26:48::SCWMssOS::"Running Make libs in microblaze_0/libsrc/cpu_v2_16/src"

TRACE::2024-11-08.02:26:48::SCWMssOS::make -C microblaze_0/libsrc/cpu_v2_16/src -s libs  "SHELL=CMD" "COMPILER=mb-gcc" "ASSEMBLER=mb-as" "ARCHIVER=mb-ar" "COMPILER_F
TRACE::2024-11-08.02:26:48::SCWMssOS::LAGS=  -O2 -c -mcpu=v11.0 -mlittle-endian -mno-xl-reorder -mno-xl-soft-mul -mxl-barrel-shift -mxl-pattern-compare" "EXTRA_COMPI
TRACE::2024-11-08.02:26:48::SCWMssOS::LER_FLAGS=-g -ffunction-sections -fdata-sections -Wall -Wextra -fno-tree-loop-distribute-patterns"

TRACE::2024-11-08.02:26:48::SCWMssOS::"Running Make libs in microblaze_0/libsrc/intc_v3_15/src"

TRACE::2024-11-08.02:26:48::SCWMssOS::make -C microblaze_0/libsrc/intc_v3_15/src -s libs  "SHELL=CMD" "COMPILER=mb-gcc" "ASSEMBLER=mb-as" "ARCHIVER=mb-ar" "COMPILER_
TRACE::2024-11-08.02:26:48::SCWMssOS::FLAGS=  -O2 -c -mcpu=v11.0 -mlittle-endian -mno-xl-reorder -mno-xl-soft-mul -mxl-barrel-shift -mxl-pattern-compare" "EXTRA_COMP
TRACE::2024-11-08.02:26:48::SCWMssOS::ILER_FLAGS=-g -ffunction-sections -fdata-sections -Wall -Wextra -fno-tree-loop-distribute-patterns"

TRACE::2024-11-08.02:26:49::SCWMssOS::"Running Make libs in microblaze_0/libsrc/standalone_v8_0/src"

TRACE::2024-11-08.02:26:49::SCWMssOS::make -C microblaze_0/libsrc/standalone_v8_0/src -s libs  "SHELL=CMD" "COMPILER=mb-gcc" "ASSEMBLER=mb-as" "ARCHIVER=mb-ar" "COMP
TRACE::2024-11-08.02:26:49::SCWMssOS::ILER_FLAGS=  -O2 -c -mcpu=v11.0 -mlittle-endian -mno-xl-reorder -mno-xl-soft-mul -mxl-barrel-shift -mxl-pattern-compare" "EXTRA
TRACE::2024-11-08.02:26:49::SCWMssOS::_COMPILER_FLAGS=-g -ffunction-sections -fdata-sections -Wall -Wextra -fno-tree-loop-distribute-patterns"

TRACE::2024-11-08.02:26:49::SCWMssOS::"Running Make libs in microblaze_0/libsrc/uartlite_v3_7/src"

TRACE::2024-11-08.02:26:49::SCWMssOS::make -C microblaze_0/libsrc/uartlite_v3_7/src -s libs  "SHELL=CMD" "COMPILER=mb-gcc" "ASSEMBLER=mb-as" "ARCHIVER=mb-ar" "COMPIL
TRACE::2024-11-08.02:26:49::SCWMssOS::ER_FLAGS=  -O2 -c -mcpu=v11.0 -mlittle-endian -mno-xl-reorder -mno-xl-soft-mul -mxl-barrel-shift -mxl-pattern-compare" "EXTRA_C
TRACE::2024-11-08.02:26:49::SCWMssOS::OMPILER_FLAGS=-g -ffunction-sections -fdata-sections -Wall -Wextra -fno-tree-loop-distribute-patterns"

TRACE::2024-11-08.02:26:50::SCWMssOS::"DEBUG NON_LTO_OBJECTS is ../../../lib/microblaze_interrupt_handler.o"

TRACE::2024-11-08.02:26:50::SCWMssOS::'Finished building libraries parallelly.'

TRACE::2024-11-08.02:26:50::SCWMssOS::make --no-print-directory archive

TRACE::2024-11-08.02:26:50::SCWMssOS::mb-ar -r  microblaze_0/lib/libxil.a microblaze_0/lib/_exit.o microblaze_0/lib/errno.o microblaze_0/lib/fcntl.o microblaze_0/lib
TRACE::2024-11-08.02:26:50::SCWMssOS::/hw_exception_handler.o microblaze_0/lib/inbyte.o microblaze_0/lib/microblaze_disable_dcache.o microblaze_0/lib/microblaze_disa
TRACE::2024-11-08.02:26:50::SCWMssOS::ble_exceptions.o microblaze_0/lib/microblaze_disable_icache.o microblaze_0/lib/microblaze_disable_interrupts.o microblaze_0/lib
TRACE::2024-11-08.02:26:50::SCWMssOS::/microblaze_enable_dcache.o microblaze_0/lib/microblaze_enable_exceptions.o microblaze_0/lib/microblaze_enable_icache.o microbl
TRACE::2024-11-08.02:26:50::SCWMssOS::aze_0/lib/microblaze_enable_interrupts.o microblaze_0/lib/microblaze_exception_handler.o microblaze_0/lib/microblaze_flush_cach
TRACE::2024-11-08.02:26:50::SCWMssOS::e_ext.o microblaze_0/lib/microblaze_flush_cache_ext_range.o microblaze_0/lib/microblaze_flush_dcache.o microblaze_0/lib/microbl
TRACE::2024-11-08.02:26:50::SCWMssOS::aze_flush_dcache_range.o microblaze_0/lib/microblaze_init_dcache_range.o microblaze_0/lib/microblaze_init_icache_range.o microb
TRACE::2024-11-08.02:26:50::SCWMssOS::laze_0/lib/microblaze_interrupt_handler.o microblaze_0/lib/microblaze_interrupts_g.o microblaze_0/lib/microblaze_invalidate_cac
TRACE::2024-11-08.02:26:50::SCWMssOS::he_ext.o microblaze_0/lib/microblaze_invalidate_cache_ext_range.o microblaze_0/lib/microblaze_invalidate_dcache.o microblaze_0/
TRACE::2024-11-08.02:26:50::SCWMssOS::lib/microblaze_invalidate_dcache_range.o microblaze_0/lib/microblaze_invalidate_icache.o microblaze_0/lib/microblaze_invalidate
TRACE::2024-11-08.02:26:50::SCWMssOS::_icache_range.o microblaze_0/lib/microblaze_scrub.o microblaze_0/lib/microblaze_selftest.o microblaze_0/lib/microblaze_sleep.o 
TRACE::2024-11-08.02:26:50::SCWMssOS::microblaze_0/lib/microblaze_update_dcache.o microblaze_0/lib/microblaze_update_icache.o microblaze_0/lib/outbyte.o microblaze_0
TRACE::2024-11-08.02:26:50::SCWMssOS::/lib/print.o microblaze_0/lib/pvr.o microblaze_0/lib/xbram.o microblaze_0/lib/xbram_g.o microblaze_0/lib/xbram_intr.o microblaz
TRACE::2024-11-08.02:26:50::SCWMssOS::e_0/lib/xbram_selftest.o microblaze_0/lib/xbram_sinit.o microblaze_0/lib/xil_assert.o microblaze_0/lib/xil_cache.o microblaze_0
TRACE::2024-11-08.02:26:50::SCWMssOS::/lib/xil_clocking.o microblaze_0/lib/xil_exception.o microblaze_0/lib/xil_mem.o microblaze_0/lib/xil_misc_psreset_api.o microbl
TRACE::2024-11-08.02:26:50::SCWMssOS::aze_0/lib/xil_printf.o microblaze_0/lib/xil_sleepcommon.o microblaze_0/lib/xil_testcache.o microblaze_0/lib/xil_testio.o microb
TRACE::2024-11-08.02:26:50::SCWMssOS::laze_0/lib/xil_testmem.o microblaze_0/lib/xil_util.o microblaze_0/lib/xintc.o microblaze_0/lib/xintc_g.o microblaze_0/lib/xintc
TRACE::2024-11-08.02:26:50::SCWMssOS::_intr.o microblaze_0/lib/xintc_l.o microblaze_0/lib/xintc_options.o microblaze_0/lib/xintc_selftest.o microblaze_0/lib/xinterru
TRACE::2024-11-08.02:26:50::SCWMssOS::pt_wrap.o microblaze_0/lib/xio.o microblaze_0/lib/xplatform_info.o microblaze_0/lib/xuartlite.o microblaze_0/lib/xuartlite_g.o 
TRACE::2024-11-08.02:26:50::SCWMssOS::microblaze_0/lib/xuartlite_intr.o microblaze_0/lib/xuartlite_l.o microblaze_0/lib/xuartlite_selftest.o microblaze_0/lib/xuartli
TRACE::2024-11-08.02:26:50::SCWMssOS::te_sinit.o microblaze_0/lib/xuartlite_stats.o

TRACE::2024-11-08.02:26:50::SCWMssOS::'Finished building libraries'

TRACE::2024-11-08.02:26:50::SCWMssOS:: Checking if to create the Supporting Applications
TRACE::2024-11-08.02:26:50::SCWMssOS:: No Linux domain exists, trying to generate FSBL 
LOG::2024-11-08.02:26:50::SCWSystem::Completed Processing the domain standalone_microblaze_0
LOG::2024-11-08.02:26:50::SCWSystem::Completed Processing the sysconfig mb_usb_hdmi_top
LOG::2024-11-08.02:26:50::SCWPlatform::Completed generating the artifacts for system configuration mb_usb_hdmi_top
TRACE::2024-11-08.02:26:50::SCWPlatform::Started preparing the platform 
TRACE::2024-11-08.02:26:50::SCWSystem::Writing the bif file for system config mb_usb_hdmi_top
TRACE::2024-11-08.02:26:50::SCWSystem::dir created 
TRACE::2024-11-08.02:26:50::SCWSystem::Writing the bif 
TRACE::2024-11-08.02:26:50::SCWPlatform::Started writing the spfm file 
TRACE::2024-11-08.02:26:50::SCWPlatform::Started writing the xpfm file 
TRACE::2024-11-08.02:26:50::SCWPlatform::Completed generating the platform
TRACE::2024-11-08.02:26:50::SCWMssOS::Saving the mss changes C:/Users/realk/Desktop/ece385/ECE385/lab7_2/try5_sdk/mb_usb_hdmi_top/microblaze_0/standalone_microblaze_0/bsp/system.mss
TRACE::2024-11-08.02:26:50::SCWMssOS::Adding the swdes entry, mss present, able to open swdb C:/Users/realk/Desktop/ece385/ECE385/lab7_2/try5_sdk/mb_usb_hdmi_top/microblaze_0/standalone_microblaze_0/bsp/system.mss with des name system
TRACE::2024-11-08.02:26:50::SCWMssOS::Writing the mss file completed C:/Users/realk/Desktop/ece385/ECE385/lab7_2/try5_sdk/mb_usb_hdmi_top/microblaze_0/standalone_microblaze_0/bsp/system.mss
TRACE::2024-11-08.02:26:50::SCWMssOS::Commit changes completed.
TRACE::2024-11-08.02:26:50::SCWPlatform::Trying to open the hw design at C:/Users/realk/Desktop/ece385/ECE385/lab7_2/try5_sdk/mb_usb_hdmi_top/hw/mb_usb_hdmi_top.xsa
TRACE::2024-11-08.02:26:50::SCWPlatform::DSA given C:/Users/realk/Desktop/ece385/ECE385/lab7_2/try5_sdk/mb_usb_hdmi_top/hw/mb_usb_hdmi_top.xsa
TRACE::2024-11-08.02:26:50::SCWPlatform::DSA absoulate path C:/Users/realk/Desktop/ece385/ECE385/lab7_2/try5_sdk/mb_usb_hdmi_top/hw/mb_usb_hdmi_top.xsa
TRACE::2024-11-08.02:26:50::SCWPlatform::DSA directory C:/Users/realk/Desktop/ece385/ECE385/lab7_2/try5_sdk/mb_usb_hdmi_top/hw
TRACE::2024-11-08.02:26:50::SCWPlatform:: Platform Path C:/Users/realk/Desktop/ece385/ECE385/lab7_2/try5_sdk/mb_usb_hdmi_top/hw/mb_usb_hdmi_top.xsa
TRACE::2024-11-08.02:26:50::SCWPlatform:: Unique name xilinx:::0.0
TRACE::2024-11-08.02:26:50::SCWPlatform::Trying to set the existing hwdb with name mb_usb_hdmi_top_4
TRACE::2024-11-08.02:26:50::SCWPlatform::Opened existing hwdb mb_usb_hdmi_top_4
TRACE::2024-11-08.02:26:50::SCWPlatform::Found the Hw Db part of the input DSA
TRACE::2024-11-08.02:26:50::SCWMssOS::Checking the sw design at  C:/Users/realk/Desktop/ece385/ECE385/lab7_2/try5_sdk/mb_usb_hdmi_top/microblaze_0/standalone_microblaze_0/bsp/system.mss
TRACE::2024-11-08.02:26:50::SCWMssOS::DEBUG:  swdes dump  C:/Users/realk/Desktop/ece385/ECE385/lab7_2/try5_sdk/mb_usb_hdmi_top/microblaze_0/standalone_microblaze_0/bsp/system.mss|system||

TRACE::2024-11-08.02:26:50::SCWMssOS::Sw design exists and opened at  C:/Users/realk/Desktop/ece385/ECE385/lab7_2/try5_sdk/mb_usb_hdmi_top/microblaze_0/standalone_microblaze_0/bsp/system.mss
TRACE::2024-11-08.02:26:50::SCWWriter::formatted JSON is {
	"platformName":	"mb_usb_hdmi_top",
	"sprVersion":	"2.0",
	"mode":	"gui",
	"dsaType":	"Fixed",
	"platformDesc":	"mb_usb_hdmi_top",
	"platHandOff":	"C:/Users/realk/Desktop/ece385/ECE385/lab7_2/mb_usb_hdmi_top.xsa",
	"platIntHandOff":	"<platformDir>/hw/mb_usb_hdmi_top.xsa",
	"deviceType":	"FPGA",
	"platIsPrebuiltAutogen":	"false",
	"platIsNoBootBsp":	"false",
	"hasFsblMakeHasChanges":	"false",
	"hasPmufwMakeHasChanges":	"false",
	"platPreBuiltFlag":	false,
	"platformSamplesDir":	"",
	"platActiveSys":	"mb_usb_hdmi_top",
	"systems":	[{
			"systemName":	"mb_usb_hdmi_top",
			"systemDesc":	"mb_usb_hdmi_top",
			"sysIsBootAutoGen":	"true",
			"systemDispName":	"mb_usb_hdmi_top",
			"sysActiveDom":	"standalone_microblaze_0",
			"sysDefaultDom":	"standalone_microblaze_0",
			"domains":	[{
					"domainName":	"standalone_microblaze_0",
					"domainDispName":	"standalone_microblaze_0",
					"domainDesc":	"standalone_microblaze_0",
					"processors":	"microblaze_0",
					"os":	"standalone",
					"sdxOs":	"standalone",
					"debugEnable":	"False",
					"domRuntimes":	["cpp"],
					"swRepo":	"",
					"mssOsVer":	"8.0",
					"mssFile":	"",
					"md5Digest":	"5422c1e5be4ae93f4de8c50507402f2a",
					"compatibleApp":	"",
					"domType":	"mssDomain",
					"arch":	"32-bit",
					"appSettings":	{
						"appCompilerFlags":	"",
						"appLinkerFlags":	""
					},
					"addedLibs":	[],
					"libOptions":	{
						"libsContainingOptions":	[]
					},
					"prebuiltLibs":	{
						"prebuiltIncPath":	[],
						"prebuiltLibPath":	[]
					},
					"isolation":	{
					}
				}]
		}]
}
KEYINFO::2024-11-08.02:26:50::SCWPlatform::updated the xpfm file.
TRACE::2024-11-08.02:26:51::SCWPlatform::Trying to open the hw design at C:/Users/realk/Desktop/ece385/ECE385/lab7_2/try5_sdk/mb_usb_hdmi_top/hw/mb_usb_hdmi_top.xsa
TRACE::2024-11-08.02:26:51::SCWPlatform::DSA given C:/Users/realk/Desktop/ece385/ECE385/lab7_2/try5_sdk/mb_usb_hdmi_top/hw/mb_usb_hdmi_top.xsa
TRACE::2024-11-08.02:26:51::SCWPlatform::DSA absoulate path C:/Users/realk/Desktop/ece385/ECE385/lab7_2/try5_sdk/mb_usb_hdmi_top/hw/mb_usb_hdmi_top.xsa
TRACE::2024-11-08.02:26:51::SCWPlatform::DSA directory C:/Users/realk/Desktop/ece385/ECE385/lab7_2/try5_sdk/mb_usb_hdmi_top/hw
TRACE::2024-11-08.02:26:51::SCWPlatform:: Platform Path C:/Users/realk/Desktop/ece385/ECE385/lab7_2/try5_sdk/mb_usb_hdmi_top/hw/mb_usb_hdmi_top.xsa
TRACE::2024-11-08.02:26:51::SCWPlatform:: Unique name xilinx:::0.0
TRACE::2024-11-08.02:26:51::SCWPlatform::Trying to set the existing hwdb with name mb_usb_hdmi_top_4
TRACE::2024-11-08.02:26:51::SCWPlatform::Opened existing hwdb mb_usb_hdmi_top_4
TRACE::2024-11-08.02:26:51::SCWPlatform::Found the Hw Db part of the input DSA
TRACE::2024-11-08.02:26:51::SCWMssOS::Checking the sw design at  C:/Users/realk/Desktop/ece385/ECE385/lab7_2/try5_sdk/mb_usb_hdmi_top/microblaze_0/standalone_microblaze_0/bsp/system.mss
TRACE::2024-11-08.02:26:51::SCWMssOS::DEBUG:  swdes dump  C:/Users/realk/Desktop/ece385/ECE385/lab7_2/try5_sdk/mb_usb_hdmi_top/microblaze_0/standalone_microblaze_0/bsp/system.mss|system||

TRACE::2024-11-08.02:26:51::SCWMssOS::Sw design exists and opened at  C:/Users/realk/Desktop/ece385/ECE385/lab7_2/try5_sdk/mb_usb_hdmi_top/microblaze_0/standalone_microblaze_0/bsp/system.mss
TRACE::2024-11-08.02:35:23::SCWPlatform::Clearing the existing platform
TRACE::2024-11-08.02:35:23::SCWSystem::Clearing the existing sysconfig
TRACE::2024-11-08.02:35:23::SCWMssOS::Removing the swdes entry for  C:/Users/realk/Desktop/ece385/ECE385/lab7_2/try5_sdk/mb_usb_hdmi_top/microblaze_0/standalone_microblaze_0/bsp/system.mss
TRACE::2024-11-08.02:35:23::SCWSystem::Clearing the domains completed.
TRACE::2024-11-08.02:35:23::SCWPlatform::Clearing the opened hw db.
TRACE::2024-11-08.02:35:23::SCWPlatform::DSA given C:/Users/realk/Desktop/ece385/ECE385/lab7_2/try5_sdk/mb_usb_hdmi_top/hw/mb_usb_hdmi_top.xsa
TRACE::2024-11-08.02:35:23::SCWPlatform::DSA absoulate path C:/Users/realk/Desktop/ece385/ECE385/lab7_2/try5_sdk/mb_usb_hdmi_top/hw/mb_usb_hdmi_top.xsa
TRACE::2024-11-08.02:35:23::SCWPlatform:: Platform location is C:/Users/realk/Desktop/ece385/ECE385/lab7_2/try5_sdk/mb_usb_hdmi_top/hw
TRACE::2024-11-08.02:35:23::SCWPlatform:: Platform Path C:/Users/realk/Desktop/ece385/ECE385/lab7_2/try5_sdk/mb_usb_hdmi_top/hw/mb_usb_hdmi_top.xsa
TRACE::2024-11-08.02:35:23::SCWPlatform:: Unique name xilinx:::0.0
TRACE::2024-11-08.02:35:23::SCWPlatform::Removing the HwDB with name C:/Users/realk/Desktop/ece385/ECE385/lab7_2/try5_sdk/mb_usb_hdmi_top/hw/mb_usb_hdmi_top.xsa
TRACE::2024-11-08.02:35:23::SCWPlatform::Trying to open the hw design at C:/Users/realk/Desktop/ece385/ECE385/lab7_2/try5_sdk/mb_usb_hdmi_top/hw/mb_usb_hdmi_top.xsa
TRACE::2024-11-08.02:35:23::SCWPlatform::DSA given C:/Users/realk/Desktop/ece385/ECE385/lab7_2/try5_sdk/mb_usb_hdmi_top/hw/mb_usb_hdmi_top.xsa
TRACE::2024-11-08.02:35:23::SCWPlatform::DSA absoulate path C:/Users/realk/Desktop/ece385/ECE385/lab7_2/try5_sdk/mb_usb_hdmi_top/hw/mb_usb_hdmi_top.xsa
TRACE::2024-11-08.02:35:23::SCWPlatform::DSA directory C:/Users/realk/Desktop/ece385/ECE385/lab7_2/try5_sdk/mb_usb_hdmi_top/hw
TRACE::2024-11-08.02:35:23::SCWPlatform:: Platform Path C:/Users/realk/Desktop/ece385/ECE385/lab7_2/try5_sdk/mb_usb_hdmi_top/hw/mb_usb_hdmi_top.xsa
TRACE::2024-11-08.02:35:23::SCWPlatform:: Unique name xilinx:::0.0
TRACE::2024-11-08.02:35:23::SCWPlatform::Do not have an existing db opened. 
TRACE::2024-11-08.02:35:24::SCWPlatform::Opened new HwDB with name mb_usb_hdmi_top_6
TRACE::2024-11-08.02:35:24::SCWReader::Active system found as  mb_usb_hdmi_top
TRACE::2024-11-08.02:35:24::SCWReader::Handling sysconfig mb_usb_hdmi_top
TRACE::2024-11-08.02:35:24::SCWDomain::checking for install qemu data   : 
TRACE::2024-11-08.02:35:24::SCWPlatform::Trying to open the hw design at C:/Users/realk/Desktop/ece385/ECE385/lab7_2/try5_sdk/mb_usb_hdmi_top/hw/mb_usb_hdmi_top.xsa
TRACE::2024-11-08.02:35:24::SCWPlatform::DSA given C:/Users/realk/Desktop/ece385/ECE385/lab7_2/try5_sdk/mb_usb_hdmi_top/hw/mb_usb_hdmi_top.xsa
TRACE::2024-11-08.02:35:24::SCWPlatform::DSA absoulate path C:/Users/realk/Desktop/ece385/ECE385/lab7_2/try5_sdk/mb_usb_hdmi_top/hw/mb_usb_hdmi_top.xsa
TRACE::2024-11-08.02:35:24::SCWPlatform::DSA directory C:/Users/realk/Desktop/ece385/ECE385/lab7_2/try5_sdk/mb_usb_hdmi_top/hw
TRACE::2024-11-08.02:35:24::SCWPlatform:: Platform Path C:/Users/realk/Desktop/ece385/ECE385/lab7_2/try5_sdk/mb_usb_hdmi_top/hw/mb_usb_hdmi_top.xsa
TRACE::2024-11-08.02:35:24::SCWPlatform:: Unique name xilinx:::0.0
TRACE::2024-11-08.02:35:24::SCWPlatform::Trying to set the existing hwdb with name mb_usb_hdmi_top_6
TRACE::2024-11-08.02:35:24::SCWPlatform::Opened existing hwdb mb_usb_hdmi_top_6
TRACE::2024-11-08.02:35:24::SCWPlatform::Found the Hw Db part of the input DSA
TRACE::2024-11-08.02:35:24::SCWPlatform::Trying to open the hw design at C:/Users/realk/Desktop/ece385/ECE385/lab7_2/try5_sdk/mb_usb_hdmi_top/hw/mb_usb_hdmi_top.xsa
TRACE::2024-11-08.02:35:24::SCWPlatform::DSA given C:/Users/realk/Desktop/ece385/ECE385/lab7_2/try5_sdk/mb_usb_hdmi_top/hw/mb_usb_hdmi_top.xsa
TRACE::2024-11-08.02:35:24::SCWPlatform::DSA absoulate path C:/Users/realk/Desktop/ece385/ECE385/lab7_2/try5_sdk/mb_usb_hdmi_top/hw/mb_usb_hdmi_top.xsa
TRACE::2024-11-08.02:35:24::SCWPlatform::DSA directory C:/Users/realk/Desktop/ece385/ECE385/lab7_2/try5_sdk/mb_usb_hdmi_top/hw
TRACE::2024-11-08.02:35:24::SCWPlatform:: Platform Path C:/Users/realk/Desktop/ece385/ECE385/lab7_2/try5_sdk/mb_usb_hdmi_top/hw/mb_usb_hdmi_top.xsa
TRACE::2024-11-08.02:35:24::SCWPlatform:: Unique name xilinx:::0.0
TRACE::2024-11-08.02:35:24::SCWPlatform::Trying to set the existing hwdb with name mb_usb_hdmi_top_6
TRACE::2024-11-08.02:35:24::SCWPlatform::Opened existing hwdb mb_usb_hdmi_top_6
TRACE::2024-11-08.02:35:24::SCWPlatform::Found the Hw Db part of the input DSA
TRACE::2024-11-08.02:35:24::SCWPlatform::Trying to open the hw design at C:/Users/realk/Desktop/ece385/ECE385/lab7_2/try5_sdk/mb_usb_hdmi_top/hw/mb_usb_hdmi_top.xsa
TRACE::2024-11-08.02:35:24::SCWPlatform::DSA given C:/Users/realk/Desktop/ece385/ECE385/lab7_2/try5_sdk/mb_usb_hdmi_top/hw/mb_usb_hdmi_top.xsa
TRACE::2024-11-08.02:35:24::SCWPlatform::DSA absoulate path C:/Users/realk/Desktop/ece385/ECE385/lab7_2/try5_sdk/mb_usb_hdmi_top/hw/mb_usb_hdmi_top.xsa
TRACE::2024-11-08.02:35:24::SCWPlatform::DSA directory C:/Users/realk/Desktop/ece385/ECE385/lab7_2/try5_sdk/mb_usb_hdmi_top/hw
TRACE::2024-11-08.02:35:24::SCWPlatform:: Platform Path C:/Users/realk/Desktop/ece385/ECE385/lab7_2/try5_sdk/mb_usb_hdmi_top/hw/mb_usb_hdmi_top.xsa
TRACE::2024-11-08.02:35:24::SCWPlatform:: Unique name xilinx:::0.0
TRACE::2024-11-08.02:35:24::SCWPlatform::Trying to set the existing hwdb with name mb_usb_hdmi_top_6
TRACE::2024-11-08.02:35:24::SCWPlatform::Opened existing hwdb mb_usb_hdmi_top_6
TRACE::2024-11-08.02:35:24::SCWPlatform::Found the Hw Db part of the input DSA
TRACE::2024-11-08.02:35:24::SCWPlatform::Trying to open the hw design at C:/Users/realk/Desktop/ece385/ECE385/lab7_2/try5_sdk/mb_usb_hdmi_top/hw/mb_usb_hdmi_top.xsa
TRACE::2024-11-08.02:35:24::SCWPlatform::DSA given C:/Users/realk/Desktop/ece385/ECE385/lab7_2/try5_sdk/mb_usb_hdmi_top/hw/mb_usb_hdmi_top.xsa
TRACE::2024-11-08.02:35:24::SCWPlatform::DSA absoulate path C:/Users/realk/Desktop/ece385/ECE385/lab7_2/try5_sdk/mb_usb_hdmi_top/hw/mb_usb_hdmi_top.xsa
TRACE::2024-11-08.02:35:24::SCWPlatform::DSA directory C:/Users/realk/Desktop/ece385/ECE385/lab7_2/try5_sdk/mb_usb_hdmi_top/hw
TRACE::2024-11-08.02:35:24::SCWPlatform:: Platform Path C:/Users/realk/Desktop/ece385/ECE385/lab7_2/try5_sdk/mb_usb_hdmi_top/hw/mb_usb_hdmi_top.xsa
TRACE::2024-11-08.02:35:24::SCWPlatform:: Unique name xilinx:::0.0
TRACE::2024-11-08.02:35:24::SCWPlatform::Trying to set the existing hwdb with name mb_usb_hdmi_top_6
TRACE::2024-11-08.02:35:24::SCWPlatform::Opened existing hwdb mb_usb_hdmi_top_6
TRACE::2024-11-08.02:35:24::SCWPlatform::Found the Hw Db part of the input DSA
TRACE::2024-11-08.02:35:24::SCWMssOS::Checking the sw design at  C:/Users/realk/Desktop/ece385/ECE385/lab7_2/try5_sdk/mb_usb_hdmi_top/microblaze_0/standalone_microblaze_0/bsp/system.mss
TRACE::2024-11-08.02:35:24::SCWMssOS::DEBUG:  swdes dump  
TRACE::2024-11-08.02:35:24::SCWMssOS::No sw design opened at  C:/Users/realk/Desktop/ece385/ECE385/lab7_2/try5_sdk/mb_usb_hdmi_top/microblaze_0/standalone_microblaze_0/bsp/system.mss
TRACE::2024-11-08.02:35:24::SCWMssOS::mss exists loading the mss file  C:/Users/realk/Desktop/ece385/ECE385/lab7_2/try5_sdk/mb_usb_hdmi_top/microblaze_0/standalone_microblaze_0/bsp/system.mss
TRACE::2024-11-08.02:35:24::SCWMssOS::Opened the sw design from mss  C:/Users/realk/Desktop/ece385/ECE385/lab7_2/try5_sdk/mb_usb_hdmi_top/microblaze_0/standalone_microblaze_0/bsp/system.mss
TRACE::2024-11-08.02:35:24::SCWMssOS::Adding the swdes entry C:/Users/realk/Desktop/ece385/ECE385/lab7_2/try5_sdk/mb_usb_hdmi_top/microblaze_0/standalone_microblaze_0/bsp/system.mss with des name system
TRACE::2024-11-08.02:35:24::SCWMssOS::updating the scw layer about changes
TRACE::2024-11-08.02:35:24::SCWMssOS::Opened the sw design.  C:/Users/realk/Desktop/ece385/ECE385/lab7_2/try5_sdk/mb_usb_hdmi_top/microblaze_0/standalone_microblaze_0/bsp/system.mss
TRACE::2024-11-08.02:35:24::SCWMssOS::Saving the mss changes C:/Users/realk/Desktop/ece385/ECE385/lab7_2/try5_sdk/mb_usb_hdmi_top/microblaze_0/standalone_microblaze_0/bsp/system.mss
TRACE::2024-11-08.02:35:24::SCWMssOS::Found a swdesign opened with the mssfile.
TRACE::2024-11-08.02:35:24::SCWMssOS::Completed writemss as part of save.
TRACE::2024-11-08.02:35:24::SCWMssOS::Commit changes completed.
TRACE::2024-11-08.02:35:24::SCWReader::Adding prebuilt librarypaths as   
TRACE::2024-11-08.02:35:24::SCWReader::Adding prebuilt incpaths  as   
TRACE::2024-11-08.02:35:24::SCWPlatform::Trying to open the hw design at C:/Users/realk/Desktop/ece385/ECE385/lab7_2/try5_sdk/mb_usb_hdmi_top/hw/mb_usb_hdmi_top.xsa
TRACE::2024-11-08.02:35:24::SCWPlatform::DSA given C:/Users/realk/Desktop/ece385/ECE385/lab7_2/try5_sdk/mb_usb_hdmi_top/hw/mb_usb_hdmi_top.xsa
TRACE::2024-11-08.02:35:24::SCWPlatform::DSA absoulate path C:/Users/realk/Desktop/ece385/ECE385/lab7_2/try5_sdk/mb_usb_hdmi_top/hw/mb_usb_hdmi_top.xsa
TRACE::2024-11-08.02:35:24::SCWPlatform::DSA directory C:/Users/realk/Desktop/ece385/ECE385/lab7_2/try5_sdk/mb_usb_hdmi_top/hw
TRACE::2024-11-08.02:35:24::SCWPlatform:: Platform Path C:/Users/realk/Desktop/ece385/ECE385/lab7_2/try5_sdk/mb_usb_hdmi_top/hw/mb_usb_hdmi_top.xsa
TRACE::2024-11-08.02:35:24::SCWPlatform:: Unique name xilinx:::0.0
TRACE::2024-11-08.02:35:24::SCWPlatform::Trying to set the existing hwdb with name mb_usb_hdmi_top_6
TRACE::2024-11-08.02:35:24::SCWPlatform::Opened existing hwdb mb_usb_hdmi_top_6
TRACE::2024-11-08.02:35:24::SCWPlatform::Found the Hw Db part of the input DSA
TRACE::2024-11-08.02:35:24::SCWMssOS::Checking the sw design at  C:/Users/realk/Desktop/ece385/ECE385/lab7_2/try5_sdk/mb_usb_hdmi_top/microblaze_0/standalone_microblaze_0/bsp/system.mss
TRACE::2024-11-08.02:35:24::SCWMssOS::DEBUG:  swdes dump  C:/Users/realk/Desktop/ece385/ECE385/lab7_2/try5_sdk/mb_usb_hdmi_top/microblaze_0/standalone_microblaze_0/bsp/system.mss|system||

TRACE::2024-11-08.02:35:24::SCWMssOS::Sw design exists and opened at  C:/Users/realk/Desktop/ece385/ECE385/lab7_2/try5_sdk/mb_usb_hdmi_top/microblaze_0/standalone_microblaze_0/bsp/system.mss
TRACE::2024-11-08.02:35:24::SCWReader::No isolation master present  
TRACE::2024-11-08.02:35:29::SCWPlatform::DSA given C:/Users/realk/Desktop/ece385/ECE385/lab7_2/try5_sdk/mb_usb_hdmi_top/tempdsa/mb_usb_hdmi_top.xsa
TRACE::2024-11-08.02:35:29::SCWPlatform::DSA absoulate path C:/Users/realk/Desktop/ece385/ECE385/lab7_2/try5_sdk/mb_usb_hdmi_top/tempdsa/mb_usb_hdmi_top.xsa
TRACE::2024-11-08.02:35:29::SCWPlatform:: Platform location is C:/Users/realk/Desktop/ece385/ECE385/lab7_2/try5_sdk/mb_usb_hdmi_top/tempdsa
TRACE::2024-11-08.02:35:29::SCWPlatform:: Platform Path C:/Users/realk/Desktop/ece385/ECE385/lab7_2/try5_sdk/mb_usb_hdmi_top/tempdsa/mb_usb_hdmi_top.xsa
TRACE::2024-11-08.02:35:29::SCWPlatform:: Unique name xilinx:::0.0
TRACE::2024-11-08.02:35:29::SCWPlatform::Found the Hw Db part of the input DSA
TRACE::2024-11-08.02:35:29::SCWMssOS::Doing hw sync for the mss in domain: standalone_microblaze_0
TRACE::2024-11-08.02:35:29::SCWPlatform::Trying to open the hw design at C:/Users/realk/Desktop/ece385/ECE385/lab7_2/try5_sdk/mb_usb_hdmi_top/hw/mb_usb_hdmi_top.xsa
TRACE::2024-11-08.02:35:29::SCWPlatform::DSA given C:/Users/realk/Desktop/ece385/ECE385/lab7_2/try5_sdk/mb_usb_hdmi_top/hw/mb_usb_hdmi_top.xsa
TRACE::2024-11-08.02:35:29::SCWPlatform::DSA absoulate path C:/Users/realk/Desktop/ece385/ECE385/lab7_2/try5_sdk/mb_usb_hdmi_top/hw/mb_usb_hdmi_top.xsa
TRACE::2024-11-08.02:35:29::SCWPlatform::DSA directory C:/Users/realk/Desktop/ece385/ECE385/lab7_2/try5_sdk/mb_usb_hdmi_top/hw
TRACE::2024-11-08.02:35:29::SCWPlatform:: Platform Path C:/Users/realk/Desktop/ece385/ECE385/lab7_2/try5_sdk/mb_usb_hdmi_top/hw/mb_usb_hdmi_top.xsa
TRACE::2024-11-08.02:35:29::SCWPlatform:: Unique name xilinx:::0.0
TRACE::2024-11-08.02:35:29::SCWPlatform::Trying to set the existing hwdb with name mb_usb_hdmi_top_6
TRACE::2024-11-08.02:35:29::SCWPlatform::Opened existing hwdb mb_usb_hdmi_top_6
TRACE::2024-11-08.02:35:29::SCWPlatform::Found the Hw Db part of the input DSA
TRACE::2024-11-08.02:35:29::SCWPlatform::Trying to open the hw design at C:/Users/realk/Desktop/ece385/ECE385/lab7_2/try5_sdk/mb_usb_hdmi_top/hw/mb_usb_hdmi_top.xsa
TRACE::2024-11-08.02:35:29::SCWPlatform::DSA given C:/Users/realk/Desktop/ece385/ECE385/lab7_2/try5_sdk/mb_usb_hdmi_top/hw/mb_usb_hdmi_top.xsa
TRACE::2024-11-08.02:35:29::SCWPlatform::DSA absoulate path C:/Users/realk/Desktop/ece385/ECE385/lab7_2/try5_sdk/mb_usb_hdmi_top/hw/mb_usb_hdmi_top.xsa
TRACE::2024-11-08.02:35:29::SCWPlatform::DSA directory C:/Users/realk/Desktop/ece385/ECE385/lab7_2/try5_sdk/mb_usb_hdmi_top/hw
TRACE::2024-11-08.02:35:29::SCWPlatform:: Platform Path C:/Users/realk/Desktop/ece385/ECE385/lab7_2/try5_sdk/mb_usb_hdmi_top/hw/mb_usb_hdmi_top.xsa
TRACE::2024-11-08.02:35:29::SCWPlatform:: Unique name xilinx:::0.0
TRACE::2024-11-08.02:35:29::SCWPlatform::Trying to set the existing hwdb with name mb_usb_hdmi_top_6
TRACE::2024-11-08.02:35:29::SCWPlatform::Opened existing hwdb mb_usb_hdmi_top_6
TRACE::2024-11-08.02:35:29::SCWPlatform::Found the Hw Db part of the input DSA
TRACE::2024-11-08.02:35:29::SCWMssOS::Checking the sw design at  C:/Users/realk/Desktop/ece385/ECE385/lab7_2/try5_sdk/mb_usb_hdmi_top/microblaze_0/standalone_microblaze_0/bsp/system.mss
TRACE::2024-11-08.02:35:29::SCWMssOS::DEBUG:  swdes dump  C:/Users/realk/Desktop/ece385/ECE385/lab7_2/try5_sdk/mb_usb_hdmi_top/microblaze_0/standalone_microblaze_0/bsp/system.mss|system||

TRACE::2024-11-08.02:35:29::SCWMssOS::Sw design exists and opened at  C:/Users/realk/Desktop/ece385/ECE385/lab7_2/try5_sdk/mb_usb_hdmi_top/microblaze_0/standalone_microblaze_0/bsp/system.mss
TRACE::2024-11-08.02:35:29::SCWPlatform::Trying to open the hw design at C:/Users/realk/Desktop/ece385/ECE385/lab7_2/try5_sdk/mb_usb_hdmi_top/tempdsa/mb_usb_hdmi_top.xsa
TRACE::2024-11-08.02:35:29::SCWPlatform::DSA given C:/Users/realk/Desktop/ece385/ECE385/lab7_2/try5_sdk/mb_usb_hdmi_top/tempdsa/mb_usb_hdmi_top.xsa
TRACE::2024-11-08.02:35:29::SCWPlatform::DSA absoulate path C:/Users/realk/Desktop/ece385/ECE385/lab7_2/try5_sdk/mb_usb_hdmi_top/tempdsa/mb_usb_hdmi_top.xsa
TRACE::2024-11-08.02:35:29::SCWPlatform::DSA directory C:/Users/realk/Desktop/ece385/ECE385/lab7_2/try5_sdk/mb_usb_hdmi_top/tempdsa
TRACE::2024-11-08.02:35:29::SCWPlatform:: Platform Path C:/Users/realk/Desktop/ece385/ECE385/lab7_2/try5_sdk/mb_usb_hdmi_top/tempdsa/mb_usb_hdmi_top.xsa
TRACE::2024-11-08.02:35:29::SCWPlatform:: Unique name xilinx:::0.0
TRACE::2024-11-08.02:35:29::SCWPlatform::update - Opened existing hwdb mb_usb_hdmi_top_7
TRACE::2024-11-08.02:35:29::SCWPlatform::Found the Hw Db part of the input DSA
TRACE::2024-11-08.02:35:29::SCWMssOS::Saving the mss changes C:/Users/realk/Desktop/ece385/ECE385/lab7_2/try5_sdk/mb_usb_hdmi_top/microblaze_0/standalone_microblaze_0/bsp/system.mss
TRACE::2024-11-08.02:35:29::SCWMssOS::Found a swdesign opened with the mssfile.
TRACE::2024-11-08.02:35:29::SCWMssOS::Completed writemss as part of save.
TRACE::2024-11-08.02:35:29::SCWMssOS::Commit changes completed.
TRACE::2024-11-08.02:35:29::SCWMssOS::Completed hw sync for the mss in domain: standalone_microblaze_0
TRACE::2024-11-08.02:35:29::SCWMssOS::Removing the swdes entry for  C:/Users/realk/Desktop/ece385/ECE385/lab7_2/try5_sdk/mb_usb_hdmi_top/microblaze_0/standalone_microblaze_0/bsp/system.mss
TRACE::2024-11-08.02:35:29::SCWPlatform::Trying to open the hw design at C:/Users/realk/Desktop/ece385/ECE385/lab7_2/try5_sdk/mb_usb_hdmi_top/hw/mb_usb_hdmi_top.xsa
TRACE::2024-11-08.02:35:29::SCWPlatform::DSA given C:/Users/realk/Desktop/ece385/ECE385/lab7_2/try5_sdk/mb_usb_hdmi_top/hw/mb_usb_hdmi_top.xsa
TRACE::2024-11-08.02:35:29::SCWPlatform::DSA absoulate path C:/Users/realk/Desktop/ece385/ECE385/lab7_2/try5_sdk/mb_usb_hdmi_top/hw/mb_usb_hdmi_top.xsa
TRACE::2024-11-08.02:35:29::SCWPlatform::DSA directory C:/Users/realk/Desktop/ece385/ECE385/lab7_2/try5_sdk/mb_usb_hdmi_top/hw
TRACE::2024-11-08.02:35:29::SCWPlatform:: Platform Path C:/Users/realk/Desktop/ece385/ECE385/lab7_2/try5_sdk/mb_usb_hdmi_top/hw/mb_usb_hdmi_top.xsa
TRACE::2024-11-08.02:35:29::SCWPlatform:: Unique name xilinx:::0.0
TRACE::2024-11-08.02:35:29::SCWPlatform::Do not have an existing db opened. 
TRACE::2024-11-08.02:35:29::SCWPlatform::Opened new HwDB with name mb_usb_hdmi_top_8
TRACE::2024-11-08.02:35:29::SCWMssOS::Saving the mss changes C:/Users/realk/Desktop/ece385/ECE385/lab7_2/try5_sdk/mb_usb_hdmi_top/microblaze_0/standalone_microblaze_0/bsp/system.mss
TRACE::2024-11-08.02:35:29::SCWMssOS::Adding the swdes entry, mss present, able to open swdb C:/Users/realk/Desktop/ece385/ECE385/lab7_2/try5_sdk/mb_usb_hdmi_top/microblaze_0/standalone_microblaze_0/bsp/system.mss with des name system
TRACE::2024-11-08.02:35:29::SCWMssOS::Writing the mss file completed C:/Users/realk/Desktop/ece385/ECE385/lab7_2/try5_sdk/mb_usb_hdmi_top/microblaze_0/standalone_microblaze_0/bsp/system.mss
TRACE::2024-11-08.02:35:29::SCWMssOS::Commit changes completed.
TRACE::2024-11-08.02:35:29::SCWPlatform::Trying to open the hw design at C:/Users/realk/Desktop/ece385/ECE385/lab7_2/try5_sdk/mb_usb_hdmi_top/hw/mb_usb_hdmi_top.xsa
TRACE::2024-11-08.02:35:29::SCWPlatform::DSA given C:/Users/realk/Desktop/ece385/ECE385/lab7_2/try5_sdk/mb_usb_hdmi_top/hw/mb_usb_hdmi_top.xsa
TRACE::2024-11-08.02:35:29::SCWPlatform::DSA absoulate path C:/Users/realk/Desktop/ece385/ECE385/lab7_2/try5_sdk/mb_usb_hdmi_top/hw/mb_usb_hdmi_top.xsa
TRACE::2024-11-08.02:35:29::SCWPlatform::DSA directory C:/Users/realk/Desktop/ece385/ECE385/lab7_2/try5_sdk/mb_usb_hdmi_top/hw
TRACE::2024-11-08.02:35:29::SCWPlatform:: Platform Path C:/Users/realk/Desktop/ece385/ECE385/lab7_2/try5_sdk/mb_usb_hdmi_top/hw/mb_usb_hdmi_top.xsa
TRACE::2024-11-08.02:35:29::SCWPlatform:: Unique name xilinx:::0.0
TRACE::2024-11-08.02:35:29::SCWPlatform::Trying to set the existing hwdb with name mb_usb_hdmi_top_8
TRACE::2024-11-08.02:35:29::SCWPlatform::Opened existing hwdb mb_usb_hdmi_top_8
TRACE::2024-11-08.02:35:29::SCWPlatform::Found the Hw Db part of the input DSA
TRACE::2024-11-08.02:35:29::SCWMssOS::Checking the sw design at  C:/Users/realk/Desktop/ece385/ECE385/lab7_2/try5_sdk/mb_usb_hdmi_top/microblaze_0/standalone_microblaze_0/bsp/system.mss
TRACE::2024-11-08.02:35:29::SCWMssOS::DEBUG:  swdes dump  C:/Users/realk/Desktop/ece385/ECE385/lab7_2/try5_sdk/mb_usb_hdmi_top/microblaze_0/standalone_microblaze_0/bsp/system.mss|system||

TRACE::2024-11-08.02:35:29::SCWMssOS::Sw design exists and opened at  C:/Users/realk/Desktop/ece385/ECE385/lab7_2/try5_sdk/mb_usb_hdmi_top/microblaze_0/standalone_microblaze_0/bsp/system.mss
TRACE::2024-11-08.02:35:29::SCWWriter::formatted JSON is {
	"platformName":	"mb_usb_hdmi_top",
	"sprVersion":	"2.0",
	"mode":	"gui",
	"dsaType":	"Fixed",
	"platformDesc":	"mb_usb_hdmi_top",
	"platHandOff":	"C:/Users/realk/Desktop/ece385/ECE385/lab7_2/mb_usb_hdmi_top.xsa",
	"platIntHandOff":	"<platformDir>/hw/mb_usb_hdmi_top.xsa",
	"deviceType":	"FPGA",
	"platIsPrebuiltAutogen":	"false",
	"platIsNoBootBsp":	"false",
	"hasFsblMakeHasChanges":	"false",
	"hasPmufwMakeHasChanges":	"false",
	"platPreBuiltFlag":	false,
	"platformSamplesDir":	"",
	"platActiveSys":	"mb_usb_hdmi_top",
	"systems":	[{
			"systemName":	"mb_usb_hdmi_top",
			"systemDesc":	"mb_usb_hdmi_top",
			"sysIsBootAutoGen":	"true",
			"systemDispName":	"mb_usb_hdmi_top",
			"sysActiveDom":	"standalone_microblaze_0",
			"sysDefaultDom":	"standalone_microblaze_0",
			"domains":	[{
					"domainName":	"standalone_microblaze_0",
					"domainDispName":	"standalone_microblaze_0",
					"domainDesc":	"standalone_microblaze_0",
					"processors":	"microblaze_0",
					"os":	"standalone",
					"sdxOs":	"standalone",
					"debugEnable":	"False",
					"domRuntimes":	["cpp"],
					"swRepo":	"",
					"mssOsVer":	"8.0",
					"mssFile":	"",
					"md5Digest":	"5422c1e5be4ae93f4de8c50507402f2a1",
					"compatibleApp":	"",
					"domType":	"mssDomain",
					"arch":	"32-bit",
					"appSettings":	{
						"appCompilerFlags":	"",
						"appLinkerFlags":	""
					},
					"addedLibs":	[],
					"libOptions":	{
						"libsContainingOptions":	[]
					},
					"prebuiltLibs":	{
						"prebuiltIncPath":	[],
						"prebuiltLibPath":	[]
					},
					"isolation":	{
					}
				}]
		}]
}
TRACE::2024-11-08.02:35:36::SCWMssOS::cleaning the bsp 
TRACE::2024-11-08.02:35:36::SCWMssOS::System Command Ran  C: & cd  C:/Users/realk/Desktop/ece385/ECE385/lab7_2/try5_sdk/mb_usb_hdmi_top/microblaze_0/standalone_microblaze_0/bsp & make clean 
TRACE::2024-11-08.02:35:36::SCWMssOS::make -C microblaze_0/libsrc/bram_v4_8/src -s clean 

TRACE::2024-11-08.02:35:36::SCWMssOS::make -C microblaze_0/libsrc/cpu_v2_16/src -s clean 

TRACE::2024-11-08.02:35:37::SCWMssOS::make -C microblaze_0/libsrc/intc_v3_15/src -s clean 

TRACE::2024-11-08.02:35:37::SCWMssOS::make -C microblaze_0/libsrc/standalone_v8_0/src -s clean 

TRACE::2024-11-08.02:35:37::SCWMssOS::make -C microblaze_0/libsrc/uartlite_v3_7/src -s clean 

TRACE::2024-11-08.02:35:37::SCWMssOS::rm -f microblaze_0/lib/libxil.a

TRACE::2024-11-08.02:35:46::SCWMssOS::cleaning the bsp 
TRACE::2024-11-08.02:35:46::SCWMssOS::System Command Ran  C: & cd  C:/Users/realk/Desktop/ece385/ECE385/lab7_2/try5_sdk/mb_usb_hdmi_top/microblaze_0/standalone_microblaze_0/bsp & make clean 
TRACE::2024-11-08.02:35:46::SCWMssOS::make -C microblaze_0/libsrc/bram_v4_8/src -s clean 

TRACE::2024-11-08.02:35:46::SCWMssOS::make -C microblaze_0/libsrc/cpu_v2_16/src -s clean 

TRACE::2024-11-08.02:35:46::SCWMssOS::make -C microblaze_0/libsrc/intc_v3_15/src -s clean 

TRACE::2024-11-08.02:35:46::SCWMssOS::make -C microblaze_0/libsrc/standalone_v8_0/src -s clean 

TRACE::2024-11-08.02:35:46::SCWMssOS::make -C microblaze_0/libsrc/uartlite_v3_7/src -s clean 

TRACE::2024-11-08.02:35:46::SCWMssOS::rm -f microblaze_0/lib/libxil.a

LOG::2024-11-08.02:35:57::SCWPlatform::Started generating the artifacts platform mb_usb_hdmi_top
TRACE::2024-11-08.02:35:57::SCWPlatform::Sanity checking of platform is completed
LOG::2024-11-08.02:35:57::SCWPlatform::Started generating the artifacts for system configuration mb_usb_hdmi_top
LOG::2024-11-08.02:35:57::SCWSystem::Checking the domain standalone_microblaze_0
LOG::2024-11-08.02:35:57::SCWSystem::Not a boot domain 
LOG::2024-11-08.02:35:57::SCWSystem::Started Processing the domain standalone_microblaze_0
TRACE::2024-11-08.02:35:57::SCWDomain::Generating domain artifcats
TRACE::2024-11-08.02:35:57::SCWMssOS::Generating standalone artifcats
TRACE::2024-11-08.02:35:57::SCWMssOS:: Copying the user libraries. 
TRACE::2024-11-08.02:35:57::SCWPlatform::Trying to open the hw design at C:/Users/realk/Desktop/ece385/ECE385/lab7_2/try5_sdk/mb_usb_hdmi_top/hw/mb_usb_hdmi_top.xsa
TRACE::2024-11-08.02:35:57::SCWPlatform::DSA given C:/Users/realk/Desktop/ece385/ECE385/lab7_2/try5_sdk/mb_usb_hdmi_top/hw/mb_usb_hdmi_top.xsa
TRACE::2024-11-08.02:35:57::SCWPlatform::DSA absoulate path C:/Users/realk/Desktop/ece385/ECE385/lab7_2/try5_sdk/mb_usb_hdmi_top/hw/mb_usb_hdmi_top.xsa
TRACE::2024-11-08.02:35:57::SCWPlatform::DSA directory C:/Users/realk/Desktop/ece385/ECE385/lab7_2/try5_sdk/mb_usb_hdmi_top/hw
TRACE::2024-11-08.02:35:57::SCWPlatform:: Platform Path C:/Users/realk/Desktop/ece385/ECE385/lab7_2/try5_sdk/mb_usb_hdmi_top/hw/mb_usb_hdmi_top.xsa
TRACE::2024-11-08.02:35:57::SCWPlatform:: Unique name xilinx:::0.0
TRACE::2024-11-08.02:35:57::SCWPlatform::Trying to set the existing hwdb with name mb_usb_hdmi_top_8
TRACE::2024-11-08.02:35:57::SCWPlatform::Opened existing hwdb mb_usb_hdmi_top_8
TRACE::2024-11-08.02:35:57::SCWPlatform::Found the Hw Db part of the input DSA
TRACE::2024-11-08.02:35:57::SCWMssOS::Checking the sw design at  C:/Users/realk/Desktop/ece385/ECE385/lab7_2/try5_sdk/mb_usb_hdmi_top/microblaze_0/standalone_microblaze_0/bsp/system.mss
TRACE::2024-11-08.02:35:57::SCWMssOS::DEBUG:  swdes dump  C:/Users/realk/Desktop/ece385/ECE385/lab7_2/try5_sdk/mb_usb_hdmi_top/microblaze_0/standalone_microblaze_0/bsp/system.mss|system||

TRACE::2024-11-08.02:35:57::SCWMssOS::Sw design exists and opened at  C:/Users/realk/Desktop/ece385/ECE385/lab7_2/try5_sdk/mb_usb_hdmi_top/microblaze_0/standalone_microblaze_0/bsp/system.mss
TRACE::2024-11-08.02:35:57::SCWMssOS::Completed writing the mss file at C:/Users/realk/Desktop/ece385/ECE385/lab7_2/try5_sdk/mb_usb_hdmi_top/microblaze_0/standalone_microblaze_0/bsp
TRACE::2024-11-08.02:35:57::SCWMssOS::Mss edits present, copying mssfile into export location C:/Users/realk/Desktop/ece385/ECE385/lab7_2/try5_sdk/mb_usb_hdmi_top/microblaze_0/standalone_microblaze_0/bsp/system.mss
TRACE::2024-11-08.02:35:57::SCWMssOS::bsp generated is stale removing and regenerating. 
TRACE::2024-11-08.02:35:58::SCWMssOS::doing bsp build ... 
TRACE::2024-11-08.02:35:58::SCWMssOS::System Command Ran  C: & cd  C:/Users/realk/Desktop/ece385/ECE385/lab7_2/try5_sdk/mb_usb_hdmi_top/microblaze_0/standalone_microblaze_0/bsp & make 
TRACE::2024-11-08.02:35:58::SCWMssOS::make --no-print-directory seq_libs

TRACE::2024-11-08.02:35:58::SCWMssOS::'Finished building libraries sequentially.'

TRACE::2024-11-08.02:35:58::SCWMssOS::make -j 14 --no-print-directory par_libs

TRACE::2024-11-08.02:35:58::SCWMssOS::"Running Make include in microblaze_0/libsrc/bram_v4_8/src"

TRACE::2024-11-08.02:35:58::SCWMssOS::make -C microblaze_0/libsrc/bram_v4_8/src -s include  "SHELL=CMD" "COMPILER=mb-gcc" "ASSEMBLER=mb-as" "ARCHIVER=mb-ar" "COMPILE
TRACE::2024-11-08.02:35:58::SCWMssOS::R_FLAGS=  -O2 -c -mcpu=v11.0 -mlittle-endian -mno-xl-reorder -mno-xl-soft-mul -mxl-barrel-shift -mxl-pattern-compare" "EXTRA_CO
TRACE::2024-11-08.02:35:58::SCWMssOS::MPILER_FLAGS=-g -ffunction-sections -fdata-sections -Wall -Wextra -fno-tree-loop-distribute-patterns"

TRACE::2024-11-08.02:35:58::SCWMssOS::"Running Make include in microblaze_0/libsrc/cpu_v2_16/src"

TRACE::2024-11-08.02:35:58::SCWMssOS::make -C microblaze_0/libsrc/cpu_v2_16/src -s include  "SHELL=CMD" "COMPILER=mb-gcc" "ASSEMBLER=mb-as" "ARCHIVER=mb-ar" "COMPILE
TRACE::2024-11-08.02:35:58::SCWMssOS::R_FLAGS=  -O2 -c -mcpu=v11.0 -mlittle-endian -mno-xl-reorder -mno-xl-soft-mul -mxl-barrel-shift -mxl-pattern-compare" "EXTRA_CO
TRACE::2024-11-08.02:35:58::SCWMssOS::MPILER_FLAGS=-g -ffunction-sections -fdata-sections -Wall -Wextra -fno-tree-loop-distribute-patterns"

TRACE::2024-11-08.02:35:58::SCWMssOS::"Running Make include in microblaze_0/libsrc/intc_v3_15/src"

TRACE::2024-11-08.02:35:58::SCWMssOS::make -C microblaze_0/libsrc/intc_v3_15/src -s include  "SHELL=CMD" "COMPILER=mb-gcc" "ASSEMBLER=mb-as" "ARCHIVER=mb-ar" "COMPIL
TRACE::2024-11-08.02:35:58::SCWMssOS::ER_FLAGS=  -O2 -c -mcpu=v11.0 -mlittle-endian -mno-xl-reorder -mno-xl-soft-mul -mxl-barrel-shift -mxl-pattern-compare" "EXTRA_C
TRACE::2024-11-08.02:35:58::SCWMssOS::OMPILER_FLAGS=-g -ffunction-sections -fdata-sections -Wall -Wextra -fno-tree-loop-distribute-patterns"

TRACE::2024-11-08.02:35:58::SCWMssOS::"Running Make include in microblaze_0/libsrc/standalone_v8_0/src"

TRACE::2024-11-08.02:35:58::SCWMssOS::make -C microblaze_0/libsrc/standalone_v8_0/src -s include  "SHELL=CMD" "COMPILER=mb-gcc" "ASSEMBLER=mb-as" "ARCHIVER=mb-ar" "C
TRACE::2024-11-08.02:35:58::SCWMssOS::OMPILER_FLAGS=  -O2 -c -mcpu=v11.0 -mlittle-endian -mno-xl-reorder -mno-xl-soft-mul -mxl-barrel-shift -mxl-pattern-compare" "EX
TRACE::2024-11-08.02:35:58::SCWMssOS::TRA_COMPILER_FLAGS=-g -ffunction-sections -fdata-sections -Wall -Wextra -fno-tree-loop-distribute-patterns"

TRACE::2024-11-08.02:35:58::SCWMssOS::"Running Make include in microblaze_0/libsrc/uartlite_v3_7/src"

TRACE::2024-11-08.02:35:58::SCWMssOS::make -C microblaze_0/libsrc/uartlite_v3_7/src -s include  "SHELL=CMD" "COMPILER=mb-gcc" "ASSEMBLER=mb-as" "ARCHIVER=mb-ar" "COM
TRACE::2024-11-08.02:35:58::SCWMssOS::PILER_FLAGS=  -O2 -c -mcpu=v11.0 -mlittle-endian -mno-xl-reorder -mno-xl-soft-mul -mxl-barrel-shift -mxl-pattern-compare" "EXTR
TRACE::2024-11-08.02:35:58::SCWMssOS::A_COMPILER_FLAGS=-g -ffunction-sections -fdata-sections -Wall -Wextra -fno-tree-loop-distribute-patterns"

TRACE::2024-11-08.02:35:59::SCWMssOS::"Running Make libs in microblaze_0/libsrc/bram_v4_8/src"

TRACE::2024-11-08.02:35:59::SCWMssOS::make -C microblaze_0/libsrc/bram_v4_8/src -s libs  "SHELL=CMD" "COMPILER=mb-gcc" "ASSEMBLER=mb-as" "ARCHIVER=mb-ar" "COMPILER_F
TRACE::2024-11-08.02:35:59::SCWMssOS::LAGS=  -O2 -c -mcpu=v11.0 -mlittle-endian -mno-xl-reorder -mno-xl-soft-mul -mxl-barrel-shift -mxl-pattern-compare" "EXTRA_COMPI
TRACE::2024-11-08.02:35:59::SCWMssOS::LER_FLAGS=-g -ffunction-sections -fdata-sections -Wall -Wextra -fno-tree-loop-distribute-patterns"

TRACE::2024-11-08.02:35:59::SCWMssOS::"Running Make libs in microblaze_0/libsrc/cpu_v2_16/src"

TRACE::2024-11-08.02:35:59::SCWMssOS::make -C microblaze_0/libsrc/cpu_v2_16/src -s libs  "SHELL=CMD" "COMPILER=mb-gcc" "ASSEMBLER=mb-as" "ARCHIVER=mb-ar" "COMPILER_F
TRACE::2024-11-08.02:35:59::SCWMssOS::LAGS=  -O2 -c -mcpu=v11.0 -mlittle-endian -mno-xl-reorder -mno-xl-soft-mul -mxl-barrel-shift -mxl-pattern-compare" "EXTRA_COMPI
TRACE::2024-11-08.02:35:59::SCWMssOS::LER_FLAGS=-g -ffunction-sections -fdata-sections -Wall -Wextra -fno-tree-loop-distribute-patterns"

TRACE::2024-11-08.02:35:59::SCWMssOS::"Running Make libs in microblaze_0/libsrc/intc_v3_15/src"

TRACE::2024-11-08.02:35:59::SCWMssOS::make -C microblaze_0/libsrc/intc_v3_15/src -s libs  "SHELL=CMD" "COMPILER=mb-gcc" "ASSEMBLER=mb-as" "ARCHIVER=mb-ar" "COMPILER_
TRACE::2024-11-08.02:35:59::SCWMssOS::FLAGS=  -O2 -c -mcpu=v11.0 -mlittle-endian -mno-xl-reorder -mno-xl-soft-mul -mxl-barrel-shift -mxl-pattern-compare" "EXTRA_COMP
TRACE::2024-11-08.02:35:59::SCWMssOS::ILER_FLAGS=-g -ffunction-sections -fdata-sections -Wall -Wextra -fno-tree-loop-distribute-patterns"

TRACE::2024-11-08.02:35:59::SCWMssOS::"Running Make libs in microblaze_0/libsrc/standalone_v8_0/src"

TRACE::2024-11-08.02:35:59::SCWMssOS::make -C microblaze_0/libsrc/standalone_v8_0/src -s libs  "SHELL=CMD" "COMPILER=mb-gcc" "ASSEMBLER=mb-as" "ARCHIVER=mb-ar" "COMP
TRACE::2024-11-08.02:35:59::SCWMssOS::ILER_FLAGS=  -O2 -c -mcpu=v11.0 -mlittle-endian -mno-xl-reorder -mno-xl-soft-mul -mxl-barrel-shift -mxl-pattern-compare" "EXTRA
TRACE::2024-11-08.02:35:59::SCWMssOS::_COMPILER_FLAGS=-g -ffunction-sections -fdata-sections -Wall -Wextra -fno-tree-loop-distribute-patterns"

TRACE::2024-11-08.02:35:59::SCWMssOS::"Running Make libs in microblaze_0/libsrc/uartlite_v3_7/src"

TRACE::2024-11-08.02:35:59::SCWMssOS::make -C microblaze_0/libsrc/uartlite_v3_7/src -s libs  "SHELL=CMD" "COMPILER=mb-gcc" "ASSEMBLER=mb-as" "ARCHIVER=mb-ar" "COMPIL
TRACE::2024-11-08.02:35:59::SCWMssOS::ER_FLAGS=  -O2 -c -mcpu=v11.0 -mlittle-endian -mno-xl-reorder -mno-xl-soft-mul -mxl-barrel-shift -mxl-pattern-compare" "EXTRA_C
TRACE::2024-11-08.02:35:59::SCWMssOS::OMPILER_FLAGS=-g -ffunction-sections -fdata-sections -Wall -Wextra -fno-tree-loop-distribute-patterns"

TRACE::2024-11-08.02:36:00::SCWMssOS::"DEBUG NON_LTO_OBJECTS is ../../../lib/microblaze_interrupt_handler.o"

TRACE::2024-11-08.02:36:00::SCWMssOS::'Finished building libraries parallelly.'

TRACE::2024-11-08.02:36:00::SCWMssOS::make --no-print-directory archive

TRACE::2024-11-08.02:36:00::SCWMssOS::mb-ar -r  microblaze_0/lib/libxil.a microblaze_0/lib/_exit.o microblaze_0/lib/errno.o microblaze_0/lib/fcntl.o microblaze_0/lib
TRACE::2024-11-08.02:36:00::SCWMssOS::/hw_exception_handler.o microblaze_0/lib/inbyte.o microblaze_0/lib/microblaze_disable_dcache.o microblaze_0/lib/microblaze_disa
TRACE::2024-11-08.02:36:00::SCWMssOS::ble_exceptions.o microblaze_0/lib/microblaze_disable_icache.o microblaze_0/lib/microblaze_disable_interrupts.o microblaze_0/lib
TRACE::2024-11-08.02:36:00::SCWMssOS::/microblaze_enable_dcache.o microblaze_0/lib/microblaze_enable_exceptions.o microblaze_0/lib/microblaze_enable_icache.o microbl
TRACE::2024-11-08.02:36:00::SCWMssOS::aze_0/lib/microblaze_enable_interrupts.o microblaze_0/lib/microblaze_exception_handler.o microblaze_0/lib/microblaze_flush_cach
TRACE::2024-11-08.02:36:00::SCWMssOS::e_ext.o microblaze_0/lib/microblaze_flush_cache_ext_range.o microblaze_0/lib/microblaze_flush_dcache.o microblaze_0/lib/microbl
TRACE::2024-11-08.02:36:00::SCWMssOS::aze_flush_dcache_range.o microblaze_0/lib/microblaze_init_dcache_range.o microblaze_0/lib/microblaze_init_icache_range.o microb
TRACE::2024-11-08.02:36:00::SCWMssOS::laze_0/lib/microblaze_interrupt_handler.o microblaze_0/lib/microblaze_interrupts_g.o microblaze_0/lib/microblaze_invalidate_cac
TRACE::2024-11-08.02:36:00::SCWMssOS::he_ext.o microblaze_0/lib/microblaze_invalidate_cache_ext_range.o microblaze_0/lib/microblaze_invalidate_dcache.o microblaze_0/
TRACE::2024-11-08.02:36:00::SCWMssOS::lib/microblaze_invalidate_dcache_range.o microblaze_0/lib/microblaze_invalidate_icache.o microblaze_0/lib/microblaze_invalidate
TRACE::2024-11-08.02:36:00::SCWMssOS::_icache_range.o microblaze_0/lib/microblaze_scrub.o microblaze_0/lib/microblaze_selftest.o microblaze_0/lib/microblaze_sleep.o 
TRACE::2024-11-08.02:36:00::SCWMssOS::microblaze_0/lib/microblaze_update_dcache.o microblaze_0/lib/microblaze_update_icache.o microblaze_0/lib/outbyte.o microblaze_0
TRACE::2024-11-08.02:36:00::SCWMssOS::/lib/print.o microblaze_0/lib/pvr.o microblaze_0/lib/xbram.o microblaze_0/lib/xbram_g.o microblaze_0/lib/xbram_intr.o microblaz
TRACE::2024-11-08.02:36:00::SCWMssOS::e_0/lib/xbram_selftest.o microblaze_0/lib/xbram_sinit.o microblaze_0/lib/xil_assert.o microblaze_0/lib/xil_cache.o microblaze_0
TRACE::2024-11-08.02:36:00::SCWMssOS::/lib/xil_clocking.o microblaze_0/lib/xil_exception.o microblaze_0/lib/xil_mem.o microblaze_0/lib/xil_misc_psreset_api.o microbl
TRACE::2024-11-08.02:36:00::SCWMssOS::aze_0/lib/xil_printf.o microblaze_0/lib/xil_sleepcommon.o microblaze_0/lib/xil_testcache.o microblaze_0/lib/xil_testio.o microb
TRACE::2024-11-08.02:36:00::SCWMssOS::laze_0/lib/xil_testmem.o microblaze_0/lib/xil_util.o microblaze_0/lib/xintc.o microblaze_0/lib/xintc_g.o microblaze_0/lib/xintc
TRACE::2024-11-08.02:36:00::SCWMssOS::_intr.o microblaze_0/lib/xintc_l.o microblaze_0/lib/xintc_options.o microblaze_0/lib/xintc_selftest.o microblaze_0/lib/xinterru
TRACE::2024-11-08.02:36:00::SCWMssOS::pt_wrap.o microblaze_0/lib/xio.o microblaze_0/lib/xplatform_info.o microblaze_0/lib/xuartlite.o microblaze_0/lib/xuartlite_g.o 
TRACE::2024-11-08.02:36:00::SCWMssOS::microblaze_0/lib/xuartlite_intr.o microblaze_0/lib/xuartlite_l.o microblaze_0/lib/xuartlite_selftest.o microblaze_0/lib/xuartli
TRACE::2024-11-08.02:36:00::SCWMssOS::te_sinit.o microblaze_0/lib/xuartlite_stats.o

TRACE::2024-11-08.02:36:01::SCWMssOS::'Finished building libraries'

TRACE::2024-11-08.02:36:01::SCWMssOS:: Checking if to create the Supporting Applications
TRACE::2024-11-08.02:36:01::SCWMssOS:: No Linux domain exists, trying to generate FSBL 
LOG::2024-11-08.02:36:01::SCWSystem::Completed Processing the domain standalone_microblaze_0
LOG::2024-11-08.02:36:01::SCWSystem::Completed Processing the sysconfig mb_usb_hdmi_top
LOG::2024-11-08.02:36:01::SCWPlatform::Completed generating the artifacts for system configuration mb_usb_hdmi_top
TRACE::2024-11-08.02:36:01::SCWPlatform::Started preparing the platform 
TRACE::2024-11-08.02:36:01::SCWSystem::Writing the bif file for system config mb_usb_hdmi_top
TRACE::2024-11-08.02:36:01::SCWSystem::dir created 
TRACE::2024-11-08.02:36:01::SCWSystem::Writing the bif 
TRACE::2024-11-08.02:36:01::SCWPlatform::Started writing the spfm file 
TRACE::2024-11-08.02:36:01::SCWPlatform::Started writing the xpfm file 
TRACE::2024-11-08.02:36:01::SCWPlatform::Completed generating the platform
TRACE::2024-11-08.02:36:01::SCWMssOS::Saving the mss changes C:/Users/realk/Desktop/ece385/ECE385/lab7_2/try5_sdk/mb_usb_hdmi_top/microblaze_0/standalone_microblaze_0/bsp/system.mss
TRACE::2024-11-08.02:36:01::SCWMssOS::Adding the swdes entry, mss present, able to open swdb C:/Users/realk/Desktop/ece385/ECE385/lab7_2/try5_sdk/mb_usb_hdmi_top/microblaze_0/standalone_microblaze_0/bsp/system.mss with des name system
TRACE::2024-11-08.02:36:01::SCWMssOS::Writing the mss file completed C:/Users/realk/Desktop/ece385/ECE385/lab7_2/try5_sdk/mb_usb_hdmi_top/microblaze_0/standalone_microblaze_0/bsp/system.mss
TRACE::2024-11-08.02:36:01::SCWMssOS::Commit changes completed.
TRACE::2024-11-08.02:36:01::SCWPlatform::Trying to open the hw design at C:/Users/realk/Desktop/ece385/ECE385/lab7_2/try5_sdk/mb_usb_hdmi_top/hw/mb_usb_hdmi_top.xsa
TRACE::2024-11-08.02:36:01::SCWPlatform::DSA given C:/Users/realk/Desktop/ece385/ECE385/lab7_2/try5_sdk/mb_usb_hdmi_top/hw/mb_usb_hdmi_top.xsa
TRACE::2024-11-08.02:36:01::SCWPlatform::DSA absoulate path C:/Users/realk/Desktop/ece385/ECE385/lab7_2/try5_sdk/mb_usb_hdmi_top/hw/mb_usb_hdmi_top.xsa
TRACE::2024-11-08.02:36:01::SCWPlatform::DSA directory C:/Users/realk/Desktop/ece385/ECE385/lab7_2/try5_sdk/mb_usb_hdmi_top/hw
TRACE::2024-11-08.02:36:01::SCWPlatform:: Platform Path C:/Users/realk/Desktop/ece385/ECE385/lab7_2/try5_sdk/mb_usb_hdmi_top/hw/mb_usb_hdmi_top.xsa
TRACE::2024-11-08.02:36:01::SCWPlatform:: Unique name xilinx:::0.0
TRACE::2024-11-08.02:36:01::SCWPlatform::Trying to set the existing hwdb with name mb_usb_hdmi_top_8
TRACE::2024-11-08.02:36:01::SCWPlatform::Opened existing hwdb mb_usb_hdmi_top_8
TRACE::2024-11-08.02:36:01::SCWPlatform::Found the Hw Db part of the input DSA
TRACE::2024-11-08.02:36:01::SCWMssOS::Checking the sw design at  C:/Users/realk/Desktop/ece385/ECE385/lab7_2/try5_sdk/mb_usb_hdmi_top/microblaze_0/standalone_microblaze_0/bsp/system.mss
TRACE::2024-11-08.02:36:01::SCWMssOS::DEBUG:  swdes dump  C:/Users/realk/Desktop/ece385/ECE385/lab7_2/try5_sdk/mb_usb_hdmi_top/microblaze_0/standalone_microblaze_0/bsp/system.mss|system||

TRACE::2024-11-08.02:36:01::SCWMssOS::Sw design exists and opened at  C:/Users/realk/Desktop/ece385/ECE385/lab7_2/try5_sdk/mb_usb_hdmi_top/microblaze_0/standalone_microblaze_0/bsp/system.mss
TRACE::2024-11-08.02:36:01::SCWWriter::formatted JSON is {
	"platformName":	"mb_usb_hdmi_top",
	"sprVersion":	"2.0",
	"mode":	"gui",
	"dsaType":	"Fixed",
	"platformDesc":	"mb_usb_hdmi_top",
	"platHandOff":	"C:/Users/realk/Desktop/ece385/ECE385/lab7_2/mb_usb_hdmi_top.xsa",
	"platIntHandOff":	"<platformDir>/hw/mb_usb_hdmi_top.xsa",
	"deviceType":	"FPGA",
	"platIsPrebuiltAutogen":	"false",
	"platIsNoBootBsp":	"false",
	"hasFsblMakeHasChanges":	"false",
	"hasPmufwMakeHasChanges":	"false",
	"platPreBuiltFlag":	false,
	"platformSamplesDir":	"",
	"platActiveSys":	"mb_usb_hdmi_top",
	"systems":	[{
			"systemName":	"mb_usb_hdmi_top",
			"systemDesc":	"mb_usb_hdmi_top",
			"sysIsBootAutoGen":	"true",
			"systemDispName":	"mb_usb_hdmi_top",
			"sysActiveDom":	"standalone_microblaze_0",
			"sysDefaultDom":	"standalone_microblaze_0",
			"domains":	[{
					"domainName":	"standalone_microblaze_0",
					"domainDispName":	"standalone_microblaze_0",
					"domainDesc":	"standalone_microblaze_0",
					"processors":	"microblaze_0",
					"os":	"standalone",
					"sdxOs":	"standalone",
					"debugEnable":	"False",
					"domRuntimes":	["cpp"],
					"swRepo":	"",
					"mssOsVer":	"8.0",
					"mssFile":	"",
					"md5Digest":	"5422c1e5be4ae93f4de8c50507402f2a",
					"compatibleApp":	"",
					"domType":	"mssDomain",
					"arch":	"32-bit",
					"appSettings":	{
						"appCompilerFlags":	"",
						"appLinkerFlags":	""
					},
					"addedLibs":	[],
					"libOptions":	{
						"libsContainingOptions":	[]
					},
					"prebuiltLibs":	{
						"prebuiltIncPath":	[],
						"prebuiltLibPath":	[]
					},
					"isolation":	{
					}
				}]
		}]
}
KEYINFO::2024-11-08.02:36:01::SCWPlatform::updated the xpfm file.
TRACE::2024-11-08.02:36:02::SCWPlatform::Trying to open the hw design at C:/Users/realk/Desktop/ece385/ECE385/lab7_2/try5_sdk/mb_usb_hdmi_top/hw/mb_usb_hdmi_top.xsa
TRACE::2024-11-08.02:36:02::SCWPlatform::DSA given C:/Users/realk/Desktop/ece385/ECE385/lab7_2/try5_sdk/mb_usb_hdmi_top/hw/mb_usb_hdmi_top.xsa
TRACE::2024-11-08.02:36:02::SCWPlatform::DSA absoulate path C:/Users/realk/Desktop/ece385/ECE385/lab7_2/try5_sdk/mb_usb_hdmi_top/hw/mb_usb_hdmi_top.xsa
TRACE::2024-11-08.02:36:02::SCWPlatform::DSA directory C:/Users/realk/Desktop/ece385/ECE385/lab7_2/try5_sdk/mb_usb_hdmi_top/hw
TRACE::2024-11-08.02:36:02::SCWPlatform:: Platform Path C:/Users/realk/Desktop/ece385/ECE385/lab7_2/try5_sdk/mb_usb_hdmi_top/hw/mb_usb_hdmi_top.xsa
TRACE::2024-11-08.02:36:02::SCWPlatform:: Unique name xilinx:::0.0
TRACE::2024-11-08.02:36:02::SCWPlatform::Trying to set the existing hwdb with name mb_usb_hdmi_top_8
TRACE::2024-11-08.02:36:02::SCWPlatform::Opened existing hwdb mb_usb_hdmi_top_8
TRACE::2024-11-08.02:36:02::SCWPlatform::Found the Hw Db part of the input DSA
TRACE::2024-11-08.02:36:02::SCWMssOS::Checking the sw design at  C:/Users/realk/Desktop/ece385/ECE385/lab7_2/try5_sdk/mb_usb_hdmi_top/microblaze_0/standalone_microblaze_0/bsp/system.mss
TRACE::2024-11-08.02:36:02::SCWMssOS::DEBUG:  swdes dump  C:/Users/realk/Desktop/ece385/ECE385/lab7_2/try5_sdk/mb_usb_hdmi_top/microblaze_0/standalone_microblaze_0/bsp/system.mss|system||

TRACE::2024-11-08.02:36:02::SCWMssOS::Sw design exists and opened at  C:/Users/realk/Desktop/ece385/ECE385/lab7_2/try5_sdk/mb_usb_hdmi_top/microblaze_0/standalone_microblaze_0/bsp/system.mss
TRACE::2024-11-08.02:49:52::SCWPlatform::Clearing the existing platform
TRACE::2024-11-08.02:49:52::SCWSystem::Clearing the existing sysconfig
TRACE::2024-11-08.02:49:52::SCWMssOS::Removing the swdes entry for  C:/Users/realk/Desktop/ece385/ECE385/lab7_2/try5_sdk/mb_usb_hdmi_top/microblaze_0/standalone_microblaze_0/bsp/system.mss
TRACE::2024-11-08.02:49:52::SCWSystem::Clearing the domains completed.
TRACE::2024-11-08.02:49:52::SCWPlatform::Clearing the opened hw db.
TRACE::2024-11-08.02:49:52::SCWPlatform::DSA given C:/Users/realk/Desktop/ece385/ECE385/lab7_2/try5_sdk/mb_usb_hdmi_top/hw/mb_usb_hdmi_top.xsa
TRACE::2024-11-08.02:49:52::SCWPlatform::DSA absoulate path C:/Users/realk/Desktop/ece385/ECE385/lab7_2/try5_sdk/mb_usb_hdmi_top/hw/mb_usb_hdmi_top.xsa
TRACE::2024-11-08.02:49:52::SCWPlatform:: Platform location is C:/Users/realk/Desktop/ece385/ECE385/lab7_2/try5_sdk/mb_usb_hdmi_top/hw
TRACE::2024-11-08.02:49:52::SCWPlatform:: Platform Path C:/Users/realk/Desktop/ece385/ECE385/lab7_2/try5_sdk/mb_usb_hdmi_top/hw/mb_usb_hdmi_top.xsa
TRACE::2024-11-08.02:49:52::SCWPlatform:: Unique name xilinx:::0.0
TRACE::2024-11-08.02:49:52::SCWPlatform::Removing the HwDB with name C:/Users/realk/Desktop/ece385/ECE385/lab7_2/try5_sdk/mb_usb_hdmi_top/hw/mb_usb_hdmi_top.xsa
TRACE::2024-11-08.02:49:52::SCWPlatform::Trying to open the hw design at C:/Users/realk/Desktop/ece385/ECE385/lab7_2/try5_sdk/mb_usb_hdmi_top/hw/mb_usb_hdmi_top.xsa
TRACE::2024-11-08.02:49:52::SCWPlatform::DSA given C:/Users/realk/Desktop/ece385/ECE385/lab7_2/try5_sdk/mb_usb_hdmi_top/hw/mb_usb_hdmi_top.xsa
TRACE::2024-11-08.02:49:52::SCWPlatform::DSA absoulate path C:/Users/realk/Desktop/ece385/ECE385/lab7_2/try5_sdk/mb_usb_hdmi_top/hw/mb_usb_hdmi_top.xsa
TRACE::2024-11-08.02:49:52::SCWPlatform::DSA directory C:/Users/realk/Desktop/ece385/ECE385/lab7_2/try5_sdk/mb_usb_hdmi_top/hw
TRACE::2024-11-08.02:49:52::SCWPlatform:: Platform Path C:/Users/realk/Desktop/ece385/ECE385/lab7_2/try5_sdk/mb_usb_hdmi_top/hw/mb_usb_hdmi_top.xsa
TRACE::2024-11-08.02:49:52::SCWPlatform:: Unique name xilinx:::0.0
TRACE::2024-11-08.02:49:52::SCWPlatform::Do not have an existing db opened. 
TRACE::2024-11-08.02:49:53::SCWPlatform::Opened new HwDB with name mb_usb_hdmi_top_10
TRACE::2024-11-08.02:49:53::SCWReader::Active system found as  mb_usb_hdmi_top
TRACE::2024-11-08.02:49:53::SCWReader::Handling sysconfig mb_usb_hdmi_top
TRACE::2024-11-08.02:49:53::SCWDomain::checking for install qemu data   : 
TRACE::2024-11-08.02:49:53::SCWPlatform::Trying to open the hw design at C:/Users/realk/Desktop/ece385/ECE385/lab7_2/try5_sdk/mb_usb_hdmi_top/hw/mb_usb_hdmi_top.xsa
TRACE::2024-11-08.02:49:53::SCWPlatform::DSA given C:/Users/realk/Desktop/ece385/ECE385/lab7_2/try5_sdk/mb_usb_hdmi_top/hw/mb_usb_hdmi_top.xsa
TRACE::2024-11-08.02:49:53::SCWPlatform::DSA absoulate path C:/Users/realk/Desktop/ece385/ECE385/lab7_2/try5_sdk/mb_usb_hdmi_top/hw/mb_usb_hdmi_top.xsa
TRACE::2024-11-08.02:49:53::SCWPlatform::DSA directory C:/Users/realk/Desktop/ece385/ECE385/lab7_2/try5_sdk/mb_usb_hdmi_top/hw
TRACE::2024-11-08.02:49:53::SCWPlatform:: Platform Path C:/Users/realk/Desktop/ece385/ECE385/lab7_2/try5_sdk/mb_usb_hdmi_top/hw/mb_usb_hdmi_top.xsa
TRACE::2024-11-08.02:49:53::SCWPlatform:: Unique name xilinx:::0.0
TRACE::2024-11-08.02:49:53::SCWPlatform::Trying to set the existing hwdb with name mb_usb_hdmi_top_10
TRACE::2024-11-08.02:49:53::SCWPlatform::Opened existing hwdb mb_usb_hdmi_top_10
TRACE::2024-11-08.02:49:53::SCWPlatform::Found the Hw Db part of the input DSA
TRACE::2024-11-08.02:49:53::SCWPlatform::Trying to open the hw design at C:/Users/realk/Desktop/ece385/ECE385/lab7_2/try5_sdk/mb_usb_hdmi_top/hw/mb_usb_hdmi_top.xsa
TRACE::2024-11-08.02:49:53::SCWPlatform::DSA given C:/Users/realk/Desktop/ece385/ECE385/lab7_2/try5_sdk/mb_usb_hdmi_top/hw/mb_usb_hdmi_top.xsa
TRACE::2024-11-08.02:49:53::SCWPlatform::DSA absoulate path C:/Users/realk/Desktop/ece385/ECE385/lab7_2/try5_sdk/mb_usb_hdmi_top/hw/mb_usb_hdmi_top.xsa
TRACE::2024-11-08.02:49:53::SCWPlatform::DSA directory C:/Users/realk/Desktop/ece385/ECE385/lab7_2/try5_sdk/mb_usb_hdmi_top/hw
TRACE::2024-11-08.02:49:53::SCWPlatform:: Platform Path C:/Users/realk/Desktop/ece385/ECE385/lab7_2/try5_sdk/mb_usb_hdmi_top/hw/mb_usb_hdmi_top.xsa
TRACE::2024-11-08.02:49:53::SCWPlatform:: Unique name xilinx:::0.0
TRACE::2024-11-08.02:49:53::SCWPlatform::Trying to set the existing hwdb with name mb_usb_hdmi_top_10
TRACE::2024-11-08.02:49:53::SCWPlatform::Opened existing hwdb mb_usb_hdmi_top_10
TRACE::2024-11-08.02:49:53::SCWPlatform::Found the Hw Db part of the input DSA
TRACE::2024-11-08.02:49:53::SCWPlatform::Trying to open the hw design at C:/Users/realk/Desktop/ece385/ECE385/lab7_2/try5_sdk/mb_usb_hdmi_top/hw/mb_usb_hdmi_top.xsa
TRACE::2024-11-08.02:49:53::SCWPlatform::DSA given C:/Users/realk/Desktop/ece385/ECE385/lab7_2/try5_sdk/mb_usb_hdmi_top/hw/mb_usb_hdmi_top.xsa
TRACE::2024-11-08.02:49:53::SCWPlatform::DSA absoulate path C:/Users/realk/Desktop/ece385/ECE385/lab7_2/try5_sdk/mb_usb_hdmi_top/hw/mb_usb_hdmi_top.xsa
TRACE::2024-11-08.02:49:53::SCWPlatform::DSA directory C:/Users/realk/Desktop/ece385/ECE385/lab7_2/try5_sdk/mb_usb_hdmi_top/hw
TRACE::2024-11-08.02:49:53::SCWPlatform:: Platform Path C:/Users/realk/Desktop/ece385/ECE385/lab7_2/try5_sdk/mb_usb_hdmi_top/hw/mb_usb_hdmi_top.xsa
TRACE::2024-11-08.02:49:53::SCWPlatform:: Unique name xilinx:::0.0
TRACE::2024-11-08.02:49:53::SCWPlatform::Trying to set the existing hwdb with name mb_usb_hdmi_top_10
TRACE::2024-11-08.02:49:53::SCWPlatform::Opened existing hwdb mb_usb_hdmi_top_10
TRACE::2024-11-08.02:49:53::SCWPlatform::Found the Hw Db part of the input DSA
TRACE::2024-11-08.02:49:53::SCWPlatform::Trying to open the hw design at C:/Users/realk/Desktop/ece385/ECE385/lab7_2/try5_sdk/mb_usb_hdmi_top/hw/mb_usb_hdmi_top.xsa
TRACE::2024-11-08.02:49:53::SCWPlatform::DSA given C:/Users/realk/Desktop/ece385/ECE385/lab7_2/try5_sdk/mb_usb_hdmi_top/hw/mb_usb_hdmi_top.xsa
TRACE::2024-11-08.02:49:53::SCWPlatform::DSA absoulate path C:/Users/realk/Desktop/ece385/ECE385/lab7_2/try5_sdk/mb_usb_hdmi_top/hw/mb_usb_hdmi_top.xsa
TRACE::2024-11-08.02:49:53::SCWPlatform::DSA directory C:/Users/realk/Desktop/ece385/ECE385/lab7_2/try5_sdk/mb_usb_hdmi_top/hw
TRACE::2024-11-08.02:49:53::SCWPlatform:: Platform Path C:/Users/realk/Desktop/ece385/ECE385/lab7_2/try5_sdk/mb_usb_hdmi_top/hw/mb_usb_hdmi_top.xsa
TRACE::2024-11-08.02:49:53::SCWPlatform:: Unique name xilinx:::0.0
TRACE::2024-11-08.02:49:53::SCWPlatform::Trying to set the existing hwdb with name mb_usb_hdmi_top_10
TRACE::2024-11-08.02:49:53::SCWPlatform::Opened existing hwdb mb_usb_hdmi_top_10
TRACE::2024-11-08.02:49:53::SCWPlatform::Found the Hw Db part of the input DSA
TRACE::2024-11-08.02:49:53::SCWMssOS::Checking the sw design at  C:/Users/realk/Desktop/ece385/ECE385/lab7_2/try5_sdk/mb_usb_hdmi_top/microblaze_0/standalone_microblaze_0/bsp/system.mss
TRACE::2024-11-08.02:49:53::SCWMssOS::DEBUG:  swdes dump  
TRACE::2024-11-08.02:49:53::SCWMssOS::No sw design opened at  C:/Users/realk/Desktop/ece385/ECE385/lab7_2/try5_sdk/mb_usb_hdmi_top/microblaze_0/standalone_microblaze_0/bsp/system.mss
TRACE::2024-11-08.02:49:53::SCWMssOS::mss exists loading the mss file  C:/Users/realk/Desktop/ece385/ECE385/lab7_2/try5_sdk/mb_usb_hdmi_top/microblaze_0/standalone_microblaze_0/bsp/system.mss
TRACE::2024-11-08.02:49:53::SCWMssOS::Opened the sw design from mss  C:/Users/realk/Desktop/ece385/ECE385/lab7_2/try5_sdk/mb_usb_hdmi_top/microblaze_0/standalone_microblaze_0/bsp/system.mss
TRACE::2024-11-08.02:49:53::SCWMssOS::Adding the swdes entry C:/Users/realk/Desktop/ece385/ECE385/lab7_2/try5_sdk/mb_usb_hdmi_top/microblaze_0/standalone_microblaze_0/bsp/system.mss with des name system
TRACE::2024-11-08.02:49:53::SCWMssOS::updating the scw layer about changes
TRACE::2024-11-08.02:49:53::SCWMssOS::Opened the sw design.  C:/Users/realk/Desktop/ece385/ECE385/lab7_2/try5_sdk/mb_usb_hdmi_top/microblaze_0/standalone_microblaze_0/bsp/system.mss
TRACE::2024-11-08.02:49:53::SCWMssOS::Saving the mss changes C:/Users/realk/Desktop/ece385/ECE385/lab7_2/try5_sdk/mb_usb_hdmi_top/microblaze_0/standalone_microblaze_0/bsp/system.mss
TRACE::2024-11-08.02:49:53::SCWMssOS::Found a swdesign opened with the mssfile.
TRACE::2024-11-08.02:49:53::SCWMssOS::Completed writemss as part of save.
TRACE::2024-11-08.02:49:53::SCWMssOS::Commit changes completed.
TRACE::2024-11-08.02:49:53::SCWReader::Adding prebuilt librarypaths as   
TRACE::2024-11-08.02:49:53::SCWReader::Adding prebuilt incpaths  as   
TRACE::2024-11-08.02:49:53::SCWPlatform::Trying to open the hw design at C:/Users/realk/Desktop/ece385/ECE385/lab7_2/try5_sdk/mb_usb_hdmi_top/hw/mb_usb_hdmi_top.xsa
TRACE::2024-11-08.02:49:53::SCWPlatform::DSA given C:/Users/realk/Desktop/ece385/ECE385/lab7_2/try5_sdk/mb_usb_hdmi_top/hw/mb_usb_hdmi_top.xsa
TRACE::2024-11-08.02:49:53::SCWPlatform::DSA absoulate path C:/Users/realk/Desktop/ece385/ECE385/lab7_2/try5_sdk/mb_usb_hdmi_top/hw/mb_usb_hdmi_top.xsa
TRACE::2024-11-08.02:49:53::SCWPlatform::DSA directory C:/Users/realk/Desktop/ece385/ECE385/lab7_2/try5_sdk/mb_usb_hdmi_top/hw
TRACE::2024-11-08.02:49:53::SCWPlatform:: Platform Path C:/Users/realk/Desktop/ece385/ECE385/lab7_2/try5_sdk/mb_usb_hdmi_top/hw/mb_usb_hdmi_top.xsa
TRACE::2024-11-08.02:49:53::SCWPlatform:: Unique name xilinx:::0.0
TRACE::2024-11-08.02:49:53::SCWPlatform::Trying to set the existing hwdb with name mb_usb_hdmi_top_10
TRACE::2024-11-08.02:49:53::SCWPlatform::Opened existing hwdb mb_usb_hdmi_top_10
TRACE::2024-11-08.02:49:53::SCWPlatform::Found the Hw Db part of the input DSA
TRACE::2024-11-08.02:49:53::SCWMssOS::Checking the sw design at  C:/Users/realk/Desktop/ece385/ECE385/lab7_2/try5_sdk/mb_usb_hdmi_top/microblaze_0/standalone_microblaze_0/bsp/system.mss
TRACE::2024-11-08.02:49:53::SCWMssOS::DEBUG:  swdes dump  C:/Users/realk/Desktop/ece385/ECE385/lab7_2/try5_sdk/mb_usb_hdmi_top/microblaze_0/standalone_microblaze_0/bsp/system.mss|system||

TRACE::2024-11-08.02:49:53::SCWMssOS::Sw design exists and opened at  C:/Users/realk/Desktop/ece385/ECE385/lab7_2/try5_sdk/mb_usb_hdmi_top/microblaze_0/standalone_microblaze_0/bsp/system.mss
TRACE::2024-11-08.02:49:53::SCWReader::No isolation master present  
TRACE::2024-11-08.02:49:56::SCWPlatform::DSA given C:/Users/realk/Desktop/ece385/ECE385/lab7_2/try5_sdk/mb_usb_hdmi_top/tempdsa/mb_usb_hdmi_top.xsa
TRACE::2024-11-08.02:49:56::SCWPlatform::DSA absoulate path C:/Users/realk/Desktop/ece385/ECE385/lab7_2/try5_sdk/mb_usb_hdmi_top/tempdsa/mb_usb_hdmi_top.xsa
TRACE::2024-11-08.02:49:56::SCWPlatform:: Platform location is C:/Users/realk/Desktop/ece385/ECE385/lab7_2/try5_sdk/mb_usb_hdmi_top/tempdsa
TRACE::2024-11-08.02:49:56::SCWPlatform:: Platform Path C:/Users/realk/Desktop/ece385/ECE385/lab7_2/try5_sdk/mb_usb_hdmi_top/tempdsa/mb_usb_hdmi_top.xsa
TRACE::2024-11-08.02:49:56::SCWPlatform:: Unique name xilinx:::0.0
TRACE::2024-11-08.02:49:56::SCWPlatform::Found the Hw Db part of the input DSA
TRACE::2024-11-08.02:49:56::SCWMssOS::Doing hw sync for the mss in domain: standalone_microblaze_0
TRACE::2024-11-08.02:49:56::SCWPlatform::Trying to open the hw design at C:/Users/realk/Desktop/ece385/ECE385/lab7_2/try5_sdk/mb_usb_hdmi_top/hw/mb_usb_hdmi_top.xsa
TRACE::2024-11-08.02:49:56::SCWPlatform::DSA given C:/Users/realk/Desktop/ece385/ECE385/lab7_2/try5_sdk/mb_usb_hdmi_top/hw/mb_usb_hdmi_top.xsa
TRACE::2024-11-08.02:49:56::SCWPlatform::DSA absoulate path C:/Users/realk/Desktop/ece385/ECE385/lab7_2/try5_sdk/mb_usb_hdmi_top/hw/mb_usb_hdmi_top.xsa
TRACE::2024-11-08.02:49:56::SCWPlatform::DSA directory C:/Users/realk/Desktop/ece385/ECE385/lab7_2/try5_sdk/mb_usb_hdmi_top/hw
TRACE::2024-11-08.02:49:56::SCWPlatform:: Platform Path C:/Users/realk/Desktop/ece385/ECE385/lab7_2/try5_sdk/mb_usb_hdmi_top/hw/mb_usb_hdmi_top.xsa
TRACE::2024-11-08.02:49:56::SCWPlatform:: Unique name xilinx:::0.0
TRACE::2024-11-08.02:49:56::SCWPlatform::Trying to set the existing hwdb with name mb_usb_hdmi_top_10
TRACE::2024-11-08.02:49:56::SCWPlatform::Opened existing hwdb mb_usb_hdmi_top_10
TRACE::2024-11-08.02:49:56::SCWPlatform::Found the Hw Db part of the input DSA
TRACE::2024-11-08.02:49:56::SCWPlatform::Trying to open the hw design at C:/Users/realk/Desktop/ece385/ECE385/lab7_2/try5_sdk/mb_usb_hdmi_top/hw/mb_usb_hdmi_top.xsa
TRACE::2024-11-08.02:49:56::SCWPlatform::DSA given C:/Users/realk/Desktop/ece385/ECE385/lab7_2/try5_sdk/mb_usb_hdmi_top/hw/mb_usb_hdmi_top.xsa
TRACE::2024-11-08.02:49:56::SCWPlatform::DSA absoulate path C:/Users/realk/Desktop/ece385/ECE385/lab7_2/try5_sdk/mb_usb_hdmi_top/hw/mb_usb_hdmi_top.xsa
TRACE::2024-11-08.02:49:56::SCWPlatform::DSA directory C:/Users/realk/Desktop/ece385/ECE385/lab7_2/try5_sdk/mb_usb_hdmi_top/hw
TRACE::2024-11-08.02:49:56::SCWPlatform:: Platform Path C:/Users/realk/Desktop/ece385/ECE385/lab7_2/try5_sdk/mb_usb_hdmi_top/hw/mb_usb_hdmi_top.xsa
TRACE::2024-11-08.02:49:56::SCWPlatform:: Unique name xilinx:::0.0
TRACE::2024-11-08.02:49:56::SCWPlatform::Trying to set the existing hwdb with name mb_usb_hdmi_top_10
TRACE::2024-11-08.02:49:56::SCWPlatform::Opened existing hwdb mb_usb_hdmi_top_10
TRACE::2024-11-08.02:49:56::SCWPlatform::Found the Hw Db part of the input DSA
TRACE::2024-11-08.02:49:56::SCWMssOS::Checking the sw design at  C:/Users/realk/Desktop/ece385/ECE385/lab7_2/try5_sdk/mb_usb_hdmi_top/microblaze_0/standalone_microblaze_0/bsp/system.mss
TRACE::2024-11-08.02:49:56::SCWMssOS::DEBUG:  swdes dump  C:/Users/realk/Desktop/ece385/ECE385/lab7_2/try5_sdk/mb_usb_hdmi_top/microblaze_0/standalone_microblaze_0/bsp/system.mss|system||

TRACE::2024-11-08.02:49:56::SCWMssOS::Sw design exists and opened at  C:/Users/realk/Desktop/ece385/ECE385/lab7_2/try5_sdk/mb_usb_hdmi_top/microblaze_0/standalone_microblaze_0/bsp/system.mss
TRACE::2024-11-08.02:49:56::SCWPlatform::Trying to open the hw design at C:/Users/realk/Desktop/ece385/ECE385/lab7_2/try5_sdk/mb_usb_hdmi_top/tempdsa/mb_usb_hdmi_top.xsa
TRACE::2024-11-08.02:49:56::SCWPlatform::DSA given C:/Users/realk/Desktop/ece385/ECE385/lab7_2/try5_sdk/mb_usb_hdmi_top/tempdsa/mb_usb_hdmi_top.xsa
TRACE::2024-11-08.02:49:56::SCWPlatform::DSA absoulate path C:/Users/realk/Desktop/ece385/ECE385/lab7_2/try5_sdk/mb_usb_hdmi_top/tempdsa/mb_usb_hdmi_top.xsa
TRACE::2024-11-08.02:49:56::SCWPlatform::DSA directory C:/Users/realk/Desktop/ece385/ECE385/lab7_2/try5_sdk/mb_usb_hdmi_top/tempdsa
TRACE::2024-11-08.02:49:56::SCWPlatform:: Platform Path C:/Users/realk/Desktop/ece385/ECE385/lab7_2/try5_sdk/mb_usb_hdmi_top/tempdsa/mb_usb_hdmi_top.xsa
TRACE::2024-11-08.02:49:56::SCWPlatform:: Unique name xilinx:::0.0
TRACE::2024-11-08.02:49:56::SCWPlatform::update - Opened existing hwdb mb_usb_hdmi_top_11
TRACE::2024-11-08.02:49:56::SCWPlatform::Found the Hw Db part of the input DSA
TRACE::2024-11-08.02:49:56::SCWMssOS::Saving the mss changes C:/Users/realk/Desktop/ece385/ECE385/lab7_2/try5_sdk/mb_usb_hdmi_top/microblaze_0/standalone_microblaze_0/bsp/system.mss
TRACE::2024-11-08.02:49:56::SCWMssOS::Found a swdesign opened with the mssfile.
TRACE::2024-11-08.02:49:56::SCWMssOS::Completed writemss as part of save.
TRACE::2024-11-08.02:49:56::SCWMssOS::Commit changes completed.
TRACE::2024-11-08.02:49:56::SCWMssOS::Completed hw sync for the mss in domain: standalone_microblaze_0
TRACE::2024-11-08.02:49:56::SCWMssOS::Removing the swdes entry for  C:/Users/realk/Desktop/ece385/ECE385/lab7_2/try5_sdk/mb_usb_hdmi_top/microblaze_0/standalone_microblaze_0/bsp/system.mss
TRACE::2024-11-08.02:49:56::SCWPlatform::Trying to open the hw design at C:/Users/realk/Desktop/ece385/ECE385/lab7_2/try5_sdk/mb_usb_hdmi_top/hw/mb_usb_hdmi_top.xsa
TRACE::2024-11-08.02:49:56::SCWPlatform::DSA given C:/Users/realk/Desktop/ece385/ECE385/lab7_2/try5_sdk/mb_usb_hdmi_top/hw/mb_usb_hdmi_top.xsa
TRACE::2024-11-08.02:49:56::SCWPlatform::DSA absoulate path C:/Users/realk/Desktop/ece385/ECE385/lab7_2/try5_sdk/mb_usb_hdmi_top/hw/mb_usb_hdmi_top.xsa
TRACE::2024-11-08.02:49:56::SCWPlatform::DSA directory C:/Users/realk/Desktop/ece385/ECE385/lab7_2/try5_sdk/mb_usb_hdmi_top/hw
TRACE::2024-11-08.02:49:56::SCWPlatform:: Platform Path C:/Users/realk/Desktop/ece385/ECE385/lab7_2/try5_sdk/mb_usb_hdmi_top/hw/mb_usb_hdmi_top.xsa
TRACE::2024-11-08.02:49:56::SCWPlatform:: Unique name xilinx:::0.0
TRACE::2024-11-08.02:49:56::SCWPlatform::Do not have an existing db opened. 
TRACE::2024-11-08.02:49:56::SCWPlatform::Opened new HwDB with name mb_usb_hdmi_top_12
TRACE::2024-11-08.02:49:56::SCWMssOS::Saving the mss changes C:/Users/realk/Desktop/ece385/ECE385/lab7_2/try5_sdk/mb_usb_hdmi_top/microblaze_0/standalone_microblaze_0/bsp/system.mss
TRACE::2024-11-08.02:49:56::SCWMssOS::Adding the swdes entry, mss present, able to open swdb C:/Users/realk/Desktop/ece385/ECE385/lab7_2/try5_sdk/mb_usb_hdmi_top/microblaze_0/standalone_microblaze_0/bsp/system.mss with des name system
TRACE::2024-11-08.02:49:56::SCWMssOS::Writing the mss file completed C:/Users/realk/Desktop/ece385/ECE385/lab7_2/try5_sdk/mb_usb_hdmi_top/microblaze_0/standalone_microblaze_0/bsp/system.mss
TRACE::2024-11-08.02:49:56::SCWMssOS::Commit changes completed.
TRACE::2024-11-08.02:49:56::SCWPlatform::Trying to open the hw design at C:/Users/realk/Desktop/ece385/ECE385/lab7_2/try5_sdk/mb_usb_hdmi_top/hw/mb_usb_hdmi_top.xsa
TRACE::2024-11-08.02:49:56::SCWPlatform::DSA given C:/Users/realk/Desktop/ece385/ECE385/lab7_2/try5_sdk/mb_usb_hdmi_top/hw/mb_usb_hdmi_top.xsa
TRACE::2024-11-08.02:49:56::SCWPlatform::DSA absoulate path C:/Users/realk/Desktop/ece385/ECE385/lab7_2/try5_sdk/mb_usb_hdmi_top/hw/mb_usb_hdmi_top.xsa
TRACE::2024-11-08.02:49:56::SCWPlatform::DSA directory C:/Users/realk/Desktop/ece385/ECE385/lab7_2/try5_sdk/mb_usb_hdmi_top/hw
TRACE::2024-11-08.02:49:56::SCWPlatform:: Platform Path C:/Users/realk/Desktop/ece385/ECE385/lab7_2/try5_sdk/mb_usb_hdmi_top/hw/mb_usb_hdmi_top.xsa
TRACE::2024-11-08.02:49:56::SCWPlatform:: Unique name xilinx:::0.0
TRACE::2024-11-08.02:49:56::SCWPlatform::Trying to set the existing hwdb with name mb_usb_hdmi_top_12
TRACE::2024-11-08.02:49:56::SCWPlatform::Opened existing hwdb mb_usb_hdmi_top_12
TRACE::2024-11-08.02:49:56::SCWPlatform::Found the Hw Db part of the input DSA
TRACE::2024-11-08.02:49:56::SCWMssOS::Checking the sw design at  C:/Users/realk/Desktop/ece385/ECE385/lab7_2/try5_sdk/mb_usb_hdmi_top/microblaze_0/standalone_microblaze_0/bsp/system.mss
TRACE::2024-11-08.02:49:56::SCWMssOS::DEBUG:  swdes dump  C:/Users/realk/Desktop/ece385/ECE385/lab7_2/try5_sdk/mb_usb_hdmi_top/microblaze_0/standalone_microblaze_0/bsp/system.mss|system||

TRACE::2024-11-08.02:49:56::SCWMssOS::Sw design exists and opened at  C:/Users/realk/Desktop/ece385/ECE385/lab7_2/try5_sdk/mb_usb_hdmi_top/microblaze_0/standalone_microblaze_0/bsp/system.mss
TRACE::2024-11-08.02:49:56::SCWWriter::formatted JSON is {
	"platformName":	"mb_usb_hdmi_top",
	"sprVersion":	"2.0",
	"mode":	"gui",
	"dsaType":	"Fixed",
	"platformDesc":	"mb_usb_hdmi_top",
	"platHandOff":	"C:/Users/realk/Desktop/ece385/ECE385/lab7_2/mb_usb_hdmi_top.xsa",
	"platIntHandOff":	"<platformDir>/hw/mb_usb_hdmi_top.xsa",
	"deviceType":	"FPGA",
	"platIsPrebuiltAutogen":	"false",
	"platIsNoBootBsp":	"false",
	"hasFsblMakeHasChanges":	"false",
	"hasPmufwMakeHasChanges":	"false",
	"platPreBuiltFlag":	false,
	"platformSamplesDir":	"",
	"platActiveSys":	"mb_usb_hdmi_top",
	"systems":	[{
			"systemName":	"mb_usb_hdmi_top",
			"systemDesc":	"mb_usb_hdmi_top",
			"sysIsBootAutoGen":	"true",
			"systemDispName":	"mb_usb_hdmi_top",
			"sysActiveDom":	"standalone_microblaze_0",
			"sysDefaultDom":	"standalone_microblaze_0",
			"domains":	[{
					"domainName":	"standalone_microblaze_0",
					"domainDispName":	"standalone_microblaze_0",
					"domainDesc":	"standalone_microblaze_0",
					"processors":	"microblaze_0",
					"os":	"standalone",
					"sdxOs":	"standalone",
					"debugEnable":	"False",
					"domRuntimes":	["cpp"],
					"swRepo":	"",
					"mssOsVer":	"8.0",
					"mssFile":	"",
					"md5Digest":	"5422c1e5be4ae93f4de8c50507402f2a1",
					"compatibleApp":	"",
					"domType":	"mssDomain",
					"arch":	"32-bit",
					"appSettings":	{
						"appCompilerFlags":	"",
						"appLinkerFlags":	""
					},
					"addedLibs":	[],
					"libOptions":	{
						"libsContainingOptions":	[]
					},
					"prebuiltLibs":	{
						"prebuiltIncPath":	[],
						"prebuiltLibPath":	[]
					},
					"isolation":	{
					}
				}]
		}]
}
TRACE::2024-11-08.02:50:03::SCWMssOS::cleaning the bsp 
TRACE::2024-11-08.02:50:03::SCWMssOS::System Command Ran  C: & cd  C:/Users/realk/Desktop/ece385/ECE385/lab7_2/try5_sdk/mb_usb_hdmi_top/microblaze_0/standalone_microblaze_0/bsp & make clean 
TRACE::2024-11-08.02:50:03::SCWMssOS::make -C microblaze_0/libsrc/bram_v4_8/src -s clean 

TRACE::2024-11-08.02:50:03::SCWMssOS::make -C microblaze_0/libsrc/cpu_v2_16/src -s clean 

TRACE::2024-11-08.02:50:03::SCWMssOS::make -C microblaze_0/libsrc/intc_v3_15/src -s clean 

TRACE::2024-11-08.02:50:03::SCWMssOS::make -C microblaze_0/libsrc/standalone_v8_0/src -s clean 

TRACE::2024-11-08.02:50:03::SCWMssOS::make -C microblaze_0/libsrc/uartlite_v3_7/src -s clean 

TRACE::2024-11-08.02:50:03::SCWMssOS::rm -f microblaze_0/lib/libxil.a

LOG::2024-11-08.02:50:12::SCWPlatform::Started generating the artifacts platform mb_usb_hdmi_top
TRACE::2024-11-08.02:50:12::SCWPlatform::Sanity checking of platform is completed
LOG::2024-11-08.02:50:12::SCWPlatform::Started generating the artifacts for system configuration mb_usb_hdmi_top
LOG::2024-11-08.02:50:12::SCWSystem::Checking the domain standalone_microblaze_0
LOG::2024-11-08.02:50:12::SCWSystem::Not a boot domain 
LOG::2024-11-08.02:50:12::SCWSystem::Started Processing the domain standalone_microblaze_0
TRACE::2024-11-08.02:50:12::SCWDomain::Generating domain artifcats
TRACE::2024-11-08.02:50:12::SCWMssOS::Generating standalone artifcats
TRACE::2024-11-08.02:50:12::SCWMssOS:: Copying the user libraries. 
TRACE::2024-11-08.02:50:12::SCWPlatform::Trying to open the hw design at C:/Users/realk/Desktop/ece385/ECE385/lab7_2/try5_sdk/mb_usb_hdmi_top/hw/mb_usb_hdmi_top.xsa
TRACE::2024-11-08.02:50:12::SCWPlatform::DSA given C:/Users/realk/Desktop/ece385/ECE385/lab7_2/try5_sdk/mb_usb_hdmi_top/hw/mb_usb_hdmi_top.xsa
TRACE::2024-11-08.02:50:12::SCWPlatform::DSA absoulate path C:/Users/realk/Desktop/ece385/ECE385/lab7_2/try5_sdk/mb_usb_hdmi_top/hw/mb_usb_hdmi_top.xsa
TRACE::2024-11-08.02:50:12::SCWPlatform::DSA directory C:/Users/realk/Desktop/ece385/ECE385/lab7_2/try5_sdk/mb_usb_hdmi_top/hw
TRACE::2024-11-08.02:50:12::SCWPlatform:: Platform Path C:/Users/realk/Desktop/ece385/ECE385/lab7_2/try5_sdk/mb_usb_hdmi_top/hw/mb_usb_hdmi_top.xsa
TRACE::2024-11-08.02:50:12::SCWPlatform:: Unique name xilinx:::0.0
TRACE::2024-11-08.02:50:12::SCWPlatform::Trying to set the existing hwdb with name mb_usb_hdmi_top_12
TRACE::2024-11-08.02:50:12::SCWPlatform::Opened existing hwdb mb_usb_hdmi_top_12
TRACE::2024-11-08.02:50:12::SCWPlatform::Found the Hw Db part of the input DSA
TRACE::2024-11-08.02:50:12::SCWMssOS::Checking the sw design at  C:/Users/realk/Desktop/ece385/ECE385/lab7_2/try5_sdk/mb_usb_hdmi_top/microblaze_0/standalone_microblaze_0/bsp/system.mss
TRACE::2024-11-08.02:50:12::SCWMssOS::DEBUG:  swdes dump  C:/Users/realk/Desktop/ece385/ECE385/lab7_2/try5_sdk/mb_usb_hdmi_top/microblaze_0/standalone_microblaze_0/bsp/system.mss|system||

TRACE::2024-11-08.02:50:12::SCWMssOS::Sw design exists and opened at  C:/Users/realk/Desktop/ece385/ECE385/lab7_2/try5_sdk/mb_usb_hdmi_top/microblaze_0/standalone_microblaze_0/bsp/system.mss
TRACE::2024-11-08.02:50:12::SCWMssOS::Completed writing the mss file at C:/Users/realk/Desktop/ece385/ECE385/lab7_2/try5_sdk/mb_usb_hdmi_top/microblaze_0/standalone_microblaze_0/bsp
TRACE::2024-11-08.02:50:12::SCWMssOS::Mss edits present, copying mssfile into export location C:/Users/realk/Desktop/ece385/ECE385/lab7_2/try5_sdk/mb_usb_hdmi_top/microblaze_0/standalone_microblaze_0/bsp/system.mss
TRACE::2024-11-08.02:50:12::SCWMssOS::bsp generated is stale removing and regenerating. 
TRACE::2024-11-08.02:50:14::SCWMssOS::doing bsp build ... 
TRACE::2024-11-08.02:50:14::SCWMssOS::System Command Ran  C: & cd  C:/Users/realk/Desktop/ece385/ECE385/lab7_2/try5_sdk/mb_usb_hdmi_top/microblaze_0/standalone_microblaze_0/bsp & make 
TRACE::2024-11-08.02:50:14::SCWMssOS::make --no-print-directory seq_libs

TRACE::2024-11-08.02:50:14::SCWMssOS::'Finished building libraries sequentially.'

TRACE::2024-11-08.02:50:14::SCWMssOS::make -j 14 --no-print-directory par_libs

TRACE::2024-11-08.02:50:14::SCWMssOS::"Running Make include in microblaze_0/libsrc/bram_v4_8/src"

TRACE::2024-11-08.02:50:14::SCWMssOS::make -C microblaze_0/libsrc/bram_v4_8/src -s include  "SHELL=CMD" "COMPILER=mb-gcc" "ASSEMBLER=mb-as" "ARCHIVER=mb-ar" "COMPILE
TRACE::2024-11-08.02:50:14::SCWMssOS::R_FLAGS=  -O2 -c -mcpu=v11.0 -mlittle-endian -mno-xl-reorder -mno-xl-soft-mul -mxl-barrel-shift -mxl-pattern-compare" "EXTRA_CO
TRACE::2024-11-08.02:50:14::SCWMssOS::MPILER_FLAGS=-g -ffunction-sections -fdata-sections -Wall -Wextra -fno-tree-loop-distribute-patterns"

TRACE::2024-11-08.02:50:14::SCWMssOS::"Running Make include in microblaze_0/libsrc/cpu_v2_16/src"

TRACE::2024-11-08.02:50:14::SCWMssOS::make -C microblaze_0/libsrc/cpu_v2_16/src -s include  "SHELL=CMD" "COMPILER=mb-gcc" "ASSEMBLER=mb-as" "ARCHIVER=mb-ar" "COMPILE
TRACE::2024-11-08.02:50:14::SCWMssOS::R_FLAGS=  -O2 -c -mcpu=v11.0 -mlittle-endian -mno-xl-reorder -mno-xl-soft-mul -mxl-barrel-shift -mxl-pattern-compare" "EXTRA_CO
TRACE::2024-11-08.02:50:14::SCWMssOS::MPILER_FLAGS=-g -ffunction-sections -fdata-sections -Wall -Wextra -fno-tree-loop-distribute-patterns"

TRACE::2024-11-08.02:50:14::SCWMssOS::"Running Make include in microblaze_0/libsrc/intc_v3_15/src"

TRACE::2024-11-08.02:50:14::SCWMssOS::make -C microblaze_0/libsrc/intc_v3_15/src -s include  "SHELL=CMD" "COMPILER=mb-gcc" "ASSEMBLER=mb-as" "ARCHIVER=mb-ar" "COMPIL
TRACE::2024-11-08.02:50:14::SCWMssOS::ER_FLAGS=  -O2 -c -mcpu=v11.0 -mlittle-endian -mno-xl-reorder -mno-xl-soft-mul -mxl-barrel-shift -mxl-pattern-compare" "EXTRA_C
TRACE::2024-11-08.02:50:14::SCWMssOS::OMPILER_FLAGS=-g -ffunction-sections -fdata-sections -Wall -Wextra -fno-tree-loop-distribute-patterns"

TRACE::2024-11-08.02:50:14::SCWMssOS::"Running Make include in microblaze_0/libsrc/standalone_v8_0/src"

TRACE::2024-11-08.02:50:14::SCWMssOS::make -C microblaze_0/libsrc/standalone_v8_0/src -s include  "SHELL=CMD" "COMPILER=mb-gcc" "ASSEMBLER=mb-as" "ARCHIVER=mb-ar" "C
TRACE::2024-11-08.02:50:14::SCWMssOS::OMPILER_FLAGS=  -O2 -c -mcpu=v11.0 -mlittle-endian -mno-xl-reorder -mno-xl-soft-mul -mxl-barrel-shift -mxl-pattern-compare" "EX
TRACE::2024-11-08.02:50:14::SCWMssOS::TRA_COMPILER_FLAGS=-g -ffunction-sections -fdata-sections -Wall -Wextra -fno-tree-loop-distribute-patterns"

TRACE::2024-11-08.02:50:14::SCWMssOS::"Running Make include in microblaze_0/libsrc/uartlite_v3_7/src"

TRACE::2024-11-08.02:50:14::SCWMssOS::make -C microblaze_0/libsrc/uartlite_v3_7/src -s include  "SHELL=CMD" "COMPILER=mb-gcc" "ASSEMBLER=mb-as" "ARCHIVER=mb-ar" "COM
TRACE::2024-11-08.02:50:14::SCWMssOS::PILER_FLAGS=  -O2 -c -mcpu=v11.0 -mlittle-endian -mno-xl-reorder -mno-xl-soft-mul -mxl-barrel-shift -mxl-pattern-compare" "EXTR
TRACE::2024-11-08.02:50:14::SCWMssOS::A_COMPILER_FLAGS=-g -ffunction-sections -fdata-sections -Wall -Wextra -fno-tree-loop-distribute-patterns"

TRACE::2024-11-08.02:50:14::SCWMssOS::"Running Make libs in microblaze_0/libsrc/bram_v4_8/src"

TRACE::2024-11-08.02:50:14::SCWMssOS::make -C microblaze_0/libsrc/bram_v4_8/src -s libs  "SHELL=CMD" "COMPILER=mb-gcc" "ASSEMBLER=mb-as" "ARCHIVER=mb-ar" "COMPILER_F
TRACE::2024-11-08.02:50:14::SCWMssOS::LAGS=  -O2 -c -mcpu=v11.0 -mlittle-endian -mno-xl-reorder -mno-xl-soft-mul -mxl-barrel-shift -mxl-pattern-compare" "EXTRA_COMPI
TRACE::2024-11-08.02:50:14::SCWMssOS::LER_FLAGS=-g -ffunction-sections -fdata-sections -Wall -Wextra -fno-tree-loop-distribute-patterns"

TRACE::2024-11-08.02:50:14::SCWMssOS::"Running Make libs in microblaze_0/libsrc/cpu_v2_16/src"

TRACE::2024-11-08.02:50:14::SCWMssOS::make -C microblaze_0/libsrc/cpu_v2_16/src -s libs  "SHELL=CMD" "COMPILER=mb-gcc" "ASSEMBLER=mb-as" "ARCHIVER=mb-ar" "COMPILER_F
TRACE::2024-11-08.02:50:14::SCWMssOS::LAGS=  -O2 -c -mcpu=v11.0 -mlittle-endian -mno-xl-reorder -mno-xl-soft-mul -mxl-barrel-shift -mxl-pattern-compare" "EXTRA_COMPI
TRACE::2024-11-08.02:50:14::SCWMssOS::LER_FLAGS=-g -ffunction-sections -fdata-sections -Wall -Wextra -fno-tree-loop-distribute-patterns"

TRACE::2024-11-08.02:50:14::SCWMssOS::"Running Make libs in microblaze_0/libsrc/intc_v3_15/src"

TRACE::2024-11-08.02:50:14::SCWMssOS::make -C microblaze_0/libsrc/intc_v3_15/src -s libs  "SHELL=CMD" "COMPILER=mb-gcc" "ASSEMBLER=mb-as" "ARCHIVER=mb-ar" "COMPILER_
TRACE::2024-11-08.02:50:14::SCWMssOS::FLAGS=  -O2 -c -mcpu=v11.0 -mlittle-endian -mno-xl-reorder -mno-xl-soft-mul -mxl-barrel-shift -mxl-pattern-compare" "EXTRA_COMP
TRACE::2024-11-08.02:50:14::SCWMssOS::ILER_FLAGS=-g -ffunction-sections -fdata-sections -Wall -Wextra -fno-tree-loop-distribute-patterns"

TRACE::2024-11-08.02:50:14::SCWMssOS::"Running Make libs in microblaze_0/libsrc/standalone_v8_0/src"

TRACE::2024-11-08.02:50:14::SCWMssOS::make -C microblaze_0/libsrc/standalone_v8_0/src -s libs  "SHELL=CMD" "COMPILER=mb-gcc" "ASSEMBLER=mb-as" "ARCHIVER=mb-ar" "COMP
TRACE::2024-11-08.02:50:14::SCWMssOS::ILER_FLAGS=  -O2 -c -mcpu=v11.0 -mlittle-endian -mno-xl-reorder -mno-xl-soft-mul -mxl-barrel-shift -mxl-pattern-compare" "EXTRA
TRACE::2024-11-08.02:50:14::SCWMssOS::_COMPILER_FLAGS=-g -ffunction-sections -fdata-sections -Wall -Wextra -fno-tree-loop-distribute-patterns"

TRACE::2024-11-08.02:50:14::SCWMssOS::"Running Make libs in microblaze_0/libsrc/uartlite_v3_7/src"

TRACE::2024-11-08.02:50:14::SCWMssOS::make -C microblaze_0/libsrc/uartlite_v3_7/src -s libs  "SHELL=CMD" "COMPILER=mb-gcc" "ASSEMBLER=mb-as" "ARCHIVER=mb-ar" "COMPIL
TRACE::2024-11-08.02:50:14::SCWMssOS::ER_FLAGS=  -O2 -c -mcpu=v11.0 -mlittle-endian -mno-xl-reorder -mno-xl-soft-mul -mxl-barrel-shift -mxl-pattern-compare" "EXTRA_C
TRACE::2024-11-08.02:50:14::SCWMssOS::OMPILER_FLAGS=-g -ffunction-sections -fdata-sections -Wall -Wextra -fno-tree-loop-distribute-patterns"

TRACE::2024-11-08.02:50:16::SCWMssOS::"DEBUG NON_LTO_OBJECTS is ../../../lib/microblaze_interrupt_handler.o"

TRACE::2024-11-08.02:50:16::SCWMssOS::'Finished building libraries parallelly.'

TRACE::2024-11-08.02:50:16::SCWMssOS::make --no-print-directory archive

TRACE::2024-11-08.02:50:16::SCWMssOS::mb-ar -r  microblaze_0/lib/libxil.a microblaze_0/lib/_exit.o microblaze_0/lib/errno.o microblaze_0/lib/fcntl.o microblaze_0/lib
TRACE::2024-11-08.02:50:16::SCWMssOS::/hw_exception_handler.o microblaze_0/lib/inbyte.o microblaze_0/lib/microblaze_disable_dcache.o microblaze_0/lib/microblaze_disa
TRACE::2024-11-08.02:50:16::SCWMssOS::ble_exceptions.o microblaze_0/lib/microblaze_disable_icache.o microblaze_0/lib/microblaze_disable_interrupts.o microblaze_0/lib
TRACE::2024-11-08.02:50:16::SCWMssOS::/microblaze_enable_dcache.o microblaze_0/lib/microblaze_enable_exceptions.o microblaze_0/lib/microblaze_enable_icache.o microbl
TRACE::2024-11-08.02:50:16::SCWMssOS::aze_0/lib/microblaze_enable_interrupts.o microblaze_0/lib/microblaze_exception_handler.o microblaze_0/lib/microblaze_flush_cach
TRACE::2024-11-08.02:50:16::SCWMssOS::e_ext.o microblaze_0/lib/microblaze_flush_cache_ext_range.o microblaze_0/lib/microblaze_flush_dcache.o microblaze_0/lib/microbl
TRACE::2024-11-08.02:50:16::SCWMssOS::aze_flush_dcache_range.o microblaze_0/lib/microblaze_init_dcache_range.o microblaze_0/lib/microblaze_init_icache_range.o microb
TRACE::2024-11-08.02:50:16::SCWMssOS::laze_0/lib/microblaze_interrupt_handler.o microblaze_0/lib/microblaze_interrupts_g.o microblaze_0/lib/microblaze_invalidate_cac
TRACE::2024-11-08.02:50:16::SCWMssOS::he_ext.o microblaze_0/lib/microblaze_invalidate_cache_ext_range.o microblaze_0/lib/microblaze_invalidate_dcache.o microblaze_0/
TRACE::2024-11-08.02:50:16::SCWMssOS::lib/microblaze_invalidate_dcache_range.o microblaze_0/lib/microblaze_invalidate_icache.o microblaze_0/lib/microblaze_invalidate
TRACE::2024-11-08.02:50:16::SCWMssOS::_icache_range.o microblaze_0/lib/microblaze_scrub.o microblaze_0/lib/microblaze_selftest.o microblaze_0/lib/microblaze_sleep.o 
TRACE::2024-11-08.02:50:16::SCWMssOS::microblaze_0/lib/microblaze_update_dcache.o microblaze_0/lib/microblaze_update_icache.o microblaze_0/lib/outbyte.o microblaze_0
TRACE::2024-11-08.02:50:16::SCWMssOS::/lib/print.o microblaze_0/lib/pvr.o microblaze_0/lib/xbram.o microblaze_0/lib/xbram_g.o microblaze_0/lib/xbram_intr.o microblaz
TRACE::2024-11-08.02:50:16::SCWMssOS::e_0/lib/xbram_selftest.o microblaze_0/lib/xbram_sinit.o microblaze_0/lib/xil_assert.o microblaze_0/lib/xil_cache.o microblaze_0
TRACE::2024-11-08.02:50:16::SCWMssOS::/lib/xil_clocking.o microblaze_0/lib/xil_exception.o microblaze_0/lib/xil_mem.o microblaze_0/lib/xil_misc_psreset_api.o microbl
TRACE::2024-11-08.02:50:16::SCWMssOS::aze_0/lib/xil_printf.o microblaze_0/lib/xil_sleepcommon.o microblaze_0/lib/xil_testcache.o microblaze_0/lib/xil_testio.o microb
TRACE::2024-11-08.02:50:16::SCWMssOS::laze_0/lib/xil_testmem.o microblaze_0/lib/xil_util.o microblaze_0/lib/xintc.o microblaze_0/lib/xintc_g.o microblaze_0/lib/xintc
TRACE::2024-11-08.02:50:16::SCWMssOS::_intr.o microblaze_0/lib/xintc_l.o microblaze_0/lib/xintc_options.o microblaze_0/lib/xintc_selftest.o microblaze_0/lib/xinterru
TRACE::2024-11-08.02:50:16::SCWMssOS::pt_wrap.o microblaze_0/lib/xio.o microblaze_0/lib/xplatform_info.o microblaze_0/lib/xuartlite.o microblaze_0/lib/xuartlite_g.o 
TRACE::2024-11-08.02:50:16::SCWMssOS::microblaze_0/lib/xuartlite_intr.o microblaze_0/lib/xuartlite_l.o microblaze_0/lib/xuartlite_selftest.o microblaze_0/lib/xuartli
TRACE::2024-11-08.02:50:16::SCWMssOS::te_sinit.o microblaze_0/lib/xuartlite_stats.o

TRACE::2024-11-08.02:50:16::SCWMssOS::'Finished building libraries'

TRACE::2024-11-08.02:50:16::SCWMssOS:: Checking if to create the Supporting Applications
TRACE::2024-11-08.02:50:16::SCWMssOS:: No Linux domain exists, trying to generate FSBL 
LOG::2024-11-08.02:50:16::SCWSystem::Completed Processing the domain standalone_microblaze_0
LOG::2024-11-08.02:50:16::SCWSystem::Completed Processing the sysconfig mb_usb_hdmi_top
LOG::2024-11-08.02:50:16::SCWPlatform::Completed generating the artifacts for system configuration mb_usb_hdmi_top
TRACE::2024-11-08.02:50:16::SCWPlatform::Started preparing the platform 
TRACE::2024-11-08.02:50:16::SCWSystem::Writing the bif file for system config mb_usb_hdmi_top
TRACE::2024-11-08.02:50:16::SCWSystem::dir created 
TRACE::2024-11-08.02:50:16::SCWSystem::Writing the bif 
TRACE::2024-11-08.02:50:16::SCWPlatform::Started writing the spfm file 
TRACE::2024-11-08.02:50:16::SCWPlatform::Started writing the xpfm file 
TRACE::2024-11-08.02:50:16::SCWPlatform::Completed generating the platform
TRACE::2024-11-08.02:50:16::SCWMssOS::Saving the mss changes C:/Users/realk/Desktop/ece385/ECE385/lab7_2/try5_sdk/mb_usb_hdmi_top/microblaze_0/standalone_microblaze_0/bsp/system.mss
TRACE::2024-11-08.02:50:16::SCWMssOS::Adding the swdes entry, mss present, able to open swdb C:/Users/realk/Desktop/ece385/ECE385/lab7_2/try5_sdk/mb_usb_hdmi_top/microblaze_0/standalone_microblaze_0/bsp/system.mss with des name system
TRACE::2024-11-08.02:50:16::SCWMssOS::Writing the mss file completed C:/Users/realk/Desktop/ece385/ECE385/lab7_2/try5_sdk/mb_usb_hdmi_top/microblaze_0/standalone_microblaze_0/bsp/system.mss
TRACE::2024-11-08.02:50:16::SCWMssOS::Commit changes completed.
TRACE::2024-11-08.02:50:16::SCWPlatform::Trying to open the hw design at C:/Users/realk/Desktop/ece385/ECE385/lab7_2/try5_sdk/mb_usb_hdmi_top/hw/mb_usb_hdmi_top.xsa
TRACE::2024-11-08.02:50:16::SCWPlatform::DSA given C:/Users/realk/Desktop/ece385/ECE385/lab7_2/try5_sdk/mb_usb_hdmi_top/hw/mb_usb_hdmi_top.xsa
TRACE::2024-11-08.02:50:16::SCWPlatform::DSA absoulate path C:/Users/realk/Desktop/ece385/ECE385/lab7_2/try5_sdk/mb_usb_hdmi_top/hw/mb_usb_hdmi_top.xsa
TRACE::2024-11-08.02:50:16::SCWPlatform::DSA directory C:/Users/realk/Desktop/ece385/ECE385/lab7_2/try5_sdk/mb_usb_hdmi_top/hw
TRACE::2024-11-08.02:50:16::SCWPlatform:: Platform Path C:/Users/realk/Desktop/ece385/ECE385/lab7_2/try5_sdk/mb_usb_hdmi_top/hw/mb_usb_hdmi_top.xsa
TRACE::2024-11-08.02:50:16::SCWPlatform:: Unique name xilinx:::0.0
TRACE::2024-11-08.02:50:16::SCWPlatform::Trying to set the existing hwdb with name mb_usb_hdmi_top_12
TRACE::2024-11-08.02:50:16::SCWPlatform::Opened existing hwdb mb_usb_hdmi_top_12
TRACE::2024-11-08.02:50:16::SCWPlatform::Found the Hw Db part of the input DSA
TRACE::2024-11-08.02:50:16::SCWMssOS::Checking the sw design at  C:/Users/realk/Desktop/ece385/ECE385/lab7_2/try5_sdk/mb_usb_hdmi_top/microblaze_0/standalone_microblaze_0/bsp/system.mss
TRACE::2024-11-08.02:50:16::SCWMssOS::DEBUG:  swdes dump  C:/Users/realk/Desktop/ece385/ECE385/lab7_2/try5_sdk/mb_usb_hdmi_top/microblaze_0/standalone_microblaze_0/bsp/system.mss|system||

TRACE::2024-11-08.02:50:16::SCWMssOS::Sw design exists and opened at  C:/Users/realk/Desktop/ece385/ECE385/lab7_2/try5_sdk/mb_usb_hdmi_top/microblaze_0/standalone_microblaze_0/bsp/system.mss
TRACE::2024-11-08.02:50:16::SCWWriter::formatted JSON is {
	"platformName":	"mb_usb_hdmi_top",
	"sprVersion":	"2.0",
	"mode":	"gui",
	"dsaType":	"Fixed",
	"platformDesc":	"mb_usb_hdmi_top",
	"platHandOff":	"C:/Users/realk/Desktop/ece385/ECE385/lab7_2/mb_usb_hdmi_top.xsa",
	"platIntHandOff":	"<platformDir>/hw/mb_usb_hdmi_top.xsa",
	"deviceType":	"FPGA",
	"platIsPrebuiltAutogen":	"false",
	"platIsNoBootBsp":	"false",
	"hasFsblMakeHasChanges":	"false",
	"hasPmufwMakeHasChanges":	"false",
	"platPreBuiltFlag":	false,
	"platformSamplesDir":	"",
	"platActiveSys":	"mb_usb_hdmi_top",
	"systems":	[{
			"systemName":	"mb_usb_hdmi_top",
			"systemDesc":	"mb_usb_hdmi_top",
			"sysIsBootAutoGen":	"true",
			"systemDispName":	"mb_usb_hdmi_top",
			"sysActiveDom":	"standalone_microblaze_0",
			"sysDefaultDom":	"standalone_microblaze_0",
			"domains":	[{
					"domainName":	"standalone_microblaze_0",
					"domainDispName":	"standalone_microblaze_0",
					"domainDesc":	"standalone_microblaze_0",
					"processors":	"microblaze_0",
					"os":	"standalone",
					"sdxOs":	"standalone",
					"debugEnable":	"False",
					"domRuntimes":	["cpp"],
					"swRepo":	"",
					"mssOsVer":	"8.0",
					"mssFile":	"",
					"md5Digest":	"5422c1e5be4ae93f4de8c50507402f2a",
					"compatibleApp":	"",
					"domType":	"mssDomain",
					"arch":	"32-bit",
					"appSettings":	{
						"appCompilerFlags":	"",
						"appLinkerFlags":	""
					},
					"addedLibs":	[],
					"libOptions":	{
						"libsContainingOptions":	[]
					},
					"prebuiltLibs":	{
						"prebuiltIncPath":	[],
						"prebuiltLibPath":	[]
					},
					"isolation":	{
					}
				}]
		}]
}
KEYINFO::2024-11-08.02:50:16::SCWPlatform::updated the xpfm file.
TRACE::2024-11-08.02:50:17::SCWPlatform::Trying to open the hw design at C:/Users/realk/Desktop/ece385/ECE385/lab7_2/try5_sdk/mb_usb_hdmi_top/hw/mb_usb_hdmi_top.xsa
TRACE::2024-11-08.02:50:17::SCWPlatform::DSA given C:/Users/realk/Desktop/ece385/ECE385/lab7_2/try5_sdk/mb_usb_hdmi_top/hw/mb_usb_hdmi_top.xsa
TRACE::2024-11-08.02:50:17::SCWPlatform::DSA absoulate path C:/Users/realk/Desktop/ece385/ECE385/lab7_2/try5_sdk/mb_usb_hdmi_top/hw/mb_usb_hdmi_top.xsa
TRACE::2024-11-08.02:50:17::SCWPlatform::DSA directory C:/Users/realk/Desktop/ece385/ECE385/lab7_2/try5_sdk/mb_usb_hdmi_top/hw
TRACE::2024-11-08.02:50:17::SCWPlatform:: Platform Path C:/Users/realk/Desktop/ece385/ECE385/lab7_2/try5_sdk/mb_usb_hdmi_top/hw/mb_usb_hdmi_top.xsa
TRACE::2024-11-08.02:50:17::SCWPlatform:: Unique name xilinx:::0.0
TRACE::2024-11-08.02:50:17::SCWPlatform::Trying to set the existing hwdb with name mb_usb_hdmi_top_12
TRACE::2024-11-08.02:50:17::SCWPlatform::Opened existing hwdb mb_usb_hdmi_top_12
TRACE::2024-11-08.02:50:17::SCWPlatform::Found the Hw Db part of the input DSA
TRACE::2024-11-08.02:50:17::SCWMssOS::Checking the sw design at  C:/Users/realk/Desktop/ece385/ECE385/lab7_2/try5_sdk/mb_usb_hdmi_top/microblaze_0/standalone_microblaze_0/bsp/system.mss
TRACE::2024-11-08.02:50:17::SCWMssOS::DEBUG:  swdes dump  C:/Users/realk/Desktop/ece385/ECE385/lab7_2/try5_sdk/mb_usb_hdmi_top/microblaze_0/standalone_microblaze_0/bsp/system.mss|system||

TRACE::2024-11-08.02:50:17::SCWMssOS::Sw design exists and opened at  C:/Users/realk/Desktop/ece385/ECE385/lab7_2/try5_sdk/mb_usb_hdmi_top/microblaze_0/standalone_microblaze_0/bsp/system.mss
TRACE::2024-11-08.03:17:26::SCWPlatform::Clearing the existing platform
TRACE::2024-11-08.03:17:26::SCWSystem::Clearing the existing sysconfig
TRACE::2024-11-08.03:17:26::SCWMssOS::Removing the swdes entry for  C:/Users/realk/Desktop/ece385/ECE385/lab7_2/try5_sdk/mb_usb_hdmi_top/microblaze_0/standalone_microblaze_0/bsp/system.mss
TRACE::2024-11-08.03:17:26::SCWSystem::Clearing the domains completed.
TRACE::2024-11-08.03:17:26::SCWPlatform::Clearing the opened hw db.
TRACE::2024-11-08.03:17:26::SCWPlatform::DSA given C:/Users/realk/Desktop/ece385/ECE385/lab7_2/try5_sdk/mb_usb_hdmi_top/hw/mb_usb_hdmi_top.xsa
TRACE::2024-11-08.03:17:26::SCWPlatform::DSA absoulate path C:/Users/realk/Desktop/ece385/ECE385/lab7_2/try5_sdk/mb_usb_hdmi_top/hw/mb_usb_hdmi_top.xsa
TRACE::2024-11-08.03:17:26::SCWPlatform:: Platform location is C:/Users/realk/Desktop/ece385/ECE385/lab7_2/try5_sdk/mb_usb_hdmi_top/hw
TRACE::2024-11-08.03:17:26::SCWPlatform:: Platform Path C:/Users/realk/Desktop/ece385/ECE385/lab7_2/try5_sdk/mb_usb_hdmi_top/hw/mb_usb_hdmi_top.xsa
TRACE::2024-11-08.03:17:26::SCWPlatform:: Unique name xilinx:::0.0
TRACE::2024-11-08.03:17:26::SCWPlatform::Removing the HwDB with name C:/Users/realk/Desktop/ece385/ECE385/lab7_2/try5_sdk/mb_usb_hdmi_top/hw/mb_usb_hdmi_top.xsa
TRACE::2024-11-08.03:17:26::SCWPlatform::Trying to open the hw design at C:/Users/realk/Desktop/ece385/ECE385/lab7_2/try5_sdk/mb_usb_hdmi_top/hw/mb_usb_hdmi_top.xsa
TRACE::2024-11-08.03:17:26::SCWPlatform::DSA given C:/Users/realk/Desktop/ece385/ECE385/lab7_2/try5_sdk/mb_usb_hdmi_top/hw/mb_usb_hdmi_top.xsa
TRACE::2024-11-08.03:17:26::SCWPlatform::DSA absoulate path C:/Users/realk/Desktop/ece385/ECE385/lab7_2/try5_sdk/mb_usb_hdmi_top/hw/mb_usb_hdmi_top.xsa
TRACE::2024-11-08.03:17:26::SCWPlatform::DSA directory C:/Users/realk/Desktop/ece385/ECE385/lab7_2/try5_sdk/mb_usb_hdmi_top/hw
TRACE::2024-11-08.03:17:26::SCWPlatform:: Platform Path C:/Users/realk/Desktop/ece385/ECE385/lab7_2/try5_sdk/mb_usb_hdmi_top/hw/mb_usb_hdmi_top.xsa
TRACE::2024-11-08.03:17:26::SCWPlatform:: Unique name xilinx:::0.0
TRACE::2024-11-08.03:17:26::SCWPlatform::Do not have an existing db opened. 
TRACE::2024-11-08.03:17:26::SCWPlatform::Opened new HwDB with name mb_usb_hdmi_top_14
TRACE::2024-11-08.03:17:26::SCWReader::Active system found as  mb_usb_hdmi_top
TRACE::2024-11-08.03:17:26::SCWReader::Handling sysconfig mb_usb_hdmi_top
TRACE::2024-11-08.03:17:26::SCWDomain::checking for install qemu data   : 
TRACE::2024-11-08.03:17:26::SCWPlatform::Trying to open the hw design at C:/Users/realk/Desktop/ece385/ECE385/lab7_2/try5_sdk/mb_usb_hdmi_top/hw/mb_usb_hdmi_top.xsa
TRACE::2024-11-08.03:17:26::SCWPlatform::DSA given C:/Users/realk/Desktop/ece385/ECE385/lab7_2/try5_sdk/mb_usb_hdmi_top/hw/mb_usb_hdmi_top.xsa
TRACE::2024-11-08.03:17:26::SCWPlatform::DSA absoulate path C:/Users/realk/Desktop/ece385/ECE385/lab7_2/try5_sdk/mb_usb_hdmi_top/hw/mb_usb_hdmi_top.xsa
TRACE::2024-11-08.03:17:26::SCWPlatform::DSA directory C:/Users/realk/Desktop/ece385/ECE385/lab7_2/try5_sdk/mb_usb_hdmi_top/hw
TRACE::2024-11-08.03:17:26::SCWPlatform:: Platform Path C:/Users/realk/Desktop/ece385/ECE385/lab7_2/try5_sdk/mb_usb_hdmi_top/hw/mb_usb_hdmi_top.xsa
TRACE::2024-11-08.03:17:26::SCWPlatform:: Unique name xilinx:::0.0
TRACE::2024-11-08.03:17:26::SCWPlatform::Trying to set the existing hwdb with name mb_usb_hdmi_top_14
TRACE::2024-11-08.03:17:26::SCWPlatform::Opened existing hwdb mb_usb_hdmi_top_14
TRACE::2024-11-08.03:17:26::SCWPlatform::Found the Hw Db part of the input DSA
TRACE::2024-11-08.03:17:26::SCWPlatform::Trying to open the hw design at C:/Users/realk/Desktop/ece385/ECE385/lab7_2/try5_sdk/mb_usb_hdmi_top/hw/mb_usb_hdmi_top.xsa
TRACE::2024-11-08.03:17:26::SCWPlatform::DSA given C:/Users/realk/Desktop/ece385/ECE385/lab7_2/try5_sdk/mb_usb_hdmi_top/hw/mb_usb_hdmi_top.xsa
TRACE::2024-11-08.03:17:26::SCWPlatform::DSA absoulate path C:/Users/realk/Desktop/ece385/ECE385/lab7_2/try5_sdk/mb_usb_hdmi_top/hw/mb_usb_hdmi_top.xsa
TRACE::2024-11-08.03:17:26::SCWPlatform::DSA directory C:/Users/realk/Desktop/ece385/ECE385/lab7_2/try5_sdk/mb_usb_hdmi_top/hw
TRACE::2024-11-08.03:17:26::SCWPlatform:: Platform Path C:/Users/realk/Desktop/ece385/ECE385/lab7_2/try5_sdk/mb_usb_hdmi_top/hw/mb_usb_hdmi_top.xsa
TRACE::2024-11-08.03:17:26::SCWPlatform:: Unique name xilinx:::0.0
TRACE::2024-11-08.03:17:26::SCWPlatform::Trying to set the existing hwdb with name mb_usb_hdmi_top_14
TRACE::2024-11-08.03:17:26::SCWPlatform::Opened existing hwdb mb_usb_hdmi_top_14
TRACE::2024-11-08.03:17:26::SCWPlatform::Found the Hw Db part of the input DSA
TRACE::2024-11-08.03:17:26::SCWPlatform::Trying to open the hw design at C:/Users/realk/Desktop/ece385/ECE385/lab7_2/try5_sdk/mb_usb_hdmi_top/hw/mb_usb_hdmi_top.xsa
TRACE::2024-11-08.03:17:26::SCWPlatform::DSA given C:/Users/realk/Desktop/ece385/ECE385/lab7_2/try5_sdk/mb_usb_hdmi_top/hw/mb_usb_hdmi_top.xsa
TRACE::2024-11-08.03:17:26::SCWPlatform::DSA absoulate path C:/Users/realk/Desktop/ece385/ECE385/lab7_2/try5_sdk/mb_usb_hdmi_top/hw/mb_usb_hdmi_top.xsa
TRACE::2024-11-08.03:17:26::SCWPlatform::DSA directory C:/Users/realk/Desktop/ece385/ECE385/lab7_2/try5_sdk/mb_usb_hdmi_top/hw
TRACE::2024-11-08.03:17:26::SCWPlatform:: Platform Path C:/Users/realk/Desktop/ece385/ECE385/lab7_2/try5_sdk/mb_usb_hdmi_top/hw/mb_usb_hdmi_top.xsa
TRACE::2024-11-08.03:17:26::SCWPlatform:: Unique name xilinx:::0.0
TRACE::2024-11-08.03:17:26::SCWPlatform::Trying to set the existing hwdb with name mb_usb_hdmi_top_14
TRACE::2024-11-08.03:17:26::SCWPlatform::Opened existing hwdb mb_usb_hdmi_top_14
TRACE::2024-11-08.03:17:26::SCWPlatform::Found the Hw Db part of the input DSA
TRACE::2024-11-08.03:17:26::SCWPlatform::Trying to open the hw design at C:/Users/realk/Desktop/ece385/ECE385/lab7_2/try5_sdk/mb_usb_hdmi_top/hw/mb_usb_hdmi_top.xsa
TRACE::2024-11-08.03:17:26::SCWPlatform::DSA given C:/Users/realk/Desktop/ece385/ECE385/lab7_2/try5_sdk/mb_usb_hdmi_top/hw/mb_usb_hdmi_top.xsa
TRACE::2024-11-08.03:17:26::SCWPlatform::DSA absoulate path C:/Users/realk/Desktop/ece385/ECE385/lab7_2/try5_sdk/mb_usb_hdmi_top/hw/mb_usb_hdmi_top.xsa
TRACE::2024-11-08.03:17:26::SCWPlatform::DSA directory C:/Users/realk/Desktop/ece385/ECE385/lab7_2/try5_sdk/mb_usb_hdmi_top/hw
TRACE::2024-11-08.03:17:26::SCWPlatform:: Platform Path C:/Users/realk/Desktop/ece385/ECE385/lab7_2/try5_sdk/mb_usb_hdmi_top/hw/mb_usb_hdmi_top.xsa
TRACE::2024-11-08.03:17:26::SCWPlatform:: Unique name xilinx:::0.0
TRACE::2024-11-08.03:17:26::SCWPlatform::Trying to set the existing hwdb with name mb_usb_hdmi_top_14
TRACE::2024-11-08.03:17:26::SCWPlatform::Opened existing hwdb mb_usb_hdmi_top_14
TRACE::2024-11-08.03:17:26::SCWPlatform::Found the Hw Db part of the input DSA
TRACE::2024-11-08.03:17:26::SCWMssOS::Checking the sw design at  C:/Users/realk/Desktop/ece385/ECE385/lab7_2/try5_sdk/mb_usb_hdmi_top/microblaze_0/standalone_microblaze_0/bsp/system.mss
TRACE::2024-11-08.03:17:26::SCWMssOS::DEBUG:  swdes dump  
TRACE::2024-11-08.03:17:26::SCWMssOS::No sw design opened at  C:/Users/realk/Desktop/ece385/ECE385/lab7_2/try5_sdk/mb_usb_hdmi_top/microblaze_0/standalone_microblaze_0/bsp/system.mss
TRACE::2024-11-08.03:17:26::SCWMssOS::mss exists loading the mss file  C:/Users/realk/Desktop/ece385/ECE385/lab7_2/try5_sdk/mb_usb_hdmi_top/microblaze_0/standalone_microblaze_0/bsp/system.mss
TRACE::2024-11-08.03:17:26::SCWMssOS::Opened the sw design from mss  C:/Users/realk/Desktop/ece385/ECE385/lab7_2/try5_sdk/mb_usb_hdmi_top/microblaze_0/standalone_microblaze_0/bsp/system.mss
TRACE::2024-11-08.03:17:26::SCWMssOS::Adding the swdes entry C:/Users/realk/Desktop/ece385/ECE385/lab7_2/try5_sdk/mb_usb_hdmi_top/microblaze_0/standalone_microblaze_0/bsp/system.mss with des name system
TRACE::2024-11-08.03:17:26::SCWMssOS::updating the scw layer about changes
TRACE::2024-11-08.03:17:26::SCWMssOS::Opened the sw design.  C:/Users/realk/Desktop/ece385/ECE385/lab7_2/try5_sdk/mb_usb_hdmi_top/microblaze_0/standalone_microblaze_0/bsp/system.mss
TRACE::2024-11-08.03:17:26::SCWMssOS::Saving the mss changes C:/Users/realk/Desktop/ece385/ECE385/lab7_2/try5_sdk/mb_usb_hdmi_top/microblaze_0/standalone_microblaze_0/bsp/system.mss
TRACE::2024-11-08.03:17:26::SCWMssOS::Found a swdesign opened with the mssfile.
TRACE::2024-11-08.03:17:26::SCWMssOS::Completed writemss as part of save.
TRACE::2024-11-08.03:17:26::SCWMssOS::Commit changes completed.
TRACE::2024-11-08.03:17:26::SCWReader::Adding prebuilt librarypaths as   
TRACE::2024-11-08.03:17:26::SCWReader::Adding prebuilt incpaths  as   
TRACE::2024-11-08.03:17:26::SCWPlatform::Trying to open the hw design at C:/Users/realk/Desktop/ece385/ECE385/lab7_2/try5_sdk/mb_usb_hdmi_top/hw/mb_usb_hdmi_top.xsa
TRACE::2024-11-08.03:17:26::SCWPlatform::DSA given C:/Users/realk/Desktop/ece385/ECE385/lab7_2/try5_sdk/mb_usb_hdmi_top/hw/mb_usb_hdmi_top.xsa
TRACE::2024-11-08.03:17:26::SCWPlatform::DSA absoulate path C:/Users/realk/Desktop/ece385/ECE385/lab7_2/try5_sdk/mb_usb_hdmi_top/hw/mb_usb_hdmi_top.xsa
TRACE::2024-11-08.03:17:26::SCWPlatform::DSA directory C:/Users/realk/Desktop/ece385/ECE385/lab7_2/try5_sdk/mb_usb_hdmi_top/hw
TRACE::2024-11-08.03:17:26::SCWPlatform:: Platform Path C:/Users/realk/Desktop/ece385/ECE385/lab7_2/try5_sdk/mb_usb_hdmi_top/hw/mb_usb_hdmi_top.xsa
TRACE::2024-11-08.03:17:26::SCWPlatform:: Unique name xilinx:::0.0
TRACE::2024-11-08.03:17:26::SCWPlatform::Trying to set the existing hwdb with name mb_usb_hdmi_top_14
TRACE::2024-11-08.03:17:26::SCWPlatform::Opened existing hwdb mb_usb_hdmi_top_14
TRACE::2024-11-08.03:17:26::SCWPlatform::Found the Hw Db part of the input DSA
TRACE::2024-11-08.03:17:26::SCWMssOS::Checking the sw design at  C:/Users/realk/Desktop/ece385/ECE385/lab7_2/try5_sdk/mb_usb_hdmi_top/microblaze_0/standalone_microblaze_0/bsp/system.mss
TRACE::2024-11-08.03:17:26::SCWMssOS::DEBUG:  swdes dump  C:/Users/realk/Desktop/ece385/ECE385/lab7_2/try5_sdk/mb_usb_hdmi_top/microblaze_0/standalone_microblaze_0/bsp/system.mss|system||

TRACE::2024-11-08.03:17:26::SCWMssOS::Sw design exists and opened at  C:/Users/realk/Desktop/ece385/ECE385/lab7_2/try5_sdk/mb_usb_hdmi_top/microblaze_0/standalone_microblaze_0/bsp/system.mss
TRACE::2024-11-08.03:17:26::SCWReader::No isolation master present  
TRACE::2024-11-08.03:17:30::SCWPlatform::DSA given C:/Users/realk/Desktop/ece385/ECE385/lab7_2/try5_sdk/mb_usb_hdmi_top/tempdsa/mb_usb_hdmi_top.xsa
TRACE::2024-11-08.03:17:30::SCWPlatform::DSA absoulate path C:/Users/realk/Desktop/ece385/ECE385/lab7_2/try5_sdk/mb_usb_hdmi_top/tempdsa/mb_usb_hdmi_top.xsa
TRACE::2024-11-08.03:17:30::SCWPlatform:: Platform location is C:/Users/realk/Desktop/ece385/ECE385/lab7_2/try5_sdk/mb_usb_hdmi_top/tempdsa
TRACE::2024-11-08.03:17:30::SCWPlatform:: Platform Path C:/Users/realk/Desktop/ece385/ECE385/lab7_2/try5_sdk/mb_usb_hdmi_top/tempdsa/mb_usb_hdmi_top.xsa
TRACE::2024-11-08.03:17:30::SCWPlatform:: Unique name xilinx:::0.0
TRACE::2024-11-08.03:17:30::SCWPlatform::Found the Hw Db part of the input DSA
TRACE::2024-11-08.03:17:30::SCWMssOS::Doing hw sync for the mss in domain: standalone_microblaze_0
TRACE::2024-11-08.03:17:30::SCWPlatform::Trying to open the hw design at C:/Users/realk/Desktop/ece385/ECE385/lab7_2/try5_sdk/mb_usb_hdmi_top/hw/mb_usb_hdmi_top.xsa
TRACE::2024-11-08.03:17:30::SCWPlatform::DSA given C:/Users/realk/Desktop/ece385/ECE385/lab7_2/try5_sdk/mb_usb_hdmi_top/hw/mb_usb_hdmi_top.xsa
TRACE::2024-11-08.03:17:30::SCWPlatform::DSA absoulate path C:/Users/realk/Desktop/ece385/ECE385/lab7_2/try5_sdk/mb_usb_hdmi_top/hw/mb_usb_hdmi_top.xsa
TRACE::2024-11-08.03:17:30::SCWPlatform::DSA directory C:/Users/realk/Desktop/ece385/ECE385/lab7_2/try5_sdk/mb_usb_hdmi_top/hw
TRACE::2024-11-08.03:17:30::SCWPlatform:: Platform Path C:/Users/realk/Desktop/ece385/ECE385/lab7_2/try5_sdk/mb_usb_hdmi_top/hw/mb_usb_hdmi_top.xsa
TRACE::2024-11-08.03:17:30::SCWPlatform:: Unique name xilinx:::0.0
TRACE::2024-11-08.03:17:30::SCWPlatform::Trying to set the existing hwdb with name mb_usb_hdmi_top_14
TRACE::2024-11-08.03:17:30::SCWPlatform::Opened existing hwdb mb_usb_hdmi_top_14
TRACE::2024-11-08.03:17:30::SCWPlatform::Found the Hw Db part of the input DSA
TRACE::2024-11-08.03:17:30::SCWPlatform::Trying to open the hw design at C:/Users/realk/Desktop/ece385/ECE385/lab7_2/try5_sdk/mb_usb_hdmi_top/hw/mb_usb_hdmi_top.xsa
TRACE::2024-11-08.03:17:30::SCWPlatform::DSA given C:/Users/realk/Desktop/ece385/ECE385/lab7_2/try5_sdk/mb_usb_hdmi_top/hw/mb_usb_hdmi_top.xsa
TRACE::2024-11-08.03:17:30::SCWPlatform::DSA absoulate path C:/Users/realk/Desktop/ece385/ECE385/lab7_2/try5_sdk/mb_usb_hdmi_top/hw/mb_usb_hdmi_top.xsa
TRACE::2024-11-08.03:17:30::SCWPlatform::DSA directory C:/Users/realk/Desktop/ece385/ECE385/lab7_2/try5_sdk/mb_usb_hdmi_top/hw
TRACE::2024-11-08.03:17:30::SCWPlatform:: Platform Path C:/Users/realk/Desktop/ece385/ECE385/lab7_2/try5_sdk/mb_usb_hdmi_top/hw/mb_usb_hdmi_top.xsa
TRACE::2024-11-08.03:17:30::SCWPlatform:: Unique name xilinx:::0.0
TRACE::2024-11-08.03:17:30::SCWPlatform::Trying to set the existing hwdb with name mb_usb_hdmi_top_14
TRACE::2024-11-08.03:17:30::SCWPlatform::Opened existing hwdb mb_usb_hdmi_top_14
TRACE::2024-11-08.03:17:30::SCWPlatform::Found the Hw Db part of the input DSA
TRACE::2024-11-08.03:17:30::SCWMssOS::Checking the sw design at  C:/Users/realk/Desktop/ece385/ECE385/lab7_2/try5_sdk/mb_usb_hdmi_top/microblaze_0/standalone_microblaze_0/bsp/system.mss
TRACE::2024-11-08.03:17:30::SCWMssOS::DEBUG:  swdes dump  C:/Users/realk/Desktop/ece385/ECE385/lab7_2/try5_sdk/mb_usb_hdmi_top/microblaze_0/standalone_microblaze_0/bsp/system.mss|system||

TRACE::2024-11-08.03:17:30::SCWMssOS::Sw design exists and opened at  C:/Users/realk/Desktop/ece385/ECE385/lab7_2/try5_sdk/mb_usb_hdmi_top/microblaze_0/standalone_microblaze_0/bsp/system.mss
TRACE::2024-11-08.03:17:30::SCWPlatform::Trying to open the hw design at C:/Users/realk/Desktop/ece385/ECE385/lab7_2/try5_sdk/mb_usb_hdmi_top/tempdsa/mb_usb_hdmi_top.xsa
TRACE::2024-11-08.03:17:30::SCWPlatform::DSA given C:/Users/realk/Desktop/ece385/ECE385/lab7_2/try5_sdk/mb_usb_hdmi_top/tempdsa/mb_usb_hdmi_top.xsa
TRACE::2024-11-08.03:17:30::SCWPlatform::DSA absoulate path C:/Users/realk/Desktop/ece385/ECE385/lab7_2/try5_sdk/mb_usb_hdmi_top/tempdsa/mb_usb_hdmi_top.xsa
TRACE::2024-11-08.03:17:30::SCWPlatform::DSA directory C:/Users/realk/Desktop/ece385/ECE385/lab7_2/try5_sdk/mb_usb_hdmi_top/tempdsa
TRACE::2024-11-08.03:17:30::SCWPlatform:: Platform Path C:/Users/realk/Desktop/ece385/ECE385/lab7_2/try5_sdk/mb_usb_hdmi_top/tempdsa/mb_usb_hdmi_top.xsa
TRACE::2024-11-08.03:17:30::SCWPlatform:: Unique name xilinx:::0.0
TRACE::2024-11-08.03:17:30::SCWPlatform::update - Opened existing hwdb mb_usb_hdmi_top_15
TRACE::2024-11-08.03:17:30::SCWPlatform::Found the Hw Db part of the input DSA
TRACE::2024-11-08.03:17:30::SCWMssOS::Saving the mss changes C:/Users/realk/Desktop/ece385/ECE385/lab7_2/try5_sdk/mb_usb_hdmi_top/microblaze_0/standalone_microblaze_0/bsp/system.mss
TRACE::2024-11-08.03:17:30::SCWMssOS::Found a swdesign opened with the mssfile.
TRACE::2024-11-08.03:17:30::SCWMssOS::Completed writemss as part of save.
TRACE::2024-11-08.03:17:30::SCWMssOS::Commit changes completed.
TRACE::2024-11-08.03:17:30::SCWMssOS::Completed hw sync for the mss in domain: standalone_microblaze_0
TRACE::2024-11-08.03:17:30::SCWMssOS::Removing the swdes entry for  C:/Users/realk/Desktop/ece385/ECE385/lab7_2/try5_sdk/mb_usb_hdmi_top/microblaze_0/standalone_microblaze_0/bsp/system.mss
TRACE::2024-11-08.03:17:30::SCWPlatform::Trying to open the hw design at C:/Users/realk/Desktop/ece385/ECE385/lab7_2/try5_sdk/mb_usb_hdmi_top/hw/mb_usb_hdmi_top.xsa
TRACE::2024-11-08.03:17:30::SCWPlatform::DSA given C:/Users/realk/Desktop/ece385/ECE385/lab7_2/try5_sdk/mb_usb_hdmi_top/hw/mb_usb_hdmi_top.xsa
TRACE::2024-11-08.03:17:30::SCWPlatform::DSA absoulate path C:/Users/realk/Desktop/ece385/ECE385/lab7_2/try5_sdk/mb_usb_hdmi_top/hw/mb_usb_hdmi_top.xsa
TRACE::2024-11-08.03:17:30::SCWPlatform::DSA directory C:/Users/realk/Desktop/ece385/ECE385/lab7_2/try5_sdk/mb_usb_hdmi_top/hw
TRACE::2024-11-08.03:17:30::SCWPlatform:: Platform Path C:/Users/realk/Desktop/ece385/ECE385/lab7_2/try5_sdk/mb_usb_hdmi_top/hw/mb_usb_hdmi_top.xsa
TRACE::2024-11-08.03:17:30::SCWPlatform:: Unique name xilinx:::0.0
TRACE::2024-11-08.03:17:30::SCWPlatform::Do not have an existing db opened. 
TRACE::2024-11-08.03:17:30::SCWPlatform::Opened new HwDB with name mb_usb_hdmi_top_16
TRACE::2024-11-08.03:17:30::SCWMssOS::Saving the mss changes C:/Users/realk/Desktop/ece385/ECE385/lab7_2/try5_sdk/mb_usb_hdmi_top/microblaze_0/standalone_microblaze_0/bsp/system.mss
TRACE::2024-11-08.03:17:30::SCWMssOS::Adding the swdes entry, mss present, able to open swdb C:/Users/realk/Desktop/ece385/ECE385/lab7_2/try5_sdk/mb_usb_hdmi_top/microblaze_0/standalone_microblaze_0/bsp/system.mss with des name system
TRACE::2024-11-08.03:17:30::SCWMssOS::Writing the mss file completed C:/Users/realk/Desktop/ece385/ECE385/lab7_2/try5_sdk/mb_usb_hdmi_top/microblaze_0/standalone_microblaze_0/bsp/system.mss
TRACE::2024-11-08.03:17:30::SCWMssOS::Commit changes completed.
TRACE::2024-11-08.03:17:30::SCWPlatform::Trying to open the hw design at C:/Users/realk/Desktop/ece385/ECE385/lab7_2/try5_sdk/mb_usb_hdmi_top/hw/mb_usb_hdmi_top.xsa
TRACE::2024-11-08.03:17:30::SCWPlatform::DSA given C:/Users/realk/Desktop/ece385/ECE385/lab7_2/try5_sdk/mb_usb_hdmi_top/hw/mb_usb_hdmi_top.xsa
TRACE::2024-11-08.03:17:30::SCWPlatform::DSA absoulate path C:/Users/realk/Desktop/ece385/ECE385/lab7_2/try5_sdk/mb_usb_hdmi_top/hw/mb_usb_hdmi_top.xsa
TRACE::2024-11-08.03:17:30::SCWPlatform::DSA directory C:/Users/realk/Desktop/ece385/ECE385/lab7_2/try5_sdk/mb_usb_hdmi_top/hw
TRACE::2024-11-08.03:17:30::SCWPlatform:: Platform Path C:/Users/realk/Desktop/ece385/ECE385/lab7_2/try5_sdk/mb_usb_hdmi_top/hw/mb_usb_hdmi_top.xsa
TRACE::2024-11-08.03:17:30::SCWPlatform:: Unique name xilinx:::0.0
TRACE::2024-11-08.03:17:30::SCWPlatform::Trying to set the existing hwdb with name mb_usb_hdmi_top_16
TRACE::2024-11-08.03:17:30::SCWPlatform::Opened existing hwdb mb_usb_hdmi_top_16
TRACE::2024-11-08.03:17:30::SCWPlatform::Found the Hw Db part of the input DSA
TRACE::2024-11-08.03:17:30::SCWMssOS::Checking the sw design at  C:/Users/realk/Desktop/ece385/ECE385/lab7_2/try5_sdk/mb_usb_hdmi_top/microblaze_0/standalone_microblaze_0/bsp/system.mss
TRACE::2024-11-08.03:17:30::SCWMssOS::DEBUG:  swdes dump  C:/Users/realk/Desktop/ece385/ECE385/lab7_2/try5_sdk/mb_usb_hdmi_top/microblaze_0/standalone_microblaze_0/bsp/system.mss|system||

TRACE::2024-11-08.03:17:30::SCWMssOS::Sw design exists and opened at  C:/Users/realk/Desktop/ece385/ECE385/lab7_2/try5_sdk/mb_usb_hdmi_top/microblaze_0/standalone_microblaze_0/bsp/system.mss
TRACE::2024-11-08.03:17:30::SCWWriter::formatted JSON is {
	"platformName":	"mb_usb_hdmi_top",
	"sprVersion":	"2.0",
	"mode":	"gui",
	"dsaType":	"Fixed",
	"platformDesc":	"mb_usb_hdmi_top",
	"platHandOff":	"C:/Users/realk/Desktop/ece385/ECE385/lab7_2/mb_usb_hdmi_top.xsa",
	"platIntHandOff":	"<platformDir>/hw/mb_usb_hdmi_top.xsa",
	"deviceType":	"FPGA",
	"platIsPrebuiltAutogen":	"false",
	"platIsNoBootBsp":	"false",
	"hasFsblMakeHasChanges":	"false",
	"hasPmufwMakeHasChanges":	"false",
	"platPreBuiltFlag":	false,
	"platformSamplesDir":	"",
	"platActiveSys":	"mb_usb_hdmi_top",
	"systems":	[{
			"systemName":	"mb_usb_hdmi_top",
			"systemDesc":	"mb_usb_hdmi_top",
			"sysIsBootAutoGen":	"true",
			"systemDispName":	"mb_usb_hdmi_top",
			"sysActiveDom":	"standalone_microblaze_0",
			"sysDefaultDom":	"standalone_microblaze_0",
			"domains":	[{
					"domainName":	"standalone_microblaze_0",
					"domainDispName":	"standalone_microblaze_0",
					"domainDesc":	"standalone_microblaze_0",
					"processors":	"microblaze_0",
					"os":	"standalone",
					"sdxOs":	"standalone",
					"debugEnable":	"False",
					"domRuntimes":	["cpp"],
					"swRepo":	"",
					"mssOsVer":	"8.0",
					"mssFile":	"",
					"md5Digest":	"5422c1e5be4ae93f4de8c50507402f2a1",
					"compatibleApp":	"",
					"domType":	"mssDomain",
					"arch":	"32-bit",
					"appSettings":	{
						"appCompilerFlags":	"",
						"appLinkerFlags":	""
					},
					"addedLibs":	[],
					"libOptions":	{
						"libsContainingOptions":	[]
					},
					"prebuiltLibs":	{
						"prebuiltIncPath":	[],
						"prebuiltLibPath":	[]
					},
					"isolation":	{
					}
				}]
		}]
}
TRACE::2024-11-08.03:17:38::SCWMssOS::cleaning the bsp 
TRACE::2024-11-08.03:17:38::SCWMssOS::System Command Ran  C: & cd  C:/Users/realk/Desktop/ece385/ECE385/lab7_2/try5_sdk/mb_usb_hdmi_top/microblaze_0/standalone_microblaze_0/bsp & make clean 
TRACE::2024-11-08.03:17:38::SCWMssOS::make -C microblaze_0/libsrc/bram_v4_8/src -s clean 

TRACE::2024-11-08.03:17:38::SCWMssOS::make -C microblaze_0/libsrc/cpu_v2_16/src -s clean 

TRACE::2024-11-08.03:17:38::SCWMssOS::make -C microblaze_0/libsrc/intc_v3_15/src -s clean 

TRACE::2024-11-08.03:17:38::SCWMssOS::make -C microblaze_0/libsrc/standalone_v8_0/src -s clean 

TRACE::2024-11-08.03:17:38::SCWMssOS::make -C microblaze_0/libsrc/uartlite_v3_7/src -s clean 

TRACE::2024-11-08.03:17:38::SCWMssOS::rm -f microblaze_0/lib/libxil.a

LOG::2024-11-08.03:17:44::SCWPlatform::Started generating the artifacts platform mb_usb_hdmi_top
TRACE::2024-11-08.03:17:44::SCWPlatform::Sanity checking of platform is completed
LOG::2024-11-08.03:17:44::SCWPlatform::Started generating the artifacts for system configuration mb_usb_hdmi_top
LOG::2024-11-08.03:17:44::SCWSystem::Checking the domain standalone_microblaze_0
LOG::2024-11-08.03:17:44::SCWSystem::Not a boot domain 
LOG::2024-11-08.03:17:44::SCWSystem::Started Processing the domain standalone_microblaze_0
TRACE::2024-11-08.03:17:44::SCWDomain::Generating domain artifcats
TRACE::2024-11-08.03:17:44::SCWMssOS::Generating standalone artifcats
TRACE::2024-11-08.03:17:44::SCWMssOS:: Copying the user libraries. 
TRACE::2024-11-08.03:17:44::SCWPlatform::Trying to open the hw design at C:/Users/realk/Desktop/ece385/ECE385/lab7_2/try5_sdk/mb_usb_hdmi_top/hw/mb_usb_hdmi_top.xsa
TRACE::2024-11-08.03:17:44::SCWPlatform::DSA given C:/Users/realk/Desktop/ece385/ECE385/lab7_2/try5_sdk/mb_usb_hdmi_top/hw/mb_usb_hdmi_top.xsa
TRACE::2024-11-08.03:17:44::SCWPlatform::DSA absoulate path C:/Users/realk/Desktop/ece385/ECE385/lab7_2/try5_sdk/mb_usb_hdmi_top/hw/mb_usb_hdmi_top.xsa
TRACE::2024-11-08.03:17:44::SCWPlatform::DSA directory C:/Users/realk/Desktop/ece385/ECE385/lab7_2/try5_sdk/mb_usb_hdmi_top/hw
TRACE::2024-11-08.03:17:44::SCWPlatform:: Platform Path C:/Users/realk/Desktop/ece385/ECE385/lab7_2/try5_sdk/mb_usb_hdmi_top/hw/mb_usb_hdmi_top.xsa
TRACE::2024-11-08.03:17:44::SCWPlatform:: Unique name xilinx:::0.0
TRACE::2024-11-08.03:17:44::SCWPlatform::Trying to set the existing hwdb with name mb_usb_hdmi_top_16
TRACE::2024-11-08.03:17:44::SCWPlatform::Opened existing hwdb mb_usb_hdmi_top_16
TRACE::2024-11-08.03:17:44::SCWPlatform::Found the Hw Db part of the input DSA
TRACE::2024-11-08.03:17:44::SCWMssOS::Checking the sw design at  C:/Users/realk/Desktop/ece385/ECE385/lab7_2/try5_sdk/mb_usb_hdmi_top/microblaze_0/standalone_microblaze_0/bsp/system.mss
TRACE::2024-11-08.03:17:44::SCWMssOS::DEBUG:  swdes dump  C:/Users/realk/Desktop/ece385/ECE385/lab7_2/try5_sdk/mb_usb_hdmi_top/microblaze_0/standalone_microblaze_0/bsp/system.mss|system||

TRACE::2024-11-08.03:17:44::SCWMssOS::Sw design exists and opened at  C:/Users/realk/Desktop/ece385/ECE385/lab7_2/try5_sdk/mb_usb_hdmi_top/microblaze_0/standalone_microblaze_0/bsp/system.mss
TRACE::2024-11-08.03:17:44::SCWMssOS::Completed writing the mss file at C:/Users/realk/Desktop/ece385/ECE385/lab7_2/try5_sdk/mb_usb_hdmi_top/microblaze_0/standalone_microblaze_0/bsp
TRACE::2024-11-08.03:17:44::SCWMssOS::Mss edits present, copying mssfile into export location C:/Users/realk/Desktop/ece385/ECE385/lab7_2/try5_sdk/mb_usb_hdmi_top/microblaze_0/standalone_microblaze_0/bsp/system.mss
TRACE::2024-11-08.03:17:44::SCWMssOS::bsp generated is stale removing and regenerating. 
TRACE::2024-11-08.03:17:45::SCWMssOS::doing bsp build ... 
TRACE::2024-11-08.03:17:45::SCWMssOS::System Command Ran  C: & cd  C:/Users/realk/Desktop/ece385/ECE385/lab7_2/try5_sdk/mb_usb_hdmi_top/microblaze_0/standalone_microblaze_0/bsp & make 
TRACE::2024-11-08.03:17:45::SCWMssOS::make --no-print-directory seq_libs

TRACE::2024-11-08.03:17:45::SCWMssOS::'Finished building libraries sequentially.'

TRACE::2024-11-08.03:17:45::SCWMssOS::make -j 14 --no-print-directory par_libs

TRACE::2024-11-08.03:17:45::SCWMssOS::"Running Make include in microblaze_0/libsrc/bram_v4_8/src"

TRACE::2024-11-08.03:17:45::SCWMssOS::make -C microblaze_0/libsrc/bram_v4_8/src -s include  "SHELL=CMD" "COMPILER=mb-gcc" "ASSEMBLER=mb-as" "ARCHIVER=mb-ar" "COMPILE
TRACE::2024-11-08.03:17:45::SCWMssOS::R_FLAGS=  -O2 -c -mcpu=v11.0 -mlittle-endian -mno-xl-reorder -mno-xl-soft-mul -mxl-barrel-shift -mxl-pattern-compare" "EXTRA_CO
TRACE::2024-11-08.03:17:45::SCWMssOS::MPILER_FLAGS=-g -ffunction-sections -fdata-sections -Wall -Wextra -fno-tree-loop-distribute-patterns"

TRACE::2024-11-08.03:17:45::SCWMssOS::"Running Make include in microblaze_0/libsrc/cpu_v2_16/src"

TRACE::2024-11-08.03:17:45::SCWMssOS::make -C microblaze_0/libsrc/cpu_v2_16/src -s include  "SHELL=CMD" "COMPILER=mb-gcc" "ASSEMBLER=mb-as" "ARCHIVER=mb-ar" "COMPILE
TRACE::2024-11-08.03:17:45::SCWMssOS::R_FLAGS=  -O2 -c -mcpu=v11.0 -mlittle-endian -mno-xl-reorder -mno-xl-soft-mul -mxl-barrel-shift -mxl-pattern-compare" "EXTRA_CO
TRACE::2024-11-08.03:17:45::SCWMssOS::MPILER_FLAGS=-g -ffunction-sections -fdata-sections -Wall -Wextra -fno-tree-loop-distribute-patterns"

TRACE::2024-11-08.03:17:45::SCWMssOS::"Running Make include in microblaze_0/libsrc/intc_v3_15/src"

TRACE::2024-11-08.03:17:45::SCWMssOS::make -C microblaze_0/libsrc/intc_v3_15/src -s include  "SHELL=CMD" "COMPILER=mb-gcc" "ASSEMBLER=mb-as" "ARCHIVER=mb-ar" "COMPIL
TRACE::2024-11-08.03:17:45::SCWMssOS::ER_FLAGS=  -O2 -c -mcpu=v11.0 -mlittle-endian -mno-xl-reorder -mno-xl-soft-mul -mxl-barrel-shift -mxl-pattern-compare" "EXTRA_C
TRACE::2024-11-08.03:17:45::SCWMssOS::OMPILER_FLAGS=-g -ffunction-sections -fdata-sections -Wall -Wextra -fno-tree-loop-distribute-patterns"

TRACE::2024-11-08.03:17:45::SCWMssOS::"Running Make include in microblaze_0/libsrc/standalone_v8_0/src"

TRACE::2024-11-08.03:17:45::SCWMssOS::make -C microblaze_0/libsrc/standalone_v8_0/src -s include  "SHELL=CMD" "COMPILER=mb-gcc" "ASSEMBLER=mb-as" "ARCHIVER=mb-ar" "C
TRACE::2024-11-08.03:17:45::SCWMssOS::OMPILER_FLAGS=  -O2 -c -mcpu=v11.0 -mlittle-endian -mno-xl-reorder -mno-xl-soft-mul -mxl-barrel-shift -mxl-pattern-compare" "EX
TRACE::2024-11-08.03:17:45::SCWMssOS::TRA_COMPILER_FLAGS=-g -ffunction-sections -fdata-sections -Wall -Wextra -fno-tree-loop-distribute-patterns"

TRACE::2024-11-08.03:17:45::SCWMssOS::"Running Make include in microblaze_0/libsrc/uartlite_v3_7/src"

TRACE::2024-11-08.03:17:45::SCWMssOS::make -C microblaze_0/libsrc/uartlite_v3_7/src -s include  "SHELL=CMD" "COMPILER=mb-gcc" "ASSEMBLER=mb-as" "ARCHIVER=mb-ar" "COM
TRACE::2024-11-08.03:17:45::SCWMssOS::PILER_FLAGS=  -O2 -c -mcpu=v11.0 -mlittle-endian -mno-xl-reorder -mno-xl-soft-mul -mxl-barrel-shift -mxl-pattern-compare" "EXTR
TRACE::2024-11-08.03:17:45::SCWMssOS::A_COMPILER_FLAGS=-g -ffunction-sections -fdata-sections -Wall -Wextra -fno-tree-loop-distribute-patterns"

TRACE::2024-11-08.03:17:45::SCWMssOS::"Running Make libs in microblaze_0/libsrc/bram_v4_8/src"

TRACE::2024-11-08.03:17:45::SCWMssOS::make -C microblaze_0/libsrc/bram_v4_8/src -s libs  "SHELL=CMD" "COMPILER=mb-gcc" "ASSEMBLER=mb-as" "ARCHIVER=mb-ar" "COMPILER_F
TRACE::2024-11-08.03:17:45::SCWMssOS::LAGS=  -O2 -c -mcpu=v11.0 -mlittle-endian -mno-xl-reorder -mno-xl-soft-mul -mxl-barrel-shift -mxl-pattern-compare" "EXTRA_COMPI
TRACE::2024-11-08.03:17:45::SCWMssOS::LER_FLAGS=-g -ffunction-sections -fdata-sections -Wall -Wextra -fno-tree-loop-distribute-patterns"

TRACE::2024-11-08.03:17:45::SCWMssOS::"Running Make libs in microblaze_0/libsrc/cpu_v2_16/src"

TRACE::2024-11-08.03:17:45::SCWMssOS::make -C microblaze_0/libsrc/cpu_v2_16/src -s libs  "SHELL=CMD" "COMPILER=mb-gcc" "ASSEMBLER=mb-as" "ARCHIVER=mb-ar" "COMPILER_F
TRACE::2024-11-08.03:17:45::SCWMssOS::LAGS=  -O2 -c -mcpu=v11.0 -mlittle-endian -mno-xl-reorder -mno-xl-soft-mul -mxl-barrel-shift -mxl-pattern-compare" "EXTRA_COMPI
TRACE::2024-11-08.03:17:45::SCWMssOS::LER_FLAGS=-g -ffunction-sections -fdata-sections -Wall -Wextra -fno-tree-loop-distribute-patterns"

TRACE::2024-11-08.03:17:45::SCWMssOS::"Running Make libs in microblaze_0/libsrc/intc_v3_15/src"

TRACE::2024-11-08.03:17:46::SCWMssOS::make -C microblaze_0/libsrc/intc_v3_15/src -s libs  "SHELL=CMD" "COMPILER=mb-gcc" "ASSEMBLER=mb-as" "ARCHIVER=mb-ar" "COMPILER_
TRACE::2024-11-08.03:17:46::SCWMssOS::FLAGS=  -O2 -c -mcpu=v11.0 -mlittle-endian -mno-xl-reorder -mno-xl-soft-mul -mxl-barrel-shift -mxl-pattern-compare" "EXTRA_COMP
TRACE::2024-11-08.03:17:46::SCWMssOS::ILER_FLAGS=-g -ffunction-sections -fdata-sections -Wall -Wextra -fno-tree-loop-distribute-patterns"

TRACE::2024-11-08.03:17:46::SCWMssOS::"Running Make libs in microblaze_0/libsrc/standalone_v8_0/src"

TRACE::2024-11-08.03:17:46::SCWMssOS::make -C microblaze_0/libsrc/standalone_v8_0/src -s libs  "SHELL=CMD" "COMPILER=mb-gcc" "ASSEMBLER=mb-as" "ARCHIVER=mb-ar" "COMP
TRACE::2024-11-08.03:17:46::SCWMssOS::ILER_FLAGS=  -O2 -c -mcpu=v11.0 -mlittle-endian -mno-xl-reorder -mno-xl-soft-mul -mxl-barrel-shift -mxl-pattern-compare" "EXTRA
TRACE::2024-11-08.03:17:46::SCWMssOS::_COMPILER_FLAGS=-g -ffunction-sections -fdata-sections -Wall -Wextra -fno-tree-loop-distribute-patterns"

TRACE::2024-11-08.03:17:46::SCWMssOS::"Running Make libs in microblaze_0/libsrc/uartlite_v3_7/src"

TRACE::2024-11-08.03:17:46::SCWMssOS::make -C microblaze_0/libsrc/uartlite_v3_7/src -s libs  "SHELL=CMD" "COMPILER=mb-gcc" "ASSEMBLER=mb-as" "ARCHIVER=mb-ar" "COMPIL
TRACE::2024-11-08.03:17:46::SCWMssOS::ER_FLAGS=  -O2 -c -mcpu=v11.0 -mlittle-endian -mno-xl-reorder -mno-xl-soft-mul -mxl-barrel-shift -mxl-pattern-compare" "EXTRA_C
TRACE::2024-11-08.03:17:46::SCWMssOS::OMPILER_FLAGS=-g -ffunction-sections -fdata-sections -Wall -Wextra -fno-tree-loop-distribute-patterns"

TRACE::2024-11-08.03:17:47::SCWMssOS::"DEBUG NON_LTO_OBJECTS is ../../../lib/microblaze_interrupt_handler.o"

TRACE::2024-11-08.03:17:47::SCWMssOS::'Finished building libraries parallelly.'

TRACE::2024-11-08.03:17:47::SCWMssOS::make --no-print-directory archive

TRACE::2024-11-08.03:17:47::SCWMssOS::mb-ar -r  microblaze_0/lib/libxil.a microblaze_0/lib/_exit.o microblaze_0/lib/errno.o microblaze_0/lib/fcntl.o microblaze_0/lib
TRACE::2024-11-08.03:17:47::SCWMssOS::/hw_exception_handler.o microblaze_0/lib/inbyte.o microblaze_0/lib/microblaze_disable_dcache.o microblaze_0/lib/microblaze_disa
TRACE::2024-11-08.03:17:47::SCWMssOS::ble_exceptions.o microblaze_0/lib/microblaze_disable_icache.o microblaze_0/lib/microblaze_disable_interrupts.o microblaze_0/lib
TRACE::2024-11-08.03:17:47::SCWMssOS::/microblaze_enable_dcache.o microblaze_0/lib/microblaze_enable_exceptions.o microblaze_0/lib/microblaze_enable_icache.o microbl
TRACE::2024-11-08.03:17:47::SCWMssOS::aze_0/lib/microblaze_enable_interrupts.o microblaze_0/lib/microblaze_exception_handler.o microblaze_0/lib/microblaze_flush_cach
TRACE::2024-11-08.03:17:47::SCWMssOS::e_ext.o microblaze_0/lib/microblaze_flush_cache_ext_range.o microblaze_0/lib/microblaze_flush_dcache.o microblaze_0/lib/microbl
TRACE::2024-11-08.03:17:47::SCWMssOS::aze_flush_dcache_range.o microblaze_0/lib/microblaze_init_dcache_range.o microblaze_0/lib/microblaze_init_icache_range.o microb
TRACE::2024-11-08.03:17:47::SCWMssOS::laze_0/lib/microblaze_interrupt_handler.o microblaze_0/lib/microblaze_interrupts_g.o microblaze_0/lib/microblaze_invalidate_cac
TRACE::2024-11-08.03:17:47::SCWMssOS::he_ext.o microblaze_0/lib/microblaze_invalidate_cache_ext_range.o microblaze_0/lib/microblaze_invalidate_dcache.o microblaze_0/
TRACE::2024-11-08.03:17:47::SCWMssOS::lib/microblaze_invalidate_dcache_range.o microblaze_0/lib/microblaze_invalidate_icache.o microblaze_0/lib/microblaze_invalidate
TRACE::2024-11-08.03:17:47::SCWMssOS::_icache_range.o microblaze_0/lib/microblaze_scrub.o microblaze_0/lib/microblaze_selftest.o microblaze_0/lib/microblaze_sleep.o 
TRACE::2024-11-08.03:17:47::SCWMssOS::microblaze_0/lib/microblaze_update_dcache.o microblaze_0/lib/microblaze_update_icache.o microblaze_0/lib/outbyte.o microblaze_0
TRACE::2024-11-08.03:17:47::SCWMssOS::/lib/print.o microblaze_0/lib/pvr.o microblaze_0/lib/xbram.o microblaze_0/lib/xbram_g.o microblaze_0/lib/xbram_intr.o microblaz
TRACE::2024-11-08.03:17:47::SCWMssOS::e_0/lib/xbram_selftest.o microblaze_0/lib/xbram_sinit.o microblaze_0/lib/xil_assert.o microblaze_0/lib/xil_cache.o microblaze_0
TRACE::2024-11-08.03:17:47::SCWMssOS::/lib/xil_clocking.o microblaze_0/lib/xil_exception.o microblaze_0/lib/xil_mem.o microblaze_0/lib/xil_misc_psreset_api.o microbl
TRACE::2024-11-08.03:17:47::SCWMssOS::aze_0/lib/xil_printf.o microblaze_0/lib/xil_sleepcommon.o microblaze_0/lib/xil_testcache.o microblaze_0/lib/xil_testio.o microb
TRACE::2024-11-08.03:17:47::SCWMssOS::laze_0/lib/xil_testmem.o microblaze_0/lib/xil_util.o microblaze_0/lib/xintc.o microblaze_0/lib/xintc_g.o microblaze_0/lib/xintc
TRACE::2024-11-08.03:17:47::SCWMssOS::_intr.o microblaze_0/lib/xintc_l.o microblaze_0/lib/xintc_options.o microblaze_0/lib/xintc_selftest.o microblaze_0/lib/xinterru
TRACE::2024-11-08.03:17:47::SCWMssOS::pt_wrap.o microblaze_0/lib/xio.o microblaze_0/lib/xplatform_info.o microblaze_0/lib/xuartlite.o microblaze_0/lib/xuartlite_g.o 
TRACE::2024-11-08.03:17:47::SCWMssOS::microblaze_0/lib/xuartlite_intr.o microblaze_0/lib/xuartlite_l.o microblaze_0/lib/xuartlite_selftest.o microblaze_0/lib/xuartli
TRACE::2024-11-08.03:17:47::SCWMssOS::te_sinit.o microblaze_0/lib/xuartlite_stats.o

TRACE::2024-11-08.03:17:47::SCWMssOS::'Finished building libraries'

TRACE::2024-11-08.03:17:47::SCWMssOS:: Checking if to create the Supporting Applications
TRACE::2024-11-08.03:17:47::SCWMssOS:: No Linux domain exists, trying to generate FSBL 
LOG::2024-11-08.03:17:47::SCWSystem::Completed Processing the domain standalone_microblaze_0
LOG::2024-11-08.03:17:47::SCWSystem::Completed Processing the sysconfig mb_usb_hdmi_top
LOG::2024-11-08.03:17:47::SCWPlatform::Completed generating the artifacts for system configuration mb_usb_hdmi_top
TRACE::2024-11-08.03:17:47::SCWPlatform::Started preparing the platform 
TRACE::2024-11-08.03:17:47::SCWSystem::Writing the bif file for system config mb_usb_hdmi_top
TRACE::2024-11-08.03:17:47::SCWSystem::dir created 
TRACE::2024-11-08.03:17:47::SCWSystem::Writing the bif 
TRACE::2024-11-08.03:17:47::SCWPlatform::Started writing the spfm file 
TRACE::2024-11-08.03:17:47::SCWPlatform::Started writing the xpfm file 
TRACE::2024-11-08.03:17:47::SCWPlatform::Completed generating the platform
TRACE::2024-11-08.03:17:47::SCWMssOS::Saving the mss changes C:/Users/realk/Desktop/ece385/ECE385/lab7_2/try5_sdk/mb_usb_hdmi_top/microblaze_0/standalone_microblaze_0/bsp/system.mss
TRACE::2024-11-08.03:17:47::SCWMssOS::Adding the swdes entry, mss present, able to open swdb C:/Users/realk/Desktop/ece385/ECE385/lab7_2/try5_sdk/mb_usb_hdmi_top/microblaze_0/standalone_microblaze_0/bsp/system.mss with des name system
TRACE::2024-11-08.03:17:47::SCWMssOS::Writing the mss file completed C:/Users/realk/Desktop/ece385/ECE385/lab7_2/try5_sdk/mb_usb_hdmi_top/microblaze_0/standalone_microblaze_0/bsp/system.mss
TRACE::2024-11-08.03:17:47::SCWMssOS::Commit changes completed.
TRACE::2024-11-08.03:17:47::SCWPlatform::Trying to open the hw design at C:/Users/realk/Desktop/ece385/ECE385/lab7_2/try5_sdk/mb_usb_hdmi_top/hw/mb_usb_hdmi_top.xsa
TRACE::2024-11-08.03:17:47::SCWPlatform::DSA given C:/Users/realk/Desktop/ece385/ECE385/lab7_2/try5_sdk/mb_usb_hdmi_top/hw/mb_usb_hdmi_top.xsa
TRACE::2024-11-08.03:17:47::SCWPlatform::DSA absoulate path C:/Users/realk/Desktop/ece385/ECE385/lab7_2/try5_sdk/mb_usb_hdmi_top/hw/mb_usb_hdmi_top.xsa
TRACE::2024-11-08.03:17:47::SCWPlatform::DSA directory C:/Users/realk/Desktop/ece385/ECE385/lab7_2/try5_sdk/mb_usb_hdmi_top/hw
TRACE::2024-11-08.03:17:47::SCWPlatform:: Platform Path C:/Users/realk/Desktop/ece385/ECE385/lab7_2/try5_sdk/mb_usb_hdmi_top/hw/mb_usb_hdmi_top.xsa
TRACE::2024-11-08.03:17:47::SCWPlatform:: Unique name xilinx:::0.0
TRACE::2024-11-08.03:17:47::SCWPlatform::Trying to set the existing hwdb with name mb_usb_hdmi_top_16
TRACE::2024-11-08.03:17:47::SCWPlatform::Opened existing hwdb mb_usb_hdmi_top_16
TRACE::2024-11-08.03:17:47::SCWPlatform::Found the Hw Db part of the input DSA
TRACE::2024-11-08.03:17:47::SCWMssOS::Checking the sw design at  C:/Users/realk/Desktop/ece385/ECE385/lab7_2/try5_sdk/mb_usb_hdmi_top/microblaze_0/standalone_microblaze_0/bsp/system.mss
TRACE::2024-11-08.03:17:47::SCWMssOS::DEBUG:  swdes dump  C:/Users/realk/Desktop/ece385/ECE385/lab7_2/try5_sdk/mb_usb_hdmi_top/microblaze_0/standalone_microblaze_0/bsp/system.mss|system||

TRACE::2024-11-08.03:17:47::SCWMssOS::Sw design exists and opened at  C:/Users/realk/Desktop/ece385/ECE385/lab7_2/try5_sdk/mb_usb_hdmi_top/microblaze_0/standalone_microblaze_0/bsp/system.mss
TRACE::2024-11-08.03:17:47::SCWWriter::formatted JSON is {
	"platformName":	"mb_usb_hdmi_top",
	"sprVersion":	"2.0",
	"mode":	"gui",
	"dsaType":	"Fixed",
	"platformDesc":	"mb_usb_hdmi_top",
	"platHandOff":	"C:/Users/realk/Desktop/ece385/ECE385/lab7_2/mb_usb_hdmi_top.xsa",
	"platIntHandOff":	"<platformDir>/hw/mb_usb_hdmi_top.xsa",
	"deviceType":	"FPGA",
	"platIsPrebuiltAutogen":	"false",
	"platIsNoBootBsp":	"false",
	"hasFsblMakeHasChanges":	"false",
	"hasPmufwMakeHasChanges":	"false",
	"platPreBuiltFlag":	false,
	"platformSamplesDir":	"",
	"platActiveSys":	"mb_usb_hdmi_top",
	"systems":	[{
			"systemName":	"mb_usb_hdmi_top",
			"systemDesc":	"mb_usb_hdmi_top",
			"sysIsBootAutoGen":	"true",
			"systemDispName":	"mb_usb_hdmi_top",
			"sysActiveDom":	"standalone_microblaze_0",
			"sysDefaultDom":	"standalone_microblaze_0",
			"domains":	[{
					"domainName":	"standalone_microblaze_0",
					"domainDispName":	"standalone_microblaze_0",
					"domainDesc":	"standalone_microblaze_0",
					"processors":	"microblaze_0",
					"os":	"standalone",
					"sdxOs":	"standalone",
					"debugEnable":	"False",
					"domRuntimes":	["cpp"],
					"swRepo":	"",
					"mssOsVer":	"8.0",
					"mssFile":	"",
					"md5Digest":	"5422c1e5be4ae93f4de8c50507402f2a",
					"compatibleApp":	"",
					"domType":	"mssDomain",
					"arch":	"32-bit",
					"appSettings":	{
						"appCompilerFlags":	"",
						"appLinkerFlags":	""
					},
					"addedLibs":	[],
					"libOptions":	{
						"libsContainingOptions":	[]
					},
					"prebuiltLibs":	{
						"prebuiltIncPath":	[],
						"prebuiltLibPath":	[]
					},
					"isolation":	{
					}
				}]
		}]
}
KEYINFO::2024-11-08.03:17:47::SCWPlatform::updated the xpfm file.
TRACE::2024-11-08.03:17:48::SCWPlatform::Trying to open the hw design at C:/Users/realk/Desktop/ece385/ECE385/lab7_2/try5_sdk/mb_usb_hdmi_top/hw/mb_usb_hdmi_top.xsa
TRACE::2024-11-08.03:17:48::SCWPlatform::DSA given C:/Users/realk/Desktop/ece385/ECE385/lab7_2/try5_sdk/mb_usb_hdmi_top/hw/mb_usb_hdmi_top.xsa
TRACE::2024-11-08.03:17:48::SCWPlatform::DSA absoulate path C:/Users/realk/Desktop/ece385/ECE385/lab7_2/try5_sdk/mb_usb_hdmi_top/hw/mb_usb_hdmi_top.xsa
TRACE::2024-11-08.03:17:48::SCWPlatform::DSA directory C:/Users/realk/Desktop/ece385/ECE385/lab7_2/try5_sdk/mb_usb_hdmi_top/hw
TRACE::2024-11-08.03:17:48::SCWPlatform:: Platform Path C:/Users/realk/Desktop/ece385/ECE385/lab7_2/try5_sdk/mb_usb_hdmi_top/hw/mb_usb_hdmi_top.xsa
TRACE::2024-11-08.03:17:48::SCWPlatform:: Unique name xilinx:::0.0
TRACE::2024-11-08.03:17:48::SCWPlatform::Trying to set the existing hwdb with name mb_usb_hdmi_top_16
TRACE::2024-11-08.03:17:48::SCWPlatform::Opened existing hwdb mb_usb_hdmi_top_16
TRACE::2024-11-08.03:17:48::SCWPlatform::Found the Hw Db part of the input DSA
TRACE::2024-11-08.03:17:48::SCWMssOS::Checking the sw design at  C:/Users/realk/Desktop/ece385/ECE385/lab7_2/try5_sdk/mb_usb_hdmi_top/microblaze_0/standalone_microblaze_0/bsp/system.mss
TRACE::2024-11-08.03:17:48::SCWMssOS::DEBUG:  swdes dump  C:/Users/realk/Desktop/ece385/ECE385/lab7_2/try5_sdk/mb_usb_hdmi_top/microblaze_0/standalone_microblaze_0/bsp/system.mss|system||

TRACE::2024-11-08.03:17:48::SCWMssOS::Sw design exists and opened at  C:/Users/realk/Desktop/ece385/ECE385/lab7_2/try5_sdk/mb_usb_hdmi_top/microblaze_0/standalone_microblaze_0/bsp/system.mss
TRACE::2024-11-08.04:15:01::SCWPlatform::Clearing the existing platform
TRACE::2024-11-08.04:15:01::SCWSystem::Clearing the existing sysconfig
TRACE::2024-11-08.04:15:01::SCWMssOS::Removing the swdes entry for  C:/Users/realk/Desktop/ece385/ECE385/lab7_2/try5_sdk/mb_usb_hdmi_top/microblaze_0/standalone_microblaze_0/bsp/system.mss
TRACE::2024-11-08.04:15:01::SCWSystem::Clearing the domains completed.
TRACE::2024-11-08.04:15:01::SCWPlatform::Clearing the opened hw db.
TRACE::2024-11-08.04:15:01::SCWPlatform::DSA given C:/Users/realk/Desktop/ece385/ECE385/lab7_2/try5_sdk/mb_usb_hdmi_top/hw/mb_usb_hdmi_top.xsa
TRACE::2024-11-08.04:15:01::SCWPlatform::DSA absoulate path C:/Users/realk/Desktop/ece385/ECE385/lab7_2/try5_sdk/mb_usb_hdmi_top/hw/mb_usb_hdmi_top.xsa
TRACE::2024-11-08.04:15:01::SCWPlatform:: Platform location is C:/Users/realk/Desktop/ece385/ECE385/lab7_2/try5_sdk/mb_usb_hdmi_top/hw
TRACE::2024-11-08.04:15:01::SCWPlatform:: Platform Path C:/Users/realk/Desktop/ece385/ECE385/lab7_2/try5_sdk/mb_usb_hdmi_top/hw/mb_usb_hdmi_top.xsa
TRACE::2024-11-08.04:15:01::SCWPlatform:: Unique name xilinx:::0.0
TRACE::2024-11-08.04:15:01::SCWPlatform::Removing the HwDB with name C:/Users/realk/Desktop/ece385/ECE385/lab7_2/try5_sdk/mb_usb_hdmi_top/hw/mb_usb_hdmi_top.xsa
TRACE::2024-11-08.04:15:01::SCWPlatform::Trying to open the hw design at C:/Users/realk/Desktop/ece385/ECE385/lab7_2/try5_sdk/mb_usb_hdmi_top/hw/mb_usb_hdmi_top.xsa
TRACE::2024-11-08.04:15:01::SCWPlatform::DSA given C:/Users/realk/Desktop/ece385/ECE385/lab7_2/try5_sdk/mb_usb_hdmi_top/hw/mb_usb_hdmi_top.xsa
TRACE::2024-11-08.04:15:01::SCWPlatform::DSA absoulate path C:/Users/realk/Desktop/ece385/ECE385/lab7_2/try5_sdk/mb_usb_hdmi_top/hw/mb_usb_hdmi_top.xsa
TRACE::2024-11-08.04:15:01::SCWPlatform::DSA directory C:/Users/realk/Desktop/ece385/ECE385/lab7_2/try5_sdk/mb_usb_hdmi_top/hw
TRACE::2024-11-08.04:15:01::SCWPlatform:: Platform Path C:/Users/realk/Desktop/ece385/ECE385/lab7_2/try5_sdk/mb_usb_hdmi_top/hw/mb_usb_hdmi_top.xsa
TRACE::2024-11-08.04:15:01::SCWPlatform:: Unique name xilinx:::0.0
TRACE::2024-11-08.04:15:01::SCWPlatform::Do not have an existing db opened. 
TRACE::2024-11-08.04:15:01::SCWPlatform::Opened new HwDB with name mb_usb_hdmi_top_18
TRACE::2024-11-08.04:15:01::SCWReader::Active system found as  mb_usb_hdmi_top
TRACE::2024-11-08.04:15:01::SCWReader::Handling sysconfig mb_usb_hdmi_top
TRACE::2024-11-08.04:15:01::SCWDomain::checking for install qemu data   : 
TRACE::2024-11-08.04:15:01::SCWPlatform::Trying to open the hw design at C:/Users/realk/Desktop/ece385/ECE385/lab7_2/try5_sdk/mb_usb_hdmi_top/hw/mb_usb_hdmi_top.xsa
TRACE::2024-11-08.04:15:01::SCWPlatform::DSA given C:/Users/realk/Desktop/ece385/ECE385/lab7_2/try5_sdk/mb_usb_hdmi_top/hw/mb_usb_hdmi_top.xsa
TRACE::2024-11-08.04:15:01::SCWPlatform::DSA absoulate path C:/Users/realk/Desktop/ece385/ECE385/lab7_2/try5_sdk/mb_usb_hdmi_top/hw/mb_usb_hdmi_top.xsa
TRACE::2024-11-08.04:15:01::SCWPlatform::DSA directory C:/Users/realk/Desktop/ece385/ECE385/lab7_2/try5_sdk/mb_usb_hdmi_top/hw
TRACE::2024-11-08.04:15:01::SCWPlatform:: Platform Path C:/Users/realk/Desktop/ece385/ECE385/lab7_2/try5_sdk/mb_usb_hdmi_top/hw/mb_usb_hdmi_top.xsa
TRACE::2024-11-08.04:15:01::SCWPlatform:: Unique name xilinx:::0.0
TRACE::2024-11-08.04:15:01::SCWPlatform::Trying to set the existing hwdb with name mb_usb_hdmi_top_18
TRACE::2024-11-08.04:15:01::SCWPlatform::Opened existing hwdb mb_usb_hdmi_top_18
TRACE::2024-11-08.04:15:01::SCWPlatform::Found the Hw Db part of the input DSA
TRACE::2024-11-08.04:15:01::SCWPlatform::Trying to open the hw design at C:/Users/realk/Desktop/ece385/ECE385/lab7_2/try5_sdk/mb_usb_hdmi_top/hw/mb_usb_hdmi_top.xsa
TRACE::2024-11-08.04:15:01::SCWPlatform::DSA given C:/Users/realk/Desktop/ece385/ECE385/lab7_2/try5_sdk/mb_usb_hdmi_top/hw/mb_usb_hdmi_top.xsa
TRACE::2024-11-08.04:15:01::SCWPlatform::DSA absoulate path C:/Users/realk/Desktop/ece385/ECE385/lab7_2/try5_sdk/mb_usb_hdmi_top/hw/mb_usb_hdmi_top.xsa
TRACE::2024-11-08.04:15:01::SCWPlatform::DSA directory C:/Users/realk/Desktop/ece385/ECE385/lab7_2/try5_sdk/mb_usb_hdmi_top/hw
TRACE::2024-11-08.04:15:01::SCWPlatform:: Platform Path C:/Users/realk/Desktop/ece385/ECE385/lab7_2/try5_sdk/mb_usb_hdmi_top/hw/mb_usb_hdmi_top.xsa
TRACE::2024-11-08.04:15:01::SCWPlatform:: Unique name xilinx:::0.0
TRACE::2024-11-08.04:15:01::SCWPlatform::Trying to set the existing hwdb with name mb_usb_hdmi_top_18
TRACE::2024-11-08.04:15:01::SCWPlatform::Opened existing hwdb mb_usb_hdmi_top_18
TRACE::2024-11-08.04:15:01::SCWPlatform::Found the Hw Db part of the input DSA
TRACE::2024-11-08.04:15:01::SCWPlatform::Trying to open the hw design at C:/Users/realk/Desktop/ece385/ECE385/lab7_2/try5_sdk/mb_usb_hdmi_top/hw/mb_usb_hdmi_top.xsa
TRACE::2024-11-08.04:15:01::SCWPlatform::DSA given C:/Users/realk/Desktop/ece385/ECE385/lab7_2/try5_sdk/mb_usb_hdmi_top/hw/mb_usb_hdmi_top.xsa
TRACE::2024-11-08.04:15:01::SCWPlatform::DSA absoulate path C:/Users/realk/Desktop/ece385/ECE385/lab7_2/try5_sdk/mb_usb_hdmi_top/hw/mb_usb_hdmi_top.xsa
TRACE::2024-11-08.04:15:01::SCWPlatform::DSA directory C:/Users/realk/Desktop/ece385/ECE385/lab7_2/try5_sdk/mb_usb_hdmi_top/hw
TRACE::2024-11-08.04:15:01::SCWPlatform:: Platform Path C:/Users/realk/Desktop/ece385/ECE385/lab7_2/try5_sdk/mb_usb_hdmi_top/hw/mb_usb_hdmi_top.xsa
TRACE::2024-11-08.04:15:01::SCWPlatform:: Unique name xilinx:::0.0
TRACE::2024-11-08.04:15:01::SCWPlatform::Trying to set the existing hwdb with name mb_usb_hdmi_top_18
TRACE::2024-11-08.04:15:01::SCWPlatform::Opened existing hwdb mb_usb_hdmi_top_18
TRACE::2024-11-08.04:15:01::SCWPlatform::Found the Hw Db part of the input DSA
TRACE::2024-11-08.04:15:01::SCWPlatform::Trying to open the hw design at C:/Users/realk/Desktop/ece385/ECE385/lab7_2/try5_sdk/mb_usb_hdmi_top/hw/mb_usb_hdmi_top.xsa
TRACE::2024-11-08.04:15:01::SCWPlatform::DSA given C:/Users/realk/Desktop/ece385/ECE385/lab7_2/try5_sdk/mb_usb_hdmi_top/hw/mb_usb_hdmi_top.xsa
TRACE::2024-11-08.04:15:01::SCWPlatform::DSA absoulate path C:/Users/realk/Desktop/ece385/ECE385/lab7_2/try5_sdk/mb_usb_hdmi_top/hw/mb_usb_hdmi_top.xsa
TRACE::2024-11-08.04:15:01::SCWPlatform::DSA directory C:/Users/realk/Desktop/ece385/ECE385/lab7_2/try5_sdk/mb_usb_hdmi_top/hw
TRACE::2024-11-08.04:15:01::SCWPlatform:: Platform Path C:/Users/realk/Desktop/ece385/ECE385/lab7_2/try5_sdk/mb_usb_hdmi_top/hw/mb_usb_hdmi_top.xsa
TRACE::2024-11-08.04:15:01::SCWPlatform:: Unique name xilinx:::0.0
TRACE::2024-11-08.04:15:01::SCWPlatform::Trying to set the existing hwdb with name mb_usb_hdmi_top_18
TRACE::2024-11-08.04:15:01::SCWPlatform::Opened existing hwdb mb_usb_hdmi_top_18
TRACE::2024-11-08.04:15:01::SCWPlatform::Found the Hw Db part of the input DSA
TRACE::2024-11-08.04:15:01::SCWMssOS::Checking the sw design at  C:/Users/realk/Desktop/ece385/ECE385/lab7_2/try5_sdk/mb_usb_hdmi_top/microblaze_0/standalone_microblaze_0/bsp/system.mss
TRACE::2024-11-08.04:15:01::SCWMssOS::DEBUG:  swdes dump  
TRACE::2024-11-08.04:15:01::SCWMssOS::No sw design opened at  C:/Users/realk/Desktop/ece385/ECE385/lab7_2/try5_sdk/mb_usb_hdmi_top/microblaze_0/standalone_microblaze_0/bsp/system.mss
TRACE::2024-11-08.04:15:01::SCWMssOS::mss exists loading the mss file  C:/Users/realk/Desktop/ece385/ECE385/lab7_2/try5_sdk/mb_usb_hdmi_top/microblaze_0/standalone_microblaze_0/bsp/system.mss
TRACE::2024-11-08.04:15:01::SCWMssOS::Opened the sw design from mss  C:/Users/realk/Desktop/ece385/ECE385/lab7_2/try5_sdk/mb_usb_hdmi_top/microblaze_0/standalone_microblaze_0/bsp/system.mss
TRACE::2024-11-08.04:15:01::SCWMssOS::Adding the swdes entry C:/Users/realk/Desktop/ece385/ECE385/lab7_2/try5_sdk/mb_usb_hdmi_top/microblaze_0/standalone_microblaze_0/bsp/system.mss with des name system
TRACE::2024-11-08.04:15:01::SCWMssOS::updating the scw layer about changes
TRACE::2024-11-08.04:15:01::SCWMssOS::Opened the sw design.  C:/Users/realk/Desktop/ece385/ECE385/lab7_2/try5_sdk/mb_usb_hdmi_top/microblaze_0/standalone_microblaze_0/bsp/system.mss
TRACE::2024-11-08.04:15:01::SCWMssOS::Saving the mss changes C:/Users/realk/Desktop/ece385/ECE385/lab7_2/try5_sdk/mb_usb_hdmi_top/microblaze_0/standalone_microblaze_0/bsp/system.mss
TRACE::2024-11-08.04:15:01::SCWMssOS::Found a swdesign opened with the mssfile.
TRACE::2024-11-08.04:15:01::SCWMssOS::Completed writemss as part of save.
TRACE::2024-11-08.04:15:01::SCWMssOS::Commit changes completed.
TRACE::2024-11-08.04:15:01::SCWReader::Adding prebuilt librarypaths as   
TRACE::2024-11-08.04:15:01::SCWReader::Adding prebuilt incpaths  as   
TRACE::2024-11-08.04:15:01::SCWPlatform::Trying to open the hw design at C:/Users/realk/Desktop/ece385/ECE385/lab7_2/try5_sdk/mb_usb_hdmi_top/hw/mb_usb_hdmi_top.xsa
TRACE::2024-11-08.04:15:01::SCWPlatform::DSA given C:/Users/realk/Desktop/ece385/ECE385/lab7_2/try5_sdk/mb_usb_hdmi_top/hw/mb_usb_hdmi_top.xsa
TRACE::2024-11-08.04:15:01::SCWPlatform::DSA absoulate path C:/Users/realk/Desktop/ece385/ECE385/lab7_2/try5_sdk/mb_usb_hdmi_top/hw/mb_usb_hdmi_top.xsa
TRACE::2024-11-08.04:15:01::SCWPlatform::DSA directory C:/Users/realk/Desktop/ece385/ECE385/lab7_2/try5_sdk/mb_usb_hdmi_top/hw
TRACE::2024-11-08.04:15:01::SCWPlatform:: Platform Path C:/Users/realk/Desktop/ece385/ECE385/lab7_2/try5_sdk/mb_usb_hdmi_top/hw/mb_usb_hdmi_top.xsa
TRACE::2024-11-08.04:15:01::SCWPlatform:: Unique name xilinx:::0.0
TRACE::2024-11-08.04:15:01::SCWPlatform::Trying to set the existing hwdb with name mb_usb_hdmi_top_18
TRACE::2024-11-08.04:15:01::SCWPlatform::Opened existing hwdb mb_usb_hdmi_top_18
TRACE::2024-11-08.04:15:01::SCWPlatform::Found the Hw Db part of the input DSA
TRACE::2024-11-08.04:15:01::SCWMssOS::Checking the sw design at  C:/Users/realk/Desktop/ece385/ECE385/lab7_2/try5_sdk/mb_usb_hdmi_top/microblaze_0/standalone_microblaze_0/bsp/system.mss
TRACE::2024-11-08.04:15:01::SCWMssOS::DEBUG:  swdes dump  C:/Users/realk/Desktop/ece385/ECE385/lab7_2/try5_sdk/mb_usb_hdmi_top/microblaze_0/standalone_microblaze_0/bsp/system.mss|system||

TRACE::2024-11-08.04:15:01::SCWMssOS::Sw design exists and opened at  C:/Users/realk/Desktop/ece385/ECE385/lab7_2/try5_sdk/mb_usb_hdmi_top/microblaze_0/standalone_microblaze_0/bsp/system.mss
TRACE::2024-11-08.04:15:01::SCWReader::No isolation master present  
TRACE::2024-11-08.04:15:12::SCWPlatform::DSA given C:/Users/realk/Desktop/ece385/ECE385/lab7_2/try5_sdk/mb_usb_hdmi_top/tempdsa/mb_usb_hdmi_top.xsa
TRACE::2024-11-08.04:15:12::SCWPlatform::DSA absoulate path C:/Users/realk/Desktop/ece385/ECE385/lab7_2/try5_sdk/mb_usb_hdmi_top/tempdsa/mb_usb_hdmi_top.xsa
TRACE::2024-11-08.04:15:12::SCWPlatform:: Platform location is C:/Users/realk/Desktop/ece385/ECE385/lab7_2/try5_sdk/mb_usb_hdmi_top/tempdsa
TRACE::2024-11-08.04:15:12::SCWPlatform:: Platform Path C:/Users/realk/Desktop/ece385/ECE385/lab7_2/try5_sdk/mb_usb_hdmi_top/tempdsa/mb_usb_hdmi_top.xsa
TRACE::2024-11-08.04:15:12::SCWPlatform:: Unique name xilinx:::0.0
TRACE::2024-11-08.04:15:12::SCWPlatform::Found the Hw Db part of the input DSA
TRACE::2024-11-08.04:15:12::SCWMssOS::Doing hw sync for the mss in domain: standalone_microblaze_0
TRACE::2024-11-08.04:15:12::SCWPlatform::Trying to open the hw design at C:/Users/realk/Desktop/ece385/ECE385/lab7_2/try5_sdk/mb_usb_hdmi_top/hw/mb_usb_hdmi_top.xsa
TRACE::2024-11-08.04:15:12::SCWPlatform::DSA given C:/Users/realk/Desktop/ece385/ECE385/lab7_2/try5_sdk/mb_usb_hdmi_top/hw/mb_usb_hdmi_top.xsa
TRACE::2024-11-08.04:15:12::SCWPlatform::DSA absoulate path C:/Users/realk/Desktop/ece385/ECE385/lab7_2/try5_sdk/mb_usb_hdmi_top/hw/mb_usb_hdmi_top.xsa
TRACE::2024-11-08.04:15:12::SCWPlatform::DSA directory C:/Users/realk/Desktop/ece385/ECE385/lab7_2/try5_sdk/mb_usb_hdmi_top/hw
TRACE::2024-11-08.04:15:12::SCWPlatform:: Platform Path C:/Users/realk/Desktop/ece385/ECE385/lab7_2/try5_sdk/mb_usb_hdmi_top/hw/mb_usb_hdmi_top.xsa
TRACE::2024-11-08.04:15:12::SCWPlatform:: Unique name xilinx:::0.0
TRACE::2024-11-08.04:15:12::SCWPlatform::Trying to set the existing hwdb with name mb_usb_hdmi_top_18
TRACE::2024-11-08.04:15:12::SCWPlatform::Opened existing hwdb mb_usb_hdmi_top_18
TRACE::2024-11-08.04:15:12::SCWPlatform::Found the Hw Db part of the input DSA
TRACE::2024-11-08.04:15:12::SCWPlatform::Trying to open the hw design at C:/Users/realk/Desktop/ece385/ECE385/lab7_2/try5_sdk/mb_usb_hdmi_top/hw/mb_usb_hdmi_top.xsa
TRACE::2024-11-08.04:15:12::SCWPlatform::DSA given C:/Users/realk/Desktop/ece385/ECE385/lab7_2/try5_sdk/mb_usb_hdmi_top/hw/mb_usb_hdmi_top.xsa
TRACE::2024-11-08.04:15:12::SCWPlatform::DSA absoulate path C:/Users/realk/Desktop/ece385/ECE385/lab7_2/try5_sdk/mb_usb_hdmi_top/hw/mb_usb_hdmi_top.xsa
TRACE::2024-11-08.04:15:12::SCWPlatform::DSA directory C:/Users/realk/Desktop/ece385/ECE385/lab7_2/try5_sdk/mb_usb_hdmi_top/hw
TRACE::2024-11-08.04:15:12::SCWPlatform:: Platform Path C:/Users/realk/Desktop/ece385/ECE385/lab7_2/try5_sdk/mb_usb_hdmi_top/hw/mb_usb_hdmi_top.xsa
TRACE::2024-11-08.04:15:12::SCWPlatform:: Unique name xilinx:::0.0
TRACE::2024-11-08.04:15:12::SCWPlatform::Trying to set the existing hwdb with name mb_usb_hdmi_top_18
TRACE::2024-11-08.04:15:12::SCWPlatform::Opened existing hwdb mb_usb_hdmi_top_18
TRACE::2024-11-08.04:15:12::SCWPlatform::Found the Hw Db part of the input DSA
TRACE::2024-11-08.04:15:12::SCWMssOS::Checking the sw design at  C:/Users/realk/Desktop/ece385/ECE385/lab7_2/try5_sdk/mb_usb_hdmi_top/microblaze_0/standalone_microblaze_0/bsp/system.mss
TRACE::2024-11-08.04:15:12::SCWMssOS::DEBUG:  swdes dump  C:/Users/realk/Desktop/ece385/ECE385/lab7_2/try5_sdk/mb_usb_hdmi_top/microblaze_0/standalone_microblaze_0/bsp/system.mss|system||

TRACE::2024-11-08.04:15:12::SCWMssOS::Sw design exists and opened at  C:/Users/realk/Desktop/ece385/ECE385/lab7_2/try5_sdk/mb_usb_hdmi_top/microblaze_0/standalone_microblaze_0/bsp/system.mss
TRACE::2024-11-08.04:15:12::SCWPlatform::Trying to open the hw design at C:/Users/realk/Desktop/ece385/ECE385/lab7_2/try5_sdk/mb_usb_hdmi_top/tempdsa/mb_usb_hdmi_top.xsa
TRACE::2024-11-08.04:15:12::SCWPlatform::DSA given C:/Users/realk/Desktop/ece385/ECE385/lab7_2/try5_sdk/mb_usb_hdmi_top/tempdsa/mb_usb_hdmi_top.xsa
TRACE::2024-11-08.04:15:12::SCWPlatform::DSA absoulate path C:/Users/realk/Desktop/ece385/ECE385/lab7_2/try5_sdk/mb_usb_hdmi_top/tempdsa/mb_usb_hdmi_top.xsa
TRACE::2024-11-08.04:15:12::SCWPlatform::DSA directory C:/Users/realk/Desktop/ece385/ECE385/lab7_2/try5_sdk/mb_usb_hdmi_top/tempdsa
TRACE::2024-11-08.04:15:12::SCWPlatform:: Platform Path C:/Users/realk/Desktop/ece385/ECE385/lab7_2/try5_sdk/mb_usb_hdmi_top/tempdsa/mb_usb_hdmi_top.xsa
TRACE::2024-11-08.04:15:12::SCWPlatform:: Unique name xilinx:::0.0
TRACE::2024-11-08.04:15:12::SCWPlatform::update - Opened existing hwdb mb_usb_hdmi_top_19
TRACE::2024-11-08.04:15:12::SCWPlatform::Found the Hw Db part of the input DSA
TRACE::2024-11-08.04:15:12::SCWMssOS::Saving the mss changes C:/Users/realk/Desktop/ece385/ECE385/lab7_2/try5_sdk/mb_usb_hdmi_top/microblaze_0/standalone_microblaze_0/bsp/system.mss
TRACE::2024-11-08.04:15:12::SCWMssOS::Found a swdesign opened with the mssfile.
TRACE::2024-11-08.04:15:12::SCWMssOS::Completed writemss as part of save.
TRACE::2024-11-08.04:15:12::SCWMssOS::Commit changes completed.
TRACE::2024-11-08.04:15:12::SCWMssOS::Completed hw sync for the mss in domain: standalone_microblaze_0
TRACE::2024-11-08.04:15:12::SCWMssOS::Removing the swdes entry for  C:/Users/realk/Desktop/ece385/ECE385/lab7_2/try5_sdk/mb_usb_hdmi_top/microblaze_0/standalone_microblaze_0/bsp/system.mss
TRACE::2024-11-08.04:15:12::SCWPlatform::Trying to open the hw design at C:/Users/realk/Desktop/ece385/ECE385/lab7_2/try5_sdk/mb_usb_hdmi_top/hw/mb_usb_hdmi_top.xsa
TRACE::2024-11-08.04:15:12::SCWPlatform::DSA given C:/Users/realk/Desktop/ece385/ECE385/lab7_2/try5_sdk/mb_usb_hdmi_top/hw/mb_usb_hdmi_top.xsa
TRACE::2024-11-08.04:15:12::SCWPlatform::DSA absoulate path C:/Users/realk/Desktop/ece385/ECE385/lab7_2/try5_sdk/mb_usb_hdmi_top/hw/mb_usb_hdmi_top.xsa
TRACE::2024-11-08.04:15:12::SCWPlatform::DSA directory C:/Users/realk/Desktop/ece385/ECE385/lab7_2/try5_sdk/mb_usb_hdmi_top/hw
TRACE::2024-11-08.04:15:12::SCWPlatform:: Platform Path C:/Users/realk/Desktop/ece385/ECE385/lab7_2/try5_sdk/mb_usb_hdmi_top/hw/mb_usb_hdmi_top.xsa
TRACE::2024-11-08.04:15:12::SCWPlatform:: Unique name xilinx:::0.0
TRACE::2024-11-08.04:15:12::SCWPlatform::Do not have an existing db opened. 
TRACE::2024-11-08.04:15:12::SCWPlatform::Opened new HwDB with name mb_usb_hdmi_top_20
TRACE::2024-11-08.04:15:12::SCWMssOS::Saving the mss changes C:/Users/realk/Desktop/ece385/ECE385/lab7_2/try5_sdk/mb_usb_hdmi_top/microblaze_0/standalone_microblaze_0/bsp/system.mss
TRACE::2024-11-08.04:15:12::SCWMssOS::Adding the swdes entry, mss present, able to open swdb C:/Users/realk/Desktop/ece385/ECE385/lab7_2/try5_sdk/mb_usb_hdmi_top/microblaze_0/standalone_microblaze_0/bsp/system.mss with des name system
TRACE::2024-11-08.04:15:12::SCWMssOS::Writing the mss file completed C:/Users/realk/Desktop/ece385/ECE385/lab7_2/try5_sdk/mb_usb_hdmi_top/microblaze_0/standalone_microblaze_0/bsp/system.mss
TRACE::2024-11-08.04:15:12::SCWMssOS::Commit changes completed.
TRACE::2024-11-08.04:15:12::SCWPlatform::Trying to open the hw design at C:/Users/realk/Desktop/ece385/ECE385/lab7_2/try5_sdk/mb_usb_hdmi_top/hw/mb_usb_hdmi_top.xsa
TRACE::2024-11-08.04:15:12::SCWPlatform::DSA given C:/Users/realk/Desktop/ece385/ECE385/lab7_2/try5_sdk/mb_usb_hdmi_top/hw/mb_usb_hdmi_top.xsa
TRACE::2024-11-08.04:15:12::SCWPlatform::DSA absoulate path C:/Users/realk/Desktop/ece385/ECE385/lab7_2/try5_sdk/mb_usb_hdmi_top/hw/mb_usb_hdmi_top.xsa
TRACE::2024-11-08.04:15:12::SCWPlatform::DSA directory C:/Users/realk/Desktop/ece385/ECE385/lab7_2/try5_sdk/mb_usb_hdmi_top/hw
TRACE::2024-11-08.04:15:12::SCWPlatform:: Platform Path C:/Users/realk/Desktop/ece385/ECE385/lab7_2/try5_sdk/mb_usb_hdmi_top/hw/mb_usb_hdmi_top.xsa
TRACE::2024-11-08.04:15:12::SCWPlatform:: Unique name xilinx:::0.0
TRACE::2024-11-08.04:15:12::SCWPlatform::Trying to set the existing hwdb with name mb_usb_hdmi_top_20
TRACE::2024-11-08.04:15:12::SCWPlatform::Opened existing hwdb mb_usb_hdmi_top_20
TRACE::2024-11-08.04:15:12::SCWPlatform::Found the Hw Db part of the input DSA
TRACE::2024-11-08.04:15:12::SCWMssOS::Checking the sw design at  C:/Users/realk/Desktop/ece385/ECE385/lab7_2/try5_sdk/mb_usb_hdmi_top/microblaze_0/standalone_microblaze_0/bsp/system.mss
TRACE::2024-11-08.04:15:12::SCWMssOS::DEBUG:  swdes dump  C:/Users/realk/Desktop/ece385/ECE385/lab7_2/try5_sdk/mb_usb_hdmi_top/microblaze_0/standalone_microblaze_0/bsp/system.mss|system||

TRACE::2024-11-08.04:15:12::SCWMssOS::Sw design exists and opened at  C:/Users/realk/Desktop/ece385/ECE385/lab7_2/try5_sdk/mb_usb_hdmi_top/microblaze_0/standalone_microblaze_0/bsp/system.mss
TRACE::2024-11-08.04:15:12::SCWWriter::formatted JSON is {
	"platformName":	"mb_usb_hdmi_top",
	"sprVersion":	"2.0",
	"mode":	"gui",
	"dsaType":	"Fixed",
	"platformDesc":	"mb_usb_hdmi_top",
	"platHandOff":	"C:/Users/realk/Desktop/ece385/ECE385/lab7_2/mb_usb_hdmi_top.xsa",
	"platIntHandOff":	"<platformDir>/hw/mb_usb_hdmi_top.xsa",
	"deviceType":	"FPGA",
	"platIsPrebuiltAutogen":	"false",
	"platIsNoBootBsp":	"false",
	"hasFsblMakeHasChanges":	"false",
	"hasPmufwMakeHasChanges":	"false",
	"platPreBuiltFlag":	false,
	"platformSamplesDir":	"",
	"platActiveSys":	"mb_usb_hdmi_top",
	"systems":	[{
			"systemName":	"mb_usb_hdmi_top",
			"systemDesc":	"mb_usb_hdmi_top",
			"sysIsBootAutoGen":	"true",
			"systemDispName":	"mb_usb_hdmi_top",
			"sysActiveDom":	"standalone_microblaze_0",
			"sysDefaultDom":	"standalone_microblaze_0",
			"domains":	[{
					"domainName":	"standalone_microblaze_0",
					"domainDispName":	"standalone_microblaze_0",
					"domainDesc":	"standalone_microblaze_0",
					"processors":	"microblaze_0",
					"os":	"standalone",
					"sdxOs":	"standalone",
					"debugEnable":	"False",
					"domRuntimes":	["cpp"],
					"swRepo":	"",
					"mssOsVer":	"8.0",
					"mssFile":	"",
					"md5Digest":	"5422c1e5be4ae93f4de8c50507402f2a1",
					"compatibleApp":	"",
					"domType":	"mssDomain",
					"arch":	"32-bit",
					"appSettings":	{
						"appCompilerFlags":	"",
						"appLinkerFlags":	""
					},
					"addedLibs":	[],
					"libOptions":	{
						"libsContainingOptions":	[]
					},
					"prebuiltLibs":	{
						"prebuiltIncPath":	[],
						"prebuiltLibPath":	[]
					},
					"isolation":	{
					}
				}]
		}]
}
TRACE::2024-11-08.04:15:23::SCWMssOS::cleaning the bsp 
TRACE::2024-11-08.04:15:23::SCWMssOS::System Command Ran  C: & cd  C:/Users/realk/Desktop/ece385/ECE385/lab7_2/try5_sdk/mb_usb_hdmi_top/microblaze_0/standalone_microblaze_0/bsp & make clean 
TRACE::2024-11-08.04:15:23::SCWMssOS::make -C microblaze_0/libsrc/bram_v4_8/src -s clean 

TRACE::2024-11-08.04:15:23::SCWMssOS::make -C microblaze_0/libsrc/cpu_v2_16/src -s clean 

TRACE::2024-11-08.04:15:23::SCWMssOS::make -C microblaze_0/libsrc/intc_v3_15/src -s clean 

TRACE::2024-11-08.04:15:24::SCWMssOS::make -C microblaze_0/libsrc/standalone_v8_0/src -s clean 

TRACE::2024-11-08.04:15:24::SCWMssOS::make -C microblaze_0/libsrc/uartlite_v3_7/src -s clean 

TRACE::2024-11-08.04:15:24::SCWMssOS::rm -f microblaze_0/lib/libxil.a

TRACE::2024-11-08.04:15:39::SCWPlatform::Clearing the existing platform
TRACE::2024-11-08.04:15:39::SCWSystem::Clearing the existing sysconfig
TRACE::2024-11-08.04:15:39::SCWMssOS::Removing the swdes entry for  C:/Users/realk/Desktop/ece385/ECE385/lab7_2/try5_sdk/mb_usb_hdmi_top/microblaze_0/standalone_microblaze_0/bsp/system.mss
TRACE::2024-11-08.04:15:39::SCWSystem::Clearing the domains completed.
TRACE::2024-11-08.04:15:39::SCWPlatform::Clearing the opened hw db.
TRACE::2024-11-08.04:15:39::SCWPlatform::DSA given C:/Users/realk/Desktop/ece385/ECE385/lab7_2/try5_sdk/mb_usb_hdmi_top/hw/mb_usb_hdmi_top.xsa
TRACE::2024-11-08.04:15:39::SCWPlatform::DSA absoulate path C:/Users/realk/Desktop/ece385/ECE385/lab7_2/try5_sdk/mb_usb_hdmi_top/hw/mb_usb_hdmi_top.xsa
TRACE::2024-11-08.04:15:39::SCWPlatform:: Platform location is C:/Users/realk/Desktop/ece385/ECE385/lab7_2/try5_sdk/mb_usb_hdmi_top/hw
TRACE::2024-11-08.04:15:39::SCWPlatform:: Platform Path C:/Users/realk/Desktop/ece385/ECE385/lab7_2/try5_sdk/mb_usb_hdmi_top/hw/mb_usb_hdmi_top.xsa
TRACE::2024-11-08.04:15:39::SCWPlatform:: Unique name xilinx:::0.0
TRACE::2024-11-08.04:15:39::SCWPlatform::Removing the HwDB with name C:/Users/realk/Desktop/ece385/ECE385/lab7_2/try5_sdk/mb_usb_hdmi_top/hw/mb_usb_hdmi_top.xsa
TRACE::2024-11-08.04:15:39::SCWPlatform::Trying to open the hw design at C:/Users/realk/Desktop/ece385/ECE385/lab7_2/try5_sdk/mb_usb_hdmi_top/hw/mb_usb_hdmi_top.xsa
TRACE::2024-11-08.04:15:39::SCWPlatform::DSA given C:/Users/realk/Desktop/ece385/ECE385/lab7_2/try5_sdk/mb_usb_hdmi_top/hw/mb_usb_hdmi_top.xsa
TRACE::2024-11-08.04:15:39::SCWPlatform::DSA absoulate path C:/Users/realk/Desktop/ece385/ECE385/lab7_2/try5_sdk/mb_usb_hdmi_top/hw/mb_usb_hdmi_top.xsa
TRACE::2024-11-08.04:15:39::SCWPlatform::DSA directory C:/Users/realk/Desktop/ece385/ECE385/lab7_2/try5_sdk/mb_usb_hdmi_top/hw
TRACE::2024-11-08.04:15:39::SCWPlatform:: Platform Path C:/Users/realk/Desktop/ece385/ECE385/lab7_2/try5_sdk/mb_usb_hdmi_top/hw/mb_usb_hdmi_top.xsa
TRACE::2024-11-08.04:15:39::SCWPlatform:: Unique name xilinx:::0.0
TRACE::2024-11-08.04:15:39::SCWPlatform::Do not have an existing db opened. 
TRACE::2024-11-08.04:15:39::SCWPlatform::Opened new HwDB with name mb_usb_hdmi_top_21
TRACE::2024-11-08.04:15:39::SCWReader::Active system found as  mb_usb_hdmi_top
TRACE::2024-11-08.04:15:39::SCWReader::Handling sysconfig mb_usb_hdmi_top
TRACE::2024-11-08.04:15:39::SCWDomain::checking for install qemu data   : 
TRACE::2024-11-08.04:15:39::SCWPlatform::Trying to open the hw design at C:/Users/realk/Desktop/ece385/ECE385/lab7_2/try5_sdk/mb_usb_hdmi_top/hw/mb_usb_hdmi_top.xsa
TRACE::2024-11-08.04:15:39::SCWPlatform::DSA given C:/Users/realk/Desktop/ece385/ECE385/lab7_2/try5_sdk/mb_usb_hdmi_top/hw/mb_usb_hdmi_top.xsa
TRACE::2024-11-08.04:15:39::SCWPlatform::DSA absoulate path C:/Users/realk/Desktop/ece385/ECE385/lab7_2/try5_sdk/mb_usb_hdmi_top/hw/mb_usb_hdmi_top.xsa
TRACE::2024-11-08.04:15:39::SCWPlatform::DSA directory C:/Users/realk/Desktop/ece385/ECE385/lab7_2/try5_sdk/mb_usb_hdmi_top/hw
TRACE::2024-11-08.04:15:39::SCWPlatform:: Platform Path C:/Users/realk/Desktop/ece385/ECE385/lab7_2/try5_sdk/mb_usb_hdmi_top/hw/mb_usb_hdmi_top.xsa
TRACE::2024-11-08.04:15:39::SCWPlatform:: Unique name xilinx:::0.0
TRACE::2024-11-08.04:15:39::SCWPlatform::Trying to set the existing hwdb with name mb_usb_hdmi_top_21
TRACE::2024-11-08.04:15:39::SCWPlatform::Opened existing hwdb mb_usb_hdmi_top_21
TRACE::2024-11-08.04:15:39::SCWPlatform::Found the Hw Db part of the input DSA
TRACE::2024-11-08.04:15:39::SCWPlatform::Trying to open the hw design at C:/Users/realk/Desktop/ece385/ECE385/lab7_2/try5_sdk/mb_usb_hdmi_top/hw/mb_usb_hdmi_top.xsa
TRACE::2024-11-08.04:15:39::SCWPlatform::DSA given C:/Users/realk/Desktop/ece385/ECE385/lab7_2/try5_sdk/mb_usb_hdmi_top/hw/mb_usb_hdmi_top.xsa
TRACE::2024-11-08.04:15:39::SCWPlatform::DSA absoulate path C:/Users/realk/Desktop/ece385/ECE385/lab7_2/try5_sdk/mb_usb_hdmi_top/hw/mb_usb_hdmi_top.xsa
TRACE::2024-11-08.04:15:39::SCWPlatform::DSA directory C:/Users/realk/Desktop/ece385/ECE385/lab7_2/try5_sdk/mb_usb_hdmi_top/hw
TRACE::2024-11-08.04:15:39::SCWPlatform:: Platform Path C:/Users/realk/Desktop/ece385/ECE385/lab7_2/try5_sdk/mb_usb_hdmi_top/hw/mb_usb_hdmi_top.xsa
TRACE::2024-11-08.04:15:39::SCWPlatform:: Unique name xilinx:::0.0
TRACE::2024-11-08.04:15:39::SCWPlatform::Trying to set the existing hwdb with name mb_usb_hdmi_top_21
TRACE::2024-11-08.04:15:39::SCWPlatform::Opened existing hwdb mb_usb_hdmi_top_21
TRACE::2024-11-08.04:15:39::SCWPlatform::Found the Hw Db part of the input DSA
TRACE::2024-11-08.04:15:39::SCWPlatform::Trying to open the hw design at C:/Users/realk/Desktop/ece385/ECE385/lab7_2/try5_sdk/mb_usb_hdmi_top/hw/mb_usb_hdmi_top.xsa
TRACE::2024-11-08.04:15:39::SCWPlatform::DSA given C:/Users/realk/Desktop/ece385/ECE385/lab7_2/try5_sdk/mb_usb_hdmi_top/hw/mb_usb_hdmi_top.xsa
TRACE::2024-11-08.04:15:39::SCWPlatform::DSA absoulate path C:/Users/realk/Desktop/ece385/ECE385/lab7_2/try5_sdk/mb_usb_hdmi_top/hw/mb_usb_hdmi_top.xsa
TRACE::2024-11-08.04:15:39::SCWPlatform::DSA directory C:/Users/realk/Desktop/ece385/ECE385/lab7_2/try5_sdk/mb_usb_hdmi_top/hw
TRACE::2024-11-08.04:15:39::SCWPlatform:: Platform Path C:/Users/realk/Desktop/ece385/ECE385/lab7_2/try5_sdk/mb_usb_hdmi_top/hw/mb_usb_hdmi_top.xsa
TRACE::2024-11-08.04:15:39::SCWPlatform:: Unique name xilinx:::0.0
TRACE::2024-11-08.04:15:39::SCWPlatform::Trying to set the existing hwdb with name mb_usb_hdmi_top_21
TRACE::2024-11-08.04:15:39::SCWPlatform::Opened existing hwdb mb_usb_hdmi_top_21
TRACE::2024-11-08.04:15:39::SCWPlatform::Found the Hw Db part of the input DSA
TRACE::2024-11-08.04:15:39::SCWPlatform::Trying to open the hw design at C:/Users/realk/Desktop/ece385/ECE385/lab7_2/try5_sdk/mb_usb_hdmi_top/hw/mb_usb_hdmi_top.xsa
TRACE::2024-11-08.04:15:39::SCWPlatform::DSA given C:/Users/realk/Desktop/ece385/ECE385/lab7_2/try5_sdk/mb_usb_hdmi_top/hw/mb_usb_hdmi_top.xsa
TRACE::2024-11-08.04:15:39::SCWPlatform::DSA absoulate path C:/Users/realk/Desktop/ece385/ECE385/lab7_2/try5_sdk/mb_usb_hdmi_top/hw/mb_usb_hdmi_top.xsa
TRACE::2024-11-08.04:15:39::SCWPlatform::DSA directory C:/Users/realk/Desktop/ece385/ECE385/lab7_2/try5_sdk/mb_usb_hdmi_top/hw
TRACE::2024-11-08.04:15:39::SCWPlatform:: Platform Path C:/Users/realk/Desktop/ece385/ECE385/lab7_2/try5_sdk/mb_usb_hdmi_top/hw/mb_usb_hdmi_top.xsa
TRACE::2024-11-08.04:15:39::SCWPlatform:: Unique name xilinx:::0.0
TRACE::2024-11-08.04:15:39::SCWPlatform::Trying to set the existing hwdb with name mb_usb_hdmi_top_21
TRACE::2024-11-08.04:15:39::SCWPlatform::Opened existing hwdb mb_usb_hdmi_top_21
TRACE::2024-11-08.04:15:39::SCWPlatform::Found the Hw Db part of the input DSA
TRACE::2024-11-08.04:15:39::SCWMssOS::Checking the sw design at  C:/Users/realk/Desktop/ece385/ECE385/lab7_2/try5_sdk/mb_usb_hdmi_top/microblaze_0/standalone_microblaze_0/bsp/system.mss
TRACE::2024-11-08.04:15:39::SCWMssOS::DEBUG:  swdes dump  
TRACE::2024-11-08.04:15:39::SCWMssOS::No sw design opened at  C:/Users/realk/Desktop/ece385/ECE385/lab7_2/try5_sdk/mb_usb_hdmi_top/microblaze_0/standalone_microblaze_0/bsp/system.mss
TRACE::2024-11-08.04:15:39::SCWMssOS::mss exists loading the mss file  C:/Users/realk/Desktop/ece385/ECE385/lab7_2/try5_sdk/mb_usb_hdmi_top/microblaze_0/standalone_microblaze_0/bsp/system.mss
TRACE::2024-11-08.04:15:39::SCWMssOS::Opened the sw design from mss  C:/Users/realk/Desktop/ece385/ECE385/lab7_2/try5_sdk/mb_usb_hdmi_top/microblaze_0/standalone_microblaze_0/bsp/system.mss
TRACE::2024-11-08.04:15:39::SCWMssOS::Adding the swdes entry C:/Users/realk/Desktop/ece385/ECE385/lab7_2/try5_sdk/mb_usb_hdmi_top/microblaze_0/standalone_microblaze_0/bsp/system.mss with des name system
TRACE::2024-11-08.04:15:39::SCWMssOS::updating the scw layer about changes
TRACE::2024-11-08.04:15:39::SCWMssOS::Opened the sw design.  C:/Users/realk/Desktop/ece385/ECE385/lab7_2/try5_sdk/mb_usb_hdmi_top/microblaze_0/standalone_microblaze_0/bsp/system.mss
TRACE::2024-11-08.04:15:39::SCWMssOS::Saving the mss changes C:/Users/realk/Desktop/ece385/ECE385/lab7_2/try5_sdk/mb_usb_hdmi_top/microblaze_0/standalone_microblaze_0/bsp/system.mss
TRACE::2024-11-08.04:15:39::SCWMssOS::Found a swdesign opened with the mssfile.
TRACE::2024-11-08.04:15:39::SCWMssOS::Completed writemss as part of save.
TRACE::2024-11-08.04:15:39::SCWMssOS::Commit changes completed.
TRACE::2024-11-08.04:15:39::SCWReader::Adding prebuilt librarypaths as   
TRACE::2024-11-08.04:15:39::SCWReader::Adding prebuilt incpaths  as   
TRACE::2024-11-08.04:15:39::SCWPlatform::Trying to open the hw design at C:/Users/realk/Desktop/ece385/ECE385/lab7_2/try5_sdk/mb_usb_hdmi_top/hw/mb_usb_hdmi_top.xsa
TRACE::2024-11-08.04:15:39::SCWPlatform::DSA given C:/Users/realk/Desktop/ece385/ECE385/lab7_2/try5_sdk/mb_usb_hdmi_top/hw/mb_usb_hdmi_top.xsa
TRACE::2024-11-08.04:15:39::SCWPlatform::DSA absoulate path C:/Users/realk/Desktop/ece385/ECE385/lab7_2/try5_sdk/mb_usb_hdmi_top/hw/mb_usb_hdmi_top.xsa
TRACE::2024-11-08.04:15:39::SCWPlatform::DSA directory C:/Users/realk/Desktop/ece385/ECE385/lab7_2/try5_sdk/mb_usb_hdmi_top/hw
TRACE::2024-11-08.04:15:39::SCWPlatform:: Platform Path C:/Users/realk/Desktop/ece385/ECE385/lab7_2/try5_sdk/mb_usb_hdmi_top/hw/mb_usb_hdmi_top.xsa
TRACE::2024-11-08.04:15:39::SCWPlatform:: Unique name xilinx:::0.0
TRACE::2024-11-08.04:15:39::SCWPlatform::Trying to set the existing hwdb with name mb_usb_hdmi_top_21
TRACE::2024-11-08.04:15:39::SCWPlatform::Opened existing hwdb mb_usb_hdmi_top_21
TRACE::2024-11-08.04:15:39::SCWPlatform::Found the Hw Db part of the input DSA
TRACE::2024-11-08.04:15:39::SCWMssOS::Checking the sw design at  C:/Users/realk/Desktop/ece385/ECE385/lab7_2/try5_sdk/mb_usb_hdmi_top/microblaze_0/standalone_microblaze_0/bsp/system.mss
TRACE::2024-11-08.04:15:39::SCWMssOS::DEBUG:  swdes dump  C:/Users/realk/Desktop/ece385/ECE385/lab7_2/try5_sdk/mb_usb_hdmi_top/microblaze_0/standalone_microblaze_0/bsp/system.mss|system||

TRACE::2024-11-08.04:15:39::SCWMssOS::Sw design exists and opened at  C:/Users/realk/Desktop/ece385/ECE385/lab7_2/try5_sdk/mb_usb_hdmi_top/microblaze_0/standalone_microblaze_0/bsp/system.mss
TRACE::2024-11-08.04:15:39::SCWReader::No isolation master present  
TRACE::2024-11-08.04:15:41::SCWPlatform::DSA given C:/Users/realk/Desktop/ece385/ECE385/lab7_2/try5_sdk/mb_usb_hdmi_top/tempdsa/mb_usb_hdmi_top.xsa
TRACE::2024-11-08.04:15:41::SCWPlatform::DSA absoulate path C:/Users/realk/Desktop/ece385/ECE385/lab7_2/try5_sdk/mb_usb_hdmi_top/tempdsa/mb_usb_hdmi_top.xsa
TRACE::2024-11-08.04:15:41::SCWPlatform:: Platform location is C:/Users/realk/Desktop/ece385/ECE385/lab7_2/try5_sdk/mb_usb_hdmi_top/tempdsa
TRACE::2024-11-08.04:15:41::SCWPlatform:: Platform Path C:/Users/realk/Desktop/ece385/ECE385/lab7_2/try5_sdk/mb_usb_hdmi_top/tempdsa/mb_usb_hdmi_top.xsa
TRACE::2024-11-08.04:15:41::SCWPlatform:: Unique name xilinx:::0.0
TRACE::2024-11-08.04:15:41::SCWPlatform::Found the Hw Db part of the input DSA
TRACE::2024-11-08.04:15:41::SCWMssOS::Doing hw sync for the mss in domain: standalone_microblaze_0
TRACE::2024-11-08.04:15:41::SCWPlatform::Trying to open the hw design at C:/Users/realk/Desktop/ece385/ECE385/lab7_2/try5_sdk/mb_usb_hdmi_top/hw/mb_usb_hdmi_top.xsa
TRACE::2024-11-08.04:15:41::SCWPlatform::DSA given C:/Users/realk/Desktop/ece385/ECE385/lab7_2/try5_sdk/mb_usb_hdmi_top/hw/mb_usb_hdmi_top.xsa
TRACE::2024-11-08.04:15:41::SCWPlatform::DSA absoulate path C:/Users/realk/Desktop/ece385/ECE385/lab7_2/try5_sdk/mb_usb_hdmi_top/hw/mb_usb_hdmi_top.xsa
TRACE::2024-11-08.04:15:41::SCWPlatform::DSA directory C:/Users/realk/Desktop/ece385/ECE385/lab7_2/try5_sdk/mb_usb_hdmi_top/hw
TRACE::2024-11-08.04:15:41::SCWPlatform:: Platform Path C:/Users/realk/Desktop/ece385/ECE385/lab7_2/try5_sdk/mb_usb_hdmi_top/hw/mb_usb_hdmi_top.xsa
TRACE::2024-11-08.04:15:41::SCWPlatform:: Unique name xilinx:::0.0
TRACE::2024-11-08.04:15:41::SCWPlatform::Trying to set the existing hwdb with name mb_usb_hdmi_top_21
TRACE::2024-11-08.04:15:41::SCWPlatform::Opened existing hwdb mb_usb_hdmi_top_21
TRACE::2024-11-08.04:15:41::SCWPlatform::Found the Hw Db part of the input DSA
TRACE::2024-11-08.04:15:41::SCWPlatform::Trying to open the hw design at C:/Users/realk/Desktop/ece385/ECE385/lab7_2/try5_sdk/mb_usb_hdmi_top/hw/mb_usb_hdmi_top.xsa
TRACE::2024-11-08.04:15:41::SCWPlatform::DSA given C:/Users/realk/Desktop/ece385/ECE385/lab7_2/try5_sdk/mb_usb_hdmi_top/hw/mb_usb_hdmi_top.xsa
TRACE::2024-11-08.04:15:41::SCWPlatform::DSA absoulate path C:/Users/realk/Desktop/ece385/ECE385/lab7_2/try5_sdk/mb_usb_hdmi_top/hw/mb_usb_hdmi_top.xsa
TRACE::2024-11-08.04:15:41::SCWPlatform::DSA directory C:/Users/realk/Desktop/ece385/ECE385/lab7_2/try5_sdk/mb_usb_hdmi_top/hw
TRACE::2024-11-08.04:15:41::SCWPlatform:: Platform Path C:/Users/realk/Desktop/ece385/ECE385/lab7_2/try5_sdk/mb_usb_hdmi_top/hw/mb_usb_hdmi_top.xsa
TRACE::2024-11-08.04:15:41::SCWPlatform:: Unique name xilinx:::0.0
TRACE::2024-11-08.04:15:41::SCWPlatform::Trying to set the existing hwdb with name mb_usb_hdmi_top_21
TRACE::2024-11-08.04:15:41::SCWPlatform::Opened existing hwdb mb_usb_hdmi_top_21
TRACE::2024-11-08.04:15:41::SCWPlatform::Found the Hw Db part of the input DSA
TRACE::2024-11-08.04:15:41::SCWMssOS::Checking the sw design at  C:/Users/realk/Desktop/ece385/ECE385/lab7_2/try5_sdk/mb_usb_hdmi_top/microblaze_0/standalone_microblaze_0/bsp/system.mss
TRACE::2024-11-08.04:15:41::SCWMssOS::DEBUG:  swdes dump  C:/Users/realk/Desktop/ece385/ECE385/lab7_2/try5_sdk/mb_usb_hdmi_top/microblaze_0/standalone_microblaze_0/bsp/system.mss|system||

TRACE::2024-11-08.04:15:41::SCWMssOS::Sw design exists and opened at  C:/Users/realk/Desktop/ece385/ECE385/lab7_2/try5_sdk/mb_usb_hdmi_top/microblaze_0/standalone_microblaze_0/bsp/system.mss
TRACE::2024-11-08.04:15:41::SCWPlatform::Trying to open the hw design at C:/Users/realk/Desktop/ece385/ECE385/lab7_2/try5_sdk/mb_usb_hdmi_top/tempdsa/mb_usb_hdmi_top.xsa
TRACE::2024-11-08.04:15:41::SCWPlatform::DSA given C:/Users/realk/Desktop/ece385/ECE385/lab7_2/try5_sdk/mb_usb_hdmi_top/tempdsa/mb_usb_hdmi_top.xsa
TRACE::2024-11-08.04:15:41::SCWPlatform::DSA absoulate path C:/Users/realk/Desktop/ece385/ECE385/lab7_2/try5_sdk/mb_usb_hdmi_top/tempdsa/mb_usb_hdmi_top.xsa
TRACE::2024-11-08.04:15:41::SCWPlatform::DSA directory C:/Users/realk/Desktop/ece385/ECE385/lab7_2/try5_sdk/mb_usb_hdmi_top/tempdsa
TRACE::2024-11-08.04:15:41::SCWPlatform:: Platform Path C:/Users/realk/Desktop/ece385/ECE385/lab7_2/try5_sdk/mb_usb_hdmi_top/tempdsa/mb_usb_hdmi_top.xsa
TRACE::2024-11-08.04:15:41::SCWPlatform:: Unique name xilinx:::0.0
TRACE::2024-11-08.04:15:41::SCWPlatform::update - Opened existing hwdb mb_usb_hdmi_top_22
TRACE::2024-11-08.04:15:41::SCWPlatform::Found the Hw Db part of the input DSA
TRACE::2024-11-08.04:15:41::SCWMssOS::Saving the mss changes C:/Users/realk/Desktop/ece385/ECE385/lab7_2/try5_sdk/mb_usb_hdmi_top/microblaze_0/standalone_microblaze_0/bsp/system.mss
TRACE::2024-11-08.04:15:41::SCWMssOS::Found a swdesign opened with the mssfile.
TRACE::2024-11-08.04:15:41::SCWMssOS::Completed writemss as part of save.
TRACE::2024-11-08.04:15:41::SCWMssOS::Commit changes completed.
TRACE::2024-11-08.04:15:41::SCWMssOS::Completed hw sync for the mss in domain: standalone_microblaze_0
TRACE::2024-11-08.04:15:41::SCWMssOS::Removing the swdes entry for  C:/Users/realk/Desktop/ece385/ECE385/lab7_2/try5_sdk/mb_usb_hdmi_top/microblaze_0/standalone_microblaze_0/bsp/system.mss
TRACE::2024-11-08.04:15:41::SCWPlatform::Trying to open the hw design at C:/Users/realk/Desktop/ece385/ECE385/lab7_2/try5_sdk/mb_usb_hdmi_top/hw/mb_usb_hdmi_top.xsa
TRACE::2024-11-08.04:15:41::SCWPlatform::DSA given C:/Users/realk/Desktop/ece385/ECE385/lab7_2/try5_sdk/mb_usb_hdmi_top/hw/mb_usb_hdmi_top.xsa
TRACE::2024-11-08.04:15:41::SCWPlatform::DSA absoulate path C:/Users/realk/Desktop/ece385/ECE385/lab7_2/try5_sdk/mb_usb_hdmi_top/hw/mb_usb_hdmi_top.xsa
TRACE::2024-11-08.04:15:41::SCWPlatform::DSA directory C:/Users/realk/Desktop/ece385/ECE385/lab7_2/try5_sdk/mb_usb_hdmi_top/hw
TRACE::2024-11-08.04:15:41::SCWPlatform:: Platform Path C:/Users/realk/Desktop/ece385/ECE385/lab7_2/try5_sdk/mb_usb_hdmi_top/hw/mb_usb_hdmi_top.xsa
TRACE::2024-11-08.04:15:41::SCWPlatform:: Unique name xilinx:::0.0
TRACE::2024-11-08.04:15:41::SCWPlatform::Do not have an existing db opened. 
TRACE::2024-11-08.04:15:42::SCWPlatform::Opened new HwDB with name mb_usb_hdmi_top_23
TRACE::2024-11-08.04:15:42::SCWMssOS::Saving the mss changes C:/Users/realk/Desktop/ece385/ECE385/lab7_2/try5_sdk/mb_usb_hdmi_top/microblaze_0/standalone_microblaze_0/bsp/system.mss
TRACE::2024-11-08.04:15:42::SCWMssOS::Adding the swdes entry, mss present, able to open swdb C:/Users/realk/Desktop/ece385/ECE385/lab7_2/try5_sdk/mb_usb_hdmi_top/microblaze_0/standalone_microblaze_0/bsp/system.mss with des name system
TRACE::2024-11-08.04:15:42::SCWMssOS::Writing the mss file completed C:/Users/realk/Desktop/ece385/ECE385/lab7_2/try5_sdk/mb_usb_hdmi_top/microblaze_0/standalone_microblaze_0/bsp/system.mss
TRACE::2024-11-08.04:15:42::SCWMssOS::Commit changes completed.
TRACE::2024-11-08.04:15:42::SCWPlatform::Trying to open the hw design at C:/Users/realk/Desktop/ece385/ECE385/lab7_2/try5_sdk/mb_usb_hdmi_top/hw/mb_usb_hdmi_top.xsa
TRACE::2024-11-08.04:15:42::SCWPlatform::DSA given C:/Users/realk/Desktop/ece385/ECE385/lab7_2/try5_sdk/mb_usb_hdmi_top/hw/mb_usb_hdmi_top.xsa
TRACE::2024-11-08.04:15:42::SCWPlatform::DSA absoulate path C:/Users/realk/Desktop/ece385/ECE385/lab7_2/try5_sdk/mb_usb_hdmi_top/hw/mb_usb_hdmi_top.xsa
TRACE::2024-11-08.04:15:42::SCWPlatform::DSA directory C:/Users/realk/Desktop/ece385/ECE385/lab7_2/try5_sdk/mb_usb_hdmi_top/hw
TRACE::2024-11-08.04:15:42::SCWPlatform:: Platform Path C:/Users/realk/Desktop/ece385/ECE385/lab7_2/try5_sdk/mb_usb_hdmi_top/hw/mb_usb_hdmi_top.xsa
TRACE::2024-11-08.04:15:42::SCWPlatform:: Unique name xilinx:::0.0
TRACE::2024-11-08.04:15:42::SCWPlatform::Trying to set the existing hwdb with name mb_usb_hdmi_top_23
TRACE::2024-11-08.04:15:42::SCWPlatform::Opened existing hwdb mb_usb_hdmi_top_23
TRACE::2024-11-08.04:15:42::SCWPlatform::Found the Hw Db part of the input DSA
TRACE::2024-11-08.04:15:42::SCWMssOS::Checking the sw design at  C:/Users/realk/Desktop/ece385/ECE385/lab7_2/try5_sdk/mb_usb_hdmi_top/microblaze_0/standalone_microblaze_0/bsp/system.mss
TRACE::2024-11-08.04:15:42::SCWMssOS::DEBUG:  swdes dump  C:/Users/realk/Desktop/ece385/ECE385/lab7_2/try5_sdk/mb_usb_hdmi_top/microblaze_0/standalone_microblaze_0/bsp/system.mss|system||

TRACE::2024-11-08.04:15:42::SCWMssOS::Sw design exists and opened at  C:/Users/realk/Desktop/ece385/ECE385/lab7_2/try5_sdk/mb_usb_hdmi_top/microblaze_0/standalone_microblaze_0/bsp/system.mss
TRACE::2024-11-08.04:15:42::SCWWriter::formatted JSON is {
	"platformName":	"mb_usb_hdmi_top",
	"sprVersion":	"2.0",
	"mode":	"gui",
	"dsaType":	"Fixed",
	"platformDesc":	"mb_usb_hdmi_top",
	"platHandOff":	"C:/Users/realk/Desktop/ece385/ECE385/lab7_2/mb_usb_hdmi_top.xsa",
	"platIntHandOff":	"<platformDir>/hw/mb_usb_hdmi_top.xsa",
	"deviceType":	"FPGA",
	"platIsPrebuiltAutogen":	"false",
	"platIsNoBootBsp":	"false",
	"hasFsblMakeHasChanges":	"false",
	"hasPmufwMakeHasChanges":	"false",
	"platPreBuiltFlag":	false,
	"platformSamplesDir":	"",
	"platActiveSys":	"mb_usb_hdmi_top",
	"systems":	[{
			"systemName":	"mb_usb_hdmi_top",
			"systemDesc":	"mb_usb_hdmi_top",
			"sysIsBootAutoGen":	"true",
			"systemDispName":	"mb_usb_hdmi_top",
			"sysActiveDom":	"standalone_microblaze_0",
			"sysDefaultDom":	"standalone_microblaze_0",
			"domains":	[{
					"domainName":	"standalone_microblaze_0",
					"domainDispName":	"standalone_microblaze_0",
					"domainDesc":	"standalone_microblaze_0",
					"processors":	"microblaze_0",
					"os":	"standalone",
					"sdxOs":	"standalone",
					"debugEnable":	"False",
					"domRuntimes":	["cpp"],
					"swRepo":	"",
					"mssOsVer":	"8.0",
					"mssFile":	"",
					"md5Digest":	"5422c1e5be4ae93f4de8c50507402f2a1",
					"compatibleApp":	"",
					"domType":	"mssDomain",
					"arch":	"32-bit",
					"appSettings":	{
						"appCompilerFlags":	"",
						"appLinkerFlags":	""
					},
					"addedLibs":	[],
					"libOptions":	{
						"libsContainingOptions":	[]
					},
					"prebuiltLibs":	{
						"prebuiltIncPath":	[],
						"prebuiltLibPath":	[]
					},
					"isolation":	{
					}
				}]
		}]
}
LOG::2024-11-08.04:15:47::SCWPlatform::Started generating the artifacts platform mb_usb_hdmi_top
TRACE::2024-11-08.04:15:47::SCWPlatform::Sanity checking of platform is completed
LOG::2024-11-08.04:15:47::SCWPlatform::Started generating the artifacts for system configuration mb_usb_hdmi_top
LOG::2024-11-08.04:15:47::SCWSystem::Checking the domain standalone_microblaze_0
LOG::2024-11-08.04:15:47::SCWSystem::Not a boot domain 
LOG::2024-11-08.04:15:47::SCWSystem::Started Processing the domain standalone_microblaze_0
TRACE::2024-11-08.04:15:47::SCWDomain::Generating domain artifcats
TRACE::2024-11-08.04:15:47::SCWMssOS::Generating standalone artifcats
TRACE::2024-11-08.04:15:47::SCWMssOS:: Copying the user libraries. 
TRACE::2024-11-08.04:15:47::SCWPlatform::Trying to open the hw design at C:/Users/realk/Desktop/ece385/ECE385/lab7_2/try5_sdk/mb_usb_hdmi_top/hw/mb_usb_hdmi_top.xsa
TRACE::2024-11-08.04:15:47::SCWPlatform::DSA given C:/Users/realk/Desktop/ece385/ECE385/lab7_2/try5_sdk/mb_usb_hdmi_top/hw/mb_usb_hdmi_top.xsa
TRACE::2024-11-08.04:15:47::SCWPlatform::DSA absoulate path C:/Users/realk/Desktop/ece385/ECE385/lab7_2/try5_sdk/mb_usb_hdmi_top/hw/mb_usb_hdmi_top.xsa
TRACE::2024-11-08.04:15:47::SCWPlatform::DSA directory C:/Users/realk/Desktop/ece385/ECE385/lab7_2/try5_sdk/mb_usb_hdmi_top/hw
TRACE::2024-11-08.04:15:47::SCWPlatform:: Platform Path C:/Users/realk/Desktop/ece385/ECE385/lab7_2/try5_sdk/mb_usb_hdmi_top/hw/mb_usb_hdmi_top.xsa
TRACE::2024-11-08.04:15:47::SCWPlatform:: Unique name xilinx:::0.0
TRACE::2024-11-08.04:15:47::SCWPlatform::Trying to set the existing hwdb with name mb_usb_hdmi_top_23
TRACE::2024-11-08.04:15:47::SCWPlatform::Opened existing hwdb mb_usb_hdmi_top_23
TRACE::2024-11-08.04:15:47::SCWPlatform::Found the Hw Db part of the input DSA
TRACE::2024-11-08.04:15:47::SCWMssOS::Checking the sw design at  C:/Users/realk/Desktop/ece385/ECE385/lab7_2/try5_sdk/mb_usb_hdmi_top/microblaze_0/standalone_microblaze_0/bsp/system.mss
TRACE::2024-11-08.04:15:47::SCWMssOS::DEBUG:  swdes dump  C:/Users/realk/Desktop/ece385/ECE385/lab7_2/try5_sdk/mb_usb_hdmi_top/microblaze_0/standalone_microblaze_0/bsp/system.mss|system||

TRACE::2024-11-08.04:15:47::SCWMssOS::Sw design exists and opened at  C:/Users/realk/Desktop/ece385/ECE385/lab7_2/try5_sdk/mb_usb_hdmi_top/microblaze_0/standalone_microblaze_0/bsp/system.mss
TRACE::2024-11-08.04:15:47::SCWMssOS::Completed writing the mss file at C:/Users/realk/Desktop/ece385/ECE385/lab7_2/try5_sdk/mb_usb_hdmi_top/microblaze_0/standalone_microblaze_0/bsp
TRACE::2024-11-08.04:15:47::SCWMssOS::Mss edits present, copying mssfile into export location C:/Users/realk/Desktop/ece385/ECE385/lab7_2/try5_sdk/mb_usb_hdmi_top/microblaze_0/standalone_microblaze_0/bsp/system.mss
TRACE::2024-11-08.04:15:47::SCWMssOS::bsp generated is stale removing and regenerating. 
TRACE::2024-11-08.04:15:48::SCWMssOS::doing bsp build ... 
TRACE::2024-11-08.04:15:48::SCWMssOS::System Command Ran  C: & cd  C:/Users/realk/Desktop/ece385/ECE385/lab7_2/try5_sdk/mb_usb_hdmi_top/microblaze_0/standalone_microblaze_0/bsp & make 
TRACE::2024-11-08.04:15:48::SCWMssOS::make --no-print-directory seq_libs

TRACE::2024-11-08.04:15:48::SCWMssOS::'Finished building libraries sequentially.'

TRACE::2024-11-08.04:15:48::SCWMssOS::make -j 14 --no-print-directory par_libs

TRACE::2024-11-08.04:15:49::SCWMssOS::"Running Make include in microblaze_0/libsrc/bram_v4_8/src"

TRACE::2024-11-08.04:15:49::SCWMssOS::make -C microblaze_0/libsrc/bram_v4_8/src -s include  "SHELL=CMD" "COMPILER=mb-gcc" "ASSEMBLER=mb-as" "ARCHIVER=mb-ar" "COMPILE
TRACE::2024-11-08.04:15:49::SCWMssOS::R_FLAGS=  -O2 -c -mcpu=v11.0 -mlittle-endian -mno-xl-reorder -mno-xl-soft-mul -mxl-barrel-shift -mxl-pattern-compare" "EXTRA_CO
TRACE::2024-11-08.04:15:49::SCWMssOS::MPILER_FLAGS=-g -ffunction-sections -fdata-sections -Wall -Wextra -fno-tree-loop-distribute-patterns"

TRACE::2024-11-08.04:15:49::SCWMssOS::"Running Make include in microblaze_0/libsrc/cpu_v2_16/src"

TRACE::2024-11-08.04:15:49::SCWMssOS::make -C microblaze_0/libsrc/cpu_v2_16/src -s include  "SHELL=CMD" "COMPILER=mb-gcc" "ASSEMBLER=mb-as" "ARCHIVER=mb-ar" "COMPILE
TRACE::2024-11-08.04:15:49::SCWMssOS::R_FLAGS=  -O2 -c -mcpu=v11.0 -mlittle-endian -mno-xl-reorder -mno-xl-soft-mul -mxl-barrel-shift -mxl-pattern-compare" "EXTRA_CO
TRACE::2024-11-08.04:15:49::SCWMssOS::MPILER_FLAGS=-g -ffunction-sections -fdata-sections -Wall -Wextra -fno-tree-loop-distribute-patterns"

TRACE::2024-11-08.04:15:49::SCWMssOS::"Running Make include in microblaze_0/libsrc/intc_v3_15/src"

TRACE::2024-11-08.04:15:49::SCWMssOS::make -C microblaze_0/libsrc/intc_v3_15/src -s include  "SHELL=CMD" "COMPILER=mb-gcc" "ASSEMBLER=mb-as" "ARCHIVER=mb-ar" "COMPIL
TRACE::2024-11-08.04:15:49::SCWMssOS::ER_FLAGS=  -O2 -c -mcpu=v11.0 -mlittle-endian -mno-xl-reorder -mno-xl-soft-mul -mxl-barrel-shift -mxl-pattern-compare" "EXTRA_C
TRACE::2024-11-08.04:15:49::SCWMssOS::OMPILER_FLAGS=-g -ffunction-sections -fdata-sections -Wall -Wextra -fno-tree-loop-distribute-patterns"

TRACE::2024-11-08.04:15:49::SCWMssOS::"Running Make include in microblaze_0/libsrc/standalone_v8_0/src"

TRACE::2024-11-08.04:15:49::SCWMssOS::make -C microblaze_0/libsrc/standalone_v8_0/src -s include  "SHELL=CMD" "COMPILER=mb-gcc" "ASSEMBLER=mb-as" "ARCHIVER=mb-ar" "C
TRACE::2024-11-08.04:15:49::SCWMssOS::OMPILER_FLAGS=  -O2 -c -mcpu=v11.0 -mlittle-endian -mno-xl-reorder -mno-xl-soft-mul -mxl-barrel-shift -mxl-pattern-compare" "EX
TRACE::2024-11-08.04:15:49::SCWMssOS::TRA_COMPILER_FLAGS=-g -ffunction-sections -fdata-sections -Wall -Wextra -fno-tree-loop-distribute-patterns"

TRACE::2024-11-08.04:15:49::SCWMssOS::"Running Make include in microblaze_0/libsrc/uartlite_v3_7/src"

TRACE::2024-11-08.04:15:49::SCWMssOS::make -C microblaze_0/libsrc/uartlite_v3_7/src -s include  "SHELL=CMD" "COMPILER=mb-gcc" "ASSEMBLER=mb-as" "ARCHIVER=mb-ar" "COM
TRACE::2024-11-08.04:15:49::SCWMssOS::PILER_FLAGS=  -O2 -c -mcpu=v11.0 -mlittle-endian -mno-xl-reorder -mno-xl-soft-mul -mxl-barrel-shift -mxl-pattern-compare" "EXTR
TRACE::2024-11-08.04:15:49::SCWMssOS::A_COMPILER_FLAGS=-g -ffunction-sections -fdata-sections -Wall -Wextra -fno-tree-loop-distribute-patterns"

TRACE::2024-11-08.04:15:49::SCWMssOS::"Running Make libs in microblaze_0/libsrc/bram_v4_8/src"

TRACE::2024-11-08.04:15:49::SCWMssOS::make -C microblaze_0/libsrc/bram_v4_8/src -s libs  "SHELL=CMD" "COMPILER=mb-gcc" "ASSEMBLER=mb-as" "ARCHIVER=mb-ar" "COMPILER_F
TRACE::2024-11-08.04:15:49::SCWMssOS::LAGS=  -O2 -c -mcpu=v11.0 -mlittle-endian -mno-xl-reorder -mno-xl-soft-mul -mxl-barrel-shift -mxl-pattern-compare" "EXTRA_COMPI
TRACE::2024-11-08.04:15:49::SCWMssOS::LER_FLAGS=-g -ffunction-sections -fdata-sections -Wall -Wextra -fno-tree-loop-distribute-patterns"

TRACE::2024-11-08.04:15:49::SCWMssOS::"Running Make libs in microblaze_0/libsrc/cpu_v2_16/src"

TRACE::2024-11-08.04:15:49::SCWMssOS::make -C microblaze_0/libsrc/cpu_v2_16/src -s libs  "SHELL=CMD" "COMPILER=mb-gcc" "ASSEMBLER=mb-as" "ARCHIVER=mb-ar" "COMPILER_F
TRACE::2024-11-08.04:15:49::SCWMssOS::LAGS=  -O2 -c -mcpu=v11.0 -mlittle-endian -mno-xl-reorder -mno-xl-soft-mul -mxl-barrel-shift -mxl-pattern-compare" "EXTRA_COMPI
TRACE::2024-11-08.04:15:49::SCWMssOS::LER_FLAGS=-g -ffunction-sections -fdata-sections -Wall -Wextra -fno-tree-loop-distribute-patterns"

TRACE::2024-11-08.04:15:49::SCWMssOS::"Running Make libs in microblaze_0/libsrc/intc_v3_15/src"

TRACE::2024-11-08.04:15:49::SCWMssOS::make -C microblaze_0/libsrc/intc_v3_15/src -s libs  "SHELL=CMD" "COMPILER=mb-gcc" "ASSEMBLER=mb-as" "ARCHIVER=mb-ar" "COMPILER_
TRACE::2024-11-08.04:15:49::SCWMssOS::FLAGS=  -O2 -c -mcpu=v11.0 -mlittle-endian -mno-xl-reorder -mno-xl-soft-mul -mxl-barrel-shift -mxl-pattern-compare" "EXTRA_COMP
TRACE::2024-11-08.04:15:49::SCWMssOS::ILER_FLAGS=-g -ffunction-sections -fdata-sections -Wall -Wextra -fno-tree-loop-distribute-patterns"

TRACE::2024-11-08.04:15:49::SCWMssOS::"Running Make libs in microblaze_0/libsrc/standalone_v8_0/src"

TRACE::2024-11-08.04:15:49::SCWMssOS::make -C microblaze_0/libsrc/standalone_v8_0/src -s libs  "SHELL=CMD" "COMPILER=mb-gcc" "ASSEMBLER=mb-as" "ARCHIVER=mb-ar" "COMP
TRACE::2024-11-08.04:15:49::SCWMssOS::ILER_FLAGS=  -O2 -c -mcpu=v11.0 -mlittle-endian -mno-xl-reorder -mno-xl-soft-mul -mxl-barrel-shift -mxl-pattern-compare" "EXTRA
TRACE::2024-11-08.04:15:49::SCWMssOS::_COMPILER_FLAGS=-g -ffunction-sections -fdata-sections -Wall -Wextra -fno-tree-loop-distribute-patterns"

TRACE::2024-11-08.04:15:49::SCWMssOS::"Running Make libs in microblaze_0/libsrc/uartlite_v3_7/src"

TRACE::2024-11-08.04:15:49::SCWMssOS::make -C microblaze_0/libsrc/uartlite_v3_7/src -s libs  "SHELL=CMD" "COMPILER=mb-gcc" "ASSEMBLER=mb-as" "ARCHIVER=mb-ar" "COMPIL
TRACE::2024-11-08.04:15:49::SCWMssOS::ER_FLAGS=  -O2 -c -mcpu=v11.0 -mlittle-endian -mno-xl-reorder -mno-xl-soft-mul -mxl-barrel-shift -mxl-pattern-compare" "EXTRA_C
TRACE::2024-11-08.04:15:49::SCWMssOS::OMPILER_FLAGS=-g -ffunction-sections -fdata-sections -Wall -Wextra -fno-tree-loop-distribute-patterns"

TRACE::2024-11-08.04:15:51::SCWMssOS::"DEBUG NON_LTO_OBJECTS is ../../../lib/microblaze_interrupt_handler.o"

TRACE::2024-11-08.04:15:51::SCWMssOS::'Finished building libraries parallelly.'

TRACE::2024-11-08.04:15:51::SCWMssOS::make --no-print-directory archive

TRACE::2024-11-08.04:15:51::SCWMssOS::mb-ar -r  microblaze_0/lib/libxil.a microblaze_0/lib/_exit.o microblaze_0/lib/errno.o microblaze_0/lib/fcntl.o microblaze_0/lib
TRACE::2024-11-08.04:15:51::SCWMssOS::/hw_exception_handler.o microblaze_0/lib/inbyte.o microblaze_0/lib/microblaze_disable_dcache.o microblaze_0/lib/microblaze_disa
TRACE::2024-11-08.04:15:51::SCWMssOS::ble_exceptions.o microblaze_0/lib/microblaze_disable_icache.o microblaze_0/lib/microblaze_disable_interrupts.o microblaze_0/lib
TRACE::2024-11-08.04:15:51::SCWMssOS::/microblaze_enable_dcache.o microblaze_0/lib/microblaze_enable_exceptions.o microblaze_0/lib/microblaze_enable_icache.o microbl
TRACE::2024-11-08.04:15:51::SCWMssOS::aze_0/lib/microblaze_enable_interrupts.o microblaze_0/lib/microblaze_exception_handler.o microblaze_0/lib/microblaze_flush_cach
TRACE::2024-11-08.04:15:51::SCWMssOS::e_ext.o microblaze_0/lib/microblaze_flush_cache_ext_range.o microblaze_0/lib/microblaze_flush_dcache.o microblaze_0/lib/microbl
TRACE::2024-11-08.04:15:51::SCWMssOS::aze_flush_dcache_range.o microblaze_0/lib/microblaze_init_dcache_range.o microblaze_0/lib/microblaze_init_icache_range.o microb
TRACE::2024-11-08.04:15:51::SCWMssOS::laze_0/lib/microblaze_interrupt_handler.o microblaze_0/lib/microblaze_interrupts_g.o microblaze_0/lib/microblaze_invalidate_cac
TRACE::2024-11-08.04:15:51::SCWMssOS::he_ext.o microblaze_0/lib/microblaze_invalidate_cache_ext_range.o microblaze_0/lib/microblaze_invalidate_dcache.o microblaze_0/
TRACE::2024-11-08.04:15:51::SCWMssOS::lib/microblaze_invalidate_dcache_range.o microblaze_0/lib/microblaze_invalidate_icache.o microblaze_0/lib/microblaze_invalidate
TRACE::2024-11-08.04:15:51::SCWMssOS::_icache_range.o microblaze_0/lib/microblaze_scrub.o microblaze_0/lib/microblaze_selftest.o microblaze_0/lib/microblaze_sleep.o 
TRACE::2024-11-08.04:15:51::SCWMssOS::microblaze_0/lib/microblaze_update_dcache.o microblaze_0/lib/microblaze_update_icache.o microblaze_0/lib/outbyte.o microblaze_0
TRACE::2024-11-08.04:15:51::SCWMssOS::/lib/print.o microblaze_0/lib/pvr.o microblaze_0/lib/xbram.o microblaze_0/lib/xbram_g.o microblaze_0/lib/xbram_intr.o microblaz
TRACE::2024-11-08.04:15:51::SCWMssOS::e_0/lib/xbram_selftest.o microblaze_0/lib/xbram_sinit.o microblaze_0/lib/xil_assert.o microblaze_0/lib/xil_cache.o microblaze_0
TRACE::2024-11-08.04:15:51::SCWMssOS::/lib/xil_clocking.o microblaze_0/lib/xil_exception.o microblaze_0/lib/xil_mem.o microblaze_0/lib/xil_misc_psreset_api.o microbl
TRACE::2024-11-08.04:15:51::SCWMssOS::aze_0/lib/xil_printf.o microblaze_0/lib/xil_sleepcommon.o microblaze_0/lib/xil_testcache.o microblaze_0/lib/xil_testio.o microb
TRACE::2024-11-08.04:15:51::SCWMssOS::laze_0/lib/xil_testmem.o microblaze_0/lib/xil_util.o microblaze_0/lib/xintc.o microblaze_0/lib/xintc_g.o microblaze_0/lib/xintc
TRACE::2024-11-08.04:15:51::SCWMssOS::_intr.o microblaze_0/lib/xintc_l.o microblaze_0/lib/xintc_options.o microblaze_0/lib/xintc_selftest.o microblaze_0/lib/xinterru
TRACE::2024-11-08.04:15:51::SCWMssOS::pt_wrap.o microblaze_0/lib/xio.o microblaze_0/lib/xplatform_info.o microblaze_0/lib/xuartlite.o microblaze_0/lib/xuartlite_g.o 
TRACE::2024-11-08.04:15:51::SCWMssOS::microblaze_0/lib/xuartlite_intr.o microblaze_0/lib/xuartlite_l.o microblaze_0/lib/xuartlite_selftest.o microblaze_0/lib/xuartli
TRACE::2024-11-08.04:15:51::SCWMssOS::te_sinit.o microblaze_0/lib/xuartlite_stats.o

TRACE::2024-11-08.04:15:51::SCWMssOS::'Finished building libraries'

TRACE::2024-11-08.04:15:51::SCWMssOS:: Checking if to create the Supporting Applications
TRACE::2024-11-08.04:15:51::SCWMssOS:: No Linux domain exists, trying to generate FSBL 
LOG::2024-11-08.04:15:51::SCWSystem::Completed Processing the domain standalone_microblaze_0
LOG::2024-11-08.04:15:51::SCWSystem::Completed Processing the sysconfig mb_usb_hdmi_top
LOG::2024-11-08.04:15:51::SCWPlatform::Completed generating the artifacts for system configuration mb_usb_hdmi_top
TRACE::2024-11-08.04:15:51::SCWPlatform::Started preparing the platform 
TRACE::2024-11-08.04:15:51::SCWSystem::Writing the bif file for system config mb_usb_hdmi_top
TRACE::2024-11-08.04:15:51::SCWSystem::dir created 
TRACE::2024-11-08.04:15:51::SCWSystem::Writing the bif 
TRACE::2024-11-08.04:15:51::SCWPlatform::Started writing the spfm file 
TRACE::2024-11-08.04:15:51::SCWPlatform::Started writing the xpfm file 
TRACE::2024-11-08.04:15:51::SCWPlatform::Completed generating the platform
TRACE::2024-11-08.04:15:51::SCWMssOS::Saving the mss changes C:/Users/realk/Desktop/ece385/ECE385/lab7_2/try5_sdk/mb_usb_hdmi_top/microblaze_0/standalone_microblaze_0/bsp/system.mss
TRACE::2024-11-08.04:15:51::SCWMssOS::Adding the swdes entry, mss present, able to open swdb C:/Users/realk/Desktop/ece385/ECE385/lab7_2/try5_sdk/mb_usb_hdmi_top/microblaze_0/standalone_microblaze_0/bsp/system.mss with des name system
TRACE::2024-11-08.04:15:51::SCWMssOS::Writing the mss file completed C:/Users/realk/Desktop/ece385/ECE385/lab7_2/try5_sdk/mb_usb_hdmi_top/microblaze_0/standalone_microblaze_0/bsp/system.mss
TRACE::2024-11-08.04:15:51::SCWMssOS::Commit changes completed.
TRACE::2024-11-08.04:15:51::SCWPlatform::Trying to open the hw design at C:/Users/realk/Desktop/ece385/ECE385/lab7_2/try5_sdk/mb_usb_hdmi_top/hw/mb_usb_hdmi_top.xsa
TRACE::2024-11-08.04:15:51::SCWPlatform::DSA given C:/Users/realk/Desktop/ece385/ECE385/lab7_2/try5_sdk/mb_usb_hdmi_top/hw/mb_usb_hdmi_top.xsa
TRACE::2024-11-08.04:15:51::SCWPlatform::DSA absoulate path C:/Users/realk/Desktop/ece385/ECE385/lab7_2/try5_sdk/mb_usb_hdmi_top/hw/mb_usb_hdmi_top.xsa
TRACE::2024-11-08.04:15:51::SCWPlatform::DSA directory C:/Users/realk/Desktop/ece385/ECE385/lab7_2/try5_sdk/mb_usb_hdmi_top/hw
TRACE::2024-11-08.04:15:51::SCWPlatform:: Platform Path C:/Users/realk/Desktop/ece385/ECE385/lab7_2/try5_sdk/mb_usb_hdmi_top/hw/mb_usb_hdmi_top.xsa
TRACE::2024-11-08.04:15:51::SCWPlatform:: Unique name xilinx:::0.0
TRACE::2024-11-08.04:15:51::SCWPlatform::Trying to set the existing hwdb with name mb_usb_hdmi_top_23
TRACE::2024-11-08.04:15:51::SCWPlatform::Opened existing hwdb mb_usb_hdmi_top_23
TRACE::2024-11-08.04:15:51::SCWPlatform::Found the Hw Db part of the input DSA
TRACE::2024-11-08.04:15:51::SCWMssOS::Checking the sw design at  C:/Users/realk/Desktop/ece385/ECE385/lab7_2/try5_sdk/mb_usb_hdmi_top/microblaze_0/standalone_microblaze_0/bsp/system.mss
TRACE::2024-11-08.04:15:51::SCWMssOS::DEBUG:  swdes dump  C:/Users/realk/Desktop/ece385/ECE385/lab7_2/try5_sdk/mb_usb_hdmi_top/microblaze_0/standalone_microblaze_0/bsp/system.mss|system||

TRACE::2024-11-08.04:15:51::SCWMssOS::Sw design exists and opened at  C:/Users/realk/Desktop/ece385/ECE385/lab7_2/try5_sdk/mb_usb_hdmi_top/microblaze_0/standalone_microblaze_0/bsp/system.mss
TRACE::2024-11-08.04:15:51::SCWWriter::formatted JSON is {
	"platformName":	"mb_usb_hdmi_top",
	"sprVersion":	"2.0",
	"mode":	"gui",
	"dsaType":	"Fixed",
	"platformDesc":	"mb_usb_hdmi_top",
	"platHandOff":	"C:/Users/realk/Desktop/ece385/ECE385/lab7_2/mb_usb_hdmi_top.xsa",
	"platIntHandOff":	"<platformDir>/hw/mb_usb_hdmi_top.xsa",
	"deviceType":	"FPGA",
	"platIsPrebuiltAutogen":	"false",
	"platIsNoBootBsp":	"false",
	"hasFsblMakeHasChanges":	"false",
	"hasPmufwMakeHasChanges":	"false",
	"platPreBuiltFlag":	false,
	"platformSamplesDir":	"",
	"platActiveSys":	"mb_usb_hdmi_top",
	"systems":	[{
			"systemName":	"mb_usb_hdmi_top",
			"systemDesc":	"mb_usb_hdmi_top",
			"sysIsBootAutoGen":	"true",
			"systemDispName":	"mb_usb_hdmi_top",
			"sysActiveDom":	"standalone_microblaze_0",
			"sysDefaultDom":	"standalone_microblaze_0",
			"domains":	[{
					"domainName":	"standalone_microblaze_0",
					"domainDispName":	"standalone_microblaze_0",
					"domainDesc":	"standalone_microblaze_0",
					"processors":	"microblaze_0",
					"os":	"standalone",
					"sdxOs":	"standalone",
					"debugEnable":	"False",
					"domRuntimes":	["cpp"],
					"swRepo":	"",
					"mssOsVer":	"8.0",
					"mssFile":	"",
					"md5Digest":	"5422c1e5be4ae93f4de8c50507402f2a",
					"compatibleApp":	"",
					"domType":	"mssDomain",
					"arch":	"32-bit",
					"appSettings":	{
						"appCompilerFlags":	"",
						"appLinkerFlags":	""
					},
					"addedLibs":	[],
					"libOptions":	{
						"libsContainingOptions":	[]
					},
					"prebuiltLibs":	{
						"prebuiltIncPath":	[],
						"prebuiltLibPath":	[]
					},
					"isolation":	{
					}
				}]
		}]
}
KEYINFO::2024-11-08.04:15:51::SCWPlatform::updated the xpfm file.
TRACE::2024-11-08.04:15:52::SCWPlatform::Trying to open the hw design at C:/Users/realk/Desktop/ece385/ECE385/lab7_2/try5_sdk/mb_usb_hdmi_top/hw/mb_usb_hdmi_top.xsa
TRACE::2024-11-08.04:15:52::SCWPlatform::DSA given C:/Users/realk/Desktop/ece385/ECE385/lab7_2/try5_sdk/mb_usb_hdmi_top/hw/mb_usb_hdmi_top.xsa
TRACE::2024-11-08.04:15:52::SCWPlatform::DSA absoulate path C:/Users/realk/Desktop/ece385/ECE385/lab7_2/try5_sdk/mb_usb_hdmi_top/hw/mb_usb_hdmi_top.xsa
TRACE::2024-11-08.04:15:52::SCWPlatform::DSA directory C:/Users/realk/Desktop/ece385/ECE385/lab7_2/try5_sdk/mb_usb_hdmi_top/hw
TRACE::2024-11-08.04:15:52::SCWPlatform:: Platform Path C:/Users/realk/Desktop/ece385/ECE385/lab7_2/try5_sdk/mb_usb_hdmi_top/hw/mb_usb_hdmi_top.xsa
TRACE::2024-11-08.04:15:52::SCWPlatform:: Unique name xilinx:::0.0
TRACE::2024-11-08.04:15:52::SCWPlatform::Trying to set the existing hwdb with name mb_usb_hdmi_top_23
TRACE::2024-11-08.04:15:52::SCWPlatform::Opened existing hwdb mb_usb_hdmi_top_23
TRACE::2024-11-08.04:15:52::SCWPlatform::Found the Hw Db part of the input DSA
TRACE::2024-11-08.04:15:52::SCWMssOS::Checking the sw design at  C:/Users/realk/Desktop/ece385/ECE385/lab7_2/try5_sdk/mb_usb_hdmi_top/microblaze_0/standalone_microblaze_0/bsp/system.mss
TRACE::2024-11-08.04:15:52::SCWMssOS::DEBUG:  swdes dump  C:/Users/realk/Desktop/ece385/ECE385/lab7_2/try5_sdk/mb_usb_hdmi_top/microblaze_0/standalone_microblaze_0/bsp/system.mss|system||

TRACE::2024-11-08.04:15:52::SCWMssOS::Sw design exists and opened at  C:/Users/realk/Desktop/ece385/ECE385/lab7_2/try5_sdk/mb_usb_hdmi_top/microblaze_0/standalone_microblaze_0/bsp/system.mss
TRACE::2024-11-08.05:52:07::SCWPlatform::Clearing the existing platform
TRACE::2024-11-08.05:52:07::SCWSystem::Clearing the existing sysconfig
TRACE::2024-11-08.05:52:07::SCWMssOS::Removing the swdes entry for  C:/Users/realk/Desktop/ece385/ECE385/lab7_2/try5_sdk/mb_usb_hdmi_top/microblaze_0/standalone_microblaze_0/bsp/system.mss
TRACE::2024-11-08.05:52:07::SCWSystem::Clearing the domains completed.
TRACE::2024-11-08.05:52:07::SCWPlatform::Clearing the opened hw db.
TRACE::2024-11-08.05:52:07::SCWPlatform::DSA given C:/Users/realk/Desktop/ece385/ECE385/lab7_2/try5_sdk/mb_usb_hdmi_top/hw/mb_usb_hdmi_top.xsa
TRACE::2024-11-08.05:52:07::SCWPlatform::DSA absoulate path C:/Users/realk/Desktop/ece385/ECE385/lab7_2/try5_sdk/mb_usb_hdmi_top/hw/mb_usb_hdmi_top.xsa
TRACE::2024-11-08.05:52:07::SCWPlatform:: Platform location is C:/Users/realk/Desktop/ece385/ECE385/lab7_2/try5_sdk/mb_usb_hdmi_top/hw
TRACE::2024-11-08.05:52:07::SCWPlatform:: Platform Path C:/Users/realk/Desktop/ece385/ECE385/lab7_2/try5_sdk/mb_usb_hdmi_top/hw/mb_usb_hdmi_top.xsa
TRACE::2024-11-08.05:52:07::SCWPlatform:: Unique name xilinx:::0.0
TRACE::2024-11-08.05:52:07::SCWPlatform::Removing the HwDB with name C:/Users/realk/Desktop/ece385/ECE385/lab7_2/try5_sdk/mb_usb_hdmi_top/hw/mb_usb_hdmi_top.xsa
TRACE::2024-11-08.05:52:07::SCWPlatform::Trying to open the hw design at C:/Users/realk/Desktop/ece385/ECE385/lab7_2/try5_sdk/mb_usb_hdmi_top/hw/mb_usb_hdmi_top.xsa
TRACE::2024-11-08.05:52:07::SCWPlatform::DSA given C:/Users/realk/Desktop/ece385/ECE385/lab7_2/try5_sdk/mb_usb_hdmi_top/hw/mb_usb_hdmi_top.xsa
TRACE::2024-11-08.05:52:07::SCWPlatform::DSA absoulate path C:/Users/realk/Desktop/ece385/ECE385/lab7_2/try5_sdk/mb_usb_hdmi_top/hw/mb_usb_hdmi_top.xsa
TRACE::2024-11-08.05:52:07::SCWPlatform::DSA directory C:/Users/realk/Desktop/ece385/ECE385/lab7_2/try5_sdk/mb_usb_hdmi_top/hw
TRACE::2024-11-08.05:52:07::SCWPlatform:: Platform Path C:/Users/realk/Desktop/ece385/ECE385/lab7_2/try5_sdk/mb_usb_hdmi_top/hw/mb_usb_hdmi_top.xsa
TRACE::2024-11-08.05:52:07::SCWPlatform:: Unique name xilinx:::0.0
TRACE::2024-11-08.05:52:07::SCWPlatform::Do not have an existing db opened. 
TRACE::2024-11-08.05:52:07::SCWPlatform::Opened new HwDB with name mb_usb_hdmi_top_25
TRACE::2024-11-08.05:52:07::SCWReader::Active system found as  mb_usb_hdmi_top
TRACE::2024-11-08.05:52:07::SCWReader::Handling sysconfig mb_usb_hdmi_top
TRACE::2024-11-08.05:52:07::SCWDomain::checking for install qemu data   : 
TRACE::2024-11-08.05:52:07::SCWPlatform::Trying to open the hw design at C:/Users/realk/Desktop/ece385/ECE385/lab7_2/try5_sdk/mb_usb_hdmi_top/hw/mb_usb_hdmi_top.xsa
TRACE::2024-11-08.05:52:07::SCWPlatform::DSA given C:/Users/realk/Desktop/ece385/ECE385/lab7_2/try5_sdk/mb_usb_hdmi_top/hw/mb_usb_hdmi_top.xsa
TRACE::2024-11-08.05:52:07::SCWPlatform::DSA absoulate path C:/Users/realk/Desktop/ece385/ECE385/lab7_2/try5_sdk/mb_usb_hdmi_top/hw/mb_usb_hdmi_top.xsa
TRACE::2024-11-08.05:52:07::SCWPlatform::DSA directory C:/Users/realk/Desktop/ece385/ECE385/lab7_2/try5_sdk/mb_usb_hdmi_top/hw
TRACE::2024-11-08.05:52:07::SCWPlatform:: Platform Path C:/Users/realk/Desktop/ece385/ECE385/lab7_2/try5_sdk/mb_usb_hdmi_top/hw/mb_usb_hdmi_top.xsa
TRACE::2024-11-08.05:52:07::SCWPlatform:: Unique name xilinx:::0.0
TRACE::2024-11-08.05:52:07::SCWPlatform::Trying to set the existing hwdb with name mb_usb_hdmi_top_25
TRACE::2024-11-08.05:52:07::SCWPlatform::Opened existing hwdb mb_usb_hdmi_top_25
TRACE::2024-11-08.05:52:07::SCWPlatform::Found the Hw Db part of the input DSA
TRACE::2024-11-08.05:52:07::SCWPlatform::Trying to open the hw design at C:/Users/realk/Desktop/ece385/ECE385/lab7_2/try5_sdk/mb_usb_hdmi_top/hw/mb_usb_hdmi_top.xsa
TRACE::2024-11-08.05:52:07::SCWPlatform::DSA given C:/Users/realk/Desktop/ece385/ECE385/lab7_2/try5_sdk/mb_usb_hdmi_top/hw/mb_usb_hdmi_top.xsa
TRACE::2024-11-08.05:52:07::SCWPlatform::DSA absoulate path C:/Users/realk/Desktop/ece385/ECE385/lab7_2/try5_sdk/mb_usb_hdmi_top/hw/mb_usb_hdmi_top.xsa
TRACE::2024-11-08.05:52:07::SCWPlatform::DSA directory C:/Users/realk/Desktop/ece385/ECE385/lab7_2/try5_sdk/mb_usb_hdmi_top/hw
TRACE::2024-11-08.05:52:07::SCWPlatform:: Platform Path C:/Users/realk/Desktop/ece385/ECE385/lab7_2/try5_sdk/mb_usb_hdmi_top/hw/mb_usb_hdmi_top.xsa
TRACE::2024-11-08.05:52:07::SCWPlatform:: Unique name xilinx:::0.0
TRACE::2024-11-08.05:52:07::SCWPlatform::Trying to set the existing hwdb with name mb_usb_hdmi_top_25
TRACE::2024-11-08.05:52:07::SCWPlatform::Opened existing hwdb mb_usb_hdmi_top_25
TRACE::2024-11-08.05:52:07::SCWPlatform::Found the Hw Db part of the input DSA
TRACE::2024-11-08.05:52:07::SCWPlatform::Trying to open the hw design at C:/Users/realk/Desktop/ece385/ECE385/lab7_2/try5_sdk/mb_usb_hdmi_top/hw/mb_usb_hdmi_top.xsa
TRACE::2024-11-08.05:52:07::SCWPlatform::DSA given C:/Users/realk/Desktop/ece385/ECE385/lab7_2/try5_sdk/mb_usb_hdmi_top/hw/mb_usb_hdmi_top.xsa
TRACE::2024-11-08.05:52:07::SCWPlatform::DSA absoulate path C:/Users/realk/Desktop/ece385/ECE385/lab7_2/try5_sdk/mb_usb_hdmi_top/hw/mb_usb_hdmi_top.xsa
TRACE::2024-11-08.05:52:07::SCWPlatform::DSA directory C:/Users/realk/Desktop/ece385/ECE385/lab7_2/try5_sdk/mb_usb_hdmi_top/hw
TRACE::2024-11-08.05:52:07::SCWPlatform:: Platform Path C:/Users/realk/Desktop/ece385/ECE385/lab7_2/try5_sdk/mb_usb_hdmi_top/hw/mb_usb_hdmi_top.xsa
TRACE::2024-11-08.05:52:07::SCWPlatform:: Unique name xilinx:::0.0
TRACE::2024-11-08.05:52:07::SCWPlatform::Trying to set the existing hwdb with name mb_usb_hdmi_top_25
TRACE::2024-11-08.05:52:07::SCWPlatform::Opened existing hwdb mb_usb_hdmi_top_25
TRACE::2024-11-08.05:52:07::SCWPlatform::Found the Hw Db part of the input DSA
TRACE::2024-11-08.05:52:07::SCWPlatform::Trying to open the hw design at C:/Users/realk/Desktop/ece385/ECE385/lab7_2/try5_sdk/mb_usb_hdmi_top/hw/mb_usb_hdmi_top.xsa
TRACE::2024-11-08.05:52:07::SCWPlatform::DSA given C:/Users/realk/Desktop/ece385/ECE385/lab7_2/try5_sdk/mb_usb_hdmi_top/hw/mb_usb_hdmi_top.xsa
TRACE::2024-11-08.05:52:07::SCWPlatform::DSA absoulate path C:/Users/realk/Desktop/ece385/ECE385/lab7_2/try5_sdk/mb_usb_hdmi_top/hw/mb_usb_hdmi_top.xsa
TRACE::2024-11-08.05:52:07::SCWPlatform::DSA directory C:/Users/realk/Desktop/ece385/ECE385/lab7_2/try5_sdk/mb_usb_hdmi_top/hw
TRACE::2024-11-08.05:52:07::SCWPlatform:: Platform Path C:/Users/realk/Desktop/ece385/ECE385/lab7_2/try5_sdk/mb_usb_hdmi_top/hw/mb_usb_hdmi_top.xsa
TRACE::2024-11-08.05:52:07::SCWPlatform:: Unique name xilinx:::0.0
TRACE::2024-11-08.05:52:07::SCWPlatform::Trying to set the existing hwdb with name mb_usb_hdmi_top_25
TRACE::2024-11-08.05:52:07::SCWPlatform::Opened existing hwdb mb_usb_hdmi_top_25
TRACE::2024-11-08.05:52:07::SCWPlatform::Found the Hw Db part of the input DSA
TRACE::2024-11-08.05:52:07::SCWMssOS::Checking the sw design at  C:/Users/realk/Desktop/ece385/ECE385/lab7_2/try5_sdk/mb_usb_hdmi_top/microblaze_0/standalone_microblaze_0/bsp/system.mss
TRACE::2024-11-08.05:52:07::SCWMssOS::DEBUG:  swdes dump  
TRACE::2024-11-08.05:52:07::SCWMssOS::No sw design opened at  C:/Users/realk/Desktop/ece385/ECE385/lab7_2/try5_sdk/mb_usb_hdmi_top/microblaze_0/standalone_microblaze_0/bsp/system.mss
TRACE::2024-11-08.05:52:07::SCWMssOS::mss exists loading the mss file  C:/Users/realk/Desktop/ece385/ECE385/lab7_2/try5_sdk/mb_usb_hdmi_top/microblaze_0/standalone_microblaze_0/bsp/system.mss
TRACE::2024-11-08.05:52:07::SCWMssOS::Opened the sw design from mss  C:/Users/realk/Desktop/ece385/ECE385/lab7_2/try5_sdk/mb_usb_hdmi_top/microblaze_0/standalone_microblaze_0/bsp/system.mss
TRACE::2024-11-08.05:52:07::SCWMssOS::Adding the swdes entry C:/Users/realk/Desktop/ece385/ECE385/lab7_2/try5_sdk/mb_usb_hdmi_top/microblaze_0/standalone_microblaze_0/bsp/system.mss with des name system
TRACE::2024-11-08.05:52:07::SCWMssOS::updating the scw layer about changes
TRACE::2024-11-08.05:52:07::SCWMssOS::Opened the sw design.  C:/Users/realk/Desktop/ece385/ECE385/lab7_2/try5_sdk/mb_usb_hdmi_top/microblaze_0/standalone_microblaze_0/bsp/system.mss
TRACE::2024-11-08.05:52:07::SCWMssOS::Saving the mss changes C:/Users/realk/Desktop/ece385/ECE385/lab7_2/try5_sdk/mb_usb_hdmi_top/microblaze_0/standalone_microblaze_0/bsp/system.mss
TRACE::2024-11-08.05:52:07::SCWMssOS::Found a swdesign opened with the mssfile.
TRACE::2024-11-08.05:52:07::SCWMssOS::Completed writemss as part of save.
TRACE::2024-11-08.05:52:07::SCWMssOS::Commit changes completed.
TRACE::2024-11-08.05:52:07::SCWReader::Adding prebuilt librarypaths as   
TRACE::2024-11-08.05:52:07::SCWReader::Adding prebuilt incpaths  as   
TRACE::2024-11-08.05:52:07::SCWPlatform::Trying to open the hw design at C:/Users/realk/Desktop/ece385/ECE385/lab7_2/try5_sdk/mb_usb_hdmi_top/hw/mb_usb_hdmi_top.xsa
TRACE::2024-11-08.05:52:07::SCWPlatform::DSA given C:/Users/realk/Desktop/ece385/ECE385/lab7_2/try5_sdk/mb_usb_hdmi_top/hw/mb_usb_hdmi_top.xsa
TRACE::2024-11-08.05:52:07::SCWPlatform::DSA absoulate path C:/Users/realk/Desktop/ece385/ECE385/lab7_2/try5_sdk/mb_usb_hdmi_top/hw/mb_usb_hdmi_top.xsa
TRACE::2024-11-08.05:52:07::SCWPlatform::DSA directory C:/Users/realk/Desktop/ece385/ECE385/lab7_2/try5_sdk/mb_usb_hdmi_top/hw
TRACE::2024-11-08.05:52:07::SCWPlatform:: Platform Path C:/Users/realk/Desktop/ece385/ECE385/lab7_2/try5_sdk/mb_usb_hdmi_top/hw/mb_usb_hdmi_top.xsa
TRACE::2024-11-08.05:52:07::SCWPlatform:: Unique name xilinx:::0.0
TRACE::2024-11-08.05:52:07::SCWPlatform::Trying to set the existing hwdb with name mb_usb_hdmi_top_25
TRACE::2024-11-08.05:52:07::SCWPlatform::Opened existing hwdb mb_usb_hdmi_top_25
TRACE::2024-11-08.05:52:07::SCWPlatform::Found the Hw Db part of the input DSA
TRACE::2024-11-08.05:52:07::SCWMssOS::Checking the sw design at  C:/Users/realk/Desktop/ece385/ECE385/lab7_2/try5_sdk/mb_usb_hdmi_top/microblaze_0/standalone_microblaze_0/bsp/system.mss
TRACE::2024-11-08.05:52:07::SCWMssOS::DEBUG:  swdes dump  C:/Users/realk/Desktop/ece385/ECE385/lab7_2/try5_sdk/mb_usb_hdmi_top/microblaze_0/standalone_microblaze_0/bsp/system.mss|system||

TRACE::2024-11-08.05:52:07::SCWMssOS::Sw design exists and opened at  C:/Users/realk/Desktop/ece385/ECE385/lab7_2/try5_sdk/mb_usb_hdmi_top/microblaze_0/standalone_microblaze_0/bsp/system.mss
TRACE::2024-11-08.05:52:07::SCWReader::No isolation master present  
TRACE::2024-11-08.05:52:10::SCWPlatform::DSA given C:/Users/realk/Desktop/ece385/ECE385/lab7_2/try5_sdk/mb_usb_hdmi_top/tempdsa/mb_usb_hdmi_top.xsa
TRACE::2024-11-08.05:52:10::SCWPlatform::DSA absoulate path C:/Users/realk/Desktop/ece385/ECE385/lab7_2/try5_sdk/mb_usb_hdmi_top/tempdsa/mb_usb_hdmi_top.xsa
TRACE::2024-11-08.05:52:10::SCWPlatform:: Platform location is C:/Users/realk/Desktop/ece385/ECE385/lab7_2/try5_sdk/mb_usb_hdmi_top/tempdsa
TRACE::2024-11-08.05:52:10::SCWPlatform:: Platform Path C:/Users/realk/Desktop/ece385/ECE385/lab7_2/try5_sdk/mb_usb_hdmi_top/tempdsa/mb_usb_hdmi_top.xsa
TRACE::2024-11-08.05:52:10::SCWPlatform:: Unique name xilinx:::0.0
TRACE::2024-11-08.05:52:10::SCWPlatform::Found the Hw Db part of the input DSA
TRACE::2024-11-08.05:52:10::SCWMssOS::Doing hw sync for the mss in domain: standalone_microblaze_0
TRACE::2024-11-08.05:52:10::SCWPlatform::Trying to open the hw design at C:/Users/realk/Desktop/ece385/ECE385/lab7_2/try5_sdk/mb_usb_hdmi_top/hw/mb_usb_hdmi_top.xsa
TRACE::2024-11-08.05:52:10::SCWPlatform::DSA given C:/Users/realk/Desktop/ece385/ECE385/lab7_2/try5_sdk/mb_usb_hdmi_top/hw/mb_usb_hdmi_top.xsa
TRACE::2024-11-08.05:52:10::SCWPlatform::DSA absoulate path C:/Users/realk/Desktop/ece385/ECE385/lab7_2/try5_sdk/mb_usb_hdmi_top/hw/mb_usb_hdmi_top.xsa
TRACE::2024-11-08.05:52:10::SCWPlatform::DSA directory C:/Users/realk/Desktop/ece385/ECE385/lab7_2/try5_sdk/mb_usb_hdmi_top/hw
TRACE::2024-11-08.05:52:10::SCWPlatform:: Platform Path C:/Users/realk/Desktop/ece385/ECE385/lab7_2/try5_sdk/mb_usb_hdmi_top/hw/mb_usb_hdmi_top.xsa
TRACE::2024-11-08.05:52:10::SCWPlatform:: Unique name xilinx:::0.0
TRACE::2024-11-08.05:52:10::SCWPlatform::Trying to set the existing hwdb with name mb_usb_hdmi_top_25
TRACE::2024-11-08.05:52:10::SCWPlatform::Opened existing hwdb mb_usb_hdmi_top_25
TRACE::2024-11-08.05:52:10::SCWPlatform::Found the Hw Db part of the input DSA
TRACE::2024-11-08.05:52:10::SCWPlatform::Trying to open the hw design at C:/Users/realk/Desktop/ece385/ECE385/lab7_2/try5_sdk/mb_usb_hdmi_top/hw/mb_usb_hdmi_top.xsa
TRACE::2024-11-08.05:52:10::SCWPlatform::DSA given C:/Users/realk/Desktop/ece385/ECE385/lab7_2/try5_sdk/mb_usb_hdmi_top/hw/mb_usb_hdmi_top.xsa
TRACE::2024-11-08.05:52:10::SCWPlatform::DSA absoulate path C:/Users/realk/Desktop/ece385/ECE385/lab7_2/try5_sdk/mb_usb_hdmi_top/hw/mb_usb_hdmi_top.xsa
TRACE::2024-11-08.05:52:10::SCWPlatform::DSA directory C:/Users/realk/Desktop/ece385/ECE385/lab7_2/try5_sdk/mb_usb_hdmi_top/hw
TRACE::2024-11-08.05:52:10::SCWPlatform:: Platform Path C:/Users/realk/Desktop/ece385/ECE385/lab7_2/try5_sdk/mb_usb_hdmi_top/hw/mb_usb_hdmi_top.xsa
TRACE::2024-11-08.05:52:10::SCWPlatform:: Unique name xilinx:::0.0
TRACE::2024-11-08.05:52:10::SCWPlatform::Trying to set the existing hwdb with name mb_usb_hdmi_top_25
TRACE::2024-11-08.05:52:10::SCWPlatform::Opened existing hwdb mb_usb_hdmi_top_25
TRACE::2024-11-08.05:52:10::SCWPlatform::Found the Hw Db part of the input DSA
TRACE::2024-11-08.05:52:10::SCWMssOS::Checking the sw design at  C:/Users/realk/Desktop/ece385/ECE385/lab7_2/try5_sdk/mb_usb_hdmi_top/microblaze_0/standalone_microblaze_0/bsp/system.mss
TRACE::2024-11-08.05:52:10::SCWMssOS::DEBUG:  swdes dump  C:/Users/realk/Desktop/ece385/ECE385/lab7_2/try5_sdk/mb_usb_hdmi_top/microblaze_0/standalone_microblaze_0/bsp/system.mss|system||

TRACE::2024-11-08.05:52:10::SCWMssOS::Sw design exists and opened at  C:/Users/realk/Desktop/ece385/ECE385/lab7_2/try5_sdk/mb_usb_hdmi_top/microblaze_0/standalone_microblaze_0/bsp/system.mss
TRACE::2024-11-08.05:52:10::SCWPlatform::Trying to open the hw design at C:/Users/realk/Desktop/ece385/ECE385/lab7_2/try5_sdk/mb_usb_hdmi_top/tempdsa/mb_usb_hdmi_top.xsa
TRACE::2024-11-08.05:52:10::SCWPlatform::DSA given C:/Users/realk/Desktop/ece385/ECE385/lab7_2/try5_sdk/mb_usb_hdmi_top/tempdsa/mb_usb_hdmi_top.xsa
TRACE::2024-11-08.05:52:10::SCWPlatform::DSA absoulate path C:/Users/realk/Desktop/ece385/ECE385/lab7_2/try5_sdk/mb_usb_hdmi_top/tempdsa/mb_usb_hdmi_top.xsa
TRACE::2024-11-08.05:52:10::SCWPlatform::DSA directory C:/Users/realk/Desktop/ece385/ECE385/lab7_2/try5_sdk/mb_usb_hdmi_top/tempdsa
TRACE::2024-11-08.05:52:10::SCWPlatform:: Platform Path C:/Users/realk/Desktop/ece385/ECE385/lab7_2/try5_sdk/mb_usb_hdmi_top/tempdsa/mb_usb_hdmi_top.xsa
TRACE::2024-11-08.05:52:10::SCWPlatform:: Unique name xilinx:::0.0
TRACE::2024-11-08.05:52:10::SCWPlatform::update - Opened existing hwdb mb_usb_hdmi_top_26
TRACE::2024-11-08.05:52:10::SCWPlatform::Found the Hw Db part of the input DSA
TRACE::2024-11-08.05:52:10::SCWMssOS::Saving the mss changes C:/Users/realk/Desktop/ece385/ECE385/lab7_2/try5_sdk/mb_usb_hdmi_top/microblaze_0/standalone_microblaze_0/bsp/system.mss
TRACE::2024-11-08.05:52:10::SCWMssOS::Found a swdesign opened with the mssfile.
TRACE::2024-11-08.05:52:10::SCWMssOS::Completed writemss as part of save.
TRACE::2024-11-08.05:52:10::SCWMssOS::Commit changes completed.
TRACE::2024-11-08.05:52:10::SCWMssOS::Completed hw sync for the mss in domain: standalone_microblaze_0
TRACE::2024-11-08.05:52:10::SCWMssOS::Removing the swdes entry for  C:/Users/realk/Desktop/ece385/ECE385/lab7_2/try5_sdk/mb_usb_hdmi_top/microblaze_0/standalone_microblaze_0/bsp/system.mss
TRACE::2024-11-08.05:52:10::SCWPlatform::Trying to open the hw design at C:/Users/realk/Desktop/ece385/ECE385/lab7_2/try5_sdk/mb_usb_hdmi_top/hw/mb_usb_hdmi_top.xsa
TRACE::2024-11-08.05:52:10::SCWPlatform::DSA given C:/Users/realk/Desktop/ece385/ECE385/lab7_2/try5_sdk/mb_usb_hdmi_top/hw/mb_usb_hdmi_top.xsa
TRACE::2024-11-08.05:52:10::SCWPlatform::DSA absoulate path C:/Users/realk/Desktop/ece385/ECE385/lab7_2/try5_sdk/mb_usb_hdmi_top/hw/mb_usb_hdmi_top.xsa
TRACE::2024-11-08.05:52:10::SCWPlatform::DSA directory C:/Users/realk/Desktop/ece385/ECE385/lab7_2/try5_sdk/mb_usb_hdmi_top/hw
TRACE::2024-11-08.05:52:10::SCWPlatform:: Platform Path C:/Users/realk/Desktop/ece385/ECE385/lab7_2/try5_sdk/mb_usb_hdmi_top/hw/mb_usb_hdmi_top.xsa
TRACE::2024-11-08.05:52:10::SCWPlatform:: Unique name xilinx:::0.0
TRACE::2024-11-08.05:52:10::SCWPlatform::Do not have an existing db opened. 
TRACE::2024-11-08.05:52:10::SCWPlatform::Opened new HwDB with name mb_usb_hdmi_top_27
TRACE::2024-11-08.05:52:10::SCWMssOS::Saving the mss changes C:/Users/realk/Desktop/ece385/ECE385/lab7_2/try5_sdk/mb_usb_hdmi_top/microblaze_0/standalone_microblaze_0/bsp/system.mss
TRACE::2024-11-08.05:52:10::SCWMssOS::Adding the swdes entry, mss present, able to open swdb C:/Users/realk/Desktop/ece385/ECE385/lab7_2/try5_sdk/mb_usb_hdmi_top/microblaze_0/standalone_microblaze_0/bsp/system.mss with des name system
TRACE::2024-11-08.05:52:10::SCWMssOS::Writing the mss file completed C:/Users/realk/Desktop/ece385/ECE385/lab7_2/try5_sdk/mb_usb_hdmi_top/microblaze_0/standalone_microblaze_0/bsp/system.mss
TRACE::2024-11-08.05:52:10::SCWMssOS::Commit changes completed.
TRACE::2024-11-08.05:52:10::SCWPlatform::Trying to open the hw design at C:/Users/realk/Desktop/ece385/ECE385/lab7_2/try5_sdk/mb_usb_hdmi_top/hw/mb_usb_hdmi_top.xsa
TRACE::2024-11-08.05:52:10::SCWPlatform::DSA given C:/Users/realk/Desktop/ece385/ECE385/lab7_2/try5_sdk/mb_usb_hdmi_top/hw/mb_usb_hdmi_top.xsa
TRACE::2024-11-08.05:52:10::SCWPlatform::DSA absoulate path C:/Users/realk/Desktop/ece385/ECE385/lab7_2/try5_sdk/mb_usb_hdmi_top/hw/mb_usb_hdmi_top.xsa
TRACE::2024-11-08.05:52:10::SCWPlatform::DSA directory C:/Users/realk/Desktop/ece385/ECE385/lab7_2/try5_sdk/mb_usb_hdmi_top/hw
TRACE::2024-11-08.05:52:10::SCWPlatform:: Platform Path C:/Users/realk/Desktop/ece385/ECE385/lab7_2/try5_sdk/mb_usb_hdmi_top/hw/mb_usb_hdmi_top.xsa
TRACE::2024-11-08.05:52:10::SCWPlatform:: Unique name xilinx:::0.0
TRACE::2024-11-08.05:52:10::SCWPlatform::Trying to set the existing hwdb with name mb_usb_hdmi_top_27
TRACE::2024-11-08.05:52:10::SCWPlatform::Opened existing hwdb mb_usb_hdmi_top_27
TRACE::2024-11-08.05:52:10::SCWPlatform::Found the Hw Db part of the input DSA
TRACE::2024-11-08.05:52:10::SCWMssOS::Checking the sw design at  C:/Users/realk/Desktop/ece385/ECE385/lab7_2/try5_sdk/mb_usb_hdmi_top/microblaze_0/standalone_microblaze_0/bsp/system.mss
TRACE::2024-11-08.05:52:10::SCWMssOS::DEBUG:  swdes dump  C:/Users/realk/Desktop/ece385/ECE385/lab7_2/try5_sdk/mb_usb_hdmi_top/microblaze_0/standalone_microblaze_0/bsp/system.mss|system||

TRACE::2024-11-08.05:52:10::SCWMssOS::Sw design exists and opened at  C:/Users/realk/Desktop/ece385/ECE385/lab7_2/try5_sdk/mb_usb_hdmi_top/microblaze_0/standalone_microblaze_0/bsp/system.mss
TRACE::2024-11-08.05:52:10::SCWWriter::formatted JSON is {
	"platformName":	"mb_usb_hdmi_top",
	"sprVersion":	"2.0",
	"mode":	"gui",
	"dsaType":	"Fixed",
	"platformDesc":	"mb_usb_hdmi_top",
	"platHandOff":	"C:/Users/realk/Desktop/ece385/ECE385/lab7_2/mb_usb_hdmi_top.xsa",
	"platIntHandOff":	"<platformDir>/hw/mb_usb_hdmi_top.xsa",
	"deviceType":	"FPGA",
	"platIsPrebuiltAutogen":	"false",
	"platIsNoBootBsp":	"false",
	"hasFsblMakeHasChanges":	"false",
	"hasPmufwMakeHasChanges":	"false",
	"platPreBuiltFlag":	false,
	"platformSamplesDir":	"",
	"platActiveSys":	"mb_usb_hdmi_top",
	"systems":	[{
			"systemName":	"mb_usb_hdmi_top",
			"systemDesc":	"mb_usb_hdmi_top",
			"sysIsBootAutoGen":	"true",
			"systemDispName":	"mb_usb_hdmi_top",
			"sysActiveDom":	"standalone_microblaze_0",
			"sysDefaultDom":	"standalone_microblaze_0",
			"domains":	[{
					"domainName":	"standalone_microblaze_0",
					"domainDispName":	"standalone_microblaze_0",
					"domainDesc":	"standalone_microblaze_0",
					"processors":	"microblaze_0",
					"os":	"standalone",
					"sdxOs":	"standalone",
					"debugEnable":	"False",
					"domRuntimes":	["cpp"],
					"swRepo":	"",
					"mssOsVer":	"8.0",
					"mssFile":	"",
					"md5Digest":	"5422c1e5be4ae93f4de8c50507402f2a1",
					"compatibleApp":	"",
					"domType":	"mssDomain",
					"arch":	"32-bit",
					"appSettings":	{
						"appCompilerFlags":	"",
						"appLinkerFlags":	""
					},
					"addedLibs":	[],
					"libOptions":	{
						"libsContainingOptions":	[]
					},
					"prebuiltLibs":	{
						"prebuiltIncPath":	[],
						"prebuiltLibPath":	[]
					},
					"isolation":	{
					}
				}]
		}]
}
TRACE::2024-11-08.05:52:23::SCWMssOS::cleaning the bsp 
TRACE::2024-11-08.05:52:23::SCWMssOS::System Command Ran  C: & cd  C:/Users/realk/Desktop/ece385/ECE385/lab7_2/try5_sdk/mb_usb_hdmi_top/microblaze_0/standalone_microblaze_0/bsp & make clean 
TRACE::2024-11-08.05:52:23::SCWMssOS::make -C microblaze_0/libsrc/bram_v4_8/src -s clean 

TRACE::2024-11-08.05:52:23::SCWMssOS::make -C microblaze_0/libsrc/cpu_v2_16/src -s clean 

TRACE::2024-11-08.05:52:23::SCWMssOS::make -C microblaze_0/libsrc/intc_v3_15/src -s clean 

TRACE::2024-11-08.05:52:23::SCWMssOS::make -C microblaze_0/libsrc/standalone_v8_0/src -s clean 

TRACE::2024-11-08.05:52:24::SCWMssOS::make -C microblaze_0/libsrc/uartlite_v3_7/src -s clean 

TRACE::2024-11-08.05:52:24::SCWMssOS::rm -f microblaze_0/lib/libxil.a

LOG::2024-11-08.05:52:51::SCWPlatform::Started generating the artifacts platform mb_usb_hdmi_top
TRACE::2024-11-08.05:52:51::SCWPlatform::Sanity checking of platform is completed
LOG::2024-11-08.05:52:51::SCWPlatform::Started generating the artifacts for system configuration mb_usb_hdmi_top
LOG::2024-11-08.05:52:51::SCWSystem::Checking the domain standalone_microblaze_0
LOG::2024-11-08.05:52:51::SCWSystem::Not a boot domain 
LOG::2024-11-08.05:52:51::SCWSystem::Started Processing the domain standalone_microblaze_0
TRACE::2024-11-08.05:52:51::SCWDomain::Generating domain artifcats
TRACE::2024-11-08.05:52:51::SCWMssOS::Generating standalone artifcats
TRACE::2024-11-08.05:52:51::SCWMssOS:: Copying the user libraries. 
TRACE::2024-11-08.05:52:51::SCWPlatform::Trying to open the hw design at C:/Users/realk/Desktop/ece385/ECE385/lab7_2/try5_sdk/mb_usb_hdmi_top/hw/mb_usb_hdmi_top.xsa
TRACE::2024-11-08.05:52:51::SCWPlatform::DSA given C:/Users/realk/Desktop/ece385/ECE385/lab7_2/try5_sdk/mb_usb_hdmi_top/hw/mb_usb_hdmi_top.xsa
TRACE::2024-11-08.05:52:51::SCWPlatform::DSA absoulate path C:/Users/realk/Desktop/ece385/ECE385/lab7_2/try5_sdk/mb_usb_hdmi_top/hw/mb_usb_hdmi_top.xsa
TRACE::2024-11-08.05:52:51::SCWPlatform::DSA directory C:/Users/realk/Desktop/ece385/ECE385/lab7_2/try5_sdk/mb_usb_hdmi_top/hw
TRACE::2024-11-08.05:52:51::SCWPlatform:: Platform Path C:/Users/realk/Desktop/ece385/ECE385/lab7_2/try5_sdk/mb_usb_hdmi_top/hw/mb_usb_hdmi_top.xsa
TRACE::2024-11-08.05:52:51::SCWPlatform:: Unique name xilinx:::0.0
TRACE::2024-11-08.05:52:51::SCWPlatform::Trying to set the existing hwdb with name mb_usb_hdmi_top_27
TRACE::2024-11-08.05:52:51::SCWPlatform::Opened existing hwdb mb_usb_hdmi_top_27
TRACE::2024-11-08.05:52:51::SCWPlatform::Found the Hw Db part of the input DSA
TRACE::2024-11-08.05:52:51::SCWMssOS::Checking the sw design at  C:/Users/realk/Desktop/ece385/ECE385/lab7_2/try5_sdk/mb_usb_hdmi_top/microblaze_0/standalone_microblaze_0/bsp/system.mss
TRACE::2024-11-08.05:52:51::SCWMssOS::DEBUG:  swdes dump  C:/Users/realk/Desktop/ece385/ECE385/lab7_2/try5_sdk/mb_usb_hdmi_top/microblaze_0/standalone_microblaze_0/bsp/system.mss|system||

TRACE::2024-11-08.05:52:51::SCWMssOS::Sw design exists and opened at  C:/Users/realk/Desktop/ece385/ECE385/lab7_2/try5_sdk/mb_usb_hdmi_top/microblaze_0/standalone_microblaze_0/bsp/system.mss
TRACE::2024-11-08.05:52:51::SCWMssOS::Completed writing the mss file at C:/Users/realk/Desktop/ece385/ECE385/lab7_2/try5_sdk/mb_usb_hdmi_top/microblaze_0/standalone_microblaze_0/bsp
TRACE::2024-11-08.05:52:51::SCWMssOS::Mss edits present, copying mssfile into export location C:/Users/realk/Desktop/ece385/ECE385/lab7_2/try5_sdk/mb_usb_hdmi_top/microblaze_0/standalone_microblaze_0/bsp/system.mss
TRACE::2024-11-08.05:52:51::SCWMssOS::bsp generated is stale removing and regenerating. 
TRACE::2024-11-08.05:52:52::SCWMssOS::doing bsp build ... 
TRACE::2024-11-08.05:52:52::SCWMssOS::System Command Ran  C: & cd  C:/Users/realk/Desktop/ece385/ECE385/lab7_2/try5_sdk/mb_usb_hdmi_top/microblaze_0/standalone_microblaze_0/bsp & make 
TRACE::2024-11-08.05:52:52::SCWMssOS::make --no-print-directory seq_libs

TRACE::2024-11-08.05:52:52::SCWMssOS::'Finished building libraries sequentially.'

TRACE::2024-11-08.05:52:52::SCWMssOS::make -j 14 --no-print-directory par_libs

TRACE::2024-11-08.05:52:52::SCWMssOS::"Running Make include in microblaze_0/libsrc/bram_v4_8/src"

TRACE::2024-11-08.05:52:52::SCWMssOS::make -C microblaze_0/libsrc/bram_v4_8/src -s include  "SHELL=CMD" "COMPILER=mb-gcc" "ASSEMBLER=mb-as" "ARCHIVER=mb-ar" "COMPILE
TRACE::2024-11-08.05:52:52::SCWMssOS::R_FLAGS=  -O2 -c -mcpu=v11.0 -mlittle-endian -mno-xl-reorder -mno-xl-soft-mul -mxl-barrel-shift -mxl-pattern-compare" "EXTRA_CO
TRACE::2024-11-08.05:52:52::SCWMssOS::MPILER_FLAGS=-g -ffunction-sections -fdata-sections -Wall -Wextra -fno-tree-loop-distribute-patterns"

TRACE::2024-11-08.05:52:52::SCWMssOS::"Running Make include in microblaze_0/libsrc/cpu_v2_16/src"

TRACE::2024-11-08.05:52:52::SCWMssOS::make -C microblaze_0/libsrc/cpu_v2_16/src -s include  "SHELL=CMD" "COMPILER=mb-gcc" "ASSEMBLER=mb-as" "ARCHIVER=mb-ar" "COMPILE
TRACE::2024-11-08.05:52:52::SCWMssOS::R_FLAGS=  -O2 -c -mcpu=v11.0 -mlittle-endian -mno-xl-reorder -mno-xl-soft-mul -mxl-barrel-shift -mxl-pattern-compare" "EXTRA_CO
TRACE::2024-11-08.05:52:52::SCWMssOS::MPILER_FLAGS=-g -ffunction-sections -fdata-sections -Wall -Wextra -fno-tree-loop-distribute-patterns"

TRACE::2024-11-08.05:52:52::SCWMssOS::"Running Make include in microblaze_0/libsrc/intc_v3_15/src"

TRACE::2024-11-08.05:52:53::SCWMssOS::make -C microblaze_0/libsrc/intc_v3_15/src -s include  "SHELL=CMD" "COMPILER=mb-gcc" "ASSEMBLER=mb-as" "ARCHIVER=mb-ar" "COMPIL
TRACE::2024-11-08.05:52:53::SCWMssOS::ER_FLAGS=  -O2 -c -mcpu=v11.0 -mlittle-endian -mno-xl-reorder -mno-xl-soft-mul -mxl-barrel-shift -mxl-pattern-compare" "EXTRA_C
TRACE::2024-11-08.05:52:53::SCWMssOS::OMPILER_FLAGS=-g -ffunction-sections -fdata-sections -Wall -Wextra -fno-tree-loop-distribute-patterns"

TRACE::2024-11-08.05:52:53::SCWMssOS::"Running Make include in microblaze_0/libsrc/standalone_v8_0/src"

TRACE::2024-11-08.05:52:53::SCWMssOS::make -C microblaze_0/libsrc/standalone_v8_0/src -s include  "SHELL=CMD" "COMPILER=mb-gcc" "ASSEMBLER=mb-as" "ARCHIVER=mb-ar" "C
TRACE::2024-11-08.05:52:53::SCWMssOS::OMPILER_FLAGS=  -O2 -c -mcpu=v11.0 -mlittle-endian -mno-xl-reorder -mno-xl-soft-mul -mxl-barrel-shift -mxl-pattern-compare" "EX
TRACE::2024-11-08.05:52:53::SCWMssOS::TRA_COMPILER_FLAGS=-g -ffunction-sections -fdata-sections -Wall -Wextra -fno-tree-loop-distribute-patterns"

TRACE::2024-11-08.05:52:53::SCWMssOS::"Running Make include in microblaze_0/libsrc/uartlite_v3_7/src"

TRACE::2024-11-08.05:52:53::SCWMssOS::make -C microblaze_0/libsrc/uartlite_v3_7/src -s include  "SHELL=CMD" "COMPILER=mb-gcc" "ASSEMBLER=mb-as" "ARCHIVER=mb-ar" "COM
TRACE::2024-11-08.05:52:53::SCWMssOS::PILER_FLAGS=  -O2 -c -mcpu=v11.0 -mlittle-endian -mno-xl-reorder -mno-xl-soft-mul -mxl-barrel-shift -mxl-pattern-compare" "EXTR
TRACE::2024-11-08.05:52:53::SCWMssOS::A_COMPILER_FLAGS=-g -ffunction-sections -fdata-sections -Wall -Wextra -fno-tree-loop-distribute-patterns"

TRACE::2024-11-08.05:52:53::SCWMssOS::"Running Make libs in microblaze_0/libsrc/bram_v4_8/src"

TRACE::2024-11-08.05:52:53::SCWMssOS::make -C microblaze_0/libsrc/bram_v4_8/src -s libs  "SHELL=CMD" "COMPILER=mb-gcc" "ASSEMBLER=mb-as" "ARCHIVER=mb-ar" "COMPILER_F
TRACE::2024-11-08.05:52:53::SCWMssOS::LAGS=  -O2 -c -mcpu=v11.0 -mlittle-endian -mno-xl-reorder -mno-xl-soft-mul -mxl-barrel-shift -mxl-pattern-compare" "EXTRA_COMPI
TRACE::2024-11-08.05:52:53::SCWMssOS::LER_FLAGS=-g -ffunction-sections -fdata-sections -Wall -Wextra -fno-tree-loop-distribute-patterns"

TRACE::2024-11-08.05:52:53::SCWMssOS::"Running Make libs in microblaze_0/libsrc/cpu_v2_16/src"

TRACE::2024-11-08.05:52:53::SCWMssOS::make -C microblaze_0/libsrc/cpu_v2_16/src -s libs  "SHELL=CMD" "COMPILER=mb-gcc" "ASSEMBLER=mb-as" "ARCHIVER=mb-ar" "COMPILER_F
TRACE::2024-11-08.05:52:53::SCWMssOS::LAGS=  -O2 -c -mcpu=v11.0 -mlittle-endian -mno-xl-reorder -mno-xl-soft-mul -mxl-barrel-shift -mxl-pattern-compare" "EXTRA_COMPI
TRACE::2024-11-08.05:52:53::SCWMssOS::LER_FLAGS=-g -ffunction-sections -fdata-sections -Wall -Wextra -fno-tree-loop-distribute-patterns"

TRACE::2024-11-08.05:52:53::SCWMssOS::"Running Make libs in microblaze_0/libsrc/intc_v3_15/src"

TRACE::2024-11-08.05:52:53::SCWMssOS::make -C microblaze_0/libsrc/intc_v3_15/src -s libs  "SHELL=CMD" "COMPILER=mb-gcc" "ASSEMBLER=mb-as" "ARCHIVER=mb-ar" "COMPILER_
TRACE::2024-11-08.05:52:53::SCWMssOS::FLAGS=  -O2 -c -mcpu=v11.0 -mlittle-endian -mno-xl-reorder -mno-xl-soft-mul -mxl-barrel-shift -mxl-pattern-compare" "EXTRA_COMP
TRACE::2024-11-08.05:52:53::SCWMssOS::ILER_FLAGS=-g -ffunction-sections -fdata-sections -Wall -Wextra -fno-tree-loop-distribute-patterns"

TRACE::2024-11-08.05:52:53::SCWMssOS::"Running Make libs in microblaze_0/libsrc/standalone_v8_0/src"

TRACE::2024-11-08.05:52:53::SCWMssOS::make -C microblaze_0/libsrc/standalone_v8_0/src -s libs  "SHELL=CMD" "COMPILER=mb-gcc" "ASSEMBLER=mb-as" "ARCHIVER=mb-ar" "COMP
TRACE::2024-11-08.05:52:53::SCWMssOS::ILER_FLAGS=  -O2 -c -mcpu=v11.0 -mlittle-endian -mno-xl-reorder -mno-xl-soft-mul -mxl-barrel-shift -mxl-pattern-compare" "EXTRA
TRACE::2024-11-08.05:52:53::SCWMssOS::_COMPILER_FLAGS=-g -ffunction-sections -fdata-sections -Wall -Wextra -fno-tree-loop-distribute-patterns"

TRACE::2024-11-08.05:52:53::SCWMssOS::"Running Make libs in microblaze_0/libsrc/uartlite_v3_7/src"

TRACE::2024-11-08.05:52:53::SCWMssOS::make -C microblaze_0/libsrc/uartlite_v3_7/src -s libs  "SHELL=CMD" "COMPILER=mb-gcc" "ASSEMBLER=mb-as" "ARCHIVER=mb-ar" "COMPIL
TRACE::2024-11-08.05:52:53::SCWMssOS::ER_FLAGS=  -O2 -c -mcpu=v11.0 -mlittle-endian -mno-xl-reorder -mno-xl-soft-mul -mxl-barrel-shift -mxl-pattern-compare" "EXTRA_C
TRACE::2024-11-08.05:52:53::SCWMssOS::OMPILER_FLAGS=-g -ffunction-sections -fdata-sections -Wall -Wextra -fno-tree-loop-distribute-patterns"

TRACE::2024-11-08.05:52:55::SCWMssOS::"DEBUG NON_LTO_OBJECTS is ../../../lib/microblaze_interrupt_handler.o"

TRACE::2024-11-08.05:52:55::SCWMssOS::'Finished building libraries parallelly.'

TRACE::2024-11-08.05:52:55::SCWMssOS::make --no-print-directory archive

TRACE::2024-11-08.05:52:55::SCWMssOS::mb-ar -r  microblaze_0/lib/libxil.a microblaze_0/lib/_exit.o microblaze_0/lib/errno.o microblaze_0/lib/fcntl.o microblaze_0/lib
TRACE::2024-11-08.05:52:55::SCWMssOS::/hw_exception_handler.o microblaze_0/lib/inbyte.o microblaze_0/lib/microblaze_disable_dcache.o microblaze_0/lib/microblaze_disa
TRACE::2024-11-08.05:52:55::SCWMssOS::ble_exceptions.o microblaze_0/lib/microblaze_disable_icache.o microblaze_0/lib/microblaze_disable_interrupts.o microblaze_0/lib
TRACE::2024-11-08.05:52:55::SCWMssOS::/microblaze_enable_dcache.o microblaze_0/lib/microblaze_enable_exceptions.o microblaze_0/lib/microblaze_enable_icache.o microbl
TRACE::2024-11-08.05:52:55::SCWMssOS::aze_0/lib/microblaze_enable_interrupts.o microblaze_0/lib/microblaze_exception_handler.o microblaze_0/lib/microblaze_flush_cach
TRACE::2024-11-08.05:52:55::SCWMssOS::e_ext.o microblaze_0/lib/microblaze_flush_cache_ext_range.o microblaze_0/lib/microblaze_flush_dcache.o microblaze_0/lib/microbl
TRACE::2024-11-08.05:52:55::SCWMssOS::aze_flush_dcache_range.o microblaze_0/lib/microblaze_init_dcache_range.o microblaze_0/lib/microblaze_init_icache_range.o microb
TRACE::2024-11-08.05:52:55::SCWMssOS::laze_0/lib/microblaze_interrupt_handler.o microblaze_0/lib/microblaze_interrupts_g.o microblaze_0/lib/microblaze_invalidate_cac
TRACE::2024-11-08.05:52:55::SCWMssOS::he_ext.o microblaze_0/lib/microblaze_invalidate_cache_ext_range.o microblaze_0/lib/microblaze_invalidate_dcache.o microblaze_0/
TRACE::2024-11-08.05:52:55::SCWMssOS::lib/microblaze_invalidate_dcache_range.o microblaze_0/lib/microblaze_invalidate_icache.o microblaze_0/lib/microblaze_invalidate
TRACE::2024-11-08.05:52:55::SCWMssOS::_icache_range.o microblaze_0/lib/microblaze_scrub.o microblaze_0/lib/microblaze_selftest.o microblaze_0/lib/microblaze_sleep.o 
TRACE::2024-11-08.05:52:55::SCWMssOS::microblaze_0/lib/microblaze_update_dcache.o microblaze_0/lib/microblaze_update_icache.o microblaze_0/lib/outbyte.o microblaze_0
TRACE::2024-11-08.05:52:55::SCWMssOS::/lib/print.o microblaze_0/lib/pvr.o microblaze_0/lib/xbram.o microblaze_0/lib/xbram_g.o microblaze_0/lib/xbram_intr.o microblaz
TRACE::2024-11-08.05:52:55::SCWMssOS::e_0/lib/xbram_selftest.o microblaze_0/lib/xbram_sinit.o microblaze_0/lib/xil_assert.o microblaze_0/lib/xil_cache.o microblaze_0
TRACE::2024-11-08.05:52:55::SCWMssOS::/lib/xil_clocking.o microblaze_0/lib/xil_exception.o microblaze_0/lib/xil_mem.o microblaze_0/lib/xil_misc_psreset_api.o microbl
TRACE::2024-11-08.05:52:55::SCWMssOS::aze_0/lib/xil_printf.o microblaze_0/lib/xil_sleepcommon.o microblaze_0/lib/xil_testcache.o microblaze_0/lib/xil_testio.o microb
TRACE::2024-11-08.05:52:55::SCWMssOS::laze_0/lib/xil_testmem.o microblaze_0/lib/xil_util.o microblaze_0/lib/xintc.o microblaze_0/lib/xintc_g.o microblaze_0/lib/xintc
TRACE::2024-11-08.05:52:55::SCWMssOS::_intr.o microblaze_0/lib/xintc_l.o microblaze_0/lib/xintc_options.o microblaze_0/lib/xintc_selftest.o microblaze_0/lib/xinterru
TRACE::2024-11-08.05:52:55::SCWMssOS::pt_wrap.o microblaze_0/lib/xio.o microblaze_0/lib/xplatform_info.o microblaze_0/lib/xuartlite.o microblaze_0/lib/xuartlite_g.o 
TRACE::2024-11-08.05:52:55::SCWMssOS::microblaze_0/lib/xuartlite_intr.o microblaze_0/lib/xuartlite_l.o microblaze_0/lib/xuartlite_selftest.o microblaze_0/lib/xuartli
TRACE::2024-11-08.05:52:55::SCWMssOS::te_sinit.o microblaze_0/lib/xuartlite_stats.o

TRACE::2024-11-08.05:52:55::SCWMssOS::'Finished building libraries'

TRACE::2024-11-08.05:52:55::SCWMssOS:: Checking if to create the Supporting Applications
TRACE::2024-11-08.05:52:55::SCWMssOS:: No Linux domain exists, trying to generate FSBL 
LOG::2024-11-08.05:52:55::SCWSystem::Completed Processing the domain standalone_microblaze_0
LOG::2024-11-08.05:52:55::SCWSystem::Completed Processing the sysconfig mb_usb_hdmi_top
LOG::2024-11-08.05:52:55::SCWPlatform::Completed generating the artifacts for system configuration mb_usb_hdmi_top
TRACE::2024-11-08.05:52:55::SCWPlatform::Started preparing the platform 
TRACE::2024-11-08.05:52:55::SCWSystem::Writing the bif file for system config mb_usb_hdmi_top
TRACE::2024-11-08.05:52:55::SCWSystem::dir created 
TRACE::2024-11-08.05:52:55::SCWSystem::Writing the bif 
TRACE::2024-11-08.05:52:55::SCWPlatform::Started writing the spfm file 
TRACE::2024-11-08.05:52:55::SCWPlatform::Started writing the xpfm file 
TRACE::2024-11-08.05:52:55::SCWPlatform::Completed generating the platform
TRACE::2024-11-08.05:52:55::SCWMssOS::Saving the mss changes C:/Users/realk/Desktop/ece385/ECE385/lab7_2/try5_sdk/mb_usb_hdmi_top/microblaze_0/standalone_microblaze_0/bsp/system.mss
TRACE::2024-11-08.05:52:55::SCWMssOS::Adding the swdes entry, mss present, able to open swdb C:/Users/realk/Desktop/ece385/ECE385/lab7_2/try5_sdk/mb_usb_hdmi_top/microblaze_0/standalone_microblaze_0/bsp/system.mss with des name system
TRACE::2024-11-08.05:52:55::SCWMssOS::Writing the mss file completed C:/Users/realk/Desktop/ece385/ECE385/lab7_2/try5_sdk/mb_usb_hdmi_top/microblaze_0/standalone_microblaze_0/bsp/system.mss
TRACE::2024-11-08.05:52:55::SCWMssOS::Commit changes completed.
TRACE::2024-11-08.05:52:55::SCWPlatform::Trying to open the hw design at C:/Users/realk/Desktop/ece385/ECE385/lab7_2/try5_sdk/mb_usb_hdmi_top/hw/mb_usb_hdmi_top.xsa
TRACE::2024-11-08.05:52:55::SCWPlatform::DSA given C:/Users/realk/Desktop/ece385/ECE385/lab7_2/try5_sdk/mb_usb_hdmi_top/hw/mb_usb_hdmi_top.xsa
TRACE::2024-11-08.05:52:55::SCWPlatform::DSA absoulate path C:/Users/realk/Desktop/ece385/ECE385/lab7_2/try5_sdk/mb_usb_hdmi_top/hw/mb_usb_hdmi_top.xsa
TRACE::2024-11-08.05:52:55::SCWPlatform::DSA directory C:/Users/realk/Desktop/ece385/ECE385/lab7_2/try5_sdk/mb_usb_hdmi_top/hw
TRACE::2024-11-08.05:52:55::SCWPlatform:: Platform Path C:/Users/realk/Desktop/ece385/ECE385/lab7_2/try5_sdk/mb_usb_hdmi_top/hw/mb_usb_hdmi_top.xsa
TRACE::2024-11-08.05:52:55::SCWPlatform:: Unique name xilinx:::0.0
TRACE::2024-11-08.05:52:55::SCWPlatform::Trying to set the existing hwdb with name mb_usb_hdmi_top_27
TRACE::2024-11-08.05:52:55::SCWPlatform::Opened existing hwdb mb_usb_hdmi_top_27
TRACE::2024-11-08.05:52:55::SCWPlatform::Found the Hw Db part of the input DSA
TRACE::2024-11-08.05:52:55::SCWMssOS::Checking the sw design at  C:/Users/realk/Desktop/ece385/ECE385/lab7_2/try5_sdk/mb_usb_hdmi_top/microblaze_0/standalone_microblaze_0/bsp/system.mss
TRACE::2024-11-08.05:52:55::SCWMssOS::DEBUG:  swdes dump  C:/Users/realk/Desktop/ece385/ECE385/lab7_2/try5_sdk/mb_usb_hdmi_top/microblaze_0/standalone_microblaze_0/bsp/system.mss|system||

TRACE::2024-11-08.05:52:55::SCWMssOS::Sw design exists and opened at  C:/Users/realk/Desktop/ece385/ECE385/lab7_2/try5_sdk/mb_usb_hdmi_top/microblaze_0/standalone_microblaze_0/bsp/system.mss
TRACE::2024-11-08.05:52:55::SCWWriter::formatted JSON is {
	"platformName":	"mb_usb_hdmi_top",
	"sprVersion":	"2.0",
	"mode":	"gui",
	"dsaType":	"Fixed",
	"platformDesc":	"mb_usb_hdmi_top",
	"platHandOff":	"C:/Users/realk/Desktop/ece385/ECE385/lab7_2/mb_usb_hdmi_top.xsa",
	"platIntHandOff":	"<platformDir>/hw/mb_usb_hdmi_top.xsa",
	"deviceType":	"FPGA",
	"platIsPrebuiltAutogen":	"false",
	"platIsNoBootBsp":	"false",
	"hasFsblMakeHasChanges":	"false",
	"hasPmufwMakeHasChanges":	"false",
	"platPreBuiltFlag":	false,
	"platformSamplesDir":	"",
	"platActiveSys":	"mb_usb_hdmi_top",
	"systems":	[{
			"systemName":	"mb_usb_hdmi_top",
			"systemDesc":	"mb_usb_hdmi_top",
			"sysIsBootAutoGen":	"true",
			"systemDispName":	"mb_usb_hdmi_top",
			"sysActiveDom":	"standalone_microblaze_0",
			"sysDefaultDom":	"standalone_microblaze_0",
			"domains":	[{
					"domainName":	"standalone_microblaze_0",
					"domainDispName":	"standalone_microblaze_0",
					"domainDesc":	"standalone_microblaze_0",
					"processors":	"microblaze_0",
					"os":	"standalone",
					"sdxOs":	"standalone",
					"debugEnable":	"False",
					"domRuntimes":	["cpp"],
					"swRepo":	"",
					"mssOsVer":	"8.0",
					"mssFile":	"",
					"md5Digest":	"5422c1e5be4ae93f4de8c50507402f2a",
					"compatibleApp":	"",
					"domType":	"mssDomain",
					"arch":	"32-bit",
					"appSettings":	{
						"appCompilerFlags":	"",
						"appLinkerFlags":	""
					},
					"addedLibs":	[],
					"libOptions":	{
						"libsContainingOptions":	[]
					},
					"prebuiltLibs":	{
						"prebuiltIncPath":	[],
						"prebuiltLibPath":	[]
					},
					"isolation":	{
					}
				}]
		}]
}
KEYINFO::2024-11-08.05:52:55::SCWPlatform::updated the xpfm file.
TRACE::2024-11-08.05:52:56::SCWPlatform::Trying to open the hw design at C:/Users/realk/Desktop/ece385/ECE385/lab7_2/try5_sdk/mb_usb_hdmi_top/hw/mb_usb_hdmi_top.xsa
TRACE::2024-11-08.05:52:56::SCWPlatform::DSA given C:/Users/realk/Desktop/ece385/ECE385/lab7_2/try5_sdk/mb_usb_hdmi_top/hw/mb_usb_hdmi_top.xsa
TRACE::2024-11-08.05:52:56::SCWPlatform::DSA absoulate path C:/Users/realk/Desktop/ece385/ECE385/lab7_2/try5_sdk/mb_usb_hdmi_top/hw/mb_usb_hdmi_top.xsa
TRACE::2024-11-08.05:52:56::SCWPlatform::DSA directory C:/Users/realk/Desktop/ece385/ECE385/lab7_2/try5_sdk/mb_usb_hdmi_top/hw
TRACE::2024-11-08.05:52:56::SCWPlatform:: Platform Path C:/Users/realk/Desktop/ece385/ECE385/lab7_2/try5_sdk/mb_usb_hdmi_top/hw/mb_usb_hdmi_top.xsa
TRACE::2024-11-08.05:52:56::SCWPlatform:: Unique name xilinx:::0.0
TRACE::2024-11-08.05:52:56::SCWPlatform::Trying to set the existing hwdb with name mb_usb_hdmi_top_27
TRACE::2024-11-08.05:52:56::SCWPlatform::Opened existing hwdb mb_usb_hdmi_top_27
TRACE::2024-11-08.05:52:56::SCWPlatform::Found the Hw Db part of the input DSA
TRACE::2024-11-08.05:52:56::SCWMssOS::Checking the sw design at  C:/Users/realk/Desktop/ece385/ECE385/lab7_2/try5_sdk/mb_usb_hdmi_top/microblaze_0/standalone_microblaze_0/bsp/system.mss
TRACE::2024-11-08.05:52:56::SCWMssOS::DEBUG:  swdes dump  C:/Users/realk/Desktop/ece385/ECE385/lab7_2/try5_sdk/mb_usb_hdmi_top/microblaze_0/standalone_microblaze_0/bsp/system.mss|system||

TRACE::2024-11-08.05:52:56::SCWMssOS::Sw design exists and opened at  C:/Users/realk/Desktop/ece385/ECE385/lab7_2/try5_sdk/mb_usb_hdmi_top/microblaze_0/standalone_microblaze_0/bsp/system.mss
TRACE::2024-11-08.06:01:59::SCWPlatform::Clearing the existing platform
TRACE::2024-11-08.06:01:59::SCWSystem::Clearing the existing sysconfig
TRACE::2024-11-08.06:01:59::SCWMssOS::Removing the swdes entry for  C:/Users/realk/Desktop/ece385/ECE385/lab7_2/try5_sdk/mb_usb_hdmi_top/microblaze_0/standalone_microblaze_0/bsp/system.mss
TRACE::2024-11-08.06:01:59::SCWSystem::Clearing the domains completed.
TRACE::2024-11-08.06:01:59::SCWPlatform::Clearing the opened hw db.
TRACE::2024-11-08.06:01:59::SCWPlatform::DSA given C:/Users/realk/Desktop/ece385/ECE385/lab7_2/try5_sdk/mb_usb_hdmi_top/hw/mb_usb_hdmi_top.xsa
TRACE::2024-11-08.06:01:59::SCWPlatform::DSA absoulate path C:/Users/realk/Desktop/ece385/ECE385/lab7_2/try5_sdk/mb_usb_hdmi_top/hw/mb_usb_hdmi_top.xsa
TRACE::2024-11-08.06:01:59::SCWPlatform:: Platform location is C:/Users/realk/Desktop/ece385/ECE385/lab7_2/try5_sdk/mb_usb_hdmi_top/hw
TRACE::2024-11-08.06:01:59::SCWPlatform:: Platform Path C:/Users/realk/Desktop/ece385/ECE385/lab7_2/try5_sdk/mb_usb_hdmi_top/hw/mb_usb_hdmi_top.xsa
TRACE::2024-11-08.06:01:59::SCWPlatform:: Unique name xilinx:::0.0
TRACE::2024-11-08.06:01:59::SCWPlatform::Removing the HwDB with name C:/Users/realk/Desktop/ece385/ECE385/lab7_2/try5_sdk/mb_usb_hdmi_top/hw/mb_usb_hdmi_top.xsa
TRACE::2024-11-08.06:01:59::SCWPlatform::Trying to open the hw design at C:/Users/realk/Desktop/ece385/ECE385/lab7_2/try5_sdk/mb_usb_hdmi_top/hw/mb_usb_hdmi_top.xsa
TRACE::2024-11-08.06:01:59::SCWPlatform::DSA given C:/Users/realk/Desktop/ece385/ECE385/lab7_2/try5_sdk/mb_usb_hdmi_top/hw/mb_usb_hdmi_top.xsa
TRACE::2024-11-08.06:01:59::SCWPlatform::DSA absoulate path C:/Users/realk/Desktop/ece385/ECE385/lab7_2/try5_sdk/mb_usb_hdmi_top/hw/mb_usb_hdmi_top.xsa
TRACE::2024-11-08.06:01:59::SCWPlatform::DSA directory C:/Users/realk/Desktop/ece385/ECE385/lab7_2/try5_sdk/mb_usb_hdmi_top/hw
TRACE::2024-11-08.06:01:59::SCWPlatform:: Platform Path C:/Users/realk/Desktop/ece385/ECE385/lab7_2/try5_sdk/mb_usb_hdmi_top/hw/mb_usb_hdmi_top.xsa
TRACE::2024-11-08.06:01:59::SCWPlatform:: Unique name xilinx:::0.0
TRACE::2024-11-08.06:01:59::SCWPlatform::Do not have an existing db opened. 
TRACE::2024-11-08.06:01:59::SCWPlatform::Opened new HwDB with name mb_usb_hdmi_top_29
TRACE::2024-11-08.06:01:59::SCWReader::Active system found as  mb_usb_hdmi_top
TRACE::2024-11-08.06:01:59::SCWReader::Handling sysconfig mb_usb_hdmi_top
TRACE::2024-11-08.06:01:59::SCWDomain::checking for install qemu data   : 
TRACE::2024-11-08.06:01:59::SCWPlatform::Trying to open the hw design at C:/Users/realk/Desktop/ece385/ECE385/lab7_2/try5_sdk/mb_usb_hdmi_top/hw/mb_usb_hdmi_top.xsa
TRACE::2024-11-08.06:01:59::SCWPlatform::DSA given C:/Users/realk/Desktop/ece385/ECE385/lab7_2/try5_sdk/mb_usb_hdmi_top/hw/mb_usb_hdmi_top.xsa
TRACE::2024-11-08.06:01:59::SCWPlatform::DSA absoulate path C:/Users/realk/Desktop/ece385/ECE385/lab7_2/try5_sdk/mb_usb_hdmi_top/hw/mb_usb_hdmi_top.xsa
TRACE::2024-11-08.06:01:59::SCWPlatform::DSA directory C:/Users/realk/Desktop/ece385/ECE385/lab7_2/try5_sdk/mb_usb_hdmi_top/hw
TRACE::2024-11-08.06:01:59::SCWPlatform:: Platform Path C:/Users/realk/Desktop/ece385/ECE385/lab7_2/try5_sdk/mb_usb_hdmi_top/hw/mb_usb_hdmi_top.xsa
TRACE::2024-11-08.06:01:59::SCWPlatform:: Unique name xilinx:::0.0
TRACE::2024-11-08.06:01:59::SCWPlatform::Trying to set the existing hwdb with name mb_usb_hdmi_top_29
TRACE::2024-11-08.06:01:59::SCWPlatform::Opened existing hwdb mb_usb_hdmi_top_29
TRACE::2024-11-08.06:01:59::SCWPlatform::Found the Hw Db part of the input DSA
TRACE::2024-11-08.06:01:59::SCWPlatform::Trying to open the hw design at C:/Users/realk/Desktop/ece385/ECE385/lab7_2/try5_sdk/mb_usb_hdmi_top/hw/mb_usb_hdmi_top.xsa
TRACE::2024-11-08.06:01:59::SCWPlatform::DSA given C:/Users/realk/Desktop/ece385/ECE385/lab7_2/try5_sdk/mb_usb_hdmi_top/hw/mb_usb_hdmi_top.xsa
TRACE::2024-11-08.06:01:59::SCWPlatform::DSA absoulate path C:/Users/realk/Desktop/ece385/ECE385/lab7_2/try5_sdk/mb_usb_hdmi_top/hw/mb_usb_hdmi_top.xsa
TRACE::2024-11-08.06:01:59::SCWPlatform::DSA directory C:/Users/realk/Desktop/ece385/ECE385/lab7_2/try5_sdk/mb_usb_hdmi_top/hw
TRACE::2024-11-08.06:01:59::SCWPlatform:: Platform Path C:/Users/realk/Desktop/ece385/ECE385/lab7_2/try5_sdk/mb_usb_hdmi_top/hw/mb_usb_hdmi_top.xsa
TRACE::2024-11-08.06:01:59::SCWPlatform:: Unique name xilinx:::0.0
TRACE::2024-11-08.06:01:59::SCWPlatform::Trying to set the existing hwdb with name mb_usb_hdmi_top_29
TRACE::2024-11-08.06:01:59::SCWPlatform::Opened existing hwdb mb_usb_hdmi_top_29
TRACE::2024-11-08.06:01:59::SCWPlatform::Found the Hw Db part of the input DSA
TRACE::2024-11-08.06:01:59::SCWPlatform::Trying to open the hw design at C:/Users/realk/Desktop/ece385/ECE385/lab7_2/try5_sdk/mb_usb_hdmi_top/hw/mb_usb_hdmi_top.xsa
TRACE::2024-11-08.06:01:59::SCWPlatform::DSA given C:/Users/realk/Desktop/ece385/ECE385/lab7_2/try5_sdk/mb_usb_hdmi_top/hw/mb_usb_hdmi_top.xsa
TRACE::2024-11-08.06:01:59::SCWPlatform::DSA absoulate path C:/Users/realk/Desktop/ece385/ECE385/lab7_2/try5_sdk/mb_usb_hdmi_top/hw/mb_usb_hdmi_top.xsa
TRACE::2024-11-08.06:01:59::SCWPlatform::DSA directory C:/Users/realk/Desktop/ece385/ECE385/lab7_2/try5_sdk/mb_usb_hdmi_top/hw
TRACE::2024-11-08.06:01:59::SCWPlatform:: Platform Path C:/Users/realk/Desktop/ece385/ECE385/lab7_2/try5_sdk/mb_usb_hdmi_top/hw/mb_usb_hdmi_top.xsa
TRACE::2024-11-08.06:01:59::SCWPlatform:: Unique name xilinx:::0.0
TRACE::2024-11-08.06:01:59::SCWPlatform::Trying to set the existing hwdb with name mb_usb_hdmi_top_29
TRACE::2024-11-08.06:01:59::SCWPlatform::Opened existing hwdb mb_usb_hdmi_top_29
TRACE::2024-11-08.06:01:59::SCWPlatform::Found the Hw Db part of the input DSA
TRACE::2024-11-08.06:01:59::SCWPlatform::Trying to open the hw design at C:/Users/realk/Desktop/ece385/ECE385/lab7_2/try5_sdk/mb_usb_hdmi_top/hw/mb_usb_hdmi_top.xsa
TRACE::2024-11-08.06:01:59::SCWPlatform::DSA given C:/Users/realk/Desktop/ece385/ECE385/lab7_2/try5_sdk/mb_usb_hdmi_top/hw/mb_usb_hdmi_top.xsa
TRACE::2024-11-08.06:01:59::SCWPlatform::DSA absoulate path C:/Users/realk/Desktop/ece385/ECE385/lab7_2/try5_sdk/mb_usb_hdmi_top/hw/mb_usb_hdmi_top.xsa
TRACE::2024-11-08.06:01:59::SCWPlatform::DSA directory C:/Users/realk/Desktop/ece385/ECE385/lab7_2/try5_sdk/mb_usb_hdmi_top/hw
TRACE::2024-11-08.06:01:59::SCWPlatform:: Platform Path C:/Users/realk/Desktop/ece385/ECE385/lab7_2/try5_sdk/mb_usb_hdmi_top/hw/mb_usb_hdmi_top.xsa
TRACE::2024-11-08.06:01:59::SCWPlatform:: Unique name xilinx:::0.0
TRACE::2024-11-08.06:01:59::SCWPlatform::Trying to set the existing hwdb with name mb_usb_hdmi_top_29
TRACE::2024-11-08.06:01:59::SCWPlatform::Opened existing hwdb mb_usb_hdmi_top_29
TRACE::2024-11-08.06:01:59::SCWPlatform::Found the Hw Db part of the input DSA
TRACE::2024-11-08.06:01:59::SCWMssOS::Checking the sw design at  C:/Users/realk/Desktop/ece385/ECE385/lab7_2/try5_sdk/mb_usb_hdmi_top/microblaze_0/standalone_microblaze_0/bsp/system.mss
TRACE::2024-11-08.06:01:59::SCWMssOS::DEBUG:  swdes dump  
TRACE::2024-11-08.06:01:59::SCWMssOS::No sw design opened at  C:/Users/realk/Desktop/ece385/ECE385/lab7_2/try5_sdk/mb_usb_hdmi_top/microblaze_0/standalone_microblaze_0/bsp/system.mss
TRACE::2024-11-08.06:01:59::SCWMssOS::mss exists loading the mss file  C:/Users/realk/Desktop/ece385/ECE385/lab7_2/try5_sdk/mb_usb_hdmi_top/microblaze_0/standalone_microblaze_0/bsp/system.mss
TRACE::2024-11-08.06:01:59::SCWMssOS::Opened the sw design from mss  C:/Users/realk/Desktop/ece385/ECE385/lab7_2/try5_sdk/mb_usb_hdmi_top/microblaze_0/standalone_microblaze_0/bsp/system.mss
TRACE::2024-11-08.06:01:59::SCWMssOS::Adding the swdes entry C:/Users/realk/Desktop/ece385/ECE385/lab7_2/try5_sdk/mb_usb_hdmi_top/microblaze_0/standalone_microblaze_0/bsp/system.mss with des name system
TRACE::2024-11-08.06:01:59::SCWMssOS::updating the scw layer about changes
TRACE::2024-11-08.06:01:59::SCWMssOS::Opened the sw design.  C:/Users/realk/Desktop/ece385/ECE385/lab7_2/try5_sdk/mb_usb_hdmi_top/microblaze_0/standalone_microblaze_0/bsp/system.mss
TRACE::2024-11-08.06:01:59::SCWMssOS::Saving the mss changes C:/Users/realk/Desktop/ece385/ECE385/lab7_2/try5_sdk/mb_usb_hdmi_top/microblaze_0/standalone_microblaze_0/bsp/system.mss
TRACE::2024-11-08.06:01:59::SCWMssOS::Found a swdesign opened with the mssfile.
TRACE::2024-11-08.06:01:59::SCWMssOS::Completed writemss as part of save.
TRACE::2024-11-08.06:01:59::SCWMssOS::Commit changes completed.
TRACE::2024-11-08.06:01:59::SCWReader::Adding prebuilt librarypaths as   
TRACE::2024-11-08.06:01:59::SCWReader::Adding prebuilt incpaths  as   
TRACE::2024-11-08.06:01:59::SCWPlatform::Trying to open the hw design at C:/Users/realk/Desktop/ece385/ECE385/lab7_2/try5_sdk/mb_usb_hdmi_top/hw/mb_usb_hdmi_top.xsa
TRACE::2024-11-08.06:01:59::SCWPlatform::DSA given C:/Users/realk/Desktop/ece385/ECE385/lab7_2/try5_sdk/mb_usb_hdmi_top/hw/mb_usb_hdmi_top.xsa
TRACE::2024-11-08.06:01:59::SCWPlatform::DSA absoulate path C:/Users/realk/Desktop/ece385/ECE385/lab7_2/try5_sdk/mb_usb_hdmi_top/hw/mb_usb_hdmi_top.xsa
TRACE::2024-11-08.06:01:59::SCWPlatform::DSA directory C:/Users/realk/Desktop/ece385/ECE385/lab7_2/try5_sdk/mb_usb_hdmi_top/hw
TRACE::2024-11-08.06:01:59::SCWPlatform:: Platform Path C:/Users/realk/Desktop/ece385/ECE385/lab7_2/try5_sdk/mb_usb_hdmi_top/hw/mb_usb_hdmi_top.xsa
TRACE::2024-11-08.06:01:59::SCWPlatform:: Unique name xilinx:::0.0
TRACE::2024-11-08.06:01:59::SCWPlatform::Trying to set the existing hwdb with name mb_usb_hdmi_top_29
TRACE::2024-11-08.06:01:59::SCWPlatform::Opened existing hwdb mb_usb_hdmi_top_29
TRACE::2024-11-08.06:01:59::SCWPlatform::Found the Hw Db part of the input DSA
TRACE::2024-11-08.06:01:59::SCWMssOS::Checking the sw design at  C:/Users/realk/Desktop/ece385/ECE385/lab7_2/try5_sdk/mb_usb_hdmi_top/microblaze_0/standalone_microblaze_0/bsp/system.mss
TRACE::2024-11-08.06:01:59::SCWMssOS::DEBUG:  swdes dump  C:/Users/realk/Desktop/ece385/ECE385/lab7_2/try5_sdk/mb_usb_hdmi_top/microblaze_0/standalone_microblaze_0/bsp/system.mss|system||

TRACE::2024-11-08.06:01:59::SCWMssOS::Sw design exists and opened at  C:/Users/realk/Desktop/ece385/ECE385/lab7_2/try5_sdk/mb_usb_hdmi_top/microblaze_0/standalone_microblaze_0/bsp/system.mss
TRACE::2024-11-08.06:01:59::SCWReader::No isolation master present  
TRACE::2024-11-08.06:02:02::SCWPlatform::DSA given C:/Users/realk/Desktop/ece385/ECE385/lab7_2/try5_sdk/mb_usb_hdmi_top/tempdsa/mb_usb_hdmi_top.xsa
TRACE::2024-11-08.06:02:02::SCWPlatform::DSA absoulate path C:/Users/realk/Desktop/ece385/ECE385/lab7_2/try5_sdk/mb_usb_hdmi_top/tempdsa/mb_usb_hdmi_top.xsa
TRACE::2024-11-08.06:02:02::SCWPlatform:: Platform location is C:/Users/realk/Desktop/ece385/ECE385/lab7_2/try5_sdk/mb_usb_hdmi_top/tempdsa
TRACE::2024-11-08.06:02:02::SCWPlatform:: Platform Path C:/Users/realk/Desktop/ece385/ECE385/lab7_2/try5_sdk/mb_usb_hdmi_top/tempdsa/mb_usb_hdmi_top.xsa
TRACE::2024-11-08.06:02:02::SCWPlatform:: Unique name xilinx:::0.0
TRACE::2024-11-08.06:02:02::SCWPlatform::Found the Hw Db part of the input DSA
TRACE::2024-11-08.06:02:02::SCWMssOS::Doing hw sync for the mss in domain: standalone_microblaze_0
TRACE::2024-11-08.06:02:02::SCWPlatform::Trying to open the hw design at C:/Users/realk/Desktop/ece385/ECE385/lab7_2/try5_sdk/mb_usb_hdmi_top/hw/mb_usb_hdmi_top.xsa
TRACE::2024-11-08.06:02:02::SCWPlatform::DSA given C:/Users/realk/Desktop/ece385/ECE385/lab7_2/try5_sdk/mb_usb_hdmi_top/hw/mb_usb_hdmi_top.xsa
TRACE::2024-11-08.06:02:02::SCWPlatform::DSA absoulate path C:/Users/realk/Desktop/ece385/ECE385/lab7_2/try5_sdk/mb_usb_hdmi_top/hw/mb_usb_hdmi_top.xsa
TRACE::2024-11-08.06:02:02::SCWPlatform::DSA directory C:/Users/realk/Desktop/ece385/ECE385/lab7_2/try5_sdk/mb_usb_hdmi_top/hw
TRACE::2024-11-08.06:02:02::SCWPlatform:: Platform Path C:/Users/realk/Desktop/ece385/ECE385/lab7_2/try5_sdk/mb_usb_hdmi_top/hw/mb_usb_hdmi_top.xsa
TRACE::2024-11-08.06:02:02::SCWPlatform:: Unique name xilinx:::0.0
TRACE::2024-11-08.06:02:02::SCWPlatform::Trying to set the existing hwdb with name mb_usb_hdmi_top_29
TRACE::2024-11-08.06:02:02::SCWPlatform::Opened existing hwdb mb_usb_hdmi_top_29
TRACE::2024-11-08.06:02:02::SCWPlatform::Found the Hw Db part of the input DSA
TRACE::2024-11-08.06:02:02::SCWPlatform::Trying to open the hw design at C:/Users/realk/Desktop/ece385/ECE385/lab7_2/try5_sdk/mb_usb_hdmi_top/hw/mb_usb_hdmi_top.xsa
TRACE::2024-11-08.06:02:02::SCWPlatform::DSA given C:/Users/realk/Desktop/ece385/ECE385/lab7_2/try5_sdk/mb_usb_hdmi_top/hw/mb_usb_hdmi_top.xsa
TRACE::2024-11-08.06:02:02::SCWPlatform::DSA absoulate path C:/Users/realk/Desktop/ece385/ECE385/lab7_2/try5_sdk/mb_usb_hdmi_top/hw/mb_usb_hdmi_top.xsa
TRACE::2024-11-08.06:02:02::SCWPlatform::DSA directory C:/Users/realk/Desktop/ece385/ECE385/lab7_2/try5_sdk/mb_usb_hdmi_top/hw
TRACE::2024-11-08.06:02:02::SCWPlatform:: Platform Path C:/Users/realk/Desktop/ece385/ECE385/lab7_2/try5_sdk/mb_usb_hdmi_top/hw/mb_usb_hdmi_top.xsa
TRACE::2024-11-08.06:02:02::SCWPlatform:: Unique name xilinx:::0.0
TRACE::2024-11-08.06:02:02::SCWPlatform::Trying to set the existing hwdb with name mb_usb_hdmi_top_29
TRACE::2024-11-08.06:02:02::SCWPlatform::Opened existing hwdb mb_usb_hdmi_top_29
TRACE::2024-11-08.06:02:02::SCWPlatform::Found the Hw Db part of the input DSA
TRACE::2024-11-08.06:02:02::SCWMssOS::Checking the sw design at  C:/Users/realk/Desktop/ece385/ECE385/lab7_2/try5_sdk/mb_usb_hdmi_top/microblaze_0/standalone_microblaze_0/bsp/system.mss
TRACE::2024-11-08.06:02:02::SCWMssOS::DEBUG:  swdes dump  C:/Users/realk/Desktop/ece385/ECE385/lab7_2/try5_sdk/mb_usb_hdmi_top/microblaze_0/standalone_microblaze_0/bsp/system.mss|system||

TRACE::2024-11-08.06:02:02::SCWMssOS::Sw design exists and opened at  C:/Users/realk/Desktop/ece385/ECE385/lab7_2/try5_sdk/mb_usb_hdmi_top/microblaze_0/standalone_microblaze_0/bsp/system.mss
TRACE::2024-11-08.06:02:02::SCWPlatform::Trying to open the hw design at C:/Users/realk/Desktop/ece385/ECE385/lab7_2/try5_sdk/mb_usb_hdmi_top/tempdsa/mb_usb_hdmi_top.xsa
TRACE::2024-11-08.06:02:02::SCWPlatform::DSA given C:/Users/realk/Desktop/ece385/ECE385/lab7_2/try5_sdk/mb_usb_hdmi_top/tempdsa/mb_usb_hdmi_top.xsa
TRACE::2024-11-08.06:02:02::SCWPlatform::DSA absoulate path C:/Users/realk/Desktop/ece385/ECE385/lab7_2/try5_sdk/mb_usb_hdmi_top/tempdsa/mb_usb_hdmi_top.xsa
TRACE::2024-11-08.06:02:02::SCWPlatform::DSA directory C:/Users/realk/Desktop/ece385/ECE385/lab7_2/try5_sdk/mb_usb_hdmi_top/tempdsa
TRACE::2024-11-08.06:02:02::SCWPlatform:: Platform Path C:/Users/realk/Desktop/ece385/ECE385/lab7_2/try5_sdk/mb_usb_hdmi_top/tempdsa/mb_usb_hdmi_top.xsa
TRACE::2024-11-08.06:02:02::SCWPlatform:: Unique name xilinx:::0.0
TRACE::2024-11-08.06:02:02::SCWPlatform::update - Opened existing hwdb mb_usb_hdmi_top_30
TRACE::2024-11-08.06:02:02::SCWPlatform::Found the Hw Db part of the input DSA
TRACE::2024-11-08.06:02:02::SCWMssOS::Saving the mss changes C:/Users/realk/Desktop/ece385/ECE385/lab7_2/try5_sdk/mb_usb_hdmi_top/microblaze_0/standalone_microblaze_0/bsp/system.mss
TRACE::2024-11-08.06:02:02::SCWMssOS::Found a swdesign opened with the mssfile.
TRACE::2024-11-08.06:02:02::SCWMssOS::Completed writemss as part of save.
TRACE::2024-11-08.06:02:02::SCWMssOS::Commit changes completed.
TRACE::2024-11-08.06:02:02::SCWMssOS::Completed hw sync for the mss in domain: standalone_microblaze_0
TRACE::2024-11-08.06:02:02::SCWMssOS::Removing the swdes entry for  C:/Users/realk/Desktop/ece385/ECE385/lab7_2/try5_sdk/mb_usb_hdmi_top/microblaze_0/standalone_microblaze_0/bsp/system.mss
TRACE::2024-11-08.06:02:02::SCWPlatform::Trying to open the hw design at C:/Users/realk/Desktop/ece385/ECE385/lab7_2/try5_sdk/mb_usb_hdmi_top/hw/mb_usb_hdmi_top.xsa
TRACE::2024-11-08.06:02:02::SCWPlatform::DSA given C:/Users/realk/Desktop/ece385/ECE385/lab7_2/try5_sdk/mb_usb_hdmi_top/hw/mb_usb_hdmi_top.xsa
TRACE::2024-11-08.06:02:02::SCWPlatform::DSA absoulate path C:/Users/realk/Desktop/ece385/ECE385/lab7_2/try5_sdk/mb_usb_hdmi_top/hw/mb_usb_hdmi_top.xsa
TRACE::2024-11-08.06:02:02::SCWPlatform::DSA directory C:/Users/realk/Desktop/ece385/ECE385/lab7_2/try5_sdk/mb_usb_hdmi_top/hw
TRACE::2024-11-08.06:02:02::SCWPlatform:: Platform Path C:/Users/realk/Desktop/ece385/ECE385/lab7_2/try5_sdk/mb_usb_hdmi_top/hw/mb_usb_hdmi_top.xsa
TRACE::2024-11-08.06:02:02::SCWPlatform:: Unique name xilinx:::0.0
TRACE::2024-11-08.06:02:02::SCWPlatform::Do not have an existing db opened. 
TRACE::2024-11-08.06:02:03::SCWPlatform::Opened new HwDB with name mb_usb_hdmi_top_31
TRACE::2024-11-08.06:02:03::SCWMssOS::Saving the mss changes C:/Users/realk/Desktop/ece385/ECE385/lab7_2/try5_sdk/mb_usb_hdmi_top/microblaze_0/standalone_microblaze_0/bsp/system.mss
TRACE::2024-11-08.06:02:03::SCWMssOS::Adding the swdes entry, mss present, able to open swdb C:/Users/realk/Desktop/ece385/ECE385/lab7_2/try5_sdk/mb_usb_hdmi_top/microblaze_0/standalone_microblaze_0/bsp/system.mss with des name system
TRACE::2024-11-08.06:02:03::SCWMssOS::Writing the mss file completed C:/Users/realk/Desktop/ece385/ECE385/lab7_2/try5_sdk/mb_usb_hdmi_top/microblaze_0/standalone_microblaze_0/bsp/system.mss
TRACE::2024-11-08.06:02:03::SCWMssOS::Commit changes completed.
TRACE::2024-11-08.06:02:03::SCWPlatform::Trying to open the hw design at C:/Users/realk/Desktop/ece385/ECE385/lab7_2/try5_sdk/mb_usb_hdmi_top/hw/mb_usb_hdmi_top.xsa
TRACE::2024-11-08.06:02:03::SCWPlatform::DSA given C:/Users/realk/Desktop/ece385/ECE385/lab7_2/try5_sdk/mb_usb_hdmi_top/hw/mb_usb_hdmi_top.xsa
TRACE::2024-11-08.06:02:03::SCWPlatform::DSA absoulate path C:/Users/realk/Desktop/ece385/ECE385/lab7_2/try5_sdk/mb_usb_hdmi_top/hw/mb_usb_hdmi_top.xsa
TRACE::2024-11-08.06:02:03::SCWPlatform::DSA directory C:/Users/realk/Desktop/ece385/ECE385/lab7_2/try5_sdk/mb_usb_hdmi_top/hw
TRACE::2024-11-08.06:02:03::SCWPlatform:: Platform Path C:/Users/realk/Desktop/ece385/ECE385/lab7_2/try5_sdk/mb_usb_hdmi_top/hw/mb_usb_hdmi_top.xsa
TRACE::2024-11-08.06:02:03::SCWPlatform:: Unique name xilinx:::0.0
TRACE::2024-11-08.06:02:03::SCWPlatform::Trying to set the existing hwdb with name mb_usb_hdmi_top_31
TRACE::2024-11-08.06:02:03::SCWPlatform::Opened existing hwdb mb_usb_hdmi_top_31
TRACE::2024-11-08.06:02:03::SCWPlatform::Found the Hw Db part of the input DSA
TRACE::2024-11-08.06:02:03::SCWMssOS::Checking the sw design at  C:/Users/realk/Desktop/ece385/ECE385/lab7_2/try5_sdk/mb_usb_hdmi_top/microblaze_0/standalone_microblaze_0/bsp/system.mss
TRACE::2024-11-08.06:02:03::SCWMssOS::DEBUG:  swdes dump  C:/Users/realk/Desktop/ece385/ECE385/lab7_2/try5_sdk/mb_usb_hdmi_top/microblaze_0/standalone_microblaze_0/bsp/system.mss|system||

TRACE::2024-11-08.06:02:03::SCWMssOS::Sw design exists and opened at  C:/Users/realk/Desktop/ece385/ECE385/lab7_2/try5_sdk/mb_usb_hdmi_top/microblaze_0/standalone_microblaze_0/bsp/system.mss
TRACE::2024-11-08.06:02:03::SCWWriter::formatted JSON is {
	"platformName":	"mb_usb_hdmi_top",
	"sprVersion":	"2.0",
	"mode":	"gui",
	"dsaType":	"Fixed",
	"platformDesc":	"mb_usb_hdmi_top",
	"platHandOff":	"C:/Users/realk/Desktop/ece385/ECE385/lab7_2/mb_usb_hdmi_top.xsa",
	"platIntHandOff":	"<platformDir>/hw/mb_usb_hdmi_top.xsa",
	"deviceType":	"FPGA",
	"platIsPrebuiltAutogen":	"false",
	"platIsNoBootBsp":	"false",
	"hasFsblMakeHasChanges":	"false",
	"hasPmufwMakeHasChanges":	"false",
	"platPreBuiltFlag":	false,
	"platformSamplesDir":	"",
	"platActiveSys":	"mb_usb_hdmi_top",
	"systems":	[{
			"systemName":	"mb_usb_hdmi_top",
			"systemDesc":	"mb_usb_hdmi_top",
			"sysIsBootAutoGen":	"true",
			"systemDispName":	"mb_usb_hdmi_top",
			"sysActiveDom":	"standalone_microblaze_0",
			"sysDefaultDom":	"standalone_microblaze_0",
			"domains":	[{
					"domainName":	"standalone_microblaze_0",
					"domainDispName":	"standalone_microblaze_0",
					"domainDesc":	"standalone_microblaze_0",
					"processors":	"microblaze_0",
					"os":	"standalone",
					"sdxOs":	"standalone",
					"debugEnable":	"False",
					"domRuntimes":	["cpp"],
					"swRepo":	"",
					"mssOsVer":	"8.0",
					"mssFile":	"",
					"md5Digest":	"5422c1e5be4ae93f4de8c50507402f2a1",
					"compatibleApp":	"",
					"domType":	"mssDomain",
					"arch":	"32-bit",
					"appSettings":	{
						"appCompilerFlags":	"",
						"appLinkerFlags":	""
					},
					"addedLibs":	[],
					"libOptions":	{
						"libsContainingOptions":	[]
					},
					"prebuiltLibs":	{
						"prebuiltIncPath":	[],
						"prebuiltLibPath":	[]
					},
					"isolation":	{
					}
				}]
		}]
}
TRACE::2024-11-08.06:02:16::SCWMssOS::cleaning the bsp 
TRACE::2024-11-08.06:02:16::SCWMssOS::System Command Ran  C: & cd  C:/Users/realk/Desktop/ece385/ECE385/lab7_2/try5_sdk/mb_usb_hdmi_top/microblaze_0/standalone_microblaze_0/bsp & make clean 
TRACE::2024-11-08.06:02:16::SCWMssOS::make -C microblaze_0/libsrc/bram_v4_8/src -s clean 

TRACE::2024-11-08.06:02:16::SCWMssOS::make -C microblaze_0/libsrc/cpu_v2_16/src -s clean 

TRACE::2024-11-08.06:02:16::SCWMssOS::make -C microblaze_0/libsrc/intc_v3_15/src -s clean 

TRACE::2024-11-08.06:02:16::SCWMssOS::make -C microblaze_0/libsrc/standalone_v8_0/src -s clean 

TRACE::2024-11-08.06:02:16::SCWMssOS::make -C microblaze_0/libsrc/uartlite_v3_7/src -s clean 

TRACE::2024-11-08.06:02:16::SCWMssOS::rm -f microblaze_0/lib/libxil.a

LOG::2024-11-08.06:02:23::SCWPlatform::Started generating the artifacts platform mb_usb_hdmi_top
TRACE::2024-11-08.06:02:23::SCWPlatform::Sanity checking of platform is completed
LOG::2024-11-08.06:02:23::SCWPlatform::Started generating the artifacts for system configuration mb_usb_hdmi_top
LOG::2024-11-08.06:02:23::SCWSystem::Checking the domain standalone_microblaze_0
LOG::2024-11-08.06:02:23::SCWSystem::Not a boot domain 
LOG::2024-11-08.06:02:23::SCWSystem::Started Processing the domain standalone_microblaze_0
TRACE::2024-11-08.06:02:23::SCWDomain::Generating domain artifcats
TRACE::2024-11-08.06:02:23::SCWMssOS::Generating standalone artifcats
TRACE::2024-11-08.06:02:23::SCWMssOS:: Copying the user libraries. 
TRACE::2024-11-08.06:02:23::SCWPlatform::Trying to open the hw design at C:/Users/realk/Desktop/ece385/ECE385/lab7_2/try5_sdk/mb_usb_hdmi_top/hw/mb_usb_hdmi_top.xsa
TRACE::2024-11-08.06:02:23::SCWPlatform::DSA given C:/Users/realk/Desktop/ece385/ECE385/lab7_2/try5_sdk/mb_usb_hdmi_top/hw/mb_usb_hdmi_top.xsa
TRACE::2024-11-08.06:02:23::SCWPlatform::DSA absoulate path C:/Users/realk/Desktop/ece385/ECE385/lab7_2/try5_sdk/mb_usb_hdmi_top/hw/mb_usb_hdmi_top.xsa
TRACE::2024-11-08.06:02:23::SCWPlatform::DSA directory C:/Users/realk/Desktop/ece385/ECE385/lab7_2/try5_sdk/mb_usb_hdmi_top/hw
TRACE::2024-11-08.06:02:23::SCWPlatform:: Platform Path C:/Users/realk/Desktop/ece385/ECE385/lab7_2/try5_sdk/mb_usb_hdmi_top/hw/mb_usb_hdmi_top.xsa
TRACE::2024-11-08.06:02:23::SCWPlatform:: Unique name xilinx:::0.0
TRACE::2024-11-08.06:02:23::SCWPlatform::Trying to set the existing hwdb with name mb_usb_hdmi_top_31
TRACE::2024-11-08.06:02:23::SCWPlatform::Opened existing hwdb mb_usb_hdmi_top_31
TRACE::2024-11-08.06:02:23::SCWPlatform::Found the Hw Db part of the input DSA
TRACE::2024-11-08.06:02:23::SCWMssOS::Checking the sw design at  C:/Users/realk/Desktop/ece385/ECE385/lab7_2/try5_sdk/mb_usb_hdmi_top/microblaze_0/standalone_microblaze_0/bsp/system.mss
TRACE::2024-11-08.06:02:23::SCWMssOS::DEBUG:  swdes dump  C:/Users/realk/Desktop/ece385/ECE385/lab7_2/try5_sdk/mb_usb_hdmi_top/microblaze_0/standalone_microblaze_0/bsp/system.mss|system||

TRACE::2024-11-08.06:02:23::SCWMssOS::Sw design exists and opened at  C:/Users/realk/Desktop/ece385/ECE385/lab7_2/try5_sdk/mb_usb_hdmi_top/microblaze_0/standalone_microblaze_0/bsp/system.mss
TRACE::2024-11-08.06:02:23::SCWMssOS::Completed writing the mss file at C:/Users/realk/Desktop/ece385/ECE385/lab7_2/try5_sdk/mb_usb_hdmi_top/microblaze_0/standalone_microblaze_0/bsp
TRACE::2024-11-08.06:02:23::SCWMssOS::Mss edits present, copying mssfile into export location C:/Users/realk/Desktop/ece385/ECE385/lab7_2/try5_sdk/mb_usb_hdmi_top/microblaze_0/standalone_microblaze_0/bsp/system.mss
TRACE::2024-11-08.06:02:23::SCWMssOS::bsp generated is stale removing and regenerating. 
TRACE::2024-11-08.06:02:24::SCWMssOS::doing bsp build ... 
TRACE::2024-11-08.06:02:24::SCWMssOS::System Command Ran  C: & cd  C:/Users/realk/Desktop/ece385/ECE385/lab7_2/try5_sdk/mb_usb_hdmi_top/microblaze_0/standalone_microblaze_0/bsp & make 
TRACE::2024-11-08.06:02:24::SCWMssOS::make --no-print-directory seq_libs

TRACE::2024-11-08.06:02:24::SCWMssOS::'Finished building libraries sequentially.'

TRACE::2024-11-08.06:02:24::SCWMssOS::make -j 14 --no-print-directory par_libs

TRACE::2024-11-08.06:02:24::SCWMssOS::"Running Make include in microblaze_0/libsrc/bram_v4_8/src"

TRACE::2024-11-08.06:02:24::SCWMssOS::make -C microblaze_0/libsrc/bram_v4_8/src -s include  "SHELL=CMD" "COMPILER=mb-gcc" "ASSEMBLER=mb-as" "ARCHIVER=mb-ar" "COMPILE
TRACE::2024-11-08.06:02:24::SCWMssOS::R_FLAGS=  -O2 -c -mcpu=v11.0 -mlittle-endian -mno-xl-reorder -mno-xl-soft-mul -mxl-barrel-shift -mxl-pattern-compare" "EXTRA_CO
TRACE::2024-11-08.06:02:24::SCWMssOS::MPILER_FLAGS=-g -ffunction-sections -fdata-sections -Wall -Wextra -fno-tree-loop-distribute-patterns"

TRACE::2024-11-08.06:02:24::SCWMssOS::"Running Make include in microblaze_0/libsrc/cpu_v2_16/src"

TRACE::2024-11-08.06:02:24::SCWMssOS::make -C microblaze_0/libsrc/cpu_v2_16/src -s include  "SHELL=CMD" "COMPILER=mb-gcc" "ASSEMBLER=mb-as" "ARCHIVER=mb-ar" "COMPILE
TRACE::2024-11-08.06:02:24::SCWMssOS::R_FLAGS=  -O2 -c -mcpu=v11.0 -mlittle-endian -mno-xl-reorder -mno-xl-soft-mul -mxl-barrel-shift -mxl-pattern-compare" "EXTRA_CO
TRACE::2024-11-08.06:02:24::SCWMssOS::MPILER_FLAGS=-g -ffunction-sections -fdata-sections -Wall -Wextra -fno-tree-loop-distribute-patterns"

TRACE::2024-11-08.06:02:24::SCWMssOS::"Running Make include in microblaze_0/libsrc/intc_v3_15/src"

TRACE::2024-11-08.06:02:24::SCWMssOS::make -C microblaze_0/libsrc/intc_v3_15/src -s include  "SHELL=CMD" "COMPILER=mb-gcc" "ASSEMBLER=mb-as" "ARCHIVER=mb-ar" "COMPIL
TRACE::2024-11-08.06:02:24::SCWMssOS::ER_FLAGS=  -O2 -c -mcpu=v11.0 -mlittle-endian -mno-xl-reorder -mno-xl-soft-mul -mxl-barrel-shift -mxl-pattern-compare" "EXTRA_C
TRACE::2024-11-08.06:02:24::SCWMssOS::OMPILER_FLAGS=-g -ffunction-sections -fdata-sections -Wall -Wextra -fno-tree-loop-distribute-patterns"

TRACE::2024-11-08.06:02:24::SCWMssOS::"Running Make include in microblaze_0/libsrc/standalone_v8_0/src"

TRACE::2024-11-08.06:02:24::SCWMssOS::make -C microblaze_0/libsrc/standalone_v8_0/src -s include  "SHELL=CMD" "COMPILER=mb-gcc" "ASSEMBLER=mb-as" "ARCHIVER=mb-ar" "C
TRACE::2024-11-08.06:02:24::SCWMssOS::OMPILER_FLAGS=  -O2 -c -mcpu=v11.0 -mlittle-endian -mno-xl-reorder -mno-xl-soft-mul -mxl-barrel-shift -mxl-pattern-compare" "EX
TRACE::2024-11-08.06:02:24::SCWMssOS::TRA_COMPILER_FLAGS=-g -ffunction-sections -fdata-sections -Wall -Wextra -fno-tree-loop-distribute-patterns"

TRACE::2024-11-08.06:02:24::SCWMssOS::"Running Make include in microblaze_0/libsrc/uartlite_v3_7/src"

TRACE::2024-11-08.06:02:24::SCWMssOS::make -C microblaze_0/libsrc/uartlite_v3_7/src -s include  "SHELL=CMD" "COMPILER=mb-gcc" "ASSEMBLER=mb-as" "ARCHIVER=mb-ar" "COM
TRACE::2024-11-08.06:02:24::SCWMssOS::PILER_FLAGS=  -O2 -c -mcpu=v11.0 -mlittle-endian -mno-xl-reorder -mno-xl-soft-mul -mxl-barrel-shift -mxl-pattern-compare" "EXTR
TRACE::2024-11-08.06:02:24::SCWMssOS::A_COMPILER_FLAGS=-g -ffunction-sections -fdata-sections -Wall -Wextra -fno-tree-loop-distribute-patterns"

TRACE::2024-11-08.06:02:25::SCWMssOS::"Running Make libs in microblaze_0/libsrc/bram_v4_8/src"

TRACE::2024-11-08.06:02:25::SCWMssOS::make -C microblaze_0/libsrc/bram_v4_8/src -s libs  "SHELL=CMD" "COMPILER=mb-gcc" "ASSEMBLER=mb-as" "ARCHIVER=mb-ar" "COMPILER_F
TRACE::2024-11-08.06:02:25::SCWMssOS::LAGS=  -O2 -c -mcpu=v11.0 -mlittle-endian -mno-xl-reorder -mno-xl-soft-mul -mxl-barrel-shift -mxl-pattern-compare" "EXTRA_COMPI
TRACE::2024-11-08.06:02:25::SCWMssOS::LER_FLAGS=-g -ffunction-sections -fdata-sections -Wall -Wextra -fno-tree-loop-distribute-patterns"

TRACE::2024-11-08.06:02:25::SCWMssOS::"Running Make libs in microblaze_0/libsrc/cpu_v2_16/src"

TRACE::2024-11-08.06:02:25::SCWMssOS::make -C microblaze_0/libsrc/cpu_v2_16/src -s libs  "SHELL=CMD" "COMPILER=mb-gcc" "ASSEMBLER=mb-as" "ARCHIVER=mb-ar" "COMPILER_F
TRACE::2024-11-08.06:02:25::SCWMssOS::LAGS=  -O2 -c -mcpu=v11.0 -mlittle-endian -mno-xl-reorder -mno-xl-soft-mul -mxl-barrel-shift -mxl-pattern-compare" "EXTRA_COMPI
TRACE::2024-11-08.06:02:25::SCWMssOS::LER_FLAGS=-g -ffunction-sections -fdata-sections -Wall -Wextra -fno-tree-loop-distribute-patterns"

TRACE::2024-11-08.06:02:25::SCWMssOS::"Running Make libs in microblaze_0/libsrc/intc_v3_15/src"

TRACE::2024-11-08.06:02:25::SCWMssOS::make -C microblaze_0/libsrc/intc_v3_15/src -s libs  "SHELL=CMD" "COMPILER=mb-gcc" "ASSEMBLER=mb-as" "ARCHIVER=mb-ar" "COMPILER_
TRACE::2024-11-08.06:02:25::SCWMssOS::FLAGS=  -O2 -c -mcpu=v11.0 -mlittle-endian -mno-xl-reorder -mno-xl-soft-mul -mxl-barrel-shift -mxl-pattern-compare" "EXTRA_COMP
TRACE::2024-11-08.06:02:25::SCWMssOS::ILER_FLAGS=-g -ffunction-sections -fdata-sections -Wall -Wextra -fno-tree-loop-distribute-patterns"

TRACE::2024-11-08.06:02:25::SCWMssOS::"Running Make libs in microblaze_0/libsrc/standalone_v8_0/src"

TRACE::2024-11-08.06:02:25::SCWMssOS::make -C microblaze_0/libsrc/standalone_v8_0/src -s libs  "SHELL=CMD" "COMPILER=mb-gcc" "ASSEMBLER=mb-as" "ARCHIVER=mb-ar" "COMP
TRACE::2024-11-08.06:02:25::SCWMssOS::ILER_FLAGS=  -O2 -c -mcpu=v11.0 -mlittle-endian -mno-xl-reorder -mno-xl-soft-mul -mxl-barrel-shift -mxl-pattern-compare" "EXTRA
TRACE::2024-11-08.06:02:25::SCWMssOS::_COMPILER_FLAGS=-g -ffunction-sections -fdata-sections -Wall -Wextra -fno-tree-loop-distribute-patterns"

TRACE::2024-11-08.06:02:25::SCWMssOS::"Running Make libs in microblaze_0/libsrc/uartlite_v3_7/src"

TRACE::2024-11-08.06:02:25::SCWMssOS::make -C microblaze_0/libsrc/uartlite_v3_7/src -s libs  "SHELL=CMD" "COMPILER=mb-gcc" "ASSEMBLER=mb-as" "ARCHIVER=mb-ar" "COMPIL
TRACE::2024-11-08.06:02:25::SCWMssOS::ER_FLAGS=  -O2 -c -mcpu=v11.0 -mlittle-endian -mno-xl-reorder -mno-xl-soft-mul -mxl-barrel-shift -mxl-pattern-compare" "EXTRA_C
TRACE::2024-11-08.06:02:25::SCWMssOS::OMPILER_FLAGS=-g -ffunction-sections -fdata-sections -Wall -Wextra -fno-tree-loop-distribute-patterns"

TRACE::2024-11-08.06:02:26::SCWMssOS::"DEBUG NON_LTO_OBJECTS is ../../../lib/microblaze_interrupt_handler.o"

TRACE::2024-11-08.06:02:26::SCWMssOS::'Finished building libraries parallelly.'

TRACE::2024-11-08.06:02:26::SCWMssOS::make --no-print-directory archive

TRACE::2024-11-08.06:02:26::SCWMssOS::mb-ar -r  microblaze_0/lib/libxil.a microblaze_0/lib/_exit.o microblaze_0/lib/errno.o microblaze_0/lib/fcntl.o microblaze_0/lib
TRACE::2024-11-08.06:02:26::SCWMssOS::/hw_exception_handler.o microblaze_0/lib/inbyte.o microblaze_0/lib/microblaze_disable_dcache.o microblaze_0/lib/microblaze_disa
TRACE::2024-11-08.06:02:26::SCWMssOS::ble_exceptions.o microblaze_0/lib/microblaze_disable_icache.o microblaze_0/lib/microblaze_disable_interrupts.o microblaze_0/lib
TRACE::2024-11-08.06:02:26::SCWMssOS::/microblaze_enable_dcache.o microblaze_0/lib/microblaze_enable_exceptions.o microblaze_0/lib/microblaze_enable_icache.o microbl
TRACE::2024-11-08.06:02:26::SCWMssOS::aze_0/lib/microblaze_enable_interrupts.o microblaze_0/lib/microblaze_exception_handler.o microblaze_0/lib/microblaze_flush_cach
TRACE::2024-11-08.06:02:26::SCWMssOS::e_ext.o microblaze_0/lib/microblaze_flush_cache_ext_range.o microblaze_0/lib/microblaze_flush_dcache.o microblaze_0/lib/microbl
TRACE::2024-11-08.06:02:26::SCWMssOS::aze_flush_dcache_range.o microblaze_0/lib/microblaze_init_dcache_range.o microblaze_0/lib/microblaze_init_icache_range.o microb
TRACE::2024-11-08.06:02:26::SCWMssOS::laze_0/lib/microblaze_interrupt_handler.o microblaze_0/lib/microblaze_interrupts_g.o microblaze_0/lib/microblaze_invalidate_cac
TRACE::2024-11-08.06:02:26::SCWMssOS::he_ext.o microblaze_0/lib/microblaze_invalidate_cache_ext_range.o microblaze_0/lib/microblaze_invalidate_dcache.o microblaze_0/
TRACE::2024-11-08.06:02:26::SCWMssOS::lib/microblaze_invalidate_dcache_range.o microblaze_0/lib/microblaze_invalidate_icache.o microblaze_0/lib/microblaze_invalidate
TRACE::2024-11-08.06:02:26::SCWMssOS::_icache_range.o microblaze_0/lib/microblaze_scrub.o microblaze_0/lib/microblaze_selftest.o microblaze_0/lib/microblaze_sleep.o 
TRACE::2024-11-08.06:02:26::SCWMssOS::microblaze_0/lib/microblaze_update_dcache.o microblaze_0/lib/microblaze_update_icache.o microblaze_0/lib/outbyte.o microblaze_0
TRACE::2024-11-08.06:02:26::SCWMssOS::/lib/print.o microblaze_0/lib/pvr.o microblaze_0/lib/xbram.o microblaze_0/lib/xbram_g.o microblaze_0/lib/xbram_intr.o microblaz
TRACE::2024-11-08.06:02:26::SCWMssOS::e_0/lib/xbram_selftest.o microblaze_0/lib/xbram_sinit.o microblaze_0/lib/xil_assert.o microblaze_0/lib/xil_cache.o microblaze_0
TRACE::2024-11-08.06:02:26::SCWMssOS::/lib/xil_clocking.o microblaze_0/lib/xil_exception.o microblaze_0/lib/xil_mem.o microblaze_0/lib/xil_misc_psreset_api.o microbl
TRACE::2024-11-08.06:02:26::SCWMssOS::aze_0/lib/xil_printf.o microblaze_0/lib/xil_sleepcommon.o microblaze_0/lib/xil_testcache.o microblaze_0/lib/xil_testio.o microb
TRACE::2024-11-08.06:02:26::SCWMssOS::laze_0/lib/xil_testmem.o microblaze_0/lib/xil_util.o microblaze_0/lib/xintc.o microblaze_0/lib/xintc_g.o microblaze_0/lib/xintc
TRACE::2024-11-08.06:02:26::SCWMssOS::_intr.o microblaze_0/lib/xintc_l.o microblaze_0/lib/xintc_options.o microblaze_0/lib/xintc_selftest.o microblaze_0/lib/xinterru
TRACE::2024-11-08.06:02:26::SCWMssOS::pt_wrap.o microblaze_0/lib/xio.o microblaze_0/lib/xplatform_info.o microblaze_0/lib/xuartlite.o microblaze_0/lib/xuartlite_g.o 
TRACE::2024-11-08.06:02:26::SCWMssOS::microblaze_0/lib/xuartlite_intr.o microblaze_0/lib/xuartlite_l.o microblaze_0/lib/xuartlite_selftest.o microblaze_0/lib/xuartli
TRACE::2024-11-08.06:02:26::SCWMssOS::te_sinit.o microblaze_0/lib/xuartlite_stats.o

TRACE::2024-11-08.06:02:26::SCWMssOS::'Finished building libraries'

TRACE::2024-11-08.06:02:27::SCWMssOS:: Checking if to create the Supporting Applications
TRACE::2024-11-08.06:02:27::SCWMssOS:: No Linux domain exists, trying to generate FSBL 
LOG::2024-11-08.06:02:27::SCWSystem::Completed Processing the domain standalone_microblaze_0
LOG::2024-11-08.06:02:27::SCWSystem::Completed Processing the sysconfig mb_usb_hdmi_top
LOG::2024-11-08.06:02:27::SCWPlatform::Completed generating the artifacts for system configuration mb_usb_hdmi_top
TRACE::2024-11-08.06:02:27::SCWPlatform::Started preparing the platform 
TRACE::2024-11-08.06:02:27::SCWSystem::Writing the bif file for system config mb_usb_hdmi_top
TRACE::2024-11-08.06:02:27::SCWSystem::dir created 
TRACE::2024-11-08.06:02:27::SCWSystem::Writing the bif 
TRACE::2024-11-08.06:02:27::SCWPlatform::Started writing the spfm file 
TRACE::2024-11-08.06:02:27::SCWPlatform::Started writing the xpfm file 
TRACE::2024-11-08.06:02:27::SCWPlatform::Completed generating the platform
TRACE::2024-11-08.06:02:27::SCWMssOS::Saving the mss changes C:/Users/realk/Desktop/ece385/ECE385/lab7_2/try5_sdk/mb_usb_hdmi_top/microblaze_0/standalone_microblaze_0/bsp/system.mss
TRACE::2024-11-08.06:02:27::SCWMssOS::Adding the swdes entry, mss present, able to open swdb C:/Users/realk/Desktop/ece385/ECE385/lab7_2/try5_sdk/mb_usb_hdmi_top/microblaze_0/standalone_microblaze_0/bsp/system.mss with des name system
TRACE::2024-11-08.06:02:27::SCWMssOS::Writing the mss file completed C:/Users/realk/Desktop/ece385/ECE385/lab7_2/try5_sdk/mb_usb_hdmi_top/microblaze_0/standalone_microblaze_0/bsp/system.mss
TRACE::2024-11-08.06:02:27::SCWMssOS::Commit changes completed.
TRACE::2024-11-08.06:02:27::SCWPlatform::Trying to open the hw design at C:/Users/realk/Desktop/ece385/ECE385/lab7_2/try5_sdk/mb_usb_hdmi_top/hw/mb_usb_hdmi_top.xsa
TRACE::2024-11-08.06:02:27::SCWPlatform::DSA given C:/Users/realk/Desktop/ece385/ECE385/lab7_2/try5_sdk/mb_usb_hdmi_top/hw/mb_usb_hdmi_top.xsa
TRACE::2024-11-08.06:02:27::SCWPlatform::DSA absoulate path C:/Users/realk/Desktop/ece385/ECE385/lab7_2/try5_sdk/mb_usb_hdmi_top/hw/mb_usb_hdmi_top.xsa
TRACE::2024-11-08.06:02:27::SCWPlatform::DSA directory C:/Users/realk/Desktop/ece385/ECE385/lab7_2/try5_sdk/mb_usb_hdmi_top/hw
TRACE::2024-11-08.06:02:27::SCWPlatform:: Platform Path C:/Users/realk/Desktop/ece385/ECE385/lab7_2/try5_sdk/mb_usb_hdmi_top/hw/mb_usb_hdmi_top.xsa
TRACE::2024-11-08.06:02:27::SCWPlatform:: Unique name xilinx:::0.0
TRACE::2024-11-08.06:02:27::SCWPlatform::Trying to set the existing hwdb with name mb_usb_hdmi_top_31
TRACE::2024-11-08.06:02:27::SCWPlatform::Opened existing hwdb mb_usb_hdmi_top_31
TRACE::2024-11-08.06:02:27::SCWPlatform::Found the Hw Db part of the input DSA
TRACE::2024-11-08.06:02:27::SCWMssOS::Checking the sw design at  C:/Users/realk/Desktop/ece385/ECE385/lab7_2/try5_sdk/mb_usb_hdmi_top/microblaze_0/standalone_microblaze_0/bsp/system.mss
TRACE::2024-11-08.06:02:27::SCWMssOS::DEBUG:  swdes dump  C:/Users/realk/Desktop/ece385/ECE385/lab7_2/try5_sdk/mb_usb_hdmi_top/microblaze_0/standalone_microblaze_0/bsp/system.mss|system||

TRACE::2024-11-08.06:02:27::SCWMssOS::Sw design exists and opened at  C:/Users/realk/Desktop/ece385/ECE385/lab7_2/try5_sdk/mb_usb_hdmi_top/microblaze_0/standalone_microblaze_0/bsp/system.mss
TRACE::2024-11-08.06:02:27::SCWWriter::formatted JSON is {
	"platformName":	"mb_usb_hdmi_top",
	"sprVersion":	"2.0",
	"mode":	"gui",
	"dsaType":	"Fixed",
	"platformDesc":	"mb_usb_hdmi_top",
	"platHandOff":	"C:/Users/realk/Desktop/ece385/ECE385/lab7_2/mb_usb_hdmi_top.xsa",
	"platIntHandOff":	"<platformDir>/hw/mb_usb_hdmi_top.xsa",
	"deviceType":	"FPGA",
	"platIsPrebuiltAutogen":	"false",
	"platIsNoBootBsp":	"false",
	"hasFsblMakeHasChanges":	"false",
	"hasPmufwMakeHasChanges":	"false",
	"platPreBuiltFlag":	false,
	"platformSamplesDir":	"",
	"platActiveSys":	"mb_usb_hdmi_top",
	"systems":	[{
			"systemName":	"mb_usb_hdmi_top",
			"systemDesc":	"mb_usb_hdmi_top",
			"sysIsBootAutoGen":	"true",
			"systemDispName":	"mb_usb_hdmi_top",
			"sysActiveDom":	"standalone_microblaze_0",
			"sysDefaultDom":	"standalone_microblaze_0",
			"domains":	[{
					"domainName":	"standalone_microblaze_0",
					"domainDispName":	"standalone_microblaze_0",
					"domainDesc":	"standalone_microblaze_0",
					"processors":	"microblaze_0",
					"os":	"standalone",
					"sdxOs":	"standalone",
					"debugEnable":	"False",
					"domRuntimes":	["cpp"],
					"swRepo":	"",
					"mssOsVer":	"8.0",
					"mssFile":	"",
					"md5Digest":	"5422c1e5be4ae93f4de8c50507402f2a",
					"compatibleApp":	"",
					"domType":	"mssDomain",
					"arch":	"32-bit",
					"appSettings":	{
						"appCompilerFlags":	"",
						"appLinkerFlags":	""
					},
					"addedLibs":	[],
					"libOptions":	{
						"libsContainingOptions":	[]
					},
					"prebuiltLibs":	{
						"prebuiltIncPath":	[],
						"prebuiltLibPath":	[]
					},
					"isolation":	{
					}
				}]
		}]
}
KEYINFO::2024-11-08.06:02:27::SCWPlatform::updated the xpfm file.
TRACE::2024-11-08.06:02:27::SCWPlatform::Trying to open the hw design at C:/Users/realk/Desktop/ece385/ECE385/lab7_2/try5_sdk/mb_usb_hdmi_top/hw/mb_usb_hdmi_top.xsa
TRACE::2024-11-08.06:02:27::SCWPlatform::DSA given C:/Users/realk/Desktop/ece385/ECE385/lab7_2/try5_sdk/mb_usb_hdmi_top/hw/mb_usb_hdmi_top.xsa
TRACE::2024-11-08.06:02:27::SCWPlatform::DSA absoulate path C:/Users/realk/Desktop/ece385/ECE385/lab7_2/try5_sdk/mb_usb_hdmi_top/hw/mb_usb_hdmi_top.xsa
TRACE::2024-11-08.06:02:27::SCWPlatform::DSA directory C:/Users/realk/Desktop/ece385/ECE385/lab7_2/try5_sdk/mb_usb_hdmi_top/hw
TRACE::2024-11-08.06:02:27::SCWPlatform:: Platform Path C:/Users/realk/Desktop/ece385/ECE385/lab7_2/try5_sdk/mb_usb_hdmi_top/hw/mb_usb_hdmi_top.xsa
TRACE::2024-11-08.06:02:27::SCWPlatform:: Unique name xilinx:::0.0
TRACE::2024-11-08.06:02:27::SCWPlatform::Trying to set the existing hwdb with name mb_usb_hdmi_top_31
TRACE::2024-11-08.06:02:27::SCWPlatform::Opened existing hwdb mb_usb_hdmi_top_31
TRACE::2024-11-08.06:02:27::SCWPlatform::Found the Hw Db part of the input DSA
TRACE::2024-11-08.06:02:27::SCWMssOS::Checking the sw design at  C:/Users/realk/Desktop/ece385/ECE385/lab7_2/try5_sdk/mb_usb_hdmi_top/microblaze_0/standalone_microblaze_0/bsp/system.mss
TRACE::2024-11-08.06:02:27::SCWMssOS::DEBUG:  swdes dump  C:/Users/realk/Desktop/ece385/ECE385/lab7_2/try5_sdk/mb_usb_hdmi_top/microblaze_0/standalone_microblaze_0/bsp/system.mss|system||

TRACE::2024-11-08.06:02:27::SCWMssOS::Sw design exists and opened at  C:/Users/realk/Desktop/ece385/ECE385/lab7_2/try5_sdk/mb_usb_hdmi_top/microblaze_0/standalone_microblaze_0/bsp/system.mss
TRACE::2024-11-08.06:06:32::SCWMssOS::cleaning the bsp 
TRACE::2024-11-08.06:06:32::SCWMssOS::System Command Ran  C: & cd  C:/Users/realk/Desktop/ece385/ECE385/lab7_2/try5_sdk/mb_usb_hdmi_top/microblaze_0/standalone_microblaze_0/bsp & make clean 
TRACE::2024-11-08.06:06:32::SCWMssOS::make -C microblaze_0/libsrc/bram_v4_8/src -s clean 

TRACE::2024-11-08.06:06:32::SCWMssOS::make -C microblaze_0/libsrc/cpu_v2_16/src -s clean 

TRACE::2024-11-08.06:06:32::SCWMssOS::make -C microblaze_0/libsrc/intc_v3_15/src -s clean 

TRACE::2024-11-08.06:06:32::SCWMssOS::make -C microblaze_0/libsrc/standalone_v8_0/src -s clean 

TRACE::2024-11-08.06:06:32::SCWMssOS::make -C microblaze_0/libsrc/uartlite_v3_7/src -s clean 

TRACE::2024-11-08.06:06:33::SCWMssOS::rm -f microblaze_0/lib/libxil.a

TRACE::2024-11-08.06:06:38::SCWPlatform::Clearing the existing platform
TRACE::2024-11-08.06:06:38::SCWSystem::Clearing the existing sysconfig
TRACE::2024-11-08.06:06:38::SCWMssOS::Removing the swdes entry for  C:/Users/realk/Desktop/ece385/ECE385/lab7_2/try5_sdk/mb_usb_hdmi_top/microblaze_0/standalone_microblaze_0/bsp/system.mss
TRACE::2024-11-08.06:06:38::SCWSystem::Clearing the domains completed.
TRACE::2024-11-08.06:06:38::SCWPlatform::Clearing the opened hw db.
TRACE::2024-11-08.06:06:38::SCWPlatform::DSA given C:/Users/realk/Desktop/ece385/ECE385/lab7_2/try5_sdk/mb_usb_hdmi_top/hw/mb_usb_hdmi_top.xsa
TRACE::2024-11-08.06:06:38::SCWPlatform::DSA absoulate path C:/Users/realk/Desktop/ece385/ECE385/lab7_2/try5_sdk/mb_usb_hdmi_top/hw/mb_usb_hdmi_top.xsa
TRACE::2024-11-08.06:06:38::SCWPlatform:: Platform location is C:/Users/realk/Desktop/ece385/ECE385/lab7_2/try5_sdk/mb_usb_hdmi_top/hw
TRACE::2024-11-08.06:06:38::SCWPlatform:: Platform Path C:/Users/realk/Desktop/ece385/ECE385/lab7_2/try5_sdk/mb_usb_hdmi_top/hw/mb_usb_hdmi_top.xsa
TRACE::2024-11-08.06:06:38::SCWPlatform:: Unique name xilinx:::0.0
TRACE::2024-11-08.06:06:38::SCWPlatform::Removing the HwDB with name C:/Users/realk/Desktop/ece385/ECE385/lab7_2/try5_sdk/mb_usb_hdmi_top/hw/mb_usb_hdmi_top.xsa
TRACE::2024-11-08.06:06:38::SCWPlatform::Trying to open the hw design at C:/Users/realk/Desktop/ece385/ECE385/lab7_2/try5_sdk/mb_usb_hdmi_top/hw/mb_usb_hdmi_top.xsa
TRACE::2024-11-08.06:06:38::SCWPlatform::DSA given C:/Users/realk/Desktop/ece385/ECE385/lab7_2/try5_sdk/mb_usb_hdmi_top/hw/mb_usb_hdmi_top.xsa
TRACE::2024-11-08.06:06:38::SCWPlatform::DSA absoulate path C:/Users/realk/Desktop/ece385/ECE385/lab7_2/try5_sdk/mb_usb_hdmi_top/hw/mb_usb_hdmi_top.xsa
TRACE::2024-11-08.06:06:38::SCWPlatform::DSA directory C:/Users/realk/Desktop/ece385/ECE385/lab7_2/try5_sdk/mb_usb_hdmi_top/hw
TRACE::2024-11-08.06:06:38::SCWPlatform:: Platform Path C:/Users/realk/Desktop/ece385/ECE385/lab7_2/try5_sdk/mb_usb_hdmi_top/hw/mb_usb_hdmi_top.xsa
TRACE::2024-11-08.06:06:38::SCWPlatform:: Unique name xilinx:::0.0
TRACE::2024-11-08.06:06:38::SCWPlatform::Do not have an existing db opened. 
TRACE::2024-11-08.06:06:38::SCWPlatform::Opened new HwDB with name mb_usb_hdmi_top_33
TRACE::2024-11-08.06:06:38::SCWReader::Active system found as  mb_usb_hdmi_top
TRACE::2024-11-08.06:06:38::SCWReader::Handling sysconfig mb_usb_hdmi_top
TRACE::2024-11-08.06:06:38::SCWDomain::checking for install qemu data   : 
TRACE::2024-11-08.06:06:38::SCWPlatform::Trying to open the hw design at C:/Users/realk/Desktop/ece385/ECE385/lab7_2/try5_sdk/mb_usb_hdmi_top/hw/mb_usb_hdmi_top.xsa
TRACE::2024-11-08.06:06:38::SCWPlatform::DSA given C:/Users/realk/Desktop/ece385/ECE385/lab7_2/try5_sdk/mb_usb_hdmi_top/hw/mb_usb_hdmi_top.xsa
TRACE::2024-11-08.06:06:38::SCWPlatform::DSA absoulate path C:/Users/realk/Desktop/ece385/ECE385/lab7_2/try5_sdk/mb_usb_hdmi_top/hw/mb_usb_hdmi_top.xsa
TRACE::2024-11-08.06:06:38::SCWPlatform::DSA directory C:/Users/realk/Desktop/ece385/ECE385/lab7_2/try5_sdk/mb_usb_hdmi_top/hw
TRACE::2024-11-08.06:06:38::SCWPlatform:: Platform Path C:/Users/realk/Desktop/ece385/ECE385/lab7_2/try5_sdk/mb_usb_hdmi_top/hw/mb_usb_hdmi_top.xsa
TRACE::2024-11-08.06:06:38::SCWPlatform:: Unique name xilinx:::0.0
TRACE::2024-11-08.06:06:38::SCWPlatform::Trying to set the existing hwdb with name mb_usb_hdmi_top_33
TRACE::2024-11-08.06:06:38::SCWPlatform::Opened existing hwdb mb_usb_hdmi_top_33
TRACE::2024-11-08.06:06:38::SCWPlatform::Found the Hw Db part of the input DSA
TRACE::2024-11-08.06:06:38::SCWPlatform::Trying to open the hw design at C:/Users/realk/Desktop/ece385/ECE385/lab7_2/try5_sdk/mb_usb_hdmi_top/hw/mb_usb_hdmi_top.xsa
TRACE::2024-11-08.06:06:38::SCWPlatform::DSA given C:/Users/realk/Desktop/ece385/ECE385/lab7_2/try5_sdk/mb_usb_hdmi_top/hw/mb_usb_hdmi_top.xsa
TRACE::2024-11-08.06:06:38::SCWPlatform::DSA absoulate path C:/Users/realk/Desktop/ece385/ECE385/lab7_2/try5_sdk/mb_usb_hdmi_top/hw/mb_usb_hdmi_top.xsa
TRACE::2024-11-08.06:06:38::SCWPlatform::DSA directory C:/Users/realk/Desktop/ece385/ECE385/lab7_2/try5_sdk/mb_usb_hdmi_top/hw
TRACE::2024-11-08.06:06:38::SCWPlatform:: Platform Path C:/Users/realk/Desktop/ece385/ECE385/lab7_2/try5_sdk/mb_usb_hdmi_top/hw/mb_usb_hdmi_top.xsa
TRACE::2024-11-08.06:06:38::SCWPlatform:: Unique name xilinx:::0.0
TRACE::2024-11-08.06:06:38::SCWPlatform::Trying to set the existing hwdb with name mb_usb_hdmi_top_33
TRACE::2024-11-08.06:06:38::SCWPlatform::Opened existing hwdb mb_usb_hdmi_top_33
TRACE::2024-11-08.06:06:38::SCWPlatform::Found the Hw Db part of the input DSA
TRACE::2024-11-08.06:06:38::SCWPlatform::Trying to open the hw design at C:/Users/realk/Desktop/ece385/ECE385/lab7_2/try5_sdk/mb_usb_hdmi_top/hw/mb_usb_hdmi_top.xsa
TRACE::2024-11-08.06:06:38::SCWPlatform::DSA given C:/Users/realk/Desktop/ece385/ECE385/lab7_2/try5_sdk/mb_usb_hdmi_top/hw/mb_usb_hdmi_top.xsa
TRACE::2024-11-08.06:06:38::SCWPlatform::DSA absoulate path C:/Users/realk/Desktop/ece385/ECE385/lab7_2/try5_sdk/mb_usb_hdmi_top/hw/mb_usb_hdmi_top.xsa
TRACE::2024-11-08.06:06:38::SCWPlatform::DSA directory C:/Users/realk/Desktop/ece385/ECE385/lab7_2/try5_sdk/mb_usb_hdmi_top/hw
TRACE::2024-11-08.06:06:38::SCWPlatform:: Platform Path C:/Users/realk/Desktop/ece385/ECE385/lab7_2/try5_sdk/mb_usb_hdmi_top/hw/mb_usb_hdmi_top.xsa
TRACE::2024-11-08.06:06:38::SCWPlatform:: Unique name xilinx:::0.0
TRACE::2024-11-08.06:06:38::SCWPlatform::Trying to set the existing hwdb with name mb_usb_hdmi_top_33
TRACE::2024-11-08.06:06:38::SCWPlatform::Opened existing hwdb mb_usb_hdmi_top_33
TRACE::2024-11-08.06:06:38::SCWPlatform::Found the Hw Db part of the input DSA
TRACE::2024-11-08.06:06:38::SCWPlatform::Trying to open the hw design at C:/Users/realk/Desktop/ece385/ECE385/lab7_2/try5_sdk/mb_usb_hdmi_top/hw/mb_usb_hdmi_top.xsa
TRACE::2024-11-08.06:06:38::SCWPlatform::DSA given C:/Users/realk/Desktop/ece385/ECE385/lab7_2/try5_sdk/mb_usb_hdmi_top/hw/mb_usb_hdmi_top.xsa
TRACE::2024-11-08.06:06:38::SCWPlatform::DSA absoulate path C:/Users/realk/Desktop/ece385/ECE385/lab7_2/try5_sdk/mb_usb_hdmi_top/hw/mb_usb_hdmi_top.xsa
TRACE::2024-11-08.06:06:38::SCWPlatform::DSA directory C:/Users/realk/Desktop/ece385/ECE385/lab7_2/try5_sdk/mb_usb_hdmi_top/hw
TRACE::2024-11-08.06:06:38::SCWPlatform:: Platform Path C:/Users/realk/Desktop/ece385/ECE385/lab7_2/try5_sdk/mb_usb_hdmi_top/hw/mb_usb_hdmi_top.xsa
TRACE::2024-11-08.06:06:38::SCWPlatform:: Unique name xilinx:::0.0
TRACE::2024-11-08.06:06:38::SCWPlatform::Trying to set the existing hwdb with name mb_usb_hdmi_top_33
TRACE::2024-11-08.06:06:38::SCWPlatform::Opened existing hwdb mb_usb_hdmi_top_33
TRACE::2024-11-08.06:06:38::SCWPlatform::Found the Hw Db part of the input DSA
TRACE::2024-11-08.06:06:38::SCWMssOS::Checking the sw design at  C:/Users/realk/Desktop/ece385/ECE385/lab7_2/try5_sdk/mb_usb_hdmi_top/microblaze_0/standalone_microblaze_0/bsp/system.mss
TRACE::2024-11-08.06:06:38::SCWMssOS::DEBUG:  swdes dump  
TRACE::2024-11-08.06:06:38::SCWMssOS::No sw design opened at  C:/Users/realk/Desktop/ece385/ECE385/lab7_2/try5_sdk/mb_usb_hdmi_top/microblaze_0/standalone_microblaze_0/bsp/system.mss
TRACE::2024-11-08.06:06:38::SCWMssOS::mss exists loading the mss file  C:/Users/realk/Desktop/ece385/ECE385/lab7_2/try5_sdk/mb_usb_hdmi_top/microblaze_0/standalone_microblaze_0/bsp/system.mss
TRACE::2024-11-08.06:06:38::SCWMssOS::Opened the sw design from mss  C:/Users/realk/Desktop/ece385/ECE385/lab7_2/try5_sdk/mb_usb_hdmi_top/microblaze_0/standalone_microblaze_0/bsp/system.mss
TRACE::2024-11-08.06:06:38::SCWMssOS::Adding the swdes entry C:/Users/realk/Desktop/ece385/ECE385/lab7_2/try5_sdk/mb_usb_hdmi_top/microblaze_0/standalone_microblaze_0/bsp/system.mss with des name system
TRACE::2024-11-08.06:06:38::SCWMssOS::updating the scw layer about changes
TRACE::2024-11-08.06:06:38::SCWMssOS::Opened the sw design.  C:/Users/realk/Desktop/ece385/ECE385/lab7_2/try5_sdk/mb_usb_hdmi_top/microblaze_0/standalone_microblaze_0/bsp/system.mss
TRACE::2024-11-08.06:06:38::SCWMssOS::Saving the mss changes C:/Users/realk/Desktop/ece385/ECE385/lab7_2/try5_sdk/mb_usb_hdmi_top/microblaze_0/standalone_microblaze_0/bsp/system.mss
TRACE::2024-11-08.06:06:38::SCWMssOS::Found a swdesign opened with the mssfile.
TRACE::2024-11-08.06:06:38::SCWMssOS::Completed writemss as part of save.
TRACE::2024-11-08.06:06:38::SCWMssOS::Commit changes completed.
TRACE::2024-11-08.06:06:38::SCWReader::Adding prebuilt librarypaths as   
TRACE::2024-11-08.06:06:38::SCWReader::Adding prebuilt incpaths  as   
TRACE::2024-11-08.06:06:38::SCWPlatform::Trying to open the hw design at C:/Users/realk/Desktop/ece385/ECE385/lab7_2/try5_sdk/mb_usb_hdmi_top/hw/mb_usb_hdmi_top.xsa
TRACE::2024-11-08.06:06:38::SCWPlatform::DSA given C:/Users/realk/Desktop/ece385/ECE385/lab7_2/try5_sdk/mb_usb_hdmi_top/hw/mb_usb_hdmi_top.xsa
TRACE::2024-11-08.06:06:38::SCWPlatform::DSA absoulate path C:/Users/realk/Desktop/ece385/ECE385/lab7_2/try5_sdk/mb_usb_hdmi_top/hw/mb_usb_hdmi_top.xsa
TRACE::2024-11-08.06:06:38::SCWPlatform::DSA directory C:/Users/realk/Desktop/ece385/ECE385/lab7_2/try5_sdk/mb_usb_hdmi_top/hw
TRACE::2024-11-08.06:06:38::SCWPlatform:: Platform Path C:/Users/realk/Desktop/ece385/ECE385/lab7_2/try5_sdk/mb_usb_hdmi_top/hw/mb_usb_hdmi_top.xsa
TRACE::2024-11-08.06:06:38::SCWPlatform:: Unique name xilinx:::0.0
TRACE::2024-11-08.06:06:38::SCWPlatform::Trying to set the existing hwdb with name mb_usb_hdmi_top_33
TRACE::2024-11-08.06:06:38::SCWPlatform::Opened existing hwdb mb_usb_hdmi_top_33
TRACE::2024-11-08.06:06:38::SCWPlatform::Found the Hw Db part of the input DSA
TRACE::2024-11-08.06:06:38::SCWMssOS::Checking the sw design at  C:/Users/realk/Desktop/ece385/ECE385/lab7_2/try5_sdk/mb_usb_hdmi_top/microblaze_0/standalone_microblaze_0/bsp/system.mss
TRACE::2024-11-08.06:06:38::SCWMssOS::DEBUG:  swdes dump  C:/Users/realk/Desktop/ece385/ECE385/lab7_2/try5_sdk/mb_usb_hdmi_top/microblaze_0/standalone_microblaze_0/bsp/system.mss|system||

TRACE::2024-11-08.06:06:38::SCWMssOS::Sw design exists and opened at  C:/Users/realk/Desktop/ece385/ECE385/lab7_2/try5_sdk/mb_usb_hdmi_top/microblaze_0/standalone_microblaze_0/bsp/system.mss
TRACE::2024-11-08.06:06:38::SCWReader::No isolation master present  
TRACE::2024-11-08.06:06:41::SCWPlatform::DSA given C:/Users/realk/Desktop/ece385/ECE385/lab7_2/try5_sdk/mb_usb_hdmi_top/tempdsa/mb_usb_hdmi_top.xsa
TRACE::2024-11-08.06:06:41::SCWPlatform::DSA absoulate path C:/Users/realk/Desktop/ece385/ECE385/lab7_2/try5_sdk/mb_usb_hdmi_top/tempdsa/mb_usb_hdmi_top.xsa
TRACE::2024-11-08.06:06:41::SCWPlatform:: Platform location is C:/Users/realk/Desktop/ece385/ECE385/lab7_2/try5_sdk/mb_usb_hdmi_top/tempdsa
TRACE::2024-11-08.06:06:41::SCWPlatform:: Platform Path C:/Users/realk/Desktop/ece385/ECE385/lab7_2/try5_sdk/mb_usb_hdmi_top/tempdsa/mb_usb_hdmi_top.xsa
TRACE::2024-11-08.06:06:41::SCWPlatform:: Unique name xilinx:::0.0
TRACE::2024-11-08.06:06:41::SCWPlatform::Found the Hw Db part of the input DSA
TRACE::2024-11-08.06:06:41::SCWMssOS::Doing hw sync for the mss in domain: standalone_microblaze_0
TRACE::2024-11-08.06:06:41::SCWPlatform::Trying to open the hw design at C:/Users/realk/Desktop/ece385/ECE385/lab7_2/try5_sdk/mb_usb_hdmi_top/hw/mb_usb_hdmi_top.xsa
TRACE::2024-11-08.06:06:41::SCWPlatform::DSA given C:/Users/realk/Desktop/ece385/ECE385/lab7_2/try5_sdk/mb_usb_hdmi_top/hw/mb_usb_hdmi_top.xsa
TRACE::2024-11-08.06:06:41::SCWPlatform::DSA absoulate path C:/Users/realk/Desktop/ece385/ECE385/lab7_2/try5_sdk/mb_usb_hdmi_top/hw/mb_usb_hdmi_top.xsa
TRACE::2024-11-08.06:06:41::SCWPlatform::DSA directory C:/Users/realk/Desktop/ece385/ECE385/lab7_2/try5_sdk/mb_usb_hdmi_top/hw
TRACE::2024-11-08.06:06:41::SCWPlatform:: Platform Path C:/Users/realk/Desktop/ece385/ECE385/lab7_2/try5_sdk/mb_usb_hdmi_top/hw/mb_usb_hdmi_top.xsa
TRACE::2024-11-08.06:06:41::SCWPlatform:: Unique name xilinx:::0.0
TRACE::2024-11-08.06:06:41::SCWPlatform::Trying to set the existing hwdb with name mb_usb_hdmi_top_33
TRACE::2024-11-08.06:06:41::SCWPlatform::Opened existing hwdb mb_usb_hdmi_top_33
TRACE::2024-11-08.06:06:41::SCWPlatform::Found the Hw Db part of the input DSA
TRACE::2024-11-08.06:06:41::SCWPlatform::Trying to open the hw design at C:/Users/realk/Desktop/ece385/ECE385/lab7_2/try5_sdk/mb_usb_hdmi_top/hw/mb_usb_hdmi_top.xsa
TRACE::2024-11-08.06:06:41::SCWPlatform::DSA given C:/Users/realk/Desktop/ece385/ECE385/lab7_2/try5_sdk/mb_usb_hdmi_top/hw/mb_usb_hdmi_top.xsa
TRACE::2024-11-08.06:06:41::SCWPlatform::DSA absoulate path C:/Users/realk/Desktop/ece385/ECE385/lab7_2/try5_sdk/mb_usb_hdmi_top/hw/mb_usb_hdmi_top.xsa
TRACE::2024-11-08.06:06:41::SCWPlatform::DSA directory C:/Users/realk/Desktop/ece385/ECE385/lab7_2/try5_sdk/mb_usb_hdmi_top/hw
TRACE::2024-11-08.06:06:41::SCWPlatform:: Platform Path C:/Users/realk/Desktop/ece385/ECE385/lab7_2/try5_sdk/mb_usb_hdmi_top/hw/mb_usb_hdmi_top.xsa
TRACE::2024-11-08.06:06:41::SCWPlatform:: Unique name xilinx:::0.0
TRACE::2024-11-08.06:06:41::SCWPlatform::Trying to set the existing hwdb with name mb_usb_hdmi_top_33
TRACE::2024-11-08.06:06:41::SCWPlatform::Opened existing hwdb mb_usb_hdmi_top_33
TRACE::2024-11-08.06:06:41::SCWPlatform::Found the Hw Db part of the input DSA
TRACE::2024-11-08.06:06:41::SCWMssOS::Checking the sw design at  C:/Users/realk/Desktop/ece385/ECE385/lab7_2/try5_sdk/mb_usb_hdmi_top/microblaze_0/standalone_microblaze_0/bsp/system.mss
TRACE::2024-11-08.06:06:41::SCWMssOS::DEBUG:  swdes dump  C:/Users/realk/Desktop/ece385/ECE385/lab7_2/try5_sdk/mb_usb_hdmi_top/microblaze_0/standalone_microblaze_0/bsp/system.mss|system||

TRACE::2024-11-08.06:06:41::SCWMssOS::Sw design exists and opened at  C:/Users/realk/Desktop/ece385/ECE385/lab7_2/try5_sdk/mb_usb_hdmi_top/microblaze_0/standalone_microblaze_0/bsp/system.mss
TRACE::2024-11-08.06:06:41::SCWPlatform::Trying to open the hw design at C:/Users/realk/Desktop/ece385/ECE385/lab7_2/try5_sdk/mb_usb_hdmi_top/tempdsa/mb_usb_hdmi_top.xsa
TRACE::2024-11-08.06:06:41::SCWPlatform::DSA given C:/Users/realk/Desktop/ece385/ECE385/lab7_2/try5_sdk/mb_usb_hdmi_top/tempdsa/mb_usb_hdmi_top.xsa
TRACE::2024-11-08.06:06:41::SCWPlatform::DSA absoulate path C:/Users/realk/Desktop/ece385/ECE385/lab7_2/try5_sdk/mb_usb_hdmi_top/tempdsa/mb_usb_hdmi_top.xsa
TRACE::2024-11-08.06:06:41::SCWPlatform::DSA directory C:/Users/realk/Desktop/ece385/ECE385/lab7_2/try5_sdk/mb_usb_hdmi_top/tempdsa
TRACE::2024-11-08.06:06:41::SCWPlatform:: Platform Path C:/Users/realk/Desktop/ece385/ECE385/lab7_2/try5_sdk/mb_usb_hdmi_top/tempdsa/mb_usb_hdmi_top.xsa
TRACE::2024-11-08.06:06:41::SCWPlatform:: Unique name xilinx:::0.0
TRACE::2024-11-08.06:06:41::SCWPlatform::update - Opened existing hwdb mb_usb_hdmi_top_34
TRACE::2024-11-08.06:06:41::SCWPlatform::Found the Hw Db part of the input DSA
TRACE::2024-11-08.06:06:41::SCWMssOS::Saving the mss changes C:/Users/realk/Desktop/ece385/ECE385/lab7_2/try5_sdk/mb_usb_hdmi_top/microblaze_0/standalone_microblaze_0/bsp/system.mss
TRACE::2024-11-08.06:06:41::SCWMssOS::Found a swdesign opened with the mssfile.
TRACE::2024-11-08.06:06:41::SCWMssOS::Completed writemss as part of save.
TRACE::2024-11-08.06:06:41::SCWMssOS::Commit changes completed.
TRACE::2024-11-08.06:06:41::SCWMssOS::Completed hw sync for the mss in domain: standalone_microblaze_0
TRACE::2024-11-08.06:06:41::SCWMssOS::Removing the swdes entry for  C:/Users/realk/Desktop/ece385/ECE385/lab7_2/try5_sdk/mb_usb_hdmi_top/microblaze_0/standalone_microblaze_0/bsp/system.mss
TRACE::2024-11-08.06:06:41::SCWPlatform::Trying to open the hw design at C:/Users/realk/Desktop/ece385/ECE385/lab7_2/try5_sdk/mb_usb_hdmi_top/hw/mb_usb_hdmi_top.xsa
TRACE::2024-11-08.06:06:41::SCWPlatform::DSA given C:/Users/realk/Desktop/ece385/ECE385/lab7_2/try5_sdk/mb_usb_hdmi_top/hw/mb_usb_hdmi_top.xsa
TRACE::2024-11-08.06:06:41::SCWPlatform::DSA absoulate path C:/Users/realk/Desktop/ece385/ECE385/lab7_2/try5_sdk/mb_usb_hdmi_top/hw/mb_usb_hdmi_top.xsa
TRACE::2024-11-08.06:06:41::SCWPlatform::DSA directory C:/Users/realk/Desktop/ece385/ECE385/lab7_2/try5_sdk/mb_usb_hdmi_top/hw
TRACE::2024-11-08.06:06:41::SCWPlatform:: Platform Path C:/Users/realk/Desktop/ece385/ECE385/lab7_2/try5_sdk/mb_usb_hdmi_top/hw/mb_usb_hdmi_top.xsa
TRACE::2024-11-08.06:06:41::SCWPlatform:: Unique name xilinx:::0.0
TRACE::2024-11-08.06:06:41::SCWPlatform::Do not have an existing db opened. 
TRACE::2024-11-08.06:06:42::SCWPlatform::Opened new HwDB with name mb_usb_hdmi_top_35
TRACE::2024-11-08.06:06:42::SCWMssOS::Saving the mss changes C:/Users/realk/Desktop/ece385/ECE385/lab7_2/try5_sdk/mb_usb_hdmi_top/microblaze_0/standalone_microblaze_0/bsp/system.mss
TRACE::2024-11-08.06:06:42::SCWMssOS::Adding the swdes entry, mss present, able to open swdb C:/Users/realk/Desktop/ece385/ECE385/lab7_2/try5_sdk/mb_usb_hdmi_top/microblaze_0/standalone_microblaze_0/bsp/system.mss with des name system
TRACE::2024-11-08.06:06:42::SCWMssOS::Writing the mss file completed C:/Users/realk/Desktop/ece385/ECE385/lab7_2/try5_sdk/mb_usb_hdmi_top/microblaze_0/standalone_microblaze_0/bsp/system.mss
TRACE::2024-11-08.06:06:42::SCWMssOS::Commit changes completed.
TRACE::2024-11-08.06:06:42::SCWPlatform::Trying to open the hw design at C:/Users/realk/Desktop/ece385/ECE385/lab7_2/try5_sdk/mb_usb_hdmi_top/hw/mb_usb_hdmi_top.xsa
TRACE::2024-11-08.06:06:42::SCWPlatform::DSA given C:/Users/realk/Desktop/ece385/ECE385/lab7_2/try5_sdk/mb_usb_hdmi_top/hw/mb_usb_hdmi_top.xsa
TRACE::2024-11-08.06:06:42::SCWPlatform::DSA absoulate path C:/Users/realk/Desktop/ece385/ECE385/lab7_2/try5_sdk/mb_usb_hdmi_top/hw/mb_usb_hdmi_top.xsa
TRACE::2024-11-08.06:06:42::SCWPlatform::DSA directory C:/Users/realk/Desktop/ece385/ECE385/lab7_2/try5_sdk/mb_usb_hdmi_top/hw
TRACE::2024-11-08.06:06:42::SCWPlatform:: Platform Path C:/Users/realk/Desktop/ece385/ECE385/lab7_2/try5_sdk/mb_usb_hdmi_top/hw/mb_usb_hdmi_top.xsa
TRACE::2024-11-08.06:06:42::SCWPlatform:: Unique name xilinx:::0.0
TRACE::2024-11-08.06:06:42::SCWPlatform::Trying to set the existing hwdb with name mb_usb_hdmi_top_35
TRACE::2024-11-08.06:06:42::SCWPlatform::Opened existing hwdb mb_usb_hdmi_top_35
TRACE::2024-11-08.06:06:42::SCWPlatform::Found the Hw Db part of the input DSA
TRACE::2024-11-08.06:06:42::SCWMssOS::Checking the sw design at  C:/Users/realk/Desktop/ece385/ECE385/lab7_2/try5_sdk/mb_usb_hdmi_top/microblaze_0/standalone_microblaze_0/bsp/system.mss
TRACE::2024-11-08.06:06:42::SCWMssOS::DEBUG:  swdes dump  C:/Users/realk/Desktop/ece385/ECE385/lab7_2/try5_sdk/mb_usb_hdmi_top/microblaze_0/standalone_microblaze_0/bsp/system.mss|system||

TRACE::2024-11-08.06:06:42::SCWMssOS::Sw design exists and opened at  C:/Users/realk/Desktop/ece385/ECE385/lab7_2/try5_sdk/mb_usb_hdmi_top/microblaze_0/standalone_microblaze_0/bsp/system.mss
TRACE::2024-11-08.06:06:42::SCWWriter::formatted JSON is {
	"platformName":	"mb_usb_hdmi_top",
	"sprVersion":	"2.0",
	"mode":	"gui",
	"dsaType":	"Fixed",
	"platformDesc":	"mb_usb_hdmi_top",
	"platHandOff":	"C:/Users/realk/Desktop/ece385/ECE385/lab7_2/mb_usb_hdmi_top.xsa",
	"platIntHandOff":	"<platformDir>/hw/mb_usb_hdmi_top.xsa",
	"deviceType":	"FPGA",
	"platIsPrebuiltAutogen":	"false",
	"platIsNoBootBsp":	"false",
	"hasFsblMakeHasChanges":	"false",
	"hasPmufwMakeHasChanges":	"false",
	"platPreBuiltFlag":	false,
	"platformSamplesDir":	"",
	"platActiveSys":	"mb_usb_hdmi_top",
	"systems":	[{
			"systemName":	"mb_usb_hdmi_top",
			"systemDesc":	"mb_usb_hdmi_top",
			"sysIsBootAutoGen":	"true",
			"systemDispName":	"mb_usb_hdmi_top",
			"sysActiveDom":	"standalone_microblaze_0",
			"sysDefaultDom":	"standalone_microblaze_0",
			"domains":	[{
					"domainName":	"standalone_microblaze_0",
					"domainDispName":	"standalone_microblaze_0",
					"domainDesc":	"standalone_microblaze_0",
					"processors":	"microblaze_0",
					"os":	"standalone",
					"sdxOs":	"standalone",
					"debugEnable":	"False",
					"domRuntimes":	["cpp"],
					"swRepo":	"",
					"mssOsVer":	"8.0",
					"mssFile":	"",
					"md5Digest":	"5422c1e5be4ae93f4de8c50507402f2a1",
					"compatibleApp":	"",
					"domType":	"mssDomain",
					"arch":	"32-bit",
					"appSettings":	{
						"appCompilerFlags":	"",
						"appLinkerFlags":	""
					},
					"addedLibs":	[],
					"libOptions":	{
						"libsContainingOptions":	[]
					},
					"prebuiltLibs":	{
						"prebuiltIncPath":	[],
						"prebuiltLibPath":	[]
					},
					"isolation":	{
					}
				}]
		}]
}
LOG::2024-11-08.06:06:48::SCWPlatform::Started generating the artifacts platform mb_usb_hdmi_top
TRACE::2024-11-08.06:06:48::SCWPlatform::Sanity checking of platform is completed
LOG::2024-11-08.06:06:48::SCWPlatform::Started generating the artifacts for system configuration mb_usb_hdmi_top
LOG::2024-11-08.06:06:48::SCWSystem::Checking the domain standalone_microblaze_0
LOG::2024-11-08.06:06:48::SCWSystem::Not a boot domain 
LOG::2024-11-08.06:06:48::SCWSystem::Started Processing the domain standalone_microblaze_0
TRACE::2024-11-08.06:06:48::SCWDomain::Generating domain artifcats
TRACE::2024-11-08.06:06:48::SCWMssOS::Generating standalone artifcats
TRACE::2024-11-08.06:06:48::SCWMssOS:: Copying the user libraries. 
TRACE::2024-11-08.06:06:48::SCWPlatform::Trying to open the hw design at C:/Users/realk/Desktop/ece385/ECE385/lab7_2/try5_sdk/mb_usb_hdmi_top/hw/mb_usb_hdmi_top.xsa
TRACE::2024-11-08.06:06:48::SCWPlatform::DSA given C:/Users/realk/Desktop/ece385/ECE385/lab7_2/try5_sdk/mb_usb_hdmi_top/hw/mb_usb_hdmi_top.xsa
TRACE::2024-11-08.06:06:48::SCWPlatform::DSA absoulate path C:/Users/realk/Desktop/ece385/ECE385/lab7_2/try5_sdk/mb_usb_hdmi_top/hw/mb_usb_hdmi_top.xsa
TRACE::2024-11-08.06:06:48::SCWPlatform::DSA directory C:/Users/realk/Desktop/ece385/ECE385/lab7_2/try5_sdk/mb_usb_hdmi_top/hw
TRACE::2024-11-08.06:06:48::SCWPlatform:: Platform Path C:/Users/realk/Desktop/ece385/ECE385/lab7_2/try5_sdk/mb_usb_hdmi_top/hw/mb_usb_hdmi_top.xsa
TRACE::2024-11-08.06:06:48::SCWPlatform:: Unique name xilinx:::0.0
TRACE::2024-11-08.06:06:48::SCWPlatform::Trying to set the existing hwdb with name mb_usb_hdmi_top_35
TRACE::2024-11-08.06:06:48::SCWPlatform::Opened existing hwdb mb_usb_hdmi_top_35
TRACE::2024-11-08.06:06:48::SCWPlatform::Found the Hw Db part of the input DSA
TRACE::2024-11-08.06:06:48::SCWMssOS::Checking the sw design at  C:/Users/realk/Desktop/ece385/ECE385/lab7_2/try5_sdk/mb_usb_hdmi_top/microblaze_0/standalone_microblaze_0/bsp/system.mss
TRACE::2024-11-08.06:06:48::SCWMssOS::DEBUG:  swdes dump  C:/Users/realk/Desktop/ece385/ECE385/lab7_2/try5_sdk/mb_usb_hdmi_top/microblaze_0/standalone_microblaze_0/bsp/system.mss|system||

TRACE::2024-11-08.06:06:48::SCWMssOS::Sw design exists and opened at  C:/Users/realk/Desktop/ece385/ECE385/lab7_2/try5_sdk/mb_usb_hdmi_top/microblaze_0/standalone_microblaze_0/bsp/system.mss
TRACE::2024-11-08.06:06:48::SCWMssOS::Completed writing the mss file at C:/Users/realk/Desktop/ece385/ECE385/lab7_2/try5_sdk/mb_usb_hdmi_top/microblaze_0/standalone_microblaze_0/bsp
TRACE::2024-11-08.06:06:48::SCWMssOS::Mss edits present, copying mssfile into export location C:/Users/realk/Desktop/ece385/ECE385/lab7_2/try5_sdk/mb_usb_hdmi_top/microblaze_0/standalone_microblaze_0/bsp/system.mss
TRACE::2024-11-08.06:06:48::SCWMssOS::bsp generated is stale removing and regenerating. 
TRACE::2024-11-08.06:06:49::SCWMssOS::doing bsp build ... 
TRACE::2024-11-08.06:06:49::SCWMssOS::System Command Ran  C: & cd  C:/Users/realk/Desktop/ece385/ECE385/lab7_2/try5_sdk/mb_usb_hdmi_top/microblaze_0/standalone_microblaze_0/bsp & make 
TRACE::2024-11-08.06:06:49::SCWMssOS::make --no-print-directory seq_libs

TRACE::2024-11-08.06:06:49::SCWMssOS::'Finished building libraries sequentially.'

TRACE::2024-11-08.06:06:49::SCWMssOS::make -j 14 --no-print-directory par_libs

TRACE::2024-11-08.06:06:49::SCWMssOS::"Running Make include in microblaze_0/libsrc/bram_v4_8/src"

TRACE::2024-11-08.06:06:49::SCWMssOS::make -C microblaze_0/libsrc/bram_v4_8/src -s include  "SHELL=CMD" "COMPILER=mb-gcc" "ASSEMBLER=mb-as" "ARCHIVER=mb-ar" "COMPILE
TRACE::2024-11-08.06:06:49::SCWMssOS::R_FLAGS=  -O2 -c -mcpu=v11.0 -mlittle-endian -mno-xl-reorder -mno-xl-soft-mul -mxl-barrel-shift -mxl-pattern-compare" "EXTRA_CO
TRACE::2024-11-08.06:06:49::SCWMssOS::MPILER_FLAGS=-g -ffunction-sections -fdata-sections -Wall -Wextra -fno-tree-loop-distribute-patterns"

TRACE::2024-11-08.06:06:49::SCWMssOS::"Running Make include in microblaze_0/libsrc/cpu_v2_16/src"

TRACE::2024-11-08.06:06:49::SCWMssOS::make -C microblaze_0/libsrc/cpu_v2_16/src -s include  "SHELL=CMD" "COMPILER=mb-gcc" "ASSEMBLER=mb-as" "ARCHIVER=mb-ar" "COMPILE
TRACE::2024-11-08.06:06:49::SCWMssOS::R_FLAGS=  -O2 -c -mcpu=v11.0 -mlittle-endian -mno-xl-reorder -mno-xl-soft-mul -mxl-barrel-shift -mxl-pattern-compare" "EXTRA_CO
TRACE::2024-11-08.06:06:49::SCWMssOS::MPILER_FLAGS=-g -ffunction-sections -fdata-sections -Wall -Wextra -fno-tree-loop-distribute-patterns"

TRACE::2024-11-08.06:06:49::SCWMssOS::"Running Make include in microblaze_0/libsrc/intc_v3_15/src"

TRACE::2024-11-08.06:06:49::SCWMssOS::make -C microblaze_0/libsrc/intc_v3_15/src -s include  "SHELL=CMD" "COMPILER=mb-gcc" "ASSEMBLER=mb-as" "ARCHIVER=mb-ar" "COMPIL
TRACE::2024-11-08.06:06:49::SCWMssOS::ER_FLAGS=  -O2 -c -mcpu=v11.0 -mlittle-endian -mno-xl-reorder -mno-xl-soft-mul -mxl-barrel-shift -mxl-pattern-compare" "EXTRA_C
TRACE::2024-11-08.06:06:49::SCWMssOS::OMPILER_FLAGS=-g -ffunction-sections -fdata-sections -Wall -Wextra -fno-tree-loop-distribute-patterns"

TRACE::2024-11-08.06:06:49::SCWMssOS::"Running Make include in microblaze_0/libsrc/standalone_v8_0/src"

TRACE::2024-11-08.06:06:49::SCWMssOS::make -C microblaze_0/libsrc/standalone_v8_0/src -s include  "SHELL=CMD" "COMPILER=mb-gcc" "ASSEMBLER=mb-as" "ARCHIVER=mb-ar" "C
TRACE::2024-11-08.06:06:49::SCWMssOS::OMPILER_FLAGS=  -O2 -c -mcpu=v11.0 -mlittle-endian -mno-xl-reorder -mno-xl-soft-mul -mxl-barrel-shift -mxl-pattern-compare" "EX
TRACE::2024-11-08.06:06:49::SCWMssOS::TRA_COMPILER_FLAGS=-g -ffunction-sections -fdata-sections -Wall -Wextra -fno-tree-loop-distribute-patterns"

TRACE::2024-11-08.06:06:49::SCWMssOS::"Running Make include in microblaze_0/libsrc/uartlite_v3_7/src"

TRACE::2024-11-08.06:06:49::SCWMssOS::make -C microblaze_0/libsrc/uartlite_v3_7/src -s include  "SHELL=CMD" "COMPILER=mb-gcc" "ASSEMBLER=mb-as" "ARCHIVER=mb-ar" "COM
TRACE::2024-11-08.06:06:49::SCWMssOS::PILER_FLAGS=  -O2 -c -mcpu=v11.0 -mlittle-endian -mno-xl-reorder -mno-xl-soft-mul -mxl-barrel-shift -mxl-pattern-compare" "EXTR
TRACE::2024-11-08.06:06:49::SCWMssOS::A_COMPILER_FLAGS=-g -ffunction-sections -fdata-sections -Wall -Wextra -fno-tree-loop-distribute-patterns"

TRACE::2024-11-08.06:06:50::SCWMssOS::"Running Make libs in microblaze_0/libsrc/bram_v4_8/src"

TRACE::2024-11-08.06:06:50::SCWMssOS::make -C microblaze_0/libsrc/bram_v4_8/src -s libs  "SHELL=CMD" "COMPILER=mb-gcc" "ASSEMBLER=mb-as" "ARCHIVER=mb-ar" "COMPILER_F
TRACE::2024-11-08.06:06:50::SCWMssOS::LAGS=  -O2 -c -mcpu=v11.0 -mlittle-endian -mno-xl-reorder -mno-xl-soft-mul -mxl-barrel-shift -mxl-pattern-compare" "EXTRA_COMPI
TRACE::2024-11-08.06:06:50::SCWMssOS::LER_FLAGS=-g -ffunction-sections -fdata-sections -Wall -Wextra -fno-tree-loop-distribute-patterns"

TRACE::2024-11-08.06:06:50::SCWMssOS::"Running Make libs in microblaze_0/libsrc/cpu_v2_16/src"

TRACE::2024-11-08.06:06:50::SCWMssOS::make -C microblaze_0/libsrc/cpu_v2_16/src -s libs  "SHELL=CMD" "COMPILER=mb-gcc" "ASSEMBLER=mb-as" "ARCHIVER=mb-ar" "COMPILER_F
TRACE::2024-11-08.06:06:50::SCWMssOS::LAGS=  -O2 -c -mcpu=v11.0 -mlittle-endian -mno-xl-reorder -mno-xl-soft-mul -mxl-barrel-shift -mxl-pattern-compare" "EXTRA_COMPI
TRACE::2024-11-08.06:06:50::SCWMssOS::LER_FLAGS=-g -ffunction-sections -fdata-sections -Wall -Wextra -fno-tree-loop-distribute-patterns"

TRACE::2024-11-08.06:06:50::SCWMssOS::"Running Make libs in microblaze_0/libsrc/intc_v3_15/src"

TRACE::2024-11-08.06:06:50::SCWMssOS::make -C microblaze_0/libsrc/intc_v3_15/src -s libs  "SHELL=CMD" "COMPILER=mb-gcc" "ASSEMBLER=mb-as" "ARCHIVER=mb-ar" "COMPILER_
TRACE::2024-11-08.06:06:50::SCWMssOS::FLAGS=  -O2 -c -mcpu=v11.0 -mlittle-endian -mno-xl-reorder -mno-xl-soft-mul -mxl-barrel-shift -mxl-pattern-compare" "EXTRA_COMP
TRACE::2024-11-08.06:06:50::SCWMssOS::ILER_FLAGS=-g -ffunction-sections -fdata-sections -Wall -Wextra -fno-tree-loop-distribute-patterns"

TRACE::2024-11-08.06:06:50::SCWMssOS::"Running Make libs in microblaze_0/libsrc/standalone_v8_0/src"

TRACE::2024-11-08.06:06:50::SCWMssOS::make -C microblaze_0/libsrc/standalone_v8_0/src -s libs  "SHELL=CMD" "COMPILER=mb-gcc" "ASSEMBLER=mb-as" "ARCHIVER=mb-ar" "COMP
TRACE::2024-11-08.06:06:50::SCWMssOS::ILER_FLAGS=  -O2 -c -mcpu=v11.0 -mlittle-endian -mno-xl-reorder -mno-xl-soft-mul -mxl-barrel-shift -mxl-pattern-compare" "EXTRA
TRACE::2024-11-08.06:06:50::SCWMssOS::_COMPILER_FLAGS=-g -ffunction-sections -fdata-sections -Wall -Wextra -fno-tree-loop-distribute-patterns"

TRACE::2024-11-08.06:06:50::SCWMssOS::"Running Make libs in microblaze_0/libsrc/uartlite_v3_7/src"

TRACE::2024-11-08.06:06:50::SCWMssOS::make -C microblaze_0/libsrc/uartlite_v3_7/src -s libs  "SHELL=CMD" "COMPILER=mb-gcc" "ASSEMBLER=mb-as" "ARCHIVER=mb-ar" "COMPIL
TRACE::2024-11-08.06:06:50::SCWMssOS::ER_FLAGS=  -O2 -c -mcpu=v11.0 -mlittle-endian -mno-xl-reorder -mno-xl-soft-mul -mxl-barrel-shift -mxl-pattern-compare" "EXTRA_C
TRACE::2024-11-08.06:06:50::SCWMssOS::OMPILER_FLAGS=-g -ffunction-sections -fdata-sections -Wall -Wextra -fno-tree-loop-distribute-patterns"

TRACE::2024-11-08.06:06:52::SCWMssOS::"DEBUG NON_LTO_OBJECTS is ../../../lib/microblaze_interrupt_handler.o"

TRACE::2024-11-08.06:06:52::SCWMssOS::'Finished building libraries parallelly.'

TRACE::2024-11-08.06:06:52::SCWMssOS::make --no-print-directory archive

TRACE::2024-11-08.06:06:52::SCWMssOS::mb-ar -r  microblaze_0/lib/libxil.a microblaze_0/lib/_exit.o microblaze_0/lib/errno.o microblaze_0/lib/fcntl.o microblaze_0/lib
TRACE::2024-11-08.06:06:52::SCWMssOS::/hw_exception_handler.o microblaze_0/lib/inbyte.o microblaze_0/lib/microblaze_disable_dcache.o microblaze_0/lib/microblaze_disa
TRACE::2024-11-08.06:06:52::SCWMssOS::ble_exceptions.o microblaze_0/lib/microblaze_disable_icache.o microblaze_0/lib/microblaze_disable_interrupts.o microblaze_0/lib
TRACE::2024-11-08.06:06:52::SCWMssOS::/microblaze_enable_dcache.o microblaze_0/lib/microblaze_enable_exceptions.o microblaze_0/lib/microblaze_enable_icache.o microbl
TRACE::2024-11-08.06:06:52::SCWMssOS::aze_0/lib/microblaze_enable_interrupts.o microblaze_0/lib/microblaze_exception_handler.o microblaze_0/lib/microblaze_flush_cach
TRACE::2024-11-08.06:06:52::SCWMssOS::e_ext.o microblaze_0/lib/microblaze_flush_cache_ext_range.o microblaze_0/lib/microblaze_flush_dcache.o microblaze_0/lib/microbl
TRACE::2024-11-08.06:06:52::SCWMssOS::aze_flush_dcache_range.o microblaze_0/lib/microblaze_init_dcache_range.o microblaze_0/lib/microblaze_init_icache_range.o microb
TRACE::2024-11-08.06:06:52::SCWMssOS::laze_0/lib/microblaze_interrupt_handler.o microblaze_0/lib/microblaze_interrupts_g.o microblaze_0/lib/microblaze_invalidate_cac
TRACE::2024-11-08.06:06:52::SCWMssOS::he_ext.o microblaze_0/lib/microblaze_invalidate_cache_ext_range.o microblaze_0/lib/microblaze_invalidate_dcache.o microblaze_0/
TRACE::2024-11-08.06:06:52::SCWMssOS::lib/microblaze_invalidate_dcache_range.o microblaze_0/lib/microblaze_invalidate_icache.o microblaze_0/lib/microblaze_invalidate
TRACE::2024-11-08.06:06:52::SCWMssOS::_icache_range.o microblaze_0/lib/microblaze_scrub.o microblaze_0/lib/microblaze_selftest.o microblaze_0/lib/microblaze_sleep.o 
TRACE::2024-11-08.06:06:52::SCWMssOS::microblaze_0/lib/microblaze_update_dcache.o microblaze_0/lib/microblaze_update_icache.o microblaze_0/lib/outbyte.o microblaze_0
TRACE::2024-11-08.06:06:52::SCWMssOS::/lib/print.o microblaze_0/lib/pvr.o microblaze_0/lib/xbram.o microblaze_0/lib/xbram_g.o microblaze_0/lib/xbram_intr.o microblaz
TRACE::2024-11-08.06:06:52::SCWMssOS::e_0/lib/xbram_selftest.o microblaze_0/lib/xbram_sinit.o microblaze_0/lib/xil_assert.o microblaze_0/lib/xil_cache.o microblaze_0
TRACE::2024-11-08.06:06:52::SCWMssOS::/lib/xil_clocking.o microblaze_0/lib/xil_exception.o microblaze_0/lib/xil_mem.o microblaze_0/lib/xil_misc_psreset_api.o microbl
TRACE::2024-11-08.06:06:52::SCWMssOS::aze_0/lib/xil_printf.o microblaze_0/lib/xil_sleepcommon.o microblaze_0/lib/xil_testcache.o microblaze_0/lib/xil_testio.o microb
TRACE::2024-11-08.06:06:52::SCWMssOS::laze_0/lib/xil_testmem.o microblaze_0/lib/xil_util.o microblaze_0/lib/xintc.o microblaze_0/lib/xintc_g.o microblaze_0/lib/xintc
TRACE::2024-11-08.06:06:52::SCWMssOS::_intr.o microblaze_0/lib/xintc_l.o microblaze_0/lib/xintc_options.o microblaze_0/lib/xintc_selftest.o microblaze_0/lib/xinterru
TRACE::2024-11-08.06:06:52::SCWMssOS::pt_wrap.o microblaze_0/lib/xio.o microblaze_0/lib/xplatform_info.o microblaze_0/lib/xuartlite.o microblaze_0/lib/xuartlite_g.o 
TRACE::2024-11-08.06:06:52::SCWMssOS::microblaze_0/lib/xuartlite_intr.o microblaze_0/lib/xuartlite_l.o microblaze_0/lib/xuartlite_selftest.o microblaze_0/lib/xuartli
TRACE::2024-11-08.06:06:52::SCWMssOS::te_sinit.o microblaze_0/lib/xuartlite_stats.o

TRACE::2024-11-08.06:06:52::SCWMssOS::'Finished building libraries'

TRACE::2024-11-08.06:06:52::SCWMssOS:: Checking if to create the Supporting Applications
TRACE::2024-11-08.06:06:52::SCWMssOS:: No Linux domain exists, trying to generate FSBL 
LOG::2024-11-08.06:06:52::SCWSystem::Completed Processing the domain standalone_microblaze_0
LOG::2024-11-08.06:06:52::SCWSystem::Completed Processing the sysconfig mb_usb_hdmi_top
LOG::2024-11-08.06:06:52::SCWPlatform::Completed generating the artifacts for system configuration mb_usb_hdmi_top
TRACE::2024-11-08.06:06:52::SCWPlatform::Started preparing the platform 
TRACE::2024-11-08.06:06:52::SCWSystem::Writing the bif file for system config mb_usb_hdmi_top
TRACE::2024-11-08.06:06:52::SCWSystem::dir created 
TRACE::2024-11-08.06:06:52::SCWSystem::Writing the bif 
TRACE::2024-11-08.06:06:52::SCWPlatform::Started writing the spfm file 
TRACE::2024-11-08.06:06:52::SCWPlatform::Started writing the xpfm file 
TRACE::2024-11-08.06:06:52::SCWPlatform::Completed generating the platform
TRACE::2024-11-08.06:06:52::SCWMssOS::Saving the mss changes C:/Users/realk/Desktop/ece385/ECE385/lab7_2/try5_sdk/mb_usb_hdmi_top/microblaze_0/standalone_microblaze_0/bsp/system.mss
TRACE::2024-11-08.06:06:52::SCWMssOS::Adding the swdes entry, mss present, able to open swdb C:/Users/realk/Desktop/ece385/ECE385/lab7_2/try5_sdk/mb_usb_hdmi_top/microblaze_0/standalone_microblaze_0/bsp/system.mss with des name system
TRACE::2024-11-08.06:06:52::SCWMssOS::Writing the mss file completed C:/Users/realk/Desktop/ece385/ECE385/lab7_2/try5_sdk/mb_usb_hdmi_top/microblaze_0/standalone_microblaze_0/bsp/system.mss
TRACE::2024-11-08.06:06:52::SCWMssOS::Commit changes completed.
TRACE::2024-11-08.06:06:52::SCWPlatform::Trying to open the hw design at C:/Users/realk/Desktop/ece385/ECE385/lab7_2/try5_sdk/mb_usb_hdmi_top/hw/mb_usb_hdmi_top.xsa
TRACE::2024-11-08.06:06:52::SCWPlatform::DSA given C:/Users/realk/Desktop/ece385/ECE385/lab7_2/try5_sdk/mb_usb_hdmi_top/hw/mb_usb_hdmi_top.xsa
TRACE::2024-11-08.06:06:52::SCWPlatform::DSA absoulate path C:/Users/realk/Desktop/ece385/ECE385/lab7_2/try5_sdk/mb_usb_hdmi_top/hw/mb_usb_hdmi_top.xsa
TRACE::2024-11-08.06:06:52::SCWPlatform::DSA directory C:/Users/realk/Desktop/ece385/ECE385/lab7_2/try5_sdk/mb_usb_hdmi_top/hw
TRACE::2024-11-08.06:06:52::SCWPlatform:: Platform Path C:/Users/realk/Desktop/ece385/ECE385/lab7_2/try5_sdk/mb_usb_hdmi_top/hw/mb_usb_hdmi_top.xsa
TRACE::2024-11-08.06:06:52::SCWPlatform:: Unique name xilinx:::0.0
TRACE::2024-11-08.06:06:52::SCWPlatform::Trying to set the existing hwdb with name mb_usb_hdmi_top_35
TRACE::2024-11-08.06:06:52::SCWPlatform::Opened existing hwdb mb_usb_hdmi_top_35
TRACE::2024-11-08.06:06:52::SCWPlatform::Found the Hw Db part of the input DSA
TRACE::2024-11-08.06:06:52::SCWMssOS::Checking the sw design at  C:/Users/realk/Desktop/ece385/ECE385/lab7_2/try5_sdk/mb_usb_hdmi_top/microblaze_0/standalone_microblaze_0/bsp/system.mss
TRACE::2024-11-08.06:06:52::SCWMssOS::DEBUG:  swdes dump  C:/Users/realk/Desktop/ece385/ECE385/lab7_2/try5_sdk/mb_usb_hdmi_top/microblaze_0/standalone_microblaze_0/bsp/system.mss|system||

TRACE::2024-11-08.06:06:52::SCWMssOS::Sw design exists and opened at  C:/Users/realk/Desktop/ece385/ECE385/lab7_2/try5_sdk/mb_usb_hdmi_top/microblaze_0/standalone_microblaze_0/bsp/system.mss
TRACE::2024-11-08.06:06:52::SCWWriter::formatted JSON is {
	"platformName":	"mb_usb_hdmi_top",
	"sprVersion":	"2.0",
	"mode":	"gui",
	"dsaType":	"Fixed",
	"platformDesc":	"mb_usb_hdmi_top",
	"platHandOff":	"C:/Users/realk/Desktop/ece385/ECE385/lab7_2/mb_usb_hdmi_top.xsa",
	"platIntHandOff":	"<platformDir>/hw/mb_usb_hdmi_top.xsa",
	"deviceType":	"FPGA",
	"platIsPrebuiltAutogen":	"false",
	"platIsNoBootBsp":	"false",
	"hasFsblMakeHasChanges":	"false",
	"hasPmufwMakeHasChanges":	"false",
	"platPreBuiltFlag":	false,
	"platformSamplesDir":	"",
	"platActiveSys":	"mb_usb_hdmi_top",
	"systems":	[{
			"systemName":	"mb_usb_hdmi_top",
			"systemDesc":	"mb_usb_hdmi_top",
			"sysIsBootAutoGen":	"true",
			"systemDispName":	"mb_usb_hdmi_top",
			"sysActiveDom":	"standalone_microblaze_0",
			"sysDefaultDom":	"standalone_microblaze_0",
			"domains":	[{
					"domainName":	"standalone_microblaze_0",
					"domainDispName":	"standalone_microblaze_0",
					"domainDesc":	"standalone_microblaze_0",
					"processors":	"microblaze_0",
					"os":	"standalone",
					"sdxOs":	"standalone",
					"debugEnable":	"False",
					"domRuntimes":	["cpp"],
					"swRepo":	"",
					"mssOsVer":	"8.0",
					"mssFile":	"",
					"md5Digest":	"5422c1e5be4ae93f4de8c50507402f2a",
					"compatibleApp":	"",
					"domType":	"mssDomain",
					"arch":	"32-bit",
					"appSettings":	{
						"appCompilerFlags":	"",
						"appLinkerFlags":	""
					},
					"addedLibs":	[],
					"libOptions":	{
						"libsContainingOptions":	[]
					},
					"prebuiltLibs":	{
						"prebuiltIncPath":	[],
						"prebuiltLibPath":	[]
					},
					"isolation":	{
					}
				}]
		}]
}
KEYINFO::2024-11-08.06:06:52::SCWPlatform::updated the xpfm file.
TRACE::2024-11-08.06:06:53::SCWPlatform::Trying to open the hw design at C:/Users/realk/Desktop/ece385/ECE385/lab7_2/try5_sdk/mb_usb_hdmi_top/hw/mb_usb_hdmi_top.xsa
TRACE::2024-11-08.06:06:53::SCWPlatform::DSA given C:/Users/realk/Desktop/ece385/ECE385/lab7_2/try5_sdk/mb_usb_hdmi_top/hw/mb_usb_hdmi_top.xsa
TRACE::2024-11-08.06:06:53::SCWPlatform::DSA absoulate path C:/Users/realk/Desktop/ece385/ECE385/lab7_2/try5_sdk/mb_usb_hdmi_top/hw/mb_usb_hdmi_top.xsa
TRACE::2024-11-08.06:06:53::SCWPlatform::DSA directory C:/Users/realk/Desktop/ece385/ECE385/lab7_2/try5_sdk/mb_usb_hdmi_top/hw
TRACE::2024-11-08.06:06:53::SCWPlatform:: Platform Path C:/Users/realk/Desktop/ece385/ECE385/lab7_2/try5_sdk/mb_usb_hdmi_top/hw/mb_usb_hdmi_top.xsa
TRACE::2024-11-08.06:06:53::SCWPlatform:: Unique name xilinx:::0.0
TRACE::2024-11-08.06:06:53::SCWPlatform::Trying to set the existing hwdb with name mb_usb_hdmi_top_35
TRACE::2024-11-08.06:06:53::SCWPlatform::Opened existing hwdb mb_usb_hdmi_top_35
TRACE::2024-11-08.06:06:53::SCWPlatform::Found the Hw Db part of the input DSA
TRACE::2024-11-08.06:06:53::SCWMssOS::Checking the sw design at  C:/Users/realk/Desktop/ece385/ECE385/lab7_2/try5_sdk/mb_usb_hdmi_top/microblaze_0/standalone_microblaze_0/bsp/system.mss
TRACE::2024-11-08.06:06:53::SCWMssOS::DEBUG:  swdes dump  C:/Users/realk/Desktop/ece385/ECE385/lab7_2/try5_sdk/mb_usb_hdmi_top/microblaze_0/standalone_microblaze_0/bsp/system.mss|system||

TRACE::2024-11-08.06:06:53::SCWMssOS::Sw design exists and opened at  C:/Users/realk/Desktop/ece385/ECE385/lab7_2/try5_sdk/mb_usb_hdmi_top/microblaze_0/standalone_microblaze_0/bsp/system.mss
TRACE::2024-11-08.06:11:46::SCWPlatform::Clearing the existing platform
TRACE::2024-11-08.06:11:46::SCWSystem::Clearing the existing sysconfig
TRACE::2024-11-08.06:11:46::SCWMssOS::Removing the swdes entry for  C:/Users/realk/Desktop/ece385/ECE385/lab7_2/try5_sdk/mb_usb_hdmi_top/microblaze_0/standalone_microblaze_0/bsp/system.mss
TRACE::2024-11-08.06:11:46::SCWSystem::Clearing the domains completed.
TRACE::2024-11-08.06:11:46::SCWPlatform::Clearing the opened hw db.
TRACE::2024-11-08.06:11:46::SCWPlatform::DSA given C:/Users/realk/Desktop/ece385/ECE385/lab7_2/try5_sdk/mb_usb_hdmi_top/hw/mb_usb_hdmi_top.xsa
TRACE::2024-11-08.06:11:46::SCWPlatform::DSA absoulate path C:/Users/realk/Desktop/ece385/ECE385/lab7_2/try5_sdk/mb_usb_hdmi_top/hw/mb_usb_hdmi_top.xsa
TRACE::2024-11-08.06:11:46::SCWPlatform:: Platform location is C:/Users/realk/Desktop/ece385/ECE385/lab7_2/try5_sdk/mb_usb_hdmi_top/hw
TRACE::2024-11-08.06:11:46::SCWPlatform:: Platform Path C:/Users/realk/Desktop/ece385/ECE385/lab7_2/try5_sdk/mb_usb_hdmi_top/hw/mb_usb_hdmi_top.xsa
TRACE::2024-11-08.06:11:46::SCWPlatform:: Unique name xilinx:::0.0
TRACE::2024-11-08.06:11:46::SCWPlatform::Removing the HwDB with name C:/Users/realk/Desktop/ece385/ECE385/lab7_2/try5_sdk/mb_usb_hdmi_top/hw/mb_usb_hdmi_top.xsa
TRACE::2024-11-08.06:11:46::SCWPlatform::Trying to open the hw design at C:/Users/realk/Desktop/ece385/ECE385/lab7_2/try5_sdk/mb_usb_hdmi_top/hw/mb_usb_hdmi_top.xsa
TRACE::2024-11-08.06:11:46::SCWPlatform::DSA given C:/Users/realk/Desktop/ece385/ECE385/lab7_2/try5_sdk/mb_usb_hdmi_top/hw/mb_usb_hdmi_top.xsa
TRACE::2024-11-08.06:11:46::SCWPlatform::DSA absoulate path C:/Users/realk/Desktop/ece385/ECE385/lab7_2/try5_sdk/mb_usb_hdmi_top/hw/mb_usb_hdmi_top.xsa
TRACE::2024-11-08.06:11:46::SCWPlatform::DSA directory C:/Users/realk/Desktop/ece385/ECE385/lab7_2/try5_sdk/mb_usb_hdmi_top/hw
TRACE::2024-11-08.06:11:46::SCWPlatform:: Platform Path C:/Users/realk/Desktop/ece385/ECE385/lab7_2/try5_sdk/mb_usb_hdmi_top/hw/mb_usb_hdmi_top.xsa
TRACE::2024-11-08.06:11:46::SCWPlatform:: Unique name xilinx:::0.0
TRACE::2024-11-08.06:11:46::SCWPlatform::Do not have an existing db opened. 
TRACE::2024-11-08.06:11:47::SCWPlatform::Opened new HwDB with name mb_usb_hdmi_top_36
TRACE::2024-11-08.06:11:47::SCWReader::Active system found as  mb_usb_hdmi_top
TRACE::2024-11-08.06:11:47::SCWReader::Handling sysconfig mb_usb_hdmi_top
TRACE::2024-11-08.06:11:47::SCWDomain::checking for install qemu data   : 
TRACE::2024-11-08.06:11:47::SCWPlatform::Trying to open the hw design at C:/Users/realk/Desktop/ece385/ECE385/lab7_2/try5_sdk/mb_usb_hdmi_top/hw/mb_usb_hdmi_top.xsa
TRACE::2024-11-08.06:11:47::SCWPlatform::DSA given C:/Users/realk/Desktop/ece385/ECE385/lab7_2/try5_sdk/mb_usb_hdmi_top/hw/mb_usb_hdmi_top.xsa
TRACE::2024-11-08.06:11:47::SCWPlatform::DSA absoulate path C:/Users/realk/Desktop/ece385/ECE385/lab7_2/try5_sdk/mb_usb_hdmi_top/hw/mb_usb_hdmi_top.xsa
TRACE::2024-11-08.06:11:47::SCWPlatform::DSA directory C:/Users/realk/Desktop/ece385/ECE385/lab7_2/try5_sdk/mb_usb_hdmi_top/hw
TRACE::2024-11-08.06:11:47::SCWPlatform:: Platform Path C:/Users/realk/Desktop/ece385/ECE385/lab7_2/try5_sdk/mb_usb_hdmi_top/hw/mb_usb_hdmi_top.xsa
TRACE::2024-11-08.06:11:47::SCWPlatform:: Unique name xilinx:::0.0
TRACE::2024-11-08.06:11:47::SCWPlatform::Trying to set the existing hwdb with name mb_usb_hdmi_top_36
TRACE::2024-11-08.06:11:47::SCWPlatform::Opened existing hwdb mb_usb_hdmi_top_36
TRACE::2024-11-08.06:11:47::SCWPlatform::Found the Hw Db part of the input DSA
TRACE::2024-11-08.06:11:47::SCWPlatform::Trying to open the hw design at C:/Users/realk/Desktop/ece385/ECE385/lab7_2/try5_sdk/mb_usb_hdmi_top/hw/mb_usb_hdmi_top.xsa
TRACE::2024-11-08.06:11:47::SCWPlatform::DSA given C:/Users/realk/Desktop/ece385/ECE385/lab7_2/try5_sdk/mb_usb_hdmi_top/hw/mb_usb_hdmi_top.xsa
TRACE::2024-11-08.06:11:47::SCWPlatform::DSA absoulate path C:/Users/realk/Desktop/ece385/ECE385/lab7_2/try5_sdk/mb_usb_hdmi_top/hw/mb_usb_hdmi_top.xsa
TRACE::2024-11-08.06:11:47::SCWPlatform::DSA directory C:/Users/realk/Desktop/ece385/ECE385/lab7_2/try5_sdk/mb_usb_hdmi_top/hw
TRACE::2024-11-08.06:11:47::SCWPlatform:: Platform Path C:/Users/realk/Desktop/ece385/ECE385/lab7_2/try5_sdk/mb_usb_hdmi_top/hw/mb_usb_hdmi_top.xsa
TRACE::2024-11-08.06:11:47::SCWPlatform:: Unique name xilinx:::0.0
TRACE::2024-11-08.06:11:47::SCWPlatform::Trying to set the existing hwdb with name mb_usb_hdmi_top_36
TRACE::2024-11-08.06:11:47::SCWPlatform::Opened existing hwdb mb_usb_hdmi_top_36
TRACE::2024-11-08.06:11:47::SCWPlatform::Found the Hw Db part of the input DSA
TRACE::2024-11-08.06:11:47::SCWPlatform::Trying to open the hw design at C:/Users/realk/Desktop/ece385/ECE385/lab7_2/try5_sdk/mb_usb_hdmi_top/hw/mb_usb_hdmi_top.xsa
TRACE::2024-11-08.06:11:47::SCWPlatform::DSA given C:/Users/realk/Desktop/ece385/ECE385/lab7_2/try5_sdk/mb_usb_hdmi_top/hw/mb_usb_hdmi_top.xsa
TRACE::2024-11-08.06:11:47::SCWPlatform::DSA absoulate path C:/Users/realk/Desktop/ece385/ECE385/lab7_2/try5_sdk/mb_usb_hdmi_top/hw/mb_usb_hdmi_top.xsa
TRACE::2024-11-08.06:11:47::SCWPlatform::DSA directory C:/Users/realk/Desktop/ece385/ECE385/lab7_2/try5_sdk/mb_usb_hdmi_top/hw
TRACE::2024-11-08.06:11:47::SCWPlatform:: Platform Path C:/Users/realk/Desktop/ece385/ECE385/lab7_2/try5_sdk/mb_usb_hdmi_top/hw/mb_usb_hdmi_top.xsa
TRACE::2024-11-08.06:11:47::SCWPlatform:: Unique name xilinx:::0.0
TRACE::2024-11-08.06:11:47::SCWPlatform::Trying to set the existing hwdb with name mb_usb_hdmi_top_36
TRACE::2024-11-08.06:11:47::SCWPlatform::Opened existing hwdb mb_usb_hdmi_top_36
TRACE::2024-11-08.06:11:47::SCWPlatform::Found the Hw Db part of the input DSA
TRACE::2024-11-08.06:11:47::SCWPlatform::Trying to open the hw design at C:/Users/realk/Desktop/ece385/ECE385/lab7_2/try5_sdk/mb_usb_hdmi_top/hw/mb_usb_hdmi_top.xsa
TRACE::2024-11-08.06:11:47::SCWPlatform::DSA given C:/Users/realk/Desktop/ece385/ECE385/lab7_2/try5_sdk/mb_usb_hdmi_top/hw/mb_usb_hdmi_top.xsa
TRACE::2024-11-08.06:11:47::SCWPlatform::DSA absoulate path C:/Users/realk/Desktop/ece385/ECE385/lab7_2/try5_sdk/mb_usb_hdmi_top/hw/mb_usb_hdmi_top.xsa
TRACE::2024-11-08.06:11:47::SCWPlatform::DSA directory C:/Users/realk/Desktop/ece385/ECE385/lab7_2/try5_sdk/mb_usb_hdmi_top/hw
TRACE::2024-11-08.06:11:47::SCWPlatform:: Platform Path C:/Users/realk/Desktop/ece385/ECE385/lab7_2/try5_sdk/mb_usb_hdmi_top/hw/mb_usb_hdmi_top.xsa
TRACE::2024-11-08.06:11:47::SCWPlatform:: Unique name xilinx:::0.0
TRACE::2024-11-08.06:11:47::SCWPlatform::Trying to set the existing hwdb with name mb_usb_hdmi_top_36
TRACE::2024-11-08.06:11:47::SCWPlatform::Opened existing hwdb mb_usb_hdmi_top_36
TRACE::2024-11-08.06:11:47::SCWPlatform::Found the Hw Db part of the input DSA
TRACE::2024-11-08.06:11:47::SCWMssOS::Checking the sw design at  C:/Users/realk/Desktop/ece385/ECE385/lab7_2/try5_sdk/mb_usb_hdmi_top/microblaze_0/standalone_microblaze_0/bsp/system.mss
TRACE::2024-11-08.06:11:47::SCWMssOS::DEBUG:  swdes dump  
TRACE::2024-11-08.06:11:47::SCWMssOS::No sw design opened at  C:/Users/realk/Desktop/ece385/ECE385/lab7_2/try5_sdk/mb_usb_hdmi_top/microblaze_0/standalone_microblaze_0/bsp/system.mss
TRACE::2024-11-08.06:11:47::SCWMssOS::mss exists loading the mss file  C:/Users/realk/Desktop/ece385/ECE385/lab7_2/try5_sdk/mb_usb_hdmi_top/microblaze_0/standalone_microblaze_0/bsp/system.mss
TRACE::2024-11-08.06:11:47::SCWMssOS::Opened the sw design from mss  C:/Users/realk/Desktop/ece385/ECE385/lab7_2/try5_sdk/mb_usb_hdmi_top/microblaze_0/standalone_microblaze_0/bsp/system.mss
TRACE::2024-11-08.06:11:47::SCWMssOS::Adding the swdes entry C:/Users/realk/Desktop/ece385/ECE385/lab7_2/try5_sdk/mb_usb_hdmi_top/microblaze_0/standalone_microblaze_0/bsp/system.mss with des name system
TRACE::2024-11-08.06:11:47::SCWMssOS::updating the scw layer about changes
TRACE::2024-11-08.06:11:47::SCWMssOS::Opened the sw design.  C:/Users/realk/Desktop/ece385/ECE385/lab7_2/try5_sdk/mb_usb_hdmi_top/microblaze_0/standalone_microblaze_0/bsp/system.mss
TRACE::2024-11-08.06:11:47::SCWMssOS::Saving the mss changes C:/Users/realk/Desktop/ece385/ECE385/lab7_2/try5_sdk/mb_usb_hdmi_top/microblaze_0/standalone_microblaze_0/bsp/system.mss
TRACE::2024-11-08.06:11:47::SCWMssOS::Found a swdesign opened with the mssfile.
TRACE::2024-11-08.06:11:47::SCWMssOS::Completed writemss as part of save.
TRACE::2024-11-08.06:11:47::SCWMssOS::Commit changes completed.
TRACE::2024-11-08.06:11:47::SCWReader::Adding prebuilt librarypaths as   
TRACE::2024-11-08.06:11:47::SCWReader::Adding prebuilt incpaths  as   
TRACE::2024-11-08.06:11:47::SCWPlatform::Trying to open the hw design at C:/Users/realk/Desktop/ece385/ECE385/lab7_2/try5_sdk/mb_usb_hdmi_top/hw/mb_usb_hdmi_top.xsa
TRACE::2024-11-08.06:11:47::SCWPlatform::DSA given C:/Users/realk/Desktop/ece385/ECE385/lab7_2/try5_sdk/mb_usb_hdmi_top/hw/mb_usb_hdmi_top.xsa
TRACE::2024-11-08.06:11:47::SCWPlatform::DSA absoulate path C:/Users/realk/Desktop/ece385/ECE385/lab7_2/try5_sdk/mb_usb_hdmi_top/hw/mb_usb_hdmi_top.xsa
TRACE::2024-11-08.06:11:47::SCWPlatform::DSA directory C:/Users/realk/Desktop/ece385/ECE385/lab7_2/try5_sdk/mb_usb_hdmi_top/hw
TRACE::2024-11-08.06:11:47::SCWPlatform:: Platform Path C:/Users/realk/Desktop/ece385/ECE385/lab7_2/try5_sdk/mb_usb_hdmi_top/hw/mb_usb_hdmi_top.xsa
TRACE::2024-11-08.06:11:47::SCWPlatform:: Unique name xilinx:::0.0
TRACE::2024-11-08.06:11:47::SCWPlatform::Trying to set the existing hwdb with name mb_usb_hdmi_top_36
TRACE::2024-11-08.06:11:47::SCWPlatform::Opened existing hwdb mb_usb_hdmi_top_36
TRACE::2024-11-08.06:11:47::SCWPlatform::Found the Hw Db part of the input DSA
TRACE::2024-11-08.06:11:47::SCWMssOS::Checking the sw design at  C:/Users/realk/Desktop/ece385/ECE385/lab7_2/try5_sdk/mb_usb_hdmi_top/microblaze_0/standalone_microblaze_0/bsp/system.mss
TRACE::2024-11-08.06:11:47::SCWMssOS::DEBUG:  swdes dump  C:/Users/realk/Desktop/ece385/ECE385/lab7_2/try5_sdk/mb_usb_hdmi_top/microblaze_0/standalone_microblaze_0/bsp/system.mss|system||

TRACE::2024-11-08.06:11:47::SCWMssOS::Sw design exists and opened at  C:/Users/realk/Desktop/ece385/ECE385/lab7_2/try5_sdk/mb_usb_hdmi_top/microblaze_0/standalone_microblaze_0/bsp/system.mss
TRACE::2024-11-08.06:11:47::SCWReader::No isolation master present  
TRACE::2024-11-08.06:11:50::SCWPlatform::DSA given C:/Users/realk/Desktop/ece385/ECE385/lab7_2/try5_sdk/mb_usb_hdmi_top/tempdsa/mb_usb_hdmi_top.xsa
TRACE::2024-11-08.06:11:50::SCWPlatform::DSA absoulate path C:/Users/realk/Desktop/ece385/ECE385/lab7_2/try5_sdk/mb_usb_hdmi_top/tempdsa/mb_usb_hdmi_top.xsa
TRACE::2024-11-08.06:11:50::SCWPlatform:: Platform location is C:/Users/realk/Desktop/ece385/ECE385/lab7_2/try5_sdk/mb_usb_hdmi_top/tempdsa
TRACE::2024-11-08.06:11:50::SCWPlatform:: Platform Path C:/Users/realk/Desktop/ece385/ECE385/lab7_2/try5_sdk/mb_usb_hdmi_top/tempdsa/mb_usb_hdmi_top.xsa
TRACE::2024-11-08.06:11:50::SCWPlatform:: Unique name xilinx:::0.0
TRACE::2024-11-08.06:11:50::SCWPlatform::Found the Hw Db part of the input DSA
TRACE::2024-11-08.06:11:50::SCWMssOS::Doing hw sync for the mss in domain: standalone_microblaze_0
TRACE::2024-11-08.06:11:50::SCWPlatform::Trying to open the hw design at C:/Users/realk/Desktop/ece385/ECE385/lab7_2/try5_sdk/mb_usb_hdmi_top/hw/mb_usb_hdmi_top.xsa
TRACE::2024-11-08.06:11:50::SCWPlatform::DSA given C:/Users/realk/Desktop/ece385/ECE385/lab7_2/try5_sdk/mb_usb_hdmi_top/hw/mb_usb_hdmi_top.xsa
TRACE::2024-11-08.06:11:50::SCWPlatform::DSA absoulate path C:/Users/realk/Desktop/ece385/ECE385/lab7_2/try5_sdk/mb_usb_hdmi_top/hw/mb_usb_hdmi_top.xsa
TRACE::2024-11-08.06:11:50::SCWPlatform::DSA directory C:/Users/realk/Desktop/ece385/ECE385/lab7_2/try5_sdk/mb_usb_hdmi_top/hw
TRACE::2024-11-08.06:11:50::SCWPlatform:: Platform Path C:/Users/realk/Desktop/ece385/ECE385/lab7_2/try5_sdk/mb_usb_hdmi_top/hw/mb_usb_hdmi_top.xsa
TRACE::2024-11-08.06:11:50::SCWPlatform:: Unique name xilinx:::0.0
TRACE::2024-11-08.06:11:50::SCWPlatform::Trying to set the existing hwdb with name mb_usb_hdmi_top_36
TRACE::2024-11-08.06:11:50::SCWPlatform::Opened existing hwdb mb_usb_hdmi_top_36
TRACE::2024-11-08.06:11:50::SCWPlatform::Found the Hw Db part of the input DSA
TRACE::2024-11-08.06:11:50::SCWPlatform::Trying to open the hw design at C:/Users/realk/Desktop/ece385/ECE385/lab7_2/try5_sdk/mb_usb_hdmi_top/hw/mb_usb_hdmi_top.xsa
TRACE::2024-11-08.06:11:50::SCWPlatform::DSA given C:/Users/realk/Desktop/ece385/ECE385/lab7_2/try5_sdk/mb_usb_hdmi_top/hw/mb_usb_hdmi_top.xsa
TRACE::2024-11-08.06:11:50::SCWPlatform::DSA absoulate path C:/Users/realk/Desktop/ece385/ECE385/lab7_2/try5_sdk/mb_usb_hdmi_top/hw/mb_usb_hdmi_top.xsa
TRACE::2024-11-08.06:11:50::SCWPlatform::DSA directory C:/Users/realk/Desktop/ece385/ECE385/lab7_2/try5_sdk/mb_usb_hdmi_top/hw
TRACE::2024-11-08.06:11:50::SCWPlatform:: Platform Path C:/Users/realk/Desktop/ece385/ECE385/lab7_2/try5_sdk/mb_usb_hdmi_top/hw/mb_usb_hdmi_top.xsa
TRACE::2024-11-08.06:11:50::SCWPlatform:: Unique name xilinx:::0.0
TRACE::2024-11-08.06:11:50::SCWPlatform::Trying to set the existing hwdb with name mb_usb_hdmi_top_36
TRACE::2024-11-08.06:11:50::SCWPlatform::Opened existing hwdb mb_usb_hdmi_top_36
TRACE::2024-11-08.06:11:50::SCWPlatform::Found the Hw Db part of the input DSA
TRACE::2024-11-08.06:11:50::SCWMssOS::Checking the sw design at  C:/Users/realk/Desktop/ece385/ECE385/lab7_2/try5_sdk/mb_usb_hdmi_top/microblaze_0/standalone_microblaze_0/bsp/system.mss
TRACE::2024-11-08.06:11:50::SCWMssOS::DEBUG:  swdes dump  C:/Users/realk/Desktop/ece385/ECE385/lab7_2/try5_sdk/mb_usb_hdmi_top/microblaze_0/standalone_microblaze_0/bsp/system.mss|system||

TRACE::2024-11-08.06:11:50::SCWMssOS::Sw design exists and opened at  C:/Users/realk/Desktop/ece385/ECE385/lab7_2/try5_sdk/mb_usb_hdmi_top/microblaze_0/standalone_microblaze_0/bsp/system.mss
TRACE::2024-11-08.06:11:50::SCWPlatform::Trying to open the hw design at C:/Users/realk/Desktop/ece385/ECE385/lab7_2/try5_sdk/mb_usb_hdmi_top/tempdsa/mb_usb_hdmi_top.xsa
TRACE::2024-11-08.06:11:50::SCWPlatform::DSA given C:/Users/realk/Desktop/ece385/ECE385/lab7_2/try5_sdk/mb_usb_hdmi_top/tempdsa/mb_usb_hdmi_top.xsa
TRACE::2024-11-08.06:11:50::SCWPlatform::DSA absoulate path C:/Users/realk/Desktop/ece385/ECE385/lab7_2/try5_sdk/mb_usb_hdmi_top/tempdsa/mb_usb_hdmi_top.xsa
TRACE::2024-11-08.06:11:50::SCWPlatform::DSA directory C:/Users/realk/Desktop/ece385/ECE385/lab7_2/try5_sdk/mb_usb_hdmi_top/tempdsa
TRACE::2024-11-08.06:11:50::SCWPlatform:: Platform Path C:/Users/realk/Desktop/ece385/ECE385/lab7_2/try5_sdk/mb_usb_hdmi_top/tempdsa/mb_usb_hdmi_top.xsa
TRACE::2024-11-08.06:11:50::SCWPlatform:: Unique name xilinx:::0.0
TRACE::2024-11-08.06:11:50::SCWPlatform::update - Opened existing hwdb mb_usb_hdmi_top_37
TRACE::2024-11-08.06:11:50::SCWPlatform::Found the Hw Db part of the input DSA
TRACE::2024-11-08.06:11:50::SCWMssOS::Saving the mss changes C:/Users/realk/Desktop/ece385/ECE385/lab7_2/try5_sdk/mb_usb_hdmi_top/microblaze_0/standalone_microblaze_0/bsp/system.mss
TRACE::2024-11-08.06:11:50::SCWMssOS::Found a swdesign opened with the mssfile.
TRACE::2024-11-08.06:11:50::SCWMssOS::Completed writemss as part of save.
TRACE::2024-11-08.06:11:50::SCWMssOS::Commit changes completed.
TRACE::2024-11-08.06:11:50::SCWMssOS::Completed hw sync for the mss in domain: standalone_microblaze_0
TRACE::2024-11-08.06:11:50::SCWMssOS::Removing the swdes entry for  C:/Users/realk/Desktop/ece385/ECE385/lab7_2/try5_sdk/mb_usb_hdmi_top/microblaze_0/standalone_microblaze_0/bsp/system.mss
TRACE::2024-11-08.06:11:50::SCWPlatform::Trying to open the hw design at C:/Users/realk/Desktop/ece385/ECE385/lab7_2/try5_sdk/mb_usb_hdmi_top/hw/mb_usb_hdmi_top.xsa
TRACE::2024-11-08.06:11:50::SCWPlatform::DSA given C:/Users/realk/Desktop/ece385/ECE385/lab7_2/try5_sdk/mb_usb_hdmi_top/hw/mb_usb_hdmi_top.xsa
TRACE::2024-11-08.06:11:50::SCWPlatform::DSA absoulate path C:/Users/realk/Desktop/ece385/ECE385/lab7_2/try5_sdk/mb_usb_hdmi_top/hw/mb_usb_hdmi_top.xsa
TRACE::2024-11-08.06:11:50::SCWPlatform::DSA directory C:/Users/realk/Desktop/ece385/ECE385/lab7_2/try5_sdk/mb_usb_hdmi_top/hw
TRACE::2024-11-08.06:11:50::SCWPlatform:: Platform Path C:/Users/realk/Desktop/ece385/ECE385/lab7_2/try5_sdk/mb_usb_hdmi_top/hw/mb_usb_hdmi_top.xsa
TRACE::2024-11-08.06:11:50::SCWPlatform:: Unique name xilinx:::0.0
TRACE::2024-11-08.06:11:50::SCWPlatform::Do not have an existing db opened. 
TRACE::2024-11-08.06:11:50::SCWPlatform::Opened new HwDB with name mb_usb_hdmi_top_38
TRACE::2024-11-08.06:11:50::SCWMssOS::Saving the mss changes C:/Users/realk/Desktop/ece385/ECE385/lab7_2/try5_sdk/mb_usb_hdmi_top/microblaze_0/standalone_microblaze_0/bsp/system.mss
TRACE::2024-11-08.06:11:50::SCWMssOS::Adding the swdes entry, mss present, able to open swdb C:/Users/realk/Desktop/ece385/ECE385/lab7_2/try5_sdk/mb_usb_hdmi_top/microblaze_0/standalone_microblaze_0/bsp/system.mss with des name system
TRACE::2024-11-08.06:11:50::SCWMssOS::Writing the mss file completed C:/Users/realk/Desktop/ece385/ECE385/lab7_2/try5_sdk/mb_usb_hdmi_top/microblaze_0/standalone_microblaze_0/bsp/system.mss
TRACE::2024-11-08.06:11:50::SCWMssOS::Commit changes completed.
TRACE::2024-11-08.06:11:50::SCWPlatform::Trying to open the hw design at C:/Users/realk/Desktop/ece385/ECE385/lab7_2/try5_sdk/mb_usb_hdmi_top/hw/mb_usb_hdmi_top.xsa
TRACE::2024-11-08.06:11:50::SCWPlatform::DSA given C:/Users/realk/Desktop/ece385/ECE385/lab7_2/try5_sdk/mb_usb_hdmi_top/hw/mb_usb_hdmi_top.xsa
TRACE::2024-11-08.06:11:50::SCWPlatform::DSA absoulate path C:/Users/realk/Desktop/ece385/ECE385/lab7_2/try5_sdk/mb_usb_hdmi_top/hw/mb_usb_hdmi_top.xsa
TRACE::2024-11-08.06:11:50::SCWPlatform::DSA directory C:/Users/realk/Desktop/ece385/ECE385/lab7_2/try5_sdk/mb_usb_hdmi_top/hw
TRACE::2024-11-08.06:11:50::SCWPlatform:: Platform Path C:/Users/realk/Desktop/ece385/ECE385/lab7_2/try5_sdk/mb_usb_hdmi_top/hw/mb_usb_hdmi_top.xsa
TRACE::2024-11-08.06:11:50::SCWPlatform:: Unique name xilinx:::0.0
TRACE::2024-11-08.06:11:50::SCWPlatform::Trying to set the existing hwdb with name mb_usb_hdmi_top_38
TRACE::2024-11-08.06:11:50::SCWPlatform::Opened existing hwdb mb_usb_hdmi_top_38
TRACE::2024-11-08.06:11:50::SCWPlatform::Found the Hw Db part of the input DSA
TRACE::2024-11-08.06:11:50::SCWMssOS::Checking the sw design at  C:/Users/realk/Desktop/ece385/ECE385/lab7_2/try5_sdk/mb_usb_hdmi_top/microblaze_0/standalone_microblaze_0/bsp/system.mss
TRACE::2024-11-08.06:11:50::SCWMssOS::DEBUG:  swdes dump  C:/Users/realk/Desktop/ece385/ECE385/lab7_2/try5_sdk/mb_usb_hdmi_top/microblaze_0/standalone_microblaze_0/bsp/system.mss|system||

TRACE::2024-11-08.06:11:50::SCWMssOS::Sw design exists and opened at  C:/Users/realk/Desktop/ece385/ECE385/lab7_2/try5_sdk/mb_usb_hdmi_top/microblaze_0/standalone_microblaze_0/bsp/system.mss
TRACE::2024-11-08.06:11:50::SCWWriter::formatted JSON is {
	"platformName":	"mb_usb_hdmi_top",
	"sprVersion":	"2.0",
	"mode":	"gui",
	"dsaType":	"Fixed",
	"platformDesc":	"mb_usb_hdmi_top",
	"platHandOff":	"C:/Users/realk/Desktop/ece385/ECE385/lab7_2/mb_usb_hdmi_top.xsa",
	"platIntHandOff":	"<platformDir>/hw/mb_usb_hdmi_top.xsa",
	"deviceType":	"FPGA",
	"platIsPrebuiltAutogen":	"false",
	"platIsNoBootBsp":	"false",
	"hasFsblMakeHasChanges":	"false",
	"hasPmufwMakeHasChanges":	"false",
	"platPreBuiltFlag":	false,
	"platformSamplesDir":	"",
	"platActiveSys":	"mb_usb_hdmi_top",
	"systems":	[{
			"systemName":	"mb_usb_hdmi_top",
			"systemDesc":	"mb_usb_hdmi_top",
			"sysIsBootAutoGen":	"true",
			"systemDispName":	"mb_usb_hdmi_top",
			"sysActiveDom":	"standalone_microblaze_0",
			"sysDefaultDom":	"standalone_microblaze_0",
			"domains":	[{
					"domainName":	"standalone_microblaze_0",
					"domainDispName":	"standalone_microblaze_0",
					"domainDesc":	"standalone_microblaze_0",
					"processors":	"microblaze_0",
					"os":	"standalone",
					"sdxOs":	"standalone",
					"debugEnable":	"False",
					"domRuntimes":	["cpp"],
					"swRepo":	"",
					"mssOsVer":	"8.0",
					"mssFile":	"",
					"md5Digest":	"5422c1e5be4ae93f4de8c50507402f2a1",
					"compatibleApp":	"",
					"domType":	"mssDomain",
					"arch":	"32-bit",
					"appSettings":	{
						"appCompilerFlags":	"",
						"appLinkerFlags":	""
					},
					"addedLibs":	[],
					"libOptions":	{
						"libsContainingOptions":	[]
					},
					"prebuiltLibs":	{
						"prebuiltIncPath":	[],
						"prebuiltLibPath":	[]
					},
					"isolation":	{
					}
				}]
		}]
}
TRACE::2024-11-08.06:12:03::SCWMssOS::cleaning the bsp 
TRACE::2024-11-08.06:12:03::SCWMssOS::System Command Ran  C: & cd  C:/Users/realk/Desktop/ece385/ECE385/lab7_2/try5_sdk/mb_usb_hdmi_top/microblaze_0/standalone_microblaze_0/bsp & make clean 
TRACE::2024-11-08.06:12:04::SCWMssOS::make -C microblaze_0/libsrc/bram_v4_8/src -s clean 

TRACE::2024-11-08.06:12:04::SCWMssOS::make -C microblaze_0/libsrc/cpu_v2_16/src -s clean 

TRACE::2024-11-08.06:12:04::SCWMssOS::make -C microblaze_0/libsrc/intc_v3_15/src -s clean 

TRACE::2024-11-08.06:12:04::SCWMssOS::make -C microblaze_0/libsrc/standalone_v8_0/src -s clean 

TRACE::2024-11-08.06:12:04::SCWMssOS::make -C microblaze_0/libsrc/uartlite_v3_7/src -s clean 

TRACE::2024-11-08.06:12:04::SCWMssOS::rm -f microblaze_0/lib/libxil.a

LOG::2024-11-08.06:12:14::SCWPlatform::Started generating the artifacts platform mb_usb_hdmi_top
TRACE::2024-11-08.06:12:14::SCWPlatform::Sanity checking of platform is completed
LOG::2024-11-08.06:12:14::SCWPlatform::Started generating the artifacts for system configuration mb_usb_hdmi_top
LOG::2024-11-08.06:12:14::SCWSystem::Checking the domain standalone_microblaze_0
LOG::2024-11-08.06:12:14::SCWSystem::Not a boot domain 
LOG::2024-11-08.06:12:14::SCWSystem::Started Processing the domain standalone_microblaze_0
TRACE::2024-11-08.06:12:14::SCWDomain::Generating domain artifcats
TRACE::2024-11-08.06:12:14::SCWMssOS::Generating standalone artifcats
TRACE::2024-11-08.06:12:14::SCWMssOS:: Copying the user libraries. 
TRACE::2024-11-08.06:12:14::SCWPlatform::Trying to open the hw design at C:/Users/realk/Desktop/ece385/ECE385/lab7_2/try5_sdk/mb_usb_hdmi_top/hw/mb_usb_hdmi_top.xsa
TRACE::2024-11-08.06:12:14::SCWPlatform::DSA given C:/Users/realk/Desktop/ece385/ECE385/lab7_2/try5_sdk/mb_usb_hdmi_top/hw/mb_usb_hdmi_top.xsa
TRACE::2024-11-08.06:12:14::SCWPlatform::DSA absoulate path C:/Users/realk/Desktop/ece385/ECE385/lab7_2/try5_sdk/mb_usb_hdmi_top/hw/mb_usb_hdmi_top.xsa
TRACE::2024-11-08.06:12:14::SCWPlatform::DSA directory C:/Users/realk/Desktop/ece385/ECE385/lab7_2/try5_sdk/mb_usb_hdmi_top/hw
TRACE::2024-11-08.06:12:14::SCWPlatform:: Platform Path C:/Users/realk/Desktop/ece385/ECE385/lab7_2/try5_sdk/mb_usb_hdmi_top/hw/mb_usb_hdmi_top.xsa
TRACE::2024-11-08.06:12:14::SCWPlatform:: Unique name xilinx:::0.0
TRACE::2024-11-08.06:12:14::SCWPlatform::Trying to set the existing hwdb with name mb_usb_hdmi_top_38
TRACE::2024-11-08.06:12:14::SCWPlatform::Opened existing hwdb mb_usb_hdmi_top_38
TRACE::2024-11-08.06:12:14::SCWPlatform::Found the Hw Db part of the input DSA
TRACE::2024-11-08.06:12:14::SCWMssOS::Checking the sw design at  C:/Users/realk/Desktop/ece385/ECE385/lab7_2/try5_sdk/mb_usb_hdmi_top/microblaze_0/standalone_microblaze_0/bsp/system.mss
TRACE::2024-11-08.06:12:14::SCWMssOS::DEBUG:  swdes dump  C:/Users/realk/Desktop/ece385/ECE385/lab7_2/try5_sdk/mb_usb_hdmi_top/microblaze_0/standalone_microblaze_0/bsp/system.mss|system||

TRACE::2024-11-08.06:12:14::SCWMssOS::Sw design exists and opened at  C:/Users/realk/Desktop/ece385/ECE385/lab7_2/try5_sdk/mb_usb_hdmi_top/microblaze_0/standalone_microblaze_0/bsp/system.mss
TRACE::2024-11-08.06:12:14::SCWMssOS::Completed writing the mss file at C:/Users/realk/Desktop/ece385/ECE385/lab7_2/try5_sdk/mb_usb_hdmi_top/microblaze_0/standalone_microblaze_0/bsp
TRACE::2024-11-08.06:12:14::SCWMssOS::Mss edits present, copying mssfile into export location C:/Users/realk/Desktop/ece385/ECE385/lab7_2/try5_sdk/mb_usb_hdmi_top/microblaze_0/standalone_microblaze_0/bsp/system.mss
TRACE::2024-11-08.06:12:14::SCWMssOS::bsp generated is stale removing and regenerating. 
TRACE::2024-11-08.06:12:15::SCWMssOS::doing bsp build ... 
TRACE::2024-11-08.06:12:15::SCWMssOS::System Command Ran  C: & cd  C:/Users/realk/Desktop/ece385/ECE385/lab7_2/try5_sdk/mb_usb_hdmi_top/microblaze_0/standalone_microblaze_0/bsp & make 
TRACE::2024-11-08.06:12:15::SCWMssOS::make --no-print-directory seq_libs

TRACE::2024-11-08.06:12:15::SCWMssOS::'Finished building libraries sequentially.'

TRACE::2024-11-08.06:12:15::SCWMssOS::make -j 14 --no-print-directory par_libs

TRACE::2024-11-08.06:12:15::SCWMssOS::"Running Make include in microblaze_0/libsrc/bram_v4_8/src"

TRACE::2024-11-08.06:12:15::SCWMssOS::make -C microblaze_0/libsrc/bram_v4_8/src -s include  "SHELL=CMD" "COMPILER=mb-gcc" "ASSEMBLER=mb-as" "ARCHIVER=mb-ar" "COMPILE
TRACE::2024-11-08.06:12:15::SCWMssOS::R_FLAGS=  -O2 -c -mcpu=v11.0 -mlittle-endian -mno-xl-reorder -mno-xl-soft-mul -mxl-barrel-shift -mxl-pattern-compare" "EXTRA_CO
TRACE::2024-11-08.06:12:15::SCWMssOS::MPILER_FLAGS=-g -ffunction-sections -fdata-sections -Wall -Wextra -fno-tree-loop-distribute-patterns"

TRACE::2024-11-08.06:12:15::SCWMssOS::"Running Make include in microblaze_0/libsrc/cpu_v2_16/src"

TRACE::2024-11-08.06:12:15::SCWMssOS::make -C microblaze_0/libsrc/cpu_v2_16/src -s include  "SHELL=CMD" "COMPILER=mb-gcc" "ASSEMBLER=mb-as" "ARCHIVER=mb-ar" "COMPILE
TRACE::2024-11-08.06:12:15::SCWMssOS::R_FLAGS=  -O2 -c -mcpu=v11.0 -mlittle-endian -mno-xl-reorder -mno-xl-soft-mul -mxl-barrel-shift -mxl-pattern-compare" "EXTRA_CO
TRACE::2024-11-08.06:12:15::SCWMssOS::MPILER_FLAGS=-g -ffunction-sections -fdata-sections -Wall -Wextra -fno-tree-loop-distribute-patterns"

TRACE::2024-11-08.06:12:15::SCWMssOS::"Running Make include in microblaze_0/libsrc/intc_v3_15/src"

TRACE::2024-11-08.06:12:15::SCWMssOS::make -C microblaze_0/libsrc/intc_v3_15/src -s include  "SHELL=CMD" "COMPILER=mb-gcc" "ASSEMBLER=mb-as" "ARCHIVER=mb-ar" "COMPIL
TRACE::2024-11-08.06:12:15::SCWMssOS::ER_FLAGS=  -O2 -c -mcpu=v11.0 -mlittle-endian -mno-xl-reorder -mno-xl-soft-mul -mxl-barrel-shift -mxl-pattern-compare" "EXTRA_C
TRACE::2024-11-08.06:12:15::SCWMssOS::OMPILER_FLAGS=-g -ffunction-sections -fdata-sections -Wall -Wextra -fno-tree-loop-distribute-patterns"

TRACE::2024-11-08.06:12:15::SCWMssOS::"Running Make include in microblaze_0/libsrc/standalone_v8_0/src"

TRACE::2024-11-08.06:12:15::SCWMssOS::make -C microblaze_0/libsrc/standalone_v8_0/src -s include  "SHELL=CMD" "COMPILER=mb-gcc" "ASSEMBLER=mb-as" "ARCHIVER=mb-ar" "C
TRACE::2024-11-08.06:12:15::SCWMssOS::OMPILER_FLAGS=  -O2 -c -mcpu=v11.0 -mlittle-endian -mno-xl-reorder -mno-xl-soft-mul -mxl-barrel-shift -mxl-pattern-compare" "EX
TRACE::2024-11-08.06:12:15::SCWMssOS::TRA_COMPILER_FLAGS=-g -ffunction-sections -fdata-sections -Wall -Wextra -fno-tree-loop-distribute-patterns"

TRACE::2024-11-08.06:12:15::SCWMssOS::"Running Make include in microblaze_0/libsrc/uartlite_v3_7/src"

TRACE::2024-11-08.06:12:15::SCWMssOS::make -C microblaze_0/libsrc/uartlite_v3_7/src -s include  "SHELL=CMD" "COMPILER=mb-gcc" "ASSEMBLER=mb-as" "ARCHIVER=mb-ar" "COM
TRACE::2024-11-08.06:12:15::SCWMssOS::PILER_FLAGS=  -O2 -c -mcpu=v11.0 -mlittle-endian -mno-xl-reorder -mno-xl-soft-mul -mxl-barrel-shift -mxl-pattern-compare" "EXTR
TRACE::2024-11-08.06:12:15::SCWMssOS::A_COMPILER_FLAGS=-g -ffunction-sections -fdata-sections -Wall -Wextra -fno-tree-loop-distribute-patterns"

TRACE::2024-11-08.06:12:15::SCWMssOS::"Running Make libs in microblaze_0/libsrc/bram_v4_8/src"

TRACE::2024-11-08.06:12:15::SCWMssOS::make -C microblaze_0/libsrc/bram_v4_8/src -s libs  "SHELL=CMD" "COMPILER=mb-gcc" "ASSEMBLER=mb-as" "ARCHIVER=mb-ar" "COMPILER_F
TRACE::2024-11-08.06:12:15::SCWMssOS::LAGS=  -O2 -c -mcpu=v11.0 -mlittle-endian -mno-xl-reorder -mno-xl-soft-mul -mxl-barrel-shift -mxl-pattern-compare" "EXTRA_COMPI
TRACE::2024-11-08.06:12:15::SCWMssOS::LER_FLAGS=-g -ffunction-sections -fdata-sections -Wall -Wextra -fno-tree-loop-distribute-patterns"

TRACE::2024-11-08.06:12:15::SCWMssOS::"Running Make libs in microblaze_0/libsrc/cpu_v2_16/src"

TRACE::2024-11-08.06:12:15::SCWMssOS::make -C microblaze_0/libsrc/cpu_v2_16/src -s libs  "SHELL=CMD" "COMPILER=mb-gcc" "ASSEMBLER=mb-as" "ARCHIVER=mb-ar" "COMPILER_F
TRACE::2024-11-08.06:12:15::SCWMssOS::LAGS=  -O2 -c -mcpu=v11.0 -mlittle-endian -mno-xl-reorder -mno-xl-soft-mul -mxl-barrel-shift -mxl-pattern-compare" "EXTRA_COMPI
TRACE::2024-11-08.06:12:15::SCWMssOS::LER_FLAGS=-g -ffunction-sections -fdata-sections -Wall -Wextra -fno-tree-loop-distribute-patterns"

TRACE::2024-11-08.06:12:15::SCWMssOS::"Running Make libs in microblaze_0/libsrc/intc_v3_15/src"

TRACE::2024-11-08.06:12:15::SCWMssOS::make -C microblaze_0/libsrc/intc_v3_15/src -s libs  "SHELL=CMD" "COMPILER=mb-gcc" "ASSEMBLER=mb-as" "ARCHIVER=mb-ar" "COMPILER_
TRACE::2024-11-08.06:12:15::SCWMssOS::FLAGS=  -O2 -c -mcpu=v11.0 -mlittle-endian -mno-xl-reorder -mno-xl-soft-mul -mxl-barrel-shift -mxl-pattern-compare" "EXTRA_COMP
TRACE::2024-11-08.06:12:15::SCWMssOS::ILER_FLAGS=-g -ffunction-sections -fdata-sections -Wall -Wextra -fno-tree-loop-distribute-patterns"

TRACE::2024-11-08.06:12:15::SCWMssOS::"Running Make libs in microblaze_0/libsrc/standalone_v8_0/src"

TRACE::2024-11-08.06:12:15::SCWMssOS::make -C microblaze_0/libsrc/standalone_v8_0/src -s libs  "SHELL=CMD" "COMPILER=mb-gcc" "ASSEMBLER=mb-as" "ARCHIVER=mb-ar" "COMP
TRACE::2024-11-08.06:12:15::SCWMssOS::ILER_FLAGS=  -O2 -c -mcpu=v11.0 -mlittle-endian -mno-xl-reorder -mno-xl-soft-mul -mxl-barrel-shift -mxl-pattern-compare" "EXTRA
TRACE::2024-11-08.06:12:15::SCWMssOS::_COMPILER_FLAGS=-g -ffunction-sections -fdata-sections -Wall -Wextra -fno-tree-loop-distribute-patterns"

TRACE::2024-11-08.06:12:15::SCWMssOS::"Running Make libs in microblaze_0/libsrc/uartlite_v3_7/src"

TRACE::2024-11-08.06:12:15::SCWMssOS::make -C microblaze_0/libsrc/uartlite_v3_7/src -s libs  "SHELL=CMD" "COMPILER=mb-gcc" "ASSEMBLER=mb-as" "ARCHIVER=mb-ar" "COMPIL
TRACE::2024-11-08.06:12:15::SCWMssOS::ER_FLAGS=  -O2 -c -mcpu=v11.0 -mlittle-endian -mno-xl-reorder -mno-xl-soft-mul -mxl-barrel-shift -mxl-pattern-compare" "EXTRA_C
TRACE::2024-11-08.06:12:15::SCWMssOS::OMPILER_FLAGS=-g -ffunction-sections -fdata-sections -Wall -Wextra -fno-tree-loop-distribute-patterns"

TRACE::2024-11-08.06:12:17::SCWMssOS::"DEBUG NON_LTO_OBJECTS is ../../../lib/microblaze_interrupt_handler.o"

TRACE::2024-11-08.06:12:17::SCWMssOS::'Finished building libraries parallelly.'

TRACE::2024-11-08.06:12:17::SCWMssOS::make --no-print-directory archive

TRACE::2024-11-08.06:12:17::SCWMssOS::mb-ar -r  microblaze_0/lib/libxil.a microblaze_0/lib/_exit.o microblaze_0/lib/errno.o microblaze_0/lib/fcntl.o microblaze_0/lib
TRACE::2024-11-08.06:12:17::SCWMssOS::/hw_exception_handler.o microblaze_0/lib/inbyte.o microblaze_0/lib/microblaze_disable_dcache.o microblaze_0/lib/microblaze_disa
TRACE::2024-11-08.06:12:17::SCWMssOS::ble_exceptions.o microblaze_0/lib/microblaze_disable_icache.o microblaze_0/lib/microblaze_disable_interrupts.o microblaze_0/lib
TRACE::2024-11-08.06:12:17::SCWMssOS::/microblaze_enable_dcache.o microblaze_0/lib/microblaze_enable_exceptions.o microblaze_0/lib/microblaze_enable_icache.o microbl
TRACE::2024-11-08.06:12:17::SCWMssOS::aze_0/lib/microblaze_enable_interrupts.o microblaze_0/lib/microblaze_exception_handler.o microblaze_0/lib/microblaze_flush_cach
TRACE::2024-11-08.06:12:17::SCWMssOS::e_ext.o microblaze_0/lib/microblaze_flush_cache_ext_range.o microblaze_0/lib/microblaze_flush_dcache.o microblaze_0/lib/microbl
TRACE::2024-11-08.06:12:17::SCWMssOS::aze_flush_dcache_range.o microblaze_0/lib/microblaze_init_dcache_range.o microblaze_0/lib/microblaze_init_icache_range.o microb
TRACE::2024-11-08.06:12:17::SCWMssOS::laze_0/lib/microblaze_interrupt_handler.o microblaze_0/lib/microblaze_interrupts_g.o microblaze_0/lib/microblaze_invalidate_cac
TRACE::2024-11-08.06:12:17::SCWMssOS::he_ext.o microblaze_0/lib/microblaze_invalidate_cache_ext_range.o microblaze_0/lib/microblaze_invalidate_dcache.o microblaze_0/
TRACE::2024-11-08.06:12:17::SCWMssOS::lib/microblaze_invalidate_dcache_range.o microblaze_0/lib/microblaze_invalidate_icache.o microblaze_0/lib/microblaze_invalidate
TRACE::2024-11-08.06:12:17::SCWMssOS::_icache_range.o microblaze_0/lib/microblaze_scrub.o microblaze_0/lib/microblaze_selftest.o microblaze_0/lib/microblaze_sleep.o 
TRACE::2024-11-08.06:12:17::SCWMssOS::microblaze_0/lib/microblaze_update_dcache.o microblaze_0/lib/microblaze_update_icache.o microblaze_0/lib/outbyte.o microblaze_0
TRACE::2024-11-08.06:12:17::SCWMssOS::/lib/print.o microblaze_0/lib/pvr.o microblaze_0/lib/xbram.o microblaze_0/lib/xbram_g.o microblaze_0/lib/xbram_intr.o microblaz
TRACE::2024-11-08.06:12:17::SCWMssOS::e_0/lib/xbram_selftest.o microblaze_0/lib/xbram_sinit.o microblaze_0/lib/xil_assert.o microblaze_0/lib/xil_cache.o microblaze_0
TRACE::2024-11-08.06:12:17::SCWMssOS::/lib/xil_clocking.o microblaze_0/lib/xil_exception.o microblaze_0/lib/xil_mem.o microblaze_0/lib/xil_misc_psreset_api.o microbl
TRACE::2024-11-08.06:12:17::SCWMssOS::aze_0/lib/xil_printf.o microblaze_0/lib/xil_sleepcommon.o microblaze_0/lib/xil_testcache.o microblaze_0/lib/xil_testio.o microb
TRACE::2024-11-08.06:12:17::SCWMssOS::laze_0/lib/xil_testmem.o microblaze_0/lib/xil_util.o microblaze_0/lib/xintc.o microblaze_0/lib/xintc_g.o microblaze_0/lib/xintc
TRACE::2024-11-08.06:12:17::SCWMssOS::_intr.o microblaze_0/lib/xintc_l.o microblaze_0/lib/xintc_options.o microblaze_0/lib/xintc_selftest.o microblaze_0/lib/xinterru
TRACE::2024-11-08.06:12:17::SCWMssOS::pt_wrap.o microblaze_0/lib/xio.o microblaze_0/lib/xplatform_info.o microblaze_0/lib/xuartlite.o microblaze_0/lib/xuartlite_g.o 
TRACE::2024-11-08.06:12:17::SCWMssOS::microblaze_0/lib/xuartlite_intr.o microblaze_0/lib/xuartlite_l.o microblaze_0/lib/xuartlite_selftest.o microblaze_0/lib/xuartli
TRACE::2024-11-08.06:12:17::SCWMssOS::te_sinit.o microblaze_0/lib/xuartlite_stats.o

TRACE::2024-11-08.06:12:17::SCWMssOS::'Finished building libraries'

TRACE::2024-11-08.06:12:17::SCWMssOS:: Checking if to create the Supporting Applications
TRACE::2024-11-08.06:12:17::SCWMssOS:: No Linux domain exists, trying to generate FSBL 
LOG::2024-11-08.06:12:17::SCWSystem::Completed Processing the domain standalone_microblaze_0
LOG::2024-11-08.06:12:17::SCWSystem::Completed Processing the sysconfig mb_usb_hdmi_top
LOG::2024-11-08.06:12:17::SCWPlatform::Completed generating the artifacts for system configuration mb_usb_hdmi_top
TRACE::2024-11-08.06:12:17::SCWPlatform::Started preparing the platform 
TRACE::2024-11-08.06:12:17::SCWSystem::Writing the bif file for system config mb_usb_hdmi_top
TRACE::2024-11-08.06:12:17::SCWSystem::dir created 
TRACE::2024-11-08.06:12:17::SCWSystem::Writing the bif 
TRACE::2024-11-08.06:12:17::SCWPlatform::Started writing the spfm file 
TRACE::2024-11-08.06:12:17::SCWPlatform::Started writing the xpfm file 
TRACE::2024-11-08.06:12:17::SCWPlatform::Completed generating the platform
TRACE::2024-11-08.06:12:17::SCWMssOS::Saving the mss changes C:/Users/realk/Desktop/ece385/ECE385/lab7_2/try5_sdk/mb_usb_hdmi_top/microblaze_0/standalone_microblaze_0/bsp/system.mss
TRACE::2024-11-08.06:12:17::SCWMssOS::Adding the swdes entry, mss present, able to open swdb C:/Users/realk/Desktop/ece385/ECE385/lab7_2/try5_sdk/mb_usb_hdmi_top/microblaze_0/standalone_microblaze_0/bsp/system.mss with des name system
TRACE::2024-11-08.06:12:17::SCWMssOS::Writing the mss file completed C:/Users/realk/Desktop/ece385/ECE385/lab7_2/try5_sdk/mb_usb_hdmi_top/microblaze_0/standalone_microblaze_0/bsp/system.mss
TRACE::2024-11-08.06:12:17::SCWMssOS::Commit changes completed.
TRACE::2024-11-08.06:12:17::SCWPlatform::Trying to open the hw design at C:/Users/realk/Desktop/ece385/ECE385/lab7_2/try5_sdk/mb_usb_hdmi_top/hw/mb_usb_hdmi_top.xsa
TRACE::2024-11-08.06:12:17::SCWPlatform::DSA given C:/Users/realk/Desktop/ece385/ECE385/lab7_2/try5_sdk/mb_usb_hdmi_top/hw/mb_usb_hdmi_top.xsa
TRACE::2024-11-08.06:12:17::SCWPlatform::DSA absoulate path C:/Users/realk/Desktop/ece385/ECE385/lab7_2/try5_sdk/mb_usb_hdmi_top/hw/mb_usb_hdmi_top.xsa
TRACE::2024-11-08.06:12:17::SCWPlatform::DSA directory C:/Users/realk/Desktop/ece385/ECE385/lab7_2/try5_sdk/mb_usb_hdmi_top/hw
TRACE::2024-11-08.06:12:17::SCWPlatform:: Platform Path C:/Users/realk/Desktop/ece385/ECE385/lab7_2/try5_sdk/mb_usb_hdmi_top/hw/mb_usb_hdmi_top.xsa
TRACE::2024-11-08.06:12:17::SCWPlatform:: Unique name xilinx:::0.0
TRACE::2024-11-08.06:12:17::SCWPlatform::Trying to set the existing hwdb with name mb_usb_hdmi_top_38
TRACE::2024-11-08.06:12:17::SCWPlatform::Opened existing hwdb mb_usb_hdmi_top_38
TRACE::2024-11-08.06:12:17::SCWPlatform::Found the Hw Db part of the input DSA
TRACE::2024-11-08.06:12:17::SCWMssOS::Checking the sw design at  C:/Users/realk/Desktop/ece385/ECE385/lab7_2/try5_sdk/mb_usb_hdmi_top/microblaze_0/standalone_microblaze_0/bsp/system.mss
TRACE::2024-11-08.06:12:17::SCWMssOS::DEBUG:  swdes dump  C:/Users/realk/Desktop/ece385/ECE385/lab7_2/try5_sdk/mb_usb_hdmi_top/microblaze_0/standalone_microblaze_0/bsp/system.mss|system||

TRACE::2024-11-08.06:12:17::SCWMssOS::Sw design exists and opened at  C:/Users/realk/Desktop/ece385/ECE385/lab7_2/try5_sdk/mb_usb_hdmi_top/microblaze_0/standalone_microblaze_0/bsp/system.mss
TRACE::2024-11-08.06:12:17::SCWWriter::formatted JSON is {
	"platformName":	"mb_usb_hdmi_top",
	"sprVersion":	"2.0",
	"mode":	"gui",
	"dsaType":	"Fixed",
	"platformDesc":	"mb_usb_hdmi_top",
	"platHandOff":	"C:/Users/realk/Desktop/ece385/ECE385/lab7_2/mb_usb_hdmi_top.xsa",
	"platIntHandOff":	"<platformDir>/hw/mb_usb_hdmi_top.xsa",
	"deviceType":	"FPGA",
	"platIsPrebuiltAutogen":	"false",
	"platIsNoBootBsp":	"false",
	"hasFsblMakeHasChanges":	"false",
	"hasPmufwMakeHasChanges":	"false",
	"platPreBuiltFlag":	false,
	"platformSamplesDir":	"",
	"platActiveSys":	"mb_usb_hdmi_top",
	"systems":	[{
			"systemName":	"mb_usb_hdmi_top",
			"systemDesc":	"mb_usb_hdmi_top",
			"sysIsBootAutoGen":	"true",
			"systemDispName":	"mb_usb_hdmi_top",
			"sysActiveDom":	"standalone_microblaze_0",
			"sysDefaultDom":	"standalone_microblaze_0",
			"domains":	[{
					"domainName":	"standalone_microblaze_0",
					"domainDispName":	"standalone_microblaze_0",
					"domainDesc":	"standalone_microblaze_0",
					"processors":	"microblaze_0",
					"os":	"standalone",
					"sdxOs":	"standalone",
					"debugEnable":	"False",
					"domRuntimes":	["cpp"],
					"swRepo":	"",
					"mssOsVer":	"8.0",
					"mssFile":	"",
					"md5Digest":	"5422c1e5be4ae93f4de8c50507402f2a",
					"compatibleApp":	"",
					"domType":	"mssDomain",
					"arch":	"32-bit",
					"appSettings":	{
						"appCompilerFlags":	"",
						"appLinkerFlags":	""
					},
					"addedLibs":	[],
					"libOptions":	{
						"libsContainingOptions":	[]
					},
					"prebuiltLibs":	{
						"prebuiltIncPath":	[],
						"prebuiltLibPath":	[]
					},
					"isolation":	{
					}
				}]
		}]
}
KEYINFO::2024-11-08.06:12:17::SCWPlatform::updated the xpfm file.
TRACE::2024-11-08.06:12:18::SCWPlatform::Trying to open the hw design at C:/Users/realk/Desktop/ece385/ECE385/lab7_2/try5_sdk/mb_usb_hdmi_top/hw/mb_usb_hdmi_top.xsa
TRACE::2024-11-08.06:12:18::SCWPlatform::DSA given C:/Users/realk/Desktop/ece385/ECE385/lab7_2/try5_sdk/mb_usb_hdmi_top/hw/mb_usb_hdmi_top.xsa
TRACE::2024-11-08.06:12:18::SCWPlatform::DSA absoulate path C:/Users/realk/Desktop/ece385/ECE385/lab7_2/try5_sdk/mb_usb_hdmi_top/hw/mb_usb_hdmi_top.xsa
TRACE::2024-11-08.06:12:18::SCWPlatform::DSA directory C:/Users/realk/Desktop/ece385/ECE385/lab7_2/try5_sdk/mb_usb_hdmi_top/hw
TRACE::2024-11-08.06:12:18::SCWPlatform:: Platform Path C:/Users/realk/Desktop/ece385/ECE385/lab7_2/try5_sdk/mb_usb_hdmi_top/hw/mb_usb_hdmi_top.xsa
TRACE::2024-11-08.06:12:18::SCWPlatform:: Unique name xilinx:::0.0
TRACE::2024-11-08.06:12:18::SCWPlatform::Trying to set the existing hwdb with name mb_usb_hdmi_top_38
TRACE::2024-11-08.06:12:18::SCWPlatform::Opened existing hwdb mb_usb_hdmi_top_38
TRACE::2024-11-08.06:12:18::SCWPlatform::Found the Hw Db part of the input DSA
TRACE::2024-11-08.06:12:18::SCWMssOS::Checking the sw design at  C:/Users/realk/Desktop/ece385/ECE385/lab7_2/try5_sdk/mb_usb_hdmi_top/microblaze_0/standalone_microblaze_0/bsp/system.mss
TRACE::2024-11-08.06:12:18::SCWMssOS::DEBUG:  swdes dump  C:/Users/realk/Desktop/ece385/ECE385/lab7_2/try5_sdk/mb_usb_hdmi_top/microblaze_0/standalone_microblaze_0/bsp/system.mss|system||

TRACE::2024-11-08.06:12:18::SCWMssOS::Sw design exists and opened at  C:/Users/realk/Desktop/ece385/ECE385/lab7_2/try5_sdk/mb_usb_hdmi_top/microblaze_0/standalone_microblaze_0/bsp/system.mss
TRACE::2024-11-08.06:36:25::SCWPlatform::Clearing the existing platform
TRACE::2024-11-08.06:36:25::SCWSystem::Clearing the existing sysconfig
TRACE::2024-11-08.06:36:25::SCWMssOS::Removing the swdes entry for  C:/Users/realk/Desktop/ece385/ECE385/lab7_2/try5_sdk/mb_usb_hdmi_top/microblaze_0/standalone_microblaze_0/bsp/system.mss
TRACE::2024-11-08.06:36:25::SCWSystem::Clearing the domains completed.
TRACE::2024-11-08.06:36:25::SCWPlatform::Clearing the opened hw db.
TRACE::2024-11-08.06:36:25::SCWPlatform::DSA given C:/Users/realk/Desktop/ece385/ECE385/lab7_2/try5_sdk/mb_usb_hdmi_top/hw/mb_usb_hdmi_top.xsa
TRACE::2024-11-08.06:36:25::SCWPlatform::DSA absoulate path C:/Users/realk/Desktop/ece385/ECE385/lab7_2/try5_sdk/mb_usb_hdmi_top/hw/mb_usb_hdmi_top.xsa
TRACE::2024-11-08.06:36:25::SCWPlatform:: Platform location is C:/Users/realk/Desktop/ece385/ECE385/lab7_2/try5_sdk/mb_usb_hdmi_top/hw
TRACE::2024-11-08.06:36:25::SCWPlatform:: Platform Path C:/Users/realk/Desktop/ece385/ECE385/lab7_2/try5_sdk/mb_usb_hdmi_top/hw/mb_usb_hdmi_top.xsa
TRACE::2024-11-08.06:36:25::SCWPlatform:: Unique name xilinx:::0.0
TRACE::2024-11-08.06:36:25::SCWPlatform::Removing the HwDB with name C:/Users/realk/Desktop/ece385/ECE385/lab7_2/try5_sdk/mb_usb_hdmi_top/hw/mb_usb_hdmi_top.xsa
TRACE::2024-11-08.06:36:25::SCWPlatform::Trying to open the hw design at C:/Users/realk/Desktop/ece385/ECE385/lab7_2/try5_sdk/mb_usb_hdmi_top/hw/mb_usb_hdmi_top.xsa
TRACE::2024-11-08.06:36:25::SCWPlatform::DSA given C:/Users/realk/Desktop/ece385/ECE385/lab7_2/try5_sdk/mb_usb_hdmi_top/hw/mb_usb_hdmi_top.xsa
TRACE::2024-11-08.06:36:25::SCWPlatform::DSA absoulate path C:/Users/realk/Desktop/ece385/ECE385/lab7_2/try5_sdk/mb_usb_hdmi_top/hw/mb_usb_hdmi_top.xsa
TRACE::2024-11-08.06:36:25::SCWPlatform::DSA directory C:/Users/realk/Desktop/ece385/ECE385/lab7_2/try5_sdk/mb_usb_hdmi_top/hw
TRACE::2024-11-08.06:36:25::SCWPlatform:: Platform Path C:/Users/realk/Desktop/ece385/ECE385/lab7_2/try5_sdk/mb_usb_hdmi_top/hw/mb_usb_hdmi_top.xsa
TRACE::2024-11-08.06:36:25::SCWPlatform:: Unique name xilinx:::0.0
TRACE::2024-11-08.06:36:25::SCWPlatform::Do not have an existing db opened. 
TRACE::2024-11-08.06:36:25::SCWPlatform::Opened new HwDB with name mb_usb_hdmi_top_40
TRACE::2024-11-08.06:36:25::SCWReader::Active system found as  mb_usb_hdmi_top
TRACE::2024-11-08.06:36:25::SCWReader::Handling sysconfig mb_usb_hdmi_top
TRACE::2024-11-08.06:36:25::SCWDomain::checking for install qemu data   : 
TRACE::2024-11-08.06:36:25::SCWPlatform::Trying to open the hw design at C:/Users/realk/Desktop/ece385/ECE385/lab7_2/try5_sdk/mb_usb_hdmi_top/hw/mb_usb_hdmi_top.xsa
TRACE::2024-11-08.06:36:25::SCWPlatform::DSA given C:/Users/realk/Desktop/ece385/ECE385/lab7_2/try5_sdk/mb_usb_hdmi_top/hw/mb_usb_hdmi_top.xsa
TRACE::2024-11-08.06:36:25::SCWPlatform::DSA absoulate path C:/Users/realk/Desktop/ece385/ECE385/lab7_2/try5_sdk/mb_usb_hdmi_top/hw/mb_usb_hdmi_top.xsa
TRACE::2024-11-08.06:36:25::SCWPlatform::DSA directory C:/Users/realk/Desktop/ece385/ECE385/lab7_2/try5_sdk/mb_usb_hdmi_top/hw
TRACE::2024-11-08.06:36:25::SCWPlatform:: Platform Path C:/Users/realk/Desktop/ece385/ECE385/lab7_2/try5_sdk/mb_usb_hdmi_top/hw/mb_usb_hdmi_top.xsa
TRACE::2024-11-08.06:36:25::SCWPlatform:: Unique name xilinx:::0.0
TRACE::2024-11-08.06:36:25::SCWPlatform::Trying to set the existing hwdb with name mb_usb_hdmi_top_40
TRACE::2024-11-08.06:36:25::SCWPlatform::Opened existing hwdb mb_usb_hdmi_top_40
TRACE::2024-11-08.06:36:25::SCWPlatform::Found the Hw Db part of the input DSA
TRACE::2024-11-08.06:36:25::SCWPlatform::Trying to open the hw design at C:/Users/realk/Desktop/ece385/ECE385/lab7_2/try5_sdk/mb_usb_hdmi_top/hw/mb_usb_hdmi_top.xsa
TRACE::2024-11-08.06:36:25::SCWPlatform::DSA given C:/Users/realk/Desktop/ece385/ECE385/lab7_2/try5_sdk/mb_usb_hdmi_top/hw/mb_usb_hdmi_top.xsa
TRACE::2024-11-08.06:36:25::SCWPlatform::DSA absoulate path C:/Users/realk/Desktop/ece385/ECE385/lab7_2/try5_sdk/mb_usb_hdmi_top/hw/mb_usb_hdmi_top.xsa
TRACE::2024-11-08.06:36:25::SCWPlatform::DSA directory C:/Users/realk/Desktop/ece385/ECE385/lab7_2/try5_sdk/mb_usb_hdmi_top/hw
TRACE::2024-11-08.06:36:25::SCWPlatform:: Platform Path C:/Users/realk/Desktop/ece385/ECE385/lab7_2/try5_sdk/mb_usb_hdmi_top/hw/mb_usb_hdmi_top.xsa
TRACE::2024-11-08.06:36:25::SCWPlatform:: Unique name xilinx:::0.0
TRACE::2024-11-08.06:36:25::SCWPlatform::Trying to set the existing hwdb with name mb_usb_hdmi_top_40
TRACE::2024-11-08.06:36:25::SCWPlatform::Opened existing hwdb mb_usb_hdmi_top_40
TRACE::2024-11-08.06:36:25::SCWPlatform::Found the Hw Db part of the input DSA
TRACE::2024-11-08.06:36:25::SCWPlatform::Trying to open the hw design at C:/Users/realk/Desktop/ece385/ECE385/lab7_2/try5_sdk/mb_usb_hdmi_top/hw/mb_usb_hdmi_top.xsa
TRACE::2024-11-08.06:36:25::SCWPlatform::DSA given C:/Users/realk/Desktop/ece385/ECE385/lab7_2/try5_sdk/mb_usb_hdmi_top/hw/mb_usb_hdmi_top.xsa
TRACE::2024-11-08.06:36:25::SCWPlatform::DSA absoulate path C:/Users/realk/Desktop/ece385/ECE385/lab7_2/try5_sdk/mb_usb_hdmi_top/hw/mb_usb_hdmi_top.xsa
TRACE::2024-11-08.06:36:25::SCWPlatform::DSA directory C:/Users/realk/Desktop/ece385/ECE385/lab7_2/try5_sdk/mb_usb_hdmi_top/hw
TRACE::2024-11-08.06:36:25::SCWPlatform:: Platform Path C:/Users/realk/Desktop/ece385/ECE385/lab7_2/try5_sdk/mb_usb_hdmi_top/hw/mb_usb_hdmi_top.xsa
TRACE::2024-11-08.06:36:25::SCWPlatform:: Unique name xilinx:::0.0
TRACE::2024-11-08.06:36:25::SCWPlatform::Trying to set the existing hwdb with name mb_usb_hdmi_top_40
TRACE::2024-11-08.06:36:25::SCWPlatform::Opened existing hwdb mb_usb_hdmi_top_40
TRACE::2024-11-08.06:36:25::SCWPlatform::Found the Hw Db part of the input DSA
TRACE::2024-11-08.06:36:25::SCWPlatform::Trying to open the hw design at C:/Users/realk/Desktop/ece385/ECE385/lab7_2/try5_sdk/mb_usb_hdmi_top/hw/mb_usb_hdmi_top.xsa
TRACE::2024-11-08.06:36:25::SCWPlatform::DSA given C:/Users/realk/Desktop/ece385/ECE385/lab7_2/try5_sdk/mb_usb_hdmi_top/hw/mb_usb_hdmi_top.xsa
TRACE::2024-11-08.06:36:25::SCWPlatform::DSA absoulate path C:/Users/realk/Desktop/ece385/ECE385/lab7_2/try5_sdk/mb_usb_hdmi_top/hw/mb_usb_hdmi_top.xsa
TRACE::2024-11-08.06:36:25::SCWPlatform::DSA directory C:/Users/realk/Desktop/ece385/ECE385/lab7_2/try5_sdk/mb_usb_hdmi_top/hw
TRACE::2024-11-08.06:36:25::SCWPlatform:: Platform Path C:/Users/realk/Desktop/ece385/ECE385/lab7_2/try5_sdk/mb_usb_hdmi_top/hw/mb_usb_hdmi_top.xsa
TRACE::2024-11-08.06:36:25::SCWPlatform:: Unique name xilinx:::0.0
TRACE::2024-11-08.06:36:25::SCWPlatform::Trying to set the existing hwdb with name mb_usb_hdmi_top_40
TRACE::2024-11-08.06:36:25::SCWPlatform::Opened existing hwdb mb_usb_hdmi_top_40
TRACE::2024-11-08.06:36:25::SCWPlatform::Found the Hw Db part of the input DSA
TRACE::2024-11-08.06:36:25::SCWMssOS::Checking the sw design at  C:/Users/realk/Desktop/ece385/ECE385/lab7_2/try5_sdk/mb_usb_hdmi_top/microblaze_0/standalone_microblaze_0/bsp/system.mss
TRACE::2024-11-08.06:36:25::SCWMssOS::DEBUG:  swdes dump  
TRACE::2024-11-08.06:36:25::SCWMssOS::No sw design opened at  C:/Users/realk/Desktop/ece385/ECE385/lab7_2/try5_sdk/mb_usb_hdmi_top/microblaze_0/standalone_microblaze_0/bsp/system.mss
TRACE::2024-11-08.06:36:25::SCWMssOS::mss exists loading the mss file  C:/Users/realk/Desktop/ece385/ECE385/lab7_2/try5_sdk/mb_usb_hdmi_top/microblaze_0/standalone_microblaze_0/bsp/system.mss
TRACE::2024-11-08.06:36:25::SCWMssOS::Opened the sw design from mss  C:/Users/realk/Desktop/ece385/ECE385/lab7_2/try5_sdk/mb_usb_hdmi_top/microblaze_0/standalone_microblaze_0/bsp/system.mss
TRACE::2024-11-08.06:36:25::SCWMssOS::Adding the swdes entry C:/Users/realk/Desktop/ece385/ECE385/lab7_2/try5_sdk/mb_usb_hdmi_top/microblaze_0/standalone_microblaze_0/bsp/system.mss with des name system
TRACE::2024-11-08.06:36:25::SCWMssOS::updating the scw layer about changes
TRACE::2024-11-08.06:36:25::SCWMssOS::Opened the sw design.  C:/Users/realk/Desktop/ece385/ECE385/lab7_2/try5_sdk/mb_usb_hdmi_top/microblaze_0/standalone_microblaze_0/bsp/system.mss
TRACE::2024-11-08.06:36:25::SCWMssOS::Saving the mss changes C:/Users/realk/Desktop/ece385/ECE385/lab7_2/try5_sdk/mb_usb_hdmi_top/microblaze_0/standalone_microblaze_0/bsp/system.mss
TRACE::2024-11-08.06:36:25::SCWMssOS::Found a swdesign opened with the mssfile.
TRACE::2024-11-08.06:36:25::SCWMssOS::Completed writemss as part of save.
TRACE::2024-11-08.06:36:25::SCWMssOS::Commit changes completed.
TRACE::2024-11-08.06:36:25::SCWReader::Adding prebuilt librarypaths as   
TRACE::2024-11-08.06:36:25::SCWReader::Adding prebuilt incpaths  as   
TRACE::2024-11-08.06:36:25::SCWPlatform::Trying to open the hw design at C:/Users/realk/Desktop/ece385/ECE385/lab7_2/try5_sdk/mb_usb_hdmi_top/hw/mb_usb_hdmi_top.xsa
TRACE::2024-11-08.06:36:25::SCWPlatform::DSA given C:/Users/realk/Desktop/ece385/ECE385/lab7_2/try5_sdk/mb_usb_hdmi_top/hw/mb_usb_hdmi_top.xsa
TRACE::2024-11-08.06:36:25::SCWPlatform::DSA absoulate path C:/Users/realk/Desktop/ece385/ECE385/lab7_2/try5_sdk/mb_usb_hdmi_top/hw/mb_usb_hdmi_top.xsa
TRACE::2024-11-08.06:36:25::SCWPlatform::DSA directory C:/Users/realk/Desktop/ece385/ECE385/lab7_2/try5_sdk/mb_usb_hdmi_top/hw
TRACE::2024-11-08.06:36:25::SCWPlatform:: Platform Path C:/Users/realk/Desktop/ece385/ECE385/lab7_2/try5_sdk/mb_usb_hdmi_top/hw/mb_usb_hdmi_top.xsa
TRACE::2024-11-08.06:36:25::SCWPlatform:: Unique name xilinx:::0.0
TRACE::2024-11-08.06:36:25::SCWPlatform::Trying to set the existing hwdb with name mb_usb_hdmi_top_40
TRACE::2024-11-08.06:36:25::SCWPlatform::Opened existing hwdb mb_usb_hdmi_top_40
TRACE::2024-11-08.06:36:25::SCWPlatform::Found the Hw Db part of the input DSA
TRACE::2024-11-08.06:36:25::SCWMssOS::Checking the sw design at  C:/Users/realk/Desktop/ece385/ECE385/lab7_2/try5_sdk/mb_usb_hdmi_top/microblaze_0/standalone_microblaze_0/bsp/system.mss
TRACE::2024-11-08.06:36:25::SCWMssOS::DEBUG:  swdes dump  C:/Users/realk/Desktop/ece385/ECE385/lab7_2/try5_sdk/mb_usb_hdmi_top/microblaze_0/standalone_microblaze_0/bsp/system.mss|system||

TRACE::2024-11-08.06:36:25::SCWMssOS::Sw design exists and opened at  C:/Users/realk/Desktop/ece385/ECE385/lab7_2/try5_sdk/mb_usb_hdmi_top/microblaze_0/standalone_microblaze_0/bsp/system.mss
TRACE::2024-11-08.06:36:25::SCWReader::No isolation master present  
TRACE::2024-11-08.06:36:28::SCWPlatform::DSA given C:/Users/realk/Desktop/ece385/ECE385/lab7_2/try5_sdk/mb_usb_hdmi_top/tempdsa/mb_usb_hdmi_top.xsa
TRACE::2024-11-08.06:36:28::SCWPlatform::DSA absoulate path C:/Users/realk/Desktop/ece385/ECE385/lab7_2/try5_sdk/mb_usb_hdmi_top/tempdsa/mb_usb_hdmi_top.xsa
TRACE::2024-11-08.06:36:28::SCWPlatform:: Platform location is C:/Users/realk/Desktop/ece385/ECE385/lab7_2/try5_sdk/mb_usb_hdmi_top/tempdsa
TRACE::2024-11-08.06:36:28::SCWPlatform:: Platform Path C:/Users/realk/Desktop/ece385/ECE385/lab7_2/try5_sdk/mb_usb_hdmi_top/tempdsa/mb_usb_hdmi_top.xsa
TRACE::2024-11-08.06:36:28::SCWPlatform:: Unique name xilinx:::0.0
TRACE::2024-11-08.06:36:28::SCWPlatform::Found the Hw Db part of the input DSA
TRACE::2024-11-08.06:36:28::SCWMssOS::Doing hw sync for the mss in domain: standalone_microblaze_0
TRACE::2024-11-08.06:36:28::SCWPlatform::Trying to open the hw design at C:/Users/realk/Desktop/ece385/ECE385/lab7_2/try5_sdk/mb_usb_hdmi_top/hw/mb_usb_hdmi_top.xsa
TRACE::2024-11-08.06:36:28::SCWPlatform::DSA given C:/Users/realk/Desktop/ece385/ECE385/lab7_2/try5_sdk/mb_usb_hdmi_top/hw/mb_usb_hdmi_top.xsa
TRACE::2024-11-08.06:36:28::SCWPlatform::DSA absoulate path C:/Users/realk/Desktop/ece385/ECE385/lab7_2/try5_sdk/mb_usb_hdmi_top/hw/mb_usb_hdmi_top.xsa
TRACE::2024-11-08.06:36:28::SCWPlatform::DSA directory C:/Users/realk/Desktop/ece385/ECE385/lab7_2/try5_sdk/mb_usb_hdmi_top/hw
TRACE::2024-11-08.06:36:28::SCWPlatform:: Platform Path C:/Users/realk/Desktop/ece385/ECE385/lab7_2/try5_sdk/mb_usb_hdmi_top/hw/mb_usb_hdmi_top.xsa
TRACE::2024-11-08.06:36:28::SCWPlatform:: Unique name xilinx:::0.0
TRACE::2024-11-08.06:36:28::SCWPlatform::Trying to set the existing hwdb with name mb_usb_hdmi_top_40
TRACE::2024-11-08.06:36:28::SCWPlatform::Opened existing hwdb mb_usb_hdmi_top_40
TRACE::2024-11-08.06:36:28::SCWPlatform::Found the Hw Db part of the input DSA
TRACE::2024-11-08.06:36:28::SCWPlatform::Trying to open the hw design at C:/Users/realk/Desktop/ece385/ECE385/lab7_2/try5_sdk/mb_usb_hdmi_top/hw/mb_usb_hdmi_top.xsa
TRACE::2024-11-08.06:36:28::SCWPlatform::DSA given C:/Users/realk/Desktop/ece385/ECE385/lab7_2/try5_sdk/mb_usb_hdmi_top/hw/mb_usb_hdmi_top.xsa
TRACE::2024-11-08.06:36:28::SCWPlatform::DSA absoulate path C:/Users/realk/Desktop/ece385/ECE385/lab7_2/try5_sdk/mb_usb_hdmi_top/hw/mb_usb_hdmi_top.xsa
TRACE::2024-11-08.06:36:28::SCWPlatform::DSA directory C:/Users/realk/Desktop/ece385/ECE385/lab7_2/try5_sdk/mb_usb_hdmi_top/hw
TRACE::2024-11-08.06:36:28::SCWPlatform:: Platform Path C:/Users/realk/Desktop/ece385/ECE385/lab7_2/try5_sdk/mb_usb_hdmi_top/hw/mb_usb_hdmi_top.xsa
TRACE::2024-11-08.06:36:28::SCWPlatform:: Unique name xilinx:::0.0
TRACE::2024-11-08.06:36:28::SCWPlatform::Trying to set the existing hwdb with name mb_usb_hdmi_top_40
TRACE::2024-11-08.06:36:28::SCWPlatform::Opened existing hwdb mb_usb_hdmi_top_40
TRACE::2024-11-08.06:36:28::SCWPlatform::Found the Hw Db part of the input DSA
TRACE::2024-11-08.06:36:28::SCWMssOS::Checking the sw design at  C:/Users/realk/Desktop/ece385/ECE385/lab7_2/try5_sdk/mb_usb_hdmi_top/microblaze_0/standalone_microblaze_0/bsp/system.mss
TRACE::2024-11-08.06:36:28::SCWMssOS::DEBUG:  swdes dump  C:/Users/realk/Desktop/ece385/ECE385/lab7_2/try5_sdk/mb_usb_hdmi_top/microblaze_0/standalone_microblaze_0/bsp/system.mss|system||

TRACE::2024-11-08.06:36:28::SCWMssOS::Sw design exists and opened at  C:/Users/realk/Desktop/ece385/ECE385/lab7_2/try5_sdk/mb_usb_hdmi_top/microblaze_0/standalone_microblaze_0/bsp/system.mss
TRACE::2024-11-08.06:36:28::SCWPlatform::Trying to open the hw design at C:/Users/realk/Desktop/ece385/ECE385/lab7_2/try5_sdk/mb_usb_hdmi_top/tempdsa/mb_usb_hdmi_top.xsa
TRACE::2024-11-08.06:36:28::SCWPlatform::DSA given C:/Users/realk/Desktop/ece385/ECE385/lab7_2/try5_sdk/mb_usb_hdmi_top/tempdsa/mb_usb_hdmi_top.xsa
TRACE::2024-11-08.06:36:28::SCWPlatform::DSA absoulate path C:/Users/realk/Desktop/ece385/ECE385/lab7_2/try5_sdk/mb_usb_hdmi_top/tempdsa/mb_usb_hdmi_top.xsa
TRACE::2024-11-08.06:36:28::SCWPlatform::DSA directory C:/Users/realk/Desktop/ece385/ECE385/lab7_2/try5_sdk/mb_usb_hdmi_top/tempdsa
TRACE::2024-11-08.06:36:28::SCWPlatform:: Platform Path C:/Users/realk/Desktop/ece385/ECE385/lab7_2/try5_sdk/mb_usb_hdmi_top/tempdsa/mb_usb_hdmi_top.xsa
TRACE::2024-11-08.06:36:28::SCWPlatform:: Unique name xilinx:::0.0
TRACE::2024-11-08.06:36:28::SCWPlatform::update - Opened existing hwdb mb_usb_hdmi_top_41
TRACE::2024-11-08.06:36:28::SCWPlatform::Found the Hw Db part of the input DSA
TRACE::2024-11-08.06:36:28::SCWMssOS::Saving the mss changes C:/Users/realk/Desktop/ece385/ECE385/lab7_2/try5_sdk/mb_usb_hdmi_top/microblaze_0/standalone_microblaze_0/bsp/system.mss
TRACE::2024-11-08.06:36:28::SCWMssOS::Found a swdesign opened with the mssfile.
TRACE::2024-11-08.06:36:28::SCWMssOS::Completed writemss as part of save.
TRACE::2024-11-08.06:36:28::SCWMssOS::Commit changes completed.
TRACE::2024-11-08.06:36:28::SCWMssOS::Completed hw sync for the mss in domain: standalone_microblaze_0
TRACE::2024-11-08.06:36:28::SCWMssOS::Removing the swdes entry for  C:/Users/realk/Desktop/ece385/ECE385/lab7_2/try5_sdk/mb_usb_hdmi_top/microblaze_0/standalone_microblaze_0/bsp/system.mss
TRACE::2024-11-08.06:36:28::SCWPlatform::Trying to open the hw design at C:/Users/realk/Desktop/ece385/ECE385/lab7_2/try5_sdk/mb_usb_hdmi_top/hw/mb_usb_hdmi_top.xsa
TRACE::2024-11-08.06:36:28::SCWPlatform::DSA given C:/Users/realk/Desktop/ece385/ECE385/lab7_2/try5_sdk/mb_usb_hdmi_top/hw/mb_usb_hdmi_top.xsa
TRACE::2024-11-08.06:36:28::SCWPlatform::DSA absoulate path C:/Users/realk/Desktop/ece385/ECE385/lab7_2/try5_sdk/mb_usb_hdmi_top/hw/mb_usb_hdmi_top.xsa
TRACE::2024-11-08.06:36:28::SCWPlatform::DSA directory C:/Users/realk/Desktop/ece385/ECE385/lab7_2/try5_sdk/mb_usb_hdmi_top/hw
TRACE::2024-11-08.06:36:29::SCWPlatform:: Platform Path C:/Users/realk/Desktop/ece385/ECE385/lab7_2/try5_sdk/mb_usb_hdmi_top/hw/mb_usb_hdmi_top.xsa
TRACE::2024-11-08.06:36:29::SCWPlatform:: Unique name xilinx:::0.0
TRACE::2024-11-08.06:36:29::SCWPlatform::Do not have an existing db opened. 
TRACE::2024-11-08.06:36:29::SCWPlatform::Opened new HwDB with name mb_usb_hdmi_top_42
TRACE::2024-11-08.06:36:29::SCWMssOS::Saving the mss changes C:/Users/realk/Desktop/ece385/ECE385/lab7_2/try5_sdk/mb_usb_hdmi_top/microblaze_0/standalone_microblaze_0/bsp/system.mss
TRACE::2024-11-08.06:36:29::SCWMssOS::Adding the swdes entry, mss present, able to open swdb C:/Users/realk/Desktop/ece385/ECE385/lab7_2/try5_sdk/mb_usb_hdmi_top/microblaze_0/standalone_microblaze_0/bsp/system.mss with des name system
TRACE::2024-11-08.06:36:29::SCWMssOS::Writing the mss file completed C:/Users/realk/Desktop/ece385/ECE385/lab7_2/try5_sdk/mb_usb_hdmi_top/microblaze_0/standalone_microblaze_0/bsp/system.mss
TRACE::2024-11-08.06:36:29::SCWMssOS::Commit changes completed.
TRACE::2024-11-08.06:36:29::SCWPlatform::Trying to open the hw design at C:/Users/realk/Desktop/ece385/ECE385/lab7_2/try5_sdk/mb_usb_hdmi_top/hw/mb_usb_hdmi_top.xsa
TRACE::2024-11-08.06:36:29::SCWPlatform::DSA given C:/Users/realk/Desktop/ece385/ECE385/lab7_2/try5_sdk/mb_usb_hdmi_top/hw/mb_usb_hdmi_top.xsa
TRACE::2024-11-08.06:36:29::SCWPlatform::DSA absoulate path C:/Users/realk/Desktop/ece385/ECE385/lab7_2/try5_sdk/mb_usb_hdmi_top/hw/mb_usb_hdmi_top.xsa
TRACE::2024-11-08.06:36:29::SCWPlatform::DSA directory C:/Users/realk/Desktop/ece385/ECE385/lab7_2/try5_sdk/mb_usb_hdmi_top/hw
TRACE::2024-11-08.06:36:29::SCWPlatform:: Platform Path C:/Users/realk/Desktop/ece385/ECE385/lab7_2/try5_sdk/mb_usb_hdmi_top/hw/mb_usb_hdmi_top.xsa
TRACE::2024-11-08.06:36:29::SCWPlatform:: Unique name xilinx:::0.0
TRACE::2024-11-08.06:36:29::SCWPlatform::Trying to set the existing hwdb with name mb_usb_hdmi_top_42
TRACE::2024-11-08.06:36:29::SCWPlatform::Opened existing hwdb mb_usb_hdmi_top_42
TRACE::2024-11-08.06:36:29::SCWPlatform::Found the Hw Db part of the input DSA
TRACE::2024-11-08.06:36:29::SCWMssOS::Checking the sw design at  C:/Users/realk/Desktop/ece385/ECE385/lab7_2/try5_sdk/mb_usb_hdmi_top/microblaze_0/standalone_microblaze_0/bsp/system.mss
TRACE::2024-11-08.06:36:29::SCWMssOS::DEBUG:  swdes dump  C:/Users/realk/Desktop/ece385/ECE385/lab7_2/try5_sdk/mb_usb_hdmi_top/microblaze_0/standalone_microblaze_0/bsp/system.mss|system||

TRACE::2024-11-08.06:36:29::SCWMssOS::Sw design exists and opened at  C:/Users/realk/Desktop/ece385/ECE385/lab7_2/try5_sdk/mb_usb_hdmi_top/microblaze_0/standalone_microblaze_0/bsp/system.mss
TRACE::2024-11-08.06:36:29::SCWWriter::formatted JSON is {
	"platformName":	"mb_usb_hdmi_top",
	"sprVersion":	"2.0",
	"mode":	"gui",
	"dsaType":	"Fixed",
	"platformDesc":	"mb_usb_hdmi_top",
	"platHandOff":	"C:/Users/realk/Desktop/ece385/ECE385/lab7_2/mb_usb_hdmi_top.xsa",
	"platIntHandOff":	"<platformDir>/hw/mb_usb_hdmi_top.xsa",
	"deviceType":	"FPGA",
	"platIsPrebuiltAutogen":	"false",
	"platIsNoBootBsp":	"false",
	"hasFsblMakeHasChanges":	"false",
	"hasPmufwMakeHasChanges":	"false",
	"platPreBuiltFlag":	false,
	"platformSamplesDir":	"",
	"platActiveSys":	"mb_usb_hdmi_top",
	"systems":	[{
			"systemName":	"mb_usb_hdmi_top",
			"systemDesc":	"mb_usb_hdmi_top",
			"sysIsBootAutoGen":	"true",
			"systemDispName":	"mb_usb_hdmi_top",
			"sysActiveDom":	"standalone_microblaze_0",
			"sysDefaultDom":	"standalone_microblaze_0",
			"domains":	[{
					"domainName":	"standalone_microblaze_0",
					"domainDispName":	"standalone_microblaze_0",
					"domainDesc":	"standalone_microblaze_0",
					"processors":	"microblaze_0",
					"os":	"standalone",
					"sdxOs":	"standalone",
					"debugEnable":	"False",
					"domRuntimes":	["cpp"],
					"swRepo":	"",
					"mssOsVer":	"8.0",
					"mssFile":	"",
					"md5Digest":	"5422c1e5be4ae93f4de8c50507402f2a1",
					"compatibleApp":	"",
					"domType":	"mssDomain",
					"arch":	"32-bit",
					"appSettings":	{
						"appCompilerFlags":	"",
						"appLinkerFlags":	""
					},
					"addedLibs":	[],
					"libOptions":	{
						"libsContainingOptions":	[]
					},
					"prebuiltLibs":	{
						"prebuiltIncPath":	[],
						"prebuiltLibPath":	[]
					},
					"isolation":	{
					}
				}]
		}]
}
TRACE::2024-11-08.06:36:38::SCWMssOS::cleaning the bsp 
TRACE::2024-11-08.06:36:38::SCWMssOS::System Command Ran  C: & cd  C:/Users/realk/Desktop/ece385/ECE385/lab7_2/try5_sdk/mb_usb_hdmi_top/microblaze_0/standalone_microblaze_0/bsp & make clean 
TRACE::2024-11-08.06:36:38::SCWMssOS::make -C microblaze_0/libsrc/bram_v4_8/src -s clean 

TRACE::2024-11-08.06:36:38::SCWMssOS::make -C microblaze_0/libsrc/cpu_v2_16/src -s clean 

TRACE::2024-11-08.06:36:38::SCWMssOS::make -C microblaze_0/libsrc/intc_v3_15/src -s clean 

TRACE::2024-11-08.06:36:38::SCWMssOS::make -C microblaze_0/libsrc/standalone_v8_0/src -s clean 

TRACE::2024-11-08.06:36:38::SCWMssOS::make -C microblaze_0/libsrc/uartlite_v3_7/src -s clean 

TRACE::2024-11-08.06:36:38::SCWMssOS::rm -f microblaze_0/lib/libxil.a

LOG::2024-11-08.06:36:54::SCWPlatform::Started generating the artifacts platform mb_usb_hdmi_top
TRACE::2024-11-08.06:36:54::SCWPlatform::Sanity checking of platform is completed
LOG::2024-11-08.06:36:54::SCWPlatform::Started generating the artifacts for system configuration mb_usb_hdmi_top
LOG::2024-11-08.06:36:54::SCWSystem::Checking the domain standalone_microblaze_0
LOG::2024-11-08.06:36:54::SCWSystem::Not a boot domain 
LOG::2024-11-08.06:36:54::SCWSystem::Started Processing the domain standalone_microblaze_0
TRACE::2024-11-08.06:36:54::SCWDomain::Generating domain artifcats
TRACE::2024-11-08.06:36:54::SCWMssOS::Generating standalone artifcats
TRACE::2024-11-08.06:36:54::SCWMssOS:: Copying the user libraries. 
TRACE::2024-11-08.06:36:54::SCWPlatform::Trying to open the hw design at C:/Users/realk/Desktop/ece385/ECE385/lab7_2/try5_sdk/mb_usb_hdmi_top/hw/mb_usb_hdmi_top.xsa
TRACE::2024-11-08.06:36:54::SCWPlatform::DSA given C:/Users/realk/Desktop/ece385/ECE385/lab7_2/try5_sdk/mb_usb_hdmi_top/hw/mb_usb_hdmi_top.xsa
TRACE::2024-11-08.06:36:54::SCWPlatform::DSA absoulate path C:/Users/realk/Desktop/ece385/ECE385/lab7_2/try5_sdk/mb_usb_hdmi_top/hw/mb_usb_hdmi_top.xsa
TRACE::2024-11-08.06:36:54::SCWPlatform::DSA directory C:/Users/realk/Desktop/ece385/ECE385/lab7_2/try5_sdk/mb_usb_hdmi_top/hw
TRACE::2024-11-08.06:36:54::SCWPlatform:: Platform Path C:/Users/realk/Desktop/ece385/ECE385/lab7_2/try5_sdk/mb_usb_hdmi_top/hw/mb_usb_hdmi_top.xsa
TRACE::2024-11-08.06:36:54::SCWPlatform:: Unique name xilinx:::0.0
TRACE::2024-11-08.06:36:54::SCWPlatform::Trying to set the existing hwdb with name mb_usb_hdmi_top_42
TRACE::2024-11-08.06:36:54::SCWPlatform::Opened existing hwdb mb_usb_hdmi_top_42
TRACE::2024-11-08.06:36:54::SCWPlatform::Found the Hw Db part of the input DSA
TRACE::2024-11-08.06:36:54::SCWMssOS::Checking the sw design at  C:/Users/realk/Desktop/ece385/ECE385/lab7_2/try5_sdk/mb_usb_hdmi_top/microblaze_0/standalone_microblaze_0/bsp/system.mss
TRACE::2024-11-08.06:36:54::SCWMssOS::DEBUG:  swdes dump  C:/Users/realk/Desktop/ece385/ECE385/lab7_2/try5_sdk/mb_usb_hdmi_top/microblaze_0/standalone_microblaze_0/bsp/system.mss|system||

TRACE::2024-11-08.06:36:54::SCWMssOS::Sw design exists and opened at  C:/Users/realk/Desktop/ece385/ECE385/lab7_2/try5_sdk/mb_usb_hdmi_top/microblaze_0/standalone_microblaze_0/bsp/system.mss
TRACE::2024-11-08.06:36:54::SCWMssOS::Completed writing the mss file at C:/Users/realk/Desktop/ece385/ECE385/lab7_2/try5_sdk/mb_usb_hdmi_top/microblaze_0/standalone_microblaze_0/bsp
TRACE::2024-11-08.06:36:54::SCWMssOS::Mss edits present, copying mssfile into export location C:/Users/realk/Desktop/ece385/ECE385/lab7_2/try5_sdk/mb_usb_hdmi_top/microblaze_0/standalone_microblaze_0/bsp/system.mss
TRACE::2024-11-08.06:36:54::SCWMssOS::bsp generated is stale removing and regenerating. 
TRACE::2024-11-08.06:36:56::SCWMssOS::doing bsp build ... 
TRACE::2024-11-08.06:36:56::SCWMssOS::System Command Ran  C: & cd  C:/Users/realk/Desktop/ece385/ECE385/lab7_2/try5_sdk/mb_usb_hdmi_top/microblaze_0/standalone_microblaze_0/bsp & make 
TRACE::2024-11-08.06:36:56::SCWMssOS::make --no-print-directory seq_libs

TRACE::2024-11-08.06:36:56::SCWMssOS::'Finished building libraries sequentially.'

TRACE::2024-11-08.06:36:56::SCWMssOS::make -j 14 --no-print-directory par_libs

TRACE::2024-11-08.06:36:56::SCWMssOS::"Running Make include in microblaze_0/libsrc/bram_v4_8/src"

TRACE::2024-11-08.06:36:56::SCWMssOS::make -C microblaze_0/libsrc/bram_v4_8/src -s include  "SHELL=CMD" "COMPILER=mb-gcc" "ASSEMBLER=mb-as" "ARCHIVER=mb-ar" "COMPILE
TRACE::2024-11-08.06:36:56::SCWMssOS::R_FLAGS=  -O2 -c -mcpu=v11.0 -mlittle-endian -mno-xl-reorder -mno-xl-soft-mul -mxl-barrel-shift -mxl-pattern-compare" "EXTRA_CO
TRACE::2024-11-08.06:36:56::SCWMssOS::MPILER_FLAGS=-g -ffunction-sections -fdata-sections -Wall -Wextra -fno-tree-loop-distribute-patterns"

TRACE::2024-11-08.06:36:56::SCWMssOS::"Running Make include in microblaze_0/libsrc/cpu_v2_16/src"

TRACE::2024-11-08.06:36:56::SCWMssOS::make -C microblaze_0/libsrc/cpu_v2_16/src -s include  "SHELL=CMD" "COMPILER=mb-gcc" "ASSEMBLER=mb-as" "ARCHIVER=mb-ar" "COMPILE
TRACE::2024-11-08.06:36:56::SCWMssOS::R_FLAGS=  -O2 -c -mcpu=v11.0 -mlittle-endian -mno-xl-reorder -mno-xl-soft-mul -mxl-barrel-shift -mxl-pattern-compare" "EXTRA_CO
TRACE::2024-11-08.06:36:56::SCWMssOS::MPILER_FLAGS=-g -ffunction-sections -fdata-sections -Wall -Wextra -fno-tree-loop-distribute-patterns"

TRACE::2024-11-08.06:36:56::SCWMssOS::"Running Make include in microblaze_0/libsrc/intc_v3_15/src"

TRACE::2024-11-08.06:36:56::SCWMssOS::make -C microblaze_0/libsrc/intc_v3_15/src -s include  "SHELL=CMD" "COMPILER=mb-gcc" "ASSEMBLER=mb-as" "ARCHIVER=mb-ar" "COMPIL
TRACE::2024-11-08.06:36:56::SCWMssOS::ER_FLAGS=  -O2 -c -mcpu=v11.0 -mlittle-endian -mno-xl-reorder -mno-xl-soft-mul -mxl-barrel-shift -mxl-pattern-compare" "EXTRA_C
TRACE::2024-11-08.06:36:56::SCWMssOS::OMPILER_FLAGS=-g -ffunction-sections -fdata-sections -Wall -Wextra -fno-tree-loop-distribute-patterns"

TRACE::2024-11-08.06:36:56::SCWMssOS::"Running Make include in microblaze_0/libsrc/standalone_v8_0/src"

TRACE::2024-11-08.06:36:56::SCWMssOS::make -C microblaze_0/libsrc/standalone_v8_0/src -s include  "SHELL=CMD" "COMPILER=mb-gcc" "ASSEMBLER=mb-as" "ARCHIVER=mb-ar" "C
TRACE::2024-11-08.06:36:56::SCWMssOS::OMPILER_FLAGS=  -O2 -c -mcpu=v11.0 -mlittle-endian -mno-xl-reorder -mno-xl-soft-mul -mxl-barrel-shift -mxl-pattern-compare" "EX
TRACE::2024-11-08.06:36:56::SCWMssOS::TRA_COMPILER_FLAGS=-g -ffunction-sections -fdata-sections -Wall -Wextra -fno-tree-loop-distribute-patterns"

TRACE::2024-11-08.06:36:56::SCWMssOS::"Running Make include in microblaze_0/libsrc/uartlite_v3_7/src"

TRACE::2024-11-08.06:36:56::SCWMssOS::make -C microblaze_0/libsrc/uartlite_v3_7/src -s include  "SHELL=CMD" "COMPILER=mb-gcc" "ASSEMBLER=mb-as" "ARCHIVER=mb-ar" "COM
TRACE::2024-11-08.06:36:56::SCWMssOS::PILER_FLAGS=  -O2 -c -mcpu=v11.0 -mlittle-endian -mno-xl-reorder -mno-xl-soft-mul -mxl-barrel-shift -mxl-pattern-compare" "EXTR
TRACE::2024-11-08.06:36:56::SCWMssOS::A_COMPILER_FLAGS=-g -ffunction-sections -fdata-sections -Wall -Wextra -fno-tree-loop-distribute-patterns"

TRACE::2024-11-08.06:36:56::SCWMssOS::"Running Make libs in microblaze_0/libsrc/bram_v4_8/src"

TRACE::2024-11-08.06:36:56::SCWMssOS::make -C microblaze_0/libsrc/bram_v4_8/src -s libs  "SHELL=CMD" "COMPILER=mb-gcc" "ASSEMBLER=mb-as" "ARCHIVER=mb-ar" "COMPILER_F
TRACE::2024-11-08.06:36:56::SCWMssOS::LAGS=  -O2 -c -mcpu=v11.0 -mlittle-endian -mno-xl-reorder -mno-xl-soft-mul -mxl-barrel-shift -mxl-pattern-compare" "EXTRA_COMPI
TRACE::2024-11-08.06:36:56::SCWMssOS::LER_FLAGS=-g -ffunction-sections -fdata-sections -Wall -Wextra -fno-tree-loop-distribute-patterns"

TRACE::2024-11-08.06:36:56::SCWMssOS::"Running Make libs in microblaze_0/libsrc/cpu_v2_16/src"

TRACE::2024-11-08.06:36:56::SCWMssOS::make -C microblaze_0/libsrc/cpu_v2_16/src -s libs  "SHELL=CMD" "COMPILER=mb-gcc" "ASSEMBLER=mb-as" "ARCHIVER=mb-ar" "COMPILER_F
TRACE::2024-11-08.06:36:56::SCWMssOS::LAGS=  -O2 -c -mcpu=v11.0 -mlittle-endian -mno-xl-reorder -mno-xl-soft-mul -mxl-barrel-shift -mxl-pattern-compare" "EXTRA_COMPI
TRACE::2024-11-08.06:36:56::SCWMssOS::LER_FLAGS=-g -ffunction-sections -fdata-sections -Wall -Wextra -fno-tree-loop-distribute-patterns"

TRACE::2024-11-08.06:36:57::SCWMssOS::"Running Make libs in microblaze_0/libsrc/intc_v3_15/src"

TRACE::2024-11-08.06:36:57::SCWMssOS::make -C microblaze_0/libsrc/intc_v3_15/src -s libs  "SHELL=CMD" "COMPILER=mb-gcc" "ASSEMBLER=mb-as" "ARCHIVER=mb-ar" "COMPILER_
TRACE::2024-11-08.06:36:57::SCWMssOS::FLAGS=  -O2 -c -mcpu=v11.0 -mlittle-endian -mno-xl-reorder -mno-xl-soft-mul -mxl-barrel-shift -mxl-pattern-compare" "EXTRA_COMP
TRACE::2024-11-08.06:36:57::SCWMssOS::ILER_FLAGS=-g -ffunction-sections -fdata-sections -Wall -Wextra -fno-tree-loop-distribute-patterns"

TRACE::2024-11-08.06:36:57::SCWMssOS::"Running Make libs in microblaze_0/libsrc/standalone_v8_0/src"

TRACE::2024-11-08.06:36:57::SCWMssOS::make -C microblaze_0/libsrc/standalone_v8_0/src -s libs  "SHELL=CMD" "COMPILER=mb-gcc" "ASSEMBLER=mb-as" "ARCHIVER=mb-ar" "COMP
TRACE::2024-11-08.06:36:57::SCWMssOS::ILER_FLAGS=  -O2 -c -mcpu=v11.0 -mlittle-endian -mno-xl-reorder -mno-xl-soft-mul -mxl-barrel-shift -mxl-pattern-compare" "EXTRA
TRACE::2024-11-08.06:36:57::SCWMssOS::_COMPILER_FLAGS=-g -ffunction-sections -fdata-sections -Wall -Wextra -fno-tree-loop-distribute-patterns"

TRACE::2024-11-08.06:36:57::SCWMssOS::"Running Make libs in microblaze_0/libsrc/uartlite_v3_7/src"

TRACE::2024-11-08.06:36:57::SCWMssOS::make -C microblaze_0/libsrc/uartlite_v3_7/src -s libs  "SHELL=CMD" "COMPILER=mb-gcc" "ASSEMBLER=mb-as" "ARCHIVER=mb-ar" "COMPIL
TRACE::2024-11-08.06:36:57::SCWMssOS::ER_FLAGS=  -O2 -c -mcpu=v11.0 -mlittle-endian -mno-xl-reorder -mno-xl-soft-mul -mxl-barrel-shift -mxl-pattern-compare" "EXTRA_C
TRACE::2024-11-08.06:36:57::SCWMssOS::OMPILER_FLAGS=-g -ffunction-sections -fdata-sections -Wall -Wextra -fno-tree-loop-distribute-patterns"

TRACE::2024-11-08.06:36:58::SCWMssOS::"DEBUG NON_LTO_OBJECTS is ../../../lib/microblaze_interrupt_handler.o"

TRACE::2024-11-08.06:36:58::SCWMssOS::'Finished building libraries parallelly.'

TRACE::2024-11-08.06:36:58::SCWMssOS::make --no-print-directory archive

TRACE::2024-11-08.06:36:58::SCWMssOS::mb-ar -r  microblaze_0/lib/libxil.a microblaze_0/lib/_exit.o microblaze_0/lib/errno.o microblaze_0/lib/fcntl.o microblaze_0/lib
TRACE::2024-11-08.06:36:58::SCWMssOS::/hw_exception_handler.o microblaze_0/lib/inbyte.o microblaze_0/lib/microblaze_disable_dcache.o microblaze_0/lib/microblaze_disa
TRACE::2024-11-08.06:36:58::SCWMssOS::ble_exceptions.o microblaze_0/lib/microblaze_disable_icache.o microblaze_0/lib/microblaze_disable_interrupts.o microblaze_0/lib
TRACE::2024-11-08.06:36:58::SCWMssOS::/microblaze_enable_dcache.o microblaze_0/lib/microblaze_enable_exceptions.o microblaze_0/lib/microblaze_enable_icache.o microbl
TRACE::2024-11-08.06:36:58::SCWMssOS::aze_0/lib/microblaze_enable_interrupts.o microblaze_0/lib/microblaze_exception_handler.o microblaze_0/lib/microblaze_flush_cach
TRACE::2024-11-08.06:36:58::SCWMssOS::e_ext.o microblaze_0/lib/microblaze_flush_cache_ext_range.o microblaze_0/lib/microblaze_flush_dcache.o microblaze_0/lib/microbl
TRACE::2024-11-08.06:36:58::SCWMssOS::aze_flush_dcache_range.o microblaze_0/lib/microblaze_init_dcache_range.o microblaze_0/lib/microblaze_init_icache_range.o microb
TRACE::2024-11-08.06:36:58::SCWMssOS::laze_0/lib/microblaze_interrupt_handler.o microblaze_0/lib/microblaze_interrupts_g.o microblaze_0/lib/microblaze_invalidate_cac
TRACE::2024-11-08.06:36:58::SCWMssOS::he_ext.o microblaze_0/lib/microblaze_invalidate_cache_ext_range.o microblaze_0/lib/microblaze_invalidate_dcache.o microblaze_0/
TRACE::2024-11-08.06:36:58::SCWMssOS::lib/microblaze_invalidate_dcache_range.o microblaze_0/lib/microblaze_invalidate_icache.o microblaze_0/lib/microblaze_invalidate
TRACE::2024-11-08.06:36:58::SCWMssOS::_icache_range.o microblaze_0/lib/microblaze_scrub.o microblaze_0/lib/microblaze_selftest.o microblaze_0/lib/microblaze_sleep.o 
TRACE::2024-11-08.06:36:58::SCWMssOS::microblaze_0/lib/microblaze_update_dcache.o microblaze_0/lib/microblaze_update_icache.o microblaze_0/lib/outbyte.o microblaze_0
TRACE::2024-11-08.06:36:58::SCWMssOS::/lib/print.o microblaze_0/lib/pvr.o microblaze_0/lib/xbram.o microblaze_0/lib/xbram_g.o microblaze_0/lib/xbram_intr.o microblaz
TRACE::2024-11-08.06:36:58::SCWMssOS::e_0/lib/xbram_selftest.o microblaze_0/lib/xbram_sinit.o microblaze_0/lib/xil_assert.o microblaze_0/lib/xil_cache.o microblaze_0
TRACE::2024-11-08.06:36:58::SCWMssOS::/lib/xil_clocking.o microblaze_0/lib/xil_exception.o microblaze_0/lib/xil_mem.o microblaze_0/lib/xil_misc_psreset_api.o microbl
TRACE::2024-11-08.06:36:58::SCWMssOS::aze_0/lib/xil_printf.o microblaze_0/lib/xil_sleepcommon.o microblaze_0/lib/xil_testcache.o microblaze_0/lib/xil_testio.o microb
TRACE::2024-11-08.06:36:58::SCWMssOS::laze_0/lib/xil_testmem.o microblaze_0/lib/xil_util.o microblaze_0/lib/xintc.o microblaze_0/lib/xintc_g.o microblaze_0/lib/xintc
TRACE::2024-11-08.06:36:58::SCWMssOS::_intr.o microblaze_0/lib/xintc_l.o microblaze_0/lib/xintc_options.o microblaze_0/lib/xintc_selftest.o microblaze_0/lib/xinterru
TRACE::2024-11-08.06:36:58::SCWMssOS::pt_wrap.o microblaze_0/lib/xio.o microblaze_0/lib/xplatform_info.o microblaze_0/lib/xuartlite.o microblaze_0/lib/xuartlite_g.o 
TRACE::2024-11-08.06:36:58::SCWMssOS::microblaze_0/lib/xuartlite_intr.o microblaze_0/lib/xuartlite_l.o microblaze_0/lib/xuartlite_selftest.o microblaze_0/lib/xuartli
TRACE::2024-11-08.06:36:58::SCWMssOS::te_sinit.o microblaze_0/lib/xuartlite_stats.o

TRACE::2024-11-08.06:36:58::SCWMssOS::'Finished building libraries'

TRACE::2024-11-08.06:36:58::SCWMssOS:: Checking if to create the Supporting Applications
TRACE::2024-11-08.06:36:58::SCWMssOS:: No Linux domain exists, trying to generate FSBL 
LOG::2024-11-08.06:36:58::SCWSystem::Completed Processing the domain standalone_microblaze_0
LOG::2024-11-08.06:36:58::SCWSystem::Completed Processing the sysconfig mb_usb_hdmi_top
LOG::2024-11-08.06:36:58::SCWPlatform::Completed generating the artifacts for system configuration mb_usb_hdmi_top
TRACE::2024-11-08.06:36:58::SCWPlatform::Started preparing the platform 
TRACE::2024-11-08.06:36:58::SCWSystem::Writing the bif file for system config mb_usb_hdmi_top
TRACE::2024-11-08.06:36:58::SCWSystem::dir created 
TRACE::2024-11-08.06:36:58::SCWSystem::Writing the bif 
TRACE::2024-11-08.06:36:58::SCWPlatform::Started writing the spfm file 
TRACE::2024-11-08.06:36:58::SCWPlatform::Started writing the xpfm file 
TRACE::2024-11-08.06:36:58::SCWPlatform::Completed generating the platform
TRACE::2024-11-08.06:36:58::SCWMssOS::Saving the mss changes C:/Users/realk/Desktop/ece385/ECE385/lab7_2/try5_sdk/mb_usb_hdmi_top/microblaze_0/standalone_microblaze_0/bsp/system.mss
TRACE::2024-11-08.06:36:58::SCWMssOS::Adding the swdes entry, mss present, able to open swdb C:/Users/realk/Desktop/ece385/ECE385/lab7_2/try5_sdk/mb_usb_hdmi_top/microblaze_0/standalone_microblaze_0/bsp/system.mss with des name system
TRACE::2024-11-08.06:36:58::SCWMssOS::Writing the mss file completed C:/Users/realk/Desktop/ece385/ECE385/lab7_2/try5_sdk/mb_usb_hdmi_top/microblaze_0/standalone_microblaze_0/bsp/system.mss
TRACE::2024-11-08.06:36:58::SCWMssOS::Commit changes completed.
TRACE::2024-11-08.06:36:58::SCWPlatform::Trying to open the hw design at C:/Users/realk/Desktop/ece385/ECE385/lab7_2/try5_sdk/mb_usb_hdmi_top/hw/mb_usb_hdmi_top.xsa
TRACE::2024-11-08.06:36:58::SCWPlatform::DSA given C:/Users/realk/Desktop/ece385/ECE385/lab7_2/try5_sdk/mb_usb_hdmi_top/hw/mb_usb_hdmi_top.xsa
TRACE::2024-11-08.06:36:58::SCWPlatform::DSA absoulate path C:/Users/realk/Desktop/ece385/ECE385/lab7_2/try5_sdk/mb_usb_hdmi_top/hw/mb_usb_hdmi_top.xsa
TRACE::2024-11-08.06:36:58::SCWPlatform::DSA directory C:/Users/realk/Desktop/ece385/ECE385/lab7_2/try5_sdk/mb_usb_hdmi_top/hw
TRACE::2024-11-08.06:36:58::SCWPlatform:: Platform Path C:/Users/realk/Desktop/ece385/ECE385/lab7_2/try5_sdk/mb_usb_hdmi_top/hw/mb_usb_hdmi_top.xsa
TRACE::2024-11-08.06:36:58::SCWPlatform:: Unique name xilinx:::0.0
TRACE::2024-11-08.06:36:58::SCWPlatform::Trying to set the existing hwdb with name mb_usb_hdmi_top_42
TRACE::2024-11-08.06:36:58::SCWPlatform::Opened existing hwdb mb_usb_hdmi_top_42
TRACE::2024-11-08.06:36:58::SCWPlatform::Found the Hw Db part of the input DSA
TRACE::2024-11-08.06:36:58::SCWMssOS::Checking the sw design at  C:/Users/realk/Desktop/ece385/ECE385/lab7_2/try5_sdk/mb_usb_hdmi_top/microblaze_0/standalone_microblaze_0/bsp/system.mss
TRACE::2024-11-08.06:36:58::SCWMssOS::DEBUG:  swdes dump  C:/Users/realk/Desktop/ece385/ECE385/lab7_2/try5_sdk/mb_usb_hdmi_top/microblaze_0/standalone_microblaze_0/bsp/system.mss|system||

TRACE::2024-11-08.06:36:58::SCWMssOS::Sw design exists and opened at  C:/Users/realk/Desktop/ece385/ECE385/lab7_2/try5_sdk/mb_usb_hdmi_top/microblaze_0/standalone_microblaze_0/bsp/system.mss
TRACE::2024-11-08.06:36:58::SCWWriter::formatted JSON is {
	"platformName":	"mb_usb_hdmi_top",
	"sprVersion":	"2.0",
	"mode":	"gui",
	"dsaType":	"Fixed",
	"platformDesc":	"mb_usb_hdmi_top",
	"platHandOff":	"C:/Users/realk/Desktop/ece385/ECE385/lab7_2/mb_usb_hdmi_top.xsa",
	"platIntHandOff":	"<platformDir>/hw/mb_usb_hdmi_top.xsa",
	"deviceType":	"FPGA",
	"platIsPrebuiltAutogen":	"false",
	"platIsNoBootBsp":	"false",
	"hasFsblMakeHasChanges":	"false",
	"hasPmufwMakeHasChanges":	"false",
	"platPreBuiltFlag":	false,
	"platformSamplesDir":	"",
	"platActiveSys":	"mb_usb_hdmi_top",
	"systems":	[{
			"systemName":	"mb_usb_hdmi_top",
			"systemDesc":	"mb_usb_hdmi_top",
			"sysIsBootAutoGen":	"true",
			"systemDispName":	"mb_usb_hdmi_top",
			"sysActiveDom":	"standalone_microblaze_0",
			"sysDefaultDom":	"standalone_microblaze_0",
			"domains":	[{
					"domainName":	"standalone_microblaze_0",
					"domainDispName":	"standalone_microblaze_0",
					"domainDesc":	"standalone_microblaze_0",
					"processors":	"microblaze_0",
					"os":	"standalone",
					"sdxOs":	"standalone",
					"debugEnable":	"False",
					"domRuntimes":	["cpp"],
					"swRepo":	"",
					"mssOsVer":	"8.0",
					"mssFile":	"",
					"md5Digest":	"5422c1e5be4ae93f4de8c50507402f2a",
					"compatibleApp":	"",
					"domType":	"mssDomain",
					"arch":	"32-bit",
					"appSettings":	{
						"appCompilerFlags":	"",
						"appLinkerFlags":	""
					},
					"addedLibs":	[],
					"libOptions":	{
						"libsContainingOptions":	[]
					},
					"prebuiltLibs":	{
						"prebuiltIncPath":	[],
						"prebuiltLibPath":	[]
					},
					"isolation":	{
					}
				}]
		}]
}
KEYINFO::2024-11-08.06:36:58::SCWPlatform::updated the xpfm file.
TRACE::2024-11-08.06:36:59::SCWPlatform::Trying to open the hw design at C:/Users/realk/Desktop/ece385/ECE385/lab7_2/try5_sdk/mb_usb_hdmi_top/hw/mb_usb_hdmi_top.xsa
TRACE::2024-11-08.06:36:59::SCWPlatform::DSA given C:/Users/realk/Desktop/ece385/ECE385/lab7_2/try5_sdk/mb_usb_hdmi_top/hw/mb_usb_hdmi_top.xsa
TRACE::2024-11-08.06:36:59::SCWPlatform::DSA absoulate path C:/Users/realk/Desktop/ece385/ECE385/lab7_2/try5_sdk/mb_usb_hdmi_top/hw/mb_usb_hdmi_top.xsa
TRACE::2024-11-08.06:36:59::SCWPlatform::DSA directory C:/Users/realk/Desktop/ece385/ECE385/lab7_2/try5_sdk/mb_usb_hdmi_top/hw
TRACE::2024-11-08.06:36:59::SCWPlatform:: Platform Path C:/Users/realk/Desktop/ece385/ECE385/lab7_2/try5_sdk/mb_usb_hdmi_top/hw/mb_usb_hdmi_top.xsa
TRACE::2024-11-08.06:36:59::SCWPlatform:: Unique name xilinx:::0.0
TRACE::2024-11-08.06:36:59::SCWPlatform::Trying to set the existing hwdb with name mb_usb_hdmi_top_42
TRACE::2024-11-08.06:36:59::SCWPlatform::Opened existing hwdb mb_usb_hdmi_top_42
TRACE::2024-11-08.06:36:59::SCWPlatform::Found the Hw Db part of the input DSA
TRACE::2024-11-08.06:36:59::SCWMssOS::Checking the sw design at  C:/Users/realk/Desktop/ece385/ECE385/lab7_2/try5_sdk/mb_usb_hdmi_top/microblaze_0/standalone_microblaze_0/bsp/system.mss
TRACE::2024-11-08.06:36:59::SCWMssOS::DEBUG:  swdes dump  C:/Users/realk/Desktop/ece385/ECE385/lab7_2/try5_sdk/mb_usb_hdmi_top/microblaze_0/standalone_microblaze_0/bsp/system.mss|system||

TRACE::2024-11-08.06:36:59::SCWMssOS::Sw design exists and opened at  C:/Users/realk/Desktop/ece385/ECE385/lab7_2/try5_sdk/mb_usb_hdmi_top/microblaze_0/standalone_microblaze_0/bsp/system.mss
TRACE::2024-11-08.06:45:53::SCWPlatform::Clearing the existing platform
TRACE::2024-11-08.06:45:53::SCWSystem::Clearing the existing sysconfig
TRACE::2024-11-08.06:45:53::SCWMssOS::Removing the swdes entry for  C:/Users/realk/Desktop/ece385/ECE385/lab7_2/try5_sdk/mb_usb_hdmi_top/microblaze_0/standalone_microblaze_0/bsp/system.mss
TRACE::2024-11-08.06:45:53::SCWSystem::Clearing the domains completed.
TRACE::2024-11-08.06:45:53::SCWPlatform::Clearing the opened hw db.
TRACE::2024-11-08.06:45:53::SCWPlatform::DSA given C:/Users/realk/Desktop/ece385/ECE385/lab7_2/try5_sdk/mb_usb_hdmi_top/hw/mb_usb_hdmi_top.xsa
TRACE::2024-11-08.06:45:53::SCWPlatform::DSA absoulate path C:/Users/realk/Desktop/ece385/ECE385/lab7_2/try5_sdk/mb_usb_hdmi_top/hw/mb_usb_hdmi_top.xsa
TRACE::2024-11-08.06:45:53::SCWPlatform:: Platform location is C:/Users/realk/Desktop/ece385/ECE385/lab7_2/try5_sdk/mb_usb_hdmi_top/hw
TRACE::2024-11-08.06:45:53::SCWPlatform:: Platform Path C:/Users/realk/Desktop/ece385/ECE385/lab7_2/try5_sdk/mb_usb_hdmi_top/hw/mb_usb_hdmi_top.xsa
TRACE::2024-11-08.06:45:53::SCWPlatform:: Unique name xilinx:::0.0
TRACE::2024-11-08.06:45:53::SCWPlatform::Removing the HwDB with name C:/Users/realk/Desktop/ece385/ECE385/lab7_2/try5_sdk/mb_usb_hdmi_top/hw/mb_usb_hdmi_top.xsa
TRACE::2024-11-08.06:45:53::SCWPlatform::Trying to open the hw design at C:/Users/realk/Desktop/ece385/ECE385/lab7_2/try5_sdk/mb_usb_hdmi_top/hw/mb_usb_hdmi_top.xsa
TRACE::2024-11-08.06:45:53::SCWPlatform::DSA given C:/Users/realk/Desktop/ece385/ECE385/lab7_2/try5_sdk/mb_usb_hdmi_top/hw/mb_usb_hdmi_top.xsa
TRACE::2024-11-08.06:45:53::SCWPlatform::DSA absoulate path C:/Users/realk/Desktop/ece385/ECE385/lab7_2/try5_sdk/mb_usb_hdmi_top/hw/mb_usb_hdmi_top.xsa
TRACE::2024-11-08.06:45:53::SCWPlatform::DSA directory C:/Users/realk/Desktop/ece385/ECE385/lab7_2/try5_sdk/mb_usb_hdmi_top/hw
TRACE::2024-11-08.06:45:53::SCWPlatform:: Platform Path C:/Users/realk/Desktop/ece385/ECE385/lab7_2/try5_sdk/mb_usb_hdmi_top/hw/mb_usb_hdmi_top.xsa
TRACE::2024-11-08.06:45:53::SCWPlatform:: Unique name xilinx:::0.0
TRACE::2024-11-08.06:45:53::SCWPlatform::Do not have an existing db opened. 
TRACE::2024-11-08.06:45:53::SCWPlatform::Opened new HwDB with name mb_usb_hdmi_top_44
TRACE::2024-11-08.06:45:53::SCWReader::Active system found as  mb_usb_hdmi_top
TRACE::2024-11-08.06:45:53::SCWReader::Handling sysconfig mb_usb_hdmi_top
TRACE::2024-11-08.06:45:53::SCWDomain::checking for install qemu data   : 
TRACE::2024-11-08.06:45:53::SCWPlatform::Trying to open the hw design at C:/Users/realk/Desktop/ece385/ECE385/lab7_2/try5_sdk/mb_usb_hdmi_top/hw/mb_usb_hdmi_top.xsa
TRACE::2024-11-08.06:45:53::SCWPlatform::DSA given C:/Users/realk/Desktop/ece385/ECE385/lab7_2/try5_sdk/mb_usb_hdmi_top/hw/mb_usb_hdmi_top.xsa
TRACE::2024-11-08.06:45:53::SCWPlatform::DSA absoulate path C:/Users/realk/Desktop/ece385/ECE385/lab7_2/try5_sdk/mb_usb_hdmi_top/hw/mb_usb_hdmi_top.xsa
TRACE::2024-11-08.06:45:53::SCWPlatform::DSA directory C:/Users/realk/Desktop/ece385/ECE385/lab7_2/try5_sdk/mb_usb_hdmi_top/hw
TRACE::2024-11-08.06:45:53::SCWPlatform:: Platform Path C:/Users/realk/Desktop/ece385/ECE385/lab7_2/try5_sdk/mb_usb_hdmi_top/hw/mb_usb_hdmi_top.xsa
TRACE::2024-11-08.06:45:53::SCWPlatform:: Unique name xilinx:::0.0
TRACE::2024-11-08.06:45:53::SCWPlatform::Trying to set the existing hwdb with name mb_usb_hdmi_top_44
TRACE::2024-11-08.06:45:53::SCWPlatform::Opened existing hwdb mb_usb_hdmi_top_44
TRACE::2024-11-08.06:45:53::SCWPlatform::Found the Hw Db part of the input DSA
TRACE::2024-11-08.06:45:53::SCWPlatform::Trying to open the hw design at C:/Users/realk/Desktop/ece385/ECE385/lab7_2/try5_sdk/mb_usb_hdmi_top/hw/mb_usb_hdmi_top.xsa
TRACE::2024-11-08.06:45:53::SCWPlatform::DSA given C:/Users/realk/Desktop/ece385/ECE385/lab7_2/try5_sdk/mb_usb_hdmi_top/hw/mb_usb_hdmi_top.xsa
TRACE::2024-11-08.06:45:53::SCWPlatform::DSA absoulate path C:/Users/realk/Desktop/ece385/ECE385/lab7_2/try5_sdk/mb_usb_hdmi_top/hw/mb_usb_hdmi_top.xsa
TRACE::2024-11-08.06:45:53::SCWPlatform::DSA directory C:/Users/realk/Desktop/ece385/ECE385/lab7_2/try5_sdk/mb_usb_hdmi_top/hw
TRACE::2024-11-08.06:45:53::SCWPlatform:: Platform Path C:/Users/realk/Desktop/ece385/ECE385/lab7_2/try5_sdk/mb_usb_hdmi_top/hw/mb_usb_hdmi_top.xsa
TRACE::2024-11-08.06:45:53::SCWPlatform:: Unique name xilinx:::0.0
TRACE::2024-11-08.06:45:53::SCWPlatform::Trying to set the existing hwdb with name mb_usb_hdmi_top_44
TRACE::2024-11-08.06:45:53::SCWPlatform::Opened existing hwdb mb_usb_hdmi_top_44
TRACE::2024-11-08.06:45:53::SCWPlatform::Found the Hw Db part of the input DSA
TRACE::2024-11-08.06:45:53::SCWPlatform::Trying to open the hw design at C:/Users/realk/Desktop/ece385/ECE385/lab7_2/try5_sdk/mb_usb_hdmi_top/hw/mb_usb_hdmi_top.xsa
TRACE::2024-11-08.06:45:53::SCWPlatform::DSA given C:/Users/realk/Desktop/ece385/ECE385/lab7_2/try5_sdk/mb_usb_hdmi_top/hw/mb_usb_hdmi_top.xsa
TRACE::2024-11-08.06:45:53::SCWPlatform::DSA absoulate path C:/Users/realk/Desktop/ece385/ECE385/lab7_2/try5_sdk/mb_usb_hdmi_top/hw/mb_usb_hdmi_top.xsa
TRACE::2024-11-08.06:45:53::SCWPlatform::DSA directory C:/Users/realk/Desktop/ece385/ECE385/lab7_2/try5_sdk/mb_usb_hdmi_top/hw
TRACE::2024-11-08.06:45:53::SCWPlatform:: Platform Path C:/Users/realk/Desktop/ece385/ECE385/lab7_2/try5_sdk/mb_usb_hdmi_top/hw/mb_usb_hdmi_top.xsa
TRACE::2024-11-08.06:45:53::SCWPlatform:: Unique name xilinx:::0.0
TRACE::2024-11-08.06:45:53::SCWPlatform::Trying to set the existing hwdb with name mb_usb_hdmi_top_44
TRACE::2024-11-08.06:45:53::SCWPlatform::Opened existing hwdb mb_usb_hdmi_top_44
TRACE::2024-11-08.06:45:53::SCWPlatform::Found the Hw Db part of the input DSA
TRACE::2024-11-08.06:45:53::SCWPlatform::Trying to open the hw design at C:/Users/realk/Desktop/ece385/ECE385/lab7_2/try5_sdk/mb_usb_hdmi_top/hw/mb_usb_hdmi_top.xsa
TRACE::2024-11-08.06:45:53::SCWPlatform::DSA given C:/Users/realk/Desktop/ece385/ECE385/lab7_2/try5_sdk/mb_usb_hdmi_top/hw/mb_usb_hdmi_top.xsa
TRACE::2024-11-08.06:45:53::SCWPlatform::DSA absoulate path C:/Users/realk/Desktop/ece385/ECE385/lab7_2/try5_sdk/mb_usb_hdmi_top/hw/mb_usb_hdmi_top.xsa
TRACE::2024-11-08.06:45:53::SCWPlatform::DSA directory C:/Users/realk/Desktop/ece385/ECE385/lab7_2/try5_sdk/mb_usb_hdmi_top/hw
TRACE::2024-11-08.06:45:53::SCWPlatform:: Platform Path C:/Users/realk/Desktop/ece385/ECE385/lab7_2/try5_sdk/mb_usb_hdmi_top/hw/mb_usb_hdmi_top.xsa
TRACE::2024-11-08.06:45:53::SCWPlatform:: Unique name xilinx:::0.0
TRACE::2024-11-08.06:45:53::SCWPlatform::Trying to set the existing hwdb with name mb_usb_hdmi_top_44
TRACE::2024-11-08.06:45:53::SCWPlatform::Opened existing hwdb mb_usb_hdmi_top_44
TRACE::2024-11-08.06:45:53::SCWPlatform::Found the Hw Db part of the input DSA
TRACE::2024-11-08.06:45:53::SCWMssOS::Checking the sw design at  C:/Users/realk/Desktop/ece385/ECE385/lab7_2/try5_sdk/mb_usb_hdmi_top/microblaze_0/standalone_microblaze_0/bsp/system.mss
TRACE::2024-11-08.06:45:53::SCWMssOS::DEBUG:  swdes dump  
TRACE::2024-11-08.06:45:53::SCWMssOS::No sw design opened at  C:/Users/realk/Desktop/ece385/ECE385/lab7_2/try5_sdk/mb_usb_hdmi_top/microblaze_0/standalone_microblaze_0/bsp/system.mss
TRACE::2024-11-08.06:45:53::SCWMssOS::mss exists loading the mss file  C:/Users/realk/Desktop/ece385/ECE385/lab7_2/try5_sdk/mb_usb_hdmi_top/microblaze_0/standalone_microblaze_0/bsp/system.mss
TRACE::2024-11-08.06:45:53::SCWMssOS::Opened the sw design from mss  C:/Users/realk/Desktop/ece385/ECE385/lab7_2/try5_sdk/mb_usb_hdmi_top/microblaze_0/standalone_microblaze_0/bsp/system.mss
TRACE::2024-11-08.06:45:53::SCWMssOS::Adding the swdes entry C:/Users/realk/Desktop/ece385/ECE385/lab7_2/try5_sdk/mb_usb_hdmi_top/microblaze_0/standalone_microblaze_0/bsp/system.mss with des name system
TRACE::2024-11-08.06:45:53::SCWMssOS::updating the scw layer about changes
TRACE::2024-11-08.06:45:53::SCWMssOS::Opened the sw design.  C:/Users/realk/Desktop/ece385/ECE385/lab7_2/try5_sdk/mb_usb_hdmi_top/microblaze_0/standalone_microblaze_0/bsp/system.mss
TRACE::2024-11-08.06:45:53::SCWMssOS::Saving the mss changes C:/Users/realk/Desktop/ece385/ECE385/lab7_2/try5_sdk/mb_usb_hdmi_top/microblaze_0/standalone_microblaze_0/bsp/system.mss
TRACE::2024-11-08.06:45:53::SCWMssOS::Found a swdesign opened with the mssfile.
TRACE::2024-11-08.06:45:53::SCWMssOS::Completed writemss as part of save.
TRACE::2024-11-08.06:45:53::SCWMssOS::Commit changes completed.
TRACE::2024-11-08.06:45:53::SCWReader::Adding prebuilt librarypaths as   
TRACE::2024-11-08.06:45:53::SCWReader::Adding prebuilt incpaths  as   
TRACE::2024-11-08.06:45:53::SCWPlatform::Trying to open the hw design at C:/Users/realk/Desktop/ece385/ECE385/lab7_2/try5_sdk/mb_usb_hdmi_top/hw/mb_usb_hdmi_top.xsa
TRACE::2024-11-08.06:45:53::SCWPlatform::DSA given C:/Users/realk/Desktop/ece385/ECE385/lab7_2/try5_sdk/mb_usb_hdmi_top/hw/mb_usb_hdmi_top.xsa
TRACE::2024-11-08.06:45:53::SCWPlatform::DSA absoulate path C:/Users/realk/Desktop/ece385/ECE385/lab7_2/try5_sdk/mb_usb_hdmi_top/hw/mb_usb_hdmi_top.xsa
TRACE::2024-11-08.06:45:53::SCWPlatform::DSA directory C:/Users/realk/Desktop/ece385/ECE385/lab7_2/try5_sdk/mb_usb_hdmi_top/hw
TRACE::2024-11-08.06:45:53::SCWPlatform:: Platform Path C:/Users/realk/Desktop/ece385/ECE385/lab7_2/try5_sdk/mb_usb_hdmi_top/hw/mb_usb_hdmi_top.xsa
TRACE::2024-11-08.06:45:53::SCWPlatform:: Unique name xilinx:::0.0
TRACE::2024-11-08.06:45:53::SCWPlatform::Trying to set the existing hwdb with name mb_usb_hdmi_top_44
TRACE::2024-11-08.06:45:53::SCWPlatform::Opened existing hwdb mb_usb_hdmi_top_44
TRACE::2024-11-08.06:45:53::SCWPlatform::Found the Hw Db part of the input DSA
TRACE::2024-11-08.06:45:53::SCWMssOS::Checking the sw design at  C:/Users/realk/Desktop/ece385/ECE385/lab7_2/try5_sdk/mb_usb_hdmi_top/microblaze_0/standalone_microblaze_0/bsp/system.mss
TRACE::2024-11-08.06:45:53::SCWMssOS::DEBUG:  swdes dump  C:/Users/realk/Desktop/ece385/ECE385/lab7_2/try5_sdk/mb_usb_hdmi_top/microblaze_0/standalone_microblaze_0/bsp/system.mss|system||

TRACE::2024-11-08.06:45:53::SCWMssOS::Sw design exists and opened at  C:/Users/realk/Desktop/ece385/ECE385/lab7_2/try5_sdk/mb_usb_hdmi_top/microblaze_0/standalone_microblaze_0/bsp/system.mss
TRACE::2024-11-08.06:45:53::SCWReader::No isolation master present  
TRACE::2024-11-08.06:45:55::SCWPlatform::DSA given C:/Users/realk/Desktop/ece385/ECE385/lab7_2/try5_sdk/mb_usb_hdmi_top/tempdsa/mb_usb_hdmi_top.xsa
TRACE::2024-11-08.06:45:55::SCWPlatform::DSA absoulate path C:/Users/realk/Desktop/ece385/ECE385/lab7_2/try5_sdk/mb_usb_hdmi_top/tempdsa/mb_usb_hdmi_top.xsa
TRACE::2024-11-08.06:45:55::SCWPlatform:: Platform location is C:/Users/realk/Desktop/ece385/ECE385/lab7_2/try5_sdk/mb_usb_hdmi_top/tempdsa
TRACE::2024-11-08.06:45:55::SCWPlatform:: Platform Path C:/Users/realk/Desktop/ece385/ECE385/lab7_2/try5_sdk/mb_usb_hdmi_top/tempdsa/mb_usb_hdmi_top.xsa
TRACE::2024-11-08.06:45:55::SCWPlatform:: Unique name xilinx:::0.0
TRACE::2024-11-08.06:45:55::SCWPlatform::Found the Hw Db part of the input DSA
TRACE::2024-11-08.06:45:55::SCWMssOS::Doing hw sync for the mss in domain: standalone_microblaze_0
TRACE::2024-11-08.06:45:55::SCWPlatform::Trying to open the hw design at C:/Users/realk/Desktop/ece385/ECE385/lab7_2/try5_sdk/mb_usb_hdmi_top/hw/mb_usb_hdmi_top.xsa
TRACE::2024-11-08.06:45:55::SCWPlatform::DSA given C:/Users/realk/Desktop/ece385/ECE385/lab7_2/try5_sdk/mb_usb_hdmi_top/hw/mb_usb_hdmi_top.xsa
TRACE::2024-11-08.06:45:55::SCWPlatform::DSA absoulate path C:/Users/realk/Desktop/ece385/ECE385/lab7_2/try5_sdk/mb_usb_hdmi_top/hw/mb_usb_hdmi_top.xsa
TRACE::2024-11-08.06:45:55::SCWPlatform::DSA directory C:/Users/realk/Desktop/ece385/ECE385/lab7_2/try5_sdk/mb_usb_hdmi_top/hw
TRACE::2024-11-08.06:45:55::SCWPlatform:: Platform Path C:/Users/realk/Desktop/ece385/ECE385/lab7_2/try5_sdk/mb_usb_hdmi_top/hw/mb_usb_hdmi_top.xsa
TRACE::2024-11-08.06:45:55::SCWPlatform:: Unique name xilinx:::0.0
TRACE::2024-11-08.06:45:55::SCWPlatform::Trying to set the existing hwdb with name mb_usb_hdmi_top_44
TRACE::2024-11-08.06:45:55::SCWPlatform::Opened existing hwdb mb_usb_hdmi_top_44
TRACE::2024-11-08.06:45:55::SCWPlatform::Found the Hw Db part of the input DSA
TRACE::2024-11-08.06:45:55::SCWPlatform::Trying to open the hw design at C:/Users/realk/Desktop/ece385/ECE385/lab7_2/try5_sdk/mb_usb_hdmi_top/hw/mb_usb_hdmi_top.xsa
TRACE::2024-11-08.06:45:55::SCWPlatform::DSA given C:/Users/realk/Desktop/ece385/ECE385/lab7_2/try5_sdk/mb_usb_hdmi_top/hw/mb_usb_hdmi_top.xsa
TRACE::2024-11-08.06:45:55::SCWPlatform::DSA absoulate path C:/Users/realk/Desktop/ece385/ECE385/lab7_2/try5_sdk/mb_usb_hdmi_top/hw/mb_usb_hdmi_top.xsa
TRACE::2024-11-08.06:45:55::SCWPlatform::DSA directory C:/Users/realk/Desktop/ece385/ECE385/lab7_2/try5_sdk/mb_usb_hdmi_top/hw
TRACE::2024-11-08.06:45:55::SCWPlatform:: Platform Path C:/Users/realk/Desktop/ece385/ECE385/lab7_2/try5_sdk/mb_usb_hdmi_top/hw/mb_usb_hdmi_top.xsa
TRACE::2024-11-08.06:45:55::SCWPlatform:: Unique name xilinx:::0.0
TRACE::2024-11-08.06:45:55::SCWPlatform::Trying to set the existing hwdb with name mb_usb_hdmi_top_44
TRACE::2024-11-08.06:45:55::SCWPlatform::Opened existing hwdb mb_usb_hdmi_top_44
TRACE::2024-11-08.06:45:55::SCWPlatform::Found the Hw Db part of the input DSA
TRACE::2024-11-08.06:45:55::SCWMssOS::Checking the sw design at  C:/Users/realk/Desktop/ece385/ECE385/lab7_2/try5_sdk/mb_usb_hdmi_top/microblaze_0/standalone_microblaze_0/bsp/system.mss
TRACE::2024-11-08.06:45:55::SCWMssOS::DEBUG:  swdes dump  C:/Users/realk/Desktop/ece385/ECE385/lab7_2/try5_sdk/mb_usb_hdmi_top/microblaze_0/standalone_microblaze_0/bsp/system.mss|system||

TRACE::2024-11-08.06:45:55::SCWMssOS::Sw design exists and opened at  C:/Users/realk/Desktop/ece385/ECE385/lab7_2/try5_sdk/mb_usb_hdmi_top/microblaze_0/standalone_microblaze_0/bsp/system.mss
TRACE::2024-11-08.06:45:55::SCWPlatform::Trying to open the hw design at C:/Users/realk/Desktop/ece385/ECE385/lab7_2/try5_sdk/mb_usb_hdmi_top/tempdsa/mb_usb_hdmi_top.xsa
TRACE::2024-11-08.06:45:55::SCWPlatform::DSA given C:/Users/realk/Desktop/ece385/ECE385/lab7_2/try5_sdk/mb_usb_hdmi_top/tempdsa/mb_usb_hdmi_top.xsa
TRACE::2024-11-08.06:45:55::SCWPlatform::DSA absoulate path C:/Users/realk/Desktop/ece385/ECE385/lab7_2/try5_sdk/mb_usb_hdmi_top/tempdsa/mb_usb_hdmi_top.xsa
TRACE::2024-11-08.06:45:55::SCWPlatform::DSA directory C:/Users/realk/Desktop/ece385/ECE385/lab7_2/try5_sdk/mb_usb_hdmi_top/tempdsa
TRACE::2024-11-08.06:45:55::SCWPlatform:: Platform Path C:/Users/realk/Desktop/ece385/ECE385/lab7_2/try5_sdk/mb_usb_hdmi_top/tempdsa/mb_usb_hdmi_top.xsa
TRACE::2024-11-08.06:45:55::SCWPlatform:: Unique name xilinx:::0.0
TRACE::2024-11-08.06:45:55::SCWPlatform::update - Opened existing hwdb mb_usb_hdmi_top_45
TRACE::2024-11-08.06:45:55::SCWPlatform::Found the Hw Db part of the input DSA
TRACE::2024-11-08.06:45:55::SCWMssOS::Saving the mss changes C:/Users/realk/Desktop/ece385/ECE385/lab7_2/try5_sdk/mb_usb_hdmi_top/microblaze_0/standalone_microblaze_0/bsp/system.mss
TRACE::2024-11-08.06:45:55::SCWMssOS::Found a swdesign opened with the mssfile.
TRACE::2024-11-08.06:45:55::SCWMssOS::Completed writemss as part of save.
TRACE::2024-11-08.06:45:55::SCWMssOS::Commit changes completed.
TRACE::2024-11-08.06:45:55::SCWMssOS::Completed hw sync for the mss in domain: standalone_microblaze_0
TRACE::2024-11-08.06:45:55::SCWMssOS::Removing the swdes entry for  C:/Users/realk/Desktop/ece385/ECE385/lab7_2/try5_sdk/mb_usb_hdmi_top/microblaze_0/standalone_microblaze_0/bsp/system.mss
TRACE::2024-11-08.06:45:55::SCWPlatform::Trying to open the hw design at C:/Users/realk/Desktop/ece385/ECE385/lab7_2/try5_sdk/mb_usb_hdmi_top/hw/mb_usb_hdmi_top.xsa
TRACE::2024-11-08.06:45:55::SCWPlatform::DSA given C:/Users/realk/Desktop/ece385/ECE385/lab7_2/try5_sdk/mb_usb_hdmi_top/hw/mb_usb_hdmi_top.xsa
TRACE::2024-11-08.06:45:55::SCWPlatform::DSA absoulate path C:/Users/realk/Desktop/ece385/ECE385/lab7_2/try5_sdk/mb_usb_hdmi_top/hw/mb_usb_hdmi_top.xsa
TRACE::2024-11-08.06:45:55::SCWPlatform::DSA directory C:/Users/realk/Desktop/ece385/ECE385/lab7_2/try5_sdk/mb_usb_hdmi_top/hw
TRACE::2024-11-08.06:45:55::SCWPlatform:: Platform Path C:/Users/realk/Desktop/ece385/ECE385/lab7_2/try5_sdk/mb_usb_hdmi_top/hw/mb_usb_hdmi_top.xsa
TRACE::2024-11-08.06:45:55::SCWPlatform:: Unique name xilinx:::0.0
TRACE::2024-11-08.06:45:55::SCWPlatform::Do not have an existing db opened. 
TRACE::2024-11-08.06:45:56::SCWPlatform::Opened new HwDB with name mb_usb_hdmi_top_46
TRACE::2024-11-08.06:45:56::SCWMssOS::Saving the mss changes C:/Users/realk/Desktop/ece385/ECE385/lab7_2/try5_sdk/mb_usb_hdmi_top/microblaze_0/standalone_microblaze_0/bsp/system.mss
TRACE::2024-11-08.06:45:56::SCWMssOS::Adding the swdes entry, mss present, able to open swdb C:/Users/realk/Desktop/ece385/ECE385/lab7_2/try5_sdk/mb_usb_hdmi_top/microblaze_0/standalone_microblaze_0/bsp/system.mss with des name system
TRACE::2024-11-08.06:45:56::SCWMssOS::Writing the mss file completed C:/Users/realk/Desktop/ece385/ECE385/lab7_2/try5_sdk/mb_usb_hdmi_top/microblaze_0/standalone_microblaze_0/bsp/system.mss
TRACE::2024-11-08.06:45:56::SCWMssOS::Commit changes completed.
TRACE::2024-11-08.06:45:56::SCWPlatform::Trying to open the hw design at C:/Users/realk/Desktop/ece385/ECE385/lab7_2/try5_sdk/mb_usb_hdmi_top/hw/mb_usb_hdmi_top.xsa
TRACE::2024-11-08.06:45:56::SCWPlatform::DSA given C:/Users/realk/Desktop/ece385/ECE385/lab7_2/try5_sdk/mb_usb_hdmi_top/hw/mb_usb_hdmi_top.xsa
TRACE::2024-11-08.06:45:56::SCWPlatform::DSA absoulate path C:/Users/realk/Desktop/ece385/ECE385/lab7_2/try5_sdk/mb_usb_hdmi_top/hw/mb_usb_hdmi_top.xsa
TRACE::2024-11-08.06:45:56::SCWPlatform::DSA directory C:/Users/realk/Desktop/ece385/ECE385/lab7_2/try5_sdk/mb_usb_hdmi_top/hw
TRACE::2024-11-08.06:45:56::SCWPlatform:: Platform Path C:/Users/realk/Desktop/ece385/ECE385/lab7_2/try5_sdk/mb_usb_hdmi_top/hw/mb_usb_hdmi_top.xsa
TRACE::2024-11-08.06:45:56::SCWPlatform:: Unique name xilinx:::0.0
TRACE::2024-11-08.06:45:56::SCWPlatform::Trying to set the existing hwdb with name mb_usb_hdmi_top_46
TRACE::2024-11-08.06:45:56::SCWPlatform::Opened existing hwdb mb_usb_hdmi_top_46
TRACE::2024-11-08.06:45:56::SCWPlatform::Found the Hw Db part of the input DSA
TRACE::2024-11-08.06:45:56::SCWMssOS::Checking the sw design at  C:/Users/realk/Desktop/ece385/ECE385/lab7_2/try5_sdk/mb_usb_hdmi_top/microblaze_0/standalone_microblaze_0/bsp/system.mss
TRACE::2024-11-08.06:45:56::SCWMssOS::DEBUG:  swdes dump  C:/Users/realk/Desktop/ece385/ECE385/lab7_2/try5_sdk/mb_usb_hdmi_top/microblaze_0/standalone_microblaze_0/bsp/system.mss|system||

TRACE::2024-11-08.06:45:56::SCWMssOS::Sw design exists and opened at  C:/Users/realk/Desktop/ece385/ECE385/lab7_2/try5_sdk/mb_usb_hdmi_top/microblaze_0/standalone_microblaze_0/bsp/system.mss
TRACE::2024-11-08.06:45:56::SCWWriter::formatted JSON is {
	"platformName":	"mb_usb_hdmi_top",
	"sprVersion":	"2.0",
	"mode":	"gui",
	"dsaType":	"Fixed",
	"platformDesc":	"mb_usb_hdmi_top",
	"platHandOff":	"C:/Users/realk/Desktop/ece385/ECE385/lab7_2/mb_usb_hdmi_top.xsa",
	"platIntHandOff":	"<platformDir>/hw/mb_usb_hdmi_top.xsa",
	"deviceType":	"FPGA",
	"platIsPrebuiltAutogen":	"false",
	"platIsNoBootBsp":	"false",
	"hasFsblMakeHasChanges":	"false",
	"hasPmufwMakeHasChanges":	"false",
	"platPreBuiltFlag":	false,
	"platformSamplesDir":	"",
	"platActiveSys":	"mb_usb_hdmi_top",
	"systems":	[{
			"systemName":	"mb_usb_hdmi_top",
			"systemDesc":	"mb_usb_hdmi_top",
			"sysIsBootAutoGen":	"true",
			"systemDispName":	"mb_usb_hdmi_top",
			"sysActiveDom":	"standalone_microblaze_0",
			"sysDefaultDom":	"standalone_microblaze_0",
			"domains":	[{
					"domainName":	"standalone_microblaze_0",
					"domainDispName":	"standalone_microblaze_0",
					"domainDesc":	"standalone_microblaze_0",
					"processors":	"microblaze_0",
					"os":	"standalone",
					"sdxOs":	"standalone",
					"debugEnable":	"False",
					"domRuntimes":	["cpp"],
					"swRepo":	"",
					"mssOsVer":	"8.0",
					"mssFile":	"",
					"md5Digest":	"5422c1e5be4ae93f4de8c50507402f2a1",
					"compatibleApp":	"",
					"domType":	"mssDomain",
					"arch":	"32-bit",
					"appSettings":	{
						"appCompilerFlags":	"",
						"appLinkerFlags":	""
					},
					"addedLibs":	[],
					"libOptions":	{
						"libsContainingOptions":	[]
					},
					"prebuiltLibs":	{
						"prebuiltIncPath":	[],
						"prebuiltLibPath":	[]
					},
					"isolation":	{
					}
				}]
		}]
}
TRACE::2024-11-08.06:46:03::SCWMssOS::cleaning the bsp 
TRACE::2024-11-08.06:46:03::SCWMssOS::System Command Ran  C: & cd  C:/Users/realk/Desktop/ece385/ECE385/lab7_2/try5_sdk/mb_usb_hdmi_top/microblaze_0/standalone_microblaze_0/bsp & make clean 
TRACE::2024-11-08.06:46:03::SCWMssOS::make -C microblaze_0/libsrc/bram_v4_8/src -s clean 

TRACE::2024-11-08.06:46:03::SCWMssOS::make -C microblaze_0/libsrc/cpu_v2_16/src -s clean 

TRACE::2024-11-08.06:46:03::SCWMssOS::make -C microblaze_0/libsrc/intc_v3_15/src -s clean 

TRACE::2024-11-08.06:46:03::SCWMssOS::make -C microblaze_0/libsrc/standalone_v8_0/src -s clean 

TRACE::2024-11-08.06:46:04::SCWMssOS::make -C microblaze_0/libsrc/uartlite_v3_7/src -s clean 

TRACE::2024-11-08.06:46:04::SCWMssOS::rm -f microblaze_0/lib/libxil.a

LOG::2024-11-08.06:46:13::SCWPlatform::Started generating the artifacts platform mb_usb_hdmi_top
TRACE::2024-11-08.06:46:13::SCWPlatform::Sanity checking of platform is completed
LOG::2024-11-08.06:46:13::SCWPlatform::Started generating the artifacts for system configuration mb_usb_hdmi_top
LOG::2024-11-08.06:46:13::SCWSystem::Checking the domain standalone_microblaze_0
LOG::2024-11-08.06:46:13::SCWSystem::Not a boot domain 
LOG::2024-11-08.06:46:13::SCWSystem::Started Processing the domain standalone_microblaze_0
TRACE::2024-11-08.06:46:13::SCWDomain::Generating domain artifcats
TRACE::2024-11-08.06:46:13::SCWMssOS::Generating standalone artifcats
TRACE::2024-11-08.06:46:13::SCWMssOS:: Copying the user libraries. 
TRACE::2024-11-08.06:46:13::SCWPlatform::Trying to open the hw design at C:/Users/realk/Desktop/ece385/ECE385/lab7_2/try5_sdk/mb_usb_hdmi_top/hw/mb_usb_hdmi_top.xsa
TRACE::2024-11-08.06:46:13::SCWPlatform::DSA given C:/Users/realk/Desktop/ece385/ECE385/lab7_2/try5_sdk/mb_usb_hdmi_top/hw/mb_usb_hdmi_top.xsa
TRACE::2024-11-08.06:46:13::SCWPlatform::DSA absoulate path C:/Users/realk/Desktop/ece385/ECE385/lab7_2/try5_sdk/mb_usb_hdmi_top/hw/mb_usb_hdmi_top.xsa
TRACE::2024-11-08.06:46:13::SCWPlatform::DSA directory C:/Users/realk/Desktop/ece385/ECE385/lab7_2/try5_sdk/mb_usb_hdmi_top/hw
TRACE::2024-11-08.06:46:13::SCWPlatform:: Platform Path C:/Users/realk/Desktop/ece385/ECE385/lab7_2/try5_sdk/mb_usb_hdmi_top/hw/mb_usb_hdmi_top.xsa
TRACE::2024-11-08.06:46:13::SCWPlatform:: Unique name xilinx:::0.0
TRACE::2024-11-08.06:46:13::SCWPlatform::Trying to set the existing hwdb with name mb_usb_hdmi_top_46
TRACE::2024-11-08.06:46:13::SCWPlatform::Opened existing hwdb mb_usb_hdmi_top_46
TRACE::2024-11-08.06:46:13::SCWPlatform::Found the Hw Db part of the input DSA
TRACE::2024-11-08.06:46:13::SCWMssOS::Checking the sw design at  C:/Users/realk/Desktop/ece385/ECE385/lab7_2/try5_sdk/mb_usb_hdmi_top/microblaze_0/standalone_microblaze_0/bsp/system.mss
TRACE::2024-11-08.06:46:13::SCWMssOS::DEBUG:  swdes dump  C:/Users/realk/Desktop/ece385/ECE385/lab7_2/try5_sdk/mb_usb_hdmi_top/microblaze_0/standalone_microblaze_0/bsp/system.mss|system||

TRACE::2024-11-08.06:46:13::SCWMssOS::Sw design exists and opened at  C:/Users/realk/Desktop/ece385/ECE385/lab7_2/try5_sdk/mb_usb_hdmi_top/microblaze_0/standalone_microblaze_0/bsp/system.mss
TRACE::2024-11-08.06:46:13::SCWMssOS::Completed writing the mss file at C:/Users/realk/Desktop/ece385/ECE385/lab7_2/try5_sdk/mb_usb_hdmi_top/microblaze_0/standalone_microblaze_0/bsp
TRACE::2024-11-08.06:46:13::SCWMssOS::Mss edits present, copying mssfile into export location C:/Users/realk/Desktop/ece385/ECE385/lab7_2/try5_sdk/mb_usb_hdmi_top/microblaze_0/standalone_microblaze_0/bsp/system.mss
TRACE::2024-11-08.06:46:13::SCWMssOS::bsp generated is stale removing and regenerating. 
TRACE::2024-11-08.06:46:14::SCWMssOS::doing bsp build ... 
TRACE::2024-11-08.06:46:14::SCWMssOS::System Command Ran  C: & cd  C:/Users/realk/Desktop/ece385/ECE385/lab7_2/try5_sdk/mb_usb_hdmi_top/microblaze_0/standalone_microblaze_0/bsp & make 
TRACE::2024-11-08.06:46:14::SCWMssOS::make --no-print-directory seq_libs

TRACE::2024-11-08.06:46:14::SCWMssOS::'Finished building libraries sequentially.'

TRACE::2024-11-08.06:46:14::SCWMssOS::make -j 14 --no-print-directory par_libs

TRACE::2024-11-08.06:46:14::SCWMssOS::"Running Make include in microblaze_0/libsrc/bram_v4_8/src"

TRACE::2024-11-08.06:46:14::SCWMssOS::make -C microblaze_0/libsrc/bram_v4_8/src -s include  "SHELL=CMD" "COMPILER=mb-gcc" "ASSEMBLER=mb-as" "ARCHIVER=mb-ar" "COMPILE
TRACE::2024-11-08.06:46:14::SCWMssOS::R_FLAGS=  -O2 -c -mcpu=v11.0 -mlittle-endian -mno-xl-reorder -mno-xl-soft-mul -mxl-barrel-shift -mxl-pattern-compare" "EXTRA_CO
TRACE::2024-11-08.06:46:14::SCWMssOS::MPILER_FLAGS=-g -ffunction-sections -fdata-sections -Wall -Wextra -fno-tree-loop-distribute-patterns"

TRACE::2024-11-08.06:46:14::SCWMssOS::"Running Make include in microblaze_0/libsrc/cpu_v2_16/src"

TRACE::2024-11-08.06:46:14::SCWMssOS::make -C microblaze_0/libsrc/cpu_v2_16/src -s include  "SHELL=CMD" "COMPILER=mb-gcc" "ASSEMBLER=mb-as" "ARCHIVER=mb-ar" "COMPILE
TRACE::2024-11-08.06:46:14::SCWMssOS::R_FLAGS=  -O2 -c -mcpu=v11.0 -mlittle-endian -mno-xl-reorder -mno-xl-soft-mul -mxl-barrel-shift -mxl-pattern-compare" "EXTRA_CO
TRACE::2024-11-08.06:46:14::SCWMssOS::MPILER_FLAGS=-g -ffunction-sections -fdata-sections -Wall -Wextra -fno-tree-loop-distribute-patterns"

TRACE::2024-11-08.06:46:14::SCWMssOS::"Running Make include in microblaze_0/libsrc/intc_v3_15/src"

TRACE::2024-11-08.06:46:14::SCWMssOS::make -C microblaze_0/libsrc/intc_v3_15/src -s include  "SHELL=CMD" "COMPILER=mb-gcc" "ASSEMBLER=mb-as" "ARCHIVER=mb-ar" "COMPIL
TRACE::2024-11-08.06:46:14::SCWMssOS::ER_FLAGS=  -O2 -c -mcpu=v11.0 -mlittle-endian -mno-xl-reorder -mno-xl-soft-mul -mxl-barrel-shift -mxl-pattern-compare" "EXTRA_C
TRACE::2024-11-08.06:46:14::SCWMssOS::OMPILER_FLAGS=-g -ffunction-sections -fdata-sections -Wall -Wextra -fno-tree-loop-distribute-patterns"

TRACE::2024-11-08.06:46:14::SCWMssOS::"Running Make include in microblaze_0/libsrc/standalone_v8_0/src"

TRACE::2024-11-08.06:46:14::SCWMssOS::make -C microblaze_0/libsrc/standalone_v8_0/src -s include  "SHELL=CMD" "COMPILER=mb-gcc" "ASSEMBLER=mb-as" "ARCHIVER=mb-ar" "C
TRACE::2024-11-08.06:46:14::SCWMssOS::OMPILER_FLAGS=  -O2 -c -mcpu=v11.0 -mlittle-endian -mno-xl-reorder -mno-xl-soft-mul -mxl-barrel-shift -mxl-pattern-compare" "EX
TRACE::2024-11-08.06:46:14::SCWMssOS::TRA_COMPILER_FLAGS=-g -ffunction-sections -fdata-sections -Wall -Wextra -fno-tree-loop-distribute-patterns"

TRACE::2024-11-08.06:46:14::SCWMssOS::"Running Make include in microblaze_0/libsrc/uartlite_v3_7/src"

TRACE::2024-11-08.06:46:14::SCWMssOS::make -C microblaze_0/libsrc/uartlite_v3_7/src -s include  "SHELL=CMD" "COMPILER=mb-gcc" "ASSEMBLER=mb-as" "ARCHIVER=mb-ar" "COM
TRACE::2024-11-08.06:46:14::SCWMssOS::PILER_FLAGS=  -O2 -c -mcpu=v11.0 -mlittle-endian -mno-xl-reorder -mno-xl-soft-mul -mxl-barrel-shift -mxl-pattern-compare" "EXTR
TRACE::2024-11-08.06:46:14::SCWMssOS::A_COMPILER_FLAGS=-g -ffunction-sections -fdata-sections -Wall -Wextra -fno-tree-loop-distribute-patterns"

TRACE::2024-11-08.06:46:15::SCWMssOS::"Running Make libs in microblaze_0/libsrc/bram_v4_8/src"

TRACE::2024-11-08.06:46:15::SCWMssOS::make -C microblaze_0/libsrc/bram_v4_8/src -s libs  "SHELL=CMD" "COMPILER=mb-gcc" "ASSEMBLER=mb-as" "ARCHIVER=mb-ar" "COMPILER_F
TRACE::2024-11-08.06:46:15::SCWMssOS::LAGS=  -O2 -c -mcpu=v11.0 -mlittle-endian -mno-xl-reorder -mno-xl-soft-mul -mxl-barrel-shift -mxl-pattern-compare" "EXTRA_COMPI
TRACE::2024-11-08.06:46:15::SCWMssOS::LER_FLAGS=-g -ffunction-sections -fdata-sections -Wall -Wextra -fno-tree-loop-distribute-patterns"

TRACE::2024-11-08.06:46:15::SCWMssOS::"Running Make libs in microblaze_0/libsrc/cpu_v2_16/src"

TRACE::2024-11-08.06:46:15::SCWMssOS::make -C microblaze_0/libsrc/cpu_v2_16/src -s libs  "SHELL=CMD" "COMPILER=mb-gcc" "ASSEMBLER=mb-as" "ARCHIVER=mb-ar" "COMPILER_F
TRACE::2024-11-08.06:46:15::SCWMssOS::LAGS=  -O2 -c -mcpu=v11.0 -mlittle-endian -mno-xl-reorder -mno-xl-soft-mul -mxl-barrel-shift -mxl-pattern-compare" "EXTRA_COMPI
TRACE::2024-11-08.06:46:15::SCWMssOS::LER_FLAGS=-g -ffunction-sections -fdata-sections -Wall -Wextra -fno-tree-loop-distribute-patterns"

TRACE::2024-11-08.06:46:15::SCWMssOS::"Running Make libs in microblaze_0/libsrc/intc_v3_15/src"

TRACE::2024-11-08.06:46:15::SCWMssOS::make -C microblaze_0/libsrc/intc_v3_15/src -s libs  "SHELL=CMD" "COMPILER=mb-gcc" "ASSEMBLER=mb-as" "ARCHIVER=mb-ar" "COMPILER_
TRACE::2024-11-08.06:46:15::SCWMssOS::FLAGS=  -O2 -c -mcpu=v11.0 -mlittle-endian -mno-xl-reorder -mno-xl-soft-mul -mxl-barrel-shift -mxl-pattern-compare" "EXTRA_COMP
TRACE::2024-11-08.06:46:15::SCWMssOS::ILER_FLAGS=-g -ffunction-sections -fdata-sections -Wall -Wextra -fno-tree-loop-distribute-patterns"

TRACE::2024-11-08.06:46:15::SCWMssOS::"Running Make libs in microblaze_0/libsrc/standalone_v8_0/src"

TRACE::2024-11-08.06:46:15::SCWMssOS::make -C microblaze_0/libsrc/standalone_v8_0/src -s libs  "SHELL=CMD" "COMPILER=mb-gcc" "ASSEMBLER=mb-as" "ARCHIVER=mb-ar" "COMP
TRACE::2024-11-08.06:46:15::SCWMssOS::ILER_FLAGS=  -O2 -c -mcpu=v11.0 -mlittle-endian -mno-xl-reorder -mno-xl-soft-mul -mxl-barrel-shift -mxl-pattern-compare" "EXTRA
TRACE::2024-11-08.06:46:15::SCWMssOS::_COMPILER_FLAGS=-g -ffunction-sections -fdata-sections -Wall -Wextra -fno-tree-loop-distribute-patterns"

TRACE::2024-11-08.06:46:15::SCWMssOS::"Running Make libs in microblaze_0/libsrc/uartlite_v3_7/src"

TRACE::2024-11-08.06:46:15::SCWMssOS::make -C microblaze_0/libsrc/uartlite_v3_7/src -s libs  "SHELL=CMD" "COMPILER=mb-gcc" "ASSEMBLER=mb-as" "ARCHIVER=mb-ar" "COMPIL
TRACE::2024-11-08.06:46:15::SCWMssOS::ER_FLAGS=  -O2 -c -mcpu=v11.0 -mlittle-endian -mno-xl-reorder -mno-xl-soft-mul -mxl-barrel-shift -mxl-pattern-compare" "EXTRA_C
TRACE::2024-11-08.06:46:15::SCWMssOS::OMPILER_FLAGS=-g -ffunction-sections -fdata-sections -Wall -Wextra -fno-tree-loop-distribute-patterns"

TRACE::2024-11-08.06:46:16::SCWMssOS::"DEBUG NON_LTO_OBJECTS is ../../../lib/microblaze_interrupt_handler.o"

TRACE::2024-11-08.06:46:16::SCWMssOS::'Finished building libraries parallelly.'

TRACE::2024-11-08.06:46:16::SCWMssOS::make --no-print-directory archive

TRACE::2024-11-08.06:46:16::SCWMssOS::mb-ar -r  microblaze_0/lib/libxil.a microblaze_0/lib/_exit.o microblaze_0/lib/errno.o microblaze_0/lib/fcntl.o microblaze_0/lib
TRACE::2024-11-08.06:46:16::SCWMssOS::/hw_exception_handler.o microblaze_0/lib/inbyte.o microblaze_0/lib/microblaze_disable_dcache.o microblaze_0/lib/microblaze_disa
TRACE::2024-11-08.06:46:16::SCWMssOS::ble_exceptions.o microblaze_0/lib/microblaze_disable_icache.o microblaze_0/lib/microblaze_disable_interrupts.o microblaze_0/lib
TRACE::2024-11-08.06:46:16::SCWMssOS::/microblaze_enable_dcache.o microblaze_0/lib/microblaze_enable_exceptions.o microblaze_0/lib/microblaze_enable_icache.o microbl
TRACE::2024-11-08.06:46:16::SCWMssOS::aze_0/lib/microblaze_enable_interrupts.o microblaze_0/lib/microblaze_exception_handler.o microblaze_0/lib/microblaze_flush_cach
TRACE::2024-11-08.06:46:16::SCWMssOS::e_ext.o microblaze_0/lib/microblaze_flush_cache_ext_range.o microblaze_0/lib/microblaze_flush_dcache.o microblaze_0/lib/microbl
TRACE::2024-11-08.06:46:16::SCWMssOS::aze_flush_dcache_range.o microblaze_0/lib/microblaze_init_dcache_range.o microblaze_0/lib/microblaze_init_icache_range.o microb
TRACE::2024-11-08.06:46:16::SCWMssOS::laze_0/lib/microblaze_interrupt_handler.o microblaze_0/lib/microblaze_interrupts_g.o microblaze_0/lib/microblaze_invalidate_cac
TRACE::2024-11-08.06:46:16::SCWMssOS::he_ext.o microblaze_0/lib/microblaze_invalidate_cache_ext_range.o microblaze_0/lib/microblaze_invalidate_dcache.o microblaze_0/
TRACE::2024-11-08.06:46:16::SCWMssOS::lib/microblaze_invalidate_dcache_range.o microblaze_0/lib/microblaze_invalidate_icache.o microblaze_0/lib/microblaze_invalidate
TRACE::2024-11-08.06:46:16::SCWMssOS::_icache_range.o microblaze_0/lib/microblaze_scrub.o microblaze_0/lib/microblaze_selftest.o microblaze_0/lib/microblaze_sleep.o 
TRACE::2024-11-08.06:46:16::SCWMssOS::microblaze_0/lib/microblaze_update_dcache.o microblaze_0/lib/microblaze_update_icache.o microblaze_0/lib/outbyte.o microblaze_0
TRACE::2024-11-08.06:46:16::SCWMssOS::/lib/print.o microblaze_0/lib/pvr.o microblaze_0/lib/xbram.o microblaze_0/lib/xbram_g.o microblaze_0/lib/xbram_intr.o microblaz
TRACE::2024-11-08.06:46:16::SCWMssOS::e_0/lib/xbram_selftest.o microblaze_0/lib/xbram_sinit.o microblaze_0/lib/xil_assert.o microblaze_0/lib/xil_cache.o microblaze_0
TRACE::2024-11-08.06:46:16::SCWMssOS::/lib/xil_clocking.o microblaze_0/lib/xil_exception.o microblaze_0/lib/xil_mem.o microblaze_0/lib/xil_misc_psreset_api.o microbl
TRACE::2024-11-08.06:46:16::SCWMssOS::aze_0/lib/xil_printf.o microblaze_0/lib/xil_sleepcommon.o microblaze_0/lib/xil_testcache.o microblaze_0/lib/xil_testio.o microb
TRACE::2024-11-08.06:46:16::SCWMssOS::laze_0/lib/xil_testmem.o microblaze_0/lib/xil_util.o microblaze_0/lib/xintc.o microblaze_0/lib/xintc_g.o microblaze_0/lib/xintc
TRACE::2024-11-08.06:46:16::SCWMssOS::_intr.o microblaze_0/lib/xintc_l.o microblaze_0/lib/xintc_options.o microblaze_0/lib/xintc_selftest.o microblaze_0/lib/xinterru
TRACE::2024-11-08.06:46:16::SCWMssOS::pt_wrap.o microblaze_0/lib/xio.o microblaze_0/lib/xplatform_info.o microblaze_0/lib/xuartlite.o microblaze_0/lib/xuartlite_g.o 
TRACE::2024-11-08.06:46:16::SCWMssOS::microblaze_0/lib/xuartlite_intr.o microblaze_0/lib/xuartlite_l.o microblaze_0/lib/xuartlite_selftest.o microblaze_0/lib/xuartli
TRACE::2024-11-08.06:46:16::SCWMssOS::te_sinit.o microblaze_0/lib/xuartlite_stats.o

TRACE::2024-11-08.06:46:16::SCWMssOS::'Finished building libraries'

TRACE::2024-11-08.06:46:16::SCWMssOS:: Checking if to create the Supporting Applications
TRACE::2024-11-08.06:46:16::SCWMssOS:: No Linux domain exists, trying to generate FSBL 
LOG::2024-11-08.06:46:16::SCWSystem::Completed Processing the domain standalone_microblaze_0
LOG::2024-11-08.06:46:16::SCWSystem::Completed Processing the sysconfig mb_usb_hdmi_top
LOG::2024-11-08.06:46:16::SCWPlatform::Completed generating the artifacts for system configuration mb_usb_hdmi_top
TRACE::2024-11-08.06:46:16::SCWPlatform::Started preparing the platform 
TRACE::2024-11-08.06:46:16::SCWSystem::Writing the bif file for system config mb_usb_hdmi_top
TRACE::2024-11-08.06:46:16::SCWSystem::dir created 
TRACE::2024-11-08.06:46:16::SCWSystem::Writing the bif 
TRACE::2024-11-08.06:46:16::SCWPlatform::Started writing the spfm file 
TRACE::2024-11-08.06:46:16::SCWPlatform::Started writing the xpfm file 
TRACE::2024-11-08.06:46:16::SCWPlatform::Completed generating the platform
TRACE::2024-11-08.06:46:16::SCWMssOS::Saving the mss changes C:/Users/realk/Desktop/ece385/ECE385/lab7_2/try5_sdk/mb_usb_hdmi_top/microblaze_0/standalone_microblaze_0/bsp/system.mss
TRACE::2024-11-08.06:46:16::SCWMssOS::Adding the swdes entry, mss present, able to open swdb C:/Users/realk/Desktop/ece385/ECE385/lab7_2/try5_sdk/mb_usb_hdmi_top/microblaze_0/standalone_microblaze_0/bsp/system.mss with des name system
TRACE::2024-11-08.06:46:16::SCWMssOS::Writing the mss file completed C:/Users/realk/Desktop/ece385/ECE385/lab7_2/try5_sdk/mb_usb_hdmi_top/microblaze_0/standalone_microblaze_0/bsp/system.mss
TRACE::2024-11-08.06:46:16::SCWMssOS::Commit changes completed.
TRACE::2024-11-08.06:46:16::SCWPlatform::Trying to open the hw design at C:/Users/realk/Desktop/ece385/ECE385/lab7_2/try5_sdk/mb_usb_hdmi_top/hw/mb_usb_hdmi_top.xsa
TRACE::2024-11-08.06:46:16::SCWPlatform::DSA given C:/Users/realk/Desktop/ece385/ECE385/lab7_2/try5_sdk/mb_usb_hdmi_top/hw/mb_usb_hdmi_top.xsa
TRACE::2024-11-08.06:46:16::SCWPlatform::DSA absoulate path C:/Users/realk/Desktop/ece385/ECE385/lab7_2/try5_sdk/mb_usb_hdmi_top/hw/mb_usb_hdmi_top.xsa
TRACE::2024-11-08.06:46:16::SCWPlatform::DSA directory C:/Users/realk/Desktop/ece385/ECE385/lab7_2/try5_sdk/mb_usb_hdmi_top/hw
TRACE::2024-11-08.06:46:16::SCWPlatform:: Platform Path C:/Users/realk/Desktop/ece385/ECE385/lab7_2/try5_sdk/mb_usb_hdmi_top/hw/mb_usb_hdmi_top.xsa
TRACE::2024-11-08.06:46:16::SCWPlatform:: Unique name xilinx:::0.0
TRACE::2024-11-08.06:46:16::SCWPlatform::Trying to set the existing hwdb with name mb_usb_hdmi_top_46
TRACE::2024-11-08.06:46:16::SCWPlatform::Opened existing hwdb mb_usb_hdmi_top_46
TRACE::2024-11-08.06:46:16::SCWPlatform::Found the Hw Db part of the input DSA
TRACE::2024-11-08.06:46:16::SCWMssOS::Checking the sw design at  C:/Users/realk/Desktop/ece385/ECE385/lab7_2/try5_sdk/mb_usb_hdmi_top/microblaze_0/standalone_microblaze_0/bsp/system.mss
TRACE::2024-11-08.06:46:16::SCWMssOS::DEBUG:  swdes dump  C:/Users/realk/Desktop/ece385/ECE385/lab7_2/try5_sdk/mb_usb_hdmi_top/microblaze_0/standalone_microblaze_0/bsp/system.mss|system||

TRACE::2024-11-08.06:46:16::SCWMssOS::Sw design exists and opened at  C:/Users/realk/Desktop/ece385/ECE385/lab7_2/try5_sdk/mb_usb_hdmi_top/microblaze_0/standalone_microblaze_0/bsp/system.mss
TRACE::2024-11-08.06:46:16::SCWWriter::formatted JSON is {
	"platformName":	"mb_usb_hdmi_top",
	"sprVersion":	"2.0",
	"mode":	"gui",
	"dsaType":	"Fixed",
	"platformDesc":	"mb_usb_hdmi_top",
	"platHandOff":	"C:/Users/realk/Desktop/ece385/ECE385/lab7_2/mb_usb_hdmi_top.xsa",
	"platIntHandOff":	"<platformDir>/hw/mb_usb_hdmi_top.xsa",
	"deviceType":	"FPGA",
	"platIsPrebuiltAutogen":	"false",
	"platIsNoBootBsp":	"false",
	"hasFsblMakeHasChanges":	"false",
	"hasPmufwMakeHasChanges":	"false",
	"platPreBuiltFlag":	false,
	"platformSamplesDir":	"",
	"platActiveSys":	"mb_usb_hdmi_top",
	"systems":	[{
			"systemName":	"mb_usb_hdmi_top",
			"systemDesc":	"mb_usb_hdmi_top",
			"sysIsBootAutoGen":	"true",
			"systemDispName":	"mb_usb_hdmi_top",
			"sysActiveDom":	"standalone_microblaze_0",
			"sysDefaultDom":	"standalone_microblaze_0",
			"domains":	[{
					"domainName":	"standalone_microblaze_0",
					"domainDispName":	"standalone_microblaze_0",
					"domainDesc":	"standalone_microblaze_0",
					"processors":	"microblaze_0",
					"os":	"standalone",
					"sdxOs":	"standalone",
					"debugEnable":	"False",
					"domRuntimes":	["cpp"],
					"swRepo":	"",
					"mssOsVer":	"8.0",
					"mssFile":	"",
					"md5Digest":	"5422c1e5be4ae93f4de8c50507402f2a",
					"compatibleApp":	"",
					"domType":	"mssDomain",
					"arch":	"32-bit",
					"appSettings":	{
						"appCompilerFlags":	"",
						"appLinkerFlags":	""
					},
					"addedLibs":	[],
					"libOptions":	{
						"libsContainingOptions":	[]
					},
					"prebuiltLibs":	{
						"prebuiltIncPath":	[],
						"prebuiltLibPath":	[]
					},
					"isolation":	{
					}
				}]
		}]
}
KEYINFO::2024-11-08.06:46:16::SCWPlatform::updated the xpfm file.
TRACE::2024-11-08.06:46:17::SCWPlatform::Trying to open the hw design at C:/Users/realk/Desktop/ece385/ECE385/lab7_2/try5_sdk/mb_usb_hdmi_top/hw/mb_usb_hdmi_top.xsa
TRACE::2024-11-08.06:46:17::SCWPlatform::DSA given C:/Users/realk/Desktop/ece385/ECE385/lab7_2/try5_sdk/mb_usb_hdmi_top/hw/mb_usb_hdmi_top.xsa
TRACE::2024-11-08.06:46:17::SCWPlatform::DSA absoulate path C:/Users/realk/Desktop/ece385/ECE385/lab7_2/try5_sdk/mb_usb_hdmi_top/hw/mb_usb_hdmi_top.xsa
TRACE::2024-11-08.06:46:17::SCWPlatform::DSA directory C:/Users/realk/Desktop/ece385/ECE385/lab7_2/try5_sdk/mb_usb_hdmi_top/hw
TRACE::2024-11-08.06:46:17::SCWPlatform:: Platform Path C:/Users/realk/Desktop/ece385/ECE385/lab7_2/try5_sdk/mb_usb_hdmi_top/hw/mb_usb_hdmi_top.xsa
TRACE::2024-11-08.06:46:17::SCWPlatform:: Unique name xilinx:::0.0
TRACE::2024-11-08.06:46:17::SCWPlatform::Trying to set the existing hwdb with name mb_usb_hdmi_top_46
TRACE::2024-11-08.06:46:17::SCWPlatform::Opened existing hwdb mb_usb_hdmi_top_46
TRACE::2024-11-08.06:46:17::SCWPlatform::Found the Hw Db part of the input DSA
TRACE::2024-11-08.06:46:17::SCWMssOS::Checking the sw design at  C:/Users/realk/Desktop/ece385/ECE385/lab7_2/try5_sdk/mb_usb_hdmi_top/microblaze_0/standalone_microblaze_0/bsp/system.mss
TRACE::2024-11-08.06:46:17::SCWMssOS::DEBUG:  swdes dump  C:/Users/realk/Desktop/ece385/ECE385/lab7_2/try5_sdk/mb_usb_hdmi_top/microblaze_0/standalone_microblaze_0/bsp/system.mss|system||

TRACE::2024-11-08.06:46:17::SCWMssOS::Sw design exists and opened at  C:/Users/realk/Desktop/ece385/ECE385/lab7_2/try5_sdk/mb_usb_hdmi_top/microblaze_0/standalone_microblaze_0/bsp/system.mss
TRACE::2024-11-08.07:02:25::SCWPlatform::Clearing the existing platform
TRACE::2024-11-08.07:02:25::SCWSystem::Clearing the existing sysconfig
TRACE::2024-11-08.07:02:25::SCWMssOS::Removing the swdes entry for  C:/Users/realk/Desktop/ece385/ECE385/lab7_2/try5_sdk/mb_usb_hdmi_top/microblaze_0/standalone_microblaze_0/bsp/system.mss
TRACE::2024-11-08.07:02:25::SCWSystem::Clearing the domains completed.
TRACE::2024-11-08.07:02:25::SCWPlatform::Clearing the opened hw db.
TRACE::2024-11-08.07:02:25::SCWPlatform::DSA given C:/Users/realk/Desktop/ece385/ECE385/lab7_2/try5_sdk/mb_usb_hdmi_top/hw/mb_usb_hdmi_top.xsa
TRACE::2024-11-08.07:02:25::SCWPlatform::DSA absoulate path C:/Users/realk/Desktop/ece385/ECE385/lab7_2/try5_sdk/mb_usb_hdmi_top/hw/mb_usb_hdmi_top.xsa
TRACE::2024-11-08.07:02:25::SCWPlatform:: Platform location is C:/Users/realk/Desktop/ece385/ECE385/lab7_2/try5_sdk/mb_usb_hdmi_top/hw
TRACE::2024-11-08.07:02:25::SCWPlatform:: Platform Path C:/Users/realk/Desktop/ece385/ECE385/lab7_2/try5_sdk/mb_usb_hdmi_top/hw/mb_usb_hdmi_top.xsa
TRACE::2024-11-08.07:02:25::SCWPlatform:: Unique name xilinx:::0.0
TRACE::2024-11-08.07:02:25::SCWPlatform::Removing the HwDB with name C:/Users/realk/Desktop/ece385/ECE385/lab7_2/try5_sdk/mb_usb_hdmi_top/hw/mb_usb_hdmi_top.xsa
TRACE::2024-11-08.07:02:25::SCWPlatform::Trying to open the hw design at C:/Users/realk/Desktop/ece385/ECE385/lab7_2/try5_sdk/mb_usb_hdmi_top/hw/mb_usb_hdmi_top.xsa
TRACE::2024-11-08.07:02:25::SCWPlatform::DSA given C:/Users/realk/Desktop/ece385/ECE385/lab7_2/try5_sdk/mb_usb_hdmi_top/hw/mb_usb_hdmi_top.xsa
TRACE::2024-11-08.07:02:25::SCWPlatform::DSA absoulate path C:/Users/realk/Desktop/ece385/ECE385/lab7_2/try5_sdk/mb_usb_hdmi_top/hw/mb_usb_hdmi_top.xsa
TRACE::2024-11-08.07:02:25::SCWPlatform::DSA directory C:/Users/realk/Desktop/ece385/ECE385/lab7_2/try5_sdk/mb_usb_hdmi_top/hw
TRACE::2024-11-08.07:02:25::SCWPlatform:: Platform Path C:/Users/realk/Desktop/ece385/ECE385/lab7_2/try5_sdk/mb_usb_hdmi_top/hw/mb_usb_hdmi_top.xsa
TRACE::2024-11-08.07:02:25::SCWPlatform:: Unique name xilinx:::0.0
TRACE::2024-11-08.07:02:25::SCWPlatform::Do not have an existing db opened. 
TRACE::2024-11-08.07:02:25::SCWPlatform::Opened new HwDB with name mb_usb_hdmi_top_48
TRACE::2024-11-08.07:02:25::SCWReader::Active system found as  mb_usb_hdmi_top
TRACE::2024-11-08.07:02:25::SCWReader::Handling sysconfig mb_usb_hdmi_top
TRACE::2024-11-08.07:02:25::SCWDomain::checking for install qemu data   : 
TRACE::2024-11-08.07:02:25::SCWPlatform::Trying to open the hw design at C:/Users/realk/Desktop/ece385/ECE385/lab7_2/try5_sdk/mb_usb_hdmi_top/hw/mb_usb_hdmi_top.xsa
TRACE::2024-11-08.07:02:25::SCWPlatform::DSA given C:/Users/realk/Desktop/ece385/ECE385/lab7_2/try5_sdk/mb_usb_hdmi_top/hw/mb_usb_hdmi_top.xsa
TRACE::2024-11-08.07:02:25::SCWPlatform::DSA absoulate path C:/Users/realk/Desktop/ece385/ECE385/lab7_2/try5_sdk/mb_usb_hdmi_top/hw/mb_usb_hdmi_top.xsa
TRACE::2024-11-08.07:02:25::SCWPlatform::DSA directory C:/Users/realk/Desktop/ece385/ECE385/lab7_2/try5_sdk/mb_usb_hdmi_top/hw
TRACE::2024-11-08.07:02:25::SCWPlatform:: Platform Path C:/Users/realk/Desktop/ece385/ECE385/lab7_2/try5_sdk/mb_usb_hdmi_top/hw/mb_usb_hdmi_top.xsa
TRACE::2024-11-08.07:02:25::SCWPlatform:: Unique name xilinx:::0.0
TRACE::2024-11-08.07:02:25::SCWPlatform::Trying to set the existing hwdb with name mb_usb_hdmi_top_48
TRACE::2024-11-08.07:02:25::SCWPlatform::Opened existing hwdb mb_usb_hdmi_top_48
TRACE::2024-11-08.07:02:25::SCWPlatform::Found the Hw Db part of the input DSA
TRACE::2024-11-08.07:02:25::SCWPlatform::Trying to open the hw design at C:/Users/realk/Desktop/ece385/ECE385/lab7_2/try5_sdk/mb_usb_hdmi_top/hw/mb_usb_hdmi_top.xsa
TRACE::2024-11-08.07:02:25::SCWPlatform::DSA given C:/Users/realk/Desktop/ece385/ECE385/lab7_2/try5_sdk/mb_usb_hdmi_top/hw/mb_usb_hdmi_top.xsa
TRACE::2024-11-08.07:02:25::SCWPlatform::DSA absoulate path C:/Users/realk/Desktop/ece385/ECE385/lab7_2/try5_sdk/mb_usb_hdmi_top/hw/mb_usb_hdmi_top.xsa
TRACE::2024-11-08.07:02:25::SCWPlatform::DSA directory C:/Users/realk/Desktop/ece385/ECE385/lab7_2/try5_sdk/mb_usb_hdmi_top/hw
TRACE::2024-11-08.07:02:25::SCWPlatform:: Platform Path C:/Users/realk/Desktop/ece385/ECE385/lab7_2/try5_sdk/mb_usb_hdmi_top/hw/mb_usb_hdmi_top.xsa
TRACE::2024-11-08.07:02:25::SCWPlatform:: Unique name xilinx:::0.0
TRACE::2024-11-08.07:02:25::SCWPlatform::Trying to set the existing hwdb with name mb_usb_hdmi_top_48
TRACE::2024-11-08.07:02:25::SCWPlatform::Opened existing hwdb mb_usb_hdmi_top_48
TRACE::2024-11-08.07:02:25::SCWPlatform::Found the Hw Db part of the input DSA
TRACE::2024-11-08.07:02:25::SCWPlatform::Trying to open the hw design at C:/Users/realk/Desktop/ece385/ECE385/lab7_2/try5_sdk/mb_usb_hdmi_top/hw/mb_usb_hdmi_top.xsa
TRACE::2024-11-08.07:02:25::SCWPlatform::DSA given C:/Users/realk/Desktop/ece385/ECE385/lab7_2/try5_sdk/mb_usb_hdmi_top/hw/mb_usb_hdmi_top.xsa
TRACE::2024-11-08.07:02:25::SCWPlatform::DSA absoulate path C:/Users/realk/Desktop/ece385/ECE385/lab7_2/try5_sdk/mb_usb_hdmi_top/hw/mb_usb_hdmi_top.xsa
TRACE::2024-11-08.07:02:25::SCWPlatform::DSA directory C:/Users/realk/Desktop/ece385/ECE385/lab7_2/try5_sdk/mb_usb_hdmi_top/hw
TRACE::2024-11-08.07:02:25::SCWPlatform:: Platform Path C:/Users/realk/Desktop/ece385/ECE385/lab7_2/try5_sdk/mb_usb_hdmi_top/hw/mb_usb_hdmi_top.xsa
TRACE::2024-11-08.07:02:25::SCWPlatform:: Unique name xilinx:::0.0
TRACE::2024-11-08.07:02:25::SCWPlatform::Trying to set the existing hwdb with name mb_usb_hdmi_top_48
TRACE::2024-11-08.07:02:25::SCWPlatform::Opened existing hwdb mb_usb_hdmi_top_48
TRACE::2024-11-08.07:02:25::SCWPlatform::Found the Hw Db part of the input DSA
TRACE::2024-11-08.07:02:25::SCWPlatform::Trying to open the hw design at C:/Users/realk/Desktop/ece385/ECE385/lab7_2/try5_sdk/mb_usb_hdmi_top/hw/mb_usb_hdmi_top.xsa
TRACE::2024-11-08.07:02:25::SCWPlatform::DSA given C:/Users/realk/Desktop/ece385/ECE385/lab7_2/try5_sdk/mb_usb_hdmi_top/hw/mb_usb_hdmi_top.xsa
TRACE::2024-11-08.07:02:25::SCWPlatform::DSA absoulate path C:/Users/realk/Desktop/ece385/ECE385/lab7_2/try5_sdk/mb_usb_hdmi_top/hw/mb_usb_hdmi_top.xsa
TRACE::2024-11-08.07:02:25::SCWPlatform::DSA directory C:/Users/realk/Desktop/ece385/ECE385/lab7_2/try5_sdk/mb_usb_hdmi_top/hw
TRACE::2024-11-08.07:02:25::SCWPlatform:: Platform Path C:/Users/realk/Desktop/ece385/ECE385/lab7_2/try5_sdk/mb_usb_hdmi_top/hw/mb_usb_hdmi_top.xsa
TRACE::2024-11-08.07:02:25::SCWPlatform:: Unique name xilinx:::0.0
TRACE::2024-11-08.07:02:25::SCWPlatform::Trying to set the existing hwdb with name mb_usb_hdmi_top_48
TRACE::2024-11-08.07:02:25::SCWPlatform::Opened existing hwdb mb_usb_hdmi_top_48
TRACE::2024-11-08.07:02:25::SCWPlatform::Found the Hw Db part of the input DSA
TRACE::2024-11-08.07:02:25::SCWMssOS::Checking the sw design at  C:/Users/realk/Desktop/ece385/ECE385/lab7_2/try5_sdk/mb_usb_hdmi_top/microblaze_0/standalone_microblaze_0/bsp/system.mss
TRACE::2024-11-08.07:02:25::SCWMssOS::DEBUG:  swdes dump  
TRACE::2024-11-08.07:02:25::SCWMssOS::No sw design opened at  C:/Users/realk/Desktop/ece385/ECE385/lab7_2/try5_sdk/mb_usb_hdmi_top/microblaze_0/standalone_microblaze_0/bsp/system.mss
TRACE::2024-11-08.07:02:25::SCWMssOS::mss exists loading the mss file  C:/Users/realk/Desktop/ece385/ECE385/lab7_2/try5_sdk/mb_usb_hdmi_top/microblaze_0/standalone_microblaze_0/bsp/system.mss
TRACE::2024-11-08.07:02:25::SCWMssOS::Opened the sw design from mss  C:/Users/realk/Desktop/ece385/ECE385/lab7_2/try5_sdk/mb_usb_hdmi_top/microblaze_0/standalone_microblaze_0/bsp/system.mss
TRACE::2024-11-08.07:02:25::SCWMssOS::Adding the swdes entry C:/Users/realk/Desktop/ece385/ECE385/lab7_2/try5_sdk/mb_usb_hdmi_top/microblaze_0/standalone_microblaze_0/bsp/system.mss with des name system
TRACE::2024-11-08.07:02:25::SCWMssOS::updating the scw layer about changes
TRACE::2024-11-08.07:02:25::SCWMssOS::Opened the sw design.  C:/Users/realk/Desktop/ece385/ECE385/lab7_2/try5_sdk/mb_usb_hdmi_top/microblaze_0/standalone_microblaze_0/bsp/system.mss
TRACE::2024-11-08.07:02:25::SCWMssOS::Saving the mss changes C:/Users/realk/Desktop/ece385/ECE385/lab7_2/try5_sdk/mb_usb_hdmi_top/microblaze_0/standalone_microblaze_0/bsp/system.mss
TRACE::2024-11-08.07:02:25::SCWMssOS::Found a swdesign opened with the mssfile.
TRACE::2024-11-08.07:02:25::SCWMssOS::Completed writemss as part of save.
TRACE::2024-11-08.07:02:25::SCWMssOS::Commit changes completed.
TRACE::2024-11-08.07:02:25::SCWReader::Adding prebuilt librarypaths as   
TRACE::2024-11-08.07:02:25::SCWReader::Adding prebuilt incpaths  as   
TRACE::2024-11-08.07:02:25::SCWPlatform::Trying to open the hw design at C:/Users/realk/Desktop/ece385/ECE385/lab7_2/try5_sdk/mb_usb_hdmi_top/hw/mb_usb_hdmi_top.xsa
TRACE::2024-11-08.07:02:25::SCWPlatform::DSA given C:/Users/realk/Desktop/ece385/ECE385/lab7_2/try5_sdk/mb_usb_hdmi_top/hw/mb_usb_hdmi_top.xsa
TRACE::2024-11-08.07:02:25::SCWPlatform::DSA absoulate path C:/Users/realk/Desktop/ece385/ECE385/lab7_2/try5_sdk/mb_usb_hdmi_top/hw/mb_usb_hdmi_top.xsa
TRACE::2024-11-08.07:02:25::SCWPlatform::DSA directory C:/Users/realk/Desktop/ece385/ECE385/lab7_2/try5_sdk/mb_usb_hdmi_top/hw
TRACE::2024-11-08.07:02:25::SCWPlatform:: Platform Path C:/Users/realk/Desktop/ece385/ECE385/lab7_2/try5_sdk/mb_usb_hdmi_top/hw/mb_usb_hdmi_top.xsa
TRACE::2024-11-08.07:02:25::SCWPlatform:: Unique name xilinx:::0.0
TRACE::2024-11-08.07:02:25::SCWPlatform::Trying to set the existing hwdb with name mb_usb_hdmi_top_48
TRACE::2024-11-08.07:02:25::SCWPlatform::Opened existing hwdb mb_usb_hdmi_top_48
TRACE::2024-11-08.07:02:25::SCWPlatform::Found the Hw Db part of the input DSA
TRACE::2024-11-08.07:02:25::SCWMssOS::Checking the sw design at  C:/Users/realk/Desktop/ece385/ECE385/lab7_2/try5_sdk/mb_usb_hdmi_top/microblaze_0/standalone_microblaze_0/bsp/system.mss
TRACE::2024-11-08.07:02:25::SCWMssOS::DEBUG:  swdes dump  C:/Users/realk/Desktop/ece385/ECE385/lab7_2/try5_sdk/mb_usb_hdmi_top/microblaze_0/standalone_microblaze_0/bsp/system.mss|system||

TRACE::2024-11-08.07:02:25::SCWMssOS::Sw design exists and opened at  C:/Users/realk/Desktop/ece385/ECE385/lab7_2/try5_sdk/mb_usb_hdmi_top/microblaze_0/standalone_microblaze_0/bsp/system.mss
TRACE::2024-11-08.07:02:25::SCWReader::No isolation master present  
TRACE::2024-11-08.07:02:27::SCWPlatform::DSA given C:/Users/realk/Desktop/ece385/ECE385/lab7_2/try5_sdk/mb_usb_hdmi_top/tempdsa/mb_usb_hdmi_top.xsa
TRACE::2024-11-08.07:02:27::SCWPlatform::DSA absoulate path C:/Users/realk/Desktop/ece385/ECE385/lab7_2/try5_sdk/mb_usb_hdmi_top/tempdsa/mb_usb_hdmi_top.xsa
TRACE::2024-11-08.07:02:27::SCWPlatform:: Platform location is C:/Users/realk/Desktop/ece385/ECE385/lab7_2/try5_sdk/mb_usb_hdmi_top/tempdsa
TRACE::2024-11-08.07:02:27::SCWPlatform:: Platform Path C:/Users/realk/Desktop/ece385/ECE385/lab7_2/try5_sdk/mb_usb_hdmi_top/tempdsa/mb_usb_hdmi_top.xsa
TRACE::2024-11-08.07:02:27::SCWPlatform:: Unique name xilinx:::0.0
TRACE::2024-11-08.07:02:27::SCWPlatform::Found the Hw Db part of the input DSA
TRACE::2024-11-08.07:02:27::SCWMssOS::Doing hw sync for the mss in domain: standalone_microblaze_0
TRACE::2024-11-08.07:02:27::SCWPlatform::Trying to open the hw design at C:/Users/realk/Desktop/ece385/ECE385/lab7_2/try5_sdk/mb_usb_hdmi_top/hw/mb_usb_hdmi_top.xsa
TRACE::2024-11-08.07:02:27::SCWPlatform::DSA given C:/Users/realk/Desktop/ece385/ECE385/lab7_2/try5_sdk/mb_usb_hdmi_top/hw/mb_usb_hdmi_top.xsa
TRACE::2024-11-08.07:02:27::SCWPlatform::DSA absoulate path C:/Users/realk/Desktop/ece385/ECE385/lab7_2/try5_sdk/mb_usb_hdmi_top/hw/mb_usb_hdmi_top.xsa
TRACE::2024-11-08.07:02:27::SCWPlatform::DSA directory C:/Users/realk/Desktop/ece385/ECE385/lab7_2/try5_sdk/mb_usb_hdmi_top/hw
TRACE::2024-11-08.07:02:27::SCWPlatform:: Platform Path C:/Users/realk/Desktop/ece385/ECE385/lab7_2/try5_sdk/mb_usb_hdmi_top/hw/mb_usb_hdmi_top.xsa
TRACE::2024-11-08.07:02:27::SCWPlatform:: Unique name xilinx:::0.0
TRACE::2024-11-08.07:02:27::SCWPlatform::Trying to set the existing hwdb with name mb_usb_hdmi_top_48
TRACE::2024-11-08.07:02:27::SCWPlatform::Opened existing hwdb mb_usb_hdmi_top_48
TRACE::2024-11-08.07:02:27::SCWPlatform::Found the Hw Db part of the input DSA
TRACE::2024-11-08.07:02:27::SCWPlatform::Trying to open the hw design at C:/Users/realk/Desktop/ece385/ECE385/lab7_2/try5_sdk/mb_usb_hdmi_top/hw/mb_usb_hdmi_top.xsa
TRACE::2024-11-08.07:02:27::SCWPlatform::DSA given C:/Users/realk/Desktop/ece385/ECE385/lab7_2/try5_sdk/mb_usb_hdmi_top/hw/mb_usb_hdmi_top.xsa
TRACE::2024-11-08.07:02:27::SCWPlatform::DSA absoulate path C:/Users/realk/Desktop/ece385/ECE385/lab7_2/try5_sdk/mb_usb_hdmi_top/hw/mb_usb_hdmi_top.xsa
TRACE::2024-11-08.07:02:27::SCWPlatform::DSA directory C:/Users/realk/Desktop/ece385/ECE385/lab7_2/try5_sdk/mb_usb_hdmi_top/hw
TRACE::2024-11-08.07:02:27::SCWPlatform:: Platform Path C:/Users/realk/Desktop/ece385/ECE385/lab7_2/try5_sdk/mb_usb_hdmi_top/hw/mb_usb_hdmi_top.xsa
TRACE::2024-11-08.07:02:27::SCWPlatform:: Unique name xilinx:::0.0
TRACE::2024-11-08.07:02:27::SCWPlatform::Trying to set the existing hwdb with name mb_usb_hdmi_top_48
TRACE::2024-11-08.07:02:27::SCWPlatform::Opened existing hwdb mb_usb_hdmi_top_48
TRACE::2024-11-08.07:02:27::SCWPlatform::Found the Hw Db part of the input DSA
TRACE::2024-11-08.07:02:27::SCWMssOS::Checking the sw design at  C:/Users/realk/Desktop/ece385/ECE385/lab7_2/try5_sdk/mb_usb_hdmi_top/microblaze_0/standalone_microblaze_0/bsp/system.mss
TRACE::2024-11-08.07:02:27::SCWMssOS::DEBUG:  swdes dump  C:/Users/realk/Desktop/ece385/ECE385/lab7_2/try5_sdk/mb_usb_hdmi_top/microblaze_0/standalone_microblaze_0/bsp/system.mss|system||

TRACE::2024-11-08.07:02:27::SCWMssOS::Sw design exists and opened at  C:/Users/realk/Desktop/ece385/ECE385/lab7_2/try5_sdk/mb_usb_hdmi_top/microblaze_0/standalone_microblaze_0/bsp/system.mss
TRACE::2024-11-08.07:02:27::SCWPlatform::Trying to open the hw design at C:/Users/realk/Desktop/ece385/ECE385/lab7_2/try5_sdk/mb_usb_hdmi_top/tempdsa/mb_usb_hdmi_top.xsa
TRACE::2024-11-08.07:02:27::SCWPlatform::DSA given C:/Users/realk/Desktop/ece385/ECE385/lab7_2/try5_sdk/mb_usb_hdmi_top/tempdsa/mb_usb_hdmi_top.xsa
TRACE::2024-11-08.07:02:27::SCWPlatform::DSA absoulate path C:/Users/realk/Desktop/ece385/ECE385/lab7_2/try5_sdk/mb_usb_hdmi_top/tempdsa/mb_usb_hdmi_top.xsa
TRACE::2024-11-08.07:02:27::SCWPlatform::DSA directory C:/Users/realk/Desktop/ece385/ECE385/lab7_2/try5_sdk/mb_usb_hdmi_top/tempdsa
TRACE::2024-11-08.07:02:27::SCWPlatform:: Platform Path C:/Users/realk/Desktop/ece385/ECE385/lab7_2/try5_sdk/mb_usb_hdmi_top/tempdsa/mb_usb_hdmi_top.xsa
TRACE::2024-11-08.07:02:27::SCWPlatform:: Unique name xilinx:::0.0
TRACE::2024-11-08.07:02:27::SCWPlatform::update - Opened existing hwdb mb_usb_hdmi_top_49
TRACE::2024-11-08.07:02:27::SCWPlatform::Found the Hw Db part of the input DSA
TRACE::2024-11-08.07:02:27::SCWMssOS::Saving the mss changes C:/Users/realk/Desktop/ece385/ECE385/lab7_2/try5_sdk/mb_usb_hdmi_top/microblaze_0/standalone_microblaze_0/bsp/system.mss
TRACE::2024-11-08.07:02:27::SCWMssOS::Found a swdesign opened with the mssfile.
TRACE::2024-11-08.07:02:27::SCWMssOS::Completed writemss as part of save.
TRACE::2024-11-08.07:02:27::SCWMssOS::Commit changes completed.
TRACE::2024-11-08.07:02:27::SCWMssOS::Completed hw sync for the mss in domain: standalone_microblaze_0
TRACE::2024-11-08.07:02:27::SCWMssOS::Removing the swdes entry for  C:/Users/realk/Desktop/ece385/ECE385/lab7_2/try5_sdk/mb_usb_hdmi_top/microblaze_0/standalone_microblaze_0/bsp/system.mss
TRACE::2024-11-08.07:02:27::SCWPlatform::Trying to open the hw design at C:/Users/realk/Desktop/ece385/ECE385/lab7_2/try5_sdk/mb_usb_hdmi_top/hw/mb_usb_hdmi_top.xsa
TRACE::2024-11-08.07:02:27::SCWPlatform::DSA given C:/Users/realk/Desktop/ece385/ECE385/lab7_2/try5_sdk/mb_usb_hdmi_top/hw/mb_usb_hdmi_top.xsa
TRACE::2024-11-08.07:02:27::SCWPlatform::DSA absoulate path C:/Users/realk/Desktop/ece385/ECE385/lab7_2/try5_sdk/mb_usb_hdmi_top/hw/mb_usb_hdmi_top.xsa
TRACE::2024-11-08.07:02:27::SCWPlatform::DSA directory C:/Users/realk/Desktop/ece385/ECE385/lab7_2/try5_sdk/mb_usb_hdmi_top/hw
TRACE::2024-11-08.07:02:27::SCWPlatform:: Platform Path C:/Users/realk/Desktop/ece385/ECE385/lab7_2/try5_sdk/mb_usb_hdmi_top/hw/mb_usb_hdmi_top.xsa
TRACE::2024-11-08.07:02:27::SCWPlatform:: Unique name xilinx:::0.0
TRACE::2024-11-08.07:02:27::SCWPlatform::Do not have an existing db opened. 
TRACE::2024-11-08.07:02:27::SCWPlatform::Opened new HwDB with name mb_usb_hdmi_top_50
TRACE::2024-11-08.07:02:27::SCWMssOS::Saving the mss changes C:/Users/realk/Desktop/ece385/ECE385/lab7_2/try5_sdk/mb_usb_hdmi_top/microblaze_0/standalone_microblaze_0/bsp/system.mss
TRACE::2024-11-08.07:02:27::SCWMssOS::Adding the swdes entry, mss present, able to open swdb C:/Users/realk/Desktop/ece385/ECE385/lab7_2/try5_sdk/mb_usb_hdmi_top/microblaze_0/standalone_microblaze_0/bsp/system.mss with des name system
TRACE::2024-11-08.07:02:27::SCWMssOS::Writing the mss file completed C:/Users/realk/Desktop/ece385/ECE385/lab7_2/try5_sdk/mb_usb_hdmi_top/microblaze_0/standalone_microblaze_0/bsp/system.mss
TRACE::2024-11-08.07:02:27::SCWMssOS::Commit changes completed.
TRACE::2024-11-08.07:02:27::SCWPlatform::Trying to open the hw design at C:/Users/realk/Desktop/ece385/ECE385/lab7_2/try5_sdk/mb_usb_hdmi_top/hw/mb_usb_hdmi_top.xsa
TRACE::2024-11-08.07:02:27::SCWPlatform::DSA given C:/Users/realk/Desktop/ece385/ECE385/lab7_2/try5_sdk/mb_usb_hdmi_top/hw/mb_usb_hdmi_top.xsa
TRACE::2024-11-08.07:02:27::SCWPlatform::DSA absoulate path C:/Users/realk/Desktop/ece385/ECE385/lab7_2/try5_sdk/mb_usb_hdmi_top/hw/mb_usb_hdmi_top.xsa
TRACE::2024-11-08.07:02:27::SCWPlatform::DSA directory C:/Users/realk/Desktop/ece385/ECE385/lab7_2/try5_sdk/mb_usb_hdmi_top/hw
TRACE::2024-11-08.07:02:27::SCWPlatform:: Platform Path C:/Users/realk/Desktop/ece385/ECE385/lab7_2/try5_sdk/mb_usb_hdmi_top/hw/mb_usb_hdmi_top.xsa
TRACE::2024-11-08.07:02:27::SCWPlatform:: Unique name xilinx:::0.0
TRACE::2024-11-08.07:02:27::SCWPlatform::Trying to set the existing hwdb with name mb_usb_hdmi_top_50
TRACE::2024-11-08.07:02:27::SCWPlatform::Opened existing hwdb mb_usb_hdmi_top_50
TRACE::2024-11-08.07:02:27::SCWPlatform::Found the Hw Db part of the input DSA
TRACE::2024-11-08.07:02:27::SCWMssOS::Checking the sw design at  C:/Users/realk/Desktop/ece385/ECE385/lab7_2/try5_sdk/mb_usb_hdmi_top/microblaze_0/standalone_microblaze_0/bsp/system.mss
TRACE::2024-11-08.07:02:27::SCWMssOS::DEBUG:  swdes dump  C:/Users/realk/Desktop/ece385/ECE385/lab7_2/try5_sdk/mb_usb_hdmi_top/microblaze_0/standalone_microblaze_0/bsp/system.mss|system||

TRACE::2024-11-08.07:02:27::SCWMssOS::Sw design exists and opened at  C:/Users/realk/Desktop/ece385/ECE385/lab7_2/try5_sdk/mb_usb_hdmi_top/microblaze_0/standalone_microblaze_0/bsp/system.mss
TRACE::2024-11-08.07:02:27::SCWWriter::formatted JSON is {
	"platformName":	"mb_usb_hdmi_top",
	"sprVersion":	"2.0",
	"mode":	"gui",
	"dsaType":	"Fixed",
	"platformDesc":	"mb_usb_hdmi_top",
	"platHandOff":	"C:/Users/realk/Desktop/ece385/ECE385/lab7_2/mb_usb_hdmi_top.xsa",
	"platIntHandOff":	"<platformDir>/hw/mb_usb_hdmi_top.xsa",
	"deviceType":	"FPGA",
	"platIsPrebuiltAutogen":	"false",
	"platIsNoBootBsp":	"false",
	"hasFsblMakeHasChanges":	"false",
	"hasPmufwMakeHasChanges":	"false",
	"platPreBuiltFlag":	false,
	"platformSamplesDir":	"",
	"platActiveSys":	"mb_usb_hdmi_top",
	"systems":	[{
			"systemName":	"mb_usb_hdmi_top",
			"systemDesc":	"mb_usb_hdmi_top",
			"sysIsBootAutoGen":	"true",
			"systemDispName":	"mb_usb_hdmi_top",
			"sysActiveDom":	"standalone_microblaze_0",
			"sysDefaultDom":	"standalone_microblaze_0",
			"domains":	[{
					"domainName":	"standalone_microblaze_0",
					"domainDispName":	"standalone_microblaze_0",
					"domainDesc":	"standalone_microblaze_0",
					"processors":	"microblaze_0",
					"os":	"standalone",
					"sdxOs":	"standalone",
					"debugEnable":	"False",
					"domRuntimes":	["cpp"],
					"swRepo":	"",
					"mssOsVer":	"8.0",
					"mssFile":	"",
					"md5Digest":	"5422c1e5be4ae93f4de8c50507402f2a1",
					"compatibleApp":	"",
					"domType":	"mssDomain",
					"arch":	"32-bit",
					"appSettings":	{
						"appCompilerFlags":	"",
						"appLinkerFlags":	""
					},
					"addedLibs":	[],
					"libOptions":	{
						"libsContainingOptions":	[]
					},
					"prebuiltLibs":	{
						"prebuiltIncPath":	[],
						"prebuiltLibPath":	[]
					},
					"isolation":	{
					}
				}]
		}]
}
TRACE::2024-11-08.07:02:35::SCWMssOS::cleaning the bsp 
TRACE::2024-11-08.07:02:35::SCWMssOS::System Command Ran  C: & cd  C:/Users/realk/Desktop/ece385/ECE385/lab7_2/try5_sdk/mb_usb_hdmi_top/microblaze_0/standalone_microblaze_0/bsp & make clean 
TRACE::2024-11-08.07:02:35::SCWMssOS::make -C microblaze_0/libsrc/bram_v4_8/src -s clean 

TRACE::2024-11-08.07:02:35::SCWMssOS::make -C microblaze_0/libsrc/cpu_v2_16/src -s clean 

TRACE::2024-11-08.07:02:35::SCWMssOS::make -C microblaze_0/libsrc/intc_v3_15/src -s clean 

TRACE::2024-11-08.07:02:36::SCWMssOS::make -C microblaze_0/libsrc/standalone_v8_0/src -s clean 

TRACE::2024-11-08.07:02:36::SCWMssOS::make -C microblaze_0/libsrc/uartlite_v3_7/src -s clean 

TRACE::2024-11-08.07:02:36::SCWMssOS::rm -f microblaze_0/lib/libxil.a

LOG::2024-11-08.07:02:47::SCWPlatform::Started generating the artifacts platform mb_usb_hdmi_top
TRACE::2024-11-08.07:02:47::SCWPlatform::Sanity checking of platform is completed
LOG::2024-11-08.07:02:47::SCWPlatform::Started generating the artifacts for system configuration mb_usb_hdmi_top
LOG::2024-11-08.07:02:47::SCWSystem::Checking the domain standalone_microblaze_0
LOG::2024-11-08.07:02:47::SCWSystem::Not a boot domain 
LOG::2024-11-08.07:02:47::SCWSystem::Started Processing the domain standalone_microblaze_0
TRACE::2024-11-08.07:02:47::SCWDomain::Generating domain artifcats
TRACE::2024-11-08.07:02:47::SCWMssOS::Generating standalone artifcats
TRACE::2024-11-08.07:02:47::SCWMssOS:: Copying the user libraries. 
TRACE::2024-11-08.07:02:47::SCWPlatform::Trying to open the hw design at C:/Users/realk/Desktop/ece385/ECE385/lab7_2/try5_sdk/mb_usb_hdmi_top/hw/mb_usb_hdmi_top.xsa
TRACE::2024-11-08.07:02:47::SCWPlatform::DSA given C:/Users/realk/Desktop/ece385/ECE385/lab7_2/try5_sdk/mb_usb_hdmi_top/hw/mb_usb_hdmi_top.xsa
TRACE::2024-11-08.07:02:47::SCWPlatform::DSA absoulate path C:/Users/realk/Desktop/ece385/ECE385/lab7_2/try5_sdk/mb_usb_hdmi_top/hw/mb_usb_hdmi_top.xsa
TRACE::2024-11-08.07:02:47::SCWPlatform::DSA directory C:/Users/realk/Desktop/ece385/ECE385/lab7_2/try5_sdk/mb_usb_hdmi_top/hw
TRACE::2024-11-08.07:02:47::SCWPlatform:: Platform Path C:/Users/realk/Desktop/ece385/ECE385/lab7_2/try5_sdk/mb_usb_hdmi_top/hw/mb_usb_hdmi_top.xsa
TRACE::2024-11-08.07:02:47::SCWPlatform:: Unique name xilinx:::0.0
TRACE::2024-11-08.07:02:47::SCWPlatform::Trying to set the existing hwdb with name mb_usb_hdmi_top_50
TRACE::2024-11-08.07:02:47::SCWPlatform::Opened existing hwdb mb_usb_hdmi_top_50
TRACE::2024-11-08.07:02:47::SCWPlatform::Found the Hw Db part of the input DSA
TRACE::2024-11-08.07:02:47::SCWMssOS::Checking the sw design at  C:/Users/realk/Desktop/ece385/ECE385/lab7_2/try5_sdk/mb_usb_hdmi_top/microblaze_0/standalone_microblaze_0/bsp/system.mss
TRACE::2024-11-08.07:02:47::SCWMssOS::DEBUG:  swdes dump  C:/Users/realk/Desktop/ece385/ECE385/lab7_2/try5_sdk/mb_usb_hdmi_top/microblaze_0/standalone_microblaze_0/bsp/system.mss|system||

TRACE::2024-11-08.07:02:47::SCWMssOS::Sw design exists and opened at  C:/Users/realk/Desktop/ece385/ECE385/lab7_2/try5_sdk/mb_usb_hdmi_top/microblaze_0/standalone_microblaze_0/bsp/system.mss
TRACE::2024-11-08.07:02:47::SCWMssOS::Completed writing the mss file at C:/Users/realk/Desktop/ece385/ECE385/lab7_2/try5_sdk/mb_usb_hdmi_top/microblaze_0/standalone_microblaze_0/bsp
TRACE::2024-11-08.07:02:47::SCWMssOS::Mss edits present, copying mssfile into export location C:/Users/realk/Desktop/ece385/ECE385/lab7_2/try5_sdk/mb_usb_hdmi_top/microblaze_0/standalone_microblaze_0/bsp/system.mss
TRACE::2024-11-08.07:02:47::SCWMssOS::bsp generated is stale removing and regenerating. 
TRACE::2024-11-08.07:02:49::SCWMssOS::doing bsp build ... 
TRACE::2024-11-08.07:02:49::SCWMssOS::System Command Ran  C: & cd  C:/Users/realk/Desktop/ece385/ECE385/lab7_2/try5_sdk/mb_usb_hdmi_top/microblaze_0/standalone_microblaze_0/bsp & make 
TRACE::2024-11-08.07:02:49::SCWMssOS::make --no-print-directory seq_libs

TRACE::2024-11-08.07:02:49::SCWMssOS::'Finished building libraries sequentially.'

TRACE::2024-11-08.07:02:49::SCWMssOS::make -j 14 --no-print-directory par_libs

TRACE::2024-11-08.07:02:49::SCWMssOS::"Running Make include in microblaze_0/libsrc/bram_v4_8/src"

TRACE::2024-11-08.07:02:49::SCWMssOS::make -C microblaze_0/libsrc/bram_v4_8/src -s include  "SHELL=CMD" "COMPILER=mb-gcc" "ASSEMBLER=mb-as" "ARCHIVER=mb-ar" "COMPILE
TRACE::2024-11-08.07:02:49::SCWMssOS::R_FLAGS=  -O2 -c -mcpu=v11.0 -mlittle-endian -mno-xl-reorder -mno-xl-soft-mul -mxl-barrel-shift -mxl-pattern-compare" "EXTRA_CO
TRACE::2024-11-08.07:02:49::SCWMssOS::MPILER_FLAGS=-g -ffunction-sections -fdata-sections -Wall -Wextra -fno-tree-loop-distribute-patterns"

TRACE::2024-11-08.07:02:49::SCWMssOS::"Running Make include in microblaze_0/libsrc/cpu_v2_16/src"

TRACE::2024-11-08.07:02:49::SCWMssOS::make -C microblaze_0/libsrc/cpu_v2_16/src -s include  "SHELL=CMD" "COMPILER=mb-gcc" "ASSEMBLER=mb-as" "ARCHIVER=mb-ar" "COMPILE
TRACE::2024-11-08.07:02:49::SCWMssOS::R_FLAGS=  -O2 -c -mcpu=v11.0 -mlittle-endian -mno-xl-reorder -mno-xl-soft-mul -mxl-barrel-shift -mxl-pattern-compare" "EXTRA_CO
TRACE::2024-11-08.07:02:49::SCWMssOS::MPILER_FLAGS=-g -ffunction-sections -fdata-sections -Wall -Wextra -fno-tree-loop-distribute-patterns"

TRACE::2024-11-08.07:02:49::SCWMssOS::"Running Make include in microblaze_0/libsrc/intc_v3_15/src"

TRACE::2024-11-08.07:02:49::SCWMssOS::make -C microblaze_0/libsrc/intc_v3_15/src -s include  "SHELL=CMD" "COMPILER=mb-gcc" "ASSEMBLER=mb-as" "ARCHIVER=mb-ar" "COMPIL
TRACE::2024-11-08.07:02:49::SCWMssOS::ER_FLAGS=  -O2 -c -mcpu=v11.0 -mlittle-endian -mno-xl-reorder -mno-xl-soft-mul -mxl-barrel-shift -mxl-pattern-compare" "EXTRA_C
TRACE::2024-11-08.07:02:49::SCWMssOS::OMPILER_FLAGS=-g -ffunction-sections -fdata-sections -Wall -Wextra -fno-tree-loop-distribute-patterns"

TRACE::2024-11-08.07:02:49::SCWMssOS::"Running Make include in microblaze_0/libsrc/standalone_v8_0/src"

TRACE::2024-11-08.07:02:49::SCWMssOS::make -C microblaze_0/libsrc/standalone_v8_0/src -s include  "SHELL=CMD" "COMPILER=mb-gcc" "ASSEMBLER=mb-as" "ARCHIVER=mb-ar" "C
TRACE::2024-11-08.07:02:49::SCWMssOS::OMPILER_FLAGS=  -O2 -c -mcpu=v11.0 -mlittle-endian -mno-xl-reorder -mno-xl-soft-mul -mxl-barrel-shift -mxl-pattern-compare" "EX
TRACE::2024-11-08.07:02:49::SCWMssOS::TRA_COMPILER_FLAGS=-g -ffunction-sections -fdata-sections -Wall -Wextra -fno-tree-loop-distribute-patterns"

TRACE::2024-11-08.07:02:49::SCWMssOS::"Running Make include in microblaze_0/libsrc/uartlite_v3_7/src"

TRACE::2024-11-08.07:02:49::SCWMssOS::make -C microblaze_0/libsrc/uartlite_v3_7/src -s include  "SHELL=CMD" "COMPILER=mb-gcc" "ASSEMBLER=mb-as" "ARCHIVER=mb-ar" "COM
TRACE::2024-11-08.07:02:49::SCWMssOS::PILER_FLAGS=  -O2 -c -mcpu=v11.0 -mlittle-endian -mno-xl-reorder -mno-xl-soft-mul -mxl-barrel-shift -mxl-pattern-compare" "EXTR
TRACE::2024-11-08.07:02:49::SCWMssOS::A_COMPILER_FLAGS=-g -ffunction-sections -fdata-sections -Wall -Wextra -fno-tree-loop-distribute-patterns"

TRACE::2024-11-08.07:02:49::SCWMssOS::"Running Make libs in microblaze_0/libsrc/bram_v4_8/src"

TRACE::2024-11-08.07:02:49::SCWMssOS::make -C microblaze_0/libsrc/bram_v4_8/src -s libs  "SHELL=CMD" "COMPILER=mb-gcc" "ASSEMBLER=mb-as" "ARCHIVER=mb-ar" "COMPILER_F
TRACE::2024-11-08.07:02:49::SCWMssOS::LAGS=  -O2 -c -mcpu=v11.0 -mlittle-endian -mno-xl-reorder -mno-xl-soft-mul -mxl-barrel-shift -mxl-pattern-compare" "EXTRA_COMPI
TRACE::2024-11-08.07:02:49::SCWMssOS::LER_FLAGS=-g -ffunction-sections -fdata-sections -Wall -Wextra -fno-tree-loop-distribute-patterns"

TRACE::2024-11-08.07:02:49::SCWMssOS::"Running Make libs in microblaze_0/libsrc/cpu_v2_16/src"

TRACE::2024-11-08.07:02:49::SCWMssOS::make -C microblaze_0/libsrc/cpu_v2_16/src -s libs  "SHELL=CMD" "COMPILER=mb-gcc" "ASSEMBLER=mb-as" "ARCHIVER=mb-ar" "COMPILER_F
TRACE::2024-11-08.07:02:49::SCWMssOS::LAGS=  -O2 -c -mcpu=v11.0 -mlittle-endian -mno-xl-reorder -mno-xl-soft-mul -mxl-barrel-shift -mxl-pattern-compare" "EXTRA_COMPI
TRACE::2024-11-08.07:02:49::SCWMssOS::LER_FLAGS=-g -ffunction-sections -fdata-sections -Wall -Wextra -fno-tree-loop-distribute-patterns"

TRACE::2024-11-08.07:02:49::SCWMssOS::"Running Make libs in microblaze_0/libsrc/intc_v3_15/src"

TRACE::2024-11-08.07:02:49::SCWMssOS::make -C microblaze_0/libsrc/intc_v3_15/src -s libs  "SHELL=CMD" "COMPILER=mb-gcc" "ASSEMBLER=mb-as" "ARCHIVER=mb-ar" "COMPILER_
TRACE::2024-11-08.07:02:49::SCWMssOS::FLAGS=  -O2 -c -mcpu=v11.0 -mlittle-endian -mno-xl-reorder -mno-xl-soft-mul -mxl-barrel-shift -mxl-pattern-compare" "EXTRA_COMP
TRACE::2024-11-08.07:02:49::SCWMssOS::ILER_FLAGS=-g -ffunction-sections -fdata-sections -Wall -Wextra -fno-tree-loop-distribute-patterns"

TRACE::2024-11-08.07:02:49::SCWMssOS::"Running Make libs in microblaze_0/libsrc/standalone_v8_0/src"

TRACE::2024-11-08.07:02:49::SCWMssOS::make -C microblaze_0/libsrc/standalone_v8_0/src -s libs  "SHELL=CMD" "COMPILER=mb-gcc" "ASSEMBLER=mb-as" "ARCHIVER=mb-ar" "COMP
TRACE::2024-11-08.07:02:49::SCWMssOS::ILER_FLAGS=  -O2 -c -mcpu=v11.0 -mlittle-endian -mno-xl-reorder -mno-xl-soft-mul -mxl-barrel-shift -mxl-pattern-compare" "EXTRA
TRACE::2024-11-08.07:02:49::SCWMssOS::_COMPILER_FLAGS=-g -ffunction-sections -fdata-sections -Wall -Wextra -fno-tree-loop-distribute-patterns"

TRACE::2024-11-08.07:02:49::SCWMssOS::"Running Make libs in microblaze_0/libsrc/uartlite_v3_7/src"

TRACE::2024-11-08.07:02:49::SCWMssOS::make -C microblaze_0/libsrc/uartlite_v3_7/src -s libs  "SHELL=CMD" "COMPILER=mb-gcc" "ASSEMBLER=mb-as" "ARCHIVER=mb-ar" "COMPIL
TRACE::2024-11-08.07:02:49::SCWMssOS::ER_FLAGS=  -O2 -c -mcpu=v11.0 -mlittle-endian -mno-xl-reorder -mno-xl-soft-mul -mxl-barrel-shift -mxl-pattern-compare" "EXTRA_C
TRACE::2024-11-08.07:02:49::SCWMssOS::OMPILER_FLAGS=-g -ffunction-sections -fdata-sections -Wall -Wextra -fno-tree-loop-distribute-patterns"

TRACE::2024-11-08.07:02:50::SCWMssOS::"DEBUG NON_LTO_OBJECTS is ../../../lib/microblaze_interrupt_handler.o"

TRACE::2024-11-08.07:02:51::SCWMssOS::'Finished building libraries parallelly.'

TRACE::2024-11-08.07:02:51::SCWMssOS::make --no-print-directory archive

TRACE::2024-11-08.07:02:51::SCWMssOS::mb-ar -r  microblaze_0/lib/libxil.a microblaze_0/lib/_exit.o microblaze_0/lib/errno.o microblaze_0/lib/fcntl.o microblaze_0/lib
TRACE::2024-11-08.07:02:51::SCWMssOS::/hw_exception_handler.o microblaze_0/lib/inbyte.o microblaze_0/lib/microblaze_disable_dcache.o microblaze_0/lib/microblaze_disa
TRACE::2024-11-08.07:02:51::SCWMssOS::ble_exceptions.o microblaze_0/lib/microblaze_disable_icache.o microblaze_0/lib/microblaze_disable_interrupts.o microblaze_0/lib
TRACE::2024-11-08.07:02:51::SCWMssOS::/microblaze_enable_dcache.o microblaze_0/lib/microblaze_enable_exceptions.o microblaze_0/lib/microblaze_enable_icache.o microbl
TRACE::2024-11-08.07:02:51::SCWMssOS::aze_0/lib/microblaze_enable_interrupts.o microblaze_0/lib/microblaze_exception_handler.o microblaze_0/lib/microblaze_flush_cach
TRACE::2024-11-08.07:02:51::SCWMssOS::e_ext.o microblaze_0/lib/microblaze_flush_cache_ext_range.o microblaze_0/lib/microblaze_flush_dcache.o microblaze_0/lib/microbl
TRACE::2024-11-08.07:02:51::SCWMssOS::aze_flush_dcache_range.o microblaze_0/lib/microblaze_init_dcache_range.o microblaze_0/lib/microblaze_init_icache_range.o microb
TRACE::2024-11-08.07:02:51::SCWMssOS::laze_0/lib/microblaze_interrupt_handler.o microblaze_0/lib/microblaze_interrupts_g.o microblaze_0/lib/microblaze_invalidate_cac
TRACE::2024-11-08.07:02:51::SCWMssOS::he_ext.o microblaze_0/lib/microblaze_invalidate_cache_ext_range.o microblaze_0/lib/microblaze_invalidate_dcache.o microblaze_0/
TRACE::2024-11-08.07:02:51::SCWMssOS::lib/microblaze_invalidate_dcache_range.o microblaze_0/lib/microblaze_invalidate_icache.o microblaze_0/lib/microblaze_invalidate
TRACE::2024-11-08.07:02:51::SCWMssOS::_icache_range.o microblaze_0/lib/microblaze_scrub.o microblaze_0/lib/microblaze_selftest.o microblaze_0/lib/microblaze_sleep.o 
TRACE::2024-11-08.07:02:51::SCWMssOS::microblaze_0/lib/microblaze_update_dcache.o microblaze_0/lib/microblaze_update_icache.o microblaze_0/lib/outbyte.o microblaze_0
TRACE::2024-11-08.07:02:51::SCWMssOS::/lib/print.o microblaze_0/lib/pvr.o microblaze_0/lib/xbram.o microblaze_0/lib/xbram_g.o microblaze_0/lib/xbram_intr.o microblaz
TRACE::2024-11-08.07:02:51::SCWMssOS::e_0/lib/xbram_selftest.o microblaze_0/lib/xbram_sinit.o microblaze_0/lib/xil_assert.o microblaze_0/lib/xil_cache.o microblaze_0
TRACE::2024-11-08.07:02:51::SCWMssOS::/lib/xil_clocking.o microblaze_0/lib/xil_exception.o microblaze_0/lib/xil_mem.o microblaze_0/lib/xil_misc_psreset_api.o microbl
TRACE::2024-11-08.07:02:51::SCWMssOS::aze_0/lib/xil_printf.o microblaze_0/lib/xil_sleepcommon.o microblaze_0/lib/xil_testcache.o microblaze_0/lib/xil_testio.o microb
TRACE::2024-11-08.07:02:51::SCWMssOS::laze_0/lib/xil_testmem.o microblaze_0/lib/xil_util.o microblaze_0/lib/xintc.o microblaze_0/lib/xintc_g.o microblaze_0/lib/xintc
TRACE::2024-11-08.07:02:51::SCWMssOS::_intr.o microblaze_0/lib/xintc_l.o microblaze_0/lib/xintc_options.o microblaze_0/lib/xintc_selftest.o microblaze_0/lib/xinterru
TRACE::2024-11-08.07:02:51::SCWMssOS::pt_wrap.o microblaze_0/lib/xio.o microblaze_0/lib/xplatform_info.o microblaze_0/lib/xuartlite.o microblaze_0/lib/xuartlite_g.o 
TRACE::2024-11-08.07:02:51::SCWMssOS::microblaze_0/lib/xuartlite_intr.o microblaze_0/lib/xuartlite_l.o microblaze_0/lib/xuartlite_selftest.o microblaze_0/lib/xuartli
TRACE::2024-11-08.07:02:51::SCWMssOS::te_sinit.o microblaze_0/lib/xuartlite_stats.o

TRACE::2024-11-08.07:02:51::SCWMssOS::'Finished building libraries'

TRACE::2024-11-08.07:02:51::SCWMssOS:: Checking if to create the Supporting Applications
TRACE::2024-11-08.07:02:51::SCWMssOS:: No Linux domain exists, trying to generate FSBL 
LOG::2024-11-08.07:02:51::SCWSystem::Completed Processing the domain standalone_microblaze_0
LOG::2024-11-08.07:02:51::SCWSystem::Completed Processing the sysconfig mb_usb_hdmi_top
LOG::2024-11-08.07:02:51::SCWPlatform::Completed generating the artifacts for system configuration mb_usb_hdmi_top
TRACE::2024-11-08.07:02:51::SCWPlatform::Started preparing the platform 
TRACE::2024-11-08.07:02:51::SCWSystem::Writing the bif file for system config mb_usb_hdmi_top
TRACE::2024-11-08.07:02:51::SCWSystem::dir created 
TRACE::2024-11-08.07:02:51::SCWSystem::Writing the bif 
TRACE::2024-11-08.07:02:51::SCWPlatform::Started writing the spfm file 
TRACE::2024-11-08.07:02:51::SCWPlatform::Started writing the xpfm file 
TRACE::2024-11-08.07:02:51::SCWPlatform::Completed generating the platform
TRACE::2024-11-08.07:02:51::SCWMssOS::Saving the mss changes C:/Users/realk/Desktop/ece385/ECE385/lab7_2/try5_sdk/mb_usb_hdmi_top/microblaze_0/standalone_microblaze_0/bsp/system.mss
TRACE::2024-11-08.07:02:51::SCWMssOS::Adding the swdes entry, mss present, able to open swdb C:/Users/realk/Desktop/ece385/ECE385/lab7_2/try5_sdk/mb_usb_hdmi_top/microblaze_0/standalone_microblaze_0/bsp/system.mss with des name system
TRACE::2024-11-08.07:02:51::SCWMssOS::Writing the mss file completed C:/Users/realk/Desktop/ece385/ECE385/lab7_2/try5_sdk/mb_usb_hdmi_top/microblaze_0/standalone_microblaze_0/bsp/system.mss
TRACE::2024-11-08.07:02:51::SCWMssOS::Commit changes completed.
TRACE::2024-11-08.07:02:51::SCWPlatform::Trying to open the hw design at C:/Users/realk/Desktop/ece385/ECE385/lab7_2/try5_sdk/mb_usb_hdmi_top/hw/mb_usb_hdmi_top.xsa
TRACE::2024-11-08.07:02:51::SCWPlatform::DSA given C:/Users/realk/Desktop/ece385/ECE385/lab7_2/try5_sdk/mb_usb_hdmi_top/hw/mb_usb_hdmi_top.xsa
TRACE::2024-11-08.07:02:51::SCWPlatform::DSA absoulate path C:/Users/realk/Desktop/ece385/ECE385/lab7_2/try5_sdk/mb_usb_hdmi_top/hw/mb_usb_hdmi_top.xsa
TRACE::2024-11-08.07:02:51::SCWPlatform::DSA directory C:/Users/realk/Desktop/ece385/ECE385/lab7_2/try5_sdk/mb_usb_hdmi_top/hw
TRACE::2024-11-08.07:02:51::SCWPlatform:: Platform Path C:/Users/realk/Desktop/ece385/ECE385/lab7_2/try5_sdk/mb_usb_hdmi_top/hw/mb_usb_hdmi_top.xsa
TRACE::2024-11-08.07:02:51::SCWPlatform:: Unique name xilinx:::0.0
TRACE::2024-11-08.07:02:51::SCWPlatform::Trying to set the existing hwdb with name mb_usb_hdmi_top_50
TRACE::2024-11-08.07:02:51::SCWPlatform::Opened existing hwdb mb_usb_hdmi_top_50
TRACE::2024-11-08.07:02:51::SCWPlatform::Found the Hw Db part of the input DSA
TRACE::2024-11-08.07:02:51::SCWMssOS::Checking the sw design at  C:/Users/realk/Desktop/ece385/ECE385/lab7_2/try5_sdk/mb_usb_hdmi_top/microblaze_0/standalone_microblaze_0/bsp/system.mss
TRACE::2024-11-08.07:02:51::SCWMssOS::DEBUG:  swdes dump  C:/Users/realk/Desktop/ece385/ECE385/lab7_2/try5_sdk/mb_usb_hdmi_top/microblaze_0/standalone_microblaze_0/bsp/system.mss|system||

TRACE::2024-11-08.07:02:51::SCWMssOS::Sw design exists and opened at  C:/Users/realk/Desktop/ece385/ECE385/lab7_2/try5_sdk/mb_usb_hdmi_top/microblaze_0/standalone_microblaze_0/bsp/system.mss
TRACE::2024-11-08.07:02:51::SCWWriter::formatted JSON is {
	"platformName":	"mb_usb_hdmi_top",
	"sprVersion":	"2.0",
	"mode":	"gui",
	"dsaType":	"Fixed",
	"platformDesc":	"mb_usb_hdmi_top",
	"platHandOff":	"C:/Users/realk/Desktop/ece385/ECE385/lab7_2/mb_usb_hdmi_top.xsa",
	"platIntHandOff":	"<platformDir>/hw/mb_usb_hdmi_top.xsa",
	"deviceType":	"FPGA",
	"platIsPrebuiltAutogen":	"false",
	"platIsNoBootBsp":	"false",
	"hasFsblMakeHasChanges":	"false",
	"hasPmufwMakeHasChanges":	"false",
	"platPreBuiltFlag":	false,
	"platformSamplesDir":	"",
	"platActiveSys":	"mb_usb_hdmi_top",
	"systems":	[{
			"systemName":	"mb_usb_hdmi_top",
			"systemDesc":	"mb_usb_hdmi_top",
			"sysIsBootAutoGen":	"true",
			"systemDispName":	"mb_usb_hdmi_top",
			"sysActiveDom":	"standalone_microblaze_0",
			"sysDefaultDom":	"standalone_microblaze_0",
			"domains":	[{
					"domainName":	"standalone_microblaze_0",
					"domainDispName":	"standalone_microblaze_0",
					"domainDesc":	"standalone_microblaze_0",
					"processors":	"microblaze_0",
					"os":	"standalone",
					"sdxOs":	"standalone",
					"debugEnable":	"False",
					"domRuntimes":	["cpp"],
					"swRepo":	"",
					"mssOsVer":	"8.0",
					"mssFile":	"",
					"md5Digest":	"5422c1e5be4ae93f4de8c50507402f2a",
					"compatibleApp":	"",
					"domType":	"mssDomain",
					"arch":	"32-bit",
					"appSettings":	{
						"appCompilerFlags":	"",
						"appLinkerFlags":	""
					},
					"addedLibs":	[],
					"libOptions":	{
						"libsContainingOptions":	[]
					},
					"prebuiltLibs":	{
						"prebuiltIncPath":	[],
						"prebuiltLibPath":	[]
					},
					"isolation":	{
					}
				}]
		}]
}
KEYINFO::2024-11-08.07:02:51::SCWPlatform::updated the xpfm file.
TRACE::2024-11-08.07:02:52::SCWPlatform::Trying to open the hw design at C:/Users/realk/Desktop/ece385/ECE385/lab7_2/try5_sdk/mb_usb_hdmi_top/hw/mb_usb_hdmi_top.xsa
TRACE::2024-11-08.07:02:52::SCWPlatform::DSA given C:/Users/realk/Desktop/ece385/ECE385/lab7_2/try5_sdk/mb_usb_hdmi_top/hw/mb_usb_hdmi_top.xsa
TRACE::2024-11-08.07:02:52::SCWPlatform::DSA absoulate path C:/Users/realk/Desktop/ece385/ECE385/lab7_2/try5_sdk/mb_usb_hdmi_top/hw/mb_usb_hdmi_top.xsa
TRACE::2024-11-08.07:02:52::SCWPlatform::DSA directory C:/Users/realk/Desktop/ece385/ECE385/lab7_2/try5_sdk/mb_usb_hdmi_top/hw
TRACE::2024-11-08.07:02:52::SCWPlatform:: Platform Path C:/Users/realk/Desktop/ece385/ECE385/lab7_2/try5_sdk/mb_usb_hdmi_top/hw/mb_usb_hdmi_top.xsa
TRACE::2024-11-08.07:02:52::SCWPlatform:: Unique name xilinx:::0.0
TRACE::2024-11-08.07:02:52::SCWPlatform::Trying to set the existing hwdb with name mb_usb_hdmi_top_50
TRACE::2024-11-08.07:02:52::SCWPlatform::Opened existing hwdb mb_usb_hdmi_top_50
TRACE::2024-11-08.07:02:52::SCWPlatform::Found the Hw Db part of the input DSA
TRACE::2024-11-08.07:02:52::SCWMssOS::Checking the sw design at  C:/Users/realk/Desktop/ece385/ECE385/lab7_2/try5_sdk/mb_usb_hdmi_top/microblaze_0/standalone_microblaze_0/bsp/system.mss
TRACE::2024-11-08.07:02:52::SCWMssOS::DEBUG:  swdes dump  C:/Users/realk/Desktop/ece385/ECE385/lab7_2/try5_sdk/mb_usb_hdmi_top/microblaze_0/standalone_microblaze_0/bsp/system.mss|system||

TRACE::2024-11-08.07:02:52::SCWMssOS::Sw design exists and opened at  C:/Users/realk/Desktop/ece385/ECE385/lab7_2/try5_sdk/mb_usb_hdmi_top/microblaze_0/standalone_microblaze_0/bsp/system.mss
TRACE::2024-11-08.07:40:14::SCWPlatform::Clearing the existing platform
TRACE::2024-11-08.07:40:14::SCWSystem::Clearing the existing sysconfig
TRACE::2024-11-08.07:40:14::SCWMssOS::Removing the swdes entry for  C:/Users/realk/Desktop/ece385/ECE385/lab7_2/try5_sdk/mb_usb_hdmi_top/microblaze_0/standalone_microblaze_0/bsp/system.mss
TRACE::2024-11-08.07:40:14::SCWSystem::Clearing the domains completed.
TRACE::2024-11-08.07:40:14::SCWPlatform::Clearing the opened hw db.
TRACE::2024-11-08.07:40:14::SCWPlatform::DSA given C:/Users/realk/Desktop/ece385/ECE385/lab7_2/try5_sdk/mb_usb_hdmi_top/hw/mb_usb_hdmi_top.xsa
TRACE::2024-11-08.07:40:14::SCWPlatform::DSA absoulate path C:/Users/realk/Desktop/ece385/ECE385/lab7_2/try5_sdk/mb_usb_hdmi_top/hw/mb_usb_hdmi_top.xsa
TRACE::2024-11-08.07:40:14::SCWPlatform:: Platform location is C:/Users/realk/Desktop/ece385/ECE385/lab7_2/try5_sdk/mb_usb_hdmi_top/hw
TRACE::2024-11-08.07:40:14::SCWPlatform:: Platform Path C:/Users/realk/Desktop/ece385/ECE385/lab7_2/try5_sdk/mb_usb_hdmi_top/hw/mb_usb_hdmi_top.xsa
TRACE::2024-11-08.07:40:14::SCWPlatform:: Unique name xilinx:::0.0
TRACE::2024-11-08.07:40:14::SCWPlatform::Removing the HwDB with name C:/Users/realk/Desktop/ece385/ECE385/lab7_2/try5_sdk/mb_usb_hdmi_top/hw/mb_usb_hdmi_top.xsa
TRACE::2024-11-08.07:40:14::SCWPlatform::Trying to open the hw design at C:/Users/realk/Desktop/ece385/ECE385/lab7_2/try5_sdk/mb_usb_hdmi_top/hw/mb_usb_hdmi_top.xsa
TRACE::2024-11-08.07:40:14::SCWPlatform::DSA given C:/Users/realk/Desktop/ece385/ECE385/lab7_2/try5_sdk/mb_usb_hdmi_top/hw/mb_usb_hdmi_top.xsa
TRACE::2024-11-08.07:40:14::SCWPlatform::DSA absoulate path C:/Users/realk/Desktop/ece385/ECE385/lab7_2/try5_sdk/mb_usb_hdmi_top/hw/mb_usb_hdmi_top.xsa
TRACE::2024-11-08.07:40:14::SCWPlatform::DSA directory C:/Users/realk/Desktop/ece385/ECE385/lab7_2/try5_sdk/mb_usb_hdmi_top/hw
TRACE::2024-11-08.07:40:14::SCWPlatform:: Platform Path C:/Users/realk/Desktop/ece385/ECE385/lab7_2/try5_sdk/mb_usb_hdmi_top/hw/mb_usb_hdmi_top.xsa
TRACE::2024-11-08.07:40:14::SCWPlatform:: Unique name xilinx:::0.0
TRACE::2024-11-08.07:40:14::SCWPlatform::Do not have an existing db opened. 
TRACE::2024-11-08.07:40:14::SCWPlatform::Opened new HwDB with name mb_usb_hdmi_top_52
TRACE::2024-11-08.07:40:14::SCWReader::Active system found as  mb_usb_hdmi_top
TRACE::2024-11-08.07:40:14::SCWReader::Handling sysconfig mb_usb_hdmi_top
TRACE::2024-11-08.07:40:14::SCWDomain::checking for install qemu data   : 
TRACE::2024-11-08.07:40:14::SCWPlatform::Trying to open the hw design at C:/Users/realk/Desktop/ece385/ECE385/lab7_2/try5_sdk/mb_usb_hdmi_top/hw/mb_usb_hdmi_top.xsa
TRACE::2024-11-08.07:40:14::SCWPlatform::DSA given C:/Users/realk/Desktop/ece385/ECE385/lab7_2/try5_sdk/mb_usb_hdmi_top/hw/mb_usb_hdmi_top.xsa
TRACE::2024-11-08.07:40:14::SCWPlatform::DSA absoulate path C:/Users/realk/Desktop/ece385/ECE385/lab7_2/try5_sdk/mb_usb_hdmi_top/hw/mb_usb_hdmi_top.xsa
TRACE::2024-11-08.07:40:14::SCWPlatform::DSA directory C:/Users/realk/Desktop/ece385/ECE385/lab7_2/try5_sdk/mb_usb_hdmi_top/hw
TRACE::2024-11-08.07:40:14::SCWPlatform:: Platform Path C:/Users/realk/Desktop/ece385/ECE385/lab7_2/try5_sdk/mb_usb_hdmi_top/hw/mb_usb_hdmi_top.xsa
TRACE::2024-11-08.07:40:14::SCWPlatform:: Unique name xilinx:::0.0
TRACE::2024-11-08.07:40:14::SCWPlatform::Trying to set the existing hwdb with name mb_usb_hdmi_top_52
TRACE::2024-11-08.07:40:14::SCWPlatform::Opened existing hwdb mb_usb_hdmi_top_52
TRACE::2024-11-08.07:40:14::SCWPlatform::Found the Hw Db part of the input DSA
TRACE::2024-11-08.07:40:14::SCWPlatform::Trying to open the hw design at C:/Users/realk/Desktop/ece385/ECE385/lab7_2/try5_sdk/mb_usb_hdmi_top/hw/mb_usb_hdmi_top.xsa
TRACE::2024-11-08.07:40:14::SCWPlatform::DSA given C:/Users/realk/Desktop/ece385/ECE385/lab7_2/try5_sdk/mb_usb_hdmi_top/hw/mb_usb_hdmi_top.xsa
TRACE::2024-11-08.07:40:14::SCWPlatform::DSA absoulate path C:/Users/realk/Desktop/ece385/ECE385/lab7_2/try5_sdk/mb_usb_hdmi_top/hw/mb_usb_hdmi_top.xsa
TRACE::2024-11-08.07:40:14::SCWPlatform::DSA directory C:/Users/realk/Desktop/ece385/ECE385/lab7_2/try5_sdk/mb_usb_hdmi_top/hw
TRACE::2024-11-08.07:40:14::SCWPlatform:: Platform Path C:/Users/realk/Desktop/ece385/ECE385/lab7_2/try5_sdk/mb_usb_hdmi_top/hw/mb_usb_hdmi_top.xsa
TRACE::2024-11-08.07:40:14::SCWPlatform:: Unique name xilinx:::0.0
TRACE::2024-11-08.07:40:14::SCWPlatform::Trying to set the existing hwdb with name mb_usb_hdmi_top_52
TRACE::2024-11-08.07:40:14::SCWPlatform::Opened existing hwdb mb_usb_hdmi_top_52
TRACE::2024-11-08.07:40:14::SCWPlatform::Found the Hw Db part of the input DSA
TRACE::2024-11-08.07:40:14::SCWPlatform::Trying to open the hw design at C:/Users/realk/Desktop/ece385/ECE385/lab7_2/try5_sdk/mb_usb_hdmi_top/hw/mb_usb_hdmi_top.xsa
TRACE::2024-11-08.07:40:14::SCWPlatform::DSA given C:/Users/realk/Desktop/ece385/ECE385/lab7_2/try5_sdk/mb_usb_hdmi_top/hw/mb_usb_hdmi_top.xsa
TRACE::2024-11-08.07:40:14::SCWPlatform::DSA absoulate path C:/Users/realk/Desktop/ece385/ECE385/lab7_2/try5_sdk/mb_usb_hdmi_top/hw/mb_usb_hdmi_top.xsa
TRACE::2024-11-08.07:40:14::SCWPlatform::DSA directory C:/Users/realk/Desktop/ece385/ECE385/lab7_2/try5_sdk/mb_usb_hdmi_top/hw
TRACE::2024-11-08.07:40:14::SCWPlatform:: Platform Path C:/Users/realk/Desktop/ece385/ECE385/lab7_2/try5_sdk/mb_usb_hdmi_top/hw/mb_usb_hdmi_top.xsa
TRACE::2024-11-08.07:40:14::SCWPlatform:: Unique name xilinx:::0.0
TRACE::2024-11-08.07:40:14::SCWPlatform::Trying to set the existing hwdb with name mb_usb_hdmi_top_52
TRACE::2024-11-08.07:40:14::SCWPlatform::Opened existing hwdb mb_usb_hdmi_top_52
TRACE::2024-11-08.07:40:14::SCWPlatform::Found the Hw Db part of the input DSA
TRACE::2024-11-08.07:40:14::SCWPlatform::Trying to open the hw design at C:/Users/realk/Desktop/ece385/ECE385/lab7_2/try5_sdk/mb_usb_hdmi_top/hw/mb_usb_hdmi_top.xsa
TRACE::2024-11-08.07:40:14::SCWPlatform::DSA given C:/Users/realk/Desktop/ece385/ECE385/lab7_2/try5_sdk/mb_usb_hdmi_top/hw/mb_usb_hdmi_top.xsa
TRACE::2024-11-08.07:40:14::SCWPlatform::DSA absoulate path C:/Users/realk/Desktop/ece385/ECE385/lab7_2/try5_sdk/mb_usb_hdmi_top/hw/mb_usb_hdmi_top.xsa
TRACE::2024-11-08.07:40:14::SCWPlatform::DSA directory C:/Users/realk/Desktop/ece385/ECE385/lab7_2/try5_sdk/mb_usb_hdmi_top/hw
TRACE::2024-11-08.07:40:14::SCWPlatform:: Platform Path C:/Users/realk/Desktop/ece385/ECE385/lab7_2/try5_sdk/mb_usb_hdmi_top/hw/mb_usb_hdmi_top.xsa
TRACE::2024-11-08.07:40:14::SCWPlatform:: Unique name xilinx:::0.0
TRACE::2024-11-08.07:40:14::SCWPlatform::Trying to set the existing hwdb with name mb_usb_hdmi_top_52
TRACE::2024-11-08.07:40:14::SCWPlatform::Opened existing hwdb mb_usb_hdmi_top_52
TRACE::2024-11-08.07:40:14::SCWPlatform::Found the Hw Db part of the input DSA
TRACE::2024-11-08.07:40:14::SCWMssOS::Checking the sw design at  C:/Users/realk/Desktop/ece385/ECE385/lab7_2/try5_sdk/mb_usb_hdmi_top/microblaze_0/standalone_microblaze_0/bsp/system.mss
TRACE::2024-11-08.07:40:14::SCWMssOS::DEBUG:  swdes dump  
TRACE::2024-11-08.07:40:14::SCWMssOS::No sw design opened at  C:/Users/realk/Desktop/ece385/ECE385/lab7_2/try5_sdk/mb_usb_hdmi_top/microblaze_0/standalone_microblaze_0/bsp/system.mss
TRACE::2024-11-08.07:40:14::SCWMssOS::mss exists loading the mss file  C:/Users/realk/Desktop/ece385/ECE385/lab7_2/try5_sdk/mb_usb_hdmi_top/microblaze_0/standalone_microblaze_0/bsp/system.mss
TRACE::2024-11-08.07:40:14::SCWMssOS::Opened the sw design from mss  C:/Users/realk/Desktop/ece385/ECE385/lab7_2/try5_sdk/mb_usb_hdmi_top/microblaze_0/standalone_microblaze_0/bsp/system.mss
TRACE::2024-11-08.07:40:14::SCWMssOS::Adding the swdes entry C:/Users/realk/Desktop/ece385/ECE385/lab7_2/try5_sdk/mb_usb_hdmi_top/microblaze_0/standalone_microblaze_0/bsp/system.mss with des name system
TRACE::2024-11-08.07:40:14::SCWMssOS::updating the scw layer about changes
TRACE::2024-11-08.07:40:14::SCWMssOS::Opened the sw design.  C:/Users/realk/Desktop/ece385/ECE385/lab7_2/try5_sdk/mb_usb_hdmi_top/microblaze_0/standalone_microblaze_0/bsp/system.mss
TRACE::2024-11-08.07:40:14::SCWMssOS::Saving the mss changes C:/Users/realk/Desktop/ece385/ECE385/lab7_2/try5_sdk/mb_usb_hdmi_top/microblaze_0/standalone_microblaze_0/bsp/system.mss
TRACE::2024-11-08.07:40:14::SCWMssOS::Found a swdesign opened with the mssfile.
TRACE::2024-11-08.07:40:14::SCWMssOS::Completed writemss as part of save.
TRACE::2024-11-08.07:40:14::SCWMssOS::Commit changes completed.
TRACE::2024-11-08.07:40:14::SCWReader::Adding prebuilt librarypaths as   
TRACE::2024-11-08.07:40:14::SCWReader::Adding prebuilt incpaths  as   
TRACE::2024-11-08.07:40:14::SCWPlatform::Trying to open the hw design at C:/Users/realk/Desktop/ece385/ECE385/lab7_2/try5_sdk/mb_usb_hdmi_top/hw/mb_usb_hdmi_top.xsa
TRACE::2024-11-08.07:40:14::SCWPlatform::DSA given C:/Users/realk/Desktop/ece385/ECE385/lab7_2/try5_sdk/mb_usb_hdmi_top/hw/mb_usb_hdmi_top.xsa
TRACE::2024-11-08.07:40:14::SCWPlatform::DSA absoulate path C:/Users/realk/Desktop/ece385/ECE385/lab7_2/try5_sdk/mb_usb_hdmi_top/hw/mb_usb_hdmi_top.xsa
TRACE::2024-11-08.07:40:14::SCWPlatform::DSA directory C:/Users/realk/Desktop/ece385/ECE385/lab7_2/try5_sdk/mb_usb_hdmi_top/hw
TRACE::2024-11-08.07:40:14::SCWPlatform:: Platform Path C:/Users/realk/Desktop/ece385/ECE385/lab7_2/try5_sdk/mb_usb_hdmi_top/hw/mb_usb_hdmi_top.xsa
TRACE::2024-11-08.07:40:14::SCWPlatform:: Unique name xilinx:::0.0
TRACE::2024-11-08.07:40:14::SCWPlatform::Trying to set the existing hwdb with name mb_usb_hdmi_top_52
TRACE::2024-11-08.07:40:14::SCWPlatform::Opened existing hwdb mb_usb_hdmi_top_52
TRACE::2024-11-08.07:40:14::SCWPlatform::Found the Hw Db part of the input DSA
TRACE::2024-11-08.07:40:14::SCWMssOS::Checking the sw design at  C:/Users/realk/Desktop/ece385/ECE385/lab7_2/try5_sdk/mb_usb_hdmi_top/microblaze_0/standalone_microblaze_0/bsp/system.mss
TRACE::2024-11-08.07:40:14::SCWMssOS::DEBUG:  swdes dump  C:/Users/realk/Desktop/ece385/ECE385/lab7_2/try5_sdk/mb_usb_hdmi_top/microblaze_0/standalone_microblaze_0/bsp/system.mss|system||

TRACE::2024-11-08.07:40:14::SCWMssOS::Sw design exists and opened at  C:/Users/realk/Desktop/ece385/ECE385/lab7_2/try5_sdk/mb_usb_hdmi_top/microblaze_0/standalone_microblaze_0/bsp/system.mss
TRACE::2024-11-08.07:40:14::SCWReader::No isolation master present  
TRACE::2024-11-08.07:40:18::SCWPlatform::DSA given C:/Users/realk/Desktop/ece385/ECE385/lab7_2/try5_sdk/mb_usb_hdmi_top/tempdsa/mb_usb_hdmi_top.xsa
TRACE::2024-11-08.07:40:18::SCWPlatform::DSA absoulate path C:/Users/realk/Desktop/ece385/ECE385/lab7_2/try5_sdk/mb_usb_hdmi_top/tempdsa/mb_usb_hdmi_top.xsa
TRACE::2024-11-08.07:40:18::SCWPlatform:: Platform location is C:/Users/realk/Desktop/ece385/ECE385/lab7_2/try5_sdk/mb_usb_hdmi_top/tempdsa
TRACE::2024-11-08.07:40:18::SCWPlatform:: Platform Path C:/Users/realk/Desktop/ece385/ECE385/lab7_2/try5_sdk/mb_usb_hdmi_top/tempdsa/mb_usb_hdmi_top.xsa
TRACE::2024-11-08.07:40:18::SCWPlatform:: Unique name xilinx:::0.0
TRACE::2024-11-08.07:40:18::SCWPlatform::Found the Hw Db part of the input DSA
TRACE::2024-11-08.07:40:18::SCWMssOS::Doing hw sync for the mss in domain: standalone_microblaze_0
TRACE::2024-11-08.07:40:18::SCWPlatform::Trying to open the hw design at C:/Users/realk/Desktop/ece385/ECE385/lab7_2/try5_sdk/mb_usb_hdmi_top/hw/mb_usb_hdmi_top.xsa
TRACE::2024-11-08.07:40:18::SCWPlatform::DSA given C:/Users/realk/Desktop/ece385/ECE385/lab7_2/try5_sdk/mb_usb_hdmi_top/hw/mb_usb_hdmi_top.xsa
TRACE::2024-11-08.07:40:18::SCWPlatform::DSA absoulate path C:/Users/realk/Desktop/ece385/ECE385/lab7_2/try5_sdk/mb_usb_hdmi_top/hw/mb_usb_hdmi_top.xsa
TRACE::2024-11-08.07:40:18::SCWPlatform::DSA directory C:/Users/realk/Desktop/ece385/ECE385/lab7_2/try5_sdk/mb_usb_hdmi_top/hw
TRACE::2024-11-08.07:40:18::SCWPlatform:: Platform Path C:/Users/realk/Desktop/ece385/ECE385/lab7_2/try5_sdk/mb_usb_hdmi_top/hw/mb_usb_hdmi_top.xsa
TRACE::2024-11-08.07:40:18::SCWPlatform:: Unique name xilinx:::0.0
TRACE::2024-11-08.07:40:18::SCWPlatform::Trying to set the existing hwdb with name mb_usb_hdmi_top_52
TRACE::2024-11-08.07:40:18::SCWPlatform::Opened existing hwdb mb_usb_hdmi_top_52
TRACE::2024-11-08.07:40:18::SCWPlatform::Found the Hw Db part of the input DSA
TRACE::2024-11-08.07:40:18::SCWPlatform::Trying to open the hw design at C:/Users/realk/Desktop/ece385/ECE385/lab7_2/try5_sdk/mb_usb_hdmi_top/hw/mb_usb_hdmi_top.xsa
TRACE::2024-11-08.07:40:18::SCWPlatform::DSA given C:/Users/realk/Desktop/ece385/ECE385/lab7_2/try5_sdk/mb_usb_hdmi_top/hw/mb_usb_hdmi_top.xsa
TRACE::2024-11-08.07:40:18::SCWPlatform::DSA absoulate path C:/Users/realk/Desktop/ece385/ECE385/lab7_2/try5_sdk/mb_usb_hdmi_top/hw/mb_usb_hdmi_top.xsa
TRACE::2024-11-08.07:40:18::SCWPlatform::DSA directory C:/Users/realk/Desktop/ece385/ECE385/lab7_2/try5_sdk/mb_usb_hdmi_top/hw
TRACE::2024-11-08.07:40:18::SCWPlatform:: Platform Path C:/Users/realk/Desktop/ece385/ECE385/lab7_2/try5_sdk/mb_usb_hdmi_top/hw/mb_usb_hdmi_top.xsa
TRACE::2024-11-08.07:40:18::SCWPlatform:: Unique name xilinx:::0.0
TRACE::2024-11-08.07:40:18::SCWPlatform::Trying to set the existing hwdb with name mb_usb_hdmi_top_52
TRACE::2024-11-08.07:40:18::SCWPlatform::Opened existing hwdb mb_usb_hdmi_top_52
TRACE::2024-11-08.07:40:18::SCWPlatform::Found the Hw Db part of the input DSA
TRACE::2024-11-08.07:40:18::SCWMssOS::Checking the sw design at  C:/Users/realk/Desktop/ece385/ECE385/lab7_2/try5_sdk/mb_usb_hdmi_top/microblaze_0/standalone_microblaze_0/bsp/system.mss
TRACE::2024-11-08.07:40:18::SCWMssOS::DEBUG:  swdes dump  C:/Users/realk/Desktop/ece385/ECE385/lab7_2/try5_sdk/mb_usb_hdmi_top/microblaze_0/standalone_microblaze_0/bsp/system.mss|system||

TRACE::2024-11-08.07:40:18::SCWMssOS::Sw design exists and opened at  C:/Users/realk/Desktop/ece385/ECE385/lab7_2/try5_sdk/mb_usb_hdmi_top/microblaze_0/standalone_microblaze_0/bsp/system.mss
TRACE::2024-11-08.07:40:18::SCWPlatform::Trying to open the hw design at C:/Users/realk/Desktop/ece385/ECE385/lab7_2/try5_sdk/mb_usb_hdmi_top/tempdsa/mb_usb_hdmi_top.xsa
TRACE::2024-11-08.07:40:18::SCWPlatform::DSA given C:/Users/realk/Desktop/ece385/ECE385/lab7_2/try5_sdk/mb_usb_hdmi_top/tempdsa/mb_usb_hdmi_top.xsa
TRACE::2024-11-08.07:40:18::SCWPlatform::DSA absoulate path C:/Users/realk/Desktop/ece385/ECE385/lab7_2/try5_sdk/mb_usb_hdmi_top/tempdsa/mb_usb_hdmi_top.xsa
TRACE::2024-11-08.07:40:18::SCWPlatform::DSA directory C:/Users/realk/Desktop/ece385/ECE385/lab7_2/try5_sdk/mb_usb_hdmi_top/tempdsa
TRACE::2024-11-08.07:40:18::SCWPlatform:: Platform Path C:/Users/realk/Desktop/ece385/ECE385/lab7_2/try5_sdk/mb_usb_hdmi_top/tempdsa/mb_usb_hdmi_top.xsa
TRACE::2024-11-08.07:40:18::SCWPlatform:: Unique name xilinx:::0.0
TRACE::2024-11-08.07:40:18::SCWPlatform::update - Opened existing hwdb mb_usb_hdmi_top_53
TRACE::2024-11-08.07:40:18::SCWPlatform::Found the Hw Db part of the input DSA
TRACE::2024-11-08.07:40:18::SCWMssOS::Saving the mss changes C:/Users/realk/Desktop/ece385/ECE385/lab7_2/try5_sdk/mb_usb_hdmi_top/microblaze_0/standalone_microblaze_0/bsp/system.mss
TRACE::2024-11-08.07:40:18::SCWMssOS::Found a swdesign opened with the mssfile.
TRACE::2024-11-08.07:40:18::SCWMssOS::Completed writemss as part of save.
TRACE::2024-11-08.07:40:18::SCWMssOS::Commit changes completed.
TRACE::2024-11-08.07:40:18::SCWMssOS::Completed hw sync for the mss in domain: standalone_microblaze_0
TRACE::2024-11-08.07:40:18::SCWMssOS::Removing the swdes entry for  C:/Users/realk/Desktop/ece385/ECE385/lab7_2/try5_sdk/mb_usb_hdmi_top/microblaze_0/standalone_microblaze_0/bsp/system.mss
TRACE::2024-11-08.07:40:18::SCWPlatform::Trying to open the hw design at C:/Users/realk/Desktop/ece385/ECE385/lab7_2/try5_sdk/mb_usb_hdmi_top/hw/mb_usb_hdmi_top.xsa
TRACE::2024-11-08.07:40:18::SCWPlatform::DSA given C:/Users/realk/Desktop/ece385/ECE385/lab7_2/try5_sdk/mb_usb_hdmi_top/hw/mb_usb_hdmi_top.xsa
TRACE::2024-11-08.07:40:18::SCWPlatform::DSA absoulate path C:/Users/realk/Desktop/ece385/ECE385/lab7_2/try5_sdk/mb_usb_hdmi_top/hw/mb_usb_hdmi_top.xsa
TRACE::2024-11-08.07:40:18::SCWPlatform::DSA directory C:/Users/realk/Desktop/ece385/ECE385/lab7_2/try5_sdk/mb_usb_hdmi_top/hw
TRACE::2024-11-08.07:40:18::SCWPlatform:: Platform Path C:/Users/realk/Desktop/ece385/ECE385/lab7_2/try5_sdk/mb_usb_hdmi_top/hw/mb_usb_hdmi_top.xsa
TRACE::2024-11-08.07:40:18::SCWPlatform:: Unique name xilinx:::0.0
TRACE::2024-11-08.07:40:18::SCWPlatform::Do not have an existing db opened. 
TRACE::2024-11-08.07:40:18::SCWPlatform::Opened new HwDB with name mb_usb_hdmi_top_54
TRACE::2024-11-08.07:40:18::SCWMssOS::Saving the mss changes C:/Users/realk/Desktop/ece385/ECE385/lab7_2/try5_sdk/mb_usb_hdmi_top/microblaze_0/standalone_microblaze_0/bsp/system.mss
TRACE::2024-11-08.07:40:18::SCWMssOS::Adding the swdes entry, mss present, able to open swdb C:/Users/realk/Desktop/ece385/ECE385/lab7_2/try5_sdk/mb_usb_hdmi_top/microblaze_0/standalone_microblaze_0/bsp/system.mss with des name system
TRACE::2024-11-08.07:40:18::SCWMssOS::Writing the mss file completed C:/Users/realk/Desktop/ece385/ECE385/lab7_2/try5_sdk/mb_usb_hdmi_top/microblaze_0/standalone_microblaze_0/bsp/system.mss
TRACE::2024-11-08.07:40:18::SCWMssOS::Commit changes completed.
TRACE::2024-11-08.07:40:18::SCWPlatform::Trying to open the hw design at C:/Users/realk/Desktop/ece385/ECE385/lab7_2/try5_sdk/mb_usb_hdmi_top/hw/mb_usb_hdmi_top.xsa
TRACE::2024-11-08.07:40:18::SCWPlatform::DSA given C:/Users/realk/Desktop/ece385/ECE385/lab7_2/try5_sdk/mb_usb_hdmi_top/hw/mb_usb_hdmi_top.xsa
TRACE::2024-11-08.07:40:18::SCWPlatform::DSA absoulate path C:/Users/realk/Desktop/ece385/ECE385/lab7_2/try5_sdk/mb_usb_hdmi_top/hw/mb_usb_hdmi_top.xsa
TRACE::2024-11-08.07:40:18::SCWPlatform::DSA directory C:/Users/realk/Desktop/ece385/ECE385/lab7_2/try5_sdk/mb_usb_hdmi_top/hw
TRACE::2024-11-08.07:40:18::SCWPlatform:: Platform Path C:/Users/realk/Desktop/ece385/ECE385/lab7_2/try5_sdk/mb_usb_hdmi_top/hw/mb_usb_hdmi_top.xsa
TRACE::2024-11-08.07:40:18::SCWPlatform:: Unique name xilinx:::0.0
TRACE::2024-11-08.07:40:18::SCWPlatform::Trying to set the existing hwdb with name mb_usb_hdmi_top_54
TRACE::2024-11-08.07:40:18::SCWPlatform::Opened existing hwdb mb_usb_hdmi_top_54
TRACE::2024-11-08.07:40:18::SCWPlatform::Found the Hw Db part of the input DSA
TRACE::2024-11-08.07:40:18::SCWMssOS::Checking the sw design at  C:/Users/realk/Desktop/ece385/ECE385/lab7_2/try5_sdk/mb_usb_hdmi_top/microblaze_0/standalone_microblaze_0/bsp/system.mss
TRACE::2024-11-08.07:40:18::SCWMssOS::DEBUG:  swdes dump  C:/Users/realk/Desktop/ece385/ECE385/lab7_2/try5_sdk/mb_usb_hdmi_top/microblaze_0/standalone_microblaze_0/bsp/system.mss|system||

TRACE::2024-11-08.07:40:18::SCWMssOS::Sw design exists and opened at  C:/Users/realk/Desktop/ece385/ECE385/lab7_2/try5_sdk/mb_usb_hdmi_top/microblaze_0/standalone_microblaze_0/bsp/system.mss
TRACE::2024-11-08.07:40:18::SCWWriter::formatted JSON is {
	"platformName":	"mb_usb_hdmi_top",
	"sprVersion":	"2.0",
	"mode":	"gui",
	"dsaType":	"Fixed",
	"platformDesc":	"mb_usb_hdmi_top",
	"platHandOff":	"C:/Users/realk/Desktop/ece385/ECE385/lab7_2/mb_usb_hdmi_top.xsa",
	"platIntHandOff":	"<platformDir>/hw/mb_usb_hdmi_top.xsa",
	"deviceType":	"FPGA",
	"platIsPrebuiltAutogen":	"false",
	"platIsNoBootBsp":	"false",
	"hasFsblMakeHasChanges":	"false",
	"hasPmufwMakeHasChanges":	"false",
	"platPreBuiltFlag":	false,
	"platformSamplesDir":	"",
	"platActiveSys":	"mb_usb_hdmi_top",
	"systems":	[{
			"systemName":	"mb_usb_hdmi_top",
			"systemDesc":	"mb_usb_hdmi_top",
			"sysIsBootAutoGen":	"true",
			"systemDispName":	"mb_usb_hdmi_top",
			"sysActiveDom":	"standalone_microblaze_0",
			"sysDefaultDom":	"standalone_microblaze_0",
			"domains":	[{
					"domainName":	"standalone_microblaze_0",
					"domainDispName":	"standalone_microblaze_0",
					"domainDesc":	"standalone_microblaze_0",
					"processors":	"microblaze_0",
					"os":	"standalone",
					"sdxOs":	"standalone",
					"debugEnable":	"False",
					"domRuntimes":	["cpp"],
					"swRepo":	"",
					"mssOsVer":	"8.0",
					"mssFile":	"",
					"md5Digest":	"5422c1e5be4ae93f4de8c50507402f2a1",
					"compatibleApp":	"",
					"domType":	"mssDomain",
					"arch":	"32-bit",
					"appSettings":	{
						"appCompilerFlags":	"",
						"appLinkerFlags":	""
					},
					"addedLibs":	[],
					"libOptions":	{
						"libsContainingOptions":	[]
					},
					"prebuiltLibs":	{
						"prebuiltIncPath":	[],
						"prebuiltLibPath":	[]
					},
					"isolation":	{
					}
				}]
		}]
}
TRACE::2024-11-08.07:40:26::SCWMssOS::cleaning the bsp 
TRACE::2024-11-08.07:40:26::SCWMssOS::System Command Ran  C: & cd  C:/Users/realk/Desktop/ece385/ECE385/lab7_2/try5_sdk/mb_usb_hdmi_top/microblaze_0/standalone_microblaze_0/bsp & make clean 
TRACE::2024-11-08.07:40:26::SCWMssOS::make -C microblaze_0/libsrc/bram_v4_8/src -s clean 

TRACE::2024-11-08.07:40:26::SCWMssOS::make -C microblaze_0/libsrc/cpu_v2_16/src -s clean 

TRACE::2024-11-08.07:40:26::SCWMssOS::make -C microblaze_0/libsrc/intc_v3_15/src -s clean 

TRACE::2024-11-08.07:40:26::SCWMssOS::make -C microblaze_0/libsrc/standalone_v8_0/src -s clean 

TRACE::2024-11-08.07:40:26::SCWMssOS::make -C microblaze_0/libsrc/uartlite_v3_7/src -s clean 

TRACE::2024-11-08.07:40:26::SCWMssOS::rm -f microblaze_0/lib/libxil.a

LOG::2024-11-08.07:40:30::SCWPlatform::Started generating the artifacts platform mb_usb_hdmi_top
TRACE::2024-11-08.07:40:30::SCWPlatform::Sanity checking of platform is completed
LOG::2024-11-08.07:40:30::SCWPlatform::Started generating the artifacts for system configuration mb_usb_hdmi_top
LOG::2024-11-08.07:40:30::SCWSystem::Checking the domain standalone_microblaze_0
LOG::2024-11-08.07:40:30::SCWSystem::Not a boot domain 
LOG::2024-11-08.07:40:30::SCWSystem::Started Processing the domain standalone_microblaze_0
TRACE::2024-11-08.07:40:30::SCWDomain::Generating domain artifcats
TRACE::2024-11-08.07:40:30::SCWMssOS::Generating standalone artifcats
TRACE::2024-11-08.07:40:30::SCWMssOS:: Copying the user libraries. 
TRACE::2024-11-08.07:40:30::SCWPlatform::Trying to open the hw design at C:/Users/realk/Desktop/ece385/ECE385/lab7_2/try5_sdk/mb_usb_hdmi_top/hw/mb_usb_hdmi_top.xsa
TRACE::2024-11-08.07:40:30::SCWPlatform::DSA given C:/Users/realk/Desktop/ece385/ECE385/lab7_2/try5_sdk/mb_usb_hdmi_top/hw/mb_usb_hdmi_top.xsa
TRACE::2024-11-08.07:40:30::SCWPlatform::DSA absoulate path C:/Users/realk/Desktop/ece385/ECE385/lab7_2/try5_sdk/mb_usb_hdmi_top/hw/mb_usb_hdmi_top.xsa
TRACE::2024-11-08.07:40:30::SCWPlatform::DSA directory C:/Users/realk/Desktop/ece385/ECE385/lab7_2/try5_sdk/mb_usb_hdmi_top/hw
TRACE::2024-11-08.07:40:30::SCWPlatform:: Platform Path C:/Users/realk/Desktop/ece385/ECE385/lab7_2/try5_sdk/mb_usb_hdmi_top/hw/mb_usb_hdmi_top.xsa
TRACE::2024-11-08.07:40:30::SCWPlatform:: Unique name xilinx:::0.0
TRACE::2024-11-08.07:40:30::SCWPlatform::Trying to set the existing hwdb with name mb_usb_hdmi_top_54
TRACE::2024-11-08.07:40:30::SCWPlatform::Opened existing hwdb mb_usb_hdmi_top_54
TRACE::2024-11-08.07:40:30::SCWPlatform::Found the Hw Db part of the input DSA
TRACE::2024-11-08.07:40:30::SCWMssOS::Checking the sw design at  C:/Users/realk/Desktop/ece385/ECE385/lab7_2/try5_sdk/mb_usb_hdmi_top/microblaze_0/standalone_microblaze_0/bsp/system.mss
TRACE::2024-11-08.07:40:30::SCWMssOS::DEBUG:  swdes dump  C:/Users/realk/Desktop/ece385/ECE385/lab7_2/try5_sdk/mb_usb_hdmi_top/microblaze_0/standalone_microblaze_0/bsp/system.mss|system||

TRACE::2024-11-08.07:40:30::SCWMssOS::Sw design exists and opened at  C:/Users/realk/Desktop/ece385/ECE385/lab7_2/try5_sdk/mb_usb_hdmi_top/microblaze_0/standalone_microblaze_0/bsp/system.mss
TRACE::2024-11-08.07:40:30::SCWMssOS::Completed writing the mss file at C:/Users/realk/Desktop/ece385/ECE385/lab7_2/try5_sdk/mb_usb_hdmi_top/microblaze_0/standalone_microblaze_0/bsp
TRACE::2024-11-08.07:40:30::SCWMssOS::Mss edits present, copying mssfile into export location C:/Users/realk/Desktop/ece385/ECE385/lab7_2/try5_sdk/mb_usb_hdmi_top/microblaze_0/standalone_microblaze_0/bsp/system.mss
TRACE::2024-11-08.07:40:30::SCWMssOS::bsp generated is stale removing and regenerating. 
TRACE::2024-11-08.07:40:31::SCWMssOS::doing bsp build ... 
TRACE::2024-11-08.07:40:31::SCWMssOS::System Command Ran  C: & cd  C:/Users/realk/Desktop/ece385/ECE385/lab7_2/try5_sdk/mb_usb_hdmi_top/microblaze_0/standalone_microblaze_0/bsp & make 
TRACE::2024-11-08.07:40:31::SCWMssOS::make --no-print-directory seq_libs

TRACE::2024-11-08.07:40:31::SCWMssOS::'Finished building libraries sequentially.'

TRACE::2024-11-08.07:40:31::SCWMssOS::make -j 14 --no-print-directory par_libs

TRACE::2024-11-08.07:40:31::SCWMssOS::"Running Make include in microblaze_0/libsrc/bram_v4_8/src"

TRACE::2024-11-08.07:40:31::SCWMssOS::make -C microblaze_0/libsrc/bram_v4_8/src -s include  "SHELL=CMD" "COMPILER=mb-gcc" "ASSEMBLER=mb-as" "ARCHIVER=mb-ar" "COMPILE
TRACE::2024-11-08.07:40:31::SCWMssOS::R_FLAGS=  -O2 -c -mcpu=v11.0 -mlittle-endian -mno-xl-reorder -mno-xl-soft-mul -mxl-barrel-shift -mxl-pattern-compare" "EXTRA_CO
TRACE::2024-11-08.07:40:31::SCWMssOS::MPILER_FLAGS=-g -ffunction-sections -fdata-sections -Wall -Wextra -fno-tree-loop-distribute-patterns"

TRACE::2024-11-08.07:40:31::SCWMssOS::"Running Make include in microblaze_0/libsrc/cpu_v2_16/src"

TRACE::2024-11-08.07:40:31::SCWMssOS::make -C microblaze_0/libsrc/cpu_v2_16/src -s include  "SHELL=CMD" "COMPILER=mb-gcc" "ASSEMBLER=mb-as" "ARCHIVER=mb-ar" "COMPILE
TRACE::2024-11-08.07:40:31::SCWMssOS::R_FLAGS=  -O2 -c -mcpu=v11.0 -mlittle-endian -mno-xl-reorder -mno-xl-soft-mul -mxl-barrel-shift -mxl-pattern-compare" "EXTRA_CO
TRACE::2024-11-08.07:40:31::SCWMssOS::MPILER_FLAGS=-g -ffunction-sections -fdata-sections -Wall -Wextra -fno-tree-loop-distribute-patterns"

TRACE::2024-11-08.07:40:31::SCWMssOS::"Running Make include in microblaze_0/libsrc/intc_v3_15/src"

TRACE::2024-11-08.07:40:31::SCWMssOS::make -C microblaze_0/libsrc/intc_v3_15/src -s include  "SHELL=CMD" "COMPILER=mb-gcc" "ASSEMBLER=mb-as" "ARCHIVER=mb-ar" "COMPIL
TRACE::2024-11-08.07:40:31::SCWMssOS::ER_FLAGS=  -O2 -c -mcpu=v11.0 -mlittle-endian -mno-xl-reorder -mno-xl-soft-mul -mxl-barrel-shift -mxl-pattern-compare" "EXTRA_C
TRACE::2024-11-08.07:40:31::SCWMssOS::OMPILER_FLAGS=-g -ffunction-sections -fdata-sections -Wall -Wextra -fno-tree-loop-distribute-patterns"

TRACE::2024-11-08.07:40:31::SCWMssOS::"Running Make include in microblaze_0/libsrc/standalone_v8_0/src"

TRACE::2024-11-08.07:40:31::SCWMssOS::make -C microblaze_0/libsrc/standalone_v8_0/src -s include  "SHELL=CMD" "COMPILER=mb-gcc" "ASSEMBLER=mb-as" "ARCHIVER=mb-ar" "C
TRACE::2024-11-08.07:40:31::SCWMssOS::OMPILER_FLAGS=  -O2 -c -mcpu=v11.0 -mlittle-endian -mno-xl-reorder -mno-xl-soft-mul -mxl-barrel-shift -mxl-pattern-compare" "EX
TRACE::2024-11-08.07:40:31::SCWMssOS::TRA_COMPILER_FLAGS=-g -ffunction-sections -fdata-sections -Wall -Wextra -fno-tree-loop-distribute-patterns"

TRACE::2024-11-08.07:40:31::SCWMssOS::"Running Make include in microblaze_0/libsrc/uartlite_v3_7/src"

TRACE::2024-11-08.07:40:31::SCWMssOS::make -C microblaze_0/libsrc/uartlite_v3_7/src -s include  "SHELL=CMD" "COMPILER=mb-gcc" "ASSEMBLER=mb-as" "ARCHIVER=mb-ar" "COM
TRACE::2024-11-08.07:40:31::SCWMssOS::PILER_FLAGS=  -O2 -c -mcpu=v11.0 -mlittle-endian -mno-xl-reorder -mno-xl-soft-mul -mxl-barrel-shift -mxl-pattern-compare" "EXTR
TRACE::2024-11-08.07:40:31::SCWMssOS::A_COMPILER_FLAGS=-g -ffunction-sections -fdata-sections -Wall -Wextra -fno-tree-loop-distribute-patterns"

TRACE::2024-11-08.07:40:32::SCWMssOS::"Running Make libs in microblaze_0/libsrc/bram_v4_8/src"

TRACE::2024-11-08.07:40:32::SCWMssOS::make -C microblaze_0/libsrc/bram_v4_8/src -s libs  "SHELL=CMD" "COMPILER=mb-gcc" "ASSEMBLER=mb-as" "ARCHIVER=mb-ar" "COMPILER_F
TRACE::2024-11-08.07:40:32::SCWMssOS::LAGS=  -O2 -c -mcpu=v11.0 -mlittle-endian -mno-xl-reorder -mno-xl-soft-mul -mxl-barrel-shift -mxl-pattern-compare" "EXTRA_COMPI
TRACE::2024-11-08.07:40:32::SCWMssOS::LER_FLAGS=-g -ffunction-sections -fdata-sections -Wall -Wextra -fno-tree-loop-distribute-patterns"

TRACE::2024-11-08.07:40:32::SCWMssOS::"Running Make libs in microblaze_0/libsrc/cpu_v2_16/src"

TRACE::2024-11-08.07:40:32::SCWMssOS::make -C microblaze_0/libsrc/cpu_v2_16/src -s libs  "SHELL=CMD" "COMPILER=mb-gcc" "ASSEMBLER=mb-as" "ARCHIVER=mb-ar" "COMPILER_F
TRACE::2024-11-08.07:40:32::SCWMssOS::LAGS=  -O2 -c -mcpu=v11.0 -mlittle-endian -mno-xl-reorder -mno-xl-soft-mul -mxl-barrel-shift -mxl-pattern-compare" "EXTRA_COMPI
TRACE::2024-11-08.07:40:32::SCWMssOS::LER_FLAGS=-g -ffunction-sections -fdata-sections -Wall -Wextra -fno-tree-loop-distribute-patterns"

TRACE::2024-11-08.07:40:32::SCWMssOS::"Running Make libs in microblaze_0/libsrc/intc_v3_15/src"

TRACE::2024-11-08.07:40:32::SCWMssOS::make -C microblaze_0/libsrc/intc_v3_15/src -s libs  "SHELL=CMD" "COMPILER=mb-gcc" "ASSEMBLER=mb-as" "ARCHIVER=mb-ar" "COMPILER_
TRACE::2024-11-08.07:40:32::SCWMssOS::FLAGS=  -O2 -c -mcpu=v11.0 -mlittle-endian -mno-xl-reorder -mno-xl-soft-mul -mxl-barrel-shift -mxl-pattern-compare" "EXTRA_COMP
TRACE::2024-11-08.07:40:32::SCWMssOS::ILER_FLAGS=-g -ffunction-sections -fdata-sections -Wall -Wextra -fno-tree-loop-distribute-patterns"

TRACE::2024-11-08.07:40:32::SCWMssOS::"Running Make libs in microblaze_0/libsrc/standalone_v8_0/src"

TRACE::2024-11-08.07:40:32::SCWMssOS::make -C microblaze_0/libsrc/standalone_v8_0/src -s libs  "SHELL=CMD" "COMPILER=mb-gcc" "ASSEMBLER=mb-as" "ARCHIVER=mb-ar" "COMP
TRACE::2024-11-08.07:40:32::SCWMssOS::ILER_FLAGS=  -O2 -c -mcpu=v11.0 -mlittle-endian -mno-xl-reorder -mno-xl-soft-mul -mxl-barrel-shift -mxl-pattern-compare" "EXTRA
TRACE::2024-11-08.07:40:32::SCWMssOS::_COMPILER_FLAGS=-g -ffunction-sections -fdata-sections -Wall -Wextra -fno-tree-loop-distribute-patterns"

TRACE::2024-11-08.07:40:32::SCWMssOS::"Running Make libs in microblaze_0/libsrc/uartlite_v3_7/src"

TRACE::2024-11-08.07:40:32::SCWMssOS::make -C microblaze_0/libsrc/uartlite_v3_7/src -s libs  "SHELL=CMD" "COMPILER=mb-gcc" "ASSEMBLER=mb-as" "ARCHIVER=mb-ar" "COMPIL
TRACE::2024-11-08.07:40:32::SCWMssOS::ER_FLAGS=  -O2 -c -mcpu=v11.0 -mlittle-endian -mno-xl-reorder -mno-xl-soft-mul -mxl-barrel-shift -mxl-pattern-compare" "EXTRA_C
TRACE::2024-11-08.07:40:32::SCWMssOS::OMPILER_FLAGS=-g -ffunction-sections -fdata-sections -Wall -Wextra -fno-tree-loop-distribute-patterns"

TRACE::2024-11-08.07:40:34::SCWMssOS::"DEBUG NON_LTO_OBJECTS is ../../../lib/microblaze_interrupt_handler.o"

TRACE::2024-11-08.07:40:34::SCWMssOS::'Finished building libraries parallelly.'

TRACE::2024-11-08.07:40:34::SCWMssOS::make --no-print-directory archive

TRACE::2024-11-08.07:40:34::SCWMssOS::mb-ar -r  microblaze_0/lib/libxil.a microblaze_0/lib/_exit.o microblaze_0/lib/errno.o microblaze_0/lib/fcntl.o microblaze_0/lib
TRACE::2024-11-08.07:40:34::SCWMssOS::/hw_exception_handler.o microblaze_0/lib/inbyte.o microblaze_0/lib/microblaze_disable_dcache.o microblaze_0/lib/microblaze_disa
TRACE::2024-11-08.07:40:34::SCWMssOS::ble_exceptions.o microblaze_0/lib/microblaze_disable_icache.o microblaze_0/lib/microblaze_disable_interrupts.o microblaze_0/lib
TRACE::2024-11-08.07:40:34::SCWMssOS::/microblaze_enable_dcache.o microblaze_0/lib/microblaze_enable_exceptions.o microblaze_0/lib/microblaze_enable_icache.o microbl
TRACE::2024-11-08.07:40:34::SCWMssOS::aze_0/lib/microblaze_enable_interrupts.o microblaze_0/lib/microblaze_exception_handler.o microblaze_0/lib/microblaze_flush_cach
TRACE::2024-11-08.07:40:34::SCWMssOS::e_ext.o microblaze_0/lib/microblaze_flush_cache_ext_range.o microblaze_0/lib/microblaze_flush_dcache.o microblaze_0/lib/microbl
TRACE::2024-11-08.07:40:34::SCWMssOS::aze_flush_dcache_range.o microblaze_0/lib/microblaze_init_dcache_range.o microblaze_0/lib/microblaze_init_icache_range.o microb
TRACE::2024-11-08.07:40:34::SCWMssOS::laze_0/lib/microblaze_interrupt_handler.o microblaze_0/lib/microblaze_interrupts_g.o microblaze_0/lib/microblaze_invalidate_cac
TRACE::2024-11-08.07:40:34::SCWMssOS::he_ext.o microblaze_0/lib/microblaze_invalidate_cache_ext_range.o microblaze_0/lib/microblaze_invalidate_dcache.o microblaze_0/
TRACE::2024-11-08.07:40:34::SCWMssOS::lib/microblaze_invalidate_dcache_range.o microblaze_0/lib/microblaze_invalidate_icache.o microblaze_0/lib/microblaze_invalidate
TRACE::2024-11-08.07:40:34::SCWMssOS::_icache_range.o microblaze_0/lib/microblaze_scrub.o microblaze_0/lib/microblaze_selftest.o microblaze_0/lib/microblaze_sleep.o 
TRACE::2024-11-08.07:40:34::SCWMssOS::microblaze_0/lib/microblaze_update_dcache.o microblaze_0/lib/microblaze_update_icache.o microblaze_0/lib/outbyte.o microblaze_0
TRACE::2024-11-08.07:40:34::SCWMssOS::/lib/print.o microblaze_0/lib/pvr.o microblaze_0/lib/xbram.o microblaze_0/lib/xbram_g.o microblaze_0/lib/xbram_intr.o microblaz
TRACE::2024-11-08.07:40:34::SCWMssOS::e_0/lib/xbram_selftest.o microblaze_0/lib/xbram_sinit.o microblaze_0/lib/xil_assert.o microblaze_0/lib/xil_cache.o microblaze_0
TRACE::2024-11-08.07:40:34::SCWMssOS::/lib/xil_clocking.o microblaze_0/lib/xil_exception.o microblaze_0/lib/xil_mem.o microblaze_0/lib/xil_misc_psreset_api.o microbl
TRACE::2024-11-08.07:40:34::SCWMssOS::aze_0/lib/xil_printf.o microblaze_0/lib/xil_sleepcommon.o microblaze_0/lib/xil_testcache.o microblaze_0/lib/xil_testio.o microb
TRACE::2024-11-08.07:40:34::SCWMssOS::laze_0/lib/xil_testmem.o microblaze_0/lib/xil_util.o microblaze_0/lib/xintc.o microblaze_0/lib/xintc_g.o microblaze_0/lib/xintc
TRACE::2024-11-08.07:40:34::SCWMssOS::_intr.o microblaze_0/lib/xintc_l.o microblaze_0/lib/xintc_options.o microblaze_0/lib/xintc_selftest.o microblaze_0/lib/xinterru
TRACE::2024-11-08.07:40:34::SCWMssOS::pt_wrap.o microblaze_0/lib/xio.o microblaze_0/lib/xplatform_info.o microblaze_0/lib/xuartlite.o microblaze_0/lib/xuartlite_g.o 
TRACE::2024-11-08.07:40:34::SCWMssOS::microblaze_0/lib/xuartlite_intr.o microblaze_0/lib/xuartlite_l.o microblaze_0/lib/xuartlite_selftest.o microblaze_0/lib/xuartli
TRACE::2024-11-08.07:40:34::SCWMssOS::te_sinit.o microblaze_0/lib/xuartlite_stats.o

TRACE::2024-11-08.07:40:34::SCWMssOS::'Finished building libraries'

TRACE::2024-11-08.07:40:35::SCWMssOS:: Checking if to create the Supporting Applications
TRACE::2024-11-08.07:40:35::SCWMssOS:: No Linux domain exists, trying to generate FSBL 
LOG::2024-11-08.07:40:35::SCWSystem::Completed Processing the domain standalone_microblaze_0
LOG::2024-11-08.07:40:35::SCWSystem::Completed Processing the sysconfig mb_usb_hdmi_top
LOG::2024-11-08.07:40:35::SCWPlatform::Completed generating the artifacts for system configuration mb_usb_hdmi_top
TRACE::2024-11-08.07:40:35::SCWPlatform::Started preparing the platform 
TRACE::2024-11-08.07:40:35::SCWSystem::Writing the bif file for system config mb_usb_hdmi_top
TRACE::2024-11-08.07:40:35::SCWSystem::dir created 
TRACE::2024-11-08.07:40:35::SCWSystem::Writing the bif 
TRACE::2024-11-08.07:40:35::SCWPlatform::Started writing the spfm file 
TRACE::2024-11-08.07:40:35::SCWPlatform::Started writing the xpfm file 
TRACE::2024-11-08.07:40:35::SCWPlatform::Completed generating the platform
TRACE::2024-11-08.07:40:35::SCWMssOS::Saving the mss changes C:/Users/realk/Desktop/ece385/ECE385/lab7_2/try5_sdk/mb_usb_hdmi_top/microblaze_0/standalone_microblaze_0/bsp/system.mss
TRACE::2024-11-08.07:40:35::SCWMssOS::Adding the swdes entry, mss present, able to open swdb C:/Users/realk/Desktop/ece385/ECE385/lab7_2/try5_sdk/mb_usb_hdmi_top/microblaze_0/standalone_microblaze_0/bsp/system.mss with des name system
TRACE::2024-11-08.07:40:35::SCWMssOS::Writing the mss file completed C:/Users/realk/Desktop/ece385/ECE385/lab7_2/try5_sdk/mb_usb_hdmi_top/microblaze_0/standalone_microblaze_0/bsp/system.mss
TRACE::2024-11-08.07:40:35::SCWMssOS::Commit changes completed.
TRACE::2024-11-08.07:40:35::SCWPlatform::Trying to open the hw design at C:/Users/realk/Desktop/ece385/ECE385/lab7_2/try5_sdk/mb_usb_hdmi_top/hw/mb_usb_hdmi_top.xsa
TRACE::2024-11-08.07:40:35::SCWPlatform::DSA given C:/Users/realk/Desktop/ece385/ECE385/lab7_2/try5_sdk/mb_usb_hdmi_top/hw/mb_usb_hdmi_top.xsa
TRACE::2024-11-08.07:40:35::SCWPlatform::DSA absoulate path C:/Users/realk/Desktop/ece385/ECE385/lab7_2/try5_sdk/mb_usb_hdmi_top/hw/mb_usb_hdmi_top.xsa
TRACE::2024-11-08.07:40:35::SCWPlatform::DSA directory C:/Users/realk/Desktop/ece385/ECE385/lab7_2/try5_sdk/mb_usb_hdmi_top/hw
TRACE::2024-11-08.07:40:35::SCWPlatform:: Platform Path C:/Users/realk/Desktop/ece385/ECE385/lab7_2/try5_sdk/mb_usb_hdmi_top/hw/mb_usb_hdmi_top.xsa
TRACE::2024-11-08.07:40:35::SCWPlatform:: Unique name xilinx:::0.0
TRACE::2024-11-08.07:40:35::SCWPlatform::Trying to set the existing hwdb with name mb_usb_hdmi_top_54
TRACE::2024-11-08.07:40:35::SCWPlatform::Opened existing hwdb mb_usb_hdmi_top_54
TRACE::2024-11-08.07:40:35::SCWPlatform::Found the Hw Db part of the input DSA
TRACE::2024-11-08.07:40:35::SCWMssOS::Checking the sw design at  C:/Users/realk/Desktop/ece385/ECE385/lab7_2/try5_sdk/mb_usb_hdmi_top/microblaze_0/standalone_microblaze_0/bsp/system.mss
TRACE::2024-11-08.07:40:35::SCWMssOS::DEBUG:  swdes dump  C:/Users/realk/Desktop/ece385/ECE385/lab7_2/try5_sdk/mb_usb_hdmi_top/microblaze_0/standalone_microblaze_0/bsp/system.mss|system||

TRACE::2024-11-08.07:40:35::SCWMssOS::Sw design exists and opened at  C:/Users/realk/Desktop/ece385/ECE385/lab7_2/try5_sdk/mb_usb_hdmi_top/microblaze_0/standalone_microblaze_0/bsp/system.mss
TRACE::2024-11-08.07:40:35::SCWWriter::formatted JSON is {
	"platformName":	"mb_usb_hdmi_top",
	"sprVersion":	"2.0",
	"mode":	"gui",
	"dsaType":	"Fixed",
	"platformDesc":	"mb_usb_hdmi_top",
	"platHandOff":	"C:/Users/realk/Desktop/ece385/ECE385/lab7_2/mb_usb_hdmi_top.xsa",
	"platIntHandOff":	"<platformDir>/hw/mb_usb_hdmi_top.xsa",
	"deviceType":	"FPGA",
	"platIsPrebuiltAutogen":	"false",
	"platIsNoBootBsp":	"false",
	"hasFsblMakeHasChanges":	"false",
	"hasPmufwMakeHasChanges":	"false",
	"platPreBuiltFlag":	false,
	"platformSamplesDir":	"",
	"platActiveSys":	"mb_usb_hdmi_top",
	"systems":	[{
			"systemName":	"mb_usb_hdmi_top",
			"systemDesc":	"mb_usb_hdmi_top",
			"sysIsBootAutoGen":	"true",
			"systemDispName":	"mb_usb_hdmi_top",
			"sysActiveDom":	"standalone_microblaze_0",
			"sysDefaultDom":	"standalone_microblaze_0",
			"domains":	[{
					"domainName":	"standalone_microblaze_0",
					"domainDispName":	"standalone_microblaze_0",
					"domainDesc":	"standalone_microblaze_0",
					"processors":	"microblaze_0",
					"os":	"standalone",
					"sdxOs":	"standalone",
					"debugEnable":	"False",
					"domRuntimes":	["cpp"],
					"swRepo":	"",
					"mssOsVer":	"8.0",
					"mssFile":	"",
					"md5Digest":	"5422c1e5be4ae93f4de8c50507402f2a",
					"compatibleApp":	"",
					"domType":	"mssDomain",
					"arch":	"32-bit",
					"appSettings":	{
						"appCompilerFlags":	"",
						"appLinkerFlags":	""
					},
					"addedLibs":	[],
					"libOptions":	{
						"libsContainingOptions":	[]
					},
					"prebuiltLibs":	{
						"prebuiltIncPath":	[],
						"prebuiltLibPath":	[]
					},
					"isolation":	{
					}
				}]
		}]
}
KEYINFO::2024-11-08.07:40:35::SCWPlatform::updated the xpfm file.
TRACE::2024-11-08.07:40:36::SCWPlatform::Trying to open the hw design at C:/Users/realk/Desktop/ece385/ECE385/lab7_2/try5_sdk/mb_usb_hdmi_top/hw/mb_usb_hdmi_top.xsa
TRACE::2024-11-08.07:40:36::SCWPlatform::DSA given C:/Users/realk/Desktop/ece385/ECE385/lab7_2/try5_sdk/mb_usb_hdmi_top/hw/mb_usb_hdmi_top.xsa
TRACE::2024-11-08.07:40:36::SCWPlatform::DSA absoulate path C:/Users/realk/Desktop/ece385/ECE385/lab7_2/try5_sdk/mb_usb_hdmi_top/hw/mb_usb_hdmi_top.xsa
TRACE::2024-11-08.07:40:36::SCWPlatform::DSA directory C:/Users/realk/Desktop/ece385/ECE385/lab7_2/try5_sdk/mb_usb_hdmi_top/hw
TRACE::2024-11-08.07:40:36::SCWPlatform:: Platform Path C:/Users/realk/Desktop/ece385/ECE385/lab7_2/try5_sdk/mb_usb_hdmi_top/hw/mb_usb_hdmi_top.xsa
TRACE::2024-11-08.07:40:36::SCWPlatform:: Unique name xilinx:::0.0
TRACE::2024-11-08.07:40:36::SCWPlatform::Trying to set the existing hwdb with name mb_usb_hdmi_top_54
TRACE::2024-11-08.07:40:36::SCWPlatform::Opened existing hwdb mb_usb_hdmi_top_54
TRACE::2024-11-08.07:40:36::SCWPlatform::Found the Hw Db part of the input DSA
TRACE::2024-11-08.07:40:36::SCWMssOS::Checking the sw design at  C:/Users/realk/Desktop/ece385/ECE385/lab7_2/try5_sdk/mb_usb_hdmi_top/microblaze_0/standalone_microblaze_0/bsp/system.mss
TRACE::2024-11-08.07:40:36::SCWMssOS::DEBUG:  swdes dump  C:/Users/realk/Desktop/ece385/ECE385/lab7_2/try5_sdk/mb_usb_hdmi_top/microblaze_0/standalone_microblaze_0/bsp/system.mss|system||

TRACE::2024-11-08.07:40:36::SCWMssOS::Sw design exists and opened at  C:/Users/realk/Desktop/ece385/ECE385/lab7_2/try5_sdk/mb_usb_hdmi_top/microblaze_0/standalone_microblaze_0/bsp/system.mss
TRACE::2024-11-08.08:06:16::SCWPlatform::Clearing the existing platform
TRACE::2024-11-08.08:06:16::SCWSystem::Clearing the existing sysconfig
TRACE::2024-11-08.08:06:16::SCWMssOS::Removing the swdes entry for  C:/Users/realk/Desktop/ece385/ECE385/lab7_2/try5_sdk/mb_usb_hdmi_top/microblaze_0/standalone_microblaze_0/bsp/system.mss
TRACE::2024-11-08.08:06:16::SCWSystem::Clearing the domains completed.
TRACE::2024-11-08.08:06:16::SCWPlatform::Clearing the opened hw db.
TRACE::2024-11-08.08:06:16::SCWPlatform::DSA given C:/Users/realk/Desktop/ece385/ECE385/lab7_2/try5_sdk/mb_usb_hdmi_top/hw/mb_usb_hdmi_top.xsa
TRACE::2024-11-08.08:06:16::SCWPlatform::DSA absoulate path C:/Users/realk/Desktop/ece385/ECE385/lab7_2/try5_sdk/mb_usb_hdmi_top/hw/mb_usb_hdmi_top.xsa
TRACE::2024-11-08.08:06:16::SCWPlatform:: Platform location is C:/Users/realk/Desktop/ece385/ECE385/lab7_2/try5_sdk/mb_usb_hdmi_top/hw
TRACE::2024-11-08.08:06:16::SCWPlatform:: Platform Path C:/Users/realk/Desktop/ece385/ECE385/lab7_2/try5_sdk/mb_usb_hdmi_top/hw/mb_usb_hdmi_top.xsa
TRACE::2024-11-08.08:06:16::SCWPlatform:: Unique name xilinx:::0.0
TRACE::2024-11-08.08:06:16::SCWPlatform::Removing the HwDB with name C:/Users/realk/Desktop/ece385/ECE385/lab7_2/try5_sdk/mb_usb_hdmi_top/hw/mb_usb_hdmi_top.xsa
TRACE::2024-11-08.08:06:16::SCWPlatform::Trying to open the hw design at C:/Users/realk/Desktop/ece385/ECE385/lab7_2/try5_sdk/mb_usb_hdmi_top/hw/mb_usb_hdmi_top.xsa
TRACE::2024-11-08.08:06:16::SCWPlatform::DSA given C:/Users/realk/Desktop/ece385/ECE385/lab7_2/try5_sdk/mb_usb_hdmi_top/hw/mb_usb_hdmi_top.xsa
TRACE::2024-11-08.08:06:16::SCWPlatform::DSA absoulate path C:/Users/realk/Desktop/ece385/ECE385/lab7_2/try5_sdk/mb_usb_hdmi_top/hw/mb_usb_hdmi_top.xsa
TRACE::2024-11-08.08:06:16::SCWPlatform::DSA directory C:/Users/realk/Desktop/ece385/ECE385/lab7_2/try5_sdk/mb_usb_hdmi_top/hw
TRACE::2024-11-08.08:06:16::SCWPlatform:: Platform Path C:/Users/realk/Desktop/ece385/ECE385/lab7_2/try5_sdk/mb_usb_hdmi_top/hw/mb_usb_hdmi_top.xsa
TRACE::2024-11-08.08:06:16::SCWPlatform:: Unique name xilinx:::0.0
TRACE::2024-11-08.08:06:16::SCWPlatform::Do not have an existing db opened. 
TRACE::2024-11-08.08:06:16::SCWPlatform::Opened new HwDB with name mb_usb_hdmi_top_56
TRACE::2024-11-08.08:06:16::SCWReader::Active system found as  mb_usb_hdmi_top
TRACE::2024-11-08.08:06:16::SCWReader::Handling sysconfig mb_usb_hdmi_top
TRACE::2024-11-08.08:06:16::SCWDomain::checking for install qemu data   : 
TRACE::2024-11-08.08:06:16::SCWPlatform::Trying to open the hw design at C:/Users/realk/Desktop/ece385/ECE385/lab7_2/try5_sdk/mb_usb_hdmi_top/hw/mb_usb_hdmi_top.xsa
TRACE::2024-11-08.08:06:16::SCWPlatform::DSA given C:/Users/realk/Desktop/ece385/ECE385/lab7_2/try5_sdk/mb_usb_hdmi_top/hw/mb_usb_hdmi_top.xsa
TRACE::2024-11-08.08:06:16::SCWPlatform::DSA absoulate path C:/Users/realk/Desktop/ece385/ECE385/lab7_2/try5_sdk/mb_usb_hdmi_top/hw/mb_usb_hdmi_top.xsa
TRACE::2024-11-08.08:06:16::SCWPlatform::DSA directory C:/Users/realk/Desktop/ece385/ECE385/lab7_2/try5_sdk/mb_usb_hdmi_top/hw
TRACE::2024-11-08.08:06:16::SCWPlatform:: Platform Path C:/Users/realk/Desktop/ece385/ECE385/lab7_2/try5_sdk/mb_usb_hdmi_top/hw/mb_usb_hdmi_top.xsa
TRACE::2024-11-08.08:06:16::SCWPlatform:: Unique name xilinx:::0.0
TRACE::2024-11-08.08:06:16::SCWPlatform::Trying to set the existing hwdb with name mb_usb_hdmi_top_56
TRACE::2024-11-08.08:06:16::SCWPlatform::Opened existing hwdb mb_usb_hdmi_top_56
TRACE::2024-11-08.08:06:16::SCWPlatform::Found the Hw Db part of the input DSA
TRACE::2024-11-08.08:06:16::SCWPlatform::Trying to open the hw design at C:/Users/realk/Desktop/ece385/ECE385/lab7_2/try5_sdk/mb_usb_hdmi_top/hw/mb_usb_hdmi_top.xsa
TRACE::2024-11-08.08:06:16::SCWPlatform::DSA given C:/Users/realk/Desktop/ece385/ECE385/lab7_2/try5_sdk/mb_usb_hdmi_top/hw/mb_usb_hdmi_top.xsa
TRACE::2024-11-08.08:06:16::SCWPlatform::DSA absoulate path C:/Users/realk/Desktop/ece385/ECE385/lab7_2/try5_sdk/mb_usb_hdmi_top/hw/mb_usb_hdmi_top.xsa
TRACE::2024-11-08.08:06:16::SCWPlatform::DSA directory C:/Users/realk/Desktop/ece385/ECE385/lab7_2/try5_sdk/mb_usb_hdmi_top/hw
TRACE::2024-11-08.08:06:16::SCWPlatform:: Platform Path C:/Users/realk/Desktop/ece385/ECE385/lab7_2/try5_sdk/mb_usb_hdmi_top/hw/mb_usb_hdmi_top.xsa
TRACE::2024-11-08.08:06:16::SCWPlatform:: Unique name xilinx:::0.0
TRACE::2024-11-08.08:06:16::SCWPlatform::Trying to set the existing hwdb with name mb_usb_hdmi_top_56
TRACE::2024-11-08.08:06:16::SCWPlatform::Opened existing hwdb mb_usb_hdmi_top_56
TRACE::2024-11-08.08:06:16::SCWPlatform::Found the Hw Db part of the input DSA
TRACE::2024-11-08.08:06:16::SCWPlatform::Trying to open the hw design at C:/Users/realk/Desktop/ece385/ECE385/lab7_2/try5_sdk/mb_usb_hdmi_top/hw/mb_usb_hdmi_top.xsa
TRACE::2024-11-08.08:06:16::SCWPlatform::DSA given C:/Users/realk/Desktop/ece385/ECE385/lab7_2/try5_sdk/mb_usb_hdmi_top/hw/mb_usb_hdmi_top.xsa
TRACE::2024-11-08.08:06:16::SCWPlatform::DSA absoulate path C:/Users/realk/Desktop/ece385/ECE385/lab7_2/try5_sdk/mb_usb_hdmi_top/hw/mb_usb_hdmi_top.xsa
TRACE::2024-11-08.08:06:16::SCWPlatform::DSA directory C:/Users/realk/Desktop/ece385/ECE385/lab7_2/try5_sdk/mb_usb_hdmi_top/hw
TRACE::2024-11-08.08:06:16::SCWPlatform:: Platform Path C:/Users/realk/Desktop/ece385/ECE385/lab7_2/try5_sdk/mb_usb_hdmi_top/hw/mb_usb_hdmi_top.xsa
TRACE::2024-11-08.08:06:16::SCWPlatform:: Unique name xilinx:::0.0
TRACE::2024-11-08.08:06:16::SCWPlatform::Trying to set the existing hwdb with name mb_usb_hdmi_top_56
TRACE::2024-11-08.08:06:16::SCWPlatform::Opened existing hwdb mb_usb_hdmi_top_56
TRACE::2024-11-08.08:06:16::SCWPlatform::Found the Hw Db part of the input DSA
TRACE::2024-11-08.08:06:16::SCWPlatform::Trying to open the hw design at C:/Users/realk/Desktop/ece385/ECE385/lab7_2/try5_sdk/mb_usb_hdmi_top/hw/mb_usb_hdmi_top.xsa
TRACE::2024-11-08.08:06:16::SCWPlatform::DSA given C:/Users/realk/Desktop/ece385/ECE385/lab7_2/try5_sdk/mb_usb_hdmi_top/hw/mb_usb_hdmi_top.xsa
TRACE::2024-11-08.08:06:16::SCWPlatform::DSA absoulate path C:/Users/realk/Desktop/ece385/ECE385/lab7_2/try5_sdk/mb_usb_hdmi_top/hw/mb_usb_hdmi_top.xsa
TRACE::2024-11-08.08:06:16::SCWPlatform::DSA directory C:/Users/realk/Desktop/ece385/ECE385/lab7_2/try5_sdk/mb_usb_hdmi_top/hw
TRACE::2024-11-08.08:06:16::SCWPlatform:: Platform Path C:/Users/realk/Desktop/ece385/ECE385/lab7_2/try5_sdk/mb_usb_hdmi_top/hw/mb_usb_hdmi_top.xsa
TRACE::2024-11-08.08:06:16::SCWPlatform:: Unique name xilinx:::0.0
TRACE::2024-11-08.08:06:16::SCWPlatform::Trying to set the existing hwdb with name mb_usb_hdmi_top_56
TRACE::2024-11-08.08:06:16::SCWPlatform::Opened existing hwdb mb_usb_hdmi_top_56
TRACE::2024-11-08.08:06:16::SCWPlatform::Found the Hw Db part of the input DSA
TRACE::2024-11-08.08:06:16::SCWMssOS::Checking the sw design at  C:/Users/realk/Desktop/ece385/ECE385/lab7_2/try5_sdk/mb_usb_hdmi_top/microblaze_0/standalone_microblaze_0/bsp/system.mss
TRACE::2024-11-08.08:06:16::SCWMssOS::DEBUG:  swdes dump  
TRACE::2024-11-08.08:06:16::SCWMssOS::No sw design opened at  C:/Users/realk/Desktop/ece385/ECE385/lab7_2/try5_sdk/mb_usb_hdmi_top/microblaze_0/standalone_microblaze_0/bsp/system.mss
TRACE::2024-11-08.08:06:16::SCWMssOS::mss exists loading the mss file  C:/Users/realk/Desktop/ece385/ECE385/lab7_2/try5_sdk/mb_usb_hdmi_top/microblaze_0/standalone_microblaze_0/bsp/system.mss
TRACE::2024-11-08.08:06:16::SCWMssOS::Opened the sw design from mss  C:/Users/realk/Desktop/ece385/ECE385/lab7_2/try5_sdk/mb_usb_hdmi_top/microblaze_0/standalone_microblaze_0/bsp/system.mss
TRACE::2024-11-08.08:06:16::SCWMssOS::Adding the swdes entry C:/Users/realk/Desktop/ece385/ECE385/lab7_2/try5_sdk/mb_usb_hdmi_top/microblaze_0/standalone_microblaze_0/bsp/system.mss with des name system
TRACE::2024-11-08.08:06:16::SCWMssOS::updating the scw layer about changes
TRACE::2024-11-08.08:06:16::SCWMssOS::Opened the sw design.  C:/Users/realk/Desktop/ece385/ECE385/lab7_2/try5_sdk/mb_usb_hdmi_top/microblaze_0/standalone_microblaze_0/bsp/system.mss
TRACE::2024-11-08.08:06:16::SCWMssOS::Saving the mss changes C:/Users/realk/Desktop/ece385/ECE385/lab7_2/try5_sdk/mb_usb_hdmi_top/microblaze_0/standalone_microblaze_0/bsp/system.mss
TRACE::2024-11-08.08:06:16::SCWMssOS::Found a swdesign opened with the mssfile.
TRACE::2024-11-08.08:06:16::SCWMssOS::Completed writemss as part of save.
TRACE::2024-11-08.08:06:16::SCWMssOS::Commit changes completed.
TRACE::2024-11-08.08:06:16::SCWReader::Adding prebuilt librarypaths as   
TRACE::2024-11-08.08:06:16::SCWReader::Adding prebuilt incpaths  as   
TRACE::2024-11-08.08:06:16::SCWPlatform::Trying to open the hw design at C:/Users/realk/Desktop/ece385/ECE385/lab7_2/try5_sdk/mb_usb_hdmi_top/hw/mb_usb_hdmi_top.xsa
TRACE::2024-11-08.08:06:16::SCWPlatform::DSA given C:/Users/realk/Desktop/ece385/ECE385/lab7_2/try5_sdk/mb_usb_hdmi_top/hw/mb_usb_hdmi_top.xsa
TRACE::2024-11-08.08:06:16::SCWPlatform::DSA absoulate path C:/Users/realk/Desktop/ece385/ECE385/lab7_2/try5_sdk/mb_usb_hdmi_top/hw/mb_usb_hdmi_top.xsa
TRACE::2024-11-08.08:06:16::SCWPlatform::DSA directory C:/Users/realk/Desktop/ece385/ECE385/lab7_2/try5_sdk/mb_usb_hdmi_top/hw
TRACE::2024-11-08.08:06:16::SCWPlatform:: Platform Path C:/Users/realk/Desktop/ece385/ECE385/lab7_2/try5_sdk/mb_usb_hdmi_top/hw/mb_usb_hdmi_top.xsa
TRACE::2024-11-08.08:06:16::SCWPlatform:: Unique name xilinx:::0.0
TRACE::2024-11-08.08:06:16::SCWPlatform::Trying to set the existing hwdb with name mb_usb_hdmi_top_56
TRACE::2024-11-08.08:06:16::SCWPlatform::Opened existing hwdb mb_usb_hdmi_top_56
TRACE::2024-11-08.08:06:16::SCWPlatform::Found the Hw Db part of the input DSA
TRACE::2024-11-08.08:06:16::SCWMssOS::Checking the sw design at  C:/Users/realk/Desktop/ece385/ECE385/lab7_2/try5_sdk/mb_usb_hdmi_top/microblaze_0/standalone_microblaze_0/bsp/system.mss
TRACE::2024-11-08.08:06:16::SCWMssOS::DEBUG:  swdes dump  C:/Users/realk/Desktop/ece385/ECE385/lab7_2/try5_sdk/mb_usb_hdmi_top/microblaze_0/standalone_microblaze_0/bsp/system.mss|system||

TRACE::2024-11-08.08:06:16::SCWMssOS::Sw design exists and opened at  C:/Users/realk/Desktop/ece385/ECE385/lab7_2/try5_sdk/mb_usb_hdmi_top/microblaze_0/standalone_microblaze_0/bsp/system.mss
TRACE::2024-11-08.08:06:16::SCWReader::No isolation master present  
TRACE::2024-11-08.08:06:20::SCWPlatform::DSA given C:/Users/realk/Desktop/ece385/ECE385/lab7_2/try5_sdk/mb_usb_hdmi_top/tempdsa/mb_usb_hdmi_top.xsa
TRACE::2024-11-08.08:06:20::SCWPlatform::DSA absoulate path C:/Users/realk/Desktop/ece385/ECE385/lab7_2/try5_sdk/mb_usb_hdmi_top/tempdsa/mb_usb_hdmi_top.xsa
TRACE::2024-11-08.08:06:20::SCWPlatform:: Platform location is C:/Users/realk/Desktop/ece385/ECE385/lab7_2/try5_sdk/mb_usb_hdmi_top/tempdsa
TRACE::2024-11-08.08:06:20::SCWPlatform:: Platform Path C:/Users/realk/Desktop/ece385/ECE385/lab7_2/try5_sdk/mb_usb_hdmi_top/tempdsa/mb_usb_hdmi_top.xsa
TRACE::2024-11-08.08:06:20::SCWPlatform:: Unique name xilinx:::0.0
TRACE::2024-11-08.08:06:20::SCWPlatform::Found the Hw Db part of the input DSA
TRACE::2024-11-08.08:06:20::SCWMssOS::Doing hw sync for the mss in domain: standalone_microblaze_0
TRACE::2024-11-08.08:06:20::SCWPlatform::Trying to open the hw design at C:/Users/realk/Desktop/ece385/ECE385/lab7_2/try5_sdk/mb_usb_hdmi_top/hw/mb_usb_hdmi_top.xsa
TRACE::2024-11-08.08:06:20::SCWPlatform::DSA given C:/Users/realk/Desktop/ece385/ECE385/lab7_2/try5_sdk/mb_usb_hdmi_top/hw/mb_usb_hdmi_top.xsa
TRACE::2024-11-08.08:06:20::SCWPlatform::DSA absoulate path C:/Users/realk/Desktop/ece385/ECE385/lab7_2/try5_sdk/mb_usb_hdmi_top/hw/mb_usb_hdmi_top.xsa
TRACE::2024-11-08.08:06:20::SCWPlatform::DSA directory C:/Users/realk/Desktop/ece385/ECE385/lab7_2/try5_sdk/mb_usb_hdmi_top/hw
TRACE::2024-11-08.08:06:20::SCWPlatform:: Platform Path C:/Users/realk/Desktop/ece385/ECE385/lab7_2/try5_sdk/mb_usb_hdmi_top/hw/mb_usb_hdmi_top.xsa
TRACE::2024-11-08.08:06:20::SCWPlatform:: Unique name xilinx:::0.0
TRACE::2024-11-08.08:06:20::SCWPlatform::Trying to set the existing hwdb with name mb_usb_hdmi_top_56
TRACE::2024-11-08.08:06:20::SCWPlatform::Opened existing hwdb mb_usb_hdmi_top_56
TRACE::2024-11-08.08:06:20::SCWPlatform::Found the Hw Db part of the input DSA
TRACE::2024-11-08.08:06:20::SCWPlatform::Trying to open the hw design at C:/Users/realk/Desktop/ece385/ECE385/lab7_2/try5_sdk/mb_usb_hdmi_top/hw/mb_usb_hdmi_top.xsa
TRACE::2024-11-08.08:06:20::SCWPlatform::DSA given C:/Users/realk/Desktop/ece385/ECE385/lab7_2/try5_sdk/mb_usb_hdmi_top/hw/mb_usb_hdmi_top.xsa
TRACE::2024-11-08.08:06:20::SCWPlatform::DSA absoulate path C:/Users/realk/Desktop/ece385/ECE385/lab7_2/try5_sdk/mb_usb_hdmi_top/hw/mb_usb_hdmi_top.xsa
TRACE::2024-11-08.08:06:20::SCWPlatform::DSA directory C:/Users/realk/Desktop/ece385/ECE385/lab7_2/try5_sdk/mb_usb_hdmi_top/hw
TRACE::2024-11-08.08:06:20::SCWPlatform:: Platform Path C:/Users/realk/Desktop/ece385/ECE385/lab7_2/try5_sdk/mb_usb_hdmi_top/hw/mb_usb_hdmi_top.xsa
TRACE::2024-11-08.08:06:20::SCWPlatform:: Unique name xilinx:::0.0
TRACE::2024-11-08.08:06:20::SCWPlatform::Trying to set the existing hwdb with name mb_usb_hdmi_top_56
TRACE::2024-11-08.08:06:20::SCWPlatform::Opened existing hwdb mb_usb_hdmi_top_56
TRACE::2024-11-08.08:06:20::SCWPlatform::Found the Hw Db part of the input DSA
TRACE::2024-11-08.08:06:20::SCWMssOS::Checking the sw design at  C:/Users/realk/Desktop/ece385/ECE385/lab7_2/try5_sdk/mb_usb_hdmi_top/microblaze_0/standalone_microblaze_0/bsp/system.mss
TRACE::2024-11-08.08:06:20::SCWMssOS::DEBUG:  swdes dump  C:/Users/realk/Desktop/ece385/ECE385/lab7_2/try5_sdk/mb_usb_hdmi_top/microblaze_0/standalone_microblaze_0/bsp/system.mss|system||

TRACE::2024-11-08.08:06:20::SCWMssOS::Sw design exists and opened at  C:/Users/realk/Desktop/ece385/ECE385/lab7_2/try5_sdk/mb_usb_hdmi_top/microblaze_0/standalone_microblaze_0/bsp/system.mss
TRACE::2024-11-08.08:06:20::SCWPlatform::Trying to open the hw design at C:/Users/realk/Desktop/ece385/ECE385/lab7_2/try5_sdk/mb_usb_hdmi_top/tempdsa/mb_usb_hdmi_top.xsa
TRACE::2024-11-08.08:06:20::SCWPlatform::DSA given C:/Users/realk/Desktop/ece385/ECE385/lab7_2/try5_sdk/mb_usb_hdmi_top/tempdsa/mb_usb_hdmi_top.xsa
TRACE::2024-11-08.08:06:20::SCWPlatform::DSA absoulate path C:/Users/realk/Desktop/ece385/ECE385/lab7_2/try5_sdk/mb_usb_hdmi_top/tempdsa/mb_usb_hdmi_top.xsa
TRACE::2024-11-08.08:06:20::SCWPlatform::DSA directory C:/Users/realk/Desktop/ece385/ECE385/lab7_2/try5_sdk/mb_usb_hdmi_top/tempdsa
TRACE::2024-11-08.08:06:20::SCWPlatform:: Platform Path C:/Users/realk/Desktop/ece385/ECE385/lab7_2/try5_sdk/mb_usb_hdmi_top/tempdsa/mb_usb_hdmi_top.xsa
TRACE::2024-11-08.08:06:20::SCWPlatform:: Unique name xilinx:::0.0
TRACE::2024-11-08.08:06:20::SCWPlatform::update - Opened existing hwdb mb_usb_hdmi_top_57
TRACE::2024-11-08.08:06:20::SCWPlatform::Found the Hw Db part of the input DSA
TRACE::2024-11-08.08:06:20::SCWMssOS::Saving the mss changes C:/Users/realk/Desktop/ece385/ECE385/lab7_2/try5_sdk/mb_usb_hdmi_top/microblaze_0/standalone_microblaze_0/bsp/system.mss
TRACE::2024-11-08.08:06:20::SCWMssOS::Found a swdesign opened with the mssfile.
TRACE::2024-11-08.08:06:20::SCWMssOS::Completed writemss as part of save.
TRACE::2024-11-08.08:06:20::SCWMssOS::Commit changes completed.
TRACE::2024-11-08.08:06:20::SCWMssOS::Completed hw sync for the mss in domain: standalone_microblaze_0
TRACE::2024-11-08.08:06:20::SCWMssOS::Removing the swdes entry for  C:/Users/realk/Desktop/ece385/ECE385/lab7_2/try5_sdk/mb_usb_hdmi_top/microblaze_0/standalone_microblaze_0/bsp/system.mss
TRACE::2024-11-08.08:06:20::SCWPlatform::Trying to open the hw design at C:/Users/realk/Desktop/ece385/ECE385/lab7_2/try5_sdk/mb_usb_hdmi_top/hw/mb_usb_hdmi_top.xsa
TRACE::2024-11-08.08:06:20::SCWPlatform::DSA given C:/Users/realk/Desktop/ece385/ECE385/lab7_2/try5_sdk/mb_usb_hdmi_top/hw/mb_usb_hdmi_top.xsa
TRACE::2024-11-08.08:06:20::SCWPlatform::DSA absoulate path C:/Users/realk/Desktop/ece385/ECE385/lab7_2/try5_sdk/mb_usb_hdmi_top/hw/mb_usb_hdmi_top.xsa
TRACE::2024-11-08.08:06:20::SCWPlatform::DSA directory C:/Users/realk/Desktop/ece385/ECE385/lab7_2/try5_sdk/mb_usb_hdmi_top/hw
TRACE::2024-11-08.08:06:20::SCWPlatform:: Platform Path C:/Users/realk/Desktop/ece385/ECE385/lab7_2/try5_sdk/mb_usb_hdmi_top/hw/mb_usb_hdmi_top.xsa
TRACE::2024-11-08.08:06:20::SCWPlatform:: Unique name xilinx:::0.0
TRACE::2024-11-08.08:06:20::SCWPlatform::Do not have an existing db opened. 
TRACE::2024-11-08.08:06:20::SCWPlatform::Opened new HwDB with name mb_usb_hdmi_top_58
TRACE::2024-11-08.08:06:20::SCWMssOS::Saving the mss changes C:/Users/realk/Desktop/ece385/ECE385/lab7_2/try5_sdk/mb_usb_hdmi_top/microblaze_0/standalone_microblaze_0/bsp/system.mss
TRACE::2024-11-08.08:06:20::SCWMssOS::Adding the swdes entry, mss present, able to open swdb C:/Users/realk/Desktop/ece385/ECE385/lab7_2/try5_sdk/mb_usb_hdmi_top/microblaze_0/standalone_microblaze_0/bsp/system.mss with des name system
TRACE::2024-11-08.08:06:20::SCWMssOS::Writing the mss file completed C:/Users/realk/Desktop/ece385/ECE385/lab7_2/try5_sdk/mb_usb_hdmi_top/microblaze_0/standalone_microblaze_0/bsp/system.mss
TRACE::2024-11-08.08:06:20::SCWMssOS::Commit changes completed.
TRACE::2024-11-08.08:06:20::SCWPlatform::Trying to open the hw design at C:/Users/realk/Desktop/ece385/ECE385/lab7_2/try5_sdk/mb_usb_hdmi_top/hw/mb_usb_hdmi_top.xsa
TRACE::2024-11-08.08:06:20::SCWPlatform::DSA given C:/Users/realk/Desktop/ece385/ECE385/lab7_2/try5_sdk/mb_usb_hdmi_top/hw/mb_usb_hdmi_top.xsa
TRACE::2024-11-08.08:06:20::SCWPlatform::DSA absoulate path C:/Users/realk/Desktop/ece385/ECE385/lab7_2/try5_sdk/mb_usb_hdmi_top/hw/mb_usb_hdmi_top.xsa
TRACE::2024-11-08.08:06:20::SCWPlatform::DSA directory C:/Users/realk/Desktop/ece385/ECE385/lab7_2/try5_sdk/mb_usb_hdmi_top/hw
TRACE::2024-11-08.08:06:20::SCWPlatform:: Platform Path C:/Users/realk/Desktop/ece385/ECE385/lab7_2/try5_sdk/mb_usb_hdmi_top/hw/mb_usb_hdmi_top.xsa
TRACE::2024-11-08.08:06:20::SCWPlatform:: Unique name xilinx:::0.0
TRACE::2024-11-08.08:06:20::SCWPlatform::Trying to set the existing hwdb with name mb_usb_hdmi_top_58
TRACE::2024-11-08.08:06:20::SCWPlatform::Opened existing hwdb mb_usb_hdmi_top_58
TRACE::2024-11-08.08:06:20::SCWPlatform::Found the Hw Db part of the input DSA
TRACE::2024-11-08.08:06:20::SCWMssOS::Checking the sw design at  C:/Users/realk/Desktop/ece385/ECE385/lab7_2/try5_sdk/mb_usb_hdmi_top/microblaze_0/standalone_microblaze_0/bsp/system.mss
TRACE::2024-11-08.08:06:20::SCWMssOS::DEBUG:  swdes dump  C:/Users/realk/Desktop/ece385/ECE385/lab7_2/try5_sdk/mb_usb_hdmi_top/microblaze_0/standalone_microblaze_0/bsp/system.mss|system||

TRACE::2024-11-08.08:06:20::SCWMssOS::Sw design exists and opened at  C:/Users/realk/Desktop/ece385/ECE385/lab7_2/try5_sdk/mb_usb_hdmi_top/microblaze_0/standalone_microblaze_0/bsp/system.mss
TRACE::2024-11-08.08:06:20::SCWWriter::formatted JSON is {
	"platformName":	"mb_usb_hdmi_top",
	"sprVersion":	"2.0",
	"mode":	"gui",
	"dsaType":	"Fixed",
	"platformDesc":	"mb_usb_hdmi_top",
	"platHandOff":	"C:/Users/realk/Desktop/ece385/ECE385/lab7_2/mb_usb_hdmi_top.xsa",
	"platIntHandOff":	"<platformDir>/hw/mb_usb_hdmi_top.xsa",
	"deviceType":	"FPGA",
	"platIsPrebuiltAutogen":	"false",
	"platIsNoBootBsp":	"false",
	"hasFsblMakeHasChanges":	"false",
	"hasPmufwMakeHasChanges":	"false",
	"platPreBuiltFlag":	false,
	"platformSamplesDir":	"",
	"platActiveSys":	"mb_usb_hdmi_top",
	"systems":	[{
			"systemName":	"mb_usb_hdmi_top",
			"systemDesc":	"mb_usb_hdmi_top",
			"sysIsBootAutoGen":	"true",
			"systemDispName":	"mb_usb_hdmi_top",
			"sysActiveDom":	"standalone_microblaze_0",
			"sysDefaultDom":	"standalone_microblaze_0",
			"domains":	[{
					"domainName":	"standalone_microblaze_0",
					"domainDispName":	"standalone_microblaze_0",
					"domainDesc":	"standalone_microblaze_0",
					"processors":	"microblaze_0",
					"os":	"standalone",
					"sdxOs":	"standalone",
					"debugEnable":	"False",
					"domRuntimes":	["cpp"],
					"swRepo":	"",
					"mssOsVer":	"8.0",
					"mssFile":	"",
					"md5Digest":	"5422c1e5be4ae93f4de8c50507402f2a1",
					"compatibleApp":	"",
					"domType":	"mssDomain",
					"arch":	"32-bit",
					"appSettings":	{
						"appCompilerFlags":	"",
						"appLinkerFlags":	""
					},
					"addedLibs":	[],
					"libOptions":	{
						"libsContainingOptions":	[]
					},
					"prebuiltLibs":	{
						"prebuiltIncPath":	[],
						"prebuiltLibPath":	[]
					},
					"isolation":	{
					}
				}]
		}]
}
TRACE::2024-11-08.08:06:34::SCWMssOS::cleaning the bsp 
TRACE::2024-11-08.08:06:34::SCWMssOS::System Command Ran  C: & cd  C:/Users/realk/Desktop/ece385/ECE385/lab7_2/try5_sdk/mb_usb_hdmi_top/microblaze_0/standalone_microblaze_0/bsp & make clean 
TRACE::2024-11-08.08:06:34::SCWMssOS::make -C microblaze_0/libsrc/bram_v4_8/src -s clean 

TRACE::2024-11-08.08:06:34::SCWMssOS::make -C microblaze_0/libsrc/cpu_v2_16/src -s clean 

TRACE::2024-11-08.08:06:34::SCWMssOS::make -C microblaze_0/libsrc/intc_v3_15/src -s clean 

TRACE::2024-11-08.08:06:34::SCWMssOS::make -C microblaze_0/libsrc/standalone_v8_0/src -s clean 

TRACE::2024-11-08.08:06:34::SCWMssOS::make -C microblaze_0/libsrc/uartlite_v3_7/src -s clean 

TRACE::2024-11-08.08:06:34::SCWMssOS::rm -f microblaze_0/lib/libxil.a

LOG::2024-11-08.08:06:45::SCWPlatform::Started generating the artifacts platform mb_usb_hdmi_top
TRACE::2024-11-08.08:06:45::SCWPlatform::Sanity checking of platform is completed
LOG::2024-11-08.08:06:45::SCWPlatform::Started generating the artifacts for system configuration mb_usb_hdmi_top
LOG::2024-11-08.08:06:45::SCWSystem::Checking the domain standalone_microblaze_0
LOG::2024-11-08.08:06:45::SCWSystem::Not a boot domain 
LOG::2024-11-08.08:06:45::SCWSystem::Started Processing the domain standalone_microblaze_0
TRACE::2024-11-08.08:06:45::SCWDomain::Generating domain artifcats
TRACE::2024-11-08.08:06:45::SCWMssOS::Generating standalone artifcats
TRACE::2024-11-08.08:06:45::SCWMssOS:: Copying the user libraries. 
TRACE::2024-11-08.08:06:45::SCWPlatform::Trying to open the hw design at C:/Users/realk/Desktop/ece385/ECE385/lab7_2/try5_sdk/mb_usb_hdmi_top/hw/mb_usb_hdmi_top.xsa
TRACE::2024-11-08.08:06:45::SCWPlatform::DSA given C:/Users/realk/Desktop/ece385/ECE385/lab7_2/try5_sdk/mb_usb_hdmi_top/hw/mb_usb_hdmi_top.xsa
TRACE::2024-11-08.08:06:45::SCWPlatform::DSA absoulate path C:/Users/realk/Desktop/ece385/ECE385/lab7_2/try5_sdk/mb_usb_hdmi_top/hw/mb_usb_hdmi_top.xsa
TRACE::2024-11-08.08:06:45::SCWPlatform::DSA directory C:/Users/realk/Desktop/ece385/ECE385/lab7_2/try5_sdk/mb_usb_hdmi_top/hw
TRACE::2024-11-08.08:06:45::SCWPlatform:: Platform Path C:/Users/realk/Desktop/ece385/ECE385/lab7_2/try5_sdk/mb_usb_hdmi_top/hw/mb_usb_hdmi_top.xsa
TRACE::2024-11-08.08:06:45::SCWPlatform:: Unique name xilinx:::0.0
TRACE::2024-11-08.08:06:45::SCWPlatform::Trying to set the existing hwdb with name mb_usb_hdmi_top_58
TRACE::2024-11-08.08:06:45::SCWPlatform::Opened existing hwdb mb_usb_hdmi_top_58
TRACE::2024-11-08.08:06:45::SCWPlatform::Found the Hw Db part of the input DSA
TRACE::2024-11-08.08:06:45::SCWMssOS::Checking the sw design at  C:/Users/realk/Desktop/ece385/ECE385/lab7_2/try5_sdk/mb_usb_hdmi_top/microblaze_0/standalone_microblaze_0/bsp/system.mss
TRACE::2024-11-08.08:06:45::SCWMssOS::DEBUG:  swdes dump  C:/Users/realk/Desktop/ece385/ECE385/lab7_2/try5_sdk/mb_usb_hdmi_top/microblaze_0/standalone_microblaze_0/bsp/system.mss|system||

TRACE::2024-11-08.08:06:45::SCWMssOS::Sw design exists and opened at  C:/Users/realk/Desktop/ece385/ECE385/lab7_2/try5_sdk/mb_usb_hdmi_top/microblaze_0/standalone_microblaze_0/bsp/system.mss
TRACE::2024-11-08.08:06:45::SCWMssOS::Completed writing the mss file at C:/Users/realk/Desktop/ece385/ECE385/lab7_2/try5_sdk/mb_usb_hdmi_top/microblaze_0/standalone_microblaze_0/bsp
TRACE::2024-11-08.08:06:45::SCWMssOS::Mss edits present, copying mssfile into export location C:/Users/realk/Desktop/ece385/ECE385/lab7_2/try5_sdk/mb_usb_hdmi_top/microblaze_0/standalone_microblaze_0/bsp/system.mss
TRACE::2024-11-08.08:06:45::SCWMssOS::bsp generated is stale removing and regenerating. 
TRACE::2024-11-08.08:06:46::SCWMssOS::doing bsp build ... 
TRACE::2024-11-08.08:06:46::SCWMssOS::System Command Ran  C: & cd  C:/Users/realk/Desktop/ece385/ECE385/lab7_2/try5_sdk/mb_usb_hdmi_top/microblaze_0/standalone_microblaze_0/bsp & make 
TRACE::2024-11-08.08:06:46::SCWMssOS::make --no-print-directory seq_libs

TRACE::2024-11-08.08:06:46::SCWMssOS::'Finished building libraries sequentially.'

TRACE::2024-11-08.08:06:46::SCWMssOS::make -j 14 --no-print-directory par_libs

TRACE::2024-11-08.08:06:46::SCWMssOS::"Running Make include in microblaze_0/libsrc/bram_v4_8/src"

TRACE::2024-11-08.08:06:46::SCWMssOS::make -C microblaze_0/libsrc/bram_v4_8/src -s include  "SHELL=CMD" "COMPILER=mb-gcc" "ASSEMBLER=mb-as" "ARCHIVER=mb-ar" "COMPILE
TRACE::2024-11-08.08:06:46::SCWMssOS::R_FLAGS=  -O2 -c -mcpu=v11.0 -mlittle-endian -mno-xl-reorder -mno-xl-soft-mul -mxl-barrel-shift -mxl-pattern-compare" "EXTRA_CO
TRACE::2024-11-08.08:06:46::SCWMssOS::MPILER_FLAGS=-g -ffunction-sections -fdata-sections -Wall -Wextra -fno-tree-loop-distribute-patterns"

TRACE::2024-11-08.08:06:46::SCWMssOS::"Running Make include in microblaze_0/libsrc/cpu_v2_16/src"

TRACE::2024-11-08.08:06:46::SCWMssOS::make -C microblaze_0/libsrc/cpu_v2_16/src -s include  "SHELL=CMD" "COMPILER=mb-gcc" "ASSEMBLER=mb-as" "ARCHIVER=mb-ar" "COMPILE
TRACE::2024-11-08.08:06:46::SCWMssOS::R_FLAGS=  -O2 -c -mcpu=v11.0 -mlittle-endian -mno-xl-reorder -mno-xl-soft-mul -mxl-barrel-shift -mxl-pattern-compare" "EXTRA_CO
TRACE::2024-11-08.08:06:46::SCWMssOS::MPILER_FLAGS=-g -ffunction-sections -fdata-sections -Wall -Wextra -fno-tree-loop-distribute-patterns"

TRACE::2024-11-08.08:06:46::SCWMssOS::"Running Make include in microblaze_0/libsrc/intc_v3_15/src"

TRACE::2024-11-08.08:06:46::SCWMssOS::make -C microblaze_0/libsrc/intc_v3_15/src -s include  "SHELL=CMD" "COMPILER=mb-gcc" "ASSEMBLER=mb-as" "ARCHIVER=mb-ar" "COMPIL
TRACE::2024-11-08.08:06:46::SCWMssOS::ER_FLAGS=  -O2 -c -mcpu=v11.0 -mlittle-endian -mno-xl-reorder -mno-xl-soft-mul -mxl-barrel-shift -mxl-pattern-compare" "EXTRA_C
TRACE::2024-11-08.08:06:46::SCWMssOS::OMPILER_FLAGS=-g -ffunction-sections -fdata-sections -Wall -Wextra -fno-tree-loop-distribute-patterns"

TRACE::2024-11-08.08:06:46::SCWMssOS::"Running Make include in microblaze_0/libsrc/standalone_v8_0/src"

TRACE::2024-11-08.08:06:46::SCWMssOS::make -C microblaze_0/libsrc/standalone_v8_0/src -s include  "SHELL=CMD" "COMPILER=mb-gcc" "ASSEMBLER=mb-as" "ARCHIVER=mb-ar" "C
TRACE::2024-11-08.08:06:46::SCWMssOS::OMPILER_FLAGS=  -O2 -c -mcpu=v11.0 -mlittle-endian -mno-xl-reorder -mno-xl-soft-mul -mxl-barrel-shift -mxl-pattern-compare" "EX
TRACE::2024-11-08.08:06:46::SCWMssOS::TRA_COMPILER_FLAGS=-g -ffunction-sections -fdata-sections -Wall -Wextra -fno-tree-loop-distribute-patterns"

TRACE::2024-11-08.08:06:46::SCWMssOS::"Running Make include in microblaze_0/libsrc/uartlite_v3_7/src"

TRACE::2024-11-08.08:06:46::SCWMssOS::make -C microblaze_0/libsrc/uartlite_v3_7/src -s include  "SHELL=CMD" "COMPILER=mb-gcc" "ASSEMBLER=mb-as" "ARCHIVER=mb-ar" "COM
TRACE::2024-11-08.08:06:46::SCWMssOS::PILER_FLAGS=  -O2 -c -mcpu=v11.0 -mlittle-endian -mno-xl-reorder -mno-xl-soft-mul -mxl-barrel-shift -mxl-pattern-compare" "EXTR
TRACE::2024-11-08.08:06:46::SCWMssOS::A_COMPILER_FLAGS=-g -ffunction-sections -fdata-sections -Wall -Wextra -fno-tree-loop-distribute-patterns"

TRACE::2024-11-08.08:06:47::SCWMssOS::"Running Make libs in microblaze_0/libsrc/bram_v4_8/src"

TRACE::2024-11-08.08:06:47::SCWMssOS::make -C microblaze_0/libsrc/bram_v4_8/src -s libs  "SHELL=CMD" "COMPILER=mb-gcc" "ASSEMBLER=mb-as" "ARCHIVER=mb-ar" "COMPILER_F
TRACE::2024-11-08.08:06:47::SCWMssOS::LAGS=  -O2 -c -mcpu=v11.0 -mlittle-endian -mno-xl-reorder -mno-xl-soft-mul -mxl-barrel-shift -mxl-pattern-compare" "EXTRA_COMPI
TRACE::2024-11-08.08:06:47::SCWMssOS::LER_FLAGS=-g -ffunction-sections -fdata-sections -Wall -Wextra -fno-tree-loop-distribute-patterns"

TRACE::2024-11-08.08:06:47::SCWMssOS::"Running Make libs in microblaze_0/libsrc/cpu_v2_16/src"

TRACE::2024-11-08.08:06:47::SCWMssOS::make -C microblaze_0/libsrc/cpu_v2_16/src -s libs  "SHELL=CMD" "COMPILER=mb-gcc" "ASSEMBLER=mb-as" "ARCHIVER=mb-ar" "COMPILER_F
TRACE::2024-11-08.08:06:47::SCWMssOS::LAGS=  -O2 -c -mcpu=v11.0 -mlittle-endian -mno-xl-reorder -mno-xl-soft-mul -mxl-barrel-shift -mxl-pattern-compare" "EXTRA_COMPI
TRACE::2024-11-08.08:06:47::SCWMssOS::LER_FLAGS=-g -ffunction-sections -fdata-sections -Wall -Wextra -fno-tree-loop-distribute-patterns"

TRACE::2024-11-08.08:06:47::SCWMssOS::"Running Make libs in microblaze_0/libsrc/intc_v3_15/src"

TRACE::2024-11-08.08:06:47::SCWMssOS::make -C microblaze_0/libsrc/intc_v3_15/src -s libs  "SHELL=CMD" "COMPILER=mb-gcc" "ASSEMBLER=mb-as" "ARCHIVER=mb-ar" "COMPILER_
TRACE::2024-11-08.08:06:47::SCWMssOS::FLAGS=  -O2 -c -mcpu=v11.0 -mlittle-endian -mno-xl-reorder -mno-xl-soft-mul -mxl-barrel-shift -mxl-pattern-compare" "EXTRA_COMP
TRACE::2024-11-08.08:06:47::SCWMssOS::ILER_FLAGS=-g -ffunction-sections -fdata-sections -Wall -Wextra -fno-tree-loop-distribute-patterns"

TRACE::2024-11-08.08:06:47::SCWMssOS::"Running Make libs in microblaze_0/libsrc/standalone_v8_0/src"

TRACE::2024-11-08.08:06:47::SCWMssOS::make -C microblaze_0/libsrc/standalone_v8_0/src -s libs  "SHELL=CMD" "COMPILER=mb-gcc" "ASSEMBLER=mb-as" "ARCHIVER=mb-ar" "COMP
TRACE::2024-11-08.08:06:47::SCWMssOS::ILER_FLAGS=  -O2 -c -mcpu=v11.0 -mlittle-endian -mno-xl-reorder -mno-xl-soft-mul -mxl-barrel-shift -mxl-pattern-compare" "EXTRA
TRACE::2024-11-08.08:06:47::SCWMssOS::_COMPILER_FLAGS=-g -ffunction-sections -fdata-sections -Wall -Wextra -fno-tree-loop-distribute-patterns"

TRACE::2024-11-08.08:06:47::SCWMssOS::"Running Make libs in microblaze_0/libsrc/uartlite_v3_7/src"

TRACE::2024-11-08.08:06:47::SCWMssOS::make -C microblaze_0/libsrc/uartlite_v3_7/src -s libs  "SHELL=CMD" "COMPILER=mb-gcc" "ASSEMBLER=mb-as" "ARCHIVER=mb-ar" "COMPIL
TRACE::2024-11-08.08:06:47::SCWMssOS::ER_FLAGS=  -O2 -c -mcpu=v11.0 -mlittle-endian -mno-xl-reorder -mno-xl-soft-mul -mxl-barrel-shift -mxl-pattern-compare" "EXTRA_C
TRACE::2024-11-08.08:06:47::SCWMssOS::OMPILER_FLAGS=-g -ffunction-sections -fdata-sections -Wall -Wextra -fno-tree-loop-distribute-patterns"

TRACE::2024-11-08.08:06:48::SCWMssOS::"DEBUG NON_LTO_OBJECTS is ../../../lib/microblaze_interrupt_handler.o"

TRACE::2024-11-08.08:06:48::SCWMssOS::'Finished building libraries parallelly.'

TRACE::2024-11-08.08:06:48::SCWMssOS::make --no-print-directory archive

TRACE::2024-11-08.08:06:48::SCWMssOS::mb-ar -r  microblaze_0/lib/libxil.a microblaze_0/lib/_exit.o microblaze_0/lib/errno.o microblaze_0/lib/fcntl.o microblaze_0/lib
TRACE::2024-11-08.08:06:48::SCWMssOS::/hw_exception_handler.o microblaze_0/lib/inbyte.o microblaze_0/lib/microblaze_disable_dcache.o microblaze_0/lib/microblaze_disa
TRACE::2024-11-08.08:06:48::SCWMssOS::ble_exceptions.o microblaze_0/lib/microblaze_disable_icache.o microblaze_0/lib/microblaze_disable_interrupts.o microblaze_0/lib
TRACE::2024-11-08.08:06:48::SCWMssOS::/microblaze_enable_dcache.o microblaze_0/lib/microblaze_enable_exceptions.o microblaze_0/lib/microblaze_enable_icache.o microbl
TRACE::2024-11-08.08:06:48::SCWMssOS::aze_0/lib/microblaze_enable_interrupts.o microblaze_0/lib/microblaze_exception_handler.o microblaze_0/lib/microblaze_flush_cach
TRACE::2024-11-08.08:06:48::SCWMssOS::e_ext.o microblaze_0/lib/microblaze_flush_cache_ext_range.o microblaze_0/lib/microblaze_flush_dcache.o microblaze_0/lib/microbl
TRACE::2024-11-08.08:06:48::SCWMssOS::aze_flush_dcache_range.o microblaze_0/lib/microblaze_init_dcache_range.o microblaze_0/lib/microblaze_init_icache_range.o microb
TRACE::2024-11-08.08:06:48::SCWMssOS::laze_0/lib/microblaze_interrupt_handler.o microblaze_0/lib/microblaze_interrupts_g.o microblaze_0/lib/microblaze_invalidate_cac
TRACE::2024-11-08.08:06:48::SCWMssOS::he_ext.o microblaze_0/lib/microblaze_invalidate_cache_ext_range.o microblaze_0/lib/microblaze_invalidate_dcache.o microblaze_0/
TRACE::2024-11-08.08:06:48::SCWMssOS::lib/microblaze_invalidate_dcache_range.o microblaze_0/lib/microblaze_invalidate_icache.o microblaze_0/lib/microblaze_invalidate
TRACE::2024-11-08.08:06:48::SCWMssOS::_icache_range.o microblaze_0/lib/microblaze_scrub.o microblaze_0/lib/microblaze_selftest.o microblaze_0/lib/microblaze_sleep.o 
TRACE::2024-11-08.08:06:48::SCWMssOS::microblaze_0/lib/microblaze_update_dcache.o microblaze_0/lib/microblaze_update_icache.o microblaze_0/lib/outbyte.o microblaze_0
TRACE::2024-11-08.08:06:48::SCWMssOS::/lib/print.o microblaze_0/lib/pvr.o microblaze_0/lib/xbram.o microblaze_0/lib/xbram_g.o microblaze_0/lib/xbram_intr.o microblaz
TRACE::2024-11-08.08:06:48::SCWMssOS::e_0/lib/xbram_selftest.o microblaze_0/lib/xbram_sinit.o microblaze_0/lib/xil_assert.o microblaze_0/lib/xil_cache.o microblaze_0
TRACE::2024-11-08.08:06:48::SCWMssOS::/lib/xil_clocking.o microblaze_0/lib/xil_exception.o microblaze_0/lib/xil_mem.o microblaze_0/lib/xil_misc_psreset_api.o microbl
TRACE::2024-11-08.08:06:48::SCWMssOS::aze_0/lib/xil_printf.o microblaze_0/lib/xil_sleepcommon.o microblaze_0/lib/xil_testcache.o microblaze_0/lib/xil_testio.o microb
TRACE::2024-11-08.08:06:48::SCWMssOS::laze_0/lib/xil_testmem.o microblaze_0/lib/xil_util.o microblaze_0/lib/xintc.o microblaze_0/lib/xintc_g.o microblaze_0/lib/xintc
TRACE::2024-11-08.08:06:48::SCWMssOS::_intr.o microblaze_0/lib/xintc_l.o microblaze_0/lib/xintc_options.o microblaze_0/lib/xintc_selftest.o microblaze_0/lib/xinterru
TRACE::2024-11-08.08:06:48::SCWMssOS::pt_wrap.o microblaze_0/lib/xio.o microblaze_0/lib/xplatform_info.o microblaze_0/lib/xuartlite.o microblaze_0/lib/xuartlite_g.o 
TRACE::2024-11-08.08:06:48::SCWMssOS::microblaze_0/lib/xuartlite_intr.o microblaze_0/lib/xuartlite_l.o microblaze_0/lib/xuartlite_selftest.o microblaze_0/lib/xuartli
TRACE::2024-11-08.08:06:48::SCWMssOS::te_sinit.o microblaze_0/lib/xuartlite_stats.o

TRACE::2024-11-08.08:06:48::SCWMssOS::'Finished building libraries'

TRACE::2024-11-08.08:06:48::SCWMssOS:: Checking if to create the Supporting Applications
TRACE::2024-11-08.08:06:48::SCWMssOS:: No Linux domain exists, trying to generate FSBL 
LOG::2024-11-08.08:06:48::SCWSystem::Completed Processing the domain standalone_microblaze_0
LOG::2024-11-08.08:06:48::SCWSystem::Completed Processing the sysconfig mb_usb_hdmi_top
LOG::2024-11-08.08:06:48::SCWPlatform::Completed generating the artifacts for system configuration mb_usb_hdmi_top
TRACE::2024-11-08.08:06:48::SCWPlatform::Started preparing the platform 
TRACE::2024-11-08.08:06:48::SCWSystem::Writing the bif file for system config mb_usb_hdmi_top
TRACE::2024-11-08.08:06:48::SCWSystem::dir created 
TRACE::2024-11-08.08:06:48::SCWSystem::Writing the bif 
TRACE::2024-11-08.08:06:48::SCWPlatform::Started writing the spfm file 
TRACE::2024-11-08.08:06:48::SCWPlatform::Started writing the xpfm file 
TRACE::2024-11-08.08:06:48::SCWPlatform::Completed generating the platform
TRACE::2024-11-08.08:06:48::SCWMssOS::Saving the mss changes C:/Users/realk/Desktop/ece385/ECE385/lab7_2/try5_sdk/mb_usb_hdmi_top/microblaze_0/standalone_microblaze_0/bsp/system.mss
TRACE::2024-11-08.08:06:48::SCWMssOS::Adding the swdes entry, mss present, able to open swdb C:/Users/realk/Desktop/ece385/ECE385/lab7_2/try5_sdk/mb_usb_hdmi_top/microblaze_0/standalone_microblaze_0/bsp/system.mss with des name system
TRACE::2024-11-08.08:06:48::SCWMssOS::Writing the mss file completed C:/Users/realk/Desktop/ece385/ECE385/lab7_2/try5_sdk/mb_usb_hdmi_top/microblaze_0/standalone_microblaze_0/bsp/system.mss
TRACE::2024-11-08.08:06:48::SCWMssOS::Commit changes completed.
TRACE::2024-11-08.08:06:48::SCWPlatform::Trying to open the hw design at C:/Users/realk/Desktop/ece385/ECE385/lab7_2/try5_sdk/mb_usb_hdmi_top/hw/mb_usb_hdmi_top.xsa
TRACE::2024-11-08.08:06:48::SCWPlatform::DSA given C:/Users/realk/Desktop/ece385/ECE385/lab7_2/try5_sdk/mb_usb_hdmi_top/hw/mb_usb_hdmi_top.xsa
TRACE::2024-11-08.08:06:48::SCWPlatform::DSA absoulate path C:/Users/realk/Desktop/ece385/ECE385/lab7_2/try5_sdk/mb_usb_hdmi_top/hw/mb_usb_hdmi_top.xsa
TRACE::2024-11-08.08:06:48::SCWPlatform::DSA directory C:/Users/realk/Desktop/ece385/ECE385/lab7_2/try5_sdk/mb_usb_hdmi_top/hw
TRACE::2024-11-08.08:06:48::SCWPlatform:: Platform Path C:/Users/realk/Desktop/ece385/ECE385/lab7_2/try5_sdk/mb_usb_hdmi_top/hw/mb_usb_hdmi_top.xsa
TRACE::2024-11-08.08:06:48::SCWPlatform:: Unique name xilinx:::0.0
TRACE::2024-11-08.08:06:48::SCWPlatform::Trying to set the existing hwdb with name mb_usb_hdmi_top_58
TRACE::2024-11-08.08:06:48::SCWPlatform::Opened existing hwdb mb_usb_hdmi_top_58
TRACE::2024-11-08.08:06:48::SCWPlatform::Found the Hw Db part of the input DSA
TRACE::2024-11-08.08:06:48::SCWMssOS::Checking the sw design at  C:/Users/realk/Desktop/ece385/ECE385/lab7_2/try5_sdk/mb_usb_hdmi_top/microblaze_0/standalone_microblaze_0/bsp/system.mss
TRACE::2024-11-08.08:06:48::SCWMssOS::DEBUG:  swdes dump  C:/Users/realk/Desktop/ece385/ECE385/lab7_2/try5_sdk/mb_usb_hdmi_top/microblaze_0/standalone_microblaze_0/bsp/system.mss|system||

TRACE::2024-11-08.08:06:48::SCWMssOS::Sw design exists and opened at  C:/Users/realk/Desktop/ece385/ECE385/lab7_2/try5_sdk/mb_usb_hdmi_top/microblaze_0/standalone_microblaze_0/bsp/system.mss
TRACE::2024-11-08.08:06:48::SCWWriter::formatted JSON is {
	"platformName":	"mb_usb_hdmi_top",
	"sprVersion":	"2.0",
	"mode":	"gui",
	"dsaType":	"Fixed",
	"platformDesc":	"mb_usb_hdmi_top",
	"platHandOff":	"C:/Users/realk/Desktop/ece385/ECE385/lab7_2/mb_usb_hdmi_top.xsa",
	"platIntHandOff":	"<platformDir>/hw/mb_usb_hdmi_top.xsa",
	"deviceType":	"FPGA",
	"platIsPrebuiltAutogen":	"false",
	"platIsNoBootBsp":	"false",
	"hasFsblMakeHasChanges":	"false",
	"hasPmufwMakeHasChanges":	"false",
	"platPreBuiltFlag":	false,
	"platformSamplesDir":	"",
	"platActiveSys":	"mb_usb_hdmi_top",
	"systems":	[{
			"systemName":	"mb_usb_hdmi_top",
			"systemDesc":	"mb_usb_hdmi_top",
			"sysIsBootAutoGen":	"true",
			"systemDispName":	"mb_usb_hdmi_top",
			"sysActiveDom":	"standalone_microblaze_0",
			"sysDefaultDom":	"standalone_microblaze_0",
			"domains":	[{
					"domainName":	"standalone_microblaze_0",
					"domainDispName":	"standalone_microblaze_0",
					"domainDesc":	"standalone_microblaze_0",
					"processors":	"microblaze_0",
					"os":	"standalone",
					"sdxOs":	"standalone",
					"debugEnable":	"False",
					"domRuntimes":	["cpp"],
					"swRepo":	"",
					"mssOsVer":	"8.0",
					"mssFile":	"",
					"md5Digest":	"5422c1e5be4ae93f4de8c50507402f2a",
					"compatibleApp":	"",
					"domType":	"mssDomain",
					"arch":	"32-bit",
					"appSettings":	{
						"appCompilerFlags":	"",
						"appLinkerFlags":	""
					},
					"addedLibs":	[],
					"libOptions":	{
						"libsContainingOptions":	[]
					},
					"prebuiltLibs":	{
						"prebuiltIncPath":	[],
						"prebuiltLibPath":	[]
					},
					"isolation":	{
					}
				}]
		}]
}
KEYINFO::2024-11-08.08:06:48::SCWPlatform::updated the xpfm file.
TRACE::2024-11-08.08:06:49::SCWPlatform::Trying to open the hw design at C:/Users/realk/Desktop/ece385/ECE385/lab7_2/try5_sdk/mb_usb_hdmi_top/hw/mb_usb_hdmi_top.xsa
TRACE::2024-11-08.08:06:49::SCWPlatform::DSA given C:/Users/realk/Desktop/ece385/ECE385/lab7_2/try5_sdk/mb_usb_hdmi_top/hw/mb_usb_hdmi_top.xsa
TRACE::2024-11-08.08:06:49::SCWPlatform::DSA absoulate path C:/Users/realk/Desktop/ece385/ECE385/lab7_2/try5_sdk/mb_usb_hdmi_top/hw/mb_usb_hdmi_top.xsa
TRACE::2024-11-08.08:06:49::SCWPlatform::DSA directory C:/Users/realk/Desktop/ece385/ECE385/lab7_2/try5_sdk/mb_usb_hdmi_top/hw
TRACE::2024-11-08.08:06:49::SCWPlatform:: Platform Path C:/Users/realk/Desktop/ece385/ECE385/lab7_2/try5_sdk/mb_usb_hdmi_top/hw/mb_usb_hdmi_top.xsa
TRACE::2024-11-08.08:06:49::SCWPlatform:: Unique name xilinx:::0.0
TRACE::2024-11-08.08:06:49::SCWPlatform::Trying to set the existing hwdb with name mb_usb_hdmi_top_58
TRACE::2024-11-08.08:06:49::SCWPlatform::Opened existing hwdb mb_usb_hdmi_top_58
TRACE::2024-11-08.08:06:49::SCWPlatform::Found the Hw Db part of the input DSA
TRACE::2024-11-08.08:06:49::SCWMssOS::Checking the sw design at  C:/Users/realk/Desktop/ece385/ECE385/lab7_2/try5_sdk/mb_usb_hdmi_top/microblaze_0/standalone_microblaze_0/bsp/system.mss
TRACE::2024-11-08.08:06:49::SCWMssOS::DEBUG:  swdes dump  C:/Users/realk/Desktop/ece385/ECE385/lab7_2/try5_sdk/mb_usb_hdmi_top/microblaze_0/standalone_microblaze_0/bsp/system.mss|system||

TRACE::2024-11-08.08:06:49::SCWMssOS::Sw design exists and opened at  C:/Users/realk/Desktop/ece385/ECE385/lab7_2/try5_sdk/mb_usb_hdmi_top/microblaze_0/standalone_microblaze_0/bsp/system.mss
TRACE::2024-11-08.08:31:59::SCWPlatform::Clearing the existing platform
TRACE::2024-11-08.08:31:59::SCWSystem::Clearing the existing sysconfig
TRACE::2024-11-08.08:31:59::SCWMssOS::Removing the swdes entry for  C:/Users/realk/Desktop/ece385/ECE385/lab7_2/try5_sdk/mb_usb_hdmi_top/microblaze_0/standalone_microblaze_0/bsp/system.mss
TRACE::2024-11-08.08:31:59::SCWSystem::Clearing the domains completed.
TRACE::2024-11-08.08:31:59::SCWPlatform::Clearing the opened hw db.
TRACE::2024-11-08.08:31:59::SCWPlatform::DSA given C:/Users/realk/Desktop/ece385/ECE385/lab7_2/try5_sdk/mb_usb_hdmi_top/hw/mb_usb_hdmi_top.xsa
TRACE::2024-11-08.08:31:59::SCWPlatform::DSA absoulate path C:/Users/realk/Desktop/ece385/ECE385/lab7_2/try5_sdk/mb_usb_hdmi_top/hw/mb_usb_hdmi_top.xsa
TRACE::2024-11-08.08:31:59::SCWPlatform:: Platform location is C:/Users/realk/Desktop/ece385/ECE385/lab7_2/try5_sdk/mb_usb_hdmi_top/hw
TRACE::2024-11-08.08:31:59::SCWPlatform:: Platform Path C:/Users/realk/Desktop/ece385/ECE385/lab7_2/try5_sdk/mb_usb_hdmi_top/hw/mb_usb_hdmi_top.xsa
TRACE::2024-11-08.08:31:59::SCWPlatform:: Unique name xilinx:::0.0
TRACE::2024-11-08.08:31:59::SCWPlatform::Removing the HwDB with name C:/Users/realk/Desktop/ece385/ECE385/lab7_2/try5_sdk/mb_usb_hdmi_top/hw/mb_usb_hdmi_top.xsa
TRACE::2024-11-08.08:31:59::SCWPlatform::Trying to open the hw design at C:/Users/realk/Desktop/ece385/ECE385/lab7_2/try5_sdk/mb_usb_hdmi_top/hw/mb_usb_hdmi_top.xsa
TRACE::2024-11-08.08:31:59::SCWPlatform::DSA given C:/Users/realk/Desktop/ece385/ECE385/lab7_2/try5_sdk/mb_usb_hdmi_top/hw/mb_usb_hdmi_top.xsa
TRACE::2024-11-08.08:31:59::SCWPlatform::DSA absoulate path C:/Users/realk/Desktop/ece385/ECE385/lab7_2/try5_sdk/mb_usb_hdmi_top/hw/mb_usb_hdmi_top.xsa
TRACE::2024-11-08.08:31:59::SCWPlatform::DSA directory C:/Users/realk/Desktop/ece385/ECE385/lab7_2/try5_sdk/mb_usb_hdmi_top/hw
TRACE::2024-11-08.08:31:59::SCWPlatform:: Platform Path C:/Users/realk/Desktop/ece385/ECE385/lab7_2/try5_sdk/mb_usb_hdmi_top/hw/mb_usb_hdmi_top.xsa
TRACE::2024-11-08.08:31:59::SCWPlatform:: Unique name xilinx:::0.0
TRACE::2024-11-08.08:31:59::SCWPlatform::Do not have an existing db opened. 
TRACE::2024-11-08.08:31:59::SCWPlatform::Opened new HwDB with name mb_usb_hdmi_top_60
TRACE::2024-11-08.08:31:59::SCWReader::Active system found as  mb_usb_hdmi_top
TRACE::2024-11-08.08:31:59::SCWReader::Handling sysconfig mb_usb_hdmi_top
TRACE::2024-11-08.08:31:59::SCWDomain::checking for install qemu data   : 
TRACE::2024-11-08.08:31:59::SCWPlatform::Trying to open the hw design at C:/Users/realk/Desktop/ece385/ECE385/lab7_2/try5_sdk/mb_usb_hdmi_top/hw/mb_usb_hdmi_top.xsa
TRACE::2024-11-08.08:31:59::SCWPlatform::DSA given C:/Users/realk/Desktop/ece385/ECE385/lab7_2/try5_sdk/mb_usb_hdmi_top/hw/mb_usb_hdmi_top.xsa
TRACE::2024-11-08.08:31:59::SCWPlatform::DSA absoulate path C:/Users/realk/Desktop/ece385/ECE385/lab7_2/try5_sdk/mb_usb_hdmi_top/hw/mb_usb_hdmi_top.xsa
TRACE::2024-11-08.08:31:59::SCWPlatform::DSA directory C:/Users/realk/Desktop/ece385/ECE385/lab7_2/try5_sdk/mb_usb_hdmi_top/hw
TRACE::2024-11-08.08:31:59::SCWPlatform:: Platform Path C:/Users/realk/Desktop/ece385/ECE385/lab7_2/try5_sdk/mb_usb_hdmi_top/hw/mb_usb_hdmi_top.xsa
TRACE::2024-11-08.08:31:59::SCWPlatform:: Unique name xilinx:::0.0
TRACE::2024-11-08.08:31:59::SCWPlatform::Trying to set the existing hwdb with name mb_usb_hdmi_top_60
TRACE::2024-11-08.08:31:59::SCWPlatform::Opened existing hwdb mb_usb_hdmi_top_60
TRACE::2024-11-08.08:31:59::SCWPlatform::Found the Hw Db part of the input DSA
TRACE::2024-11-08.08:31:59::SCWPlatform::Trying to open the hw design at C:/Users/realk/Desktop/ece385/ECE385/lab7_2/try5_sdk/mb_usb_hdmi_top/hw/mb_usb_hdmi_top.xsa
TRACE::2024-11-08.08:31:59::SCWPlatform::DSA given C:/Users/realk/Desktop/ece385/ECE385/lab7_2/try5_sdk/mb_usb_hdmi_top/hw/mb_usb_hdmi_top.xsa
TRACE::2024-11-08.08:31:59::SCWPlatform::DSA absoulate path C:/Users/realk/Desktop/ece385/ECE385/lab7_2/try5_sdk/mb_usb_hdmi_top/hw/mb_usb_hdmi_top.xsa
TRACE::2024-11-08.08:31:59::SCWPlatform::DSA directory C:/Users/realk/Desktop/ece385/ECE385/lab7_2/try5_sdk/mb_usb_hdmi_top/hw
TRACE::2024-11-08.08:31:59::SCWPlatform:: Platform Path C:/Users/realk/Desktop/ece385/ECE385/lab7_2/try5_sdk/mb_usb_hdmi_top/hw/mb_usb_hdmi_top.xsa
TRACE::2024-11-08.08:31:59::SCWPlatform:: Unique name xilinx:::0.0
TRACE::2024-11-08.08:31:59::SCWPlatform::Trying to set the existing hwdb with name mb_usb_hdmi_top_60
TRACE::2024-11-08.08:31:59::SCWPlatform::Opened existing hwdb mb_usb_hdmi_top_60
TRACE::2024-11-08.08:31:59::SCWPlatform::Found the Hw Db part of the input DSA
TRACE::2024-11-08.08:31:59::SCWPlatform::Trying to open the hw design at C:/Users/realk/Desktop/ece385/ECE385/lab7_2/try5_sdk/mb_usb_hdmi_top/hw/mb_usb_hdmi_top.xsa
TRACE::2024-11-08.08:31:59::SCWPlatform::DSA given C:/Users/realk/Desktop/ece385/ECE385/lab7_2/try5_sdk/mb_usb_hdmi_top/hw/mb_usb_hdmi_top.xsa
TRACE::2024-11-08.08:31:59::SCWPlatform::DSA absoulate path C:/Users/realk/Desktop/ece385/ECE385/lab7_2/try5_sdk/mb_usb_hdmi_top/hw/mb_usb_hdmi_top.xsa
TRACE::2024-11-08.08:31:59::SCWPlatform::DSA directory C:/Users/realk/Desktop/ece385/ECE385/lab7_2/try5_sdk/mb_usb_hdmi_top/hw
TRACE::2024-11-08.08:31:59::SCWPlatform:: Platform Path C:/Users/realk/Desktop/ece385/ECE385/lab7_2/try5_sdk/mb_usb_hdmi_top/hw/mb_usb_hdmi_top.xsa
TRACE::2024-11-08.08:31:59::SCWPlatform:: Unique name xilinx:::0.0
TRACE::2024-11-08.08:31:59::SCWPlatform::Trying to set the existing hwdb with name mb_usb_hdmi_top_60
TRACE::2024-11-08.08:31:59::SCWPlatform::Opened existing hwdb mb_usb_hdmi_top_60
TRACE::2024-11-08.08:31:59::SCWPlatform::Found the Hw Db part of the input DSA
TRACE::2024-11-08.08:31:59::SCWPlatform::Trying to open the hw design at C:/Users/realk/Desktop/ece385/ECE385/lab7_2/try5_sdk/mb_usb_hdmi_top/hw/mb_usb_hdmi_top.xsa
TRACE::2024-11-08.08:31:59::SCWPlatform::DSA given C:/Users/realk/Desktop/ece385/ECE385/lab7_2/try5_sdk/mb_usb_hdmi_top/hw/mb_usb_hdmi_top.xsa
TRACE::2024-11-08.08:31:59::SCWPlatform::DSA absoulate path C:/Users/realk/Desktop/ece385/ECE385/lab7_2/try5_sdk/mb_usb_hdmi_top/hw/mb_usb_hdmi_top.xsa
TRACE::2024-11-08.08:31:59::SCWPlatform::DSA directory C:/Users/realk/Desktop/ece385/ECE385/lab7_2/try5_sdk/mb_usb_hdmi_top/hw
TRACE::2024-11-08.08:31:59::SCWPlatform:: Platform Path C:/Users/realk/Desktop/ece385/ECE385/lab7_2/try5_sdk/mb_usb_hdmi_top/hw/mb_usb_hdmi_top.xsa
TRACE::2024-11-08.08:31:59::SCWPlatform:: Unique name xilinx:::0.0
TRACE::2024-11-08.08:31:59::SCWPlatform::Trying to set the existing hwdb with name mb_usb_hdmi_top_60
TRACE::2024-11-08.08:31:59::SCWPlatform::Opened existing hwdb mb_usb_hdmi_top_60
TRACE::2024-11-08.08:31:59::SCWPlatform::Found the Hw Db part of the input DSA
TRACE::2024-11-08.08:31:59::SCWMssOS::Checking the sw design at  C:/Users/realk/Desktop/ece385/ECE385/lab7_2/try5_sdk/mb_usb_hdmi_top/microblaze_0/standalone_microblaze_0/bsp/system.mss
TRACE::2024-11-08.08:31:59::SCWMssOS::DEBUG:  swdes dump  
TRACE::2024-11-08.08:31:59::SCWMssOS::No sw design opened at  C:/Users/realk/Desktop/ece385/ECE385/lab7_2/try5_sdk/mb_usb_hdmi_top/microblaze_0/standalone_microblaze_0/bsp/system.mss
TRACE::2024-11-08.08:31:59::SCWMssOS::mss exists loading the mss file  C:/Users/realk/Desktop/ece385/ECE385/lab7_2/try5_sdk/mb_usb_hdmi_top/microblaze_0/standalone_microblaze_0/bsp/system.mss
TRACE::2024-11-08.08:31:59::SCWMssOS::Opened the sw design from mss  C:/Users/realk/Desktop/ece385/ECE385/lab7_2/try5_sdk/mb_usb_hdmi_top/microblaze_0/standalone_microblaze_0/bsp/system.mss
TRACE::2024-11-08.08:31:59::SCWMssOS::Adding the swdes entry C:/Users/realk/Desktop/ece385/ECE385/lab7_2/try5_sdk/mb_usb_hdmi_top/microblaze_0/standalone_microblaze_0/bsp/system.mss with des name system
TRACE::2024-11-08.08:31:59::SCWMssOS::updating the scw layer about changes
TRACE::2024-11-08.08:31:59::SCWMssOS::Opened the sw design.  C:/Users/realk/Desktop/ece385/ECE385/lab7_2/try5_sdk/mb_usb_hdmi_top/microblaze_0/standalone_microblaze_0/bsp/system.mss
TRACE::2024-11-08.08:31:59::SCWMssOS::Saving the mss changes C:/Users/realk/Desktop/ece385/ECE385/lab7_2/try5_sdk/mb_usb_hdmi_top/microblaze_0/standalone_microblaze_0/bsp/system.mss
TRACE::2024-11-08.08:31:59::SCWMssOS::Found a swdesign opened with the mssfile.
TRACE::2024-11-08.08:31:59::SCWMssOS::Completed writemss as part of save.
TRACE::2024-11-08.08:31:59::SCWMssOS::Commit changes completed.
TRACE::2024-11-08.08:31:59::SCWReader::Adding prebuilt librarypaths as   
TRACE::2024-11-08.08:31:59::SCWReader::Adding prebuilt incpaths  as   
TRACE::2024-11-08.08:31:59::SCWPlatform::Trying to open the hw design at C:/Users/realk/Desktop/ece385/ECE385/lab7_2/try5_sdk/mb_usb_hdmi_top/hw/mb_usb_hdmi_top.xsa
TRACE::2024-11-08.08:31:59::SCWPlatform::DSA given C:/Users/realk/Desktop/ece385/ECE385/lab7_2/try5_sdk/mb_usb_hdmi_top/hw/mb_usb_hdmi_top.xsa
TRACE::2024-11-08.08:31:59::SCWPlatform::DSA absoulate path C:/Users/realk/Desktop/ece385/ECE385/lab7_2/try5_sdk/mb_usb_hdmi_top/hw/mb_usb_hdmi_top.xsa
TRACE::2024-11-08.08:31:59::SCWPlatform::DSA directory C:/Users/realk/Desktop/ece385/ECE385/lab7_2/try5_sdk/mb_usb_hdmi_top/hw
TRACE::2024-11-08.08:31:59::SCWPlatform:: Platform Path C:/Users/realk/Desktop/ece385/ECE385/lab7_2/try5_sdk/mb_usb_hdmi_top/hw/mb_usb_hdmi_top.xsa
TRACE::2024-11-08.08:31:59::SCWPlatform:: Unique name xilinx:::0.0
TRACE::2024-11-08.08:31:59::SCWPlatform::Trying to set the existing hwdb with name mb_usb_hdmi_top_60
TRACE::2024-11-08.08:31:59::SCWPlatform::Opened existing hwdb mb_usb_hdmi_top_60
TRACE::2024-11-08.08:31:59::SCWPlatform::Found the Hw Db part of the input DSA
TRACE::2024-11-08.08:31:59::SCWMssOS::Checking the sw design at  C:/Users/realk/Desktop/ece385/ECE385/lab7_2/try5_sdk/mb_usb_hdmi_top/microblaze_0/standalone_microblaze_0/bsp/system.mss
TRACE::2024-11-08.08:31:59::SCWMssOS::DEBUG:  swdes dump  C:/Users/realk/Desktop/ece385/ECE385/lab7_2/try5_sdk/mb_usb_hdmi_top/microblaze_0/standalone_microblaze_0/bsp/system.mss|system||

TRACE::2024-11-08.08:31:59::SCWMssOS::Sw design exists and opened at  C:/Users/realk/Desktop/ece385/ECE385/lab7_2/try5_sdk/mb_usb_hdmi_top/microblaze_0/standalone_microblaze_0/bsp/system.mss
TRACE::2024-11-08.08:31:59::SCWReader::No isolation master present  
TRACE::2024-11-08.08:32:02::SCWPlatform::DSA given C:/Users/realk/Desktop/ece385/ECE385/lab7_2/try5_sdk/mb_usb_hdmi_top/tempdsa/mb_usb_hdmi_top.xsa
TRACE::2024-11-08.08:32:02::SCWPlatform::DSA absoulate path C:/Users/realk/Desktop/ece385/ECE385/lab7_2/try5_sdk/mb_usb_hdmi_top/tempdsa/mb_usb_hdmi_top.xsa
TRACE::2024-11-08.08:32:02::SCWPlatform:: Platform location is C:/Users/realk/Desktop/ece385/ECE385/lab7_2/try5_sdk/mb_usb_hdmi_top/tempdsa
TRACE::2024-11-08.08:32:02::SCWPlatform:: Platform Path C:/Users/realk/Desktop/ece385/ECE385/lab7_2/try5_sdk/mb_usb_hdmi_top/tempdsa/mb_usb_hdmi_top.xsa
TRACE::2024-11-08.08:32:02::SCWPlatform:: Unique name xilinx:::0.0
TRACE::2024-11-08.08:32:02::SCWPlatform::Found the Hw Db part of the input DSA
TRACE::2024-11-08.08:32:02::SCWMssOS::Doing hw sync for the mss in domain: standalone_microblaze_0
TRACE::2024-11-08.08:32:02::SCWPlatform::Trying to open the hw design at C:/Users/realk/Desktop/ece385/ECE385/lab7_2/try5_sdk/mb_usb_hdmi_top/hw/mb_usb_hdmi_top.xsa
TRACE::2024-11-08.08:32:02::SCWPlatform::DSA given C:/Users/realk/Desktop/ece385/ECE385/lab7_2/try5_sdk/mb_usb_hdmi_top/hw/mb_usb_hdmi_top.xsa
TRACE::2024-11-08.08:32:02::SCWPlatform::DSA absoulate path C:/Users/realk/Desktop/ece385/ECE385/lab7_2/try5_sdk/mb_usb_hdmi_top/hw/mb_usb_hdmi_top.xsa
TRACE::2024-11-08.08:32:02::SCWPlatform::DSA directory C:/Users/realk/Desktop/ece385/ECE385/lab7_2/try5_sdk/mb_usb_hdmi_top/hw
TRACE::2024-11-08.08:32:02::SCWPlatform:: Platform Path C:/Users/realk/Desktop/ece385/ECE385/lab7_2/try5_sdk/mb_usb_hdmi_top/hw/mb_usb_hdmi_top.xsa
TRACE::2024-11-08.08:32:02::SCWPlatform:: Unique name xilinx:::0.0
TRACE::2024-11-08.08:32:02::SCWPlatform::Trying to set the existing hwdb with name mb_usb_hdmi_top_60
TRACE::2024-11-08.08:32:02::SCWPlatform::Opened existing hwdb mb_usb_hdmi_top_60
TRACE::2024-11-08.08:32:02::SCWPlatform::Found the Hw Db part of the input DSA
TRACE::2024-11-08.08:32:02::SCWPlatform::Trying to open the hw design at C:/Users/realk/Desktop/ece385/ECE385/lab7_2/try5_sdk/mb_usb_hdmi_top/hw/mb_usb_hdmi_top.xsa
TRACE::2024-11-08.08:32:02::SCWPlatform::DSA given C:/Users/realk/Desktop/ece385/ECE385/lab7_2/try5_sdk/mb_usb_hdmi_top/hw/mb_usb_hdmi_top.xsa
TRACE::2024-11-08.08:32:02::SCWPlatform::DSA absoulate path C:/Users/realk/Desktop/ece385/ECE385/lab7_2/try5_sdk/mb_usb_hdmi_top/hw/mb_usb_hdmi_top.xsa
TRACE::2024-11-08.08:32:02::SCWPlatform::DSA directory C:/Users/realk/Desktop/ece385/ECE385/lab7_2/try5_sdk/mb_usb_hdmi_top/hw
TRACE::2024-11-08.08:32:02::SCWPlatform:: Platform Path C:/Users/realk/Desktop/ece385/ECE385/lab7_2/try5_sdk/mb_usb_hdmi_top/hw/mb_usb_hdmi_top.xsa
TRACE::2024-11-08.08:32:02::SCWPlatform:: Unique name xilinx:::0.0
TRACE::2024-11-08.08:32:02::SCWPlatform::Trying to set the existing hwdb with name mb_usb_hdmi_top_60
TRACE::2024-11-08.08:32:02::SCWPlatform::Opened existing hwdb mb_usb_hdmi_top_60
TRACE::2024-11-08.08:32:02::SCWPlatform::Found the Hw Db part of the input DSA
TRACE::2024-11-08.08:32:02::SCWMssOS::Checking the sw design at  C:/Users/realk/Desktop/ece385/ECE385/lab7_2/try5_sdk/mb_usb_hdmi_top/microblaze_0/standalone_microblaze_0/bsp/system.mss
TRACE::2024-11-08.08:32:02::SCWMssOS::DEBUG:  swdes dump  C:/Users/realk/Desktop/ece385/ECE385/lab7_2/try5_sdk/mb_usb_hdmi_top/microblaze_0/standalone_microblaze_0/bsp/system.mss|system||

TRACE::2024-11-08.08:32:02::SCWMssOS::Sw design exists and opened at  C:/Users/realk/Desktop/ece385/ECE385/lab7_2/try5_sdk/mb_usb_hdmi_top/microblaze_0/standalone_microblaze_0/bsp/system.mss
TRACE::2024-11-08.08:32:02::SCWPlatform::Trying to open the hw design at C:/Users/realk/Desktop/ece385/ECE385/lab7_2/try5_sdk/mb_usb_hdmi_top/tempdsa/mb_usb_hdmi_top.xsa
TRACE::2024-11-08.08:32:02::SCWPlatform::DSA given C:/Users/realk/Desktop/ece385/ECE385/lab7_2/try5_sdk/mb_usb_hdmi_top/tempdsa/mb_usb_hdmi_top.xsa
TRACE::2024-11-08.08:32:02::SCWPlatform::DSA absoulate path C:/Users/realk/Desktop/ece385/ECE385/lab7_2/try5_sdk/mb_usb_hdmi_top/tempdsa/mb_usb_hdmi_top.xsa
TRACE::2024-11-08.08:32:02::SCWPlatform::DSA directory C:/Users/realk/Desktop/ece385/ECE385/lab7_2/try5_sdk/mb_usb_hdmi_top/tempdsa
TRACE::2024-11-08.08:32:02::SCWPlatform:: Platform Path C:/Users/realk/Desktop/ece385/ECE385/lab7_2/try5_sdk/mb_usb_hdmi_top/tempdsa/mb_usb_hdmi_top.xsa
TRACE::2024-11-08.08:32:02::SCWPlatform:: Unique name xilinx:::0.0
TRACE::2024-11-08.08:32:02::SCWPlatform::update - Opened existing hwdb mb_usb_hdmi_top_61
TRACE::2024-11-08.08:32:02::SCWPlatform::Found the Hw Db part of the input DSA
TRACE::2024-11-08.08:32:02::SCWMssOS::Saving the mss changes C:/Users/realk/Desktop/ece385/ECE385/lab7_2/try5_sdk/mb_usb_hdmi_top/microblaze_0/standalone_microblaze_0/bsp/system.mss
TRACE::2024-11-08.08:32:02::SCWMssOS::Found a swdesign opened with the mssfile.
TRACE::2024-11-08.08:32:02::SCWMssOS::Completed writemss as part of save.
TRACE::2024-11-08.08:32:02::SCWMssOS::Commit changes completed.
TRACE::2024-11-08.08:32:02::SCWMssOS::Completed hw sync for the mss in domain: standalone_microblaze_0
TRACE::2024-11-08.08:32:02::SCWMssOS::Removing the swdes entry for  C:/Users/realk/Desktop/ece385/ECE385/lab7_2/try5_sdk/mb_usb_hdmi_top/microblaze_0/standalone_microblaze_0/bsp/system.mss
TRACE::2024-11-08.08:32:02::SCWPlatform::Trying to open the hw design at C:/Users/realk/Desktop/ece385/ECE385/lab7_2/try5_sdk/mb_usb_hdmi_top/hw/mb_usb_hdmi_top.xsa
TRACE::2024-11-08.08:32:02::SCWPlatform::DSA given C:/Users/realk/Desktop/ece385/ECE385/lab7_2/try5_sdk/mb_usb_hdmi_top/hw/mb_usb_hdmi_top.xsa
TRACE::2024-11-08.08:32:02::SCWPlatform::DSA absoulate path C:/Users/realk/Desktop/ece385/ECE385/lab7_2/try5_sdk/mb_usb_hdmi_top/hw/mb_usb_hdmi_top.xsa
TRACE::2024-11-08.08:32:02::SCWPlatform::DSA directory C:/Users/realk/Desktop/ece385/ECE385/lab7_2/try5_sdk/mb_usb_hdmi_top/hw
TRACE::2024-11-08.08:32:02::SCWPlatform:: Platform Path C:/Users/realk/Desktop/ece385/ECE385/lab7_2/try5_sdk/mb_usb_hdmi_top/hw/mb_usb_hdmi_top.xsa
TRACE::2024-11-08.08:32:02::SCWPlatform:: Unique name xilinx:::0.0
TRACE::2024-11-08.08:32:02::SCWPlatform::Do not have an existing db opened. 
TRACE::2024-11-08.08:32:02::SCWPlatform::Opened new HwDB with name mb_usb_hdmi_top_62
TRACE::2024-11-08.08:32:02::SCWMssOS::Saving the mss changes C:/Users/realk/Desktop/ece385/ECE385/lab7_2/try5_sdk/mb_usb_hdmi_top/microblaze_0/standalone_microblaze_0/bsp/system.mss
TRACE::2024-11-08.08:32:02::SCWMssOS::Adding the swdes entry, mss present, able to open swdb C:/Users/realk/Desktop/ece385/ECE385/lab7_2/try5_sdk/mb_usb_hdmi_top/microblaze_0/standalone_microblaze_0/bsp/system.mss with des name system
TRACE::2024-11-08.08:32:02::SCWMssOS::Writing the mss file completed C:/Users/realk/Desktop/ece385/ECE385/lab7_2/try5_sdk/mb_usb_hdmi_top/microblaze_0/standalone_microblaze_0/bsp/system.mss
TRACE::2024-11-08.08:32:02::SCWMssOS::Commit changes completed.
TRACE::2024-11-08.08:32:02::SCWPlatform::Trying to open the hw design at C:/Users/realk/Desktop/ece385/ECE385/lab7_2/try5_sdk/mb_usb_hdmi_top/hw/mb_usb_hdmi_top.xsa
TRACE::2024-11-08.08:32:02::SCWPlatform::DSA given C:/Users/realk/Desktop/ece385/ECE385/lab7_2/try5_sdk/mb_usb_hdmi_top/hw/mb_usb_hdmi_top.xsa
TRACE::2024-11-08.08:32:02::SCWPlatform::DSA absoulate path C:/Users/realk/Desktop/ece385/ECE385/lab7_2/try5_sdk/mb_usb_hdmi_top/hw/mb_usb_hdmi_top.xsa
TRACE::2024-11-08.08:32:02::SCWPlatform::DSA directory C:/Users/realk/Desktop/ece385/ECE385/lab7_2/try5_sdk/mb_usb_hdmi_top/hw
TRACE::2024-11-08.08:32:02::SCWPlatform:: Platform Path C:/Users/realk/Desktop/ece385/ECE385/lab7_2/try5_sdk/mb_usb_hdmi_top/hw/mb_usb_hdmi_top.xsa
TRACE::2024-11-08.08:32:02::SCWPlatform:: Unique name xilinx:::0.0
TRACE::2024-11-08.08:32:02::SCWPlatform::Trying to set the existing hwdb with name mb_usb_hdmi_top_62
TRACE::2024-11-08.08:32:02::SCWPlatform::Opened existing hwdb mb_usb_hdmi_top_62
TRACE::2024-11-08.08:32:02::SCWPlatform::Found the Hw Db part of the input DSA
TRACE::2024-11-08.08:32:02::SCWMssOS::Checking the sw design at  C:/Users/realk/Desktop/ece385/ECE385/lab7_2/try5_sdk/mb_usb_hdmi_top/microblaze_0/standalone_microblaze_0/bsp/system.mss
TRACE::2024-11-08.08:32:02::SCWMssOS::DEBUG:  swdes dump  C:/Users/realk/Desktop/ece385/ECE385/lab7_2/try5_sdk/mb_usb_hdmi_top/microblaze_0/standalone_microblaze_0/bsp/system.mss|system||

TRACE::2024-11-08.08:32:02::SCWMssOS::Sw design exists and opened at  C:/Users/realk/Desktop/ece385/ECE385/lab7_2/try5_sdk/mb_usb_hdmi_top/microblaze_0/standalone_microblaze_0/bsp/system.mss
TRACE::2024-11-08.08:32:02::SCWWriter::formatted JSON is {
	"platformName":	"mb_usb_hdmi_top",
	"sprVersion":	"2.0",
	"mode":	"gui",
	"dsaType":	"Fixed",
	"platformDesc":	"mb_usb_hdmi_top",
	"platHandOff":	"C:/Users/realk/Desktop/ece385/ECE385/lab7_2/mb_usb_hdmi_top.xsa",
	"platIntHandOff":	"<platformDir>/hw/mb_usb_hdmi_top.xsa",
	"deviceType":	"FPGA",
	"platIsPrebuiltAutogen":	"false",
	"platIsNoBootBsp":	"false",
	"hasFsblMakeHasChanges":	"false",
	"hasPmufwMakeHasChanges":	"false",
	"platPreBuiltFlag":	false,
	"platformSamplesDir":	"",
	"platActiveSys":	"mb_usb_hdmi_top",
	"systems":	[{
			"systemName":	"mb_usb_hdmi_top",
			"systemDesc":	"mb_usb_hdmi_top",
			"sysIsBootAutoGen":	"true",
			"systemDispName":	"mb_usb_hdmi_top",
			"sysActiveDom":	"standalone_microblaze_0",
			"sysDefaultDom":	"standalone_microblaze_0",
			"domains":	[{
					"domainName":	"standalone_microblaze_0",
					"domainDispName":	"standalone_microblaze_0",
					"domainDesc":	"standalone_microblaze_0",
					"processors":	"microblaze_0",
					"os":	"standalone",
					"sdxOs":	"standalone",
					"debugEnable":	"False",
					"domRuntimes":	["cpp"],
					"swRepo":	"",
					"mssOsVer":	"8.0",
					"mssFile":	"",
					"md5Digest":	"5422c1e5be4ae93f4de8c50507402f2a1",
					"compatibleApp":	"",
					"domType":	"mssDomain",
					"arch":	"32-bit",
					"appSettings":	{
						"appCompilerFlags":	"",
						"appLinkerFlags":	""
					},
					"addedLibs":	[],
					"libOptions":	{
						"libsContainingOptions":	[]
					},
					"prebuiltLibs":	{
						"prebuiltIncPath":	[],
						"prebuiltLibPath":	[]
					},
					"isolation":	{
					}
				}]
		}]
}
TRACE::2024-11-08.08:32:12::SCWMssOS::cleaning the bsp 
TRACE::2024-11-08.08:32:12::SCWMssOS::System Command Ran  C: & cd  C:/Users/realk/Desktop/ece385/ECE385/lab7_2/try5_sdk/mb_usb_hdmi_top/microblaze_0/standalone_microblaze_0/bsp & make clean 
TRACE::2024-11-08.08:32:12::SCWMssOS::make -C microblaze_0/libsrc/bram_v4_8/src -s clean 

TRACE::2024-11-08.08:32:12::SCWMssOS::make -C microblaze_0/libsrc/cpu_v2_16/src -s clean 

TRACE::2024-11-08.08:32:12::SCWMssOS::make -C microblaze_0/libsrc/intc_v3_15/src -s clean 

TRACE::2024-11-08.08:32:12::SCWMssOS::make -C microblaze_0/libsrc/standalone_v8_0/src -s clean 

TRACE::2024-11-08.08:32:13::SCWMssOS::make -C microblaze_0/libsrc/uartlite_v3_7/src -s clean 

TRACE::2024-11-08.08:32:13::SCWMssOS::rm -f microblaze_0/lib/libxil.a

LOG::2024-11-08.08:32:22::SCWPlatform::Started generating the artifacts platform mb_usb_hdmi_top
TRACE::2024-11-08.08:32:22::SCWPlatform::Sanity checking of platform is completed
LOG::2024-11-08.08:32:22::SCWPlatform::Started generating the artifacts for system configuration mb_usb_hdmi_top
LOG::2024-11-08.08:32:22::SCWSystem::Checking the domain standalone_microblaze_0
LOG::2024-11-08.08:32:22::SCWSystem::Not a boot domain 
LOG::2024-11-08.08:32:22::SCWSystem::Started Processing the domain standalone_microblaze_0
TRACE::2024-11-08.08:32:22::SCWDomain::Generating domain artifcats
TRACE::2024-11-08.08:32:22::SCWMssOS::Generating standalone artifcats
TRACE::2024-11-08.08:32:22::SCWMssOS:: Copying the user libraries. 
TRACE::2024-11-08.08:32:22::SCWPlatform::Trying to open the hw design at C:/Users/realk/Desktop/ece385/ECE385/lab7_2/try5_sdk/mb_usb_hdmi_top/hw/mb_usb_hdmi_top.xsa
TRACE::2024-11-08.08:32:22::SCWPlatform::DSA given C:/Users/realk/Desktop/ece385/ECE385/lab7_2/try5_sdk/mb_usb_hdmi_top/hw/mb_usb_hdmi_top.xsa
TRACE::2024-11-08.08:32:22::SCWPlatform::DSA absoulate path C:/Users/realk/Desktop/ece385/ECE385/lab7_2/try5_sdk/mb_usb_hdmi_top/hw/mb_usb_hdmi_top.xsa
TRACE::2024-11-08.08:32:22::SCWPlatform::DSA directory C:/Users/realk/Desktop/ece385/ECE385/lab7_2/try5_sdk/mb_usb_hdmi_top/hw
TRACE::2024-11-08.08:32:22::SCWPlatform:: Platform Path C:/Users/realk/Desktop/ece385/ECE385/lab7_2/try5_sdk/mb_usb_hdmi_top/hw/mb_usb_hdmi_top.xsa
TRACE::2024-11-08.08:32:22::SCWPlatform:: Unique name xilinx:::0.0
TRACE::2024-11-08.08:32:22::SCWPlatform::Trying to set the existing hwdb with name mb_usb_hdmi_top_62
TRACE::2024-11-08.08:32:22::SCWPlatform::Opened existing hwdb mb_usb_hdmi_top_62
TRACE::2024-11-08.08:32:22::SCWPlatform::Found the Hw Db part of the input DSA
TRACE::2024-11-08.08:32:22::SCWMssOS::Checking the sw design at  C:/Users/realk/Desktop/ece385/ECE385/lab7_2/try5_sdk/mb_usb_hdmi_top/microblaze_0/standalone_microblaze_0/bsp/system.mss
TRACE::2024-11-08.08:32:22::SCWMssOS::DEBUG:  swdes dump  C:/Users/realk/Desktop/ece385/ECE385/lab7_2/try5_sdk/mb_usb_hdmi_top/microblaze_0/standalone_microblaze_0/bsp/system.mss|system||

TRACE::2024-11-08.08:32:22::SCWMssOS::Sw design exists and opened at  C:/Users/realk/Desktop/ece385/ECE385/lab7_2/try5_sdk/mb_usb_hdmi_top/microblaze_0/standalone_microblaze_0/bsp/system.mss
TRACE::2024-11-08.08:32:22::SCWMssOS::Completed writing the mss file at C:/Users/realk/Desktop/ece385/ECE385/lab7_2/try5_sdk/mb_usb_hdmi_top/microblaze_0/standalone_microblaze_0/bsp
TRACE::2024-11-08.08:32:22::SCWMssOS::Mss edits present, copying mssfile into export location C:/Users/realk/Desktop/ece385/ECE385/lab7_2/try5_sdk/mb_usb_hdmi_top/microblaze_0/standalone_microblaze_0/bsp/system.mss
TRACE::2024-11-08.08:32:22::SCWMssOS::bsp generated is stale removing and regenerating. 
TRACE::2024-11-08.08:32:24::SCWMssOS::doing bsp build ... 
TRACE::2024-11-08.08:32:24::SCWMssOS::System Command Ran  C: & cd  C:/Users/realk/Desktop/ece385/ECE385/lab7_2/try5_sdk/mb_usb_hdmi_top/microblaze_0/standalone_microblaze_0/bsp & make 
TRACE::2024-11-08.08:32:24::SCWMssOS::make --no-print-directory seq_libs

TRACE::2024-11-08.08:32:24::SCWMssOS::'Finished building libraries sequentially.'

TRACE::2024-11-08.08:32:24::SCWMssOS::make -j 14 --no-print-directory par_libs

TRACE::2024-11-08.08:32:24::SCWMssOS::"Running Make include in microblaze_0/libsrc/bram_v4_8/src"

TRACE::2024-11-08.08:32:24::SCWMssOS::make -C microblaze_0/libsrc/bram_v4_8/src -s include  "SHELL=CMD" "COMPILER=mb-gcc" "ASSEMBLER=mb-as" "ARCHIVER=mb-ar" "COMPILE
TRACE::2024-11-08.08:32:24::SCWMssOS::R_FLAGS=  -O2 -c -mcpu=v11.0 -mlittle-endian -mno-xl-reorder -mno-xl-soft-mul -mxl-barrel-shift -mxl-pattern-compare" "EXTRA_CO
TRACE::2024-11-08.08:32:24::SCWMssOS::MPILER_FLAGS=-g -ffunction-sections -fdata-sections -Wall -Wextra -fno-tree-loop-distribute-patterns"

TRACE::2024-11-08.08:32:24::SCWMssOS::"Running Make include in microblaze_0/libsrc/cpu_v2_16/src"

TRACE::2024-11-08.08:32:24::SCWMssOS::make -C microblaze_0/libsrc/cpu_v2_16/src -s include  "SHELL=CMD" "COMPILER=mb-gcc" "ASSEMBLER=mb-as" "ARCHIVER=mb-ar" "COMPILE
TRACE::2024-11-08.08:32:24::SCWMssOS::R_FLAGS=  -O2 -c -mcpu=v11.0 -mlittle-endian -mno-xl-reorder -mno-xl-soft-mul -mxl-barrel-shift -mxl-pattern-compare" "EXTRA_CO
TRACE::2024-11-08.08:32:24::SCWMssOS::MPILER_FLAGS=-g -ffunction-sections -fdata-sections -Wall -Wextra -fno-tree-loop-distribute-patterns"

TRACE::2024-11-08.08:32:24::SCWMssOS::"Running Make include in microblaze_0/libsrc/intc_v3_15/src"

TRACE::2024-11-08.08:32:24::SCWMssOS::make -C microblaze_0/libsrc/intc_v3_15/src -s include  "SHELL=CMD" "COMPILER=mb-gcc" "ASSEMBLER=mb-as" "ARCHIVER=mb-ar" "COMPIL
TRACE::2024-11-08.08:32:24::SCWMssOS::ER_FLAGS=  -O2 -c -mcpu=v11.0 -mlittle-endian -mno-xl-reorder -mno-xl-soft-mul -mxl-barrel-shift -mxl-pattern-compare" "EXTRA_C
TRACE::2024-11-08.08:32:24::SCWMssOS::OMPILER_FLAGS=-g -ffunction-sections -fdata-sections -Wall -Wextra -fno-tree-loop-distribute-patterns"

TRACE::2024-11-08.08:32:24::SCWMssOS::"Running Make include in microblaze_0/libsrc/standalone_v8_0/src"

TRACE::2024-11-08.08:32:24::SCWMssOS::make -C microblaze_0/libsrc/standalone_v8_0/src -s include  "SHELL=CMD" "COMPILER=mb-gcc" "ASSEMBLER=mb-as" "ARCHIVER=mb-ar" "C
TRACE::2024-11-08.08:32:24::SCWMssOS::OMPILER_FLAGS=  -O2 -c -mcpu=v11.0 -mlittle-endian -mno-xl-reorder -mno-xl-soft-mul -mxl-barrel-shift -mxl-pattern-compare" "EX
TRACE::2024-11-08.08:32:24::SCWMssOS::TRA_COMPILER_FLAGS=-g -ffunction-sections -fdata-sections -Wall -Wextra -fno-tree-loop-distribute-patterns"

TRACE::2024-11-08.08:32:24::SCWMssOS::"Running Make include in microblaze_0/libsrc/uartlite_v3_7/src"

TRACE::2024-11-08.08:32:24::SCWMssOS::make -C microblaze_0/libsrc/uartlite_v3_7/src -s include  "SHELL=CMD" "COMPILER=mb-gcc" "ASSEMBLER=mb-as" "ARCHIVER=mb-ar" "COM
TRACE::2024-11-08.08:32:24::SCWMssOS::PILER_FLAGS=  -O2 -c -mcpu=v11.0 -mlittle-endian -mno-xl-reorder -mno-xl-soft-mul -mxl-barrel-shift -mxl-pattern-compare" "EXTR
TRACE::2024-11-08.08:32:24::SCWMssOS::A_COMPILER_FLAGS=-g -ffunction-sections -fdata-sections -Wall -Wextra -fno-tree-loop-distribute-patterns"

TRACE::2024-11-08.08:32:25::SCWMssOS::"Running Make libs in microblaze_0/libsrc/bram_v4_8/src"

TRACE::2024-11-08.08:32:25::SCWMssOS::make -C microblaze_0/libsrc/bram_v4_8/src -s libs  "SHELL=CMD" "COMPILER=mb-gcc" "ASSEMBLER=mb-as" "ARCHIVER=mb-ar" "COMPILER_F
TRACE::2024-11-08.08:32:25::SCWMssOS::LAGS=  -O2 -c -mcpu=v11.0 -mlittle-endian -mno-xl-reorder -mno-xl-soft-mul -mxl-barrel-shift -mxl-pattern-compare" "EXTRA_COMPI
TRACE::2024-11-08.08:32:25::SCWMssOS::LER_FLAGS=-g -ffunction-sections -fdata-sections -Wall -Wextra -fno-tree-loop-distribute-patterns"

TRACE::2024-11-08.08:32:25::SCWMssOS::"Running Make libs in microblaze_0/libsrc/cpu_v2_16/src"

TRACE::2024-11-08.08:32:25::SCWMssOS::make -C microblaze_0/libsrc/cpu_v2_16/src -s libs  "SHELL=CMD" "COMPILER=mb-gcc" "ASSEMBLER=mb-as" "ARCHIVER=mb-ar" "COMPILER_F
TRACE::2024-11-08.08:32:25::SCWMssOS::LAGS=  -O2 -c -mcpu=v11.0 -mlittle-endian -mno-xl-reorder -mno-xl-soft-mul -mxl-barrel-shift -mxl-pattern-compare" "EXTRA_COMPI
TRACE::2024-11-08.08:32:25::SCWMssOS::LER_FLAGS=-g -ffunction-sections -fdata-sections -Wall -Wextra -fno-tree-loop-distribute-patterns"

TRACE::2024-11-08.08:32:25::SCWMssOS::"Running Make libs in microblaze_0/libsrc/intc_v3_15/src"

TRACE::2024-11-08.08:32:25::SCWMssOS::make -C microblaze_0/libsrc/intc_v3_15/src -s libs  "SHELL=CMD" "COMPILER=mb-gcc" "ASSEMBLER=mb-as" "ARCHIVER=mb-ar" "COMPILER_
TRACE::2024-11-08.08:32:25::SCWMssOS::FLAGS=  -O2 -c -mcpu=v11.0 -mlittle-endian -mno-xl-reorder -mno-xl-soft-mul -mxl-barrel-shift -mxl-pattern-compare" "EXTRA_COMP
TRACE::2024-11-08.08:32:25::SCWMssOS::ILER_FLAGS=-g -ffunction-sections -fdata-sections -Wall -Wextra -fno-tree-loop-distribute-patterns"

TRACE::2024-11-08.08:32:25::SCWMssOS::"Running Make libs in microblaze_0/libsrc/standalone_v8_0/src"

TRACE::2024-11-08.08:32:25::SCWMssOS::make -C microblaze_0/libsrc/standalone_v8_0/src -s libs  "SHELL=CMD" "COMPILER=mb-gcc" "ASSEMBLER=mb-as" "ARCHIVER=mb-ar" "COMP
TRACE::2024-11-08.08:32:25::SCWMssOS::ILER_FLAGS=  -O2 -c -mcpu=v11.0 -mlittle-endian -mno-xl-reorder -mno-xl-soft-mul -mxl-barrel-shift -mxl-pattern-compare" "EXTRA
TRACE::2024-11-08.08:32:25::SCWMssOS::_COMPILER_FLAGS=-g -ffunction-sections -fdata-sections -Wall -Wextra -fno-tree-loop-distribute-patterns"

TRACE::2024-11-08.08:32:25::SCWMssOS::"Running Make libs in microblaze_0/libsrc/uartlite_v3_7/src"

TRACE::2024-11-08.08:32:25::SCWMssOS::make -C microblaze_0/libsrc/uartlite_v3_7/src -s libs  "SHELL=CMD" "COMPILER=mb-gcc" "ASSEMBLER=mb-as" "ARCHIVER=mb-ar" "COMPIL
TRACE::2024-11-08.08:32:25::SCWMssOS::ER_FLAGS=  -O2 -c -mcpu=v11.0 -mlittle-endian -mno-xl-reorder -mno-xl-soft-mul -mxl-barrel-shift -mxl-pattern-compare" "EXTRA_C
TRACE::2024-11-08.08:32:25::SCWMssOS::OMPILER_FLAGS=-g -ffunction-sections -fdata-sections -Wall -Wextra -fno-tree-loop-distribute-patterns"

TRACE::2024-11-08.08:32:28::SCWMssOS::"DEBUG NON_LTO_OBJECTS is ../../../lib/microblaze_interrupt_handler.o"

TRACE::2024-11-08.08:32:28::SCWMssOS::'Finished building libraries parallelly.'

TRACE::2024-11-08.08:32:28::SCWMssOS::make --no-print-directory archive

TRACE::2024-11-08.08:32:28::SCWMssOS::mb-ar -r  microblaze_0/lib/libxil.a microblaze_0/lib/_exit.o microblaze_0/lib/errno.o microblaze_0/lib/fcntl.o microblaze_0/lib
TRACE::2024-11-08.08:32:28::SCWMssOS::/hw_exception_handler.o microblaze_0/lib/inbyte.o microblaze_0/lib/microblaze_disable_dcache.o microblaze_0/lib/microblaze_disa
TRACE::2024-11-08.08:32:28::SCWMssOS::ble_exceptions.o microblaze_0/lib/microblaze_disable_icache.o microblaze_0/lib/microblaze_disable_interrupts.o microblaze_0/lib
TRACE::2024-11-08.08:32:28::SCWMssOS::/microblaze_enable_dcache.o microblaze_0/lib/microblaze_enable_exceptions.o microblaze_0/lib/microblaze_enable_icache.o microbl
TRACE::2024-11-08.08:32:28::SCWMssOS::aze_0/lib/microblaze_enable_interrupts.o microblaze_0/lib/microblaze_exception_handler.o microblaze_0/lib/microblaze_flush_cach
TRACE::2024-11-08.08:32:28::SCWMssOS::e_ext.o microblaze_0/lib/microblaze_flush_cache_ext_range.o microblaze_0/lib/microblaze_flush_dcache.o microblaze_0/lib/microbl
TRACE::2024-11-08.08:32:28::SCWMssOS::aze_flush_dcache_range.o microblaze_0/lib/microblaze_init_dcache_range.o microblaze_0/lib/microblaze_init_icache_range.o microb
TRACE::2024-11-08.08:32:28::SCWMssOS::laze_0/lib/microblaze_interrupt_handler.o microblaze_0/lib/microblaze_interrupts_g.o microblaze_0/lib/microblaze_invalidate_cac
TRACE::2024-11-08.08:32:28::SCWMssOS::he_ext.o microblaze_0/lib/microblaze_invalidate_cache_ext_range.o microblaze_0/lib/microblaze_invalidate_dcache.o microblaze_0/
TRACE::2024-11-08.08:32:28::SCWMssOS::lib/microblaze_invalidate_dcache_range.o microblaze_0/lib/microblaze_invalidate_icache.o microblaze_0/lib/microblaze_invalidate
TRACE::2024-11-08.08:32:28::SCWMssOS::_icache_range.o microblaze_0/lib/microblaze_scrub.o microblaze_0/lib/microblaze_selftest.o microblaze_0/lib/microblaze_sleep.o 
TRACE::2024-11-08.08:32:28::SCWMssOS::microblaze_0/lib/microblaze_update_dcache.o microblaze_0/lib/microblaze_update_icache.o microblaze_0/lib/outbyte.o microblaze_0
TRACE::2024-11-08.08:32:28::SCWMssOS::/lib/print.o microblaze_0/lib/pvr.o microblaze_0/lib/xbram.o microblaze_0/lib/xbram_g.o microblaze_0/lib/xbram_intr.o microblaz
TRACE::2024-11-08.08:32:28::SCWMssOS::e_0/lib/xbram_selftest.o microblaze_0/lib/xbram_sinit.o microblaze_0/lib/xil_assert.o microblaze_0/lib/xil_cache.o microblaze_0
TRACE::2024-11-08.08:32:28::SCWMssOS::/lib/xil_clocking.o microblaze_0/lib/xil_exception.o microblaze_0/lib/xil_mem.o microblaze_0/lib/xil_misc_psreset_api.o microbl
TRACE::2024-11-08.08:32:28::SCWMssOS::aze_0/lib/xil_printf.o microblaze_0/lib/xil_sleepcommon.o microblaze_0/lib/xil_testcache.o microblaze_0/lib/xil_testio.o microb
TRACE::2024-11-08.08:32:28::SCWMssOS::laze_0/lib/xil_testmem.o microblaze_0/lib/xil_util.o microblaze_0/lib/xintc.o microblaze_0/lib/xintc_g.o microblaze_0/lib/xintc
TRACE::2024-11-08.08:32:28::SCWMssOS::_intr.o microblaze_0/lib/xintc_l.o microblaze_0/lib/xintc_options.o microblaze_0/lib/xintc_selftest.o microblaze_0/lib/xinterru
TRACE::2024-11-08.08:32:28::SCWMssOS::pt_wrap.o microblaze_0/lib/xio.o microblaze_0/lib/xplatform_info.o microblaze_0/lib/xuartlite.o microblaze_0/lib/xuartlite_g.o 
TRACE::2024-11-08.08:32:28::SCWMssOS::microblaze_0/lib/xuartlite_intr.o microblaze_0/lib/xuartlite_l.o microblaze_0/lib/xuartlite_selftest.o microblaze_0/lib/xuartli
TRACE::2024-11-08.08:32:28::SCWMssOS::te_sinit.o microblaze_0/lib/xuartlite_stats.o

TRACE::2024-11-08.08:32:29::SCWMssOS::'Finished building libraries'

TRACE::2024-11-08.08:32:29::SCWMssOS:: Checking if to create the Supporting Applications
TRACE::2024-11-08.08:32:29::SCWMssOS:: No Linux domain exists, trying to generate FSBL 
LOG::2024-11-08.08:32:29::SCWSystem::Completed Processing the domain standalone_microblaze_0
LOG::2024-11-08.08:32:29::SCWSystem::Completed Processing the sysconfig mb_usb_hdmi_top
LOG::2024-11-08.08:32:29::SCWPlatform::Completed generating the artifacts for system configuration mb_usb_hdmi_top
TRACE::2024-11-08.08:32:29::SCWPlatform::Started preparing the platform 
TRACE::2024-11-08.08:32:29::SCWSystem::Writing the bif file for system config mb_usb_hdmi_top
TRACE::2024-11-08.08:32:29::SCWSystem::dir created 
TRACE::2024-11-08.08:32:29::SCWSystem::Writing the bif 
TRACE::2024-11-08.08:32:29::SCWPlatform::Started writing the spfm file 
TRACE::2024-11-08.08:32:29::SCWPlatform::Started writing the xpfm file 
TRACE::2024-11-08.08:32:29::SCWPlatform::Completed generating the platform
TRACE::2024-11-08.08:32:29::SCWMssOS::Saving the mss changes C:/Users/realk/Desktop/ece385/ECE385/lab7_2/try5_sdk/mb_usb_hdmi_top/microblaze_0/standalone_microblaze_0/bsp/system.mss
TRACE::2024-11-08.08:32:29::SCWMssOS::Adding the swdes entry, mss present, able to open swdb C:/Users/realk/Desktop/ece385/ECE385/lab7_2/try5_sdk/mb_usb_hdmi_top/microblaze_0/standalone_microblaze_0/bsp/system.mss with des name system
TRACE::2024-11-08.08:32:29::SCWMssOS::Writing the mss file completed C:/Users/realk/Desktop/ece385/ECE385/lab7_2/try5_sdk/mb_usb_hdmi_top/microblaze_0/standalone_microblaze_0/bsp/system.mss
TRACE::2024-11-08.08:32:29::SCWMssOS::Commit changes completed.
TRACE::2024-11-08.08:32:29::SCWPlatform::Trying to open the hw design at C:/Users/realk/Desktop/ece385/ECE385/lab7_2/try5_sdk/mb_usb_hdmi_top/hw/mb_usb_hdmi_top.xsa
TRACE::2024-11-08.08:32:29::SCWPlatform::DSA given C:/Users/realk/Desktop/ece385/ECE385/lab7_2/try5_sdk/mb_usb_hdmi_top/hw/mb_usb_hdmi_top.xsa
TRACE::2024-11-08.08:32:29::SCWPlatform::DSA absoulate path C:/Users/realk/Desktop/ece385/ECE385/lab7_2/try5_sdk/mb_usb_hdmi_top/hw/mb_usb_hdmi_top.xsa
TRACE::2024-11-08.08:32:29::SCWPlatform::DSA directory C:/Users/realk/Desktop/ece385/ECE385/lab7_2/try5_sdk/mb_usb_hdmi_top/hw
TRACE::2024-11-08.08:32:29::SCWPlatform:: Platform Path C:/Users/realk/Desktop/ece385/ECE385/lab7_2/try5_sdk/mb_usb_hdmi_top/hw/mb_usb_hdmi_top.xsa
TRACE::2024-11-08.08:32:29::SCWPlatform:: Unique name xilinx:::0.0
TRACE::2024-11-08.08:32:29::SCWPlatform::Trying to set the existing hwdb with name mb_usb_hdmi_top_62
TRACE::2024-11-08.08:32:29::SCWPlatform::Opened existing hwdb mb_usb_hdmi_top_62
TRACE::2024-11-08.08:32:29::SCWPlatform::Found the Hw Db part of the input DSA
TRACE::2024-11-08.08:32:29::SCWMssOS::Checking the sw design at  C:/Users/realk/Desktop/ece385/ECE385/lab7_2/try5_sdk/mb_usb_hdmi_top/microblaze_0/standalone_microblaze_0/bsp/system.mss
TRACE::2024-11-08.08:32:29::SCWMssOS::DEBUG:  swdes dump  C:/Users/realk/Desktop/ece385/ECE385/lab7_2/try5_sdk/mb_usb_hdmi_top/microblaze_0/standalone_microblaze_0/bsp/system.mss|system||

TRACE::2024-11-08.08:32:29::SCWMssOS::Sw design exists and opened at  C:/Users/realk/Desktop/ece385/ECE385/lab7_2/try5_sdk/mb_usb_hdmi_top/microblaze_0/standalone_microblaze_0/bsp/system.mss
TRACE::2024-11-08.08:32:29::SCWWriter::formatted JSON is {
	"platformName":	"mb_usb_hdmi_top",
	"sprVersion":	"2.0",
	"mode":	"gui",
	"dsaType":	"Fixed",
	"platformDesc":	"mb_usb_hdmi_top",
	"platHandOff":	"C:/Users/realk/Desktop/ece385/ECE385/lab7_2/mb_usb_hdmi_top.xsa",
	"platIntHandOff":	"<platformDir>/hw/mb_usb_hdmi_top.xsa",
	"deviceType":	"FPGA",
	"platIsPrebuiltAutogen":	"false",
	"platIsNoBootBsp":	"false",
	"hasFsblMakeHasChanges":	"false",
	"hasPmufwMakeHasChanges":	"false",
	"platPreBuiltFlag":	false,
	"platformSamplesDir":	"",
	"platActiveSys":	"mb_usb_hdmi_top",
	"systems":	[{
			"systemName":	"mb_usb_hdmi_top",
			"systemDesc":	"mb_usb_hdmi_top",
			"sysIsBootAutoGen":	"true",
			"systemDispName":	"mb_usb_hdmi_top",
			"sysActiveDom":	"standalone_microblaze_0",
			"sysDefaultDom":	"standalone_microblaze_0",
			"domains":	[{
					"domainName":	"standalone_microblaze_0",
					"domainDispName":	"standalone_microblaze_0",
					"domainDesc":	"standalone_microblaze_0",
					"processors":	"microblaze_0",
					"os":	"standalone",
					"sdxOs":	"standalone",
					"debugEnable":	"False",
					"domRuntimes":	["cpp"],
					"swRepo":	"",
					"mssOsVer":	"8.0",
					"mssFile":	"",
					"md5Digest":	"5422c1e5be4ae93f4de8c50507402f2a",
					"compatibleApp":	"",
					"domType":	"mssDomain",
					"arch":	"32-bit",
					"appSettings":	{
						"appCompilerFlags":	"",
						"appLinkerFlags":	""
					},
					"addedLibs":	[],
					"libOptions":	{
						"libsContainingOptions":	[]
					},
					"prebuiltLibs":	{
						"prebuiltIncPath":	[],
						"prebuiltLibPath":	[]
					},
					"isolation":	{
					}
				}]
		}]
}
KEYINFO::2024-11-08.08:32:29::SCWPlatform::updated the xpfm file.
TRACE::2024-11-08.08:32:31::SCWPlatform::Trying to open the hw design at C:/Users/realk/Desktop/ece385/ECE385/lab7_2/try5_sdk/mb_usb_hdmi_top/hw/mb_usb_hdmi_top.xsa
TRACE::2024-11-08.08:32:31::SCWPlatform::DSA given C:/Users/realk/Desktop/ece385/ECE385/lab7_2/try5_sdk/mb_usb_hdmi_top/hw/mb_usb_hdmi_top.xsa
TRACE::2024-11-08.08:32:31::SCWPlatform::DSA absoulate path C:/Users/realk/Desktop/ece385/ECE385/lab7_2/try5_sdk/mb_usb_hdmi_top/hw/mb_usb_hdmi_top.xsa
TRACE::2024-11-08.08:32:31::SCWPlatform::DSA directory C:/Users/realk/Desktop/ece385/ECE385/lab7_2/try5_sdk/mb_usb_hdmi_top/hw
TRACE::2024-11-08.08:32:31::SCWPlatform:: Platform Path C:/Users/realk/Desktop/ece385/ECE385/lab7_2/try5_sdk/mb_usb_hdmi_top/hw/mb_usb_hdmi_top.xsa
TRACE::2024-11-08.08:32:31::SCWPlatform:: Unique name xilinx:::0.0
TRACE::2024-11-08.08:32:31::SCWPlatform::Trying to set the existing hwdb with name mb_usb_hdmi_top_62
TRACE::2024-11-08.08:32:31::SCWPlatform::Opened existing hwdb mb_usb_hdmi_top_62
TRACE::2024-11-08.08:32:31::SCWPlatform::Found the Hw Db part of the input DSA
TRACE::2024-11-08.08:32:31::SCWMssOS::Checking the sw design at  C:/Users/realk/Desktop/ece385/ECE385/lab7_2/try5_sdk/mb_usb_hdmi_top/microblaze_0/standalone_microblaze_0/bsp/system.mss
TRACE::2024-11-08.08:32:31::SCWMssOS::DEBUG:  swdes dump  C:/Users/realk/Desktop/ece385/ECE385/lab7_2/try5_sdk/mb_usb_hdmi_top/microblaze_0/standalone_microblaze_0/bsp/system.mss|system||

TRACE::2024-11-08.08:32:31::SCWMssOS::Sw design exists and opened at  C:/Users/realk/Desktop/ece385/ECE385/lab7_2/try5_sdk/mb_usb_hdmi_top/microblaze_0/standalone_microblaze_0/bsp/system.mss
TRACE::2024-11-08.08:42:10::SCWPlatform::Clearing the existing platform
TRACE::2024-11-08.08:42:10::SCWSystem::Clearing the existing sysconfig
TRACE::2024-11-08.08:42:10::SCWMssOS::Removing the swdes entry for  C:/Users/realk/Desktop/ece385/ECE385/lab7_2/try5_sdk/mb_usb_hdmi_top/microblaze_0/standalone_microblaze_0/bsp/system.mss
TRACE::2024-11-08.08:42:10::SCWSystem::Clearing the domains completed.
TRACE::2024-11-08.08:42:10::SCWPlatform::Clearing the opened hw db.
TRACE::2024-11-08.08:42:10::SCWPlatform::DSA given C:/Users/realk/Desktop/ece385/ECE385/lab7_2/try5_sdk/mb_usb_hdmi_top/hw/mb_usb_hdmi_top.xsa
TRACE::2024-11-08.08:42:10::SCWPlatform::DSA absoulate path C:/Users/realk/Desktop/ece385/ECE385/lab7_2/try5_sdk/mb_usb_hdmi_top/hw/mb_usb_hdmi_top.xsa
TRACE::2024-11-08.08:42:10::SCWPlatform:: Platform location is C:/Users/realk/Desktop/ece385/ECE385/lab7_2/try5_sdk/mb_usb_hdmi_top/hw
TRACE::2024-11-08.08:42:10::SCWPlatform:: Platform Path C:/Users/realk/Desktop/ece385/ECE385/lab7_2/try5_sdk/mb_usb_hdmi_top/hw/mb_usb_hdmi_top.xsa
TRACE::2024-11-08.08:42:10::SCWPlatform:: Unique name xilinx:::0.0
TRACE::2024-11-08.08:42:10::SCWPlatform::Removing the HwDB with name C:/Users/realk/Desktop/ece385/ECE385/lab7_2/try5_sdk/mb_usb_hdmi_top/hw/mb_usb_hdmi_top.xsa
TRACE::2024-11-08.08:42:10::SCWPlatform::Trying to open the hw design at C:/Users/realk/Desktop/ece385/ECE385/lab7_2/try5_sdk/mb_usb_hdmi_top/hw/mb_usb_hdmi_top.xsa
TRACE::2024-11-08.08:42:10::SCWPlatform::DSA given C:/Users/realk/Desktop/ece385/ECE385/lab7_2/try5_sdk/mb_usb_hdmi_top/hw/mb_usb_hdmi_top.xsa
TRACE::2024-11-08.08:42:10::SCWPlatform::DSA absoulate path C:/Users/realk/Desktop/ece385/ECE385/lab7_2/try5_sdk/mb_usb_hdmi_top/hw/mb_usb_hdmi_top.xsa
TRACE::2024-11-08.08:42:10::SCWPlatform::DSA directory C:/Users/realk/Desktop/ece385/ECE385/lab7_2/try5_sdk/mb_usb_hdmi_top/hw
TRACE::2024-11-08.08:42:10::SCWPlatform:: Platform Path C:/Users/realk/Desktop/ece385/ECE385/lab7_2/try5_sdk/mb_usb_hdmi_top/hw/mb_usb_hdmi_top.xsa
TRACE::2024-11-08.08:42:10::SCWPlatform:: Unique name xilinx:::0.0
TRACE::2024-11-08.08:42:10::SCWPlatform::Do not have an existing db opened. 
TRACE::2024-11-08.08:42:10::SCWPlatform::Opened new HwDB with name mb_usb_hdmi_top_64
TRACE::2024-11-08.08:42:10::SCWReader::Active system found as  mb_usb_hdmi_top
TRACE::2024-11-08.08:42:10::SCWReader::Handling sysconfig mb_usb_hdmi_top
TRACE::2024-11-08.08:42:10::SCWDomain::checking for install qemu data   : 
TRACE::2024-11-08.08:42:10::SCWPlatform::Trying to open the hw design at C:/Users/realk/Desktop/ece385/ECE385/lab7_2/try5_sdk/mb_usb_hdmi_top/hw/mb_usb_hdmi_top.xsa
TRACE::2024-11-08.08:42:10::SCWPlatform::DSA given C:/Users/realk/Desktop/ece385/ECE385/lab7_2/try5_sdk/mb_usb_hdmi_top/hw/mb_usb_hdmi_top.xsa
TRACE::2024-11-08.08:42:10::SCWPlatform::DSA absoulate path C:/Users/realk/Desktop/ece385/ECE385/lab7_2/try5_sdk/mb_usb_hdmi_top/hw/mb_usb_hdmi_top.xsa
TRACE::2024-11-08.08:42:10::SCWPlatform::DSA directory C:/Users/realk/Desktop/ece385/ECE385/lab7_2/try5_sdk/mb_usb_hdmi_top/hw
TRACE::2024-11-08.08:42:10::SCWPlatform:: Platform Path C:/Users/realk/Desktop/ece385/ECE385/lab7_2/try5_sdk/mb_usb_hdmi_top/hw/mb_usb_hdmi_top.xsa
TRACE::2024-11-08.08:42:10::SCWPlatform:: Unique name xilinx:::0.0
TRACE::2024-11-08.08:42:10::SCWPlatform::Trying to set the existing hwdb with name mb_usb_hdmi_top_64
TRACE::2024-11-08.08:42:10::SCWPlatform::Opened existing hwdb mb_usb_hdmi_top_64
TRACE::2024-11-08.08:42:10::SCWPlatform::Found the Hw Db part of the input DSA
TRACE::2024-11-08.08:42:10::SCWPlatform::Trying to open the hw design at C:/Users/realk/Desktop/ece385/ECE385/lab7_2/try5_sdk/mb_usb_hdmi_top/hw/mb_usb_hdmi_top.xsa
TRACE::2024-11-08.08:42:10::SCWPlatform::DSA given C:/Users/realk/Desktop/ece385/ECE385/lab7_2/try5_sdk/mb_usb_hdmi_top/hw/mb_usb_hdmi_top.xsa
TRACE::2024-11-08.08:42:10::SCWPlatform::DSA absoulate path C:/Users/realk/Desktop/ece385/ECE385/lab7_2/try5_sdk/mb_usb_hdmi_top/hw/mb_usb_hdmi_top.xsa
TRACE::2024-11-08.08:42:10::SCWPlatform::DSA directory C:/Users/realk/Desktop/ece385/ECE385/lab7_2/try5_sdk/mb_usb_hdmi_top/hw
TRACE::2024-11-08.08:42:10::SCWPlatform:: Platform Path C:/Users/realk/Desktop/ece385/ECE385/lab7_2/try5_sdk/mb_usb_hdmi_top/hw/mb_usb_hdmi_top.xsa
TRACE::2024-11-08.08:42:10::SCWPlatform:: Unique name xilinx:::0.0
TRACE::2024-11-08.08:42:10::SCWPlatform::Trying to set the existing hwdb with name mb_usb_hdmi_top_64
TRACE::2024-11-08.08:42:10::SCWPlatform::Opened existing hwdb mb_usb_hdmi_top_64
TRACE::2024-11-08.08:42:10::SCWPlatform::Found the Hw Db part of the input DSA
TRACE::2024-11-08.08:42:10::SCWPlatform::Trying to open the hw design at C:/Users/realk/Desktop/ece385/ECE385/lab7_2/try5_sdk/mb_usb_hdmi_top/hw/mb_usb_hdmi_top.xsa
TRACE::2024-11-08.08:42:10::SCWPlatform::DSA given C:/Users/realk/Desktop/ece385/ECE385/lab7_2/try5_sdk/mb_usb_hdmi_top/hw/mb_usb_hdmi_top.xsa
TRACE::2024-11-08.08:42:10::SCWPlatform::DSA absoulate path C:/Users/realk/Desktop/ece385/ECE385/lab7_2/try5_sdk/mb_usb_hdmi_top/hw/mb_usb_hdmi_top.xsa
TRACE::2024-11-08.08:42:10::SCWPlatform::DSA directory C:/Users/realk/Desktop/ece385/ECE385/lab7_2/try5_sdk/mb_usb_hdmi_top/hw
TRACE::2024-11-08.08:42:10::SCWPlatform:: Platform Path C:/Users/realk/Desktop/ece385/ECE385/lab7_2/try5_sdk/mb_usb_hdmi_top/hw/mb_usb_hdmi_top.xsa
TRACE::2024-11-08.08:42:10::SCWPlatform:: Unique name xilinx:::0.0
TRACE::2024-11-08.08:42:10::SCWPlatform::Trying to set the existing hwdb with name mb_usb_hdmi_top_64
TRACE::2024-11-08.08:42:10::SCWPlatform::Opened existing hwdb mb_usb_hdmi_top_64
TRACE::2024-11-08.08:42:10::SCWPlatform::Found the Hw Db part of the input DSA
TRACE::2024-11-08.08:42:10::SCWPlatform::Trying to open the hw design at C:/Users/realk/Desktop/ece385/ECE385/lab7_2/try5_sdk/mb_usb_hdmi_top/hw/mb_usb_hdmi_top.xsa
TRACE::2024-11-08.08:42:10::SCWPlatform::DSA given C:/Users/realk/Desktop/ece385/ECE385/lab7_2/try5_sdk/mb_usb_hdmi_top/hw/mb_usb_hdmi_top.xsa
TRACE::2024-11-08.08:42:10::SCWPlatform::DSA absoulate path C:/Users/realk/Desktop/ece385/ECE385/lab7_2/try5_sdk/mb_usb_hdmi_top/hw/mb_usb_hdmi_top.xsa
TRACE::2024-11-08.08:42:10::SCWPlatform::DSA directory C:/Users/realk/Desktop/ece385/ECE385/lab7_2/try5_sdk/mb_usb_hdmi_top/hw
TRACE::2024-11-08.08:42:10::SCWPlatform:: Platform Path C:/Users/realk/Desktop/ece385/ECE385/lab7_2/try5_sdk/mb_usb_hdmi_top/hw/mb_usb_hdmi_top.xsa
TRACE::2024-11-08.08:42:10::SCWPlatform:: Unique name xilinx:::0.0
TRACE::2024-11-08.08:42:10::SCWPlatform::Trying to set the existing hwdb with name mb_usb_hdmi_top_64
TRACE::2024-11-08.08:42:10::SCWPlatform::Opened existing hwdb mb_usb_hdmi_top_64
TRACE::2024-11-08.08:42:10::SCWPlatform::Found the Hw Db part of the input DSA
TRACE::2024-11-08.08:42:10::SCWMssOS::Checking the sw design at  C:/Users/realk/Desktop/ece385/ECE385/lab7_2/try5_sdk/mb_usb_hdmi_top/microblaze_0/standalone_microblaze_0/bsp/system.mss
TRACE::2024-11-08.08:42:10::SCWMssOS::DEBUG:  swdes dump  
TRACE::2024-11-08.08:42:10::SCWMssOS::No sw design opened at  C:/Users/realk/Desktop/ece385/ECE385/lab7_2/try5_sdk/mb_usb_hdmi_top/microblaze_0/standalone_microblaze_0/bsp/system.mss
TRACE::2024-11-08.08:42:10::SCWMssOS::mss exists loading the mss file  C:/Users/realk/Desktop/ece385/ECE385/lab7_2/try5_sdk/mb_usb_hdmi_top/microblaze_0/standalone_microblaze_0/bsp/system.mss
TRACE::2024-11-08.08:42:10::SCWMssOS::Opened the sw design from mss  C:/Users/realk/Desktop/ece385/ECE385/lab7_2/try5_sdk/mb_usb_hdmi_top/microblaze_0/standalone_microblaze_0/bsp/system.mss
TRACE::2024-11-08.08:42:10::SCWMssOS::Adding the swdes entry C:/Users/realk/Desktop/ece385/ECE385/lab7_2/try5_sdk/mb_usb_hdmi_top/microblaze_0/standalone_microblaze_0/bsp/system.mss with des name system
TRACE::2024-11-08.08:42:10::SCWMssOS::updating the scw layer about changes
TRACE::2024-11-08.08:42:10::SCWMssOS::Opened the sw design.  C:/Users/realk/Desktop/ece385/ECE385/lab7_2/try5_sdk/mb_usb_hdmi_top/microblaze_0/standalone_microblaze_0/bsp/system.mss
TRACE::2024-11-08.08:42:10::SCWMssOS::Saving the mss changes C:/Users/realk/Desktop/ece385/ECE385/lab7_2/try5_sdk/mb_usb_hdmi_top/microblaze_0/standalone_microblaze_0/bsp/system.mss
TRACE::2024-11-08.08:42:10::SCWMssOS::Found a swdesign opened with the mssfile.
TRACE::2024-11-08.08:42:10::SCWMssOS::Completed writemss as part of save.
TRACE::2024-11-08.08:42:10::SCWMssOS::Commit changes completed.
TRACE::2024-11-08.08:42:10::SCWReader::Adding prebuilt librarypaths as   
TRACE::2024-11-08.08:42:10::SCWReader::Adding prebuilt incpaths  as   
TRACE::2024-11-08.08:42:10::SCWPlatform::Trying to open the hw design at C:/Users/realk/Desktop/ece385/ECE385/lab7_2/try5_sdk/mb_usb_hdmi_top/hw/mb_usb_hdmi_top.xsa
TRACE::2024-11-08.08:42:10::SCWPlatform::DSA given C:/Users/realk/Desktop/ece385/ECE385/lab7_2/try5_sdk/mb_usb_hdmi_top/hw/mb_usb_hdmi_top.xsa
TRACE::2024-11-08.08:42:10::SCWPlatform::DSA absoulate path C:/Users/realk/Desktop/ece385/ECE385/lab7_2/try5_sdk/mb_usb_hdmi_top/hw/mb_usb_hdmi_top.xsa
TRACE::2024-11-08.08:42:10::SCWPlatform::DSA directory C:/Users/realk/Desktop/ece385/ECE385/lab7_2/try5_sdk/mb_usb_hdmi_top/hw
TRACE::2024-11-08.08:42:10::SCWPlatform:: Platform Path C:/Users/realk/Desktop/ece385/ECE385/lab7_2/try5_sdk/mb_usb_hdmi_top/hw/mb_usb_hdmi_top.xsa
TRACE::2024-11-08.08:42:10::SCWPlatform:: Unique name xilinx:::0.0
TRACE::2024-11-08.08:42:10::SCWPlatform::Trying to set the existing hwdb with name mb_usb_hdmi_top_64
TRACE::2024-11-08.08:42:10::SCWPlatform::Opened existing hwdb mb_usb_hdmi_top_64
TRACE::2024-11-08.08:42:10::SCWPlatform::Found the Hw Db part of the input DSA
TRACE::2024-11-08.08:42:10::SCWMssOS::Checking the sw design at  C:/Users/realk/Desktop/ece385/ECE385/lab7_2/try5_sdk/mb_usb_hdmi_top/microblaze_0/standalone_microblaze_0/bsp/system.mss
TRACE::2024-11-08.08:42:10::SCWMssOS::DEBUG:  swdes dump  C:/Users/realk/Desktop/ece385/ECE385/lab7_2/try5_sdk/mb_usb_hdmi_top/microblaze_0/standalone_microblaze_0/bsp/system.mss|system||

TRACE::2024-11-08.08:42:10::SCWMssOS::Sw design exists and opened at  C:/Users/realk/Desktop/ece385/ECE385/lab7_2/try5_sdk/mb_usb_hdmi_top/microblaze_0/standalone_microblaze_0/bsp/system.mss
TRACE::2024-11-08.08:42:10::SCWReader::No isolation master present  
TRACE::2024-11-08.08:42:13::SCWPlatform::DSA given C:/Users/realk/Desktop/ece385/ECE385/lab7_2/try5_sdk/mb_usb_hdmi_top/tempdsa/mb_usb_hdmi_top.xsa
TRACE::2024-11-08.08:42:13::SCWPlatform::DSA absoulate path C:/Users/realk/Desktop/ece385/ECE385/lab7_2/try5_sdk/mb_usb_hdmi_top/tempdsa/mb_usb_hdmi_top.xsa
TRACE::2024-11-08.08:42:13::SCWPlatform:: Platform location is C:/Users/realk/Desktop/ece385/ECE385/lab7_2/try5_sdk/mb_usb_hdmi_top/tempdsa
TRACE::2024-11-08.08:42:13::SCWPlatform:: Platform Path C:/Users/realk/Desktop/ece385/ECE385/lab7_2/try5_sdk/mb_usb_hdmi_top/tempdsa/mb_usb_hdmi_top.xsa
TRACE::2024-11-08.08:42:13::SCWPlatform:: Unique name xilinx:::0.0
TRACE::2024-11-08.08:42:13::SCWPlatform::Found the Hw Db part of the input DSA
TRACE::2024-11-08.08:42:13::SCWMssOS::Doing hw sync for the mss in domain: standalone_microblaze_0
TRACE::2024-11-08.08:42:13::SCWPlatform::Trying to open the hw design at C:/Users/realk/Desktop/ece385/ECE385/lab7_2/try5_sdk/mb_usb_hdmi_top/hw/mb_usb_hdmi_top.xsa
TRACE::2024-11-08.08:42:13::SCWPlatform::DSA given C:/Users/realk/Desktop/ece385/ECE385/lab7_2/try5_sdk/mb_usb_hdmi_top/hw/mb_usb_hdmi_top.xsa
TRACE::2024-11-08.08:42:13::SCWPlatform::DSA absoulate path C:/Users/realk/Desktop/ece385/ECE385/lab7_2/try5_sdk/mb_usb_hdmi_top/hw/mb_usb_hdmi_top.xsa
TRACE::2024-11-08.08:42:13::SCWPlatform::DSA directory C:/Users/realk/Desktop/ece385/ECE385/lab7_2/try5_sdk/mb_usb_hdmi_top/hw
TRACE::2024-11-08.08:42:13::SCWPlatform:: Platform Path C:/Users/realk/Desktop/ece385/ECE385/lab7_2/try5_sdk/mb_usb_hdmi_top/hw/mb_usb_hdmi_top.xsa
TRACE::2024-11-08.08:42:13::SCWPlatform:: Unique name xilinx:::0.0
TRACE::2024-11-08.08:42:13::SCWPlatform::Trying to set the existing hwdb with name mb_usb_hdmi_top_64
TRACE::2024-11-08.08:42:13::SCWPlatform::Opened existing hwdb mb_usb_hdmi_top_64
TRACE::2024-11-08.08:42:13::SCWPlatform::Found the Hw Db part of the input DSA
TRACE::2024-11-08.08:42:13::SCWPlatform::Trying to open the hw design at C:/Users/realk/Desktop/ece385/ECE385/lab7_2/try5_sdk/mb_usb_hdmi_top/hw/mb_usb_hdmi_top.xsa
TRACE::2024-11-08.08:42:13::SCWPlatform::DSA given C:/Users/realk/Desktop/ece385/ECE385/lab7_2/try5_sdk/mb_usb_hdmi_top/hw/mb_usb_hdmi_top.xsa
TRACE::2024-11-08.08:42:13::SCWPlatform::DSA absoulate path C:/Users/realk/Desktop/ece385/ECE385/lab7_2/try5_sdk/mb_usb_hdmi_top/hw/mb_usb_hdmi_top.xsa
TRACE::2024-11-08.08:42:13::SCWPlatform::DSA directory C:/Users/realk/Desktop/ece385/ECE385/lab7_2/try5_sdk/mb_usb_hdmi_top/hw
TRACE::2024-11-08.08:42:13::SCWPlatform:: Platform Path C:/Users/realk/Desktop/ece385/ECE385/lab7_2/try5_sdk/mb_usb_hdmi_top/hw/mb_usb_hdmi_top.xsa
TRACE::2024-11-08.08:42:13::SCWPlatform:: Unique name xilinx:::0.0
TRACE::2024-11-08.08:42:13::SCWPlatform::Trying to set the existing hwdb with name mb_usb_hdmi_top_64
TRACE::2024-11-08.08:42:13::SCWPlatform::Opened existing hwdb mb_usb_hdmi_top_64
TRACE::2024-11-08.08:42:13::SCWPlatform::Found the Hw Db part of the input DSA
TRACE::2024-11-08.08:42:13::SCWMssOS::Checking the sw design at  C:/Users/realk/Desktop/ece385/ECE385/lab7_2/try5_sdk/mb_usb_hdmi_top/microblaze_0/standalone_microblaze_0/bsp/system.mss
TRACE::2024-11-08.08:42:13::SCWMssOS::DEBUG:  swdes dump  C:/Users/realk/Desktop/ece385/ECE385/lab7_2/try5_sdk/mb_usb_hdmi_top/microblaze_0/standalone_microblaze_0/bsp/system.mss|system||

TRACE::2024-11-08.08:42:13::SCWMssOS::Sw design exists and opened at  C:/Users/realk/Desktop/ece385/ECE385/lab7_2/try5_sdk/mb_usb_hdmi_top/microblaze_0/standalone_microblaze_0/bsp/system.mss
TRACE::2024-11-08.08:42:13::SCWPlatform::Trying to open the hw design at C:/Users/realk/Desktop/ece385/ECE385/lab7_2/try5_sdk/mb_usb_hdmi_top/tempdsa/mb_usb_hdmi_top.xsa
TRACE::2024-11-08.08:42:13::SCWPlatform::DSA given C:/Users/realk/Desktop/ece385/ECE385/lab7_2/try5_sdk/mb_usb_hdmi_top/tempdsa/mb_usb_hdmi_top.xsa
TRACE::2024-11-08.08:42:13::SCWPlatform::DSA absoulate path C:/Users/realk/Desktop/ece385/ECE385/lab7_2/try5_sdk/mb_usb_hdmi_top/tempdsa/mb_usb_hdmi_top.xsa
TRACE::2024-11-08.08:42:13::SCWPlatform::DSA directory C:/Users/realk/Desktop/ece385/ECE385/lab7_2/try5_sdk/mb_usb_hdmi_top/tempdsa
TRACE::2024-11-08.08:42:13::SCWPlatform:: Platform Path C:/Users/realk/Desktop/ece385/ECE385/lab7_2/try5_sdk/mb_usb_hdmi_top/tempdsa/mb_usb_hdmi_top.xsa
TRACE::2024-11-08.08:42:13::SCWPlatform:: Unique name xilinx:::0.0
TRACE::2024-11-08.08:42:13::SCWPlatform::update - Opened existing hwdb mb_usb_hdmi_top_65
TRACE::2024-11-08.08:42:13::SCWPlatform::Found the Hw Db part of the input DSA
TRACE::2024-11-08.08:42:13::SCWMssOS::Saving the mss changes C:/Users/realk/Desktop/ece385/ECE385/lab7_2/try5_sdk/mb_usb_hdmi_top/microblaze_0/standalone_microblaze_0/bsp/system.mss
TRACE::2024-11-08.08:42:13::SCWMssOS::Found a swdesign opened with the mssfile.
TRACE::2024-11-08.08:42:13::SCWMssOS::Completed writemss as part of save.
TRACE::2024-11-08.08:42:13::SCWMssOS::Commit changes completed.
TRACE::2024-11-08.08:42:13::SCWMssOS::Completed hw sync for the mss in domain: standalone_microblaze_0
TRACE::2024-11-08.08:42:13::SCWMssOS::Removing the swdes entry for  C:/Users/realk/Desktop/ece385/ECE385/lab7_2/try5_sdk/mb_usb_hdmi_top/microblaze_0/standalone_microblaze_0/bsp/system.mss
TRACE::2024-11-08.08:42:13::SCWPlatform::Trying to open the hw design at C:/Users/realk/Desktop/ece385/ECE385/lab7_2/try5_sdk/mb_usb_hdmi_top/hw/mb_usb_hdmi_top.xsa
TRACE::2024-11-08.08:42:13::SCWPlatform::DSA given C:/Users/realk/Desktop/ece385/ECE385/lab7_2/try5_sdk/mb_usb_hdmi_top/hw/mb_usb_hdmi_top.xsa
TRACE::2024-11-08.08:42:13::SCWPlatform::DSA absoulate path C:/Users/realk/Desktop/ece385/ECE385/lab7_2/try5_sdk/mb_usb_hdmi_top/hw/mb_usb_hdmi_top.xsa
TRACE::2024-11-08.08:42:13::SCWPlatform::DSA directory C:/Users/realk/Desktop/ece385/ECE385/lab7_2/try5_sdk/mb_usb_hdmi_top/hw
TRACE::2024-11-08.08:42:13::SCWPlatform:: Platform Path C:/Users/realk/Desktop/ece385/ECE385/lab7_2/try5_sdk/mb_usb_hdmi_top/hw/mb_usb_hdmi_top.xsa
TRACE::2024-11-08.08:42:13::SCWPlatform:: Unique name xilinx:::0.0
TRACE::2024-11-08.08:42:13::SCWPlatform::Do not have an existing db opened. 
TRACE::2024-11-08.08:42:13::SCWPlatform::Opened new HwDB with name mb_usb_hdmi_top_66
TRACE::2024-11-08.08:42:13::SCWMssOS::Saving the mss changes C:/Users/realk/Desktop/ece385/ECE385/lab7_2/try5_sdk/mb_usb_hdmi_top/microblaze_0/standalone_microblaze_0/bsp/system.mss
TRACE::2024-11-08.08:42:13::SCWMssOS::Adding the swdes entry, mss present, able to open swdb C:/Users/realk/Desktop/ece385/ECE385/lab7_2/try5_sdk/mb_usb_hdmi_top/microblaze_0/standalone_microblaze_0/bsp/system.mss with des name system
TRACE::2024-11-08.08:42:13::SCWMssOS::Writing the mss file completed C:/Users/realk/Desktop/ece385/ECE385/lab7_2/try5_sdk/mb_usb_hdmi_top/microblaze_0/standalone_microblaze_0/bsp/system.mss
TRACE::2024-11-08.08:42:13::SCWMssOS::Commit changes completed.
TRACE::2024-11-08.08:42:13::SCWPlatform::Trying to open the hw design at C:/Users/realk/Desktop/ece385/ECE385/lab7_2/try5_sdk/mb_usb_hdmi_top/hw/mb_usb_hdmi_top.xsa
TRACE::2024-11-08.08:42:13::SCWPlatform::DSA given C:/Users/realk/Desktop/ece385/ECE385/lab7_2/try5_sdk/mb_usb_hdmi_top/hw/mb_usb_hdmi_top.xsa
TRACE::2024-11-08.08:42:13::SCWPlatform::DSA absoulate path C:/Users/realk/Desktop/ece385/ECE385/lab7_2/try5_sdk/mb_usb_hdmi_top/hw/mb_usb_hdmi_top.xsa
TRACE::2024-11-08.08:42:13::SCWPlatform::DSA directory C:/Users/realk/Desktop/ece385/ECE385/lab7_2/try5_sdk/mb_usb_hdmi_top/hw
TRACE::2024-11-08.08:42:13::SCWPlatform:: Platform Path C:/Users/realk/Desktop/ece385/ECE385/lab7_2/try5_sdk/mb_usb_hdmi_top/hw/mb_usb_hdmi_top.xsa
TRACE::2024-11-08.08:42:13::SCWPlatform:: Unique name xilinx:::0.0
TRACE::2024-11-08.08:42:13::SCWPlatform::Trying to set the existing hwdb with name mb_usb_hdmi_top_66
TRACE::2024-11-08.08:42:13::SCWPlatform::Opened existing hwdb mb_usb_hdmi_top_66
TRACE::2024-11-08.08:42:13::SCWPlatform::Found the Hw Db part of the input DSA
TRACE::2024-11-08.08:42:13::SCWMssOS::Checking the sw design at  C:/Users/realk/Desktop/ece385/ECE385/lab7_2/try5_sdk/mb_usb_hdmi_top/microblaze_0/standalone_microblaze_0/bsp/system.mss
TRACE::2024-11-08.08:42:13::SCWMssOS::DEBUG:  swdes dump  C:/Users/realk/Desktop/ece385/ECE385/lab7_2/try5_sdk/mb_usb_hdmi_top/microblaze_0/standalone_microblaze_0/bsp/system.mss|system||

TRACE::2024-11-08.08:42:13::SCWMssOS::Sw design exists and opened at  C:/Users/realk/Desktop/ece385/ECE385/lab7_2/try5_sdk/mb_usb_hdmi_top/microblaze_0/standalone_microblaze_0/bsp/system.mss
TRACE::2024-11-08.08:42:13::SCWWriter::formatted JSON is {
	"platformName":	"mb_usb_hdmi_top",
	"sprVersion":	"2.0",
	"mode":	"gui",
	"dsaType":	"Fixed",
	"platformDesc":	"mb_usb_hdmi_top",
	"platHandOff":	"C:/Users/realk/Desktop/ece385/ECE385/lab7_2/mb_usb_hdmi_top.xsa",
	"platIntHandOff":	"<platformDir>/hw/mb_usb_hdmi_top.xsa",
	"deviceType":	"FPGA",
	"platIsPrebuiltAutogen":	"false",
	"platIsNoBootBsp":	"false",
	"hasFsblMakeHasChanges":	"false",
	"hasPmufwMakeHasChanges":	"false",
	"platPreBuiltFlag":	false,
	"platformSamplesDir":	"",
	"platActiveSys":	"mb_usb_hdmi_top",
	"systems":	[{
			"systemName":	"mb_usb_hdmi_top",
			"systemDesc":	"mb_usb_hdmi_top",
			"sysIsBootAutoGen":	"true",
			"systemDispName":	"mb_usb_hdmi_top",
			"sysActiveDom":	"standalone_microblaze_0",
			"sysDefaultDom":	"standalone_microblaze_0",
			"domains":	[{
					"domainName":	"standalone_microblaze_0",
					"domainDispName":	"standalone_microblaze_0",
					"domainDesc":	"standalone_microblaze_0",
					"processors":	"microblaze_0",
					"os":	"standalone",
					"sdxOs":	"standalone",
					"debugEnable":	"False",
					"domRuntimes":	["cpp"],
					"swRepo":	"",
					"mssOsVer":	"8.0",
					"mssFile":	"",
					"md5Digest":	"5422c1e5be4ae93f4de8c50507402f2a1",
					"compatibleApp":	"",
					"domType":	"mssDomain",
					"arch":	"32-bit",
					"appSettings":	{
						"appCompilerFlags":	"",
						"appLinkerFlags":	""
					},
					"addedLibs":	[],
					"libOptions":	{
						"libsContainingOptions":	[]
					},
					"prebuiltLibs":	{
						"prebuiltIncPath":	[],
						"prebuiltLibPath":	[]
					},
					"isolation":	{
					}
				}]
		}]
}
TRACE::2024-11-08.08:42:22::SCWMssOS::cleaning the bsp 
TRACE::2024-11-08.08:42:22::SCWMssOS::System Command Ran  C: & cd  C:/Users/realk/Desktop/ece385/ECE385/lab7_2/try5_sdk/mb_usb_hdmi_top/microblaze_0/standalone_microblaze_0/bsp & make clean 
TRACE::2024-11-08.08:42:22::SCWMssOS::make -C microblaze_0/libsrc/bram_v4_8/src -s clean 

TRACE::2024-11-08.08:42:22::SCWMssOS::make -C microblaze_0/libsrc/cpu_v2_16/src -s clean 

TRACE::2024-11-08.08:42:22::SCWMssOS::make -C microblaze_0/libsrc/intc_v3_15/src -s clean 

TRACE::2024-11-08.08:42:22::SCWMssOS::make -C microblaze_0/libsrc/standalone_v8_0/src -s clean 

TRACE::2024-11-08.08:42:23::SCWMssOS::make -C microblaze_0/libsrc/uartlite_v3_7/src -s clean 

TRACE::2024-11-08.08:42:23::SCWMssOS::rm -f microblaze_0/lib/libxil.a

LOG::2024-11-08.08:42:32::SCWPlatform::Started generating the artifacts platform mb_usb_hdmi_top
TRACE::2024-11-08.08:42:32::SCWPlatform::Sanity checking of platform is completed
LOG::2024-11-08.08:42:32::SCWPlatform::Started generating the artifacts for system configuration mb_usb_hdmi_top
LOG::2024-11-08.08:42:32::SCWSystem::Checking the domain standalone_microblaze_0
LOG::2024-11-08.08:42:32::SCWSystem::Not a boot domain 
LOG::2024-11-08.08:42:32::SCWSystem::Started Processing the domain standalone_microblaze_0
TRACE::2024-11-08.08:42:32::SCWDomain::Generating domain artifcats
TRACE::2024-11-08.08:42:32::SCWMssOS::Generating standalone artifcats
TRACE::2024-11-08.08:42:32::SCWMssOS:: Copying the user libraries. 
TRACE::2024-11-08.08:42:32::SCWPlatform::Trying to open the hw design at C:/Users/realk/Desktop/ece385/ECE385/lab7_2/try5_sdk/mb_usb_hdmi_top/hw/mb_usb_hdmi_top.xsa
TRACE::2024-11-08.08:42:32::SCWPlatform::DSA given C:/Users/realk/Desktop/ece385/ECE385/lab7_2/try5_sdk/mb_usb_hdmi_top/hw/mb_usb_hdmi_top.xsa
TRACE::2024-11-08.08:42:32::SCWPlatform::DSA absoulate path C:/Users/realk/Desktop/ece385/ECE385/lab7_2/try5_sdk/mb_usb_hdmi_top/hw/mb_usb_hdmi_top.xsa
TRACE::2024-11-08.08:42:32::SCWPlatform::DSA directory C:/Users/realk/Desktop/ece385/ECE385/lab7_2/try5_sdk/mb_usb_hdmi_top/hw
TRACE::2024-11-08.08:42:32::SCWPlatform:: Platform Path C:/Users/realk/Desktop/ece385/ECE385/lab7_2/try5_sdk/mb_usb_hdmi_top/hw/mb_usb_hdmi_top.xsa
TRACE::2024-11-08.08:42:32::SCWPlatform:: Unique name xilinx:::0.0
TRACE::2024-11-08.08:42:32::SCWPlatform::Trying to set the existing hwdb with name mb_usb_hdmi_top_66
TRACE::2024-11-08.08:42:32::SCWPlatform::Opened existing hwdb mb_usb_hdmi_top_66
TRACE::2024-11-08.08:42:32::SCWPlatform::Found the Hw Db part of the input DSA
TRACE::2024-11-08.08:42:32::SCWMssOS::Checking the sw design at  C:/Users/realk/Desktop/ece385/ECE385/lab7_2/try5_sdk/mb_usb_hdmi_top/microblaze_0/standalone_microblaze_0/bsp/system.mss
TRACE::2024-11-08.08:42:32::SCWMssOS::DEBUG:  swdes dump  C:/Users/realk/Desktop/ece385/ECE385/lab7_2/try5_sdk/mb_usb_hdmi_top/microblaze_0/standalone_microblaze_0/bsp/system.mss|system||

TRACE::2024-11-08.08:42:32::SCWMssOS::Sw design exists and opened at  C:/Users/realk/Desktop/ece385/ECE385/lab7_2/try5_sdk/mb_usb_hdmi_top/microblaze_0/standalone_microblaze_0/bsp/system.mss
TRACE::2024-11-08.08:42:32::SCWMssOS::Completed writing the mss file at C:/Users/realk/Desktop/ece385/ECE385/lab7_2/try5_sdk/mb_usb_hdmi_top/microblaze_0/standalone_microblaze_0/bsp
TRACE::2024-11-08.08:42:32::SCWMssOS::Mss edits present, copying mssfile into export location C:/Users/realk/Desktop/ece385/ECE385/lab7_2/try5_sdk/mb_usb_hdmi_top/microblaze_0/standalone_microblaze_0/bsp/system.mss
TRACE::2024-11-08.08:42:32::SCWMssOS::bsp generated is stale removing and regenerating. 
TRACE::2024-11-08.08:42:34::SCWMssOS::doing bsp build ... 
TRACE::2024-11-08.08:42:34::SCWMssOS::System Command Ran  C: & cd  C:/Users/realk/Desktop/ece385/ECE385/lab7_2/try5_sdk/mb_usb_hdmi_top/microblaze_0/standalone_microblaze_0/bsp & make 
TRACE::2024-11-08.08:42:34::SCWMssOS::make --no-print-directory seq_libs

TRACE::2024-11-08.08:42:34::SCWMssOS::'Finished building libraries sequentially.'

TRACE::2024-11-08.08:42:34::SCWMssOS::make -j 14 --no-print-directory par_libs

TRACE::2024-11-08.08:42:34::SCWMssOS::"Running Make include in microblaze_0/libsrc/bram_v4_8/src"

TRACE::2024-11-08.08:42:34::SCWMssOS::make -C microblaze_0/libsrc/bram_v4_8/src -s include  "SHELL=CMD" "COMPILER=mb-gcc" "ASSEMBLER=mb-as" "ARCHIVER=mb-ar" "COMPILE
TRACE::2024-11-08.08:42:34::SCWMssOS::R_FLAGS=  -O2 -c -mcpu=v11.0 -mlittle-endian -mno-xl-reorder -mno-xl-soft-mul -mxl-barrel-shift -mxl-pattern-compare" "EXTRA_CO
TRACE::2024-11-08.08:42:34::SCWMssOS::MPILER_FLAGS=-g -ffunction-sections -fdata-sections -Wall -Wextra -fno-tree-loop-distribute-patterns"

TRACE::2024-11-08.08:42:34::SCWMssOS::"Running Make include in microblaze_0/libsrc/cpu_v2_16/src"

TRACE::2024-11-08.08:42:34::SCWMssOS::make -C microblaze_0/libsrc/cpu_v2_16/src -s include  "SHELL=CMD" "COMPILER=mb-gcc" "ASSEMBLER=mb-as" "ARCHIVER=mb-ar" "COMPILE
TRACE::2024-11-08.08:42:34::SCWMssOS::R_FLAGS=  -O2 -c -mcpu=v11.0 -mlittle-endian -mno-xl-reorder -mno-xl-soft-mul -mxl-barrel-shift -mxl-pattern-compare" "EXTRA_CO
TRACE::2024-11-08.08:42:34::SCWMssOS::MPILER_FLAGS=-g -ffunction-sections -fdata-sections -Wall -Wextra -fno-tree-loop-distribute-patterns"

TRACE::2024-11-08.08:42:34::SCWMssOS::"Running Make include in microblaze_0/libsrc/intc_v3_15/src"

TRACE::2024-11-08.08:42:34::SCWMssOS::make -C microblaze_0/libsrc/intc_v3_15/src -s include  "SHELL=CMD" "COMPILER=mb-gcc" "ASSEMBLER=mb-as" "ARCHIVER=mb-ar" "COMPIL
TRACE::2024-11-08.08:42:34::SCWMssOS::ER_FLAGS=  -O2 -c -mcpu=v11.0 -mlittle-endian -mno-xl-reorder -mno-xl-soft-mul -mxl-barrel-shift -mxl-pattern-compare" "EXTRA_C
TRACE::2024-11-08.08:42:34::SCWMssOS::OMPILER_FLAGS=-g -ffunction-sections -fdata-sections -Wall -Wextra -fno-tree-loop-distribute-patterns"

TRACE::2024-11-08.08:42:34::SCWMssOS::"Running Make include in microblaze_0/libsrc/standalone_v8_0/src"

TRACE::2024-11-08.08:42:34::SCWMssOS::make -C microblaze_0/libsrc/standalone_v8_0/src -s include  "SHELL=CMD" "COMPILER=mb-gcc" "ASSEMBLER=mb-as" "ARCHIVER=mb-ar" "C
TRACE::2024-11-08.08:42:34::SCWMssOS::OMPILER_FLAGS=  -O2 -c -mcpu=v11.0 -mlittle-endian -mno-xl-reorder -mno-xl-soft-mul -mxl-barrel-shift -mxl-pattern-compare" "EX
TRACE::2024-11-08.08:42:34::SCWMssOS::TRA_COMPILER_FLAGS=-g -ffunction-sections -fdata-sections -Wall -Wextra -fno-tree-loop-distribute-patterns"

TRACE::2024-11-08.08:42:34::SCWMssOS::"Running Make include in microblaze_0/libsrc/uartlite_v3_7/src"

TRACE::2024-11-08.08:42:34::SCWMssOS::make -C microblaze_0/libsrc/uartlite_v3_7/src -s include  "SHELL=CMD" "COMPILER=mb-gcc" "ASSEMBLER=mb-as" "ARCHIVER=mb-ar" "COM
TRACE::2024-11-08.08:42:34::SCWMssOS::PILER_FLAGS=  -O2 -c -mcpu=v11.0 -mlittle-endian -mno-xl-reorder -mno-xl-soft-mul -mxl-barrel-shift -mxl-pattern-compare" "EXTR
TRACE::2024-11-08.08:42:34::SCWMssOS::A_COMPILER_FLAGS=-g -ffunction-sections -fdata-sections -Wall -Wextra -fno-tree-loop-distribute-patterns"

TRACE::2024-11-08.08:42:34::SCWMssOS::"Running Make libs in microblaze_0/libsrc/bram_v4_8/src"

TRACE::2024-11-08.08:42:34::SCWMssOS::make -C microblaze_0/libsrc/bram_v4_8/src -s libs  "SHELL=CMD" "COMPILER=mb-gcc" "ASSEMBLER=mb-as" "ARCHIVER=mb-ar" "COMPILER_F
TRACE::2024-11-08.08:42:34::SCWMssOS::LAGS=  -O2 -c -mcpu=v11.0 -mlittle-endian -mno-xl-reorder -mno-xl-soft-mul -mxl-barrel-shift -mxl-pattern-compare" "EXTRA_COMPI
TRACE::2024-11-08.08:42:34::SCWMssOS::LER_FLAGS=-g -ffunction-sections -fdata-sections -Wall -Wextra -fno-tree-loop-distribute-patterns"

TRACE::2024-11-08.08:42:34::SCWMssOS::"Running Make libs in microblaze_0/libsrc/cpu_v2_16/src"

TRACE::2024-11-08.08:42:35::SCWMssOS::make -C microblaze_0/libsrc/cpu_v2_16/src -s libs  "SHELL=CMD" "COMPILER=mb-gcc" "ASSEMBLER=mb-as" "ARCHIVER=mb-ar" "COMPILER_F
TRACE::2024-11-08.08:42:35::SCWMssOS::LAGS=  -O2 -c -mcpu=v11.0 -mlittle-endian -mno-xl-reorder -mno-xl-soft-mul -mxl-barrel-shift -mxl-pattern-compare" "EXTRA_COMPI
TRACE::2024-11-08.08:42:35::SCWMssOS::LER_FLAGS=-g -ffunction-sections -fdata-sections -Wall -Wextra -fno-tree-loop-distribute-patterns"

TRACE::2024-11-08.08:42:35::SCWMssOS::"Running Make libs in microblaze_0/libsrc/intc_v3_15/src"

TRACE::2024-11-08.08:42:35::SCWMssOS::make -C microblaze_0/libsrc/intc_v3_15/src -s libs  "SHELL=CMD" "COMPILER=mb-gcc" "ASSEMBLER=mb-as" "ARCHIVER=mb-ar" "COMPILER_
TRACE::2024-11-08.08:42:35::SCWMssOS::FLAGS=  -O2 -c -mcpu=v11.0 -mlittle-endian -mno-xl-reorder -mno-xl-soft-mul -mxl-barrel-shift -mxl-pattern-compare" "EXTRA_COMP
TRACE::2024-11-08.08:42:35::SCWMssOS::ILER_FLAGS=-g -ffunction-sections -fdata-sections -Wall -Wextra -fno-tree-loop-distribute-patterns"

TRACE::2024-11-08.08:42:35::SCWMssOS::"Running Make libs in microblaze_0/libsrc/standalone_v8_0/src"

TRACE::2024-11-08.08:42:35::SCWMssOS::make -C microblaze_0/libsrc/standalone_v8_0/src -s libs  "SHELL=CMD" "COMPILER=mb-gcc" "ASSEMBLER=mb-as" "ARCHIVER=mb-ar" "COMP
TRACE::2024-11-08.08:42:35::SCWMssOS::ILER_FLAGS=  -O2 -c -mcpu=v11.0 -mlittle-endian -mno-xl-reorder -mno-xl-soft-mul -mxl-barrel-shift -mxl-pattern-compare" "EXTRA
TRACE::2024-11-08.08:42:35::SCWMssOS::_COMPILER_FLAGS=-g -ffunction-sections -fdata-sections -Wall -Wextra -fno-tree-loop-distribute-patterns"

TRACE::2024-11-08.08:42:35::SCWMssOS::"Running Make libs in microblaze_0/libsrc/uartlite_v3_7/src"

TRACE::2024-11-08.08:42:35::SCWMssOS::make -C microblaze_0/libsrc/uartlite_v3_7/src -s libs  "SHELL=CMD" "COMPILER=mb-gcc" "ASSEMBLER=mb-as" "ARCHIVER=mb-ar" "COMPIL
TRACE::2024-11-08.08:42:35::SCWMssOS::ER_FLAGS=  -O2 -c -mcpu=v11.0 -mlittle-endian -mno-xl-reorder -mno-xl-soft-mul -mxl-barrel-shift -mxl-pattern-compare" "EXTRA_C
TRACE::2024-11-08.08:42:35::SCWMssOS::OMPILER_FLAGS=-g -ffunction-sections -fdata-sections -Wall -Wextra -fno-tree-loop-distribute-patterns"

TRACE::2024-11-08.08:42:38::SCWMssOS::"DEBUG NON_LTO_OBJECTS is ../../../lib/microblaze_interrupt_handler.o"

TRACE::2024-11-08.08:42:38::SCWMssOS::'Finished building libraries parallelly.'

TRACE::2024-11-08.08:42:38::SCWMssOS::make --no-print-directory archive

TRACE::2024-11-08.08:42:38::SCWMssOS::mb-ar -r  microblaze_0/lib/libxil.a microblaze_0/lib/_exit.o microblaze_0/lib/errno.o microblaze_0/lib/fcntl.o microblaze_0/lib
TRACE::2024-11-08.08:42:38::SCWMssOS::/hw_exception_handler.o microblaze_0/lib/inbyte.o microblaze_0/lib/microblaze_disable_dcache.o microblaze_0/lib/microblaze_disa
TRACE::2024-11-08.08:42:38::SCWMssOS::ble_exceptions.o microblaze_0/lib/microblaze_disable_icache.o microblaze_0/lib/microblaze_disable_interrupts.o microblaze_0/lib
TRACE::2024-11-08.08:42:38::SCWMssOS::/microblaze_enable_dcache.o microblaze_0/lib/microblaze_enable_exceptions.o microblaze_0/lib/microblaze_enable_icache.o microbl
TRACE::2024-11-08.08:42:38::SCWMssOS::aze_0/lib/microblaze_enable_interrupts.o microblaze_0/lib/microblaze_exception_handler.o microblaze_0/lib/microblaze_flush_cach
TRACE::2024-11-08.08:42:38::SCWMssOS::e_ext.o microblaze_0/lib/microblaze_flush_cache_ext_range.o microblaze_0/lib/microblaze_flush_dcache.o microblaze_0/lib/microbl
TRACE::2024-11-08.08:42:38::SCWMssOS::aze_flush_dcache_range.o microblaze_0/lib/microblaze_init_dcache_range.o microblaze_0/lib/microblaze_init_icache_range.o microb
TRACE::2024-11-08.08:42:38::SCWMssOS::laze_0/lib/microblaze_interrupt_handler.o microblaze_0/lib/microblaze_interrupts_g.o microblaze_0/lib/microblaze_invalidate_cac
TRACE::2024-11-08.08:42:38::SCWMssOS::he_ext.o microblaze_0/lib/microblaze_invalidate_cache_ext_range.o microblaze_0/lib/microblaze_invalidate_dcache.o microblaze_0/
TRACE::2024-11-08.08:42:38::SCWMssOS::lib/microblaze_invalidate_dcache_range.o microblaze_0/lib/microblaze_invalidate_icache.o microblaze_0/lib/microblaze_invalidate
TRACE::2024-11-08.08:42:38::SCWMssOS::_icache_range.o microblaze_0/lib/microblaze_scrub.o microblaze_0/lib/microblaze_selftest.o microblaze_0/lib/microblaze_sleep.o 
TRACE::2024-11-08.08:42:38::SCWMssOS::microblaze_0/lib/microblaze_update_dcache.o microblaze_0/lib/microblaze_update_icache.o microblaze_0/lib/outbyte.o microblaze_0
TRACE::2024-11-08.08:42:38::SCWMssOS::/lib/print.o microblaze_0/lib/pvr.o microblaze_0/lib/xbram.o microblaze_0/lib/xbram_g.o microblaze_0/lib/xbram_intr.o microblaz
TRACE::2024-11-08.08:42:38::SCWMssOS::e_0/lib/xbram_selftest.o microblaze_0/lib/xbram_sinit.o microblaze_0/lib/xil_assert.o microblaze_0/lib/xil_cache.o microblaze_0
TRACE::2024-11-08.08:42:38::SCWMssOS::/lib/xil_clocking.o microblaze_0/lib/xil_exception.o microblaze_0/lib/xil_mem.o microblaze_0/lib/xil_misc_psreset_api.o microbl
TRACE::2024-11-08.08:42:38::SCWMssOS::aze_0/lib/xil_printf.o microblaze_0/lib/xil_sleepcommon.o microblaze_0/lib/xil_testcache.o microblaze_0/lib/xil_testio.o microb
TRACE::2024-11-08.08:42:38::SCWMssOS::laze_0/lib/xil_testmem.o microblaze_0/lib/xil_util.o microblaze_0/lib/xintc.o microblaze_0/lib/xintc_g.o microblaze_0/lib/xintc
TRACE::2024-11-08.08:42:38::SCWMssOS::_intr.o microblaze_0/lib/xintc_l.o microblaze_0/lib/xintc_options.o microblaze_0/lib/xintc_selftest.o microblaze_0/lib/xinterru
TRACE::2024-11-08.08:42:38::SCWMssOS::pt_wrap.o microblaze_0/lib/xio.o microblaze_0/lib/xplatform_info.o microblaze_0/lib/xuartlite.o microblaze_0/lib/xuartlite_g.o 
TRACE::2024-11-08.08:42:38::SCWMssOS::microblaze_0/lib/xuartlite_intr.o microblaze_0/lib/xuartlite_l.o microblaze_0/lib/xuartlite_selftest.o microblaze_0/lib/xuartli
TRACE::2024-11-08.08:42:38::SCWMssOS::te_sinit.o microblaze_0/lib/xuartlite_stats.o

TRACE::2024-11-08.08:42:38::SCWMssOS::'Finished building libraries'

TRACE::2024-11-08.08:42:39::SCWMssOS:: Checking if to create the Supporting Applications
TRACE::2024-11-08.08:42:39::SCWMssOS:: No Linux domain exists, trying to generate FSBL 
LOG::2024-11-08.08:42:39::SCWSystem::Completed Processing the domain standalone_microblaze_0
LOG::2024-11-08.08:42:39::SCWSystem::Completed Processing the sysconfig mb_usb_hdmi_top
LOG::2024-11-08.08:42:39::SCWPlatform::Completed generating the artifacts for system configuration mb_usb_hdmi_top
TRACE::2024-11-08.08:42:39::SCWPlatform::Started preparing the platform 
TRACE::2024-11-08.08:42:39::SCWSystem::Writing the bif file for system config mb_usb_hdmi_top
TRACE::2024-11-08.08:42:39::SCWSystem::dir created 
TRACE::2024-11-08.08:42:39::SCWSystem::Writing the bif 
TRACE::2024-11-08.08:42:39::SCWPlatform::Started writing the spfm file 
TRACE::2024-11-08.08:42:39::SCWPlatform::Started writing the xpfm file 
TRACE::2024-11-08.08:42:39::SCWPlatform::Completed generating the platform
TRACE::2024-11-08.08:42:39::SCWMssOS::Saving the mss changes C:/Users/realk/Desktop/ece385/ECE385/lab7_2/try5_sdk/mb_usb_hdmi_top/microblaze_0/standalone_microblaze_0/bsp/system.mss
TRACE::2024-11-08.08:42:39::SCWMssOS::Adding the swdes entry, mss present, able to open swdb C:/Users/realk/Desktop/ece385/ECE385/lab7_2/try5_sdk/mb_usb_hdmi_top/microblaze_0/standalone_microblaze_0/bsp/system.mss with des name system
TRACE::2024-11-08.08:42:39::SCWMssOS::Writing the mss file completed C:/Users/realk/Desktop/ece385/ECE385/lab7_2/try5_sdk/mb_usb_hdmi_top/microblaze_0/standalone_microblaze_0/bsp/system.mss
TRACE::2024-11-08.08:42:39::SCWMssOS::Commit changes completed.
TRACE::2024-11-08.08:42:39::SCWPlatform::Trying to open the hw design at C:/Users/realk/Desktop/ece385/ECE385/lab7_2/try5_sdk/mb_usb_hdmi_top/hw/mb_usb_hdmi_top.xsa
TRACE::2024-11-08.08:42:39::SCWPlatform::DSA given C:/Users/realk/Desktop/ece385/ECE385/lab7_2/try5_sdk/mb_usb_hdmi_top/hw/mb_usb_hdmi_top.xsa
TRACE::2024-11-08.08:42:39::SCWPlatform::DSA absoulate path C:/Users/realk/Desktop/ece385/ECE385/lab7_2/try5_sdk/mb_usb_hdmi_top/hw/mb_usb_hdmi_top.xsa
TRACE::2024-11-08.08:42:39::SCWPlatform::DSA directory C:/Users/realk/Desktop/ece385/ECE385/lab7_2/try5_sdk/mb_usb_hdmi_top/hw
TRACE::2024-11-08.08:42:39::SCWPlatform:: Platform Path C:/Users/realk/Desktop/ece385/ECE385/lab7_2/try5_sdk/mb_usb_hdmi_top/hw/mb_usb_hdmi_top.xsa
TRACE::2024-11-08.08:42:39::SCWPlatform:: Unique name xilinx:::0.0
TRACE::2024-11-08.08:42:39::SCWPlatform::Trying to set the existing hwdb with name mb_usb_hdmi_top_66
TRACE::2024-11-08.08:42:39::SCWPlatform::Opened existing hwdb mb_usb_hdmi_top_66
TRACE::2024-11-08.08:42:39::SCWPlatform::Found the Hw Db part of the input DSA
TRACE::2024-11-08.08:42:39::SCWMssOS::Checking the sw design at  C:/Users/realk/Desktop/ece385/ECE385/lab7_2/try5_sdk/mb_usb_hdmi_top/microblaze_0/standalone_microblaze_0/bsp/system.mss
TRACE::2024-11-08.08:42:39::SCWMssOS::DEBUG:  swdes dump  C:/Users/realk/Desktop/ece385/ECE385/lab7_2/try5_sdk/mb_usb_hdmi_top/microblaze_0/standalone_microblaze_0/bsp/system.mss|system||

TRACE::2024-11-08.08:42:39::SCWMssOS::Sw design exists and opened at  C:/Users/realk/Desktop/ece385/ECE385/lab7_2/try5_sdk/mb_usb_hdmi_top/microblaze_0/standalone_microblaze_0/bsp/system.mss
TRACE::2024-11-08.08:42:39::SCWWriter::formatted JSON is {
	"platformName":	"mb_usb_hdmi_top",
	"sprVersion":	"2.0",
	"mode":	"gui",
	"dsaType":	"Fixed",
	"platformDesc":	"mb_usb_hdmi_top",
	"platHandOff":	"C:/Users/realk/Desktop/ece385/ECE385/lab7_2/mb_usb_hdmi_top.xsa",
	"platIntHandOff":	"<platformDir>/hw/mb_usb_hdmi_top.xsa",
	"deviceType":	"FPGA",
	"platIsPrebuiltAutogen":	"false",
	"platIsNoBootBsp":	"false",
	"hasFsblMakeHasChanges":	"false",
	"hasPmufwMakeHasChanges":	"false",
	"platPreBuiltFlag":	false,
	"platformSamplesDir":	"",
	"platActiveSys":	"mb_usb_hdmi_top",
	"systems":	[{
			"systemName":	"mb_usb_hdmi_top",
			"systemDesc":	"mb_usb_hdmi_top",
			"sysIsBootAutoGen":	"true",
			"systemDispName":	"mb_usb_hdmi_top",
			"sysActiveDom":	"standalone_microblaze_0",
			"sysDefaultDom":	"standalone_microblaze_0",
			"domains":	[{
					"domainName":	"standalone_microblaze_0",
					"domainDispName":	"standalone_microblaze_0",
					"domainDesc":	"standalone_microblaze_0",
					"processors":	"microblaze_0",
					"os":	"standalone",
					"sdxOs":	"standalone",
					"debugEnable":	"False",
					"domRuntimes":	["cpp"],
					"swRepo":	"",
					"mssOsVer":	"8.0",
					"mssFile":	"",
					"md5Digest":	"5422c1e5be4ae93f4de8c50507402f2a",
					"compatibleApp":	"",
					"domType":	"mssDomain",
					"arch":	"32-bit",
					"appSettings":	{
						"appCompilerFlags":	"",
						"appLinkerFlags":	""
					},
					"addedLibs":	[],
					"libOptions":	{
						"libsContainingOptions":	[]
					},
					"prebuiltLibs":	{
						"prebuiltIncPath":	[],
						"prebuiltLibPath":	[]
					},
					"isolation":	{
					}
				}]
		}]
}
KEYINFO::2024-11-08.08:42:39::SCWPlatform::updated the xpfm file.
TRACE::2024-11-08.08:42:40::SCWPlatform::Trying to open the hw design at C:/Users/realk/Desktop/ece385/ECE385/lab7_2/try5_sdk/mb_usb_hdmi_top/hw/mb_usb_hdmi_top.xsa
TRACE::2024-11-08.08:42:40::SCWPlatform::DSA given C:/Users/realk/Desktop/ece385/ECE385/lab7_2/try5_sdk/mb_usb_hdmi_top/hw/mb_usb_hdmi_top.xsa
TRACE::2024-11-08.08:42:40::SCWPlatform::DSA absoulate path C:/Users/realk/Desktop/ece385/ECE385/lab7_2/try5_sdk/mb_usb_hdmi_top/hw/mb_usb_hdmi_top.xsa
TRACE::2024-11-08.08:42:40::SCWPlatform::DSA directory C:/Users/realk/Desktop/ece385/ECE385/lab7_2/try5_sdk/mb_usb_hdmi_top/hw
TRACE::2024-11-08.08:42:40::SCWPlatform:: Platform Path C:/Users/realk/Desktop/ece385/ECE385/lab7_2/try5_sdk/mb_usb_hdmi_top/hw/mb_usb_hdmi_top.xsa
TRACE::2024-11-08.08:42:40::SCWPlatform:: Unique name xilinx:::0.0
TRACE::2024-11-08.08:42:40::SCWPlatform::Trying to set the existing hwdb with name mb_usb_hdmi_top_66
TRACE::2024-11-08.08:42:40::SCWPlatform::Opened existing hwdb mb_usb_hdmi_top_66
TRACE::2024-11-08.08:42:40::SCWPlatform::Found the Hw Db part of the input DSA
TRACE::2024-11-08.08:42:40::SCWMssOS::Checking the sw design at  C:/Users/realk/Desktop/ece385/ECE385/lab7_2/try5_sdk/mb_usb_hdmi_top/microblaze_0/standalone_microblaze_0/bsp/system.mss
TRACE::2024-11-08.08:42:40::SCWMssOS::DEBUG:  swdes dump  C:/Users/realk/Desktop/ece385/ECE385/lab7_2/try5_sdk/mb_usb_hdmi_top/microblaze_0/standalone_microblaze_0/bsp/system.mss|system||

TRACE::2024-11-08.08:42:40::SCWMssOS::Sw design exists and opened at  C:/Users/realk/Desktop/ece385/ECE385/lab7_2/try5_sdk/mb_usb_hdmi_top/microblaze_0/standalone_microblaze_0/bsp/system.mss
TRACE::2024-11-08.08:53:07::SCWPlatform::Clearing the existing platform
TRACE::2024-11-08.08:53:07::SCWSystem::Clearing the existing sysconfig
TRACE::2024-11-08.08:53:07::SCWMssOS::Removing the swdes entry for  C:/Users/realk/Desktop/ece385/ECE385/lab7_2/try5_sdk/mb_usb_hdmi_top/microblaze_0/standalone_microblaze_0/bsp/system.mss
TRACE::2024-11-08.08:53:07::SCWSystem::Clearing the domains completed.
TRACE::2024-11-08.08:53:07::SCWPlatform::Clearing the opened hw db.
TRACE::2024-11-08.08:53:07::SCWPlatform::DSA given C:/Users/realk/Desktop/ece385/ECE385/lab7_2/try5_sdk/mb_usb_hdmi_top/hw/mb_usb_hdmi_top.xsa
TRACE::2024-11-08.08:53:07::SCWPlatform::DSA absoulate path C:/Users/realk/Desktop/ece385/ECE385/lab7_2/try5_sdk/mb_usb_hdmi_top/hw/mb_usb_hdmi_top.xsa
TRACE::2024-11-08.08:53:07::SCWPlatform:: Platform location is C:/Users/realk/Desktop/ece385/ECE385/lab7_2/try5_sdk/mb_usb_hdmi_top/hw
TRACE::2024-11-08.08:53:07::SCWPlatform:: Platform Path C:/Users/realk/Desktop/ece385/ECE385/lab7_2/try5_sdk/mb_usb_hdmi_top/hw/mb_usb_hdmi_top.xsa
TRACE::2024-11-08.08:53:07::SCWPlatform:: Unique name xilinx:::0.0
TRACE::2024-11-08.08:53:07::SCWPlatform::Removing the HwDB with name C:/Users/realk/Desktop/ece385/ECE385/lab7_2/try5_sdk/mb_usb_hdmi_top/hw/mb_usb_hdmi_top.xsa
TRACE::2024-11-08.08:53:07::SCWPlatform::Trying to open the hw design at C:/Users/realk/Desktop/ece385/ECE385/lab7_2/try5_sdk/mb_usb_hdmi_top/hw/mb_usb_hdmi_top.xsa
TRACE::2024-11-08.08:53:07::SCWPlatform::DSA given C:/Users/realk/Desktop/ece385/ECE385/lab7_2/try5_sdk/mb_usb_hdmi_top/hw/mb_usb_hdmi_top.xsa
TRACE::2024-11-08.08:53:07::SCWPlatform::DSA absoulate path C:/Users/realk/Desktop/ece385/ECE385/lab7_2/try5_sdk/mb_usb_hdmi_top/hw/mb_usb_hdmi_top.xsa
TRACE::2024-11-08.08:53:07::SCWPlatform::DSA directory C:/Users/realk/Desktop/ece385/ECE385/lab7_2/try5_sdk/mb_usb_hdmi_top/hw
TRACE::2024-11-08.08:53:07::SCWPlatform:: Platform Path C:/Users/realk/Desktop/ece385/ECE385/lab7_2/try5_sdk/mb_usb_hdmi_top/hw/mb_usb_hdmi_top.xsa
TRACE::2024-11-08.08:53:07::SCWPlatform:: Unique name xilinx:::0.0
TRACE::2024-11-08.08:53:07::SCWPlatform::Do not have an existing db opened. 
TRACE::2024-11-08.08:53:07::SCWPlatform::Opened new HwDB with name mb_usb_hdmi_top_68
TRACE::2024-11-08.08:53:07::SCWReader::Active system found as  mb_usb_hdmi_top
TRACE::2024-11-08.08:53:07::SCWReader::Handling sysconfig mb_usb_hdmi_top
TRACE::2024-11-08.08:53:07::SCWDomain::checking for install qemu data   : 
TRACE::2024-11-08.08:53:07::SCWPlatform::Trying to open the hw design at C:/Users/realk/Desktop/ece385/ECE385/lab7_2/try5_sdk/mb_usb_hdmi_top/hw/mb_usb_hdmi_top.xsa
TRACE::2024-11-08.08:53:07::SCWPlatform::DSA given C:/Users/realk/Desktop/ece385/ECE385/lab7_2/try5_sdk/mb_usb_hdmi_top/hw/mb_usb_hdmi_top.xsa
TRACE::2024-11-08.08:53:07::SCWPlatform::DSA absoulate path C:/Users/realk/Desktop/ece385/ECE385/lab7_2/try5_sdk/mb_usb_hdmi_top/hw/mb_usb_hdmi_top.xsa
TRACE::2024-11-08.08:53:07::SCWPlatform::DSA directory C:/Users/realk/Desktop/ece385/ECE385/lab7_2/try5_sdk/mb_usb_hdmi_top/hw
TRACE::2024-11-08.08:53:07::SCWPlatform:: Platform Path C:/Users/realk/Desktop/ece385/ECE385/lab7_2/try5_sdk/mb_usb_hdmi_top/hw/mb_usb_hdmi_top.xsa
TRACE::2024-11-08.08:53:07::SCWPlatform:: Unique name xilinx:::0.0
TRACE::2024-11-08.08:53:07::SCWPlatform::Trying to set the existing hwdb with name mb_usb_hdmi_top_68
TRACE::2024-11-08.08:53:07::SCWPlatform::Opened existing hwdb mb_usb_hdmi_top_68
TRACE::2024-11-08.08:53:07::SCWPlatform::Found the Hw Db part of the input DSA
TRACE::2024-11-08.08:53:07::SCWPlatform::Trying to open the hw design at C:/Users/realk/Desktop/ece385/ECE385/lab7_2/try5_sdk/mb_usb_hdmi_top/hw/mb_usb_hdmi_top.xsa
TRACE::2024-11-08.08:53:07::SCWPlatform::DSA given C:/Users/realk/Desktop/ece385/ECE385/lab7_2/try5_sdk/mb_usb_hdmi_top/hw/mb_usb_hdmi_top.xsa
TRACE::2024-11-08.08:53:07::SCWPlatform::DSA absoulate path C:/Users/realk/Desktop/ece385/ECE385/lab7_2/try5_sdk/mb_usb_hdmi_top/hw/mb_usb_hdmi_top.xsa
TRACE::2024-11-08.08:53:07::SCWPlatform::DSA directory C:/Users/realk/Desktop/ece385/ECE385/lab7_2/try5_sdk/mb_usb_hdmi_top/hw
TRACE::2024-11-08.08:53:07::SCWPlatform:: Platform Path C:/Users/realk/Desktop/ece385/ECE385/lab7_2/try5_sdk/mb_usb_hdmi_top/hw/mb_usb_hdmi_top.xsa
TRACE::2024-11-08.08:53:07::SCWPlatform:: Unique name xilinx:::0.0
TRACE::2024-11-08.08:53:07::SCWPlatform::Trying to set the existing hwdb with name mb_usb_hdmi_top_68
TRACE::2024-11-08.08:53:07::SCWPlatform::Opened existing hwdb mb_usb_hdmi_top_68
TRACE::2024-11-08.08:53:07::SCWPlatform::Found the Hw Db part of the input DSA
TRACE::2024-11-08.08:53:07::SCWPlatform::Trying to open the hw design at C:/Users/realk/Desktop/ece385/ECE385/lab7_2/try5_sdk/mb_usb_hdmi_top/hw/mb_usb_hdmi_top.xsa
TRACE::2024-11-08.08:53:07::SCWPlatform::DSA given C:/Users/realk/Desktop/ece385/ECE385/lab7_2/try5_sdk/mb_usb_hdmi_top/hw/mb_usb_hdmi_top.xsa
TRACE::2024-11-08.08:53:07::SCWPlatform::DSA absoulate path C:/Users/realk/Desktop/ece385/ECE385/lab7_2/try5_sdk/mb_usb_hdmi_top/hw/mb_usb_hdmi_top.xsa
TRACE::2024-11-08.08:53:07::SCWPlatform::DSA directory C:/Users/realk/Desktop/ece385/ECE385/lab7_2/try5_sdk/mb_usb_hdmi_top/hw
TRACE::2024-11-08.08:53:07::SCWPlatform:: Platform Path C:/Users/realk/Desktop/ece385/ECE385/lab7_2/try5_sdk/mb_usb_hdmi_top/hw/mb_usb_hdmi_top.xsa
TRACE::2024-11-08.08:53:07::SCWPlatform:: Unique name xilinx:::0.0
TRACE::2024-11-08.08:53:07::SCWPlatform::Trying to set the existing hwdb with name mb_usb_hdmi_top_68
TRACE::2024-11-08.08:53:07::SCWPlatform::Opened existing hwdb mb_usb_hdmi_top_68
TRACE::2024-11-08.08:53:07::SCWPlatform::Found the Hw Db part of the input DSA
TRACE::2024-11-08.08:53:07::SCWPlatform::Trying to open the hw design at C:/Users/realk/Desktop/ece385/ECE385/lab7_2/try5_sdk/mb_usb_hdmi_top/hw/mb_usb_hdmi_top.xsa
TRACE::2024-11-08.08:53:07::SCWPlatform::DSA given C:/Users/realk/Desktop/ece385/ECE385/lab7_2/try5_sdk/mb_usb_hdmi_top/hw/mb_usb_hdmi_top.xsa
TRACE::2024-11-08.08:53:07::SCWPlatform::DSA absoulate path C:/Users/realk/Desktop/ece385/ECE385/lab7_2/try5_sdk/mb_usb_hdmi_top/hw/mb_usb_hdmi_top.xsa
TRACE::2024-11-08.08:53:07::SCWPlatform::DSA directory C:/Users/realk/Desktop/ece385/ECE385/lab7_2/try5_sdk/mb_usb_hdmi_top/hw
TRACE::2024-11-08.08:53:07::SCWPlatform:: Platform Path C:/Users/realk/Desktop/ece385/ECE385/lab7_2/try5_sdk/mb_usb_hdmi_top/hw/mb_usb_hdmi_top.xsa
TRACE::2024-11-08.08:53:07::SCWPlatform:: Unique name xilinx:::0.0
TRACE::2024-11-08.08:53:07::SCWPlatform::Trying to set the existing hwdb with name mb_usb_hdmi_top_68
TRACE::2024-11-08.08:53:07::SCWPlatform::Opened existing hwdb mb_usb_hdmi_top_68
TRACE::2024-11-08.08:53:07::SCWPlatform::Found the Hw Db part of the input DSA
TRACE::2024-11-08.08:53:07::SCWMssOS::Checking the sw design at  C:/Users/realk/Desktop/ece385/ECE385/lab7_2/try5_sdk/mb_usb_hdmi_top/microblaze_0/standalone_microblaze_0/bsp/system.mss
TRACE::2024-11-08.08:53:07::SCWMssOS::DEBUG:  swdes dump  
TRACE::2024-11-08.08:53:07::SCWMssOS::No sw design opened at  C:/Users/realk/Desktop/ece385/ECE385/lab7_2/try5_sdk/mb_usb_hdmi_top/microblaze_0/standalone_microblaze_0/bsp/system.mss
TRACE::2024-11-08.08:53:07::SCWMssOS::mss exists loading the mss file  C:/Users/realk/Desktop/ece385/ECE385/lab7_2/try5_sdk/mb_usb_hdmi_top/microblaze_0/standalone_microblaze_0/bsp/system.mss
TRACE::2024-11-08.08:53:07::SCWMssOS::Opened the sw design from mss  C:/Users/realk/Desktop/ece385/ECE385/lab7_2/try5_sdk/mb_usb_hdmi_top/microblaze_0/standalone_microblaze_0/bsp/system.mss
TRACE::2024-11-08.08:53:07::SCWMssOS::Adding the swdes entry C:/Users/realk/Desktop/ece385/ECE385/lab7_2/try5_sdk/mb_usb_hdmi_top/microblaze_0/standalone_microblaze_0/bsp/system.mss with des name system
TRACE::2024-11-08.08:53:07::SCWMssOS::updating the scw layer about changes
TRACE::2024-11-08.08:53:07::SCWMssOS::Opened the sw design.  C:/Users/realk/Desktop/ece385/ECE385/lab7_2/try5_sdk/mb_usb_hdmi_top/microblaze_0/standalone_microblaze_0/bsp/system.mss
TRACE::2024-11-08.08:53:07::SCWMssOS::Saving the mss changes C:/Users/realk/Desktop/ece385/ECE385/lab7_2/try5_sdk/mb_usb_hdmi_top/microblaze_0/standalone_microblaze_0/bsp/system.mss
TRACE::2024-11-08.08:53:07::SCWMssOS::Found a swdesign opened with the mssfile.
TRACE::2024-11-08.08:53:07::SCWMssOS::Completed writemss as part of save.
TRACE::2024-11-08.08:53:07::SCWMssOS::Commit changes completed.
TRACE::2024-11-08.08:53:07::SCWReader::Adding prebuilt librarypaths as   
TRACE::2024-11-08.08:53:07::SCWReader::Adding prebuilt incpaths  as   
TRACE::2024-11-08.08:53:07::SCWPlatform::Trying to open the hw design at C:/Users/realk/Desktop/ece385/ECE385/lab7_2/try5_sdk/mb_usb_hdmi_top/hw/mb_usb_hdmi_top.xsa
TRACE::2024-11-08.08:53:07::SCWPlatform::DSA given C:/Users/realk/Desktop/ece385/ECE385/lab7_2/try5_sdk/mb_usb_hdmi_top/hw/mb_usb_hdmi_top.xsa
TRACE::2024-11-08.08:53:07::SCWPlatform::DSA absoulate path C:/Users/realk/Desktop/ece385/ECE385/lab7_2/try5_sdk/mb_usb_hdmi_top/hw/mb_usb_hdmi_top.xsa
TRACE::2024-11-08.08:53:07::SCWPlatform::DSA directory C:/Users/realk/Desktop/ece385/ECE385/lab7_2/try5_sdk/mb_usb_hdmi_top/hw
TRACE::2024-11-08.08:53:07::SCWPlatform:: Platform Path C:/Users/realk/Desktop/ece385/ECE385/lab7_2/try5_sdk/mb_usb_hdmi_top/hw/mb_usb_hdmi_top.xsa
TRACE::2024-11-08.08:53:07::SCWPlatform:: Unique name xilinx:::0.0
TRACE::2024-11-08.08:53:07::SCWPlatform::Trying to set the existing hwdb with name mb_usb_hdmi_top_68
TRACE::2024-11-08.08:53:07::SCWPlatform::Opened existing hwdb mb_usb_hdmi_top_68
TRACE::2024-11-08.08:53:07::SCWPlatform::Found the Hw Db part of the input DSA
TRACE::2024-11-08.08:53:07::SCWMssOS::Checking the sw design at  C:/Users/realk/Desktop/ece385/ECE385/lab7_2/try5_sdk/mb_usb_hdmi_top/microblaze_0/standalone_microblaze_0/bsp/system.mss
TRACE::2024-11-08.08:53:07::SCWMssOS::DEBUG:  swdes dump  C:/Users/realk/Desktop/ece385/ECE385/lab7_2/try5_sdk/mb_usb_hdmi_top/microblaze_0/standalone_microblaze_0/bsp/system.mss|system||

TRACE::2024-11-08.08:53:07::SCWMssOS::Sw design exists and opened at  C:/Users/realk/Desktop/ece385/ECE385/lab7_2/try5_sdk/mb_usb_hdmi_top/microblaze_0/standalone_microblaze_0/bsp/system.mss
TRACE::2024-11-08.08:53:07::SCWReader::No isolation master present  
TRACE::2024-11-08.08:53:10::SCWPlatform::DSA given C:/Users/realk/Desktop/ece385/ECE385/lab7_2/try5_sdk/mb_usb_hdmi_top/tempdsa/mb_usb_hdmi_top.xsa
TRACE::2024-11-08.08:53:10::SCWPlatform::DSA absoulate path C:/Users/realk/Desktop/ece385/ECE385/lab7_2/try5_sdk/mb_usb_hdmi_top/tempdsa/mb_usb_hdmi_top.xsa
TRACE::2024-11-08.08:53:10::SCWPlatform:: Platform location is C:/Users/realk/Desktop/ece385/ECE385/lab7_2/try5_sdk/mb_usb_hdmi_top/tempdsa
TRACE::2024-11-08.08:53:10::SCWPlatform:: Platform Path C:/Users/realk/Desktop/ece385/ECE385/lab7_2/try5_sdk/mb_usb_hdmi_top/tempdsa/mb_usb_hdmi_top.xsa
TRACE::2024-11-08.08:53:10::SCWPlatform:: Unique name xilinx:::0.0
TRACE::2024-11-08.08:53:10::SCWPlatform::Found the Hw Db part of the input DSA
TRACE::2024-11-08.08:53:10::SCWMssOS::Doing hw sync for the mss in domain: standalone_microblaze_0
TRACE::2024-11-08.08:53:10::SCWPlatform::Trying to open the hw design at C:/Users/realk/Desktop/ece385/ECE385/lab7_2/try5_sdk/mb_usb_hdmi_top/hw/mb_usb_hdmi_top.xsa
TRACE::2024-11-08.08:53:10::SCWPlatform::DSA given C:/Users/realk/Desktop/ece385/ECE385/lab7_2/try5_sdk/mb_usb_hdmi_top/hw/mb_usb_hdmi_top.xsa
TRACE::2024-11-08.08:53:10::SCWPlatform::DSA absoulate path C:/Users/realk/Desktop/ece385/ECE385/lab7_2/try5_sdk/mb_usb_hdmi_top/hw/mb_usb_hdmi_top.xsa
TRACE::2024-11-08.08:53:10::SCWPlatform::DSA directory C:/Users/realk/Desktop/ece385/ECE385/lab7_2/try5_sdk/mb_usb_hdmi_top/hw
TRACE::2024-11-08.08:53:10::SCWPlatform:: Platform Path C:/Users/realk/Desktop/ece385/ECE385/lab7_2/try5_sdk/mb_usb_hdmi_top/hw/mb_usb_hdmi_top.xsa
TRACE::2024-11-08.08:53:10::SCWPlatform:: Unique name xilinx:::0.0
TRACE::2024-11-08.08:53:10::SCWPlatform::Trying to set the existing hwdb with name mb_usb_hdmi_top_68
TRACE::2024-11-08.08:53:10::SCWPlatform::Opened existing hwdb mb_usb_hdmi_top_68
TRACE::2024-11-08.08:53:10::SCWPlatform::Found the Hw Db part of the input DSA
TRACE::2024-11-08.08:53:10::SCWPlatform::Trying to open the hw design at C:/Users/realk/Desktop/ece385/ECE385/lab7_2/try5_sdk/mb_usb_hdmi_top/hw/mb_usb_hdmi_top.xsa
TRACE::2024-11-08.08:53:10::SCWPlatform::DSA given C:/Users/realk/Desktop/ece385/ECE385/lab7_2/try5_sdk/mb_usb_hdmi_top/hw/mb_usb_hdmi_top.xsa
TRACE::2024-11-08.08:53:10::SCWPlatform::DSA absoulate path C:/Users/realk/Desktop/ece385/ECE385/lab7_2/try5_sdk/mb_usb_hdmi_top/hw/mb_usb_hdmi_top.xsa
TRACE::2024-11-08.08:53:10::SCWPlatform::DSA directory C:/Users/realk/Desktop/ece385/ECE385/lab7_2/try5_sdk/mb_usb_hdmi_top/hw
TRACE::2024-11-08.08:53:10::SCWPlatform:: Platform Path C:/Users/realk/Desktop/ece385/ECE385/lab7_2/try5_sdk/mb_usb_hdmi_top/hw/mb_usb_hdmi_top.xsa
TRACE::2024-11-08.08:53:10::SCWPlatform:: Unique name xilinx:::0.0
TRACE::2024-11-08.08:53:10::SCWPlatform::Trying to set the existing hwdb with name mb_usb_hdmi_top_68
TRACE::2024-11-08.08:53:10::SCWPlatform::Opened existing hwdb mb_usb_hdmi_top_68
TRACE::2024-11-08.08:53:10::SCWPlatform::Found the Hw Db part of the input DSA
TRACE::2024-11-08.08:53:10::SCWMssOS::Checking the sw design at  C:/Users/realk/Desktop/ece385/ECE385/lab7_2/try5_sdk/mb_usb_hdmi_top/microblaze_0/standalone_microblaze_0/bsp/system.mss
TRACE::2024-11-08.08:53:10::SCWMssOS::DEBUG:  swdes dump  C:/Users/realk/Desktop/ece385/ECE385/lab7_2/try5_sdk/mb_usb_hdmi_top/microblaze_0/standalone_microblaze_0/bsp/system.mss|system||

TRACE::2024-11-08.08:53:10::SCWMssOS::Sw design exists and opened at  C:/Users/realk/Desktop/ece385/ECE385/lab7_2/try5_sdk/mb_usb_hdmi_top/microblaze_0/standalone_microblaze_0/bsp/system.mss
TRACE::2024-11-08.08:53:10::SCWPlatform::Trying to open the hw design at C:/Users/realk/Desktop/ece385/ECE385/lab7_2/try5_sdk/mb_usb_hdmi_top/tempdsa/mb_usb_hdmi_top.xsa
TRACE::2024-11-08.08:53:10::SCWPlatform::DSA given C:/Users/realk/Desktop/ece385/ECE385/lab7_2/try5_sdk/mb_usb_hdmi_top/tempdsa/mb_usb_hdmi_top.xsa
TRACE::2024-11-08.08:53:10::SCWPlatform::DSA absoulate path C:/Users/realk/Desktop/ece385/ECE385/lab7_2/try5_sdk/mb_usb_hdmi_top/tempdsa/mb_usb_hdmi_top.xsa
TRACE::2024-11-08.08:53:10::SCWPlatform::DSA directory C:/Users/realk/Desktop/ece385/ECE385/lab7_2/try5_sdk/mb_usb_hdmi_top/tempdsa
TRACE::2024-11-08.08:53:10::SCWPlatform:: Platform Path C:/Users/realk/Desktop/ece385/ECE385/lab7_2/try5_sdk/mb_usb_hdmi_top/tempdsa/mb_usb_hdmi_top.xsa
TRACE::2024-11-08.08:53:10::SCWPlatform:: Unique name xilinx:::0.0
TRACE::2024-11-08.08:53:10::SCWPlatform::update - Opened existing hwdb mb_usb_hdmi_top_69
TRACE::2024-11-08.08:53:10::SCWPlatform::Found the Hw Db part of the input DSA
TRACE::2024-11-08.08:53:10::SCWMssOS::Saving the mss changes C:/Users/realk/Desktop/ece385/ECE385/lab7_2/try5_sdk/mb_usb_hdmi_top/microblaze_0/standalone_microblaze_0/bsp/system.mss
TRACE::2024-11-08.08:53:10::SCWMssOS::Found a swdesign opened with the mssfile.
TRACE::2024-11-08.08:53:10::SCWMssOS::Completed writemss as part of save.
TRACE::2024-11-08.08:53:10::SCWMssOS::Commit changes completed.
TRACE::2024-11-08.08:53:10::SCWMssOS::Completed hw sync for the mss in domain: standalone_microblaze_0
TRACE::2024-11-08.08:53:10::SCWMssOS::Removing the swdes entry for  C:/Users/realk/Desktop/ece385/ECE385/lab7_2/try5_sdk/mb_usb_hdmi_top/microblaze_0/standalone_microblaze_0/bsp/system.mss
TRACE::2024-11-08.08:53:10::SCWPlatform::Trying to open the hw design at C:/Users/realk/Desktop/ece385/ECE385/lab7_2/try5_sdk/mb_usb_hdmi_top/hw/mb_usb_hdmi_top.xsa
TRACE::2024-11-08.08:53:10::SCWPlatform::DSA given C:/Users/realk/Desktop/ece385/ECE385/lab7_2/try5_sdk/mb_usb_hdmi_top/hw/mb_usb_hdmi_top.xsa
TRACE::2024-11-08.08:53:10::SCWPlatform::DSA absoulate path C:/Users/realk/Desktop/ece385/ECE385/lab7_2/try5_sdk/mb_usb_hdmi_top/hw/mb_usb_hdmi_top.xsa
TRACE::2024-11-08.08:53:10::SCWPlatform::DSA directory C:/Users/realk/Desktop/ece385/ECE385/lab7_2/try5_sdk/mb_usb_hdmi_top/hw
TRACE::2024-11-08.08:53:10::SCWPlatform:: Platform Path C:/Users/realk/Desktop/ece385/ECE385/lab7_2/try5_sdk/mb_usb_hdmi_top/hw/mb_usb_hdmi_top.xsa
TRACE::2024-11-08.08:53:10::SCWPlatform:: Unique name xilinx:::0.0
TRACE::2024-11-08.08:53:10::SCWPlatform::Do not have an existing db opened. 
TRACE::2024-11-08.08:53:10::SCWPlatform::Opened new HwDB with name mb_usb_hdmi_top_70
TRACE::2024-11-08.08:53:10::SCWMssOS::Saving the mss changes C:/Users/realk/Desktop/ece385/ECE385/lab7_2/try5_sdk/mb_usb_hdmi_top/microblaze_0/standalone_microblaze_0/bsp/system.mss
TRACE::2024-11-08.08:53:10::SCWMssOS::Adding the swdes entry, mss present, able to open swdb C:/Users/realk/Desktop/ece385/ECE385/lab7_2/try5_sdk/mb_usb_hdmi_top/microblaze_0/standalone_microblaze_0/bsp/system.mss with des name system
TRACE::2024-11-08.08:53:10::SCWMssOS::Writing the mss file completed C:/Users/realk/Desktop/ece385/ECE385/lab7_2/try5_sdk/mb_usb_hdmi_top/microblaze_0/standalone_microblaze_0/bsp/system.mss
TRACE::2024-11-08.08:53:10::SCWMssOS::Commit changes completed.
TRACE::2024-11-08.08:53:10::SCWPlatform::Trying to open the hw design at C:/Users/realk/Desktop/ece385/ECE385/lab7_2/try5_sdk/mb_usb_hdmi_top/hw/mb_usb_hdmi_top.xsa
TRACE::2024-11-08.08:53:10::SCWPlatform::DSA given C:/Users/realk/Desktop/ece385/ECE385/lab7_2/try5_sdk/mb_usb_hdmi_top/hw/mb_usb_hdmi_top.xsa
TRACE::2024-11-08.08:53:10::SCWPlatform::DSA absoulate path C:/Users/realk/Desktop/ece385/ECE385/lab7_2/try5_sdk/mb_usb_hdmi_top/hw/mb_usb_hdmi_top.xsa
TRACE::2024-11-08.08:53:10::SCWPlatform::DSA directory C:/Users/realk/Desktop/ece385/ECE385/lab7_2/try5_sdk/mb_usb_hdmi_top/hw
TRACE::2024-11-08.08:53:10::SCWPlatform:: Platform Path C:/Users/realk/Desktop/ece385/ECE385/lab7_2/try5_sdk/mb_usb_hdmi_top/hw/mb_usb_hdmi_top.xsa
TRACE::2024-11-08.08:53:10::SCWPlatform:: Unique name xilinx:::0.0
TRACE::2024-11-08.08:53:10::SCWPlatform::Trying to set the existing hwdb with name mb_usb_hdmi_top_70
TRACE::2024-11-08.08:53:10::SCWPlatform::Opened existing hwdb mb_usb_hdmi_top_70
TRACE::2024-11-08.08:53:10::SCWPlatform::Found the Hw Db part of the input DSA
TRACE::2024-11-08.08:53:10::SCWMssOS::Checking the sw design at  C:/Users/realk/Desktop/ece385/ECE385/lab7_2/try5_sdk/mb_usb_hdmi_top/microblaze_0/standalone_microblaze_0/bsp/system.mss
TRACE::2024-11-08.08:53:10::SCWMssOS::DEBUG:  swdes dump  C:/Users/realk/Desktop/ece385/ECE385/lab7_2/try5_sdk/mb_usb_hdmi_top/microblaze_0/standalone_microblaze_0/bsp/system.mss|system||

TRACE::2024-11-08.08:53:10::SCWMssOS::Sw design exists and opened at  C:/Users/realk/Desktop/ece385/ECE385/lab7_2/try5_sdk/mb_usb_hdmi_top/microblaze_0/standalone_microblaze_0/bsp/system.mss
TRACE::2024-11-08.08:53:10::SCWWriter::formatted JSON is {
	"platformName":	"mb_usb_hdmi_top",
	"sprVersion":	"2.0",
	"mode":	"gui",
	"dsaType":	"Fixed",
	"platformDesc":	"mb_usb_hdmi_top",
	"platHandOff":	"C:/Users/realk/Desktop/ece385/ECE385/lab7_2/mb_usb_hdmi_top.xsa",
	"platIntHandOff":	"<platformDir>/hw/mb_usb_hdmi_top.xsa",
	"deviceType":	"FPGA",
	"platIsPrebuiltAutogen":	"false",
	"platIsNoBootBsp":	"false",
	"hasFsblMakeHasChanges":	"false",
	"hasPmufwMakeHasChanges":	"false",
	"platPreBuiltFlag":	false,
	"platformSamplesDir":	"",
	"platActiveSys":	"mb_usb_hdmi_top",
	"systems":	[{
			"systemName":	"mb_usb_hdmi_top",
			"systemDesc":	"mb_usb_hdmi_top",
			"sysIsBootAutoGen":	"true",
			"systemDispName":	"mb_usb_hdmi_top",
			"sysActiveDom":	"standalone_microblaze_0",
			"sysDefaultDom":	"standalone_microblaze_0",
			"domains":	[{
					"domainName":	"standalone_microblaze_0",
					"domainDispName":	"standalone_microblaze_0",
					"domainDesc":	"standalone_microblaze_0",
					"processors":	"microblaze_0",
					"os":	"standalone",
					"sdxOs":	"standalone",
					"debugEnable":	"False",
					"domRuntimes":	["cpp"],
					"swRepo":	"",
					"mssOsVer":	"8.0",
					"mssFile":	"",
					"md5Digest":	"5422c1e5be4ae93f4de8c50507402f2a1",
					"compatibleApp":	"",
					"domType":	"mssDomain",
					"arch":	"32-bit",
					"appSettings":	{
						"appCompilerFlags":	"",
						"appLinkerFlags":	""
					},
					"addedLibs":	[],
					"libOptions":	{
						"libsContainingOptions":	[]
					},
					"prebuiltLibs":	{
						"prebuiltIncPath":	[],
						"prebuiltLibPath":	[]
					},
					"isolation":	{
					}
				}]
		}]
}
TRACE::2024-11-08.08:53:20::SCWMssOS::cleaning the bsp 
TRACE::2024-11-08.08:53:20::SCWMssOS::System Command Ran  C: & cd  C:/Users/realk/Desktop/ece385/ECE385/lab7_2/try5_sdk/mb_usb_hdmi_top/microblaze_0/standalone_microblaze_0/bsp & make clean 
TRACE::2024-11-08.08:53:20::SCWMssOS::make -C microblaze_0/libsrc/bram_v4_8/src -s clean 

TRACE::2024-11-08.08:53:21::SCWMssOS::make -C microblaze_0/libsrc/cpu_v2_16/src -s clean 

TRACE::2024-11-08.08:53:21::SCWMssOS::make -C microblaze_0/libsrc/intc_v3_15/src -s clean 

TRACE::2024-11-08.08:53:21::SCWMssOS::make -C microblaze_0/libsrc/standalone_v8_0/src -s clean 

TRACE::2024-11-08.08:53:21::SCWMssOS::make -C microblaze_0/libsrc/uartlite_v3_7/src -s clean 

TRACE::2024-11-08.08:53:21::SCWMssOS::rm -f microblaze_0/lib/libxil.a

LOG::2024-11-08.08:53:30::SCWPlatform::Started generating the artifacts platform mb_usb_hdmi_top
TRACE::2024-11-08.08:53:30::SCWPlatform::Sanity checking of platform is completed
LOG::2024-11-08.08:53:30::SCWPlatform::Started generating the artifacts for system configuration mb_usb_hdmi_top
LOG::2024-11-08.08:53:30::SCWSystem::Checking the domain standalone_microblaze_0
LOG::2024-11-08.08:53:30::SCWSystem::Not a boot domain 
LOG::2024-11-08.08:53:30::SCWSystem::Started Processing the domain standalone_microblaze_0
TRACE::2024-11-08.08:53:30::SCWDomain::Generating domain artifcats
TRACE::2024-11-08.08:53:30::SCWMssOS::Generating standalone artifcats
TRACE::2024-11-08.08:53:30::SCWMssOS:: Copying the user libraries. 
TRACE::2024-11-08.08:53:30::SCWPlatform::Trying to open the hw design at C:/Users/realk/Desktop/ece385/ECE385/lab7_2/try5_sdk/mb_usb_hdmi_top/hw/mb_usb_hdmi_top.xsa
TRACE::2024-11-08.08:53:30::SCWPlatform::DSA given C:/Users/realk/Desktop/ece385/ECE385/lab7_2/try5_sdk/mb_usb_hdmi_top/hw/mb_usb_hdmi_top.xsa
TRACE::2024-11-08.08:53:30::SCWPlatform::DSA absoulate path C:/Users/realk/Desktop/ece385/ECE385/lab7_2/try5_sdk/mb_usb_hdmi_top/hw/mb_usb_hdmi_top.xsa
TRACE::2024-11-08.08:53:30::SCWPlatform::DSA directory C:/Users/realk/Desktop/ece385/ECE385/lab7_2/try5_sdk/mb_usb_hdmi_top/hw
TRACE::2024-11-08.08:53:30::SCWPlatform:: Platform Path C:/Users/realk/Desktop/ece385/ECE385/lab7_2/try5_sdk/mb_usb_hdmi_top/hw/mb_usb_hdmi_top.xsa
TRACE::2024-11-08.08:53:30::SCWPlatform:: Unique name xilinx:::0.0
TRACE::2024-11-08.08:53:30::SCWPlatform::Trying to set the existing hwdb with name mb_usb_hdmi_top_70
TRACE::2024-11-08.08:53:30::SCWPlatform::Opened existing hwdb mb_usb_hdmi_top_70
TRACE::2024-11-08.08:53:30::SCWPlatform::Found the Hw Db part of the input DSA
TRACE::2024-11-08.08:53:30::SCWMssOS::Checking the sw design at  C:/Users/realk/Desktop/ece385/ECE385/lab7_2/try5_sdk/mb_usb_hdmi_top/microblaze_0/standalone_microblaze_0/bsp/system.mss
TRACE::2024-11-08.08:53:30::SCWMssOS::DEBUG:  swdes dump  C:/Users/realk/Desktop/ece385/ECE385/lab7_2/try5_sdk/mb_usb_hdmi_top/microblaze_0/standalone_microblaze_0/bsp/system.mss|system||

TRACE::2024-11-08.08:53:30::SCWMssOS::Sw design exists and opened at  C:/Users/realk/Desktop/ece385/ECE385/lab7_2/try5_sdk/mb_usb_hdmi_top/microblaze_0/standalone_microblaze_0/bsp/system.mss
TRACE::2024-11-08.08:53:30::SCWMssOS::Completed writing the mss file at C:/Users/realk/Desktop/ece385/ECE385/lab7_2/try5_sdk/mb_usb_hdmi_top/microblaze_0/standalone_microblaze_0/bsp
TRACE::2024-11-08.08:53:30::SCWMssOS::Mss edits present, copying mssfile into export location C:/Users/realk/Desktop/ece385/ECE385/lab7_2/try5_sdk/mb_usb_hdmi_top/microblaze_0/standalone_microblaze_0/bsp/system.mss
TRACE::2024-11-08.08:53:30::SCWMssOS::bsp generated is stale removing and regenerating. 
TRACE::2024-11-08.08:53:32::SCWMssOS::doing bsp build ... 
TRACE::2024-11-08.08:53:32::SCWMssOS::System Command Ran  C: & cd  C:/Users/realk/Desktop/ece385/ECE385/lab7_2/try5_sdk/mb_usb_hdmi_top/microblaze_0/standalone_microblaze_0/bsp & make 
TRACE::2024-11-08.08:53:32::SCWMssOS::make --no-print-directory seq_libs

TRACE::2024-11-08.08:53:32::SCWMssOS::'Finished building libraries sequentially.'

TRACE::2024-11-08.08:53:32::SCWMssOS::make -j 14 --no-print-directory par_libs

TRACE::2024-11-08.08:53:32::SCWMssOS::"Running Make include in microblaze_0/libsrc/bram_v4_8/src"

TRACE::2024-11-08.08:53:32::SCWMssOS::make -C microblaze_0/libsrc/bram_v4_8/src -s include  "SHELL=CMD" "COMPILER=mb-gcc" "ASSEMBLER=mb-as" "ARCHIVER=mb-ar" "COMPILE
TRACE::2024-11-08.08:53:32::SCWMssOS::R_FLAGS=  -O2 -c -mcpu=v11.0 -mlittle-endian -mno-xl-reorder -mno-xl-soft-mul -mxl-barrel-shift -mxl-pattern-compare" "EXTRA_CO
TRACE::2024-11-08.08:53:32::SCWMssOS::MPILER_FLAGS=-g -ffunction-sections -fdata-sections -Wall -Wextra -fno-tree-loop-distribute-patterns"

TRACE::2024-11-08.08:53:32::SCWMssOS::"Running Make include in microblaze_0/libsrc/cpu_v2_16/src"

TRACE::2024-11-08.08:53:32::SCWMssOS::make -C microblaze_0/libsrc/cpu_v2_16/src -s include  "SHELL=CMD" "COMPILER=mb-gcc" "ASSEMBLER=mb-as" "ARCHIVER=mb-ar" "COMPILE
TRACE::2024-11-08.08:53:32::SCWMssOS::R_FLAGS=  -O2 -c -mcpu=v11.0 -mlittle-endian -mno-xl-reorder -mno-xl-soft-mul -mxl-barrel-shift -mxl-pattern-compare" "EXTRA_CO
TRACE::2024-11-08.08:53:32::SCWMssOS::MPILER_FLAGS=-g -ffunction-sections -fdata-sections -Wall -Wextra -fno-tree-loop-distribute-patterns"

TRACE::2024-11-08.08:53:32::SCWMssOS::"Running Make include in microblaze_0/libsrc/intc_v3_15/src"

TRACE::2024-11-08.08:53:32::SCWMssOS::make -C microblaze_0/libsrc/intc_v3_15/src -s include  "SHELL=CMD" "COMPILER=mb-gcc" "ASSEMBLER=mb-as" "ARCHIVER=mb-ar" "COMPIL
TRACE::2024-11-08.08:53:32::SCWMssOS::ER_FLAGS=  -O2 -c -mcpu=v11.0 -mlittle-endian -mno-xl-reorder -mno-xl-soft-mul -mxl-barrel-shift -mxl-pattern-compare" "EXTRA_C
TRACE::2024-11-08.08:53:32::SCWMssOS::OMPILER_FLAGS=-g -ffunction-sections -fdata-sections -Wall -Wextra -fno-tree-loop-distribute-patterns"

TRACE::2024-11-08.08:53:32::SCWMssOS::"Running Make include in microblaze_0/libsrc/standalone_v8_0/src"

TRACE::2024-11-08.08:53:32::SCWMssOS::make -C microblaze_0/libsrc/standalone_v8_0/src -s include  "SHELL=CMD" "COMPILER=mb-gcc" "ASSEMBLER=mb-as" "ARCHIVER=mb-ar" "C
TRACE::2024-11-08.08:53:32::SCWMssOS::OMPILER_FLAGS=  -O2 -c -mcpu=v11.0 -mlittle-endian -mno-xl-reorder -mno-xl-soft-mul -mxl-barrel-shift -mxl-pattern-compare" "EX
TRACE::2024-11-08.08:53:32::SCWMssOS::TRA_COMPILER_FLAGS=-g -ffunction-sections -fdata-sections -Wall -Wextra -fno-tree-loop-distribute-patterns"

TRACE::2024-11-08.08:53:32::SCWMssOS::"Running Make include in microblaze_0/libsrc/uartlite_v3_7/src"

TRACE::2024-11-08.08:53:32::SCWMssOS::make -C microblaze_0/libsrc/uartlite_v3_7/src -s include  "SHELL=CMD" "COMPILER=mb-gcc" "ASSEMBLER=mb-as" "ARCHIVER=mb-ar" "COM
TRACE::2024-11-08.08:53:32::SCWMssOS::PILER_FLAGS=  -O2 -c -mcpu=v11.0 -mlittle-endian -mno-xl-reorder -mno-xl-soft-mul -mxl-barrel-shift -mxl-pattern-compare" "EXTR
TRACE::2024-11-08.08:53:32::SCWMssOS::A_COMPILER_FLAGS=-g -ffunction-sections -fdata-sections -Wall -Wextra -fno-tree-loop-distribute-patterns"

TRACE::2024-11-08.08:53:33::SCWMssOS::"Running Make libs in microblaze_0/libsrc/bram_v4_8/src"

TRACE::2024-11-08.08:53:33::SCWMssOS::make -C microblaze_0/libsrc/bram_v4_8/src -s libs  "SHELL=CMD" "COMPILER=mb-gcc" "ASSEMBLER=mb-as" "ARCHIVER=mb-ar" "COMPILER_F
TRACE::2024-11-08.08:53:33::SCWMssOS::LAGS=  -O2 -c -mcpu=v11.0 -mlittle-endian -mno-xl-reorder -mno-xl-soft-mul -mxl-barrel-shift -mxl-pattern-compare" "EXTRA_COMPI
TRACE::2024-11-08.08:53:33::SCWMssOS::LER_FLAGS=-g -ffunction-sections -fdata-sections -Wall -Wextra -fno-tree-loop-distribute-patterns"

TRACE::2024-11-08.08:53:33::SCWMssOS::"Running Make libs in microblaze_0/libsrc/cpu_v2_16/src"

TRACE::2024-11-08.08:53:33::SCWMssOS::make -C microblaze_0/libsrc/cpu_v2_16/src -s libs  "SHELL=CMD" "COMPILER=mb-gcc" "ASSEMBLER=mb-as" "ARCHIVER=mb-ar" "COMPILER_F
TRACE::2024-11-08.08:53:33::SCWMssOS::LAGS=  -O2 -c -mcpu=v11.0 -mlittle-endian -mno-xl-reorder -mno-xl-soft-mul -mxl-barrel-shift -mxl-pattern-compare" "EXTRA_COMPI
TRACE::2024-11-08.08:53:33::SCWMssOS::LER_FLAGS=-g -ffunction-sections -fdata-sections -Wall -Wextra -fno-tree-loop-distribute-patterns"

TRACE::2024-11-08.08:53:33::SCWMssOS::"Running Make libs in microblaze_0/libsrc/intc_v3_15/src"

TRACE::2024-11-08.08:53:33::SCWMssOS::make -C microblaze_0/libsrc/intc_v3_15/src -s libs  "SHELL=CMD" "COMPILER=mb-gcc" "ASSEMBLER=mb-as" "ARCHIVER=mb-ar" "COMPILER_
TRACE::2024-11-08.08:53:33::SCWMssOS::FLAGS=  -O2 -c -mcpu=v11.0 -mlittle-endian -mno-xl-reorder -mno-xl-soft-mul -mxl-barrel-shift -mxl-pattern-compare" "EXTRA_COMP
TRACE::2024-11-08.08:53:33::SCWMssOS::ILER_FLAGS=-g -ffunction-sections -fdata-sections -Wall -Wextra -fno-tree-loop-distribute-patterns"

TRACE::2024-11-08.08:53:33::SCWMssOS::"Running Make libs in microblaze_0/libsrc/standalone_v8_0/src"

TRACE::2024-11-08.08:53:33::SCWMssOS::make -C microblaze_0/libsrc/standalone_v8_0/src -s libs  "SHELL=CMD" "COMPILER=mb-gcc" "ASSEMBLER=mb-as" "ARCHIVER=mb-ar" "COMP
TRACE::2024-11-08.08:53:33::SCWMssOS::ILER_FLAGS=  -O2 -c -mcpu=v11.0 -mlittle-endian -mno-xl-reorder -mno-xl-soft-mul -mxl-barrel-shift -mxl-pattern-compare" "EXTRA
TRACE::2024-11-08.08:53:33::SCWMssOS::_COMPILER_FLAGS=-g -ffunction-sections -fdata-sections -Wall -Wextra -fno-tree-loop-distribute-patterns"

TRACE::2024-11-08.08:53:33::SCWMssOS::"Running Make libs in microblaze_0/libsrc/uartlite_v3_7/src"

TRACE::2024-11-08.08:53:33::SCWMssOS::make -C microblaze_0/libsrc/uartlite_v3_7/src -s libs  "SHELL=CMD" "COMPILER=mb-gcc" "ASSEMBLER=mb-as" "ARCHIVER=mb-ar" "COMPIL
TRACE::2024-11-08.08:53:33::SCWMssOS::ER_FLAGS=  -O2 -c -mcpu=v11.0 -mlittle-endian -mno-xl-reorder -mno-xl-soft-mul -mxl-barrel-shift -mxl-pattern-compare" "EXTRA_C
TRACE::2024-11-08.08:53:33::SCWMssOS::OMPILER_FLAGS=-g -ffunction-sections -fdata-sections -Wall -Wextra -fno-tree-loop-distribute-patterns"

TRACE::2024-11-08.08:53:35::SCWMssOS::"DEBUG NON_LTO_OBJECTS is ../../../lib/microblaze_interrupt_handler.o"

TRACE::2024-11-08.08:53:36::SCWMssOS::'Finished building libraries parallelly.'

TRACE::2024-11-08.08:53:36::SCWMssOS::make --no-print-directory archive

TRACE::2024-11-08.08:53:36::SCWMssOS::mb-ar -r  microblaze_0/lib/libxil.a microblaze_0/lib/_exit.o microblaze_0/lib/errno.o microblaze_0/lib/fcntl.o microblaze_0/lib
TRACE::2024-11-08.08:53:36::SCWMssOS::/hw_exception_handler.o microblaze_0/lib/inbyte.o microblaze_0/lib/microblaze_disable_dcache.o microblaze_0/lib/microblaze_disa
TRACE::2024-11-08.08:53:36::SCWMssOS::ble_exceptions.o microblaze_0/lib/microblaze_disable_icache.o microblaze_0/lib/microblaze_disable_interrupts.o microblaze_0/lib
TRACE::2024-11-08.08:53:36::SCWMssOS::/microblaze_enable_dcache.o microblaze_0/lib/microblaze_enable_exceptions.o microblaze_0/lib/microblaze_enable_icache.o microbl
TRACE::2024-11-08.08:53:36::SCWMssOS::aze_0/lib/microblaze_enable_interrupts.o microblaze_0/lib/microblaze_exception_handler.o microblaze_0/lib/microblaze_flush_cach
TRACE::2024-11-08.08:53:36::SCWMssOS::e_ext.o microblaze_0/lib/microblaze_flush_cache_ext_range.o microblaze_0/lib/microblaze_flush_dcache.o microblaze_0/lib/microbl
TRACE::2024-11-08.08:53:36::SCWMssOS::aze_flush_dcache_range.o microblaze_0/lib/microblaze_init_dcache_range.o microblaze_0/lib/microblaze_init_icache_range.o microb
TRACE::2024-11-08.08:53:36::SCWMssOS::laze_0/lib/microblaze_interrupt_handler.o microblaze_0/lib/microblaze_interrupts_g.o microblaze_0/lib/microblaze_invalidate_cac
TRACE::2024-11-08.08:53:36::SCWMssOS::he_ext.o microblaze_0/lib/microblaze_invalidate_cache_ext_range.o microblaze_0/lib/microblaze_invalidate_dcache.o microblaze_0/
TRACE::2024-11-08.08:53:36::SCWMssOS::lib/microblaze_invalidate_dcache_range.o microblaze_0/lib/microblaze_invalidate_icache.o microblaze_0/lib/microblaze_invalidate
TRACE::2024-11-08.08:53:36::SCWMssOS::_icache_range.o microblaze_0/lib/microblaze_scrub.o microblaze_0/lib/microblaze_selftest.o microblaze_0/lib/microblaze_sleep.o 
TRACE::2024-11-08.08:53:36::SCWMssOS::microblaze_0/lib/microblaze_update_dcache.o microblaze_0/lib/microblaze_update_icache.o microblaze_0/lib/outbyte.o microblaze_0
TRACE::2024-11-08.08:53:36::SCWMssOS::/lib/print.o microblaze_0/lib/pvr.o microblaze_0/lib/xbram.o microblaze_0/lib/xbram_g.o microblaze_0/lib/xbram_intr.o microblaz
TRACE::2024-11-08.08:53:36::SCWMssOS::e_0/lib/xbram_selftest.o microblaze_0/lib/xbram_sinit.o microblaze_0/lib/xil_assert.o microblaze_0/lib/xil_cache.o microblaze_0
TRACE::2024-11-08.08:53:36::SCWMssOS::/lib/xil_clocking.o microblaze_0/lib/xil_exception.o microblaze_0/lib/xil_mem.o microblaze_0/lib/xil_misc_psreset_api.o microbl
TRACE::2024-11-08.08:53:36::SCWMssOS::aze_0/lib/xil_printf.o microblaze_0/lib/xil_sleepcommon.o microblaze_0/lib/xil_testcache.o microblaze_0/lib/xil_testio.o microb
TRACE::2024-11-08.08:53:36::SCWMssOS::laze_0/lib/xil_testmem.o microblaze_0/lib/xil_util.o microblaze_0/lib/xintc.o microblaze_0/lib/xintc_g.o microblaze_0/lib/xintc
TRACE::2024-11-08.08:53:36::SCWMssOS::_intr.o microblaze_0/lib/xintc_l.o microblaze_0/lib/xintc_options.o microblaze_0/lib/xintc_selftest.o microblaze_0/lib/xinterru
TRACE::2024-11-08.08:53:36::SCWMssOS::pt_wrap.o microblaze_0/lib/xio.o microblaze_0/lib/xplatform_info.o microblaze_0/lib/xuartlite.o microblaze_0/lib/xuartlite_g.o 
TRACE::2024-11-08.08:53:36::SCWMssOS::microblaze_0/lib/xuartlite_intr.o microblaze_0/lib/xuartlite_l.o microblaze_0/lib/xuartlite_selftest.o microblaze_0/lib/xuartli
TRACE::2024-11-08.08:53:36::SCWMssOS::te_sinit.o microblaze_0/lib/xuartlite_stats.o

TRACE::2024-11-08.08:53:36::SCWMssOS::'Finished building libraries'

TRACE::2024-11-08.08:53:36::SCWMssOS:: Checking if to create the Supporting Applications
TRACE::2024-11-08.08:53:36::SCWMssOS:: No Linux domain exists, trying to generate FSBL 
LOG::2024-11-08.08:53:36::SCWSystem::Completed Processing the domain standalone_microblaze_0
LOG::2024-11-08.08:53:36::SCWSystem::Completed Processing the sysconfig mb_usb_hdmi_top
LOG::2024-11-08.08:53:36::SCWPlatform::Completed generating the artifacts for system configuration mb_usb_hdmi_top
TRACE::2024-11-08.08:53:36::SCWPlatform::Started preparing the platform 
TRACE::2024-11-08.08:53:36::SCWSystem::Writing the bif file for system config mb_usb_hdmi_top
TRACE::2024-11-08.08:53:36::SCWSystem::dir created 
TRACE::2024-11-08.08:53:36::SCWSystem::Writing the bif 
TRACE::2024-11-08.08:53:36::SCWPlatform::Started writing the spfm file 
TRACE::2024-11-08.08:53:36::SCWPlatform::Started writing the xpfm file 
TRACE::2024-11-08.08:53:36::SCWPlatform::Completed generating the platform
TRACE::2024-11-08.08:53:36::SCWMssOS::Saving the mss changes C:/Users/realk/Desktop/ece385/ECE385/lab7_2/try5_sdk/mb_usb_hdmi_top/microblaze_0/standalone_microblaze_0/bsp/system.mss
TRACE::2024-11-08.08:53:36::SCWMssOS::Adding the swdes entry, mss present, able to open swdb C:/Users/realk/Desktop/ece385/ECE385/lab7_2/try5_sdk/mb_usb_hdmi_top/microblaze_0/standalone_microblaze_0/bsp/system.mss with des name system
TRACE::2024-11-08.08:53:36::SCWMssOS::Writing the mss file completed C:/Users/realk/Desktop/ece385/ECE385/lab7_2/try5_sdk/mb_usb_hdmi_top/microblaze_0/standalone_microblaze_0/bsp/system.mss
TRACE::2024-11-08.08:53:36::SCWMssOS::Commit changes completed.
TRACE::2024-11-08.08:53:36::SCWPlatform::Trying to open the hw design at C:/Users/realk/Desktop/ece385/ECE385/lab7_2/try5_sdk/mb_usb_hdmi_top/hw/mb_usb_hdmi_top.xsa
TRACE::2024-11-08.08:53:36::SCWPlatform::DSA given C:/Users/realk/Desktop/ece385/ECE385/lab7_2/try5_sdk/mb_usb_hdmi_top/hw/mb_usb_hdmi_top.xsa
TRACE::2024-11-08.08:53:36::SCWPlatform::DSA absoulate path C:/Users/realk/Desktop/ece385/ECE385/lab7_2/try5_sdk/mb_usb_hdmi_top/hw/mb_usb_hdmi_top.xsa
TRACE::2024-11-08.08:53:36::SCWPlatform::DSA directory C:/Users/realk/Desktop/ece385/ECE385/lab7_2/try5_sdk/mb_usb_hdmi_top/hw
TRACE::2024-11-08.08:53:36::SCWPlatform:: Platform Path C:/Users/realk/Desktop/ece385/ECE385/lab7_2/try5_sdk/mb_usb_hdmi_top/hw/mb_usb_hdmi_top.xsa
TRACE::2024-11-08.08:53:36::SCWPlatform:: Unique name xilinx:::0.0
TRACE::2024-11-08.08:53:36::SCWPlatform::Trying to set the existing hwdb with name mb_usb_hdmi_top_70
TRACE::2024-11-08.08:53:36::SCWPlatform::Opened existing hwdb mb_usb_hdmi_top_70
TRACE::2024-11-08.08:53:36::SCWPlatform::Found the Hw Db part of the input DSA
TRACE::2024-11-08.08:53:36::SCWMssOS::Checking the sw design at  C:/Users/realk/Desktop/ece385/ECE385/lab7_2/try5_sdk/mb_usb_hdmi_top/microblaze_0/standalone_microblaze_0/bsp/system.mss
TRACE::2024-11-08.08:53:36::SCWMssOS::DEBUG:  swdes dump  C:/Users/realk/Desktop/ece385/ECE385/lab7_2/try5_sdk/mb_usb_hdmi_top/microblaze_0/standalone_microblaze_0/bsp/system.mss|system||

TRACE::2024-11-08.08:53:36::SCWMssOS::Sw design exists and opened at  C:/Users/realk/Desktop/ece385/ECE385/lab7_2/try5_sdk/mb_usb_hdmi_top/microblaze_0/standalone_microblaze_0/bsp/system.mss
TRACE::2024-11-08.08:53:36::SCWWriter::formatted JSON is {
	"platformName":	"mb_usb_hdmi_top",
	"sprVersion":	"2.0",
	"mode":	"gui",
	"dsaType":	"Fixed",
	"platformDesc":	"mb_usb_hdmi_top",
	"platHandOff":	"C:/Users/realk/Desktop/ece385/ECE385/lab7_2/mb_usb_hdmi_top.xsa",
	"platIntHandOff":	"<platformDir>/hw/mb_usb_hdmi_top.xsa",
	"deviceType":	"FPGA",
	"platIsPrebuiltAutogen":	"false",
	"platIsNoBootBsp":	"false",
	"hasFsblMakeHasChanges":	"false",
	"hasPmufwMakeHasChanges":	"false",
	"platPreBuiltFlag":	false,
	"platformSamplesDir":	"",
	"platActiveSys":	"mb_usb_hdmi_top",
	"systems":	[{
			"systemName":	"mb_usb_hdmi_top",
			"systemDesc":	"mb_usb_hdmi_top",
			"sysIsBootAutoGen":	"true",
			"systemDispName":	"mb_usb_hdmi_top",
			"sysActiveDom":	"standalone_microblaze_0",
			"sysDefaultDom":	"standalone_microblaze_0",
			"domains":	[{
					"domainName":	"standalone_microblaze_0",
					"domainDispName":	"standalone_microblaze_0",
					"domainDesc":	"standalone_microblaze_0",
					"processors":	"microblaze_0",
					"os":	"standalone",
					"sdxOs":	"standalone",
					"debugEnable":	"False",
					"domRuntimes":	["cpp"],
					"swRepo":	"",
					"mssOsVer":	"8.0",
					"mssFile":	"",
					"md5Digest":	"5422c1e5be4ae93f4de8c50507402f2a",
					"compatibleApp":	"",
					"domType":	"mssDomain",
					"arch":	"32-bit",
					"appSettings":	{
						"appCompilerFlags":	"",
						"appLinkerFlags":	""
					},
					"addedLibs":	[],
					"libOptions":	{
						"libsContainingOptions":	[]
					},
					"prebuiltLibs":	{
						"prebuiltIncPath":	[],
						"prebuiltLibPath":	[]
					},
					"isolation":	{
					}
				}]
		}]
}
KEYINFO::2024-11-08.08:53:36::SCWPlatform::updated the xpfm file.
TRACE::2024-11-08.08:53:38::SCWPlatform::Trying to open the hw design at C:/Users/realk/Desktop/ece385/ECE385/lab7_2/try5_sdk/mb_usb_hdmi_top/hw/mb_usb_hdmi_top.xsa
TRACE::2024-11-08.08:53:38::SCWPlatform::DSA given C:/Users/realk/Desktop/ece385/ECE385/lab7_2/try5_sdk/mb_usb_hdmi_top/hw/mb_usb_hdmi_top.xsa
TRACE::2024-11-08.08:53:38::SCWPlatform::DSA absoulate path C:/Users/realk/Desktop/ece385/ECE385/lab7_2/try5_sdk/mb_usb_hdmi_top/hw/mb_usb_hdmi_top.xsa
TRACE::2024-11-08.08:53:38::SCWPlatform::DSA directory C:/Users/realk/Desktop/ece385/ECE385/lab7_2/try5_sdk/mb_usb_hdmi_top/hw
TRACE::2024-11-08.08:53:38::SCWPlatform:: Platform Path C:/Users/realk/Desktop/ece385/ECE385/lab7_2/try5_sdk/mb_usb_hdmi_top/hw/mb_usb_hdmi_top.xsa
TRACE::2024-11-08.08:53:38::SCWPlatform:: Unique name xilinx:::0.0
TRACE::2024-11-08.08:53:38::SCWPlatform::Trying to set the existing hwdb with name mb_usb_hdmi_top_70
TRACE::2024-11-08.08:53:38::SCWPlatform::Opened existing hwdb mb_usb_hdmi_top_70
TRACE::2024-11-08.08:53:38::SCWPlatform::Found the Hw Db part of the input DSA
TRACE::2024-11-08.08:53:38::SCWMssOS::Checking the sw design at  C:/Users/realk/Desktop/ece385/ECE385/lab7_2/try5_sdk/mb_usb_hdmi_top/microblaze_0/standalone_microblaze_0/bsp/system.mss
TRACE::2024-11-08.08:53:38::SCWMssOS::DEBUG:  swdes dump  C:/Users/realk/Desktop/ece385/ECE385/lab7_2/try5_sdk/mb_usb_hdmi_top/microblaze_0/standalone_microblaze_0/bsp/system.mss|system||

TRACE::2024-11-08.08:53:38::SCWMssOS::Sw design exists and opened at  C:/Users/realk/Desktop/ece385/ECE385/lab7_2/try5_sdk/mb_usb_hdmi_top/microblaze_0/standalone_microblaze_0/bsp/system.mss
TRACE::2024-11-08.09:01:15::SCWPlatform::Clearing the existing platform
TRACE::2024-11-08.09:01:15::SCWSystem::Clearing the existing sysconfig
TRACE::2024-11-08.09:01:15::SCWMssOS::Removing the swdes entry for  C:/Users/realk/Desktop/ece385/ECE385/lab7_2/try5_sdk/mb_usb_hdmi_top/microblaze_0/standalone_microblaze_0/bsp/system.mss
TRACE::2024-11-08.09:01:15::SCWSystem::Clearing the domains completed.
TRACE::2024-11-08.09:01:15::SCWPlatform::Clearing the opened hw db.
TRACE::2024-11-08.09:01:15::SCWPlatform::DSA given C:/Users/realk/Desktop/ece385/ECE385/lab7_2/try5_sdk/mb_usb_hdmi_top/hw/mb_usb_hdmi_top.xsa
TRACE::2024-11-08.09:01:15::SCWPlatform::DSA absoulate path C:/Users/realk/Desktop/ece385/ECE385/lab7_2/try5_sdk/mb_usb_hdmi_top/hw/mb_usb_hdmi_top.xsa
TRACE::2024-11-08.09:01:15::SCWPlatform:: Platform location is C:/Users/realk/Desktop/ece385/ECE385/lab7_2/try5_sdk/mb_usb_hdmi_top/hw
TRACE::2024-11-08.09:01:15::SCWPlatform:: Platform Path C:/Users/realk/Desktop/ece385/ECE385/lab7_2/try5_sdk/mb_usb_hdmi_top/hw/mb_usb_hdmi_top.xsa
TRACE::2024-11-08.09:01:15::SCWPlatform:: Unique name xilinx:::0.0
TRACE::2024-11-08.09:01:15::SCWPlatform::Removing the HwDB with name C:/Users/realk/Desktop/ece385/ECE385/lab7_2/try5_sdk/mb_usb_hdmi_top/hw/mb_usb_hdmi_top.xsa
TRACE::2024-11-08.09:01:15::SCWPlatform::Trying to open the hw design at C:/Users/realk/Desktop/ece385/ECE385/lab7_2/try5_sdk/mb_usb_hdmi_top/hw/mb_usb_hdmi_top.xsa
TRACE::2024-11-08.09:01:15::SCWPlatform::DSA given C:/Users/realk/Desktop/ece385/ECE385/lab7_2/try5_sdk/mb_usb_hdmi_top/hw/mb_usb_hdmi_top.xsa
TRACE::2024-11-08.09:01:15::SCWPlatform::DSA absoulate path C:/Users/realk/Desktop/ece385/ECE385/lab7_2/try5_sdk/mb_usb_hdmi_top/hw/mb_usb_hdmi_top.xsa
TRACE::2024-11-08.09:01:15::SCWPlatform::DSA directory C:/Users/realk/Desktop/ece385/ECE385/lab7_2/try5_sdk/mb_usb_hdmi_top/hw
TRACE::2024-11-08.09:01:15::SCWPlatform:: Platform Path C:/Users/realk/Desktop/ece385/ECE385/lab7_2/try5_sdk/mb_usb_hdmi_top/hw/mb_usb_hdmi_top.xsa
TRACE::2024-11-08.09:01:15::SCWPlatform:: Unique name xilinx:::0.0
TRACE::2024-11-08.09:01:15::SCWPlatform::Do not have an existing db opened. 
TRACE::2024-11-08.09:01:15::SCWPlatform::Opened new HwDB with name mb_usb_hdmi_top_72
TRACE::2024-11-08.09:01:15::SCWReader::Active system found as  mb_usb_hdmi_top
TRACE::2024-11-08.09:01:15::SCWReader::Handling sysconfig mb_usb_hdmi_top
TRACE::2024-11-08.09:01:15::SCWDomain::checking for install qemu data   : 
TRACE::2024-11-08.09:01:15::SCWPlatform::Trying to open the hw design at C:/Users/realk/Desktop/ece385/ECE385/lab7_2/try5_sdk/mb_usb_hdmi_top/hw/mb_usb_hdmi_top.xsa
TRACE::2024-11-08.09:01:15::SCWPlatform::DSA given C:/Users/realk/Desktop/ece385/ECE385/lab7_2/try5_sdk/mb_usb_hdmi_top/hw/mb_usb_hdmi_top.xsa
TRACE::2024-11-08.09:01:15::SCWPlatform::DSA absoulate path C:/Users/realk/Desktop/ece385/ECE385/lab7_2/try5_sdk/mb_usb_hdmi_top/hw/mb_usb_hdmi_top.xsa
TRACE::2024-11-08.09:01:15::SCWPlatform::DSA directory C:/Users/realk/Desktop/ece385/ECE385/lab7_2/try5_sdk/mb_usb_hdmi_top/hw
TRACE::2024-11-08.09:01:15::SCWPlatform:: Platform Path C:/Users/realk/Desktop/ece385/ECE385/lab7_2/try5_sdk/mb_usb_hdmi_top/hw/mb_usb_hdmi_top.xsa
TRACE::2024-11-08.09:01:15::SCWPlatform:: Unique name xilinx:::0.0
TRACE::2024-11-08.09:01:15::SCWPlatform::Trying to set the existing hwdb with name mb_usb_hdmi_top_72
TRACE::2024-11-08.09:01:15::SCWPlatform::Opened existing hwdb mb_usb_hdmi_top_72
TRACE::2024-11-08.09:01:15::SCWPlatform::Found the Hw Db part of the input DSA
TRACE::2024-11-08.09:01:15::SCWPlatform::Trying to open the hw design at C:/Users/realk/Desktop/ece385/ECE385/lab7_2/try5_sdk/mb_usb_hdmi_top/hw/mb_usb_hdmi_top.xsa
TRACE::2024-11-08.09:01:15::SCWPlatform::DSA given C:/Users/realk/Desktop/ece385/ECE385/lab7_2/try5_sdk/mb_usb_hdmi_top/hw/mb_usb_hdmi_top.xsa
TRACE::2024-11-08.09:01:15::SCWPlatform::DSA absoulate path C:/Users/realk/Desktop/ece385/ECE385/lab7_2/try5_sdk/mb_usb_hdmi_top/hw/mb_usb_hdmi_top.xsa
TRACE::2024-11-08.09:01:15::SCWPlatform::DSA directory C:/Users/realk/Desktop/ece385/ECE385/lab7_2/try5_sdk/mb_usb_hdmi_top/hw
TRACE::2024-11-08.09:01:15::SCWPlatform:: Platform Path C:/Users/realk/Desktop/ece385/ECE385/lab7_2/try5_sdk/mb_usb_hdmi_top/hw/mb_usb_hdmi_top.xsa
TRACE::2024-11-08.09:01:15::SCWPlatform:: Unique name xilinx:::0.0
TRACE::2024-11-08.09:01:15::SCWPlatform::Trying to set the existing hwdb with name mb_usb_hdmi_top_72
TRACE::2024-11-08.09:01:15::SCWPlatform::Opened existing hwdb mb_usb_hdmi_top_72
TRACE::2024-11-08.09:01:15::SCWPlatform::Found the Hw Db part of the input DSA
TRACE::2024-11-08.09:01:15::SCWPlatform::Trying to open the hw design at C:/Users/realk/Desktop/ece385/ECE385/lab7_2/try5_sdk/mb_usb_hdmi_top/hw/mb_usb_hdmi_top.xsa
TRACE::2024-11-08.09:01:15::SCWPlatform::DSA given C:/Users/realk/Desktop/ece385/ECE385/lab7_2/try5_sdk/mb_usb_hdmi_top/hw/mb_usb_hdmi_top.xsa
TRACE::2024-11-08.09:01:15::SCWPlatform::DSA absoulate path C:/Users/realk/Desktop/ece385/ECE385/lab7_2/try5_sdk/mb_usb_hdmi_top/hw/mb_usb_hdmi_top.xsa
TRACE::2024-11-08.09:01:15::SCWPlatform::DSA directory C:/Users/realk/Desktop/ece385/ECE385/lab7_2/try5_sdk/mb_usb_hdmi_top/hw
TRACE::2024-11-08.09:01:15::SCWPlatform:: Platform Path C:/Users/realk/Desktop/ece385/ECE385/lab7_2/try5_sdk/mb_usb_hdmi_top/hw/mb_usb_hdmi_top.xsa
TRACE::2024-11-08.09:01:15::SCWPlatform:: Unique name xilinx:::0.0
TRACE::2024-11-08.09:01:15::SCWPlatform::Trying to set the existing hwdb with name mb_usb_hdmi_top_72
TRACE::2024-11-08.09:01:15::SCWPlatform::Opened existing hwdb mb_usb_hdmi_top_72
TRACE::2024-11-08.09:01:15::SCWPlatform::Found the Hw Db part of the input DSA
TRACE::2024-11-08.09:01:15::SCWPlatform::Trying to open the hw design at C:/Users/realk/Desktop/ece385/ECE385/lab7_2/try5_sdk/mb_usb_hdmi_top/hw/mb_usb_hdmi_top.xsa
TRACE::2024-11-08.09:01:15::SCWPlatform::DSA given C:/Users/realk/Desktop/ece385/ECE385/lab7_2/try5_sdk/mb_usb_hdmi_top/hw/mb_usb_hdmi_top.xsa
TRACE::2024-11-08.09:01:15::SCWPlatform::DSA absoulate path C:/Users/realk/Desktop/ece385/ECE385/lab7_2/try5_sdk/mb_usb_hdmi_top/hw/mb_usb_hdmi_top.xsa
TRACE::2024-11-08.09:01:15::SCWPlatform::DSA directory C:/Users/realk/Desktop/ece385/ECE385/lab7_2/try5_sdk/mb_usb_hdmi_top/hw
TRACE::2024-11-08.09:01:16::SCWPlatform:: Platform Path C:/Users/realk/Desktop/ece385/ECE385/lab7_2/try5_sdk/mb_usb_hdmi_top/hw/mb_usb_hdmi_top.xsa
TRACE::2024-11-08.09:01:16::SCWPlatform:: Unique name xilinx:::0.0
TRACE::2024-11-08.09:01:16::SCWPlatform::Trying to set the existing hwdb with name mb_usb_hdmi_top_72
TRACE::2024-11-08.09:01:16::SCWPlatform::Opened existing hwdb mb_usb_hdmi_top_72
TRACE::2024-11-08.09:01:16::SCWPlatform::Found the Hw Db part of the input DSA
TRACE::2024-11-08.09:01:16::SCWMssOS::Checking the sw design at  C:/Users/realk/Desktop/ece385/ECE385/lab7_2/try5_sdk/mb_usb_hdmi_top/microblaze_0/standalone_microblaze_0/bsp/system.mss
TRACE::2024-11-08.09:01:16::SCWMssOS::DEBUG:  swdes dump  
TRACE::2024-11-08.09:01:16::SCWMssOS::No sw design opened at  C:/Users/realk/Desktop/ece385/ECE385/lab7_2/try5_sdk/mb_usb_hdmi_top/microblaze_0/standalone_microblaze_0/bsp/system.mss
TRACE::2024-11-08.09:01:16::SCWMssOS::mss exists loading the mss file  C:/Users/realk/Desktop/ece385/ECE385/lab7_2/try5_sdk/mb_usb_hdmi_top/microblaze_0/standalone_microblaze_0/bsp/system.mss
TRACE::2024-11-08.09:01:16::SCWMssOS::Opened the sw design from mss  C:/Users/realk/Desktop/ece385/ECE385/lab7_2/try5_sdk/mb_usb_hdmi_top/microblaze_0/standalone_microblaze_0/bsp/system.mss
TRACE::2024-11-08.09:01:16::SCWMssOS::Adding the swdes entry C:/Users/realk/Desktop/ece385/ECE385/lab7_2/try5_sdk/mb_usb_hdmi_top/microblaze_0/standalone_microblaze_0/bsp/system.mss with des name system
TRACE::2024-11-08.09:01:16::SCWMssOS::updating the scw layer about changes
TRACE::2024-11-08.09:01:16::SCWMssOS::Opened the sw design.  C:/Users/realk/Desktop/ece385/ECE385/lab7_2/try5_sdk/mb_usb_hdmi_top/microblaze_0/standalone_microblaze_0/bsp/system.mss
TRACE::2024-11-08.09:01:16::SCWMssOS::Saving the mss changes C:/Users/realk/Desktop/ece385/ECE385/lab7_2/try5_sdk/mb_usb_hdmi_top/microblaze_0/standalone_microblaze_0/bsp/system.mss
TRACE::2024-11-08.09:01:16::SCWMssOS::Found a swdesign opened with the mssfile.
TRACE::2024-11-08.09:01:16::SCWMssOS::Completed writemss as part of save.
TRACE::2024-11-08.09:01:16::SCWMssOS::Commit changes completed.
TRACE::2024-11-08.09:01:16::SCWReader::Adding prebuilt librarypaths as   
TRACE::2024-11-08.09:01:16::SCWReader::Adding prebuilt incpaths  as   
TRACE::2024-11-08.09:01:16::SCWPlatform::Trying to open the hw design at C:/Users/realk/Desktop/ece385/ECE385/lab7_2/try5_sdk/mb_usb_hdmi_top/hw/mb_usb_hdmi_top.xsa
TRACE::2024-11-08.09:01:16::SCWPlatform::DSA given C:/Users/realk/Desktop/ece385/ECE385/lab7_2/try5_sdk/mb_usb_hdmi_top/hw/mb_usb_hdmi_top.xsa
TRACE::2024-11-08.09:01:16::SCWPlatform::DSA absoulate path C:/Users/realk/Desktop/ece385/ECE385/lab7_2/try5_sdk/mb_usb_hdmi_top/hw/mb_usb_hdmi_top.xsa
TRACE::2024-11-08.09:01:16::SCWPlatform::DSA directory C:/Users/realk/Desktop/ece385/ECE385/lab7_2/try5_sdk/mb_usb_hdmi_top/hw
TRACE::2024-11-08.09:01:16::SCWPlatform:: Platform Path C:/Users/realk/Desktop/ece385/ECE385/lab7_2/try5_sdk/mb_usb_hdmi_top/hw/mb_usb_hdmi_top.xsa
TRACE::2024-11-08.09:01:16::SCWPlatform:: Unique name xilinx:::0.0
TRACE::2024-11-08.09:01:16::SCWPlatform::Trying to set the existing hwdb with name mb_usb_hdmi_top_72
TRACE::2024-11-08.09:01:16::SCWPlatform::Opened existing hwdb mb_usb_hdmi_top_72
TRACE::2024-11-08.09:01:16::SCWPlatform::Found the Hw Db part of the input DSA
TRACE::2024-11-08.09:01:16::SCWMssOS::Checking the sw design at  C:/Users/realk/Desktop/ece385/ECE385/lab7_2/try5_sdk/mb_usb_hdmi_top/microblaze_0/standalone_microblaze_0/bsp/system.mss
TRACE::2024-11-08.09:01:16::SCWMssOS::DEBUG:  swdes dump  C:/Users/realk/Desktop/ece385/ECE385/lab7_2/try5_sdk/mb_usb_hdmi_top/microblaze_0/standalone_microblaze_0/bsp/system.mss|system||

TRACE::2024-11-08.09:01:16::SCWMssOS::Sw design exists and opened at  C:/Users/realk/Desktop/ece385/ECE385/lab7_2/try5_sdk/mb_usb_hdmi_top/microblaze_0/standalone_microblaze_0/bsp/system.mss
TRACE::2024-11-08.09:01:16::SCWReader::No isolation master present  
TRACE::2024-11-08.09:01:19::SCWPlatform::DSA given C:/Users/realk/Desktop/ece385/ECE385/lab7_2/try5_sdk/mb_usb_hdmi_top/tempdsa/mb_usb_hdmi_top.xsa
TRACE::2024-11-08.09:01:19::SCWPlatform::DSA absoulate path C:/Users/realk/Desktop/ece385/ECE385/lab7_2/try5_sdk/mb_usb_hdmi_top/tempdsa/mb_usb_hdmi_top.xsa
TRACE::2024-11-08.09:01:19::SCWPlatform:: Platform location is C:/Users/realk/Desktop/ece385/ECE385/lab7_2/try5_sdk/mb_usb_hdmi_top/tempdsa
TRACE::2024-11-08.09:01:19::SCWPlatform:: Platform Path C:/Users/realk/Desktop/ece385/ECE385/lab7_2/try5_sdk/mb_usb_hdmi_top/tempdsa/mb_usb_hdmi_top.xsa
TRACE::2024-11-08.09:01:19::SCWPlatform:: Unique name xilinx:::0.0
TRACE::2024-11-08.09:01:19::SCWPlatform::Found the Hw Db part of the input DSA
TRACE::2024-11-08.09:01:19::SCWMssOS::Doing hw sync for the mss in domain: standalone_microblaze_0
TRACE::2024-11-08.09:01:19::SCWPlatform::Trying to open the hw design at C:/Users/realk/Desktop/ece385/ECE385/lab7_2/try5_sdk/mb_usb_hdmi_top/hw/mb_usb_hdmi_top.xsa
TRACE::2024-11-08.09:01:19::SCWPlatform::DSA given C:/Users/realk/Desktop/ece385/ECE385/lab7_2/try5_sdk/mb_usb_hdmi_top/hw/mb_usb_hdmi_top.xsa
TRACE::2024-11-08.09:01:19::SCWPlatform::DSA absoulate path C:/Users/realk/Desktop/ece385/ECE385/lab7_2/try5_sdk/mb_usb_hdmi_top/hw/mb_usb_hdmi_top.xsa
TRACE::2024-11-08.09:01:19::SCWPlatform::DSA directory C:/Users/realk/Desktop/ece385/ECE385/lab7_2/try5_sdk/mb_usb_hdmi_top/hw
TRACE::2024-11-08.09:01:19::SCWPlatform:: Platform Path C:/Users/realk/Desktop/ece385/ECE385/lab7_2/try5_sdk/mb_usb_hdmi_top/hw/mb_usb_hdmi_top.xsa
TRACE::2024-11-08.09:01:19::SCWPlatform:: Unique name xilinx:::0.0
TRACE::2024-11-08.09:01:19::SCWPlatform::Trying to set the existing hwdb with name mb_usb_hdmi_top_72
TRACE::2024-11-08.09:01:19::SCWPlatform::Opened existing hwdb mb_usb_hdmi_top_72
TRACE::2024-11-08.09:01:19::SCWPlatform::Found the Hw Db part of the input DSA
TRACE::2024-11-08.09:01:19::SCWPlatform::Trying to open the hw design at C:/Users/realk/Desktop/ece385/ECE385/lab7_2/try5_sdk/mb_usb_hdmi_top/hw/mb_usb_hdmi_top.xsa
TRACE::2024-11-08.09:01:19::SCWPlatform::DSA given C:/Users/realk/Desktop/ece385/ECE385/lab7_2/try5_sdk/mb_usb_hdmi_top/hw/mb_usb_hdmi_top.xsa
TRACE::2024-11-08.09:01:19::SCWPlatform::DSA absoulate path C:/Users/realk/Desktop/ece385/ECE385/lab7_2/try5_sdk/mb_usb_hdmi_top/hw/mb_usb_hdmi_top.xsa
TRACE::2024-11-08.09:01:19::SCWPlatform::DSA directory C:/Users/realk/Desktop/ece385/ECE385/lab7_2/try5_sdk/mb_usb_hdmi_top/hw
TRACE::2024-11-08.09:01:19::SCWPlatform:: Platform Path C:/Users/realk/Desktop/ece385/ECE385/lab7_2/try5_sdk/mb_usb_hdmi_top/hw/mb_usb_hdmi_top.xsa
TRACE::2024-11-08.09:01:19::SCWPlatform:: Unique name xilinx:::0.0
TRACE::2024-11-08.09:01:19::SCWPlatform::Trying to set the existing hwdb with name mb_usb_hdmi_top_72
TRACE::2024-11-08.09:01:19::SCWPlatform::Opened existing hwdb mb_usb_hdmi_top_72
TRACE::2024-11-08.09:01:19::SCWPlatform::Found the Hw Db part of the input DSA
TRACE::2024-11-08.09:01:19::SCWMssOS::Checking the sw design at  C:/Users/realk/Desktop/ece385/ECE385/lab7_2/try5_sdk/mb_usb_hdmi_top/microblaze_0/standalone_microblaze_0/bsp/system.mss
TRACE::2024-11-08.09:01:19::SCWMssOS::DEBUG:  swdes dump  C:/Users/realk/Desktop/ece385/ECE385/lab7_2/try5_sdk/mb_usb_hdmi_top/microblaze_0/standalone_microblaze_0/bsp/system.mss|system||

TRACE::2024-11-08.09:01:19::SCWMssOS::Sw design exists and opened at  C:/Users/realk/Desktop/ece385/ECE385/lab7_2/try5_sdk/mb_usb_hdmi_top/microblaze_0/standalone_microblaze_0/bsp/system.mss
TRACE::2024-11-08.09:01:19::SCWPlatform::Trying to open the hw design at C:/Users/realk/Desktop/ece385/ECE385/lab7_2/try5_sdk/mb_usb_hdmi_top/tempdsa/mb_usb_hdmi_top.xsa
TRACE::2024-11-08.09:01:19::SCWPlatform::DSA given C:/Users/realk/Desktop/ece385/ECE385/lab7_2/try5_sdk/mb_usb_hdmi_top/tempdsa/mb_usb_hdmi_top.xsa
TRACE::2024-11-08.09:01:19::SCWPlatform::DSA absoulate path C:/Users/realk/Desktop/ece385/ECE385/lab7_2/try5_sdk/mb_usb_hdmi_top/tempdsa/mb_usb_hdmi_top.xsa
TRACE::2024-11-08.09:01:19::SCWPlatform::DSA directory C:/Users/realk/Desktop/ece385/ECE385/lab7_2/try5_sdk/mb_usb_hdmi_top/tempdsa
TRACE::2024-11-08.09:01:19::SCWPlatform:: Platform Path C:/Users/realk/Desktop/ece385/ECE385/lab7_2/try5_sdk/mb_usb_hdmi_top/tempdsa/mb_usb_hdmi_top.xsa
TRACE::2024-11-08.09:01:19::SCWPlatform:: Unique name xilinx:::0.0
TRACE::2024-11-08.09:01:19::SCWPlatform::update - Opened existing hwdb mb_usb_hdmi_top_73
TRACE::2024-11-08.09:01:19::SCWPlatform::Found the Hw Db part of the input DSA
TRACE::2024-11-08.09:01:19::SCWMssOS::Saving the mss changes C:/Users/realk/Desktop/ece385/ECE385/lab7_2/try5_sdk/mb_usb_hdmi_top/microblaze_0/standalone_microblaze_0/bsp/system.mss
TRACE::2024-11-08.09:01:19::SCWMssOS::Found a swdesign opened with the mssfile.
TRACE::2024-11-08.09:01:19::SCWMssOS::Completed writemss as part of save.
TRACE::2024-11-08.09:01:19::SCWMssOS::Commit changes completed.
TRACE::2024-11-08.09:01:19::SCWMssOS::Completed hw sync for the mss in domain: standalone_microblaze_0
TRACE::2024-11-08.09:01:19::SCWMssOS::Removing the swdes entry for  C:/Users/realk/Desktop/ece385/ECE385/lab7_2/try5_sdk/mb_usb_hdmi_top/microblaze_0/standalone_microblaze_0/bsp/system.mss
TRACE::2024-11-08.09:01:19::SCWPlatform::Trying to open the hw design at C:/Users/realk/Desktop/ece385/ECE385/lab7_2/try5_sdk/mb_usb_hdmi_top/hw/mb_usb_hdmi_top.xsa
TRACE::2024-11-08.09:01:19::SCWPlatform::DSA given C:/Users/realk/Desktop/ece385/ECE385/lab7_2/try5_sdk/mb_usb_hdmi_top/hw/mb_usb_hdmi_top.xsa
TRACE::2024-11-08.09:01:19::SCWPlatform::DSA absoulate path C:/Users/realk/Desktop/ece385/ECE385/lab7_2/try5_sdk/mb_usb_hdmi_top/hw/mb_usb_hdmi_top.xsa
TRACE::2024-11-08.09:01:19::SCWPlatform::DSA directory C:/Users/realk/Desktop/ece385/ECE385/lab7_2/try5_sdk/mb_usb_hdmi_top/hw
TRACE::2024-11-08.09:01:19::SCWPlatform:: Platform Path C:/Users/realk/Desktop/ece385/ECE385/lab7_2/try5_sdk/mb_usb_hdmi_top/hw/mb_usb_hdmi_top.xsa
TRACE::2024-11-08.09:01:19::SCWPlatform:: Unique name xilinx:::0.0
TRACE::2024-11-08.09:01:19::SCWPlatform::Do not have an existing db opened. 
TRACE::2024-11-08.09:01:19::SCWPlatform::Opened new HwDB with name mb_usb_hdmi_top_74
TRACE::2024-11-08.09:01:19::SCWMssOS::Saving the mss changes C:/Users/realk/Desktop/ece385/ECE385/lab7_2/try5_sdk/mb_usb_hdmi_top/microblaze_0/standalone_microblaze_0/bsp/system.mss
TRACE::2024-11-08.09:01:19::SCWMssOS::Adding the swdes entry, mss present, able to open swdb C:/Users/realk/Desktop/ece385/ECE385/lab7_2/try5_sdk/mb_usb_hdmi_top/microblaze_0/standalone_microblaze_0/bsp/system.mss with des name system
TRACE::2024-11-08.09:01:19::SCWMssOS::Writing the mss file completed C:/Users/realk/Desktop/ece385/ECE385/lab7_2/try5_sdk/mb_usb_hdmi_top/microblaze_0/standalone_microblaze_0/bsp/system.mss
TRACE::2024-11-08.09:01:19::SCWMssOS::Commit changes completed.
TRACE::2024-11-08.09:01:19::SCWPlatform::Trying to open the hw design at C:/Users/realk/Desktop/ece385/ECE385/lab7_2/try5_sdk/mb_usb_hdmi_top/hw/mb_usb_hdmi_top.xsa
TRACE::2024-11-08.09:01:19::SCWPlatform::DSA given C:/Users/realk/Desktop/ece385/ECE385/lab7_2/try5_sdk/mb_usb_hdmi_top/hw/mb_usb_hdmi_top.xsa
TRACE::2024-11-08.09:01:19::SCWPlatform::DSA absoulate path C:/Users/realk/Desktop/ece385/ECE385/lab7_2/try5_sdk/mb_usb_hdmi_top/hw/mb_usb_hdmi_top.xsa
TRACE::2024-11-08.09:01:19::SCWPlatform::DSA directory C:/Users/realk/Desktop/ece385/ECE385/lab7_2/try5_sdk/mb_usb_hdmi_top/hw
TRACE::2024-11-08.09:01:19::SCWPlatform:: Platform Path C:/Users/realk/Desktop/ece385/ECE385/lab7_2/try5_sdk/mb_usb_hdmi_top/hw/mb_usb_hdmi_top.xsa
TRACE::2024-11-08.09:01:19::SCWPlatform:: Unique name xilinx:::0.0
TRACE::2024-11-08.09:01:19::SCWPlatform::Trying to set the existing hwdb with name mb_usb_hdmi_top_74
TRACE::2024-11-08.09:01:19::SCWPlatform::Opened existing hwdb mb_usb_hdmi_top_74
TRACE::2024-11-08.09:01:19::SCWPlatform::Found the Hw Db part of the input DSA
TRACE::2024-11-08.09:01:19::SCWMssOS::Checking the sw design at  C:/Users/realk/Desktop/ece385/ECE385/lab7_2/try5_sdk/mb_usb_hdmi_top/microblaze_0/standalone_microblaze_0/bsp/system.mss
TRACE::2024-11-08.09:01:19::SCWMssOS::DEBUG:  swdes dump  C:/Users/realk/Desktop/ece385/ECE385/lab7_2/try5_sdk/mb_usb_hdmi_top/microblaze_0/standalone_microblaze_0/bsp/system.mss|system||

TRACE::2024-11-08.09:01:19::SCWMssOS::Sw design exists and opened at  C:/Users/realk/Desktop/ece385/ECE385/lab7_2/try5_sdk/mb_usb_hdmi_top/microblaze_0/standalone_microblaze_0/bsp/system.mss
TRACE::2024-11-08.09:01:19::SCWWriter::formatted JSON is {
	"platformName":	"mb_usb_hdmi_top",
	"sprVersion":	"2.0",
	"mode":	"gui",
	"dsaType":	"Fixed",
	"platformDesc":	"mb_usb_hdmi_top",
	"platHandOff":	"C:/Users/realk/Desktop/ece385/ECE385/lab7_2/mb_usb_hdmi_top.xsa",
	"platIntHandOff":	"<platformDir>/hw/mb_usb_hdmi_top.xsa",
	"deviceType":	"FPGA",
	"platIsPrebuiltAutogen":	"false",
	"platIsNoBootBsp":	"false",
	"hasFsblMakeHasChanges":	"false",
	"hasPmufwMakeHasChanges":	"false",
	"platPreBuiltFlag":	false,
	"platformSamplesDir":	"",
	"platActiveSys":	"mb_usb_hdmi_top",
	"systems":	[{
			"systemName":	"mb_usb_hdmi_top",
			"systemDesc":	"mb_usb_hdmi_top",
			"sysIsBootAutoGen":	"true",
			"systemDispName":	"mb_usb_hdmi_top",
			"sysActiveDom":	"standalone_microblaze_0",
			"sysDefaultDom":	"standalone_microblaze_0",
			"domains":	[{
					"domainName":	"standalone_microblaze_0",
					"domainDispName":	"standalone_microblaze_0",
					"domainDesc":	"standalone_microblaze_0",
					"processors":	"microblaze_0",
					"os":	"standalone",
					"sdxOs":	"standalone",
					"debugEnable":	"False",
					"domRuntimes":	["cpp"],
					"swRepo":	"",
					"mssOsVer":	"8.0",
					"mssFile":	"",
					"md5Digest":	"5422c1e5be4ae93f4de8c50507402f2a1",
					"compatibleApp":	"",
					"domType":	"mssDomain",
					"arch":	"32-bit",
					"appSettings":	{
						"appCompilerFlags":	"",
						"appLinkerFlags":	""
					},
					"addedLibs":	[],
					"libOptions":	{
						"libsContainingOptions":	[]
					},
					"prebuiltLibs":	{
						"prebuiltIncPath":	[],
						"prebuiltLibPath":	[]
					},
					"isolation":	{
					}
				}]
		}]
}
TRACE::2024-11-08.09:01:31::SCWMssOS::cleaning the bsp 
TRACE::2024-11-08.09:01:31::SCWMssOS::System Command Ran  C: & cd  C:/Users/realk/Desktop/ece385/ECE385/lab7_2/try5_sdk/mb_usb_hdmi_top/microblaze_0/standalone_microblaze_0/bsp & make clean 
TRACE::2024-11-08.09:01:31::SCWMssOS::make -C microblaze_0/libsrc/bram_v4_8/src -s clean 

TRACE::2024-11-08.09:01:31::SCWMssOS::make -C microblaze_0/libsrc/cpu_v2_16/src -s clean 

TRACE::2024-11-08.09:01:31::SCWMssOS::make -C microblaze_0/libsrc/intc_v3_15/src -s clean 

TRACE::2024-11-08.09:01:31::SCWMssOS::make -C microblaze_0/libsrc/standalone_v8_0/src -s clean 

TRACE::2024-11-08.09:01:32::SCWMssOS::make -C microblaze_0/libsrc/uartlite_v3_7/src -s clean 

TRACE::2024-11-08.09:01:32::SCWMssOS::rm -f microblaze_0/lib/libxil.a

LOG::2024-11-08.09:02:38::SCWPlatform::Started generating the artifacts platform mb_usb_hdmi_top
TRACE::2024-11-08.09:02:38::SCWPlatform::Sanity checking of platform is completed
LOG::2024-11-08.09:02:38::SCWPlatform::Started generating the artifacts for system configuration mb_usb_hdmi_top
LOG::2024-11-08.09:02:38::SCWSystem::Checking the domain standalone_microblaze_0
LOG::2024-11-08.09:02:38::SCWSystem::Not a boot domain 
LOG::2024-11-08.09:02:38::SCWSystem::Started Processing the domain standalone_microblaze_0
TRACE::2024-11-08.09:02:38::SCWDomain::Generating domain artifcats
TRACE::2024-11-08.09:02:38::SCWMssOS::Generating standalone artifcats
TRACE::2024-11-08.09:02:38::SCWMssOS:: Copying the user libraries. 
TRACE::2024-11-08.09:02:38::SCWPlatform::Trying to open the hw design at C:/Users/realk/Desktop/ece385/ECE385/lab7_2/try5_sdk/mb_usb_hdmi_top/hw/mb_usb_hdmi_top.xsa
TRACE::2024-11-08.09:02:38::SCWPlatform::DSA given C:/Users/realk/Desktop/ece385/ECE385/lab7_2/try5_sdk/mb_usb_hdmi_top/hw/mb_usb_hdmi_top.xsa
TRACE::2024-11-08.09:02:38::SCWPlatform::DSA absoulate path C:/Users/realk/Desktop/ece385/ECE385/lab7_2/try5_sdk/mb_usb_hdmi_top/hw/mb_usb_hdmi_top.xsa
TRACE::2024-11-08.09:02:38::SCWPlatform::DSA directory C:/Users/realk/Desktop/ece385/ECE385/lab7_2/try5_sdk/mb_usb_hdmi_top/hw
TRACE::2024-11-08.09:02:38::SCWPlatform:: Platform Path C:/Users/realk/Desktop/ece385/ECE385/lab7_2/try5_sdk/mb_usb_hdmi_top/hw/mb_usb_hdmi_top.xsa
TRACE::2024-11-08.09:02:38::SCWPlatform:: Unique name xilinx:::0.0
TRACE::2024-11-08.09:02:38::SCWPlatform::Trying to set the existing hwdb with name mb_usb_hdmi_top_74
TRACE::2024-11-08.09:02:38::SCWPlatform::Opened existing hwdb mb_usb_hdmi_top_74
TRACE::2024-11-08.09:02:38::SCWPlatform::Found the Hw Db part of the input DSA
TRACE::2024-11-08.09:02:38::SCWMssOS::Checking the sw design at  C:/Users/realk/Desktop/ece385/ECE385/lab7_2/try5_sdk/mb_usb_hdmi_top/microblaze_0/standalone_microblaze_0/bsp/system.mss
TRACE::2024-11-08.09:02:38::SCWMssOS::DEBUG:  swdes dump  C:/Users/realk/Desktop/ece385/ECE385/lab7_2/try5_sdk/mb_usb_hdmi_top/microblaze_0/standalone_microblaze_0/bsp/system.mss|system||

TRACE::2024-11-08.09:02:38::SCWMssOS::Sw design exists and opened at  C:/Users/realk/Desktop/ece385/ECE385/lab7_2/try5_sdk/mb_usb_hdmi_top/microblaze_0/standalone_microblaze_0/bsp/system.mss
TRACE::2024-11-08.09:02:38::SCWMssOS::Completed writing the mss file at C:/Users/realk/Desktop/ece385/ECE385/lab7_2/try5_sdk/mb_usb_hdmi_top/microblaze_0/standalone_microblaze_0/bsp
TRACE::2024-11-08.09:02:38::SCWMssOS::Mss edits present, copying mssfile into export location C:/Users/realk/Desktop/ece385/ECE385/lab7_2/try5_sdk/mb_usb_hdmi_top/microblaze_0/standalone_microblaze_0/bsp/system.mss
TRACE::2024-11-08.09:02:38::SCWMssOS::bsp generated is stale removing and regenerating. 
TRACE::2024-11-08.09:02:40::SCWMssOS::doing bsp build ... 
TRACE::2024-11-08.09:02:40::SCWMssOS::System Command Ran  C: & cd  C:/Users/realk/Desktop/ece385/ECE385/lab7_2/try5_sdk/mb_usb_hdmi_top/microblaze_0/standalone_microblaze_0/bsp & make 
TRACE::2024-11-08.09:02:40::SCWMssOS::make --no-print-directory seq_libs

TRACE::2024-11-08.09:02:40::SCWMssOS::'Finished building libraries sequentially.'

TRACE::2024-11-08.09:02:40::SCWMssOS::make -j 14 --no-print-directory par_libs

TRACE::2024-11-08.09:02:41::SCWMssOS::"Running Make include in microblaze_0/libsrc/bram_v4_8/src"

TRACE::2024-11-08.09:02:41::SCWMssOS::make -C microblaze_0/libsrc/bram_v4_8/src -s include  "SHELL=CMD" "COMPILER=mb-gcc" "ASSEMBLER=mb-as" "ARCHIVER=mb-ar" "COMPILE
TRACE::2024-11-08.09:02:41::SCWMssOS::R_FLAGS=  -O2 -c -mcpu=v11.0 -mlittle-endian -mno-xl-reorder -mno-xl-soft-mul -mxl-barrel-shift -mxl-pattern-compare" "EXTRA_CO
TRACE::2024-11-08.09:02:41::SCWMssOS::MPILER_FLAGS=-g -ffunction-sections -fdata-sections -Wall -Wextra -fno-tree-loop-distribute-patterns"

TRACE::2024-11-08.09:02:41::SCWMssOS::"Running Make include in microblaze_0/libsrc/cpu_v2_16/src"

TRACE::2024-11-08.09:02:41::SCWMssOS::make -C microblaze_0/libsrc/cpu_v2_16/src -s include  "SHELL=CMD" "COMPILER=mb-gcc" "ASSEMBLER=mb-as" "ARCHIVER=mb-ar" "COMPILE
TRACE::2024-11-08.09:02:41::SCWMssOS::R_FLAGS=  -O2 -c -mcpu=v11.0 -mlittle-endian -mno-xl-reorder -mno-xl-soft-mul -mxl-barrel-shift -mxl-pattern-compare" "EXTRA_CO
TRACE::2024-11-08.09:02:41::SCWMssOS::MPILER_FLAGS=-g -ffunction-sections -fdata-sections -Wall -Wextra -fno-tree-loop-distribute-patterns"

TRACE::2024-11-08.09:02:41::SCWMssOS::"Running Make include in microblaze_0/libsrc/intc_v3_15/src"

TRACE::2024-11-08.09:02:41::SCWMssOS::make -C microblaze_0/libsrc/intc_v3_15/src -s include  "SHELL=CMD" "COMPILER=mb-gcc" "ASSEMBLER=mb-as" "ARCHIVER=mb-ar" "COMPIL
TRACE::2024-11-08.09:02:41::SCWMssOS::ER_FLAGS=  -O2 -c -mcpu=v11.0 -mlittle-endian -mno-xl-reorder -mno-xl-soft-mul -mxl-barrel-shift -mxl-pattern-compare" "EXTRA_C
TRACE::2024-11-08.09:02:41::SCWMssOS::OMPILER_FLAGS=-g -ffunction-sections -fdata-sections -Wall -Wextra -fno-tree-loop-distribute-patterns"

TRACE::2024-11-08.09:02:41::SCWMssOS::"Running Make include in microblaze_0/libsrc/standalone_v8_0/src"

TRACE::2024-11-08.09:02:41::SCWMssOS::make -C microblaze_0/libsrc/standalone_v8_0/src -s include  "SHELL=CMD" "COMPILER=mb-gcc" "ASSEMBLER=mb-as" "ARCHIVER=mb-ar" "C
TRACE::2024-11-08.09:02:41::SCWMssOS::OMPILER_FLAGS=  -O2 -c -mcpu=v11.0 -mlittle-endian -mno-xl-reorder -mno-xl-soft-mul -mxl-barrel-shift -mxl-pattern-compare" "EX
TRACE::2024-11-08.09:02:41::SCWMssOS::TRA_COMPILER_FLAGS=-g -ffunction-sections -fdata-sections -Wall -Wextra -fno-tree-loop-distribute-patterns"

TRACE::2024-11-08.09:02:41::SCWMssOS::"Running Make include in microblaze_0/libsrc/uartlite_v3_7/src"

TRACE::2024-11-08.09:02:41::SCWMssOS::make -C microblaze_0/libsrc/uartlite_v3_7/src -s include  "SHELL=CMD" "COMPILER=mb-gcc" "ASSEMBLER=mb-as" "ARCHIVER=mb-ar" "COM
TRACE::2024-11-08.09:02:41::SCWMssOS::PILER_FLAGS=  -O2 -c -mcpu=v11.0 -mlittle-endian -mno-xl-reorder -mno-xl-soft-mul -mxl-barrel-shift -mxl-pattern-compare" "EXTR
TRACE::2024-11-08.09:02:41::SCWMssOS::A_COMPILER_FLAGS=-g -ffunction-sections -fdata-sections -Wall -Wextra -fno-tree-loop-distribute-patterns"

TRACE::2024-11-08.09:02:41::SCWMssOS::"Running Make libs in microblaze_0/libsrc/bram_v4_8/src"

TRACE::2024-11-08.09:02:41::SCWMssOS::make -C microblaze_0/libsrc/bram_v4_8/src -s libs  "SHELL=CMD" "COMPILER=mb-gcc" "ASSEMBLER=mb-as" "ARCHIVER=mb-ar" "COMPILER_F
TRACE::2024-11-08.09:02:41::SCWMssOS::LAGS=  -O2 -c -mcpu=v11.0 -mlittle-endian -mno-xl-reorder -mno-xl-soft-mul -mxl-barrel-shift -mxl-pattern-compare" "EXTRA_COMPI
TRACE::2024-11-08.09:02:41::SCWMssOS::LER_FLAGS=-g -ffunction-sections -fdata-sections -Wall -Wextra -fno-tree-loop-distribute-patterns"

TRACE::2024-11-08.09:02:41::SCWMssOS::"Running Make libs in microblaze_0/libsrc/cpu_v2_16/src"

TRACE::2024-11-08.09:02:41::SCWMssOS::make -C microblaze_0/libsrc/cpu_v2_16/src -s libs  "SHELL=CMD" "COMPILER=mb-gcc" "ASSEMBLER=mb-as" "ARCHIVER=mb-ar" "COMPILER_F
TRACE::2024-11-08.09:02:41::SCWMssOS::LAGS=  -O2 -c -mcpu=v11.0 -mlittle-endian -mno-xl-reorder -mno-xl-soft-mul -mxl-barrel-shift -mxl-pattern-compare" "EXTRA_COMPI
TRACE::2024-11-08.09:02:41::SCWMssOS::LER_FLAGS=-g -ffunction-sections -fdata-sections -Wall -Wextra -fno-tree-loop-distribute-patterns"

TRACE::2024-11-08.09:02:41::SCWMssOS::"Running Make libs in microblaze_0/libsrc/intc_v3_15/src"

TRACE::2024-11-08.09:02:41::SCWMssOS::make -C microblaze_0/libsrc/intc_v3_15/src -s libs  "SHELL=CMD" "COMPILER=mb-gcc" "ASSEMBLER=mb-as" "ARCHIVER=mb-ar" "COMPILER_
TRACE::2024-11-08.09:02:41::SCWMssOS::FLAGS=  -O2 -c -mcpu=v11.0 -mlittle-endian -mno-xl-reorder -mno-xl-soft-mul -mxl-barrel-shift -mxl-pattern-compare" "EXTRA_COMP
TRACE::2024-11-08.09:02:41::SCWMssOS::ILER_FLAGS=-g -ffunction-sections -fdata-sections -Wall -Wextra -fno-tree-loop-distribute-patterns"

TRACE::2024-11-08.09:02:41::SCWMssOS::"Running Make libs in microblaze_0/libsrc/standalone_v8_0/src"

TRACE::2024-11-08.09:02:41::SCWMssOS::make -C microblaze_0/libsrc/standalone_v8_0/src -s libs  "SHELL=CMD" "COMPILER=mb-gcc" "ASSEMBLER=mb-as" "ARCHIVER=mb-ar" "COMP
TRACE::2024-11-08.09:02:41::SCWMssOS::ILER_FLAGS=  -O2 -c -mcpu=v11.0 -mlittle-endian -mno-xl-reorder -mno-xl-soft-mul -mxl-barrel-shift -mxl-pattern-compare" "EXTRA
TRACE::2024-11-08.09:02:41::SCWMssOS::_COMPILER_FLAGS=-g -ffunction-sections -fdata-sections -Wall -Wextra -fno-tree-loop-distribute-patterns"

TRACE::2024-11-08.09:02:41::SCWMssOS::"Running Make libs in microblaze_0/libsrc/uartlite_v3_7/src"

TRACE::2024-11-08.09:02:41::SCWMssOS::make -C microblaze_0/libsrc/uartlite_v3_7/src -s libs  "SHELL=CMD" "COMPILER=mb-gcc" "ASSEMBLER=mb-as" "ARCHIVER=mb-ar" "COMPIL
TRACE::2024-11-08.09:02:41::SCWMssOS::ER_FLAGS=  -O2 -c -mcpu=v11.0 -mlittle-endian -mno-xl-reorder -mno-xl-soft-mul -mxl-barrel-shift -mxl-pattern-compare" "EXTRA_C
TRACE::2024-11-08.09:02:41::SCWMssOS::OMPILER_FLAGS=-g -ffunction-sections -fdata-sections -Wall -Wextra -fno-tree-loop-distribute-patterns"

TRACE::2024-11-08.09:02:45::SCWMssOS::"DEBUG NON_LTO_OBJECTS is ../../../lib/microblaze_interrupt_handler.o"

TRACE::2024-11-08.09:02:46::SCWMssOS::'Finished building libraries parallelly.'

TRACE::2024-11-08.09:02:46::SCWMssOS::make --no-print-directory archive

TRACE::2024-11-08.09:02:46::SCWMssOS::mb-ar -r  microblaze_0/lib/libxil.a microblaze_0/lib/_exit.o microblaze_0/lib/errno.o microblaze_0/lib/fcntl.o microblaze_0/lib
TRACE::2024-11-08.09:02:46::SCWMssOS::/hw_exception_handler.o microblaze_0/lib/inbyte.o microblaze_0/lib/microblaze_disable_dcache.o microblaze_0/lib/microblaze_disa
TRACE::2024-11-08.09:02:46::SCWMssOS::ble_exceptions.o microblaze_0/lib/microblaze_disable_icache.o microblaze_0/lib/microblaze_disable_interrupts.o microblaze_0/lib
TRACE::2024-11-08.09:02:46::SCWMssOS::/microblaze_enable_dcache.o microblaze_0/lib/microblaze_enable_exceptions.o microblaze_0/lib/microblaze_enable_icache.o microbl
TRACE::2024-11-08.09:02:46::SCWMssOS::aze_0/lib/microblaze_enable_interrupts.o microblaze_0/lib/microblaze_exception_handler.o microblaze_0/lib/microblaze_flush_cach
TRACE::2024-11-08.09:02:46::SCWMssOS::e_ext.o microblaze_0/lib/microblaze_flush_cache_ext_range.o microblaze_0/lib/microblaze_flush_dcache.o microblaze_0/lib/microbl
TRACE::2024-11-08.09:02:46::SCWMssOS::aze_flush_dcache_range.o microblaze_0/lib/microblaze_init_dcache_range.o microblaze_0/lib/microblaze_init_icache_range.o microb
TRACE::2024-11-08.09:02:46::SCWMssOS::laze_0/lib/microblaze_interrupt_handler.o microblaze_0/lib/microblaze_interrupts_g.o microblaze_0/lib/microblaze_invalidate_cac
TRACE::2024-11-08.09:02:46::SCWMssOS::he_ext.o microblaze_0/lib/microblaze_invalidate_cache_ext_range.o microblaze_0/lib/microblaze_invalidate_dcache.o microblaze_0/
TRACE::2024-11-08.09:02:46::SCWMssOS::lib/microblaze_invalidate_dcache_range.o microblaze_0/lib/microblaze_invalidate_icache.o microblaze_0/lib/microblaze_invalidate
TRACE::2024-11-08.09:02:46::SCWMssOS::_icache_range.o microblaze_0/lib/microblaze_scrub.o microblaze_0/lib/microblaze_selftest.o microblaze_0/lib/microblaze_sleep.o 
TRACE::2024-11-08.09:02:46::SCWMssOS::microblaze_0/lib/microblaze_update_dcache.o microblaze_0/lib/microblaze_update_icache.o microblaze_0/lib/outbyte.o microblaze_0
TRACE::2024-11-08.09:02:46::SCWMssOS::/lib/print.o microblaze_0/lib/pvr.o microblaze_0/lib/xbram.o microblaze_0/lib/xbram_g.o microblaze_0/lib/xbram_intr.o microblaz
TRACE::2024-11-08.09:02:46::SCWMssOS::e_0/lib/xbram_selftest.o microblaze_0/lib/xbram_sinit.o microblaze_0/lib/xil_assert.o microblaze_0/lib/xil_cache.o microblaze_0
TRACE::2024-11-08.09:02:46::SCWMssOS::/lib/xil_clocking.o microblaze_0/lib/xil_exception.o microblaze_0/lib/xil_mem.o microblaze_0/lib/xil_misc_psreset_api.o microbl
TRACE::2024-11-08.09:02:46::SCWMssOS::aze_0/lib/xil_printf.o microblaze_0/lib/xil_sleepcommon.o microblaze_0/lib/xil_testcache.o microblaze_0/lib/xil_testio.o microb
TRACE::2024-11-08.09:02:46::SCWMssOS::laze_0/lib/xil_testmem.o microblaze_0/lib/xil_util.o microblaze_0/lib/xintc.o microblaze_0/lib/xintc_g.o microblaze_0/lib/xintc
TRACE::2024-11-08.09:02:46::SCWMssOS::_intr.o microblaze_0/lib/xintc_l.o microblaze_0/lib/xintc_options.o microblaze_0/lib/xintc_selftest.o microblaze_0/lib/xinterru
TRACE::2024-11-08.09:02:46::SCWMssOS::pt_wrap.o microblaze_0/lib/xio.o microblaze_0/lib/xplatform_info.o microblaze_0/lib/xuartlite.o microblaze_0/lib/xuartlite_g.o 
TRACE::2024-11-08.09:02:46::SCWMssOS::microblaze_0/lib/xuartlite_intr.o microblaze_0/lib/xuartlite_l.o microblaze_0/lib/xuartlite_selftest.o microblaze_0/lib/xuartli
TRACE::2024-11-08.09:02:46::SCWMssOS::te_sinit.o microblaze_0/lib/xuartlite_stats.o

TRACE::2024-11-08.09:02:46::SCWMssOS::'Finished building libraries'

TRACE::2024-11-08.09:02:47::SCWMssOS:: Checking if to create the Supporting Applications
TRACE::2024-11-08.09:02:47::SCWMssOS:: No Linux domain exists, trying to generate FSBL 
LOG::2024-11-08.09:02:47::SCWSystem::Completed Processing the domain standalone_microblaze_0
LOG::2024-11-08.09:02:47::SCWSystem::Completed Processing the sysconfig mb_usb_hdmi_top
LOG::2024-11-08.09:02:47::SCWPlatform::Completed generating the artifacts for system configuration mb_usb_hdmi_top
TRACE::2024-11-08.09:02:47::SCWPlatform::Started preparing the platform 
TRACE::2024-11-08.09:02:47::SCWSystem::Writing the bif file for system config mb_usb_hdmi_top
TRACE::2024-11-08.09:02:47::SCWSystem::dir created 
TRACE::2024-11-08.09:02:47::SCWSystem::Writing the bif 
TRACE::2024-11-08.09:02:47::SCWPlatform::Started writing the spfm file 
TRACE::2024-11-08.09:02:47::SCWPlatform::Started writing the xpfm file 
TRACE::2024-11-08.09:02:47::SCWPlatform::Completed generating the platform
TRACE::2024-11-08.09:02:47::SCWMssOS::Saving the mss changes C:/Users/realk/Desktop/ece385/ECE385/lab7_2/try5_sdk/mb_usb_hdmi_top/microblaze_0/standalone_microblaze_0/bsp/system.mss
TRACE::2024-11-08.09:02:47::SCWMssOS::Adding the swdes entry, mss present, able to open swdb C:/Users/realk/Desktop/ece385/ECE385/lab7_2/try5_sdk/mb_usb_hdmi_top/microblaze_0/standalone_microblaze_0/bsp/system.mss with des name system
TRACE::2024-11-08.09:02:47::SCWMssOS::Writing the mss file completed C:/Users/realk/Desktop/ece385/ECE385/lab7_2/try5_sdk/mb_usb_hdmi_top/microblaze_0/standalone_microblaze_0/bsp/system.mss
TRACE::2024-11-08.09:02:47::SCWMssOS::Commit changes completed.
TRACE::2024-11-08.09:02:47::SCWPlatform::Trying to open the hw design at C:/Users/realk/Desktop/ece385/ECE385/lab7_2/try5_sdk/mb_usb_hdmi_top/hw/mb_usb_hdmi_top.xsa
TRACE::2024-11-08.09:02:47::SCWPlatform::DSA given C:/Users/realk/Desktop/ece385/ECE385/lab7_2/try5_sdk/mb_usb_hdmi_top/hw/mb_usb_hdmi_top.xsa
TRACE::2024-11-08.09:02:47::SCWPlatform::DSA absoulate path C:/Users/realk/Desktop/ece385/ECE385/lab7_2/try5_sdk/mb_usb_hdmi_top/hw/mb_usb_hdmi_top.xsa
TRACE::2024-11-08.09:02:47::SCWPlatform::DSA directory C:/Users/realk/Desktop/ece385/ECE385/lab7_2/try5_sdk/mb_usb_hdmi_top/hw
TRACE::2024-11-08.09:02:47::SCWPlatform:: Platform Path C:/Users/realk/Desktop/ece385/ECE385/lab7_2/try5_sdk/mb_usb_hdmi_top/hw/mb_usb_hdmi_top.xsa
TRACE::2024-11-08.09:02:47::SCWPlatform:: Unique name xilinx:::0.0
TRACE::2024-11-08.09:02:47::SCWPlatform::Trying to set the existing hwdb with name mb_usb_hdmi_top_74
TRACE::2024-11-08.09:02:47::SCWPlatform::Opened existing hwdb mb_usb_hdmi_top_74
TRACE::2024-11-08.09:02:47::SCWPlatform::Found the Hw Db part of the input DSA
TRACE::2024-11-08.09:02:47::SCWMssOS::Checking the sw design at  C:/Users/realk/Desktop/ece385/ECE385/lab7_2/try5_sdk/mb_usb_hdmi_top/microblaze_0/standalone_microblaze_0/bsp/system.mss
TRACE::2024-11-08.09:02:47::SCWMssOS::DEBUG:  swdes dump  C:/Users/realk/Desktop/ece385/ECE385/lab7_2/try5_sdk/mb_usb_hdmi_top/microblaze_0/standalone_microblaze_0/bsp/system.mss|system||

TRACE::2024-11-08.09:02:47::SCWMssOS::Sw design exists and opened at  C:/Users/realk/Desktop/ece385/ECE385/lab7_2/try5_sdk/mb_usb_hdmi_top/microblaze_0/standalone_microblaze_0/bsp/system.mss
TRACE::2024-11-08.09:02:47::SCWWriter::formatted JSON is {
	"platformName":	"mb_usb_hdmi_top",
	"sprVersion":	"2.0",
	"mode":	"gui",
	"dsaType":	"Fixed",
	"platformDesc":	"mb_usb_hdmi_top",
	"platHandOff":	"C:/Users/realk/Desktop/ece385/ECE385/lab7_2/mb_usb_hdmi_top.xsa",
	"platIntHandOff":	"<platformDir>/hw/mb_usb_hdmi_top.xsa",
	"deviceType":	"FPGA",
	"platIsPrebuiltAutogen":	"false",
	"platIsNoBootBsp":	"false",
	"hasFsblMakeHasChanges":	"false",
	"hasPmufwMakeHasChanges":	"false",
	"platPreBuiltFlag":	false,
	"platformSamplesDir":	"",
	"platActiveSys":	"mb_usb_hdmi_top",
	"systems":	[{
			"systemName":	"mb_usb_hdmi_top",
			"systemDesc":	"mb_usb_hdmi_top",
			"sysIsBootAutoGen":	"true",
			"systemDispName":	"mb_usb_hdmi_top",
			"sysActiveDom":	"standalone_microblaze_0",
			"sysDefaultDom":	"standalone_microblaze_0",
			"domains":	[{
					"domainName":	"standalone_microblaze_0",
					"domainDispName":	"standalone_microblaze_0",
					"domainDesc":	"standalone_microblaze_0",
					"processors":	"microblaze_0",
					"os":	"standalone",
					"sdxOs":	"standalone",
					"debugEnable":	"False",
					"domRuntimes":	["cpp"],
					"swRepo":	"",
					"mssOsVer":	"8.0",
					"mssFile":	"",
					"md5Digest":	"5422c1e5be4ae93f4de8c50507402f2a",
					"compatibleApp":	"",
					"domType":	"mssDomain",
					"arch":	"32-bit",
					"appSettings":	{
						"appCompilerFlags":	"",
						"appLinkerFlags":	""
					},
					"addedLibs":	[],
					"libOptions":	{
						"libsContainingOptions":	[]
					},
					"prebuiltLibs":	{
						"prebuiltIncPath":	[],
						"prebuiltLibPath":	[]
					},
					"isolation":	{
					}
				}]
		}]
}
KEYINFO::2024-11-08.09:02:47::SCWPlatform::updated the xpfm file.
TRACE::2024-11-08.09:02:49::SCWPlatform::Trying to open the hw design at C:/Users/realk/Desktop/ece385/ECE385/lab7_2/try5_sdk/mb_usb_hdmi_top/hw/mb_usb_hdmi_top.xsa
TRACE::2024-11-08.09:02:49::SCWPlatform::DSA given C:/Users/realk/Desktop/ece385/ECE385/lab7_2/try5_sdk/mb_usb_hdmi_top/hw/mb_usb_hdmi_top.xsa
TRACE::2024-11-08.09:02:49::SCWPlatform::DSA absoulate path C:/Users/realk/Desktop/ece385/ECE385/lab7_2/try5_sdk/mb_usb_hdmi_top/hw/mb_usb_hdmi_top.xsa
TRACE::2024-11-08.09:02:49::SCWPlatform::DSA directory C:/Users/realk/Desktop/ece385/ECE385/lab7_2/try5_sdk/mb_usb_hdmi_top/hw
TRACE::2024-11-08.09:02:49::SCWPlatform:: Platform Path C:/Users/realk/Desktop/ece385/ECE385/lab7_2/try5_sdk/mb_usb_hdmi_top/hw/mb_usb_hdmi_top.xsa
TRACE::2024-11-08.09:02:49::SCWPlatform:: Unique name xilinx:::0.0
TRACE::2024-11-08.09:02:49::SCWPlatform::Trying to set the existing hwdb with name mb_usb_hdmi_top_74
TRACE::2024-11-08.09:02:49::SCWPlatform::Opened existing hwdb mb_usb_hdmi_top_74
TRACE::2024-11-08.09:02:49::SCWPlatform::Found the Hw Db part of the input DSA
TRACE::2024-11-08.09:02:49::SCWMssOS::Checking the sw design at  C:/Users/realk/Desktop/ece385/ECE385/lab7_2/try5_sdk/mb_usb_hdmi_top/microblaze_0/standalone_microblaze_0/bsp/system.mss
TRACE::2024-11-08.09:02:49::SCWMssOS::DEBUG:  swdes dump  C:/Users/realk/Desktop/ece385/ECE385/lab7_2/try5_sdk/mb_usb_hdmi_top/microblaze_0/standalone_microblaze_0/bsp/system.mss|system||

TRACE::2024-11-08.09:02:49::SCWMssOS::Sw design exists and opened at  C:/Users/realk/Desktop/ece385/ECE385/lab7_2/try5_sdk/mb_usb_hdmi_top/microblaze_0/standalone_microblaze_0/bsp/system.mss
TRACE::2024-11-08.09:14:48::SCWPlatform::Clearing the existing platform
TRACE::2024-11-08.09:14:48::SCWSystem::Clearing the existing sysconfig
TRACE::2024-11-08.09:14:48::SCWMssOS::Removing the swdes entry for  C:/Users/realk/Desktop/ece385/ECE385/lab7_2/try5_sdk/mb_usb_hdmi_top/microblaze_0/standalone_microblaze_0/bsp/system.mss
TRACE::2024-11-08.09:14:48::SCWSystem::Clearing the domains completed.
TRACE::2024-11-08.09:14:48::SCWPlatform::Clearing the opened hw db.
TRACE::2024-11-08.09:14:48::SCWPlatform::DSA given C:/Users/realk/Desktop/ece385/ECE385/lab7_2/try5_sdk/mb_usb_hdmi_top/hw/mb_usb_hdmi_top.xsa
TRACE::2024-11-08.09:14:48::SCWPlatform::DSA absoulate path C:/Users/realk/Desktop/ece385/ECE385/lab7_2/try5_sdk/mb_usb_hdmi_top/hw/mb_usb_hdmi_top.xsa
TRACE::2024-11-08.09:14:48::SCWPlatform:: Platform location is C:/Users/realk/Desktop/ece385/ECE385/lab7_2/try5_sdk/mb_usb_hdmi_top/hw
TRACE::2024-11-08.09:14:48::SCWPlatform:: Platform Path C:/Users/realk/Desktop/ece385/ECE385/lab7_2/try5_sdk/mb_usb_hdmi_top/hw/mb_usb_hdmi_top.xsa
TRACE::2024-11-08.09:14:48::SCWPlatform:: Unique name xilinx:::0.0
TRACE::2024-11-08.09:14:48::SCWPlatform::Removing the HwDB with name C:/Users/realk/Desktop/ece385/ECE385/lab7_2/try5_sdk/mb_usb_hdmi_top/hw/mb_usb_hdmi_top.xsa
TRACE::2024-11-08.09:14:48::SCWPlatform::Trying to open the hw design at C:/Users/realk/Desktop/ece385/ECE385/lab7_2/try5_sdk/mb_usb_hdmi_top/hw/mb_usb_hdmi_top.xsa
TRACE::2024-11-08.09:14:48::SCWPlatform::DSA given C:/Users/realk/Desktop/ece385/ECE385/lab7_2/try5_sdk/mb_usb_hdmi_top/hw/mb_usb_hdmi_top.xsa
TRACE::2024-11-08.09:14:48::SCWPlatform::DSA absoulate path C:/Users/realk/Desktop/ece385/ECE385/lab7_2/try5_sdk/mb_usb_hdmi_top/hw/mb_usb_hdmi_top.xsa
TRACE::2024-11-08.09:14:48::SCWPlatform::DSA directory C:/Users/realk/Desktop/ece385/ECE385/lab7_2/try5_sdk/mb_usb_hdmi_top/hw
TRACE::2024-11-08.09:14:48::SCWPlatform:: Platform Path C:/Users/realk/Desktop/ece385/ECE385/lab7_2/try5_sdk/mb_usb_hdmi_top/hw/mb_usb_hdmi_top.xsa
TRACE::2024-11-08.09:14:48::SCWPlatform:: Unique name xilinx:::0.0
TRACE::2024-11-08.09:14:48::SCWPlatform::Do not have an existing db opened. 
TRACE::2024-11-08.09:14:48::SCWPlatform::Opened new HwDB with name mb_usb_hdmi_top_76
TRACE::2024-11-08.09:14:48::SCWReader::Active system found as  mb_usb_hdmi_top
TRACE::2024-11-08.09:14:48::SCWReader::Handling sysconfig mb_usb_hdmi_top
TRACE::2024-11-08.09:14:48::SCWDomain::checking for install qemu data   : 
TRACE::2024-11-08.09:14:48::SCWPlatform::Trying to open the hw design at C:/Users/realk/Desktop/ece385/ECE385/lab7_2/try5_sdk/mb_usb_hdmi_top/hw/mb_usb_hdmi_top.xsa
TRACE::2024-11-08.09:14:48::SCWPlatform::DSA given C:/Users/realk/Desktop/ece385/ECE385/lab7_2/try5_sdk/mb_usb_hdmi_top/hw/mb_usb_hdmi_top.xsa
TRACE::2024-11-08.09:14:48::SCWPlatform::DSA absoulate path C:/Users/realk/Desktop/ece385/ECE385/lab7_2/try5_sdk/mb_usb_hdmi_top/hw/mb_usb_hdmi_top.xsa
TRACE::2024-11-08.09:14:48::SCWPlatform::DSA directory C:/Users/realk/Desktop/ece385/ECE385/lab7_2/try5_sdk/mb_usb_hdmi_top/hw
TRACE::2024-11-08.09:14:48::SCWPlatform:: Platform Path C:/Users/realk/Desktop/ece385/ECE385/lab7_2/try5_sdk/mb_usb_hdmi_top/hw/mb_usb_hdmi_top.xsa
TRACE::2024-11-08.09:14:48::SCWPlatform:: Unique name xilinx:::0.0
TRACE::2024-11-08.09:14:48::SCWPlatform::Trying to set the existing hwdb with name mb_usb_hdmi_top_76
TRACE::2024-11-08.09:14:48::SCWPlatform::Opened existing hwdb mb_usb_hdmi_top_76
TRACE::2024-11-08.09:14:48::SCWPlatform::Found the Hw Db part of the input DSA
TRACE::2024-11-08.09:14:48::SCWPlatform::Trying to open the hw design at C:/Users/realk/Desktop/ece385/ECE385/lab7_2/try5_sdk/mb_usb_hdmi_top/hw/mb_usb_hdmi_top.xsa
TRACE::2024-11-08.09:14:48::SCWPlatform::DSA given C:/Users/realk/Desktop/ece385/ECE385/lab7_2/try5_sdk/mb_usb_hdmi_top/hw/mb_usb_hdmi_top.xsa
TRACE::2024-11-08.09:14:48::SCWPlatform::DSA absoulate path C:/Users/realk/Desktop/ece385/ECE385/lab7_2/try5_sdk/mb_usb_hdmi_top/hw/mb_usb_hdmi_top.xsa
TRACE::2024-11-08.09:14:48::SCWPlatform::DSA directory C:/Users/realk/Desktop/ece385/ECE385/lab7_2/try5_sdk/mb_usb_hdmi_top/hw
TRACE::2024-11-08.09:14:48::SCWPlatform:: Platform Path C:/Users/realk/Desktop/ece385/ECE385/lab7_2/try5_sdk/mb_usb_hdmi_top/hw/mb_usb_hdmi_top.xsa
TRACE::2024-11-08.09:14:48::SCWPlatform:: Unique name xilinx:::0.0
TRACE::2024-11-08.09:14:48::SCWPlatform::Trying to set the existing hwdb with name mb_usb_hdmi_top_76
TRACE::2024-11-08.09:14:48::SCWPlatform::Opened existing hwdb mb_usb_hdmi_top_76
TRACE::2024-11-08.09:14:48::SCWPlatform::Found the Hw Db part of the input DSA
TRACE::2024-11-08.09:14:48::SCWPlatform::Trying to open the hw design at C:/Users/realk/Desktop/ece385/ECE385/lab7_2/try5_sdk/mb_usb_hdmi_top/hw/mb_usb_hdmi_top.xsa
TRACE::2024-11-08.09:14:48::SCWPlatform::DSA given C:/Users/realk/Desktop/ece385/ECE385/lab7_2/try5_sdk/mb_usb_hdmi_top/hw/mb_usb_hdmi_top.xsa
TRACE::2024-11-08.09:14:48::SCWPlatform::DSA absoulate path C:/Users/realk/Desktop/ece385/ECE385/lab7_2/try5_sdk/mb_usb_hdmi_top/hw/mb_usb_hdmi_top.xsa
TRACE::2024-11-08.09:14:48::SCWPlatform::DSA directory C:/Users/realk/Desktop/ece385/ECE385/lab7_2/try5_sdk/mb_usb_hdmi_top/hw
TRACE::2024-11-08.09:14:48::SCWPlatform:: Platform Path C:/Users/realk/Desktop/ece385/ECE385/lab7_2/try5_sdk/mb_usb_hdmi_top/hw/mb_usb_hdmi_top.xsa
TRACE::2024-11-08.09:14:48::SCWPlatform:: Unique name xilinx:::0.0
TRACE::2024-11-08.09:14:48::SCWPlatform::Trying to set the existing hwdb with name mb_usb_hdmi_top_76
TRACE::2024-11-08.09:14:48::SCWPlatform::Opened existing hwdb mb_usb_hdmi_top_76
TRACE::2024-11-08.09:14:48::SCWPlatform::Found the Hw Db part of the input DSA
TRACE::2024-11-08.09:14:48::SCWPlatform::Trying to open the hw design at C:/Users/realk/Desktop/ece385/ECE385/lab7_2/try5_sdk/mb_usb_hdmi_top/hw/mb_usb_hdmi_top.xsa
TRACE::2024-11-08.09:14:48::SCWPlatform::DSA given C:/Users/realk/Desktop/ece385/ECE385/lab7_2/try5_sdk/mb_usb_hdmi_top/hw/mb_usb_hdmi_top.xsa
TRACE::2024-11-08.09:14:48::SCWPlatform::DSA absoulate path C:/Users/realk/Desktop/ece385/ECE385/lab7_2/try5_sdk/mb_usb_hdmi_top/hw/mb_usb_hdmi_top.xsa
TRACE::2024-11-08.09:14:48::SCWPlatform::DSA directory C:/Users/realk/Desktop/ece385/ECE385/lab7_2/try5_sdk/mb_usb_hdmi_top/hw
TRACE::2024-11-08.09:14:48::SCWPlatform:: Platform Path C:/Users/realk/Desktop/ece385/ECE385/lab7_2/try5_sdk/mb_usb_hdmi_top/hw/mb_usb_hdmi_top.xsa
TRACE::2024-11-08.09:14:48::SCWPlatform:: Unique name xilinx:::0.0
TRACE::2024-11-08.09:14:48::SCWPlatform::Trying to set the existing hwdb with name mb_usb_hdmi_top_76
TRACE::2024-11-08.09:14:48::SCWPlatform::Opened existing hwdb mb_usb_hdmi_top_76
TRACE::2024-11-08.09:14:48::SCWPlatform::Found the Hw Db part of the input DSA
TRACE::2024-11-08.09:14:48::SCWMssOS::Checking the sw design at  C:/Users/realk/Desktop/ece385/ECE385/lab7_2/try5_sdk/mb_usb_hdmi_top/microblaze_0/standalone_microblaze_0/bsp/system.mss
TRACE::2024-11-08.09:14:48::SCWMssOS::DEBUG:  swdes dump  
TRACE::2024-11-08.09:14:48::SCWMssOS::No sw design opened at  C:/Users/realk/Desktop/ece385/ECE385/lab7_2/try5_sdk/mb_usb_hdmi_top/microblaze_0/standalone_microblaze_0/bsp/system.mss
TRACE::2024-11-08.09:14:48::SCWMssOS::mss exists loading the mss file  C:/Users/realk/Desktop/ece385/ECE385/lab7_2/try5_sdk/mb_usb_hdmi_top/microblaze_0/standalone_microblaze_0/bsp/system.mss
TRACE::2024-11-08.09:14:48::SCWMssOS::Opened the sw design from mss  C:/Users/realk/Desktop/ece385/ECE385/lab7_2/try5_sdk/mb_usb_hdmi_top/microblaze_0/standalone_microblaze_0/bsp/system.mss
TRACE::2024-11-08.09:14:48::SCWMssOS::Adding the swdes entry C:/Users/realk/Desktop/ece385/ECE385/lab7_2/try5_sdk/mb_usb_hdmi_top/microblaze_0/standalone_microblaze_0/bsp/system.mss with des name system
TRACE::2024-11-08.09:14:48::SCWMssOS::updating the scw layer about changes
TRACE::2024-11-08.09:14:48::SCWMssOS::Opened the sw design.  C:/Users/realk/Desktop/ece385/ECE385/lab7_2/try5_sdk/mb_usb_hdmi_top/microblaze_0/standalone_microblaze_0/bsp/system.mss
TRACE::2024-11-08.09:14:48::SCWMssOS::Saving the mss changes C:/Users/realk/Desktop/ece385/ECE385/lab7_2/try5_sdk/mb_usb_hdmi_top/microblaze_0/standalone_microblaze_0/bsp/system.mss
TRACE::2024-11-08.09:14:48::SCWMssOS::Found a swdesign opened with the mssfile.
TRACE::2024-11-08.09:14:48::SCWMssOS::Completed writemss as part of save.
TRACE::2024-11-08.09:14:48::SCWMssOS::Commit changes completed.
TRACE::2024-11-08.09:14:48::SCWReader::Adding prebuilt librarypaths as   
TRACE::2024-11-08.09:14:48::SCWReader::Adding prebuilt incpaths  as   
TRACE::2024-11-08.09:14:48::SCWPlatform::Trying to open the hw design at C:/Users/realk/Desktop/ece385/ECE385/lab7_2/try5_sdk/mb_usb_hdmi_top/hw/mb_usb_hdmi_top.xsa
TRACE::2024-11-08.09:14:48::SCWPlatform::DSA given C:/Users/realk/Desktop/ece385/ECE385/lab7_2/try5_sdk/mb_usb_hdmi_top/hw/mb_usb_hdmi_top.xsa
TRACE::2024-11-08.09:14:48::SCWPlatform::DSA absoulate path C:/Users/realk/Desktop/ece385/ECE385/lab7_2/try5_sdk/mb_usb_hdmi_top/hw/mb_usb_hdmi_top.xsa
TRACE::2024-11-08.09:14:48::SCWPlatform::DSA directory C:/Users/realk/Desktop/ece385/ECE385/lab7_2/try5_sdk/mb_usb_hdmi_top/hw
TRACE::2024-11-08.09:14:48::SCWPlatform:: Platform Path C:/Users/realk/Desktop/ece385/ECE385/lab7_2/try5_sdk/mb_usb_hdmi_top/hw/mb_usb_hdmi_top.xsa
TRACE::2024-11-08.09:14:48::SCWPlatform:: Unique name xilinx:::0.0
TRACE::2024-11-08.09:14:48::SCWPlatform::Trying to set the existing hwdb with name mb_usb_hdmi_top_76
TRACE::2024-11-08.09:14:48::SCWPlatform::Opened existing hwdb mb_usb_hdmi_top_76
TRACE::2024-11-08.09:14:48::SCWPlatform::Found the Hw Db part of the input DSA
TRACE::2024-11-08.09:14:48::SCWMssOS::Checking the sw design at  C:/Users/realk/Desktop/ece385/ECE385/lab7_2/try5_sdk/mb_usb_hdmi_top/microblaze_0/standalone_microblaze_0/bsp/system.mss
TRACE::2024-11-08.09:14:48::SCWMssOS::DEBUG:  swdes dump  C:/Users/realk/Desktop/ece385/ECE385/lab7_2/try5_sdk/mb_usb_hdmi_top/microblaze_0/standalone_microblaze_0/bsp/system.mss|system||

TRACE::2024-11-08.09:14:48::SCWMssOS::Sw design exists and opened at  C:/Users/realk/Desktop/ece385/ECE385/lab7_2/try5_sdk/mb_usb_hdmi_top/microblaze_0/standalone_microblaze_0/bsp/system.mss
TRACE::2024-11-08.09:14:48::SCWReader::No isolation master present  
TRACE::2024-11-08.09:14:51::SCWPlatform::DSA given C:/Users/realk/Desktop/ece385/ECE385/lab7_2/try5_sdk/mb_usb_hdmi_top/tempdsa/mb_usb_hdmi_top.xsa
TRACE::2024-11-08.09:14:51::SCWPlatform::DSA absoulate path C:/Users/realk/Desktop/ece385/ECE385/lab7_2/try5_sdk/mb_usb_hdmi_top/tempdsa/mb_usb_hdmi_top.xsa
TRACE::2024-11-08.09:14:51::SCWPlatform:: Platform location is C:/Users/realk/Desktop/ece385/ECE385/lab7_2/try5_sdk/mb_usb_hdmi_top/tempdsa
TRACE::2024-11-08.09:14:51::SCWPlatform:: Platform Path C:/Users/realk/Desktop/ece385/ECE385/lab7_2/try5_sdk/mb_usb_hdmi_top/tempdsa/mb_usb_hdmi_top.xsa
TRACE::2024-11-08.09:14:51::SCWPlatform:: Unique name xilinx:::0.0
TRACE::2024-11-08.09:14:51::SCWPlatform::Found the Hw Db part of the input DSA
TRACE::2024-11-08.09:14:51::SCWMssOS::Doing hw sync for the mss in domain: standalone_microblaze_0
TRACE::2024-11-08.09:14:51::SCWPlatform::Trying to open the hw design at C:/Users/realk/Desktop/ece385/ECE385/lab7_2/try5_sdk/mb_usb_hdmi_top/hw/mb_usb_hdmi_top.xsa
TRACE::2024-11-08.09:14:51::SCWPlatform::DSA given C:/Users/realk/Desktop/ece385/ECE385/lab7_2/try5_sdk/mb_usb_hdmi_top/hw/mb_usb_hdmi_top.xsa
TRACE::2024-11-08.09:14:51::SCWPlatform::DSA absoulate path C:/Users/realk/Desktop/ece385/ECE385/lab7_2/try5_sdk/mb_usb_hdmi_top/hw/mb_usb_hdmi_top.xsa
TRACE::2024-11-08.09:14:51::SCWPlatform::DSA directory C:/Users/realk/Desktop/ece385/ECE385/lab7_2/try5_sdk/mb_usb_hdmi_top/hw
TRACE::2024-11-08.09:14:51::SCWPlatform:: Platform Path C:/Users/realk/Desktop/ece385/ECE385/lab7_2/try5_sdk/mb_usb_hdmi_top/hw/mb_usb_hdmi_top.xsa
TRACE::2024-11-08.09:14:51::SCWPlatform:: Unique name xilinx:::0.0
TRACE::2024-11-08.09:14:51::SCWPlatform::Trying to set the existing hwdb with name mb_usb_hdmi_top_76
TRACE::2024-11-08.09:14:51::SCWPlatform::Opened existing hwdb mb_usb_hdmi_top_76
TRACE::2024-11-08.09:14:51::SCWPlatform::Found the Hw Db part of the input DSA
TRACE::2024-11-08.09:14:51::SCWPlatform::Trying to open the hw design at C:/Users/realk/Desktop/ece385/ECE385/lab7_2/try5_sdk/mb_usb_hdmi_top/hw/mb_usb_hdmi_top.xsa
TRACE::2024-11-08.09:14:51::SCWPlatform::DSA given C:/Users/realk/Desktop/ece385/ECE385/lab7_2/try5_sdk/mb_usb_hdmi_top/hw/mb_usb_hdmi_top.xsa
TRACE::2024-11-08.09:14:51::SCWPlatform::DSA absoulate path C:/Users/realk/Desktop/ece385/ECE385/lab7_2/try5_sdk/mb_usb_hdmi_top/hw/mb_usb_hdmi_top.xsa
TRACE::2024-11-08.09:14:51::SCWPlatform::DSA directory C:/Users/realk/Desktop/ece385/ECE385/lab7_2/try5_sdk/mb_usb_hdmi_top/hw
TRACE::2024-11-08.09:14:51::SCWPlatform:: Platform Path C:/Users/realk/Desktop/ece385/ECE385/lab7_2/try5_sdk/mb_usb_hdmi_top/hw/mb_usb_hdmi_top.xsa
TRACE::2024-11-08.09:14:51::SCWPlatform:: Unique name xilinx:::0.0
TRACE::2024-11-08.09:14:51::SCWPlatform::Trying to set the existing hwdb with name mb_usb_hdmi_top_76
TRACE::2024-11-08.09:14:51::SCWPlatform::Opened existing hwdb mb_usb_hdmi_top_76
TRACE::2024-11-08.09:14:51::SCWPlatform::Found the Hw Db part of the input DSA
TRACE::2024-11-08.09:14:51::SCWMssOS::Checking the sw design at  C:/Users/realk/Desktop/ece385/ECE385/lab7_2/try5_sdk/mb_usb_hdmi_top/microblaze_0/standalone_microblaze_0/bsp/system.mss
TRACE::2024-11-08.09:14:51::SCWMssOS::DEBUG:  swdes dump  C:/Users/realk/Desktop/ece385/ECE385/lab7_2/try5_sdk/mb_usb_hdmi_top/microblaze_0/standalone_microblaze_0/bsp/system.mss|system||

TRACE::2024-11-08.09:14:51::SCWMssOS::Sw design exists and opened at  C:/Users/realk/Desktop/ece385/ECE385/lab7_2/try5_sdk/mb_usb_hdmi_top/microblaze_0/standalone_microblaze_0/bsp/system.mss
TRACE::2024-11-08.09:14:51::SCWPlatform::Trying to open the hw design at C:/Users/realk/Desktop/ece385/ECE385/lab7_2/try5_sdk/mb_usb_hdmi_top/tempdsa/mb_usb_hdmi_top.xsa
TRACE::2024-11-08.09:14:51::SCWPlatform::DSA given C:/Users/realk/Desktop/ece385/ECE385/lab7_2/try5_sdk/mb_usb_hdmi_top/tempdsa/mb_usb_hdmi_top.xsa
TRACE::2024-11-08.09:14:51::SCWPlatform::DSA absoulate path C:/Users/realk/Desktop/ece385/ECE385/lab7_2/try5_sdk/mb_usb_hdmi_top/tempdsa/mb_usb_hdmi_top.xsa
TRACE::2024-11-08.09:14:51::SCWPlatform::DSA directory C:/Users/realk/Desktop/ece385/ECE385/lab7_2/try5_sdk/mb_usb_hdmi_top/tempdsa
TRACE::2024-11-08.09:14:51::SCWPlatform:: Platform Path C:/Users/realk/Desktop/ece385/ECE385/lab7_2/try5_sdk/mb_usb_hdmi_top/tempdsa/mb_usb_hdmi_top.xsa
TRACE::2024-11-08.09:14:51::SCWPlatform:: Unique name xilinx:::0.0
TRACE::2024-11-08.09:14:51::SCWPlatform::update - Opened existing hwdb mb_usb_hdmi_top_77
TRACE::2024-11-08.09:14:51::SCWPlatform::Found the Hw Db part of the input DSA
TRACE::2024-11-08.09:14:51::SCWMssOS::Saving the mss changes C:/Users/realk/Desktop/ece385/ECE385/lab7_2/try5_sdk/mb_usb_hdmi_top/microblaze_0/standalone_microblaze_0/bsp/system.mss
TRACE::2024-11-08.09:14:51::SCWMssOS::Found a swdesign opened with the mssfile.
TRACE::2024-11-08.09:14:51::SCWMssOS::Completed writemss as part of save.
TRACE::2024-11-08.09:14:51::SCWMssOS::Commit changes completed.
TRACE::2024-11-08.09:14:51::SCWMssOS::Completed hw sync for the mss in domain: standalone_microblaze_0
TRACE::2024-11-08.09:14:51::SCWMssOS::Removing the swdes entry for  C:/Users/realk/Desktop/ece385/ECE385/lab7_2/try5_sdk/mb_usb_hdmi_top/microblaze_0/standalone_microblaze_0/bsp/system.mss
TRACE::2024-11-08.09:14:51::SCWPlatform::Trying to open the hw design at C:/Users/realk/Desktop/ece385/ECE385/lab7_2/try5_sdk/mb_usb_hdmi_top/hw/mb_usb_hdmi_top.xsa
TRACE::2024-11-08.09:14:51::SCWPlatform::DSA given C:/Users/realk/Desktop/ece385/ECE385/lab7_2/try5_sdk/mb_usb_hdmi_top/hw/mb_usb_hdmi_top.xsa
TRACE::2024-11-08.09:14:51::SCWPlatform::DSA absoulate path C:/Users/realk/Desktop/ece385/ECE385/lab7_2/try5_sdk/mb_usb_hdmi_top/hw/mb_usb_hdmi_top.xsa
TRACE::2024-11-08.09:14:51::SCWPlatform::DSA directory C:/Users/realk/Desktop/ece385/ECE385/lab7_2/try5_sdk/mb_usb_hdmi_top/hw
TRACE::2024-11-08.09:14:51::SCWPlatform:: Platform Path C:/Users/realk/Desktop/ece385/ECE385/lab7_2/try5_sdk/mb_usb_hdmi_top/hw/mb_usb_hdmi_top.xsa
TRACE::2024-11-08.09:14:51::SCWPlatform:: Unique name xilinx:::0.0
TRACE::2024-11-08.09:14:51::SCWPlatform::Do not have an existing db opened. 
TRACE::2024-11-08.09:14:51::SCWPlatform::Opened new HwDB with name mb_usb_hdmi_top_78
TRACE::2024-11-08.09:14:51::SCWMssOS::Saving the mss changes C:/Users/realk/Desktop/ece385/ECE385/lab7_2/try5_sdk/mb_usb_hdmi_top/microblaze_0/standalone_microblaze_0/bsp/system.mss
TRACE::2024-11-08.09:14:51::SCWMssOS::Adding the swdes entry, mss present, able to open swdb C:/Users/realk/Desktop/ece385/ECE385/lab7_2/try5_sdk/mb_usb_hdmi_top/microblaze_0/standalone_microblaze_0/bsp/system.mss with des name system
TRACE::2024-11-08.09:14:51::SCWMssOS::Writing the mss file completed C:/Users/realk/Desktop/ece385/ECE385/lab7_2/try5_sdk/mb_usb_hdmi_top/microblaze_0/standalone_microblaze_0/bsp/system.mss
TRACE::2024-11-08.09:14:51::SCWMssOS::Commit changes completed.
TRACE::2024-11-08.09:14:51::SCWPlatform::Trying to open the hw design at C:/Users/realk/Desktop/ece385/ECE385/lab7_2/try5_sdk/mb_usb_hdmi_top/hw/mb_usb_hdmi_top.xsa
TRACE::2024-11-08.09:14:51::SCWPlatform::DSA given C:/Users/realk/Desktop/ece385/ECE385/lab7_2/try5_sdk/mb_usb_hdmi_top/hw/mb_usb_hdmi_top.xsa
TRACE::2024-11-08.09:14:51::SCWPlatform::DSA absoulate path C:/Users/realk/Desktop/ece385/ECE385/lab7_2/try5_sdk/mb_usb_hdmi_top/hw/mb_usb_hdmi_top.xsa
TRACE::2024-11-08.09:14:51::SCWPlatform::DSA directory C:/Users/realk/Desktop/ece385/ECE385/lab7_2/try5_sdk/mb_usb_hdmi_top/hw
TRACE::2024-11-08.09:14:51::SCWPlatform:: Platform Path C:/Users/realk/Desktop/ece385/ECE385/lab7_2/try5_sdk/mb_usb_hdmi_top/hw/mb_usb_hdmi_top.xsa
TRACE::2024-11-08.09:14:51::SCWPlatform:: Unique name xilinx:::0.0
TRACE::2024-11-08.09:14:51::SCWPlatform::Trying to set the existing hwdb with name mb_usb_hdmi_top_78
TRACE::2024-11-08.09:14:51::SCWPlatform::Opened existing hwdb mb_usb_hdmi_top_78
TRACE::2024-11-08.09:14:51::SCWPlatform::Found the Hw Db part of the input DSA
TRACE::2024-11-08.09:14:51::SCWMssOS::Checking the sw design at  C:/Users/realk/Desktop/ece385/ECE385/lab7_2/try5_sdk/mb_usb_hdmi_top/microblaze_0/standalone_microblaze_0/bsp/system.mss
TRACE::2024-11-08.09:14:51::SCWMssOS::DEBUG:  swdes dump  C:/Users/realk/Desktop/ece385/ECE385/lab7_2/try5_sdk/mb_usb_hdmi_top/microblaze_0/standalone_microblaze_0/bsp/system.mss|system||

TRACE::2024-11-08.09:14:51::SCWMssOS::Sw design exists and opened at  C:/Users/realk/Desktop/ece385/ECE385/lab7_2/try5_sdk/mb_usb_hdmi_top/microblaze_0/standalone_microblaze_0/bsp/system.mss
TRACE::2024-11-08.09:14:51::SCWWriter::formatted JSON is {
	"platformName":	"mb_usb_hdmi_top",
	"sprVersion":	"2.0",
	"mode":	"gui",
	"dsaType":	"Fixed",
	"platformDesc":	"mb_usb_hdmi_top",
	"platHandOff":	"C:/Users/realk/Desktop/ece385/ECE385/lab7_2/mb_usb_hdmi_top.xsa",
	"platIntHandOff":	"<platformDir>/hw/mb_usb_hdmi_top.xsa",
	"deviceType":	"FPGA",
	"platIsPrebuiltAutogen":	"false",
	"platIsNoBootBsp":	"false",
	"hasFsblMakeHasChanges":	"false",
	"hasPmufwMakeHasChanges":	"false",
	"platPreBuiltFlag":	false,
	"platformSamplesDir":	"",
	"platActiveSys":	"mb_usb_hdmi_top",
	"systems":	[{
			"systemName":	"mb_usb_hdmi_top",
			"systemDesc":	"mb_usb_hdmi_top",
			"sysIsBootAutoGen":	"true",
			"systemDispName":	"mb_usb_hdmi_top",
			"sysActiveDom":	"standalone_microblaze_0",
			"sysDefaultDom":	"standalone_microblaze_0",
			"domains":	[{
					"domainName":	"standalone_microblaze_0",
					"domainDispName":	"standalone_microblaze_0",
					"domainDesc":	"standalone_microblaze_0",
					"processors":	"microblaze_0",
					"os":	"standalone",
					"sdxOs":	"standalone",
					"debugEnable":	"False",
					"domRuntimes":	["cpp"],
					"swRepo":	"",
					"mssOsVer":	"8.0",
					"mssFile":	"",
					"md5Digest":	"5422c1e5be4ae93f4de8c50507402f2a1",
					"compatibleApp":	"",
					"domType":	"mssDomain",
					"arch":	"32-bit",
					"appSettings":	{
						"appCompilerFlags":	"",
						"appLinkerFlags":	""
					},
					"addedLibs":	[],
					"libOptions":	{
						"libsContainingOptions":	[]
					},
					"prebuiltLibs":	{
						"prebuiltIncPath":	[],
						"prebuiltLibPath":	[]
					},
					"isolation":	{
					}
				}]
		}]
}
TRACE::2024-11-08.09:15:08::SCWMssOS::cleaning the bsp 
TRACE::2024-11-08.09:15:08::SCWMssOS::System Command Ran  C: & cd  C:/Users/realk/Desktop/ece385/ECE385/lab7_2/try5_sdk/mb_usb_hdmi_top/microblaze_0/standalone_microblaze_0/bsp & make clean 
TRACE::2024-11-08.09:15:09::SCWMssOS::make -C microblaze_0/libsrc/bram_v4_8/src -s clean 

TRACE::2024-11-08.09:15:09::SCWMssOS::make -C microblaze_0/libsrc/cpu_v2_16/src -s clean 

TRACE::2024-11-08.09:15:09::SCWMssOS::make -C microblaze_0/libsrc/intc_v3_15/src -s clean 

TRACE::2024-11-08.09:15:09::SCWMssOS::make -C microblaze_0/libsrc/standalone_v8_0/src -s clean 

TRACE::2024-11-08.09:15:09::SCWMssOS::make -C microblaze_0/libsrc/uartlite_v3_7/src -s clean 

TRACE::2024-11-08.09:15:10::SCWMssOS::rm -f microblaze_0/lib/libxil.a

LOG::2024-11-08.09:15:16::SCWPlatform::Started generating the artifacts platform mb_usb_hdmi_top
TRACE::2024-11-08.09:15:16::SCWPlatform::Sanity checking of platform is completed
LOG::2024-11-08.09:15:16::SCWPlatform::Started generating the artifacts for system configuration mb_usb_hdmi_top
LOG::2024-11-08.09:15:16::SCWSystem::Checking the domain standalone_microblaze_0
LOG::2024-11-08.09:15:16::SCWSystem::Not a boot domain 
LOG::2024-11-08.09:15:16::SCWSystem::Started Processing the domain standalone_microblaze_0
TRACE::2024-11-08.09:15:16::SCWDomain::Generating domain artifcats
TRACE::2024-11-08.09:15:16::SCWMssOS::Generating standalone artifcats
TRACE::2024-11-08.09:15:16::SCWMssOS:: Copying the user libraries. 
TRACE::2024-11-08.09:15:16::SCWPlatform::Trying to open the hw design at C:/Users/realk/Desktop/ece385/ECE385/lab7_2/try5_sdk/mb_usb_hdmi_top/hw/mb_usb_hdmi_top.xsa
TRACE::2024-11-08.09:15:16::SCWPlatform::DSA given C:/Users/realk/Desktop/ece385/ECE385/lab7_2/try5_sdk/mb_usb_hdmi_top/hw/mb_usb_hdmi_top.xsa
TRACE::2024-11-08.09:15:16::SCWPlatform::DSA absoulate path C:/Users/realk/Desktop/ece385/ECE385/lab7_2/try5_sdk/mb_usb_hdmi_top/hw/mb_usb_hdmi_top.xsa
TRACE::2024-11-08.09:15:16::SCWPlatform::DSA directory C:/Users/realk/Desktop/ece385/ECE385/lab7_2/try5_sdk/mb_usb_hdmi_top/hw
TRACE::2024-11-08.09:15:16::SCWPlatform:: Platform Path C:/Users/realk/Desktop/ece385/ECE385/lab7_2/try5_sdk/mb_usb_hdmi_top/hw/mb_usb_hdmi_top.xsa
TRACE::2024-11-08.09:15:16::SCWPlatform:: Unique name xilinx:::0.0
TRACE::2024-11-08.09:15:16::SCWPlatform::Trying to set the existing hwdb with name mb_usb_hdmi_top_78
TRACE::2024-11-08.09:15:16::SCWPlatform::Opened existing hwdb mb_usb_hdmi_top_78
TRACE::2024-11-08.09:15:16::SCWPlatform::Found the Hw Db part of the input DSA
TRACE::2024-11-08.09:15:16::SCWMssOS::Checking the sw design at  C:/Users/realk/Desktop/ece385/ECE385/lab7_2/try5_sdk/mb_usb_hdmi_top/microblaze_0/standalone_microblaze_0/bsp/system.mss
TRACE::2024-11-08.09:15:16::SCWMssOS::DEBUG:  swdes dump  C:/Users/realk/Desktop/ece385/ECE385/lab7_2/try5_sdk/mb_usb_hdmi_top/microblaze_0/standalone_microblaze_0/bsp/system.mss|system||

TRACE::2024-11-08.09:15:16::SCWMssOS::Sw design exists and opened at  C:/Users/realk/Desktop/ece385/ECE385/lab7_2/try5_sdk/mb_usb_hdmi_top/microblaze_0/standalone_microblaze_0/bsp/system.mss
TRACE::2024-11-08.09:15:16::SCWMssOS::Completed writing the mss file at C:/Users/realk/Desktop/ece385/ECE385/lab7_2/try5_sdk/mb_usb_hdmi_top/microblaze_0/standalone_microblaze_0/bsp
TRACE::2024-11-08.09:15:16::SCWMssOS::Mss edits present, copying mssfile into export location C:/Users/realk/Desktop/ece385/ECE385/lab7_2/try5_sdk/mb_usb_hdmi_top/microblaze_0/standalone_microblaze_0/bsp/system.mss
TRACE::2024-11-08.09:15:17::SCWMssOS::bsp generated is stale removing and regenerating. 
TRACE::2024-11-08.09:15:18::SCWMssOS::doing bsp build ... 
TRACE::2024-11-08.09:15:18::SCWMssOS::System Command Ran  C: & cd  C:/Users/realk/Desktop/ece385/ECE385/lab7_2/try5_sdk/mb_usb_hdmi_top/microblaze_0/standalone_microblaze_0/bsp & make 
TRACE::2024-11-08.09:15:18::SCWMssOS::make --no-print-directory seq_libs

TRACE::2024-11-08.09:15:19::SCWMssOS::'Finished building libraries sequentially.'

TRACE::2024-11-08.09:15:19::SCWMssOS::make -j 14 --no-print-directory par_libs

TRACE::2024-11-08.09:15:19::SCWMssOS::"Running Make include in microblaze_0/libsrc/bram_v4_8/src"

TRACE::2024-11-08.09:15:19::SCWMssOS::make -C microblaze_0/libsrc/bram_v4_8/src -s include  "SHELL=CMD" "COMPILER=mb-gcc" "ASSEMBLER=mb-as" "ARCHIVER=mb-ar" "COMPILE
TRACE::2024-11-08.09:15:19::SCWMssOS::R_FLAGS=  -O2 -c -mcpu=v11.0 -mlittle-endian -mno-xl-reorder -mno-xl-soft-mul -mxl-barrel-shift -mxl-pattern-compare" "EXTRA_CO
TRACE::2024-11-08.09:15:19::SCWMssOS::MPILER_FLAGS=-g -ffunction-sections -fdata-sections -Wall -Wextra -fno-tree-loop-distribute-patterns"

TRACE::2024-11-08.09:15:19::SCWMssOS::"Running Make include in microblaze_0/libsrc/cpu_v2_16/src"

TRACE::2024-11-08.09:15:19::SCWMssOS::make -C microblaze_0/libsrc/cpu_v2_16/src -s include  "SHELL=CMD" "COMPILER=mb-gcc" "ASSEMBLER=mb-as" "ARCHIVER=mb-ar" "COMPILE
TRACE::2024-11-08.09:15:19::SCWMssOS::R_FLAGS=  -O2 -c -mcpu=v11.0 -mlittle-endian -mno-xl-reorder -mno-xl-soft-mul -mxl-barrel-shift -mxl-pattern-compare" "EXTRA_CO
TRACE::2024-11-08.09:15:19::SCWMssOS::MPILER_FLAGS=-g -ffunction-sections -fdata-sections -Wall -Wextra -fno-tree-loop-distribute-patterns"

TRACE::2024-11-08.09:15:19::SCWMssOS::"Running Make include in microblaze_0/libsrc/intc_v3_15/src"

TRACE::2024-11-08.09:15:19::SCWMssOS::make -C microblaze_0/libsrc/intc_v3_15/src -s include  "SHELL=CMD" "COMPILER=mb-gcc" "ASSEMBLER=mb-as" "ARCHIVER=mb-ar" "COMPIL
TRACE::2024-11-08.09:15:19::SCWMssOS::ER_FLAGS=  -O2 -c -mcpu=v11.0 -mlittle-endian -mno-xl-reorder -mno-xl-soft-mul -mxl-barrel-shift -mxl-pattern-compare" "EXTRA_C
TRACE::2024-11-08.09:15:19::SCWMssOS::OMPILER_FLAGS=-g -ffunction-sections -fdata-sections -Wall -Wextra -fno-tree-loop-distribute-patterns"

TRACE::2024-11-08.09:15:19::SCWMssOS::"Running Make include in microblaze_0/libsrc/standalone_v8_0/src"

TRACE::2024-11-08.09:15:19::SCWMssOS::make -C microblaze_0/libsrc/standalone_v8_0/src -s include  "SHELL=CMD" "COMPILER=mb-gcc" "ASSEMBLER=mb-as" "ARCHIVER=mb-ar" "C
TRACE::2024-11-08.09:15:19::SCWMssOS::OMPILER_FLAGS=  -O2 -c -mcpu=v11.0 -mlittle-endian -mno-xl-reorder -mno-xl-soft-mul -mxl-barrel-shift -mxl-pattern-compare" "EX
TRACE::2024-11-08.09:15:19::SCWMssOS::TRA_COMPILER_FLAGS=-g -ffunction-sections -fdata-sections -Wall -Wextra -fno-tree-loop-distribute-patterns"

TRACE::2024-11-08.09:15:19::SCWMssOS::"Running Make include in microblaze_0/libsrc/uartlite_v3_7/src"

TRACE::2024-11-08.09:15:19::SCWMssOS::make -C microblaze_0/libsrc/uartlite_v3_7/src -s include  "SHELL=CMD" "COMPILER=mb-gcc" "ASSEMBLER=mb-as" "ARCHIVER=mb-ar" "COM
TRACE::2024-11-08.09:15:19::SCWMssOS::PILER_FLAGS=  -O2 -c -mcpu=v11.0 -mlittle-endian -mno-xl-reorder -mno-xl-soft-mul -mxl-barrel-shift -mxl-pattern-compare" "EXTR
TRACE::2024-11-08.09:15:19::SCWMssOS::A_COMPILER_FLAGS=-g -ffunction-sections -fdata-sections -Wall -Wextra -fno-tree-loop-distribute-patterns"

TRACE::2024-11-08.09:15:19::SCWMssOS::"Running Make libs in microblaze_0/libsrc/bram_v4_8/src"

TRACE::2024-11-08.09:15:19::SCWMssOS::make -C microblaze_0/libsrc/bram_v4_8/src -s libs  "SHELL=CMD" "COMPILER=mb-gcc" "ASSEMBLER=mb-as" "ARCHIVER=mb-ar" "COMPILER_F
TRACE::2024-11-08.09:15:19::SCWMssOS::LAGS=  -O2 -c -mcpu=v11.0 -mlittle-endian -mno-xl-reorder -mno-xl-soft-mul -mxl-barrel-shift -mxl-pattern-compare" "EXTRA_COMPI
TRACE::2024-11-08.09:15:19::SCWMssOS::LER_FLAGS=-g -ffunction-sections -fdata-sections -Wall -Wextra -fno-tree-loop-distribute-patterns"

TRACE::2024-11-08.09:15:19::SCWMssOS::"Running Make libs in microblaze_0/libsrc/cpu_v2_16/src"

TRACE::2024-11-08.09:15:19::SCWMssOS::make -C microblaze_0/libsrc/cpu_v2_16/src -s libs  "SHELL=CMD" "COMPILER=mb-gcc" "ASSEMBLER=mb-as" "ARCHIVER=mb-ar" "COMPILER_F
TRACE::2024-11-08.09:15:19::SCWMssOS::LAGS=  -O2 -c -mcpu=v11.0 -mlittle-endian -mno-xl-reorder -mno-xl-soft-mul -mxl-barrel-shift -mxl-pattern-compare" "EXTRA_COMPI
TRACE::2024-11-08.09:15:19::SCWMssOS::LER_FLAGS=-g -ffunction-sections -fdata-sections -Wall -Wextra -fno-tree-loop-distribute-patterns"

TRACE::2024-11-08.09:15:19::SCWMssOS::"Running Make libs in microblaze_0/libsrc/intc_v3_15/src"

TRACE::2024-11-08.09:15:19::SCWMssOS::make -C microblaze_0/libsrc/intc_v3_15/src -s libs  "SHELL=CMD" "COMPILER=mb-gcc" "ASSEMBLER=mb-as" "ARCHIVER=mb-ar" "COMPILER_
TRACE::2024-11-08.09:15:19::SCWMssOS::FLAGS=  -O2 -c -mcpu=v11.0 -mlittle-endian -mno-xl-reorder -mno-xl-soft-mul -mxl-barrel-shift -mxl-pattern-compare" "EXTRA_COMP
TRACE::2024-11-08.09:15:19::SCWMssOS::ILER_FLAGS=-g -ffunction-sections -fdata-sections -Wall -Wextra -fno-tree-loop-distribute-patterns"

TRACE::2024-11-08.09:15:20::SCWMssOS::"Running Make libs in microblaze_0/libsrc/standalone_v8_0/src"

TRACE::2024-11-08.09:15:20::SCWMssOS::make -C microblaze_0/libsrc/standalone_v8_0/src -s libs  "SHELL=CMD" "COMPILER=mb-gcc" "ASSEMBLER=mb-as" "ARCHIVER=mb-ar" "COMP
TRACE::2024-11-08.09:15:20::SCWMssOS::ILER_FLAGS=  -O2 -c -mcpu=v11.0 -mlittle-endian -mno-xl-reorder -mno-xl-soft-mul -mxl-barrel-shift -mxl-pattern-compare" "EXTRA
TRACE::2024-11-08.09:15:20::SCWMssOS::_COMPILER_FLAGS=-g -ffunction-sections -fdata-sections -Wall -Wextra -fno-tree-loop-distribute-patterns"

TRACE::2024-11-08.09:15:20::SCWMssOS::"Running Make libs in microblaze_0/libsrc/uartlite_v3_7/src"

TRACE::2024-11-08.09:15:20::SCWMssOS::make -C microblaze_0/libsrc/uartlite_v3_7/src -s libs  "SHELL=CMD" "COMPILER=mb-gcc" "ASSEMBLER=mb-as" "ARCHIVER=mb-ar" "COMPIL
TRACE::2024-11-08.09:15:20::SCWMssOS::ER_FLAGS=  -O2 -c -mcpu=v11.0 -mlittle-endian -mno-xl-reorder -mno-xl-soft-mul -mxl-barrel-shift -mxl-pattern-compare" "EXTRA_C
TRACE::2024-11-08.09:15:20::SCWMssOS::OMPILER_FLAGS=-g -ffunction-sections -fdata-sections -Wall -Wextra -fno-tree-loop-distribute-patterns"

TRACE::2024-11-08.09:15:23::SCWMssOS::"DEBUG NON_LTO_OBJECTS is ../../../lib/microblaze_interrupt_handler.o"

TRACE::2024-11-08.09:15:24::SCWMssOS::'Finished building libraries parallelly.'

TRACE::2024-11-08.09:15:24::SCWMssOS::make --no-print-directory archive

TRACE::2024-11-08.09:15:24::SCWMssOS::mb-ar -r  microblaze_0/lib/libxil.a microblaze_0/lib/_exit.o microblaze_0/lib/errno.o microblaze_0/lib/fcntl.o microblaze_0/lib
TRACE::2024-11-08.09:15:24::SCWMssOS::/hw_exception_handler.o microblaze_0/lib/inbyte.o microblaze_0/lib/microblaze_disable_dcache.o microblaze_0/lib/microblaze_disa
TRACE::2024-11-08.09:15:24::SCWMssOS::ble_exceptions.o microblaze_0/lib/microblaze_disable_icache.o microblaze_0/lib/microblaze_disable_interrupts.o microblaze_0/lib
TRACE::2024-11-08.09:15:24::SCWMssOS::/microblaze_enable_dcache.o microblaze_0/lib/microblaze_enable_exceptions.o microblaze_0/lib/microblaze_enable_icache.o microbl
TRACE::2024-11-08.09:15:24::SCWMssOS::aze_0/lib/microblaze_enable_interrupts.o microblaze_0/lib/microblaze_exception_handler.o microblaze_0/lib/microblaze_flush_cach
TRACE::2024-11-08.09:15:24::SCWMssOS::e_ext.o microblaze_0/lib/microblaze_flush_cache_ext_range.o microblaze_0/lib/microblaze_flush_dcache.o microblaze_0/lib/microbl
TRACE::2024-11-08.09:15:24::SCWMssOS::aze_flush_dcache_range.o microblaze_0/lib/microblaze_init_dcache_range.o microblaze_0/lib/microblaze_init_icache_range.o microb
TRACE::2024-11-08.09:15:24::SCWMssOS::laze_0/lib/microblaze_interrupt_handler.o microblaze_0/lib/microblaze_interrupts_g.o microblaze_0/lib/microblaze_invalidate_cac
TRACE::2024-11-08.09:15:24::SCWMssOS::he_ext.o microblaze_0/lib/microblaze_invalidate_cache_ext_range.o microblaze_0/lib/microblaze_invalidate_dcache.o microblaze_0/
TRACE::2024-11-08.09:15:24::SCWMssOS::lib/microblaze_invalidate_dcache_range.o microblaze_0/lib/microblaze_invalidate_icache.o microblaze_0/lib/microblaze_invalidate
TRACE::2024-11-08.09:15:24::SCWMssOS::_icache_range.o microblaze_0/lib/microblaze_scrub.o microblaze_0/lib/microblaze_selftest.o microblaze_0/lib/microblaze_sleep.o 
TRACE::2024-11-08.09:15:24::SCWMssOS::microblaze_0/lib/microblaze_update_dcache.o microblaze_0/lib/microblaze_update_icache.o microblaze_0/lib/outbyte.o microblaze_0
TRACE::2024-11-08.09:15:24::SCWMssOS::/lib/print.o microblaze_0/lib/pvr.o microblaze_0/lib/xbram.o microblaze_0/lib/xbram_g.o microblaze_0/lib/xbram_intr.o microblaz
TRACE::2024-11-08.09:15:24::SCWMssOS::e_0/lib/xbram_selftest.o microblaze_0/lib/xbram_sinit.o microblaze_0/lib/xil_assert.o microblaze_0/lib/xil_cache.o microblaze_0
TRACE::2024-11-08.09:15:24::SCWMssOS::/lib/xil_clocking.o microblaze_0/lib/xil_exception.o microblaze_0/lib/xil_mem.o microblaze_0/lib/xil_misc_psreset_api.o microbl
TRACE::2024-11-08.09:15:24::SCWMssOS::aze_0/lib/xil_printf.o microblaze_0/lib/xil_sleepcommon.o microblaze_0/lib/xil_testcache.o microblaze_0/lib/xil_testio.o microb
TRACE::2024-11-08.09:15:24::SCWMssOS::laze_0/lib/xil_testmem.o microblaze_0/lib/xil_util.o microblaze_0/lib/xintc.o microblaze_0/lib/xintc_g.o microblaze_0/lib/xintc
TRACE::2024-11-08.09:15:24::SCWMssOS::_intr.o microblaze_0/lib/xintc_l.o microblaze_0/lib/xintc_options.o microblaze_0/lib/xintc_selftest.o microblaze_0/lib/xinterru
TRACE::2024-11-08.09:15:24::SCWMssOS::pt_wrap.o microblaze_0/lib/xio.o microblaze_0/lib/xplatform_info.o microblaze_0/lib/xuartlite.o microblaze_0/lib/xuartlite_g.o 
TRACE::2024-11-08.09:15:24::SCWMssOS::microblaze_0/lib/xuartlite_intr.o microblaze_0/lib/xuartlite_l.o microblaze_0/lib/xuartlite_selftest.o microblaze_0/lib/xuartli
TRACE::2024-11-08.09:15:24::SCWMssOS::te_sinit.o microblaze_0/lib/xuartlite_stats.o

TRACE::2024-11-08.09:15:24::SCWMssOS::'Finished building libraries'

TRACE::2024-11-08.09:15:25::SCWMssOS:: Checking if to create the Supporting Applications
TRACE::2024-11-08.09:15:25::SCWMssOS:: No Linux domain exists, trying to generate FSBL 
LOG::2024-11-08.09:15:25::SCWSystem::Completed Processing the domain standalone_microblaze_0
LOG::2024-11-08.09:15:25::SCWSystem::Completed Processing the sysconfig mb_usb_hdmi_top
LOG::2024-11-08.09:15:25::SCWPlatform::Completed generating the artifacts for system configuration mb_usb_hdmi_top
TRACE::2024-11-08.09:15:25::SCWPlatform::Started preparing the platform 
TRACE::2024-11-08.09:15:25::SCWSystem::Writing the bif file for system config mb_usb_hdmi_top
TRACE::2024-11-08.09:15:25::SCWSystem::dir created 
TRACE::2024-11-08.09:15:25::SCWSystem::Writing the bif 
TRACE::2024-11-08.09:15:25::SCWPlatform::Started writing the spfm file 
TRACE::2024-11-08.09:15:25::SCWPlatform::Started writing the xpfm file 
TRACE::2024-11-08.09:15:25::SCWPlatform::Completed generating the platform
TRACE::2024-11-08.09:15:25::SCWMssOS::Saving the mss changes C:/Users/realk/Desktop/ece385/ECE385/lab7_2/try5_sdk/mb_usb_hdmi_top/microblaze_0/standalone_microblaze_0/bsp/system.mss
TRACE::2024-11-08.09:15:25::SCWMssOS::Adding the swdes entry, mss present, able to open swdb C:/Users/realk/Desktop/ece385/ECE385/lab7_2/try5_sdk/mb_usb_hdmi_top/microblaze_0/standalone_microblaze_0/bsp/system.mss with des name system
TRACE::2024-11-08.09:15:25::SCWMssOS::Writing the mss file completed C:/Users/realk/Desktop/ece385/ECE385/lab7_2/try5_sdk/mb_usb_hdmi_top/microblaze_0/standalone_microblaze_0/bsp/system.mss
TRACE::2024-11-08.09:15:25::SCWMssOS::Commit changes completed.
TRACE::2024-11-08.09:15:25::SCWPlatform::Trying to open the hw design at C:/Users/realk/Desktop/ece385/ECE385/lab7_2/try5_sdk/mb_usb_hdmi_top/hw/mb_usb_hdmi_top.xsa
TRACE::2024-11-08.09:15:25::SCWPlatform::DSA given C:/Users/realk/Desktop/ece385/ECE385/lab7_2/try5_sdk/mb_usb_hdmi_top/hw/mb_usb_hdmi_top.xsa
TRACE::2024-11-08.09:15:25::SCWPlatform::DSA absoulate path C:/Users/realk/Desktop/ece385/ECE385/lab7_2/try5_sdk/mb_usb_hdmi_top/hw/mb_usb_hdmi_top.xsa
TRACE::2024-11-08.09:15:25::SCWPlatform::DSA directory C:/Users/realk/Desktop/ece385/ECE385/lab7_2/try5_sdk/mb_usb_hdmi_top/hw
TRACE::2024-11-08.09:15:25::SCWPlatform:: Platform Path C:/Users/realk/Desktop/ece385/ECE385/lab7_2/try5_sdk/mb_usb_hdmi_top/hw/mb_usb_hdmi_top.xsa
TRACE::2024-11-08.09:15:25::SCWPlatform:: Unique name xilinx:::0.0
TRACE::2024-11-08.09:15:25::SCWPlatform::Trying to set the existing hwdb with name mb_usb_hdmi_top_78
TRACE::2024-11-08.09:15:25::SCWPlatform::Opened existing hwdb mb_usb_hdmi_top_78
TRACE::2024-11-08.09:15:25::SCWPlatform::Found the Hw Db part of the input DSA
TRACE::2024-11-08.09:15:25::SCWMssOS::Checking the sw design at  C:/Users/realk/Desktop/ece385/ECE385/lab7_2/try5_sdk/mb_usb_hdmi_top/microblaze_0/standalone_microblaze_0/bsp/system.mss
TRACE::2024-11-08.09:15:25::SCWMssOS::DEBUG:  swdes dump  C:/Users/realk/Desktop/ece385/ECE385/lab7_2/try5_sdk/mb_usb_hdmi_top/microblaze_0/standalone_microblaze_0/bsp/system.mss|system||

TRACE::2024-11-08.09:15:25::SCWMssOS::Sw design exists and opened at  C:/Users/realk/Desktop/ece385/ECE385/lab7_2/try5_sdk/mb_usb_hdmi_top/microblaze_0/standalone_microblaze_0/bsp/system.mss
TRACE::2024-11-08.09:15:25::SCWWriter::formatted JSON is {
	"platformName":	"mb_usb_hdmi_top",
	"sprVersion":	"2.0",
	"mode":	"gui",
	"dsaType":	"Fixed",
	"platformDesc":	"mb_usb_hdmi_top",
	"platHandOff":	"C:/Users/realk/Desktop/ece385/ECE385/lab7_2/mb_usb_hdmi_top.xsa",
	"platIntHandOff":	"<platformDir>/hw/mb_usb_hdmi_top.xsa",
	"deviceType":	"FPGA",
	"platIsPrebuiltAutogen":	"false",
	"platIsNoBootBsp":	"false",
	"hasFsblMakeHasChanges":	"false",
	"hasPmufwMakeHasChanges":	"false",
	"platPreBuiltFlag":	false,
	"platformSamplesDir":	"",
	"platActiveSys":	"mb_usb_hdmi_top",
	"systems":	[{
			"systemName":	"mb_usb_hdmi_top",
			"systemDesc":	"mb_usb_hdmi_top",
			"sysIsBootAutoGen":	"true",
			"systemDispName":	"mb_usb_hdmi_top",
			"sysActiveDom":	"standalone_microblaze_0",
			"sysDefaultDom":	"standalone_microblaze_0",
			"domains":	[{
					"domainName":	"standalone_microblaze_0",
					"domainDispName":	"standalone_microblaze_0",
					"domainDesc":	"standalone_microblaze_0",
					"processors":	"microblaze_0",
					"os":	"standalone",
					"sdxOs":	"standalone",
					"debugEnable":	"False",
					"domRuntimes":	["cpp"],
					"swRepo":	"",
					"mssOsVer":	"8.0",
					"mssFile":	"",
					"md5Digest":	"5422c1e5be4ae93f4de8c50507402f2a",
					"compatibleApp":	"",
					"domType":	"mssDomain",
					"arch":	"32-bit",
					"appSettings":	{
						"appCompilerFlags":	"",
						"appLinkerFlags":	""
					},
					"addedLibs":	[],
					"libOptions":	{
						"libsContainingOptions":	[]
					},
					"prebuiltLibs":	{
						"prebuiltIncPath":	[],
						"prebuiltLibPath":	[]
					},
					"isolation":	{
					}
				}]
		}]
}
KEYINFO::2024-11-08.09:15:25::SCWPlatform::updated the xpfm file.
TRACE::2024-11-08.09:15:27::SCWPlatform::Trying to open the hw design at C:/Users/realk/Desktop/ece385/ECE385/lab7_2/try5_sdk/mb_usb_hdmi_top/hw/mb_usb_hdmi_top.xsa
TRACE::2024-11-08.09:15:27::SCWPlatform::DSA given C:/Users/realk/Desktop/ece385/ECE385/lab7_2/try5_sdk/mb_usb_hdmi_top/hw/mb_usb_hdmi_top.xsa
TRACE::2024-11-08.09:15:27::SCWPlatform::DSA absoulate path C:/Users/realk/Desktop/ece385/ECE385/lab7_2/try5_sdk/mb_usb_hdmi_top/hw/mb_usb_hdmi_top.xsa
TRACE::2024-11-08.09:15:27::SCWPlatform::DSA directory C:/Users/realk/Desktop/ece385/ECE385/lab7_2/try5_sdk/mb_usb_hdmi_top/hw
TRACE::2024-11-08.09:15:27::SCWPlatform:: Platform Path C:/Users/realk/Desktop/ece385/ECE385/lab7_2/try5_sdk/mb_usb_hdmi_top/hw/mb_usb_hdmi_top.xsa
TRACE::2024-11-08.09:15:27::SCWPlatform:: Unique name xilinx:::0.0
TRACE::2024-11-08.09:15:27::SCWPlatform::Trying to set the existing hwdb with name mb_usb_hdmi_top_78
TRACE::2024-11-08.09:15:27::SCWPlatform::Opened existing hwdb mb_usb_hdmi_top_78
TRACE::2024-11-08.09:15:27::SCWPlatform::Found the Hw Db part of the input DSA
TRACE::2024-11-08.09:15:27::SCWMssOS::Checking the sw design at  C:/Users/realk/Desktop/ece385/ECE385/lab7_2/try5_sdk/mb_usb_hdmi_top/microblaze_0/standalone_microblaze_0/bsp/system.mss
TRACE::2024-11-08.09:15:27::SCWMssOS::DEBUG:  swdes dump  C:/Users/realk/Desktop/ece385/ECE385/lab7_2/try5_sdk/mb_usb_hdmi_top/microblaze_0/standalone_microblaze_0/bsp/system.mss|system||

TRACE::2024-11-08.09:15:27::SCWMssOS::Sw design exists and opened at  C:/Users/realk/Desktop/ece385/ECE385/lab7_2/try5_sdk/mb_usb_hdmi_top/microblaze_0/standalone_microblaze_0/bsp/system.mss
TRACE::2024-11-08.09:16:39::SCWPlatform::Clearing the existing platform
TRACE::2024-11-08.09:16:39::SCWSystem::Clearing the existing sysconfig
TRACE::2024-11-08.09:16:39::SCWMssOS::Removing the swdes entry for  C:/Users/realk/Desktop/ece385/ECE385/lab7_2/try5_sdk/mb_usb_hdmi_top/microblaze_0/standalone_microblaze_0/bsp/system.mss
TRACE::2024-11-08.09:16:39::SCWSystem::Clearing the domains completed.
TRACE::2024-11-08.09:16:39::SCWPlatform::Clearing the opened hw db.
TRACE::2024-11-08.09:16:39::SCWPlatform::DSA given C:/Users/realk/Desktop/ece385/ECE385/lab7_2/try5_sdk/mb_usb_hdmi_top/hw/mb_usb_hdmi_top.xsa
TRACE::2024-11-08.09:16:39::SCWPlatform::DSA absoulate path C:/Users/realk/Desktop/ece385/ECE385/lab7_2/try5_sdk/mb_usb_hdmi_top/hw/mb_usb_hdmi_top.xsa
TRACE::2024-11-08.09:16:39::SCWPlatform:: Platform location is C:/Users/realk/Desktop/ece385/ECE385/lab7_2/try5_sdk/mb_usb_hdmi_top/hw
TRACE::2024-11-08.09:16:39::SCWPlatform:: Platform Path C:/Users/realk/Desktop/ece385/ECE385/lab7_2/try5_sdk/mb_usb_hdmi_top/hw/mb_usb_hdmi_top.xsa
TRACE::2024-11-08.09:16:39::SCWPlatform:: Unique name xilinx:::0.0
TRACE::2024-11-08.09:16:39::SCWPlatform::Removing the HwDB with name C:/Users/realk/Desktop/ece385/ECE385/lab7_2/try5_sdk/mb_usb_hdmi_top/hw/mb_usb_hdmi_top.xsa
TRACE::2024-11-08.09:16:39::SCWPlatform::Trying to open the hw design at C:/Users/realk/Desktop/ece385/ECE385/lab7_2/try5_sdk/mb_usb_hdmi_top/hw/mb_usb_hdmi_top.xsa
TRACE::2024-11-08.09:16:39::SCWPlatform::DSA given C:/Users/realk/Desktop/ece385/ECE385/lab7_2/try5_sdk/mb_usb_hdmi_top/hw/mb_usb_hdmi_top.xsa
TRACE::2024-11-08.09:16:39::SCWPlatform::DSA absoulate path C:/Users/realk/Desktop/ece385/ECE385/lab7_2/try5_sdk/mb_usb_hdmi_top/hw/mb_usb_hdmi_top.xsa
TRACE::2024-11-08.09:16:39::SCWPlatform::DSA directory C:/Users/realk/Desktop/ece385/ECE385/lab7_2/try5_sdk/mb_usb_hdmi_top/hw
TRACE::2024-11-08.09:16:39::SCWPlatform:: Platform Path C:/Users/realk/Desktop/ece385/ECE385/lab7_2/try5_sdk/mb_usb_hdmi_top/hw/mb_usb_hdmi_top.xsa
TRACE::2024-11-08.09:16:39::SCWPlatform:: Unique name xilinx:::0.0
TRACE::2024-11-08.09:16:39::SCWPlatform::Do not have an existing db opened. 
TRACE::2024-11-08.09:16:39::SCWPlatform::Opened new HwDB with name mb_usb_hdmi_top_80
TRACE::2024-11-08.09:16:39::SCWReader::Active system found as  mb_usb_hdmi_top
TRACE::2024-11-08.09:16:39::SCWReader::Handling sysconfig mb_usb_hdmi_top
TRACE::2024-11-08.09:16:39::SCWDomain::checking for install qemu data   : 
TRACE::2024-11-08.09:16:39::SCWPlatform::Trying to open the hw design at C:/Users/realk/Desktop/ece385/ECE385/lab7_2/try5_sdk/mb_usb_hdmi_top/hw/mb_usb_hdmi_top.xsa
TRACE::2024-11-08.09:16:39::SCWPlatform::DSA given C:/Users/realk/Desktop/ece385/ECE385/lab7_2/try5_sdk/mb_usb_hdmi_top/hw/mb_usb_hdmi_top.xsa
TRACE::2024-11-08.09:16:39::SCWPlatform::DSA absoulate path C:/Users/realk/Desktop/ece385/ECE385/lab7_2/try5_sdk/mb_usb_hdmi_top/hw/mb_usb_hdmi_top.xsa
TRACE::2024-11-08.09:16:39::SCWPlatform::DSA directory C:/Users/realk/Desktop/ece385/ECE385/lab7_2/try5_sdk/mb_usb_hdmi_top/hw
TRACE::2024-11-08.09:16:39::SCWPlatform:: Platform Path C:/Users/realk/Desktop/ece385/ECE385/lab7_2/try5_sdk/mb_usb_hdmi_top/hw/mb_usb_hdmi_top.xsa
TRACE::2024-11-08.09:16:39::SCWPlatform:: Unique name xilinx:::0.0
TRACE::2024-11-08.09:16:39::SCWPlatform::Trying to set the existing hwdb with name mb_usb_hdmi_top_80
TRACE::2024-11-08.09:16:39::SCWPlatform::Opened existing hwdb mb_usb_hdmi_top_80
TRACE::2024-11-08.09:16:39::SCWPlatform::Found the Hw Db part of the input DSA
TRACE::2024-11-08.09:16:39::SCWPlatform::Trying to open the hw design at C:/Users/realk/Desktop/ece385/ECE385/lab7_2/try5_sdk/mb_usb_hdmi_top/hw/mb_usb_hdmi_top.xsa
TRACE::2024-11-08.09:16:39::SCWPlatform::DSA given C:/Users/realk/Desktop/ece385/ECE385/lab7_2/try5_sdk/mb_usb_hdmi_top/hw/mb_usb_hdmi_top.xsa
TRACE::2024-11-08.09:16:39::SCWPlatform::DSA absoulate path C:/Users/realk/Desktop/ece385/ECE385/lab7_2/try5_sdk/mb_usb_hdmi_top/hw/mb_usb_hdmi_top.xsa
TRACE::2024-11-08.09:16:39::SCWPlatform::DSA directory C:/Users/realk/Desktop/ece385/ECE385/lab7_2/try5_sdk/mb_usb_hdmi_top/hw
TRACE::2024-11-08.09:16:39::SCWPlatform:: Platform Path C:/Users/realk/Desktop/ece385/ECE385/lab7_2/try5_sdk/mb_usb_hdmi_top/hw/mb_usb_hdmi_top.xsa
TRACE::2024-11-08.09:16:39::SCWPlatform:: Unique name xilinx:::0.0
TRACE::2024-11-08.09:16:39::SCWPlatform::Trying to set the existing hwdb with name mb_usb_hdmi_top_80
TRACE::2024-11-08.09:16:39::SCWPlatform::Opened existing hwdb mb_usb_hdmi_top_80
TRACE::2024-11-08.09:16:39::SCWPlatform::Found the Hw Db part of the input DSA
TRACE::2024-11-08.09:16:39::SCWPlatform::Trying to open the hw design at C:/Users/realk/Desktop/ece385/ECE385/lab7_2/try5_sdk/mb_usb_hdmi_top/hw/mb_usb_hdmi_top.xsa
TRACE::2024-11-08.09:16:39::SCWPlatform::DSA given C:/Users/realk/Desktop/ece385/ECE385/lab7_2/try5_sdk/mb_usb_hdmi_top/hw/mb_usb_hdmi_top.xsa
TRACE::2024-11-08.09:16:39::SCWPlatform::DSA absoulate path C:/Users/realk/Desktop/ece385/ECE385/lab7_2/try5_sdk/mb_usb_hdmi_top/hw/mb_usb_hdmi_top.xsa
TRACE::2024-11-08.09:16:39::SCWPlatform::DSA directory C:/Users/realk/Desktop/ece385/ECE385/lab7_2/try5_sdk/mb_usb_hdmi_top/hw
TRACE::2024-11-08.09:16:39::SCWPlatform:: Platform Path C:/Users/realk/Desktop/ece385/ECE385/lab7_2/try5_sdk/mb_usb_hdmi_top/hw/mb_usb_hdmi_top.xsa
TRACE::2024-11-08.09:16:39::SCWPlatform:: Unique name xilinx:::0.0
TRACE::2024-11-08.09:16:39::SCWPlatform::Trying to set the existing hwdb with name mb_usb_hdmi_top_80
TRACE::2024-11-08.09:16:39::SCWPlatform::Opened existing hwdb mb_usb_hdmi_top_80
TRACE::2024-11-08.09:16:39::SCWPlatform::Found the Hw Db part of the input DSA
TRACE::2024-11-08.09:16:39::SCWPlatform::Trying to open the hw design at C:/Users/realk/Desktop/ece385/ECE385/lab7_2/try5_sdk/mb_usb_hdmi_top/hw/mb_usb_hdmi_top.xsa
TRACE::2024-11-08.09:16:39::SCWPlatform::DSA given C:/Users/realk/Desktop/ece385/ECE385/lab7_2/try5_sdk/mb_usb_hdmi_top/hw/mb_usb_hdmi_top.xsa
TRACE::2024-11-08.09:16:39::SCWPlatform::DSA absoulate path C:/Users/realk/Desktop/ece385/ECE385/lab7_2/try5_sdk/mb_usb_hdmi_top/hw/mb_usb_hdmi_top.xsa
TRACE::2024-11-08.09:16:39::SCWPlatform::DSA directory C:/Users/realk/Desktop/ece385/ECE385/lab7_2/try5_sdk/mb_usb_hdmi_top/hw
TRACE::2024-11-08.09:16:39::SCWPlatform:: Platform Path C:/Users/realk/Desktop/ece385/ECE385/lab7_2/try5_sdk/mb_usb_hdmi_top/hw/mb_usb_hdmi_top.xsa
TRACE::2024-11-08.09:16:39::SCWPlatform:: Unique name xilinx:::0.0
TRACE::2024-11-08.09:16:39::SCWPlatform::Trying to set the existing hwdb with name mb_usb_hdmi_top_80
TRACE::2024-11-08.09:16:39::SCWPlatform::Opened existing hwdb mb_usb_hdmi_top_80
TRACE::2024-11-08.09:16:39::SCWPlatform::Found the Hw Db part of the input DSA
TRACE::2024-11-08.09:16:39::SCWMssOS::Checking the sw design at  C:/Users/realk/Desktop/ece385/ECE385/lab7_2/try5_sdk/mb_usb_hdmi_top/microblaze_0/standalone_microblaze_0/bsp/system.mss
TRACE::2024-11-08.09:16:39::SCWMssOS::DEBUG:  swdes dump  
TRACE::2024-11-08.09:16:39::SCWMssOS::No sw design opened at  C:/Users/realk/Desktop/ece385/ECE385/lab7_2/try5_sdk/mb_usb_hdmi_top/microblaze_0/standalone_microblaze_0/bsp/system.mss
TRACE::2024-11-08.09:16:39::SCWMssOS::mss exists loading the mss file  C:/Users/realk/Desktop/ece385/ECE385/lab7_2/try5_sdk/mb_usb_hdmi_top/microblaze_0/standalone_microblaze_0/bsp/system.mss
TRACE::2024-11-08.09:16:39::SCWMssOS::Opened the sw design from mss  C:/Users/realk/Desktop/ece385/ECE385/lab7_2/try5_sdk/mb_usb_hdmi_top/microblaze_0/standalone_microblaze_0/bsp/system.mss
TRACE::2024-11-08.09:16:39::SCWMssOS::Adding the swdes entry C:/Users/realk/Desktop/ece385/ECE385/lab7_2/try5_sdk/mb_usb_hdmi_top/microblaze_0/standalone_microblaze_0/bsp/system.mss with des name system
TRACE::2024-11-08.09:16:39::SCWMssOS::updating the scw layer about changes
TRACE::2024-11-08.09:16:39::SCWMssOS::Opened the sw design.  C:/Users/realk/Desktop/ece385/ECE385/lab7_2/try5_sdk/mb_usb_hdmi_top/microblaze_0/standalone_microblaze_0/bsp/system.mss
TRACE::2024-11-08.09:16:39::SCWMssOS::Saving the mss changes C:/Users/realk/Desktop/ece385/ECE385/lab7_2/try5_sdk/mb_usb_hdmi_top/microblaze_0/standalone_microblaze_0/bsp/system.mss
TRACE::2024-11-08.09:16:39::SCWMssOS::Found a swdesign opened with the mssfile.
TRACE::2024-11-08.09:16:39::SCWMssOS::Completed writemss as part of save.
TRACE::2024-11-08.09:16:39::SCWMssOS::Commit changes completed.
TRACE::2024-11-08.09:16:39::SCWReader::Adding prebuilt librarypaths as   
TRACE::2024-11-08.09:16:39::SCWReader::Adding prebuilt incpaths  as   
TRACE::2024-11-08.09:16:39::SCWPlatform::Trying to open the hw design at C:/Users/realk/Desktop/ece385/ECE385/lab7_2/try5_sdk/mb_usb_hdmi_top/hw/mb_usb_hdmi_top.xsa
TRACE::2024-11-08.09:16:39::SCWPlatform::DSA given C:/Users/realk/Desktop/ece385/ECE385/lab7_2/try5_sdk/mb_usb_hdmi_top/hw/mb_usb_hdmi_top.xsa
TRACE::2024-11-08.09:16:39::SCWPlatform::DSA absoulate path C:/Users/realk/Desktop/ece385/ECE385/lab7_2/try5_sdk/mb_usb_hdmi_top/hw/mb_usb_hdmi_top.xsa
TRACE::2024-11-08.09:16:39::SCWPlatform::DSA directory C:/Users/realk/Desktop/ece385/ECE385/lab7_2/try5_sdk/mb_usb_hdmi_top/hw
TRACE::2024-11-08.09:16:39::SCWPlatform:: Platform Path C:/Users/realk/Desktop/ece385/ECE385/lab7_2/try5_sdk/mb_usb_hdmi_top/hw/mb_usb_hdmi_top.xsa
TRACE::2024-11-08.09:16:39::SCWPlatform:: Unique name xilinx:::0.0
TRACE::2024-11-08.09:16:39::SCWPlatform::Trying to set the existing hwdb with name mb_usb_hdmi_top_80
TRACE::2024-11-08.09:16:39::SCWPlatform::Opened existing hwdb mb_usb_hdmi_top_80
TRACE::2024-11-08.09:16:39::SCWPlatform::Found the Hw Db part of the input DSA
TRACE::2024-11-08.09:16:39::SCWMssOS::Checking the sw design at  C:/Users/realk/Desktop/ece385/ECE385/lab7_2/try5_sdk/mb_usb_hdmi_top/microblaze_0/standalone_microblaze_0/bsp/system.mss
TRACE::2024-11-08.09:16:39::SCWMssOS::DEBUG:  swdes dump  C:/Users/realk/Desktop/ece385/ECE385/lab7_2/try5_sdk/mb_usb_hdmi_top/microblaze_0/standalone_microblaze_0/bsp/system.mss|system||

TRACE::2024-11-08.09:16:39::SCWMssOS::Sw design exists and opened at  C:/Users/realk/Desktop/ece385/ECE385/lab7_2/try5_sdk/mb_usb_hdmi_top/microblaze_0/standalone_microblaze_0/bsp/system.mss
TRACE::2024-11-08.09:16:39::SCWReader::No isolation master present  
TRACE::2024-11-08.09:16:42::SCWPlatform::DSA given C:/Users/realk/Desktop/ece385/ECE385/lab7_2/try5_sdk/mb_usb_hdmi_top/tempdsa/mb_usb_hdmi_top.xsa
TRACE::2024-11-08.09:16:42::SCWPlatform::DSA absoulate path C:/Users/realk/Desktop/ece385/ECE385/lab7_2/try5_sdk/mb_usb_hdmi_top/tempdsa/mb_usb_hdmi_top.xsa
TRACE::2024-11-08.09:16:42::SCWPlatform:: Platform location is C:/Users/realk/Desktop/ece385/ECE385/lab7_2/try5_sdk/mb_usb_hdmi_top/tempdsa
TRACE::2024-11-08.09:16:42::SCWPlatform:: Platform Path C:/Users/realk/Desktop/ece385/ECE385/lab7_2/try5_sdk/mb_usb_hdmi_top/tempdsa/mb_usb_hdmi_top.xsa
TRACE::2024-11-08.09:16:42::SCWPlatform:: Unique name xilinx:::0.0
TRACE::2024-11-08.09:16:42::SCWPlatform::Found the Hw Db part of the input DSA
TRACE::2024-11-08.09:16:42::SCWMssOS::Doing hw sync for the mss in domain: standalone_microblaze_0
TRACE::2024-11-08.09:16:42::SCWPlatform::Trying to open the hw design at C:/Users/realk/Desktop/ece385/ECE385/lab7_2/try5_sdk/mb_usb_hdmi_top/hw/mb_usb_hdmi_top.xsa
TRACE::2024-11-08.09:16:42::SCWPlatform::DSA given C:/Users/realk/Desktop/ece385/ECE385/lab7_2/try5_sdk/mb_usb_hdmi_top/hw/mb_usb_hdmi_top.xsa
TRACE::2024-11-08.09:16:42::SCWPlatform::DSA absoulate path C:/Users/realk/Desktop/ece385/ECE385/lab7_2/try5_sdk/mb_usb_hdmi_top/hw/mb_usb_hdmi_top.xsa
TRACE::2024-11-08.09:16:42::SCWPlatform::DSA directory C:/Users/realk/Desktop/ece385/ECE385/lab7_2/try5_sdk/mb_usb_hdmi_top/hw
TRACE::2024-11-08.09:16:42::SCWPlatform:: Platform Path C:/Users/realk/Desktop/ece385/ECE385/lab7_2/try5_sdk/mb_usb_hdmi_top/hw/mb_usb_hdmi_top.xsa
TRACE::2024-11-08.09:16:42::SCWPlatform:: Unique name xilinx:::0.0
TRACE::2024-11-08.09:16:42::SCWPlatform::Trying to set the existing hwdb with name mb_usb_hdmi_top_80
TRACE::2024-11-08.09:16:42::SCWPlatform::Opened existing hwdb mb_usb_hdmi_top_80
TRACE::2024-11-08.09:16:42::SCWPlatform::Found the Hw Db part of the input DSA
TRACE::2024-11-08.09:16:42::SCWPlatform::Trying to open the hw design at C:/Users/realk/Desktop/ece385/ECE385/lab7_2/try5_sdk/mb_usb_hdmi_top/hw/mb_usb_hdmi_top.xsa
TRACE::2024-11-08.09:16:42::SCWPlatform::DSA given C:/Users/realk/Desktop/ece385/ECE385/lab7_2/try5_sdk/mb_usb_hdmi_top/hw/mb_usb_hdmi_top.xsa
TRACE::2024-11-08.09:16:42::SCWPlatform::DSA absoulate path C:/Users/realk/Desktop/ece385/ECE385/lab7_2/try5_sdk/mb_usb_hdmi_top/hw/mb_usb_hdmi_top.xsa
TRACE::2024-11-08.09:16:42::SCWPlatform::DSA directory C:/Users/realk/Desktop/ece385/ECE385/lab7_2/try5_sdk/mb_usb_hdmi_top/hw
TRACE::2024-11-08.09:16:42::SCWPlatform:: Platform Path C:/Users/realk/Desktop/ece385/ECE385/lab7_2/try5_sdk/mb_usb_hdmi_top/hw/mb_usb_hdmi_top.xsa
TRACE::2024-11-08.09:16:42::SCWPlatform:: Unique name xilinx:::0.0
TRACE::2024-11-08.09:16:42::SCWPlatform::Trying to set the existing hwdb with name mb_usb_hdmi_top_80
TRACE::2024-11-08.09:16:42::SCWPlatform::Opened existing hwdb mb_usb_hdmi_top_80
TRACE::2024-11-08.09:16:42::SCWPlatform::Found the Hw Db part of the input DSA
TRACE::2024-11-08.09:16:42::SCWMssOS::Checking the sw design at  C:/Users/realk/Desktop/ece385/ECE385/lab7_2/try5_sdk/mb_usb_hdmi_top/microblaze_0/standalone_microblaze_0/bsp/system.mss
TRACE::2024-11-08.09:16:42::SCWMssOS::DEBUG:  swdes dump  C:/Users/realk/Desktop/ece385/ECE385/lab7_2/try5_sdk/mb_usb_hdmi_top/microblaze_0/standalone_microblaze_0/bsp/system.mss|system||

TRACE::2024-11-08.09:16:42::SCWMssOS::Sw design exists and opened at  C:/Users/realk/Desktop/ece385/ECE385/lab7_2/try5_sdk/mb_usb_hdmi_top/microblaze_0/standalone_microblaze_0/bsp/system.mss
TRACE::2024-11-08.09:16:42::SCWPlatform::Trying to open the hw design at C:/Users/realk/Desktop/ece385/ECE385/lab7_2/try5_sdk/mb_usb_hdmi_top/tempdsa/mb_usb_hdmi_top.xsa
TRACE::2024-11-08.09:16:42::SCWPlatform::DSA given C:/Users/realk/Desktop/ece385/ECE385/lab7_2/try5_sdk/mb_usb_hdmi_top/tempdsa/mb_usb_hdmi_top.xsa
TRACE::2024-11-08.09:16:42::SCWPlatform::DSA absoulate path C:/Users/realk/Desktop/ece385/ECE385/lab7_2/try5_sdk/mb_usb_hdmi_top/tempdsa/mb_usb_hdmi_top.xsa
TRACE::2024-11-08.09:16:42::SCWPlatform::DSA directory C:/Users/realk/Desktop/ece385/ECE385/lab7_2/try5_sdk/mb_usb_hdmi_top/tempdsa
TRACE::2024-11-08.09:16:42::SCWPlatform:: Platform Path C:/Users/realk/Desktop/ece385/ECE385/lab7_2/try5_sdk/mb_usb_hdmi_top/tempdsa/mb_usb_hdmi_top.xsa
TRACE::2024-11-08.09:16:42::SCWPlatform:: Unique name xilinx:::0.0
TRACE::2024-11-08.09:16:42::SCWPlatform::update - Opened existing hwdb mb_usb_hdmi_top_81
TRACE::2024-11-08.09:16:42::SCWPlatform::Found the Hw Db part of the input DSA
TRACE::2024-11-08.09:16:42::SCWMssOS::Saving the mss changes C:/Users/realk/Desktop/ece385/ECE385/lab7_2/try5_sdk/mb_usb_hdmi_top/microblaze_0/standalone_microblaze_0/bsp/system.mss
TRACE::2024-11-08.09:16:42::SCWMssOS::Found a swdesign opened with the mssfile.
TRACE::2024-11-08.09:16:42::SCWMssOS::Completed writemss as part of save.
TRACE::2024-11-08.09:16:42::SCWMssOS::Commit changes completed.
TRACE::2024-11-08.09:16:42::SCWMssOS::Completed hw sync for the mss in domain: standalone_microblaze_0
TRACE::2024-11-08.09:16:42::SCWMssOS::Removing the swdes entry for  C:/Users/realk/Desktop/ece385/ECE385/lab7_2/try5_sdk/mb_usb_hdmi_top/microblaze_0/standalone_microblaze_0/bsp/system.mss
TRACE::2024-11-08.09:16:42::SCWPlatform::Trying to open the hw design at C:/Users/realk/Desktop/ece385/ECE385/lab7_2/try5_sdk/mb_usb_hdmi_top/hw/mb_usb_hdmi_top.xsa
TRACE::2024-11-08.09:16:42::SCWPlatform::DSA given C:/Users/realk/Desktop/ece385/ECE385/lab7_2/try5_sdk/mb_usb_hdmi_top/hw/mb_usb_hdmi_top.xsa
TRACE::2024-11-08.09:16:42::SCWPlatform::DSA absoulate path C:/Users/realk/Desktop/ece385/ECE385/lab7_2/try5_sdk/mb_usb_hdmi_top/hw/mb_usb_hdmi_top.xsa
TRACE::2024-11-08.09:16:42::SCWPlatform::DSA directory C:/Users/realk/Desktop/ece385/ECE385/lab7_2/try5_sdk/mb_usb_hdmi_top/hw
TRACE::2024-11-08.09:16:42::SCWPlatform:: Platform Path C:/Users/realk/Desktop/ece385/ECE385/lab7_2/try5_sdk/mb_usb_hdmi_top/hw/mb_usb_hdmi_top.xsa
TRACE::2024-11-08.09:16:42::SCWPlatform:: Unique name xilinx:::0.0
TRACE::2024-11-08.09:16:42::SCWPlatform::Do not have an existing db opened. 
TRACE::2024-11-08.09:16:42::SCWPlatform::Opened new HwDB with name mb_usb_hdmi_top_82
TRACE::2024-11-08.09:16:42::SCWMssOS::Saving the mss changes C:/Users/realk/Desktop/ece385/ECE385/lab7_2/try5_sdk/mb_usb_hdmi_top/microblaze_0/standalone_microblaze_0/bsp/system.mss
TRACE::2024-11-08.09:16:42::SCWMssOS::Adding the swdes entry, mss present, able to open swdb C:/Users/realk/Desktop/ece385/ECE385/lab7_2/try5_sdk/mb_usb_hdmi_top/microblaze_0/standalone_microblaze_0/bsp/system.mss with des name system
TRACE::2024-11-08.09:16:42::SCWMssOS::Writing the mss file completed C:/Users/realk/Desktop/ece385/ECE385/lab7_2/try5_sdk/mb_usb_hdmi_top/microblaze_0/standalone_microblaze_0/bsp/system.mss
TRACE::2024-11-08.09:16:42::SCWMssOS::Commit changes completed.
TRACE::2024-11-08.09:16:42::SCWPlatform::Trying to open the hw design at C:/Users/realk/Desktop/ece385/ECE385/lab7_2/try5_sdk/mb_usb_hdmi_top/hw/mb_usb_hdmi_top.xsa
TRACE::2024-11-08.09:16:42::SCWPlatform::DSA given C:/Users/realk/Desktop/ece385/ECE385/lab7_2/try5_sdk/mb_usb_hdmi_top/hw/mb_usb_hdmi_top.xsa
TRACE::2024-11-08.09:16:42::SCWPlatform::DSA absoulate path C:/Users/realk/Desktop/ece385/ECE385/lab7_2/try5_sdk/mb_usb_hdmi_top/hw/mb_usb_hdmi_top.xsa
TRACE::2024-11-08.09:16:42::SCWPlatform::DSA directory C:/Users/realk/Desktop/ece385/ECE385/lab7_2/try5_sdk/mb_usb_hdmi_top/hw
TRACE::2024-11-08.09:16:42::SCWPlatform:: Platform Path C:/Users/realk/Desktop/ece385/ECE385/lab7_2/try5_sdk/mb_usb_hdmi_top/hw/mb_usb_hdmi_top.xsa
TRACE::2024-11-08.09:16:42::SCWPlatform:: Unique name xilinx:::0.0
TRACE::2024-11-08.09:16:42::SCWPlatform::Trying to set the existing hwdb with name mb_usb_hdmi_top_82
TRACE::2024-11-08.09:16:42::SCWPlatform::Opened existing hwdb mb_usb_hdmi_top_82
TRACE::2024-11-08.09:16:42::SCWPlatform::Found the Hw Db part of the input DSA
TRACE::2024-11-08.09:16:42::SCWMssOS::Checking the sw design at  C:/Users/realk/Desktop/ece385/ECE385/lab7_2/try5_sdk/mb_usb_hdmi_top/microblaze_0/standalone_microblaze_0/bsp/system.mss
TRACE::2024-11-08.09:16:42::SCWMssOS::DEBUG:  swdes dump  C:/Users/realk/Desktop/ece385/ECE385/lab7_2/try5_sdk/mb_usb_hdmi_top/microblaze_0/standalone_microblaze_0/bsp/system.mss|system||

TRACE::2024-11-08.09:16:42::SCWMssOS::Sw design exists and opened at  C:/Users/realk/Desktop/ece385/ECE385/lab7_2/try5_sdk/mb_usb_hdmi_top/microblaze_0/standalone_microblaze_0/bsp/system.mss
TRACE::2024-11-08.09:16:42::SCWWriter::formatted JSON is {
	"platformName":	"mb_usb_hdmi_top",
	"sprVersion":	"2.0",
	"mode":	"gui",
	"dsaType":	"Fixed",
	"platformDesc":	"mb_usb_hdmi_top",
	"platHandOff":	"C:/Users/realk/Desktop/ece385/ECE385/lab7_2/mb_usb_hdmi_top.xsa",
	"platIntHandOff":	"<platformDir>/hw/mb_usb_hdmi_top.xsa",
	"deviceType":	"FPGA",
	"platIsPrebuiltAutogen":	"false",
	"platIsNoBootBsp":	"false",
	"hasFsblMakeHasChanges":	"false",
	"hasPmufwMakeHasChanges":	"false",
	"platPreBuiltFlag":	false,
	"platformSamplesDir":	"",
	"platActiveSys":	"mb_usb_hdmi_top",
	"systems":	[{
			"systemName":	"mb_usb_hdmi_top",
			"systemDesc":	"mb_usb_hdmi_top",
			"sysIsBootAutoGen":	"true",
			"systemDispName":	"mb_usb_hdmi_top",
			"sysActiveDom":	"standalone_microblaze_0",
			"sysDefaultDom":	"standalone_microblaze_0",
			"domains":	[{
					"domainName":	"standalone_microblaze_0",
					"domainDispName":	"standalone_microblaze_0",
					"domainDesc":	"standalone_microblaze_0",
					"processors":	"microblaze_0",
					"os":	"standalone",
					"sdxOs":	"standalone",
					"debugEnable":	"False",
					"domRuntimes":	["cpp"],
					"swRepo":	"",
					"mssOsVer":	"8.0",
					"mssFile":	"",
					"md5Digest":	"5422c1e5be4ae93f4de8c50507402f2a1",
					"compatibleApp":	"",
					"domType":	"mssDomain",
					"arch":	"32-bit",
					"appSettings":	{
						"appCompilerFlags":	"",
						"appLinkerFlags":	""
					},
					"addedLibs":	[],
					"libOptions":	{
						"libsContainingOptions":	[]
					},
					"prebuiltLibs":	{
						"prebuiltIncPath":	[],
						"prebuiltLibPath":	[]
					},
					"isolation":	{
					}
				}]
		}]
}
TRACE::2024-11-08.09:16:54::SCWMssOS::cleaning the bsp 
TRACE::2024-11-08.09:16:54::SCWMssOS::System Command Ran  C: & cd  C:/Users/realk/Desktop/ece385/ECE385/lab7_2/try5_sdk/mb_usb_hdmi_top/microblaze_0/standalone_microblaze_0/bsp & make clean 
TRACE::2024-11-08.09:16:54::SCWMssOS::make -C microblaze_0/libsrc/bram_v4_8/src -s clean 

TRACE::2024-11-08.09:16:54::SCWMssOS::make -C microblaze_0/libsrc/cpu_v2_16/src -s clean 

TRACE::2024-11-08.09:16:54::SCWMssOS::make -C microblaze_0/libsrc/intc_v3_15/src -s clean 

TRACE::2024-11-08.09:16:54::SCWMssOS::make -C microblaze_0/libsrc/standalone_v8_0/src -s clean 

TRACE::2024-11-08.09:16:55::SCWMssOS::make -C microblaze_0/libsrc/uartlite_v3_7/src -s clean 

TRACE::2024-11-08.09:16:55::SCWMssOS::rm -f microblaze_0/lib/libxil.a

LOG::2024-11-08.09:17:16::SCWPlatform::Started generating the artifacts platform mb_usb_hdmi_top
TRACE::2024-11-08.09:17:16::SCWPlatform::Sanity checking of platform is completed
LOG::2024-11-08.09:17:16::SCWPlatform::Started generating the artifacts for system configuration mb_usb_hdmi_top
LOG::2024-11-08.09:17:16::SCWSystem::Checking the domain standalone_microblaze_0
LOG::2024-11-08.09:17:16::SCWSystem::Not a boot domain 
LOG::2024-11-08.09:17:16::SCWSystem::Started Processing the domain standalone_microblaze_0
TRACE::2024-11-08.09:17:16::SCWDomain::Generating domain artifcats
TRACE::2024-11-08.09:17:16::SCWMssOS::Generating standalone artifcats
TRACE::2024-11-08.09:17:16::SCWMssOS:: Copying the user libraries. 
TRACE::2024-11-08.09:17:16::SCWPlatform::Trying to open the hw design at C:/Users/realk/Desktop/ece385/ECE385/lab7_2/try5_sdk/mb_usb_hdmi_top/hw/mb_usb_hdmi_top.xsa
TRACE::2024-11-08.09:17:16::SCWPlatform::DSA given C:/Users/realk/Desktop/ece385/ECE385/lab7_2/try5_sdk/mb_usb_hdmi_top/hw/mb_usb_hdmi_top.xsa
TRACE::2024-11-08.09:17:16::SCWPlatform::DSA absoulate path C:/Users/realk/Desktop/ece385/ECE385/lab7_2/try5_sdk/mb_usb_hdmi_top/hw/mb_usb_hdmi_top.xsa
TRACE::2024-11-08.09:17:16::SCWPlatform::DSA directory C:/Users/realk/Desktop/ece385/ECE385/lab7_2/try5_sdk/mb_usb_hdmi_top/hw
TRACE::2024-11-08.09:17:16::SCWPlatform:: Platform Path C:/Users/realk/Desktop/ece385/ECE385/lab7_2/try5_sdk/mb_usb_hdmi_top/hw/mb_usb_hdmi_top.xsa
TRACE::2024-11-08.09:17:16::SCWPlatform:: Unique name xilinx:::0.0
TRACE::2024-11-08.09:17:16::SCWPlatform::Trying to set the existing hwdb with name mb_usb_hdmi_top_82
TRACE::2024-11-08.09:17:16::SCWPlatform::Opened existing hwdb mb_usb_hdmi_top_82
TRACE::2024-11-08.09:17:16::SCWPlatform::Found the Hw Db part of the input DSA
TRACE::2024-11-08.09:17:16::SCWMssOS::Checking the sw design at  C:/Users/realk/Desktop/ece385/ECE385/lab7_2/try5_sdk/mb_usb_hdmi_top/microblaze_0/standalone_microblaze_0/bsp/system.mss
TRACE::2024-11-08.09:17:16::SCWMssOS::DEBUG:  swdes dump  C:/Users/realk/Desktop/ece385/ECE385/lab7_2/try5_sdk/mb_usb_hdmi_top/microblaze_0/standalone_microblaze_0/bsp/system.mss|system||

TRACE::2024-11-08.09:17:16::SCWMssOS::Sw design exists and opened at  C:/Users/realk/Desktop/ece385/ECE385/lab7_2/try5_sdk/mb_usb_hdmi_top/microblaze_0/standalone_microblaze_0/bsp/system.mss
TRACE::2024-11-08.09:17:16::SCWMssOS::Completed writing the mss file at C:/Users/realk/Desktop/ece385/ECE385/lab7_2/try5_sdk/mb_usb_hdmi_top/microblaze_0/standalone_microblaze_0/bsp
TRACE::2024-11-08.09:17:16::SCWMssOS::Mss edits present, copying mssfile into export location C:/Users/realk/Desktop/ece385/ECE385/lab7_2/try5_sdk/mb_usb_hdmi_top/microblaze_0/standalone_microblaze_0/bsp/system.mss
TRACE::2024-11-08.09:17:16::SCWMssOS::bsp generated is stale removing and regenerating. 
TRACE::2024-11-08.09:17:17::SCWMssOS::doing bsp build ... 
TRACE::2024-11-08.09:17:17::SCWMssOS::System Command Ran  C: & cd  C:/Users/realk/Desktop/ece385/ECE385/lab7_2/try5_sdk/mb_usb_hdmi_top/microblaze_0/standalone_microblaze_0/bsp & make 
TRACE::2024-11-08.09:17:17::SCWMssOS::make --no-print-directory seq_libs

TRACE::2024-11-08.09:17:17::SCWMssOS::'Finished building libraries sequentially.'

TRACE::2024-11-08.09:17:17::SCWMssOS::make -j 14 --no-print-directory par_libs

TRACE::2024-11-08.09:17:17::SCWMssOS::"Running Make include in microblaze_0/libsrc/bram_v4_8/src"

TRACE::2024-11-08.09:17:17::SCWMssOS::make -C microblaze_0/libsrc/bram_v4_8/src -s include  "SHELL=CMD" "COMPILER=mb-gcc" "ASSEMBLER=mb-as" "ARCHIVER=mb-ar" "COMPILE
TRACE::2024-11-08.09:17:17::SCWMssOS::R_FLAGS=  -O2 -c -mcpu=v11.0 -mlittle-endian -mno-xl-reorder -mno-xl-soft-mul -mxl-barrel-shift -mxl-pattern-compare" "EXTRA_CO
TRACE::2024-11-08.09:17:17::SCWMssOS::MPILER_FLAGS=-g -ffunction-sections -fdata-sections -Wall -Wextra -fno-tree-loop-distribute-patterns"

TRACE::2024-11-08.09:17:17::SCWMssOS::"Running Make include in microblaze_0/libsrc/cpu_v2_16/src"

TRACE::2024-11-08.09:17:18::SCWMssOS::make -C microblaze_0/libsrc/cpu_v2_16/src -s include  "SHELL=CMD" "COMPILER=mb-gcc" "ASSEMBLER=mb-as" "ARCHIVER=mb-ar" "COMPILE
TRACE::2024-11-08.09:17:18::SCWMssOS::R_FLAGS=  -O2 -c -mcpu=v11.0 -mlittle-endian -mno-xl-reorder -mno-xl-soft-mul -mxl-barrel-shift -mxl-pattern-compare" "EXTRA_CO
TRACE::2024-11-08.09:17:18::SCWMssOS::MPILER_FLAGS=-g -ffunction-sections -fdata-sections -Wall -Wextra -fno-tree-loop-distribute-patterns"

TRACE::2024-11-08.09:17:18::SCWMssOS::"Running Make include in microblaze_0/libsrc/intc_v3_15/src"

TRACE::2024-11-08.09:17:18::SCWMssOS::make -C microblaze_0/libsrc/intc_v3_15/src -s include  "SHELL=CMD" "COMPILER=mb-gcc" "ASSEMBLER=mb-as" "ARCHIVER=mb-ar" "COMPIL
TRACE::2024-11-08.09:17:18::SCWMssOS::ER_FLAGS=  -O2 -c -mcpu=v11.0 -mlittle-endian -mno-xl-reorder -mno-xl-soft-mul -mxl-barrel-shift -mxl-pattern-compare" "EXTRA_C
TRACE::2024-11-08.09:17:18::SCWMssOS::OMPILER_FLAGS=-g -ffunction-sections -fdata-sections -Wall -Wextra -fno-tree-loop-distribute-patterns"

TRACE::2024-11-08.09:17:18::SCWMssOS::"Running Make include in microblaze_0/libsrc/standalone_v8_0/src"

TRACE::2024-11-08.09:17:18::SCWMssOS::make -C microblaze_0/libsrc/standalone_v8_0/src -s include  "SHELL=CMD" "COMPILER=mb-gcc" "ASSEMBLER=mb-as" "ARCHIVER=mb-ar" "C
TRACE::2024-11-08.09:17:18::SCWMssOS::OMPILER_FLAGS=  -O2 -c -mcpu=v11.0 -mlittle-endian -mno-xl-reorder -mno-xl-soft-mul -mxl-barrel-shift -mxl-pattern-compare" "EX
TRACE::2024-11-08.09:17:18::SCWMssOS::TRA_COMPILER_FLAGS=-g -ffunction-sections -fdata-sections -Wall -Wextra -fno-tree-loop-distribute-patterns"

TRACE::2024-11-08.09:17:18::SCWMssOS::"Running Make include in microblaze_0/libsrc/uartlite_v3_7/src"

TRACE::2024-11-08.09:17:18::SCWMssOS::make -C microblaze_0/libsrc/uartlite_v3_7/src -s include  "SHELL=CMD" "COMPILER=mb-gcc" "ASSEMBLER=mb-as" "ARCHIVER=mb-ar" "COM
TRACE::2024-11-08.09:17:18::SCWMssOS::PILER_FLAGS=  -O2 -c -mcpu=v11.0 -mlittle-endian -mno-xl-reorder -mno-xl-soft-mul -mxl-barrel-shift -mxl-pattern-compare" "EXTR
TRACE::2024-11-08.09:17:18::SCWMssOS::A_COMPILER_FLAGS=-g -ffunction-sections -fdata-sections -Wall -Wextra -fno-tree-loop-distribute-patterns"

TRACE::2024-11-08.09:17:18::SCWMssOS::"Running Make libs in microblaze_0/libsrc/bram_v4_8/src"

TRACE::2024-11-08.09:17:18::SCWMssOS::make -C microblaze_0/libsrc/bram_v4_8/src -s libs  "SHELL=CMD" "COMPILER=mb-gcc" "ASSEMBLER=mb-as" "ARCHIVER=mb-ar" "COMPILER_F
TRACE::2024-11-08.09:17:18::SCWMssOS::LAGS=  -O2 -c -mcpu=v11.0 -mlittle-endian -mno-xl-reorder -mno-xl-soft-mul -mxl-barrel-shift -mxl-pattern-compare" "EXTRA_COMPI
TRACE::2024-11-08.09:17:18::SCWMssOS::LER_FLAGS=-g -ffunction-sections -fdata-sections -Wall -Wextra -fno-tree-loop-distribute-patterns"

TRACE::2024-11-08.09:17:18::SCWMssOS::"Running Make libs in microblaze_0/libsrc/cpu_v2_16/src"

TRACE::2024-11-08.09:17:18::SCWMssOS::make -C microblaze_0/libsrc/cpu_v2_16/src -s libs  "SHELL=CMD" "COMPILER=mb-gcc" "ASSEMBLER=mb-as" "ARCHIVER=mb-ar" "COMPILER_F
TRACE::2024-11-08.09:17:18::SCWMssOS::LAGS=  -O2 -c -mcpu=v11.0 -mlittle-endian -mno-xl-reorder -mno-xl-soft-mul -mxl-barrel-shift -mxl-pattern-compare" "EXTRA_COMPI
TRACE::2024-11-08.09:17:18::SCWMssOS::LER_FLAGS=-g -ffunction-sections -fdata-sections -Wall -Wextra -fno-tree-loop-distribute-patterns"

TRACE::2024-11-08.09:17:18::SCWMssOS::"Running Make libs in microblaze_0/libsrc/intc_v3_15/src"

TRACE::2024-11-08.09:17:18::SCWMssOS::make -C microblaze_0/libsrc/intc_v3_15/src -s libs  "SHELL=CMD" "COMPILER=mb-gcc" "ASSEMBLER=mb-as" "ARCHIVER=mb-ar" "COMPILER_
TRACE::2024-11-08.09:17:18::SCWMssOS::FLAGS=  -O2 -c -mcpu=v11.0 -mlittle-endian -mno-xl-reorder -mno-xl-soft-mul -mxl-barrel-shift -mxl-pattern-compare" "EXTRA_COMP
TRACE::2024-11-08.09:17:18::SCWMssOS::ILER_FLAGS=-g -ffunction-sections -fdata-sections -Wall -Wextra -fno-tree-loop-distribute-patterns"

TRACE::2024-11-08.09:17:18::SCWMssOS::"Running Make libs in microblaze_0/libsrc/standalone_v8_0/src"

TRACE::2024-11-08.09:17:18::SCWMssOS::make -C microblaze_0/libsrc/standalone_v8_0/src -s libs  "SHELL=CMD" "COMPILER=mb-gcc" "ASSEMBLER=mb-as" "ARCHIVER=mb-ar" "COMP
TRACE::2024-11-08.09:17:18::SCWMssOS::ILER_FLAGS=  -O2 -c -mcpu=v11.0 -mlittle-endian -mno-xl-reorder -mno-xl-soft-mul -mxl-barrel-shift -mxl-pattern-compare" "EXTRA
TRACE::2024-11-08.09:17:18::SCWMssOS::_COMPILER_FLAGS=-g -ffunction-sections -fdata-sections -Wall -Wextra -fno-tree-loop-distribute-patterns"

TRACE::2024-11-08.09:17:18::SCWMssOS::"Running Make libs in microblaze_0/libsrc/uartlite_v3_7/src"

TRACE::2024-11-08.09:17:18::SCWMssOS::make -C microblaze_0/libsrc/uartlite_v3_7/src -s libs  "SHELL=CMD" "COMPILER=mb-gcc" "ASSEMBLER=mb-as" "ARCHIVER=mb-ar" "COMPIL
TRACE::2024-11-08.09:17:18::SCWMssOS::ER_FLAGS=  -O2 -c -mcpu=v11.0 -mlittle-endian -mno-xl-reorder -mno-xl-soft-mul -mxl-barrel-shift -mxl-pattern-compare" "EXTRA_C
TRACE::2024-11-08.09:17:18::SCWMssOS::OMPILER_FLAGS=-g -ffunction-sections -fdata-sections -Wall -Wextra -fno-tree-loop-distribute-patterns"

TRACE::2024-11-08.09:17:22::SCWMssOS::"DEBUG NON_LTO_OBJECTS is ../../../lib/microblaze_interrupt_handler.o"

TRACE::2024-11-08.09:17:22::SCWMssOS::'Finished building libraries parallelly.'

TRACE::2024-11-08.09:17:22::SCWMssOS::make --no-print-directory archive

TRACE::2024-11-08.09:17:22::SCWMssOS::mb-ar -r  microblaze_0/lib/libxil.a microblaze_0/lib/_exit.o microblaze_0/lib/errno.o microblaze_0/lib/fcntl.o microblaze_0/lib
TRACE::2024-11-08.09:17:22::SCWMssOS::/hw_exception_handler.o microblaze_0/lib/inbyte.o microblaze_0/lib/microblaze_disable_dcache.o microblaze_0/lib/microblaze_disa
TRACE::2024-11-08.09:17:22::SCWMssOS::ble_exceptions.o microblaze_0/lib/microblaze_disable_icache.o microblaze_0/lib/microblaze_disable_interrupts.o microblaze_0/lib
TRACE::2024-11-08.09:17:22::SCWMssOS::/microblaze_enable_dcache.o microblaze_0/lib/microblaze_enable_exceptions.o microblaze_0/lib/microblaze_enable_icache.o microbl
TRACE::2024-11-08.09:17:22::SCWMssOS::aze_0/lib/microblaze_enable_interrupts.o microblaze_0/lib/microblaze_exception_handler.o microblaze_0/lib/microblaze_flush_cach
TRACE::2024-11-08.09:17:22::SCWMssOS::e_ext.o microblaze_0/lib/microblaze_flush_cache_ext_range.o microblaze_0/lib/microblaze_flush_dcache.o microblaze_0/lib/microbl
TRACE::2024-11-08.09:17:22::SCWMssOS::aze_flush_dcache_range.o microblaze_0/lib/microblaze_init_dcache_range.o microblaze_0/lib/microblaze_init_icache_range.o microb
TRACE::2024-11-08.09:17:22::SCWMssOS::laze_0/lib/microblaze_interrupt_handler.o microblaze_0/lib/microblaze_interrupts_g.o microblaze_0/lib/microblaze_invalidate_cac
TRACE::2024-11-08.09:17:22::SCWMssOS::he_ext.o microblaze_0/lib/microblaze_invalidate_cache_ext_range.o microblaze_0/lib/microblaze_invalidate_dcache.o microblaze_0/
TRACE::2024-11-08.09:17:22::SCWMssOS::lib/microblaze_invalidate_dcache_range.o microblaze_0/lib/microblaze_invalidate_icache.o microblaze_0/lib/microblaze_invalidate
TRACE::2024-11-08.09:17:22::SCWMssOS::_icache_range.o microblaze_0/lib/microblaze_scrub.o microblaze_0/lib/microblaze_selftest.o microblaze_0/lib/microblaze_sleep.o 
TRACE::2024-11-08.09:17:22::SCWMssOS::microblaze_0/lib/microblaze_update_dcache.o microblaze_0/lib/microblaze_update_icache.o microblaze_0/lib/outbyte.o microblaze_0
TRACE::2024-11-08.09:17:22::SCWMssOS::/lib/print.o microblaze_0/lib/pvr.o microblaze_0/lib/xbram.o microblaze_0/lib/xbram_g.o microblaze_0/lib/xbram_intr.o microblaz
TRACE::2024-11-08.09:17:22::SCWMssOS::e_0/lib/xbram_selftest.o microblaze_0/lib/xbram_sinit.o microblaze_0/lib/xil_assert.o microblaze_0/lib/xil_cache.o microblaze_0
TRACE::2024-11-08.09:17:22::SCWMssOS::/lib/xil_clocking.o microblaze_0/lib/xil_exception.o microblaze_0/lib/xil_mem.o microblaze_0/lib/xil_misc_psreset_api.o microbl
TRACE::2024-11-08.09:17:22::SCWMssOS::aze_0/lib/xil_printf.o microblaze_0/lib/xil_sleepcommon.o microblaze_0/lib/xil_testcache.o microblaze_0/lib/xil_testio.o microb
TRACE::2024-11-08.09:17:22::SCWMssOS::laze_0/lib/xil_testmem.o microblaze_0/lib/xil_util.o microblaze_0/lib/xintc.o microblaze_0/lib/xintc_g.o microblaze_0/lib/xintc
TRACE::2024-11-08.09:17:22::SCWMssOS::_intr.o microblaze_0/lib/xintc_l.o microblaze_0/lib/xintc_options.o microblaze_0/lib/xintc_selftest.o microblaze_0/lib/xinterru
TRACE::2024-11-08.09:17:22::SCWMssOS::pt_wrap.o microblaze_0/lib/xio.o microblaze_0/lib/xplatform_info.o microblaze_0/lib/xuartlite.o microblaze_0/lib/xuartlite_g.o 
TRACE::2024-11-08.09:17:22::SCWMssOS::microblaze_0/lib/xuartlite_intr.o microblaze_0/lib/xuartlite_l.o microblaze_0/lib/xuartlite_selftest.o microblaze_0/lib/xuartli
TRACE::2024-11-08.09:17:22::SCWMssOS::te_sinit.o microblaze_0/lib/xuartlite_stats.o

TRACE::2024-11-08.09:17:22::SCWMssOS::'Finished building libraries'

TRACE::2024-11-08.09:17:23::SCWMssOS:: Checking if to create the Supporting Applications
TRACE::2024-11-08.09:17:23::SCWMssOS:: No Linux domain exists, trying to generate FSBL 
LOG::2024-11-08.09:17:23::SCWSystem::Completed Processing the domain standalone_microblaze_0
LOG::2024-11-08.09:17:23::SCWSystem::Completed Processing the sysconfig mb_usb_hdmi_top
LOG::2024-11-08.09:17:23::SCWPlatform::Completed generating the artifacts for system configuration mb_usb_hdmi_top
TRACE::2024-11-08.09:17:23::SCWPlatform::Started preparing the platform 
TRACE::2024-11-08.09:17:23::SCWSystem::Writing the bif file for system config mb_usb_hdmi_top
TRACE::2024-11-08.09:17:23::SCWSystem::dir created 
TRACE::2024-11-08.09:17:23::SCWSystem::Writing the bif 
TRACE::2024-11-08.09:17:23::SCWPlatform::Started writing the spfm file 
TRACE::2024-11-08.09:17:23::SCWPlatform::Started writing the xpfm file 
TRACE::2024-11-08.09:17:23::SCWPlatform::Completed generating the platform
TRACE::2024-11-08.09:17:23::SCWMssOS::Saving the mss changes C:/Users/realk/Desktop/ece385/ECE385/lab7_2/try5_sdk/mb_usb_hdmi_top/microblaze_0/standalone_microblaze_0/bsp/system.mss
TRACE::2024-11-08.09:17:23::SCWMssOS::Adding the swdes entry, mss present, able to open swdb C:/Users/realk/Desktop/ece385/ECE385/lab7_2/try5_sdk/mb_usb_hdmi_top/microblaze_0/standalone_microblaze_0/bsp/system.mss with des name system
TRACE::2024-11-08.09:17:23::SCWMssOS::Writing the mss file completed C:/Users/realk/Desktop/ece385/ECE385/lab7_2/try5_sdk/mb_usb_hdmi_top/microblaze_0/standalone_microblaze_0/bsp/system.mss
TRACE::2024-11-08.09:17:23::SCWMssOS::Commit changes completed.
TRACE::2024-11-08.09:17:23::SCWPlatform::Trying to open the hw design at C:/Users/realk/Desktop/ece385/ECE385/lab7_2/try5_sdk/mb_usb_hdmi_top/hw/mb_usb_hdmi_top.xsa
TRACE::2024-11-08.09:17:23::SCWPlatform::DSA given C:/Users/realk/Desktop/ece385/ECE385/lab7_2/try5_sdk/mb_usb_hdmi_top/hw/mb_usb_hdmi_top.xsa
TRACE::2024-11-08.09:17:23::SCWPlatform::DSA absoulate path C:/Users/realk/Desktop/ece385/ECE385/lab7_2/try5_sdk/mb_usb_hdmi_top/hw/mb_usb_hdmi_top.xsa
TRACE::2024-11-08.09:17:23::SCWPlatform::DSA directory C:/Users/realk/Desktop/ece385/ECE385/lab7_2/try5_sdk/mb_usb_hdmi_top/hw
TRACE::2024-11-08.09:17:23::SCWPlatform:: Platform Path C:/Users/realk/Desktop/ece385/ECE385/lab7_2/try5_sdk/mb_usb_hdmi_top/hw/mb_usb_hdmi_top.xsa
TRACE::2024-11-08.09:17:23::SCWPlatform:: Unique name xilinx:::0.0
TRACE::2024-11-08.09:17:23::SCWPlatform::Trying to set the existing hwdb with name mb_usb_hdmi_top_82
TRACE::2024-11-08.09:17:23::SCWPlatform::Opened existing hwdb mb_usb_hdmi_top_82
TRACE::2024-11-08.09:17:23::SCWPlatform::Found the Hw Db part of the input DSA
TRACE::2024-11-08.09:17:23::SCWMssOS::Checking the sw design at  C:/Users/realk/Desktop/ece385/ECE385/lab7_2/try5_sdk/mb_usb_hdmi_top/microblaze_0/standalone_microblaze_0/bsp/system.mss
TRACE::2024-11-08.09:17:23::SCWMssOS::DEBUG:  swdes dump  C:/Users/realk/Desktop/ece385/ECE385/lab7_2/try5_sdk/mb_usb_hdmi_top/microblaze_0/standalone_microblaze_0/bsp/system.mss|system||

TRACE::2024-11-08.09:17:23::SCWMssOS::Sw design exists and opened at  C:/Users/realk/Desktop/ece385/ECE385/lab7_2/try5_sdk/mb_usb_hdmi_top/microblaze_0/standalone_microblaze_0/bsp/system.mss
TRACE::2024-11-08.09:17:23::SCWWriter::formatted JSON is {
	"platformName":	"mb_usb_hdmi_top",
	"sprVersion":	"2.0",
	"mode":	"gui",
	"dsaType":	"Fixed",
	"platformDesc":	"mb_usb_hdmi_top",
	"platHandOff":	"C:/Users/realk/Desktop/ece385/ECE385/lab7_2/mb_usb_hdmi_top.xsa",
	"platIntHandOff":	"<platformDir>/hw/mb_usb_hdmi_top.xsa",
	"deviceType":	"FPGA",
	"platIsPrebuiltAutogen":	"false",
	"platIsNoBootBsp":	"false",
	"hasFsblMakeHasChanges":	"false",
	"hasPmufwMakeHasChanges":	"false",
	"platPreBuiltFlag":	false,
	"platformSamplesDir":	"",
	"platActiveSys":	"mb_usb_hdmi_top",
	"systems":	[{
			"systemName":	"mb_usb_hdmi_top",
			"systemDesc":	"mb_usb_hdmi_top",
			"sysIsBootAutoGen":	"true",
			"systemDispName":	"mb_usb_hdmi_top",
			"sysActiveDom":	"standalone_microblaze_0",
			"sysDefaultDom":	"standalone_microblaze_0",
			"domains":	[{
					"domainName":	"standalone_microblaze_0",
					"domainDispName":	"standalone_microblaze_0",
					"domainDesc":	"standalone_microblaze_0",
					"processors":	"microblaze_0",
					"os":	"standalone",
					"sdxOs":	"standalone",
					"debugEnable":	"False",
					"domRuntimes":	["cpp"],
					"swRepo":	"",
					"mssOsVer":	"8.0",
					"mssFile":	"",
					"md5Digest":	"5422c1e5be4ae93f4de8c50507402f2a",
					"compatibleApp":	"",
					"domType":	"mssDomain",
					"arch":	"32-bit",
					"appSettings":	{
						"appCompilerFlags":	"",
						"appLinkerFlags":	""
					},
					"addedLibs":	[],
					"libOptions":	{
						"libsContainingOptions":	[]
					},
					"prebuiltLibs":	{
						"prebuiltIncPath":	[],
						"prebuiltLibPath":	[]
					},
					"isolation":	{
					}
				}]
		}]
}
KEYINFO::2024-11-08.09:17:23::SCWPlatform::updated the xpfm file.
TRACE::2024-11-08.09:17:24::SCWPlatform::Trying to open the hw design at C:/Users/realk/Desktop/ece385/ECE385/lab7_2/try5_sdk/mb_usb_hdmi_top/hw/mb_usb_hdmi_top.xsa
TRACE::2024-11-08.09:17:24::SCWPlatform::DSA given C:/Users/realk/Desktop/ece385/ECE385/lab7_2/try5_sdk/mb_usb_hdmi_top/hw/mb_usb_hdmi_top.xsa
TRACE::2024-11-08.09:17:24::SCWPlatform::DSA absoulate path C:/Users/realk/Desktop/ece385/ECE385/lab7_2/try5_sdk/mb_usb_hdmi_top/hw/mb_usb_hdmi_top.xsa
TRACE::2024-11-08.09:17:24::SCWPlatform::DSA directory C:/Users/realk/Desktop/ece385/ECE385/lab7_2/try5_sdk/mb_usb_hdmi_top/hw
TRACE::2024-11-08.09:17:24::SCWPlatform:: Platform Path C:/Users/realk/Desktop/ece385/ECE385/lab7_2/try5_sdk/mb_usb_hdmi_top/hw/mb_usb_hdmi_top.xsa
TRACE::2024-11-08.09:17:24::SCWPlatform:: Unique name xilinx:::0.0
TRACE::2024-11-08.09:17:24::SCWPlatform::Trying to set the existing hwdb with name mb_usb_hdmi_top_82
TRACE::2024-11-08.09:17:24::SCWPlatform::Opened existing hwdb mb_usb_hdmi_top_82
TRACE::2024-11-08.09:17:24::SCWPlatform::Found the Hw Db part of the input DSA
TRACE::2024-11-08.09:17:24::SCWMssOS::Checking the sw design at  C:/Users/realk/Desktop/ece385/ECE385/lab7_2/try5_sdk/mb_usb_hdmi_top/microblaze_0/standalone_microblaze_0/bsp/system.mss
TRACE::2024-11-08.09:17:24::SCWMssOS::DEBUG:  swdes dump  C:/Users/realk/Desktop/ece385/ECE385/lab7_2/try5_sdk/mb_usb_hdmi_top/microblaze_0/standalone_microblaze_0/bsp/system.mss|system||

TRACE::2024-11-08.09:17:24::SCWMssOS::Sw design exists and opened at  C:/Users/realk/Desktop/ece385/ECE385/lab7_2/try5_sdk/mb_usb_hdmi_top/microblaze_0/standalone_microblaze_0/bsp/system.mss
TRACE::2024-11-08.09:32:08::SCWPlatform::Clearing the existing platform
TRACE::2024-11-08.09:32:08::SCWSystem::Clearing the existing sysconfig
TRACE::2024-11-08.09:32:08::SCWMssOS::Removing the swdes entry for  C:/Users/realk/Desktop/ece385/ECE385/lab7_2/try5_sdk/mb_usb_hdmi_top/microblaze_0/standalone_microblaze_0/bsp/system.mss
TRACE::2024-11-08.09:32:08::SCWSystem::Clearing the domains completed.
TRACE::2024-11-08.09:32:08::SCWPlatform::Clearing the opened hw db.
TRACE::2024-11-08.09:32:08::SCWPlatform::DSA given C:/Users/realk/Desktop/ece385/ECE385/lab7_2/try5_sdk/mb_usb_hdmi_top/hw/mb_usb_hdmi_top.xsa
TRACE::2024-11-08.09:32:08::SCWPlatform::DSA absoulate path C:/Users/realk/Desktop/ece385/ECE385/lab7_2/try5_sdk/mb_usb_hdmi_top/hw/mb_usb_hdmi_top.xsa
TRACE::2024-11-08.09:32:08::SCWPlatform:: Platform location is C:/Users/realk/Desktop/ece385/ECE385/lab7_2/try5_sdk/mb_usb_hdmi_top/hw
TRACE::2024-11-08.09:32:08::SCWPlatform:: Platform Path C:/Users/realk/Desktop/ece385/ECE385/lab7_2/try5_sdk/mb_usb_hdmi_top/hw/mb_usb_hdmi_top.xsa
TRACE::2024-11-08.09:32:08::SCWPlatform:: Unique name xilinx:::0.0
TRACE::2024-11-08.09:32:08::SCWPlatform::Removing the HwDB with name C:/Users/realk/Desktop/ece385/ECE385/lab7_2/try5_sdk/mb_usb_hdmi_top/hw/mb_usb_hdmi_top.xsa
TRACE::2024-11-08.09:32:08::SCWPlatform::Trying to open the hw design at C:/Users/realk/Desktop/ece385/ECE385/lab7_2/try5_sdk/mb_usb_hdmi_top/hw/mb_usb_hdmi_top.xsa
TRACE::2024-11-08.09:32:08::SCWPlatform::DSA given C:/Users/realk/Desktop/ece385/ECE385/lab7_2/try5_sdk/mb_usb_hdmi_top/hw/mb_usb_hdmi_top.xsa
TRACE::2024-11-08.09:32:08::SCWPlatform::DSA absoulate path C:/Users/realk/Desktop/ece385/ECE385/lab7_2/try5_sdk/mb_usb_hdmi_top/hw/mb_usb_hdmi_top.xsa
TRACE::2024-11-08.09:32:08::SCWPlatform::DSA directory C:/Users/realk/Desktop/ece385/ECE385/lab7_2/try5_sdk/mb_usb_hdmi_top/hw
TRACE::2024-11-08.09:32:08::SCWPlatform:: Platform Path C:/Users/realk/Desktop/ece385/ECE385/lab7_2/try5_sdk/mb_usb_hdmi_top/hw/mb_usb_hdmi_top.xsa
TRACE::2024-11-08.09:32:08::SCWPlatform:: Unique name xilinx:::0.0
TRACE::2024-11-08.09:32:08::SCWPlatform::Do not have an existing db opened. 
TRACE::2024-11-08.09:32:08::SCWPlatform::Opened new HwDB with name mb_usb_hdmi_top_83
TRACE::2024-11-08.09:32:08::SCWReader::Active system found as  mb_usb_hdmi_top
TRACE::2024-11-08.09:32:08::SCWReader::Handling sysconfig mb_usb_hdmi_top
TRACE::2024-11-08.09:32:08::SCWDomain::checking for install qemu data   : 
TRACE::2024-11-08.09:32:08::SCWPlatform::Trying to open the hw design at C:/Users/realk/Desktop/ece385/ECE385/lab7_2/try5_sdk/mb_usb_hdmi_top/hw/mb_usb_hdmi_top.xsa
TRACE::2024-11-08.09:32:08::SCWPlatform::DSA given C:/Users/realk/Desktop/ece385/ECE385/lab7_2/try5_sdk/mb_usb_hdmi_top/hw/mb_usb_hdmi_top.xsa
TRACE::2024-11-08.09:32:08::SCWPlatform::DSA absoulate path C:/Users/realk/Desktop/ece385/ECE385/lab7_2/try5_sdk/mb_usb_hdmi_top/hw/mb_usb_hdmi_top.xsa
TRACE::2024-11-08.09:32:08::SCWPlatform::DSA directory C:/Users/realk/Desktop/ece385/ECE385/lab7_2/try5_sdk/mb_usb_hdmi_top/hw
TRACE::2024-11-08.09:32:08::SCWPlatform:: Platform Path C:/Users/realk/Desktop/ece385/ECE385/lab7_2/try5_sdk/mb_usb_hdmi_top/hw/mb_usb_hdmi_top.xsa
TRACE::2024-11-08.09:32:08::SCWPlatform:: Unique name xilinx:::0.0
TRACE::2024-11-08.09:32:08::SCWPlatform::Trying to set the existing hwdb with name mb_usb_hdmi_top_83
TRACE::2024-11-08.09:32:08::SCWPlatform::Opened existing hwdb mb_usb_hdmi_top_83
TRACE::2024-11-08.09:32:08::SCWPlatform::Found the Hw Db part of the input DSA
TRACE::2024-11-08.09:32:08::SCWPlatform::Trying to open the hw design at C:/Users/realk/Desktop/ece385/ECE385/lab7_2/try5_sdk/mb_usb_hdmi_top/hw/mb_usb_hdmi_top.xsa
TRACE::2024-11-08.09:32:08::SCWPlatform::DSA given C:/Users/realk/Desktop/ece385/ECE385/lab7_2/try5_sdk/mb_usb_hdmi_top/hw/mb_usb_hdmi_top.xsa
TRACE::2024-11-08.09:32:08::SCWPlatform::DSA absoulate path C:/Users/realk/Desktop/ece385/ECE385/lab7_2/try5_sdk/mb_usb_hdmi_top/hw/mb_usb_hdmi_top.xsa
TRACE::2024-11-08.09:32:08::SCWPlatform::DSA directory C:/Users/realk/Desktop/ece385/ECE385/lab7_2/try5_sdk/mb_usb_hdmi_top/hw
TRACE::2024-11-08.09:32:08::SCWPlatform:: Platform Path C:/Users/realk/Desktop/ece385/ECE385/lab7_2/try5_sdk/mb_usb_hdmi_top/hw/mb_usb_hdmi_top.xsa
TRACE::2024-11-08.09:32:08::SCWPlatform:: Unique name xilinx:::0.0
TRACE::2024-11-08.09:32:08::SCWPlatform::Trying to set the existing hwdb with name mb_usb_hdmi_top_83
TRACE::2024-11-08.09:32:08::SCWPlatform::Opened existing hwdb mb_usb_hdmi_top_83
TRACE::2024-11-08.09:32:08::SCWPlatform::Found the Hw Db part of the input DSA
TRACE::2024-11-08.09:32:08::SCWPlatform::Trying to open the hw design at C:/Users/realk/Desktop/ece385/ECE385/lab7_2/try5_sdk/mb_usb_hdmi_top/hw/mb_usb_hdmi_top.xsa
TRACE::2024-11-08.09:32:08::SCWPlatform::DSA given C:/Users/realk/Desktop/ece385/ECE385/lab7_2/try5_sdk/mb_usb_hdmi_top/hw/mb_usb_hdmi_top.xsa
TRACE::2024-11-08.09:32:08::SCWPlatform::DSA absoulate path C:/Users/realk/Desktop/ece385/ECE385/lab7_2/try5_sdk/mb_usb_hdmi_top/hw/mb_usb_hdmi_top.xsa
TRACE::2024-11-08.09:32:08::SCWPlatform::DSA directory C:/Users/realk/Desktop/ece385/ECE385/lab7_2/try5_sdk/mb_usb_hdmi_top/hw
TRACE::2024-11-08.09:32:08::SCWPlatform:: Platform Path C:/Users/realk/Desktop/ece385/ECE385/lab7_2/try5_sdk/mb_usb_hdmi_top/hw/mb_usb_hdmi_top.xsa
TRACE::2024-11-08.09:32:08::SCWPlatform:: Unique name xilinx:::0.0
TRACE::2024-11-08.09:32:08::SCWPlatform::Trying to set the existing hwdb with name mb_usb_hdmi_top_83
TRACE::2024-11-08.09:32:08::SCWPlatform::Opened existing hwdb mb_usb_hdmi_top_83
TRACE::2024-11-08.09:32:08::SCWPlatform::Found the Hw Db part of the input DSA
TRACE::2024-11-08.09:32:08::SCWPlatform::Trying to open the hw design at C:/Users/realk/Desktop/ece385/ECE385/lab7_2/try5_sdk/mb_usb_hdmi_top/hw/mb_usb_hdmi_top.xsa
TRACE::2024-11-08.09:32:08::SCWPlatform::DSA given C:/Users/realk/Desktop/ece385/ECE385/lab7_2/try5_sdk/mb_usb_hdmi_top/hw/mb_usb_hdmi_top.xsa
TRACE::2024-11-08.09:32:08::SCWPlatform::DSA absoulate path C:/Users/realk/Desktop/ece385/ECE385/lab7_2/try5_sdk/mb_usb_hdmi_top/hw/mb_usb_hdmi_top.xsa
TRACE::2024-11-08.09:32:08::SCWPlatform::DSA directory C:/Users/realk/Desktop/ece385/ECE385/lab7_2/try5_sdk/mb_usb_hdmi_top/hw
TRACE::2024-11-08.09:32:08::SCWPlatform:: Platform Path C:/Users/realk/Desktop/ece385/ECE385/lab7_2/try5_sdk/mb_usb_hdmi_top/hw/mb_usb_hdmi_top.xsa
TRACE::2024-11-08.09:32:08::SCWPlatform:: Unique name xilinx:::0.0
TRACE::2024-11-08.09:32:08::SCWPlatform::Trying to set the existing hwdb with name mb_usb_hdmi_top_83
TRACE::2024-11-08.09:32:08::SCWPlatform::Opened existing hwdb mb_usb_hdmi_top_83
TRACE::2024-11-08.09:32:08::SCWPlatform::Found the Hw Db part of the input DSA
TRACE::2024-11-08.09:32:08::SCWMssOS::Checking the sw design at  C:/Users/realk/Desktop/ece385/ECE385/lab7_2/try5_sdk/mb_usb_hdmi_top/microblaze_0/standalone_microblaze_0/bsp/system.mss
TRACE::2024-11-08.09:32:08::SCWMssOS::DEBUG:  swdes dump  
TRACE::2024-11-08.09:32:08::SCWMssOS::No sw design opened at  C:/Users/realk/Desktop/ece385/ECE385/lab7_2/try5_sdk/mb_usb_hdmi_top/microblaze_0/standalone_microblaze_0/bsp/system.mss
TRACE::2024-11-08.09:32:08::SCWMssOS::mss exists loading the mss file  C:/Users/realk/Desktop/ece385/ECE385/lab7_2/try5_sdk/mb_usb_hdmi_top/microblaze_0/standalone_microblaze_0/bsp/system.mss
TRACE::2024-11-08.09:32:08::SCWMssOS::Opened the sw design from mss  C:/Users/realk/Desktop/ece385/ECE385/lab7_2/try5_sdk/mb_usb_hdmi_top/microblaze_0/standalone_microblaze_0/bsp/system.mss
TRACE::2024-11-08.09:32:08::SCWMssOS::Adding the swdes entry C:/Users/realk/Desktop/ece385/ECE385/lab7_2/try5_sdk/mb_usb_hdmi_top/microblaze_0/standalone_microblaze_0/bsp/system.mss with des name system
TRACE::2024-11-08.09:32:08::SCWMssOS::updating the scw layer about changes
TRACE::2024-11-08.09:32:08::SCWMssOS::Opened the sw design.  C:/Users/realk/Desktop/ece385/ECE385/lab7_2/try5_sdk/mb_usb_hdmi_top/microblaze_0/standalone_microblaze_0/bsp/system.mss
TRACE::2024-11-08.09:32:08::SCWMssOS::Saving the mss changes C:/Users/realk/Desktop/ece385/ECE385/lab7_2/try5_sdk/mb_usb_hdmi_top/microblaze_0/standalone_microblaze_0/bsp/system.mss
TRACE::2024-11-08.09:32:08::SCWMssOS::Found a swdesign opened with the mssfile.
TRACE::2024-11-08.09:32:08::SCWMssOS::Completed writemss as part of save.
TRACE::2024-11-08.09:32:08::SCWMssOS::Commit changes completed.
TRACE::2024-11-08.09:32:08::SCWReader::Adding prebuilt librarypaths as   
TRACE::2024-11-08.09:32:08::SCWReader::Adding prebuilt incpaths  as   
TRACE::2024-11-08.09:32:08::SCWPlatform::Trying to open the hw design at C:/Users/realk/Desktop/ece385/ECE385/lab7_2/try5_sdk/mb_usb_hdmi_top/hw/mb_usb_hdmi_top.xsa
TRACE::2024-11-08.09:32:08::SCWPlatform::DSA given C:/Users/realk/Desktop/ece385/ECE385/lab7_2/try5_sdk/mb_usb_hdmi_top/hw/mb_usb_hdmi_top.xsa
TRACE::2024-11-08.09:32:08::SCWPlatform::DSA absoulate path C:/Users/realk/Desktop/ece385/ECE385/lab7_2/try5_sdk/mb_usb_hdmi_top/hw/mb_usb_hdmi_top.xsa
TRACE::2024-11-08.09:32:08::SCWPlatform::DSA directory C:/Users/realk/Desktop/ece385/ECE385/lab7_2/try5_sdk/mb_usb_hdmi_top/hw
TRACE::2024-11-08.09:32:08::SCWPlatform:: Platform Path C:/Users/realk/Desktop/ece385/ECE385/lab7_2/try5_sdk/mb_usb_hdmi_top/hw/mb_usb_hdmi_top.xsa
TRACE::2024-11-08.09:32:08::SCWPlatform:: Unique name xilinx:::0.0
TRACE::2024-11-08.09:32:08::SCWPlatform::Trying to set the existing hwdb with name mb_usb_hdmi_top_83
TRACE::2024-11-08.09:32:08::SCWPlatform::Opened existing hwdb mb_usb_hdmi_top_83
TRACE::2024-11-08.09:32:08::SCWPlatform::Found the Hw Db part of the input DSA
TRACE::2024-11-08.09:32:08::SCWMssOS::Checking the sw design at  C:/Users/realk/Desktop/ece385/ECE385/lab7_2/try5_sdk/mb_usb_hdmi_top/microblaze_0/standalone_microblaze_0/bsp/system.mss
TRACE::2024-11-08.09:32:08::SCWMssOS::DEBUG:  swdes dump  C:/Users/realk/Desktop/ece385/ECE385/lab7_2/try5_sdk/mb_usb_hdmi_top/microblaze_0/standalone_microblaze_0/bsp/system.mss|system||

TRACE::2024-11-08.09:32:08::SCWMssOS::Sw design exists and opened at  C:/Users/realk/Desktop/ece385/ECE385/lab7_2/try5_sdk/mb_usb_hdmi_top/microblaze_0/standalone_microblaze_0/bsp/system.mss
TRACE::2024-11-08.09:32:08::SCWReader::No isolation master present  
TRACE::2024-11-08.09:32:11::SCWPlatform::DSA given C:/Users/realk/Desktop/ece385/ECE385/lab7_2/try5_sdk/mb_usb_hdmi_top/tempdsa/mb_usb_hdmi_top.xsa
TRACE::2024-11-08.09:32:11::SCWPlatform::DSA absoulate path C:/Users/realk/Desktop/ece385/ECE385/lab7_2/try5_sdk/mb_usb_hdmi_top/tempdsa/mb_usb_hdmi_top.xsa
TRACE::2024-11-08.09:32:11::SCWPlatform:: Platform location is C:/Users/realk/Desktop/ece385/ECE385/lab7_2/try5_sdk/mb_usb_hdmi_top/tempdsa
TRACE::2024-11-08.09:32:11::SCWPlatform:: Platform Path C:/Users/realk/Desktop/ece385/ECE385/lab7_2/try5_sdk/mb_usb_hdmi_top/tempdsa/mb_usb_hdmi_top.xsa
TRACE::2024-11-08.09:32:11::SCWPlatform:: Unique name xilinx:::0.0
TRACE::2024-11-08.09:32:11::SCWPlatform::Found the Hw Db part of the input DSA
TRACE::2024-11-08.09:32:11::SCWMssOS::Doing hw sync for the mss in domain: standalone_microblaze_0
TRACE::2024-11-08.09:32:11::SCWPlatform::Trying to open the hw design at C:/Users/realk/Desktop/ece385/ECE385/lab7_2/try5_sdk/mb_usb_hdmi_top/hw/mb_usb_hdmi_top.xsa
TRACE::2024-11-08.09:32:11::SCWPlatform::DSA given C:/Users/realk/Desktop/ece385/ECE385/lab7_2/try5_sdk/mb_usb_hdmi_top/hw/mb_usb_hdmi_top.xsa
TRACE::2024-11-08.09:32:11::SCWPlatform::DSA absoulate path C:/Users/realk/Desktop/ece385/ECE385/lab7_2/try5_sdk/mb_usb_hdmi_top/hw/mb_usb_hdmi_top.xsa
TRACE::2024-11-08.09:32:11::SCWPlatform::DSA directory C:/Users/realk/Desktop/ece385/ECE385/lab7_2/try5_sdk/mb_usb_hdmi_top/hw
TRACE::2024-11-08.09:32:11::SCWPlatform:: Platform Path C:/Users/realk/Desktop/ece385/ECE385/lab7_2/try5_sdk/mb_usb_hdmi_top/hw/mb_usb_hdmi_top.xsa
TRACE::2024-11-08.09:32:11::SCWPlatform:: Unique name xilinx:::0.0
TRACE::2024-11-08.09:32:11::SCWPlatform::Trying to set the existing hwdb with name mb_usb_hdmi_top_83
TRACE::2024-11-08.09:32:11::SCWPlatform::Opened existing hwdb mb_usb_hdmi_top_83
TRACE::2024-11-08.09:32:11::SCWPlatform::Found the Hw Db part of the input DSA
TRACE::2024-11-08.09:32:11::SCWPlatform::Trying to open the hw design at C:/Users/realk/Desktop/ece385/ECE385/lab7_2/try5_sdk/mb_usb_hdmi_top/hw/mb_usb_hdmi_top.xsa
TRACE::2024-11-08.09:32:11::SCWPlatform::DSA given C:/Users/realk/Desktop/ece385/ECE385/lab7_2/try5_sdk/mb_usb_hdmi_top/hw/mb_usb_hdmi_top.xsa
TRACE::2024-11-08.09:32:11::SCWPlatform::DSA absoulate path C:/Users/realk/Desktop/ece385/ECE385/lab7_2/try5_sdk/mb_usb_hdmi_top/hw/mb_usb_hdmi_top.xsa
TRACE::2024-11-08.09:32:11::SCWPlatform::DSA directory C:/Users/realk/Desktop/ece385/ECE385/lab7_2/try5_sdk/mb_usb_hdmi_top/hw
TRACE::2024-11-08.09:32:11::SCWPlatform:: Platform Path C:/Users/realk/Desktop/ece385/ECE385/lab7_2/try5_sdk/mb_usb_hdmi_top/hw/mb_usb_hdmi_top.xsa
TRACE::2024-11-08.09:32:11::SCWPlatform:: Unique name xilinx:::0.0
TRACE::2024-11-08.09:32:11::SCWPlatform::Trying to set the existing hwdb with name mb_usb_hdmi_top_83
TRACE::2024-11-08.09:32:11::SCWPlatform::Opened existing hwdb mb_usb_hdmi_top_83
TRACE::2024-11-08.09:32:11::SCWPlatform::Found the Hw Db part of the input DSA
TRACE::2024-11-08.09:32:11::SCWMssOS::Checking the sw design at  C:/Users/realk/Desktop/ece385/ECE385/lab7_2/try5_sdk/mb_usb_hdmi_top/microblaze_0/standalone_microblaze_0/bsp/system.mss
TRACE::2024-11-08.09:32:11::SCWMssOS::DEBUG:  swdes dump  C:/Users/realk/Desktop/ece385/ECE385/lab7_2/try5_sdk/mb_usb_hdmi_top/microblaze_0/standalone_microblaze_0/bsp/system.mss|system||

TRACE::2024-11-08.09:32:11::SCWMssOS::Sw design exists and opened at  C:/Users/realk/Desktop/ece385/ECE385/lab7_2/try5_sdk/mb_usb_hdmi_top/microblaze_0/standalone_microblaze_0/bsp/system.mss
TRACE::2024-11-08.09:32:11::SCWPlatform::Trying to open the hw design at C:/Users/realk/Desktop/ece385/ECE385/lab7_2/try5_sdk/mb_usb_hdmi_top/tempdsa/mb_usb_hdmi_top.xsa
TRACE::2024-11-08.09:32:11::SCWPlatform::DSA given C:/Users/realk/Desktop/ece385/ECE385/lab7_2/try5_sdk/mb_usb_hdmi_top/tempdsa/mb_usb_hdmi_top.xsa
TRACE::2024-11-08.09:32:11::SCWPlatform::DSA absoulate path C:/Users/realk/Desktop/ece385/ECE385/lab7_2/try5_sdk/mb_usb_hdmi_top/tempdsa/mb_usb_hdmi_top.xsa
TRACE::2024-11-08.09:32:11::SCWPlatform::DSA directory C:/Users/realk/Desktop/ece385/ECE385/lab7_2/try5_sdk/mb_usb_hdmi_top/tempdsa
TRACE::2024-11-08.09:32:11::SCWPlatform:: Platform Path C:/Users/realk/Desktop/ece385/ECE385/lab7_2/try5_sdk/mb_usb_hdmi_top/tempdsa/mb_usb_hdmi_top.xsa
TRACE::2024-11-08.09:32:11::SCWPlatform:: Unique name xilinx:::0.0
TRACE::2024-11-08.09:32:11::SCWPlatform::update - Opened existing hwdb mb_usb_hdmi_top_84
TRACE::2024-11-08.09:32:11::SCWPlatform::Found the Hw Db part of the input DSA
TRACE::2024-11-08.09:32:11::SCWMssOS::Saving the mss changes C:/Users/realk/Desktop/ece385/ECE385/lab7_2/try5_sdk/mb_usb_hdmi_top/microblaze_0/standalone_microblaze_0/bsp/system.mss
TRACE::2024-11-08.09:32:11::SCWMssOS::Found a swdesign opened with the mssfile.
TRACE::2024-11-08.09:32:11::SCWMssOS::Completed writemss as part of save.
TRACE::2024-11-08.09:32:11::SCWMssOS::Commit changes completed.
TRACE::2024-11-08.09:32:11::SCWMssOS::Completed hw sync for the mss in domain: standalone_microblaze_0
TRACE::2024-11-08.09:32:11::SCWMssOS::Removing the swdes entry for  C:/Users/realk/Desktop/ece385/ECE385/lab7_2/try5_sdk/mb_usb_hdmi_top/microblaze_0/standalone_microblaze_0/bsp/system.mss
TRACE::2024-11-08.09:32:11::SCWPlatform::Trying to open the hw design at C:/Users/realk/Desktop/ece385/ECE385/lab7_2/try5_sdk/mb_usb_hdmi_top/hw/mb_usb_hdmi_top.xsa
TRACE::2024-11-08.09:32:11::SCWPlatform::DSA given C:/Users/realk/Desktop/ece385/ECE385/lab7_2/try5_sdk/mb_usb_hdmi_top/hw/mb_usb_hdmi_top.xsa
TRACE::2024-11-08.09:32:11::SCWPlatform::DSA absoulate path C:/Users/realk/Desktop/ece385/ECE385/lab7_2/try5_sdk/mb_usb_hdmi_top/hw/mb_usb_hdmi_top.xsa
TRACE::2024-11-08.09:32:11::SCWPlatform::DSA directory C:/Users/realk/Desktop/ece385/ECE385/lab7_2/try5_sdk/mb_usb_hdmi_top/hw
TRACE::2024-11-08.09:32:11::SCWPlatform:: Platform Path C:/Users/realk/Desktop/ece385/ECE385/lab7_2/try5_sdk/mb_usb_hdmi_top/hw/mb_usb_hdmi_top.xsa
TRACE::2024-11-08.09:32:11::SCWPlatform:: Unique name xilinx:::0.0
TRACE::2024-11-08.09:32:11::SCWPlatform::Do not have an existing db opened. 
TRACE::2024-11-08.09:32:11::SCWPlatform::Opened new HwDB with name mb_usb_hdmi_top_85
TRACE::2024-11-08.09:32:11::SCWMssOS::Saving the mss changes C:/Users/realk/Desktop/ece385/ECE385/lab7_2/try5_sdk/mb_usb_hdmi_top/microblaze_0/standalone_microblaze_0/bsp/system.mss
TRACE::2024-11-08.09:32:11::SCWMssOS::Adding the swdes entry, mss present, able to open swdb C:/Users/realk/Desktop/ece385/ECE385/lab7_2/try5_sdk/mb_usb_hdmi_top/microblaze_0/standalone_microblaze_0/bsp/system.mss with des name system
TRACE::2024-11-08.09:32:11::SCWMssOS::Writing the mss file completed C:/Users/realk/Desktop/ece385/ECE385/lab7_2/try5_sdk/mb_usb_hdmi_top/microblaze_0/standalone_microblaze_0/bsp/system.mss
TRACE::2024-11-08.09:32:11::SCWMssOS::Commit changes completed.
TRACE::2024-11-08.09:32:11::SCWPlatform::Trying to open the hw design at C:/Users/realk/Desktop/ece385/ECE385/lab7_2/try5_sdk/mb_usb_hdmi_top/hw/mb_usb_hdmi_top.xsa
TRACE::2024-11-08.09:32:11::SCWPlatform::DSA given C:/Users/realk/Desktop/ece385/ECE385/lab7_2/try5_sdk/mb_usb_hdmi_top/hw/mb_usb_hdmi_top.xsa
TRACE::2024-11-08.09:32:11::SCWPlatform::DSA absoulate path C:/Users/realk/Desktop/ece385/ECE385/lab7_2/try5_sdk/mb_usb_hdmi_top/hw/mb_usb_hdmi_top.xsa
TRACE::2024-11-08.09:32:11::SCWPlatform::DSA directory C:/Users/realk/Desktop/ece385/ECE385/lab7_2/try5_sdk/mb_usb_hdmi_top/hw
TRACE::2024-11-08.09:32:11::SCWPlatform:: Platform Path C:/Users/realk/Desktop/ece385/ECE385/lab7_2/try5_sdk/mb_usb_hdmi_top/hw/mb_usb_hdmi_top.xsa
TRACE::2024-11-08.09:32:11::SCWPlatform:: Unique name xilinx:::0.0
TRACE::2024-11-08.09:32:11::SCWPlatform::Trying to set the existing hwdb with name mb_usb_hdmi_top_85
TRACE::2024-11-08.09:32:11::SCWPlatform::Opened existing hwdb mb_usb_hdmi_top_85
TRACE::2024-11-08.09:32:11::SCWPlatform::Found the Hw Db part of the input DSA
TRACE::2024-11-08.09:32:11::SCWMssOS::Checking the sw design at  C:/Users/realk/Desktop/ece385/ECE385/lab7_2/try5_sdk/mb_usb_hdmi_top/microblaze_0/standalone_microblaze_0/bsp/system.mss
TRACE::2024-11-08.09:32:11::SCWMssOS::DEBUG:  swdes dump  C:/Users/realk/Desktop/ece385/ECE385/lab7_2/try5_sdk/mb_usb_hdmi_top/microblaze_0/standalone_microblaze_0/bsp/system.mss|system||

TRACE::2024-11-08.09:32:11::SCWMssOS::Sw design exists and opened at  C:/Users/realk/Desktop/ece385/ECE385/lab7_2/try5_sdk/mb_usb_hdmi_top/microblaze_0/standalone_microblaze_0/bsp/system.mss
TRACE::2024-11-08.09:32:11::SCWWriter::formatted JSON is {
	"platformName":	"mb_usb_hdmi_top",
	"sprVersion":	"2.0",
	"mode":	"gui",
	"dsaType":	"Fixed",
	"platformDesc":	"mb_usb_hdmi_top",
	"platHandOff":	"C:/Users/realk/Desktop/ece385/ECE385/lab7_2/mb_usb_hdmi_top.xsa",
	"platIntHandOff":	"<platformDir>/hw/mb_usb_hdmi_top.xsa",
	"deviceType":	"FPGA",
	"platIsPrebuiltAutogen":	"false",
	"platIsNoBootBsp":	"false",
	"hasFsblMakeHasChanges":	"false",
	"hasPmufwMakeHasChanges":	"false",
	"platPreBuiltFlag":	false,
	"platformSamplesDir":	"",
	"platActiveSys":	"mb_usb_hdmi_top",
	"systems":	[{
			"systemName":	"mb_usb_hdmi_top",
			"systemDesc":	"mb_usb_hdmi_top",
			"sysIsBootAutoGen":	"true",
			"systemDispName":	"mb_usb_hdmi_top",
			"sysActiveDom":	"standalone_microblaze_0",
			"sysDefaultDom":	"standalone_microblaze_0",
			"domains":	[{
					"domainName":	"standalone_microblaze_0",
					"domainDispName":	"standalone_microblaze_0",
					"domainDesc":	"standalone_microblaze_0",
					"processors":	"microblaze_0",
					"os":	"standalone",
					"sdxOs":	"standalone",
					"debugEnable":	"False",
					"domRuntimes":	["cpp"],
					"swRepo":	"",
					"mssOsVer":	"8.0",
					"mssFile":	"",
					"md5Digest":	"5422c1e5be4ae93f4de8c50507402f2a1",
					"compatibleApp":	"",
					"domType":	"mssDomain",
					"arch":	"32-bit",
					"appSettings":	{
						"appCompilerFlags":	"",
						"appLinkerFlags":	""
					},
					"addedLibs":	[],
					"libOptions":	{
						"libsContainingOptions":	[]
					},
					"prebuiltLibs":	{
						"prebuiltIncPath":	[],
						"prebuiltLibPath":	[]
					},
					"isolation":	{
					}
				}]
		}]
}
TRACE::2024-11-08.09:32:19::SCWMssOS::cleaning the bsp 
TRACE::2024-11-08.09:32:19::SCWMssOS::System Command Ran  C: & cd  C:/Users/realk/Desktop/ece385/ECE385/lab7_2/try5_sdk/mb_usb_hdmi_top/microblaze_0/standalone_microblaze_0/bsp & make clean 
TRACE::2024-11-08.09:32:19::SCWMssOS::make -C microblaze_0/libsrc/bram_v4_8/src -s clean 

TRACE::2024-11-08.09:32:19::SCWMssOS::make -C microblaze_0/libsrc/cpu_v2_16/src -s clean 

TRACE::2024-11-08.09:32:20::SCWMssOS::make -C microblaze_0/libsrc/intc_v3_15/src -s clean 

TRACE::2024-11-08.09:32:20::SCWMssOS::make -C microblaze_0/libsrc/standalone_v8_0/src -s clean 

TRACE::2024-11-08.09:32:20::SCWMssOS::make -C microblaze_0/libsrc/uartlite_v3_7/src -s clean 

TRACE::2024-11-08.09:32:20::SCWMssOS::rm -f microblaze_0/lib/libxil.a

LOG::2024-11-08.09:32:26::SCWPlatform::Started generating the artifacts platform mb_usb_hdmi_top
TRACE::2024-11-08.09:32:26::SCWPlatform::Sanity checking of platform is completed
LOG::2024-11-08.09:32:26::SCWPlatform::Started generating the artifacts for system configuration mb_usb_hdmi_top
LOG::2024-11-08.09:32:26::SCWSystem::Checking the domain standalone_microblaze_0
LOG::2024-11-08.09:32:26::SCWSystem::Not a boot domain 
LOG::2024-11-08.09:32:26::SCWSystem::Started Processing the domain standalone_microblaze_0
TRACE::2024-11-08.09:32:26::SCWDomain::Generating domain artifcats
TRACE::2024-11-08.09:32:26::SCWMssOS::Generating standalone artifcats
TRACE::2024-11-08.09:32:26::SCWMssOS:: Copying the user libraries. 
TRACE::2024-11-08.09:32:26::SCWPlatform::Trying to open the hw design at C:/Users/realk/Desktop/ece385/ECE385/lab7_2/try5_sdk/mb_usb_hdmi_top/hw/mb_usb_hdmi_top.xsa
TRACE::2024-11-08.09:32:26::SCWPlatform::DSA given C:/Users/realk/Desktop/ece385/ECE385/lab7_2/try5_sdk/mb_usb_hdmi_top/hw/mb_usb_hdmi_top.xsa
TRACE::2024-11-08.09:32:26::SCWPlatform::DSA absoulate path C:/Users/realk/Desktop/ece385/ECE385/lab7_2/try5_sdk/mb_usb_hdmi_top/hw/mb_usb_hdmi_top.xsa
TRACE::2024-11-08.09:32:26::SCWPlatform::DSA directory C:/Users/realk/Desktop/ece385/ECE385/lab7_2/try5_sdk/mb_usb_hdmi_top/hw
TRACE::2024-11-08.09:32:26::SCWPlatform:: Platform Path C:/Users/realk/Desktop/ece385/ECE385/lab7_2/try5_sdk/mb_usb_hdmi_top/hw/mb_usb_hdmi_top.xsa
TRACE::2024-11-08.09:32:26::SCWPlatform:: Unique name xilinx:::0.0
TRACE::2024-11-08.09:32:26::SCWPlatform::Trying to set the existing hwdb with name mb_usb_hdmi_top_85
TRACE::2024-11-08.09:32:26::SCWPlatform::Opened existing hwdb mb_usb_hdmi_top_85
TRACE::2024-11-08.09:32:26::SCWPlatform::Found the Hw Db part of the input DSA
TRACE::2024-11-08.09:32:26::SCWMssOS::Checking the sw design at  C:/Users/realk/Desktop/ece385/ECE385/lab7_2/try5_sdk/mb_usb_hdmi_top/microblaze_0/standalone_microblaze_0/bsp/system.mss
TRACE::2024-11-08.09:32:26::SCWMssOS::DEBUG:  swdes dump  C:/Users/realk/Desktop/ece385/ECE385/lab7_2/try5_sdk/mb_usb_hdmi_top/microblaze_0/standalone_microblaze_0/bsp/system.mss|system||

TRACE::2024-11-08.09:32:26::SCWMssOS::Sw design exists and opened at  C:/Users/realk/Desktop/ece385/ECE385/lab7_2/try5_sdk/mb_usb_hdmi_top/microblaze_0/standalone_microblaze_0/bsp/system.mss
TRACE::2024-11-08.09:32:26::SCWMssOS::Completed writing the mss file at C:/Users/realk/Desktop/ece385/ECE385/lab7_2/try5_sdk/mb_usb_hdmi_top/microblaze_0/standalone_microblaze_0/bsp
TRACE::2024-11-08.09:32:26::SCWMssOS::Mss edits present, copying mssfile into export location C:/Users/realk/Desktop/ece385/ECE385/lab7_2/try5_sdk/mb_usb_hdmi_top/microblaze_0/standalone_microblaze_0/bsp/system.mss
TRACE::2024-11-08.09:32:26::SCWMssOS::bsp generated is stale removing and regenerating. 
TRACE::2024-11-08.09:32:28::SCWMssOS::doing bsp build ... 
TRACE::2024-11-08.09:32:28::SCWMssOS::System Command Ran  C: & cd  C:/Users/realk/Desktop/ece385/ECE385/lab7_2/try5_sdk/mb_usb_hdmi_top/microblaze_0/standalone_microblaze_0/bsp & make 
TRACE::2024-11-08.09:32:28::SCWMssOS::make --no-print-directory seq_libs

TRACE::2024-11-08.09:32:28::SCWMssOS::'Finished building libraries sequentially.'

TRACE::2024-11-08.09:32:28::SCWMssOS::make -j 14 --no-print-directory par_libs

TRACE::2024-11-08.09:32:28::SCWMssOS::"Running Make include in microblaze_0/libsrc/bram_v4_8/src"

TRACE::2024-11-08.09:32:28::SCWMssOS::make -C microblaze_0/libsrc/bram_v4_8/src -s include  "SHELL=CMD" "COMPILER=mb-gcc" "ASSEMBLER=mb-as" "ARCHIVER=mb-ar" "COMPILE
TRACE::2024-11-08.09:32:28::SCWMssOS::R_FLAGS=  -O2 -c -mcpu=v11.0 -mlittle-endian -mno-xl-reorder -mno-xl-soft-mul -mxl-barrel-shift -mxl-pattern-compare" "EXTRA_CO
TRACE::2024-11-08.09:32:28::SCWMssOS::MPILER_FLAGS=-g -ffunction-sections -fdata-sections -Wall -Wextra -fno-tree-loop-distribute-patterns"

TRACE::2024-11-08.09:32:28::SCWMssOS::"Running Make include in microblaze_0/libsrc/cpu_v2_16/src"

TRACE::2024-11-08.09:32:28::SCWMssOS::make -C microblaze_0/libsrc/cpu_v2_16/src -s include  "SHELL=CMD" "COMPILER=mb-gcc" "ASSEMBLER=mb-as" "ARCHIVER=mb-ar" "COMPILE
TRACE::2024-11-08.09:32:28::SCWMssOS::R_FLAGS=  -O2 -c -mcpu=v11.0 -mlittle-endian -mno-xl-reorder -mno-xl-soft-mul -mxl-barrel-shift -mxl-pattern-compare" "EXTRA_CO
TRACE::2024-11-08.09:32:28::SCWMssOS::MPILER_FLAGS=-g -ffunction-sections -fdata-sections -Wall -Wextra -fno-tree-loop-distribute-patterns"

TRACE::2024-11-08.09:32:28::SCWMssOS::"Running Make include in microblaze_0/libsrc/intc_v3_15/src"

TRACE::2024-11-08.09:32:28::SCWMssOS::make -C microblaze_0/libsrc/intc_v3_15/src -s include  "SHELL=CMD" "COMPILER=mb-gcc" "ASSEMBLER=mb-as" "ARCHIVER=mb-ar" "COMPIL
TRACE::2024-11-08.09:32:28::SCWMssOS::ER_FLAGS=  -O2 -c -mcpu=v11.0 -mlittle-endian -mno-xl-reorder -mno-xl-soft-mul -mxl-barrel-shift -mxl-pattern-compare" "EXTRA_C
TRACE::2024-11-08.09:32:28::SCWMssOS::OMPILER_FLAGS=-g -ffunction-sections -fdata-sections -Wall -Wextra -fno-tree-loop-distribute-patterns"

TRACE::2024-11-08.09:32:28::SCWMssOS::"Running Make include in microblaze_0/libsrc/standalone_v8_0/src"

TRACE::2024-11-08.09:32:28::SCWMssOS::make -C microblaze_0/libsrc/standalone_v8_0/src -s include  "SHELL=CMD" "COMPILER=mb-gcc" "ASSEMBLER=mb-as" "ARCHIVER=mb-ar" "C
TRACE::2024-11-08.09:32:28::SCWMssOS::OMPILER_FLAGS=  -O2 -c -mcpu=v11.0 -mlittle-endian -mno-xl-reorder -mno-xl-soft-mul -mxl-barrel-shift -mxl-pattern-compare" "EX
TRACE::2024-11-08.09:32:28::SCWMssOS::TRA_COMPILER_FLAGS=-g -ffunction-sections -fdata-sections -Wall -Wextra -fno-tree-loop-distribute-patterns"

TRACE::2024-11-08.09:32:28::SCWMssOS::"Running Make include in microblaze_0/libsrc/uartlite_v3_7/src"

TRACE::2024-11-08.09:32:28::SCWMssOS::make -C microblaze_0/libsrc/uartlite_v3_7/src -s include  "SHELL=CMD" "COMPILER=mb-gcc" "ASSEMBLER=mb-as" "ARCHIVER=mb-ar" "COM
TRACE::2024-11-08.09:32:28::SCWMssOS::PILER_FLAGS=  -O2 -c -mcpu=v11.0 -mlittle-endian -mno-xl-reorder -mno-xl-soft-mul -mxl-barrel-shift -mxl-pattern-compare" "EXTR
TRACE::2024-11-08.09:32:28::SCWMssOS::A_COMPILER_FLAGS=-g -ffunction-sections -fdata-sections -Wall -Wextra -fno-tree-loop-distribute-patterns"

TRACE::2024-11-08.09:32:29::SCWMssOS::"Running Make libs in microblaze_0/libsrc/bram_v4_8/src"

TRACE::2024-11-08.09:32:29::SCWMssOS::make -C microblaze_0/libsrc/bram_v4_8/src -s libs  "SHELL=CMD" "COMPILER=mb-gcc" "ASSEMBLER=mb-as" "ARCHIVER=mb-ar" "COMPILER_F
TRACE::2024-11-08.09:32:29::SCWMssOS::LAGS=  -O2 -c -mcpu=v11.0 -mlittle-endian -mno-xl-reorder -mno-xl-soft-mul -mxl-barrel-shift -mxl-pattern-compare" "EXTRA_COMPI
TRACE::2024-11-08.09:32:29::SCWMssOS::LER_FLAGS=-g -ffunction-sections -fdata-sections -Wall -Wextra -fno-tree-loop-distribute-patterns"

TRACE::2024-11-08.09:32:29::SCWMssOS::"Running Make libs in microblaze_0/libsrc/cpu_v2_16/src"

TRACE::2024-11-08.09:32:29::SCWMssOS::make -C microblaze_0/libsrc/cpu_v2_16/src -s libs  "SHELL=CMD" "COMPILER=mb-gcc" "ASSEMBLER=mb-as" "ARCHIVER=mb-ar" "COMPILER_F
TRACE::2024-11-08.09:32:29::SCWMssOS::LAGS=  -O2 -c -mcpu=v11.0 -mlittle-endian -mno-xl-reorder -mno-xl-soft-mul -mxl-barrel-shift -mxl-pattern-compare" "EXTRA_COMPI
TRACE::2024-11-08.09:32:29::SCWMssOS::LER_FLAGS=-g -ffunction-sections -fdata-sections -Wall -Wextra -fno-tree-loop-distribute-patterns"

TRACE::2024-11-08.09:32:29::SCWMssOS::"Running Make libs in microblaze_0/libsrc/intc_v3_15/src"

TRACE::2024-11-08.09:32:29::SCWMssOS::make -C microblaze_0/libsrc/intc_v3_15/src -s libs  "SHELL=CMD" "COMPILER=mb-gcc" "ASSEMBLER=mb-as" "ARCHIVER=mb-ar" "COMPILER_
TRACE::2024-11-08.09:32:29::SCWMssOS::FLAGS=  -O2 -c -mcpu=v11.0 -mlittle-endian -mno-xl-reorder -mno-xl-soft-mul -mxl-barrel-shift -mxl-pattern-compare" "EXTRA_COMP
TRACE::2024-11-08.09:32:29::SCWMssOS::ILER_FLAGS=-g -ffunction-sections -fdata-sections -Wall -Wextra -fno-tree-loop-distribute-patterns"

TRACE::2024-11-08.09:32:29::SCWMssOS::"Running Make libs in microblaze_0/libsrc/standalone_v8_0/src"

TRACE::2024-11-08.09:32:29::SCWMssOS::make -C microblaze_0/libsrc/standalone_v8_0/src -s libs  "SHELL=CMD" "COMPILER=mb-gcc" "ASSEMBLER=mb-as" "ARCHIVER=mb-ar" "COMP
TRACE::2024-11-08.09:32:29::SCWMssOS::ILER_FLAGS=  -O2 -c -mcpu=v11.0 -mlittle-endian -mno-xl-reorder -mno-xl-soft-mul -mxl-barrel-shift -mxl-pattern-compare" "EXTRA
TRACE::2024-11-08.09:32:29::SCWMssOS::_COMPILER_FLAGS=-g -ffunction-sections -fdata-sections -Wall -Wextra -fno-tree-loop-distribute-patterns"

TRACE::2024-11-08.09:32:29::SCWMssOS::"Running Make libs in microblaze_0/libsrc/uartlite_v3_7/src"

TRACE::2024-11-08.09:32:29::SCWMssOS::make -C microblaze_0/libsrc/uartlite_v3_7/src -s libs  "SHELL=CMD" "COMPILER=mb-gcc" "ASSEMBLER=mb-as" "ARCHIVER=mb-ar" "COMPIL
TRACE::2024-11-08.09:32:29::SCWMssOS::ER_FLAGS=  -O2 -c -mcpu=v11.0 -mlittle-endian -mno-xl-reorder -mno-xl-soft-mul -mxl-barrel-shift -mxl-pattern-compare" "EXTRA_C
TRACE::2024-11-08.09:32:29::SCWMssOS::OMPILER_FLAGS=-g -ffunction-sections -fdata-sections -Wall -Wextra -fno-tree-loop-distribute-patterns"

TRACE::2024-11-08.09:32:32::SCWMssOS::"DEBUG NON_LTO_OBJECTS is ../../../lib/microblaze_interrupt_handler.o"

TRACE::2024-11-08.09:32:32::SCWMssOS::'Finished building libraries parallelly.'

TRACE::2024-11-08.09:32:32::SCWMssOS::make --no-print-directory archive

TRACE::2024-11-08.09:32:32::SCWMssOS::mb-ar -r  microblaze_0/lib/libxil.a microblaze_0/lib/_exit.o microblaze_0/lib/errno.o microblaze_0/lib/fcntl.o microblaze_0/lib
TRACE::2024-11-08.09:32:32::SCWMssOS::/hw_exception_handler.o microblaze_0/lib/inbyte.o microblaze_0/lib/microblaze_disable_dcache.o microblaze_0/lib/microblaze_disa
TRACE::2024-11-08.09:32:32::SCWMssOS::ble_exceptions.o microblaze_0/lib/microblaze_disable_icache.o microblaze_0/lib/microblaze_disable_interrupts.o microblaze_0/lib
TRACE::2024-11-08.09:32:32::SCWMssOS::/microblaze_enable_dcache.o microblaze_0/lib/microblaze_enable_exceptions.o microblaze_0/lib/microblaze_enable_icache.o microbl
TRACE::2024-11-08.09:32:32::SCWMssOS::aze_0/lib/microblaze_enable_interrupts.o microblaze_0/lib/microblaze_exception_handler.o microblaze_0/lib/microblaze_flush_cach
TRACE::2024-11-08.09:32:32::SCWMssOS::e_ext.o microblaze_0/lib/microblaze_flush_cache_ext_range.o microblaze_0/lib/microblaze_flush_dcache.o microblaze_0/lib/microbl
TRACE::2024-11-08.09:32:32::SCWMssOS::aze_flush_dcache_range.o microblaze_0/lib/microblaze_init_dcache_range.o microblaze_0/lib/microblaze_init_icache_range.o microb
TRACE::2024-11-08.09:32:32::SCWMssOS::laze_0/lib/microblaze_interrupt_handler.o microblaze_0/lib/microblaze_interrupts_g.o microblaze_0/lib/microblaze_invalidate_cac
TRACE::2024-11-08.09:32:32::SCWMssOS::he_ext.o microblaze_0/lib/microblaze_invalidate_cache_ext_range.o microblaze_0/lib/microblaze_invalidate_dcache.o microblaze_0/
TRACE::2024-11-08.09:32:32::SCWMssOS::lib/microblaze_invalidate_dcache_range.o microblaze_0/lib/microblaze_invalidate_icache.o microblaze_0/lib/microblaze_invalidate
TRACE::2024-11-08.09:32:32::SCWMssOS::_icache_range.o microblaze_0/lib/microblaze_scrub.o microblaze_0/lib/microblaze_selftest.o microblaze_0/lib/microblaze_sleep.o 
TRACE::2024-11-08.09:32:32::SCWMssOS::microblaze_0/lib/microblaze_update_dcache.o microblaze_0/lib/microblaze_update_icache.o microblaze_0/lib/outbyte.o microblaze_0
TRACE::2024-11-08.09:32:32::SCWMssOS::/lib/print.o microblaze_0/lib/pvr.o microblaze_0/lib/xbram.o microblaze_0/lib/xbram_g.o microblaze_0/lib/xbram_intr.o microblaz
TRACE::2024-11-08.09:32:32::SCWMssOS::e_0/lib/xbram_selftest.o microblaze_0/lib/xbram_sinit.o microblaze_0/lib/xil_assert.o microblaze_0/lib/xil_cache.o microblaze_0
TRACE::2024-11-08.09:32:32::SCWMssOS::/lib/xil_clocking.o microblaze_0/lib/xil_exception.o microblaze_0/lib/xil_mem.o microblaze_0/lib/xil_misc_psreset_api.o microbl
TRACE::2024-11-08.09:32:32::SCWMssOS::aze_0/lib/xil_printf.o microblaze_0/lib/xil_sleepcommon.o microblaze_0/lib/xil_testcache.o microblaze_0/lib/xil_testio.o microb
TRACE::2024-11-08.09:32:32::SCWMssOS::laze_0/lib/xil_testmem.o microblaze_0/lib/xil_util.o microblaze_0/lib/xintc.o microblaze_0/lib/xintc_g.o microblaze_0/lib/xintc
TRACE::2024-11-08.09:32:32::SCWMssOS::_intr.o microblaze_0/lib/xintc_l.o microblaze_0/lib/xintc_options.o microblaze_0/lib/xintc_selftest.o microblaze_0/lib/xinterru
TRACE::2024-11-08.09:32:32::SCWMssOS::pt_wrap.o microblaze_0/lib/xio.o microblaze_0/lib/xplatform_info.o microblaze_0/lib/xuartlite.o microblaze_0/lib/xuartlite_g.o 
TRACE::2024-11-08.09:32:32::SCWMssOS::microblaze_0/lib/xuartlite_intr.o microblaze_0/lib/xuartlite_l.o microblaze_0/lib/xuartlite_selftest.o microblaze_0/lib/xuartli
TRACE::2024-11-08.09:32:32::SCWMssOS::te_sinit.o microblaze_0/lib/xuartlite_stats.o

TRACE::2024-11-08.09:32:32::SCWMssOS::'Finished building libraries'

TRACE::2024-11-08.09:32:33::SCWMssOS:: Checking if to create the Supporting Applications
TRACE::2024-11-08.09:32:33::SCWMssOS:: No Linux domain exists, trying to generate FSBL 
LOG::2024-11-08.09:32:33::SCWSystem::Completed Processing the domain standalone_microblaze_0
LOG::2024-11-08.09:32:33::SCWSystem::Completed Processing the sysconfig mb_usb_hdmi_top
LOG::2024-11-08.09:32:33::SCWPlatform::Completed generating the artifacts for system configuration mb_usb_hdmi_top
TRACE::2024-11-08.09:32:33::SCWPlatform::Started preparing the platform 
TRACE::2024-11-08.09:32:33::SCWSystem::Writing the bif file for system config mb_usb_hdmi_top
TRACE::2024-11-08.09:32:33::SCWSystem::dir created 
TRACE::2024-11-08.09:32:33::SCWSystem::Writing the bif 
TRACE::2024-11-08.09:32:33::SCWPlatform::Started writing the spfm file 
TRACE::2024-11-08.09:32:33::SCWPlatform::Started writing the xpfm file 
TRACE::2024-11-08.09:32:33::SCWPlatform::Completed generating the platform
TRACE::2024-11-08.09:32:33::SCWMssOS::Saving the mss changes C:/Users/realk/Desktop/ece385/ECE385/lab7_2/try5_sdk/mb_usb_hdmi_top/microblaze_0/standalone_microblaze_0/bsp/system.mss
TRACE::2024-11-08.09:32:33::SCWMssOS::Adding the swdes entry, mss present, able to open swdb C:/Users/realk/Desktop/ece385/ECE385/lab7_2/try5_sdk/mb_usb_hdmi_top/microblaze_0/standalone_microblaze_0/bsp/system.mss with des name system
TRACE::2024-11-08.09:32:33::SCWMssOS::Writing the mss file completed C:/Users/realk/Desktop/ece385/ECE385/lab7_2/try5_sdk/mb_usb_hdmi_top/microblaze_0/standalone_microblaze_0/bsp/system.mss
TRACE::2024-11-08.09:32:33::SCWMssOS::Commit changes completed.
TRACE::2024-11-08.09:32:33::SCWPlatform::Trying to open the hw design at C:/Users/realk/Desktop/ece385/ECE385/lab7_2/try5_sdk/mb_usb_hdmi_top/hw/mb_usb_hdmi_top.xsa
TRACE::2024-11-08.09:32:33::SCWPlatform::DSA given C:/Users/realk/Desktop/ece385/ECE385/lab7_2/try5_sdk/mb_usb_hdmi_top/hw/mb_usb_hdmi_top.xsa
TRACE::2024-11-08.09:32:33::SCWPlatform::DSA absoulate path C:/Users/realk/Desktop/ece385/ECE385/lab7_2/try5_sdk/mb_usb_hdmi_top/hw/mb_usb_hdmi_top.xsa
TRACE::2024-11-08.09:32:33::SCWPlatform::DSA directory C:/Users/realk/Desktop/ece385/ECE385/lab7_2/try5_sdk/mb_usb_hdmi_top/hw
TRACE::2024-11-08.09:32:33::SCWPlatform:: Platform Path C:/Users/realk/Desktop/ece385/ECE385/lab7_2/try5_sdk/mb_usb_hdmi_top/hw/mb_usb_hdmi_top.xsa
TRACE::2024-11-08.09:32:33::SCWPlatform:: Unique name xilinx:::0.0
TRACE::2024-11-08.09:32:33::SCWPlatform::Trying to set the existing hwdb with name mb_usb_hdmi_top_85
TRACE::2024-11-08.09:32:33::SCWPlatform::Opened existing hwdb mb_usb_hdmi_top_85
TRACE::2024-11-08.09:32:33::SCWPlatform::Found the Hw Db part of the input DSA
TRACE::2024-11-08.09:32:33::SCWMssOS::Checking the sw design at  C:/Users/realk/Desktop/ece385/ECE385/lab7_2/try5_sdk/mb_usb_hdmi_top/microblaze_0/standalone_microblaze_0/bsp/system.mss
TRACE::2024-11-08.09:32:33::SCWMssOS::DEBUG:  swdes dump  C:/Users/realk/Desktop/ece385/ECE385/lab7_2/try5_sdk/mb_usb_hdmi_top/microblaze_0/standalone_microblaze_0/bsp/system.mss|system||

TRACE::2024-11-08.09:32:33::SCWMssOS::Sw design exists and opened at  C:/Users/realk/Desktop/ece385/ECE385/lab7_2/try5_sdk/mb_usb_hdmi_top/microblaze_0/standalone_microblaze_0/bsp/system.mss
TRACE::2024-11-08.09:32:33::SCWWriter::formatted JSON is {
	"platformName":	"mb_usb_hdmi_top",
	"sprVersion":	"2.0",
	"mode":	"gui",
	"dsaType":	"Fixed",
	"platformDesc":	"mb_usb_hdmi_top",
	"platHandOff":	"C:/Users/realk/Desktop/ece385/ECE385/lab7_2/mb_usb_hdmi_top.xsa",
	"platIntHandOff":	"<platformDir>/hw/mb_usb_hdmi_top.xsa",
	"deviceType":	"FPGA",
	"platIsPrebuiltAutogen":	"false",
	"platIsNoBootBsp":	"false",
	"hasFsblMakeHasChanges":	"false",
	"hasPmufwMakeHasChanges":	"false",
	"platPreBuiltFlag":	false,
	"platformSamplesDir":	"",
	"platActiveSys":	"mb_usb_hdmi_top",
	"systems":	[{
			"systemName":	"mb_usb_hdmi_top",
			"systemDesc":	"mb_usb_hdmi_top",
			"sysIsBootAutoGen":	"true",
			"systemDispName":	"mb_usb_hdmi_top",
			"sysActiveDom":	"standalone_microblaze_0",
			"sysDefaultDom":	"standalone_microblaze_0",
			"domains":	[{
					"domainName":	"standalone_microblaze_0",
					"domainDispName":	"standalone_microblaze_0",
					"domainDesc":	"standalone_microblaze_0",
					"processors":	"microblaze_0",
					"os":	"standalone",
					"sdxOs":	"standalone",
					"debugEnable":	"False",
					"domRuntimes":	["cpp"],
					"swRepo":	"",
					"mssOsVer":	"8.0",
					"mssFile":	"",
					"md5Digest":	"5422c1e5be4ae93f4de8c50507402f2a",
					"compatibleApp":	"",
					"domType":	"mssDomain",
					"arch":	"32-bit",
					"appSettings":	{
						"appCompilerFlags":	"",
						"appLinkerFlags":	""
					},
					"addedLibs":	[],
					"libOptions":	{
						"libsContainingOptions":	[]
					},
					"prebuiltLibs":	{
						"prebuiltIncPath":	[],
						"prebuiltLibPath":	[]
					},
					"isolation":	{
					}
				}]
		}]
}
KEYINFO::2024-11-08.09:32:33::SCWPlatform::updated the xpfm file.
TRACE::2024-11-08.09:32:34::SCWPlatform::Trying to open the hw design at C:/Users/realk/Desktop/ece385/ECE385/lab7_2/try5_sdk/mb_usb_hdmi_top/hw/mb_usb_hdmi_top.xsa
TRACE::2024-11-08.09:32:34::SCWPlatform::DSA given C:/Users/realk/Desktop/ece385/ECE385/lab7_2/try5_sdk/mb_usb_hdmi_top/hw/mb_usb_hdmi_top.xsa
TRACE::2024-11-08.09:32:34::SCWPlatform::DSA absoulate path C:/Users/realk/Desktop/ece385/ECE385/lab7_2/try5_sdk/mb_usb_hdmi_top/hw/mb_usb_hdmi_top.xsa
TRACE::2024-11-08.09:32:34::SCWPlatform::DSA directory C:/Users/realk/Desktop/ece385/ECE385/lab7_2/try5_sdk/mb_usb_hdmi_top/hw
TRACE::2024-11-08.09:32:34::SCWPlatform:: Platform Path C:/Users/realk/Desktop/ece385/ECE385/lab7_2/try5_sdk/mb_usb_hdmi_top/hw/mb_usb_hdmi_top.xsa
TRACE::2024-11-08.09:32:34::SCWPlatform:: Unique name xilinx:::0.0
TRACE::2024-11-08.09:32:34::SCWPlatform::Trying to set the existing hwdb with name mb_usb_hdmi_top_85
TRACE::2024-11-08.09:32:34::SCWPlatform::Opened existing hwdb mb_usb_hdmi_top_85
TRACE::2024-11-08.09:32:34::SCWPlatform::Found the Hw Db part of the input DSA
TRACE::2024-11-08.09:32:34::SCWMssOS::Checking the sw design at  C:/Users/realk/Desktop/ece385/ECE385/lab7_2/try5_sdk/mb_usb_hdmi_top/microblaze_0/standalone_microblaze_0/bsp/system.mss
TRACE::2024-11-08.09:32:34::SCWMssOS::DEBUG:  swdes dump  C:/Users/realk/Desktop/ece385/ECE385/lab7_2/try5_sdk/mb_usb_hdmi_top/microblaze_0/standalone_microblaze_0/bsp/system.mss|system||

TRACE::2024-11-08.09:32:34::SCWMssOS::Sw design exists and opened at  C:/Users/realk/Desktop/ece385/ECE385/lab7_2/try5_sdk/mb_usb_hdmi_top/microblaze_0/standalone_microblaze_0/bsp/system.mss
