TRACE::2024-11-18.22:48:50::SCWPlatform::Trying to open the hw design at C:/Users/kb40/Desktop/ECE385/labb6/final_proj_sdk/mb_usb_hdmi_top/hw/mb_usb_hdmi_top.xsa
TRACE::2024-11-18.22:48:50::SCWPlatform::DSA given C:/Users/kb40/Desktop/ECE385/labb6/final_proj_sdk/mb_usb_hdmi_top/hw/mb_usb_hdmi_top.xsa
TRACE::2024-11-18.22:48:50::SCWPlatform::DSA absoulate path C:/Users/kb40/Desktop/ECE385/labb6/final_proj_sdk/mb_usb_hdmi_top/hw/mb_usb_hdmi_top.xsa
TRACE::2024-11-18.22:48:50::SCWPlatform::DSA directory C:/Users/kb40/Desktop/ECE385/labb6/final_proj_sdk/mb_usb_hdmi_top/hw
TRACE::2024-11-18.22:48:50::SCWPlatform:: Platform Path C:/Users/kb40/Desktop/ECE385/labb6/final_proj_sdk/mb_usb_hdmi_top/hw/mb_usb_hdmi_top.xsa
TRACE::2024-11-18.22:48:50::SCWPlatform:: Unique name xilinx:::0.0
TRACE::2024-11-18.22:48:50::SCWPlatform::Do not have an existing db opened. 
TRACE::2024-11-18.22:48:50::SCWPlatform::Opened new HwDB with name mb_usb_hdmi_top_0
TRACE::2024-11-18.22:48:50::SCWWriter::formatted JSON is {
	"platformName":	"mb_usb_hdmi_top",
	"sprVersion":	"2.0",
	"mode":	"gui",
	"dsaType":	"Fixed",
	"platformDesc":	"mb_usb_hdmi_top",
	"platHandOff":	"C:/Users/kb40/Desktop/ECE385/labb6/mb_usb_hdmi_top.xsa",
	"platIntHandOff":	"<platformDir>/hw/mb_usb_hdmi_top.xsa",
	"deviceType":	"FPGA",
	"platIsPrebuiltAutogen":	"false",
	"platIsNoBootBsp":	"false",
	"hasFsblMakeHasChanges":	"false",
	"hasPmufwMakeHasChanges":	"false",
	"platPreBuiltFlag":	false,
	"platformSamplesDir":	""
}
TRACE::2024-11-18.22:48:50::SCWWriter::formatted JSON is {
	"platformName":	"mb_usb_hdmi_top",
	"sprVersion":	"2.0",
	"mode":	"gui",
	"dsaType":	"Fixed",
	"platformDesc":	"mb_usb_hdmi_top",
	"platHandOff":	"C:/Users/kb40/Desktop/ECE385/labb6/mb_usb_hdmi_top.xsa",
	"platIntHandOff":	"<platformDir>/hw/mb_usb_hdmi_top.xsa",
	"deviceType":	"FPGA",
	"platIsPrebuiltAutogen":	"false",
	"platIsNoBootBsp":	"false",
	"hasFsblMakeHasChanges":	"false",
	"hasPmufwMakeHasChanges":	"false",
	"platPreBuiltFlag":	false,
	"platformSamplesDir":	"",
	"platActiveSys":	"mb_usb_hdmi_top",
	"systems":	[{
			"systemName":	"mb_usb_hdmi_top",
			"systemDesc":	"mb_usb_hdmi_top",
			"sysIsBootAutoGen":	"true",
			"systemDispName":	"mb_usb_hdmi_top"
		}]
}
TRACE::2024-11-18.22:48:50::SCWPlatform::Boot application domains not present, creating them
TRACE::2024-11-18.22:48:50::SCWPlatform::Pure FPGA device, no boot application will be created.
TRACE::2024-11-18.22:48:50::SCWWriter::formatted JSON is {
	"platformName":	"mb_usb_hdmi_top",
	"sprVersion":	"2.0",
	"mode":	"gui",
	"dsaType":	"Fixed",
	"platformDesc":	"mb_usb_hdmi_top",
	"platHandOff":	"C:/Users/kb40/Desktop/ECE385/labb6/mb_usb_hdmi_top.xsa",
	"platIntHandOff":	"<platformDir>/hw/mb_usb_hdmi_top.xsa",
	"deviceType":	"FPGA",
	"platIsPrebuiltAutogen":	"false",
	"platIsNoBootBsp":	"false",
	"hasFsblMakeHasChanges":	"false",
	"hasPmufwMakeHasChanges":	"false",
	"platPreBuiltFlag":	false,
	"platformSamplesDir":	"",
	"platActiveSys":	"mb_usb_hdmi_top",
	"systems":	[{
			"systemName":	"mb_usb_hdmi_top",
			"systemDesc":	"mb_usb_hdmi_top",
			"sysIsBootAutoGen":	"true",
			"systemDispName":	"mb_usb_hdmi_top"
		}]
}
TRACE::2024-11-18.22:48:50::SCWWriter::formatted JSON is {
	"platformName":	"mb_usb_hdmi_top",
	"sprVersion":	"2.0",
	"mode":	"gui",
	"dsaType":	"Fixed",
	"platformDesc":	"mb_usb_hdmi_top",
	"platHandOff":	"C:/Users/kb40/Desktop/ECE385/labb6/mb_usb_hdmi_top.xsa",
	"platIntHandOff":	"<platformDir>/hw/mb_usb_hdmi_top.xsa",
	"deviceType":	"FPGA",
	"platIsPrebuiltAutogen":	"false",
	"platIsNoBootBsp":	"false",
	"hasFsblMakeHasChanges":	"false",
	"hasPmufwMakeHasChanges":	"false",
	"platPreBuiltFlag":	false,
	"platformSamplesDir":	"",
	"platActiveSys":	"mb_usb_hdmi_top",
	"systems":	[{
			"systemName":	"mb_usb_hdmi_top",
			"systemDesc":	"mb_usb_hdmi_top",
			"sysIsBootAutoGen":	"true",
			"systemDispName":	"mb_usb_hdmi_top"
		}]
}
TRACE::2024-11-18.22:48:50::SCWPlatform::Trying to open the hw design at C:/Users/kb40/Desktop/ECE385/labb6/final_proj_sdk/mb_usb_hdmi_top/hw/mb_usb_hdmi_top.xsa
TRACE::2024-11-18.22:48:50::SCWPlatform::DSA given C:/Users/kb40/Desktop/ECE385/labb6/final_proj_sdk/mb_usb_hdmi_top/hw/mb_usb_hdmi_top.xsa
TRACE::2024-11-18.22:48:50::SCWPlatform::DSA absoulate path C:/Users/kb40/Desktop/ECE385/labb6/final_proj_sdk/mb_usb_hdmi_top/hw/mb_usb_hdmi_top.xsa
TRACE::2024-11-18.22:48:50::SCWPlatform::DSA directory C:/Users/kb40/Desktop/ECE385/labb6/final_proj_sdk/mb_usb_hdmi_top/hw
TRACE::2024-11-18.22:48:50::SCWPlatform:: Platform Path C:/Users/kb40/Desktop/ECE385/labb6/final_proj_sdk/mb_usb_hdmi_top/hw/mb_usb_hdmi_top.xsa
TRACE::2024-11-18.22:48:50::SCWPlatform:: Unique name xilinx:::0.0
TRACE::2024-11-18.22:48:50::SCWPlatform::Trying to set the existing hwdb with name mb_usb_hdmi_top_0
TRACE::2024-11-18.22:48:50::SCWPlatform::Opened existing hwdb mb_usb_hdmi_top_0
TRACE::2024-11-18.22:48:50::SCWPlatform::Found the Hw Db part of the input DSA
TRACE::2024-11-18.22:48:50::SCWPlatform::Trying to open the hw design at C:/Users/kb40/Desktop/ECE385/labb6/final_proj_sdk/mb_usb_hdmi_top/hw/mb_usb_hdmi_top.xsa
TRACE::2024-11-18.22:48:50::SCWPlatform::DSA given C:/Users/kb40/Desktop/ECE385/labb6/final_proj_sdk/mb_usb_hdmi_top/hw/mb_usb_hdmi_top.xsa
TRACE::2024-11-18.22:48:50::SCWPlatform::DSA absoulate path C:/Users/kb40/Desktop/ECE385/labb6/final_proj_sdk/mb_usb_hdmi_top/hw/mb_usb_hdmi_top.xsa
TRACE::2024-11-18.22:48:50::SCWPlatform::DSA directory C:/Users/kb40/Desktop/ECE385/labb6/final_proj_sdk/mb_usb_hdmi_top/hw
TRACE::2024-11-18.22:48:50::SCWPlatform:: Platform Path C:/Users/kb40/Desktop/ECE385/labb6/final_proj_sdk/mb_usb_hdmi_top/hw/mb_usb_hdmi_top.xsa
TRACE::2024-11-18.22:48:50::SCWPlatform:: Unique name xilinx:::0.0
TRACE::2024-11-18.22:48:50::SCWPlatform::Trying to set the existing hwdb with name mb_usb_hdmi_top_0
TRACE::2024-11-18.22:48:50::SCWPlatform::Opened existing hwdb mb_usb_hdmi_top_0
TRACE::2024-11-18.22:48:50::SCWPlatform::Found the Hw Db part of the input DSA
TRACE::2024-11-18.22:48:50::SCWDomain::checking for install qemu data   : 
TRACE::2024-11-18.22:48:50::SCWPlatform::Trying to open the hw design at C:/Users/kb40/Desktop/ECE385/labb6/final_proj_sdk/mb_usb_hdmi_top/hw/mb_usb_hdmi_top.xsa
TRACE::2024-11-18.22:48:50::SCWPlatform::DSA given C:/Users/kb40/Desktop/ECE385/labb6/final_proj_sdk/mb_usb_hdmi_top/hw/mb_usb_hdmi_top.xsa
TRACE::2024-11-18.22:48:50::SCWPlatform::DSA absoulate path C:/Users/kb40/Desktop/ECE385/labb6/final_proj_sdk/mb_usb_hdmi_top/hw/mb_usb_hdmi_top.xsa
TRACE::2024-11-18.22:48:50::SCWPlatform::DSA directory C:/Users/kb40/Desktop/ECE385/labb6/final_proj_sdk/mb_usb_hdmi_top/hw
TRACE::2024-11-18.22:48:50::SCWPlatform:: Platform Path C:/Users/kb40/Desktop/ECE385/labb6/final_proj_sdk/mb_usb_hdmi_top/hw/mb_usb_hdmi_top.xsa
TRACE::2024-11-18.22:48:50::SCWPlatform:: Unique name xilinx:::0.0
TRACE::2024-11-18.22:48:50::SCWPlatform::Trying to set the existing hwdb with name mb_usb_hdmi_top_0
TRACE::2024-11-18.22:48:50::SCWPlatform::Opened existing hwdb mb_usb_hdmi_top_0
TRACE::2024-11-18.22:48:50::SCWPlatform::Found the Hw Db part of the input DSA
TRACE::2024-11-18.22:48:50::SCWPlatform::Trying to open the hw design at C:/Users/kb40/Desktop/ECE385/labb6/final_proj_sdk/mb_usb_hdmi_top/hw/mb_usb_hdmi_top.xsa
TRACE::2024-11-18.22:48:50::SCWPlatform::DSA given C:/Users/kb40/Desktop/ECE385/labb6/final_proj_sdk/mb_usb_hdmi_top/hw/mb_usb_hdmi_top.xsa
TRACE::2024-11-18.22:48:50::SCWPlatform::DSA absoulate path C:/Users/kb40/Desktop/ECE385/labb6/final_proj_sdk/mb_usb_hdmi_top/hw/mb_usb_hdmi_top.xsa
TRACE::2024-11-18.22:48:50::SCWPlatform::DSA directory C:/Users/kb40/Desktop/ECE385/labb6/final_proj_sdk/mb_usb_hdmi_top/hw
TRACE::2024-11-18.22:48:50::SCWPlatform:: Platform Path C:/Users/kb40/Desktop/ECE385/labb6/final_proj_sdk/mb_usb_hdmi_top/hw/mb_usb_hdmi_top.xsa
TRACE::2024-11-18.22:48:50::SCWPlatform:: Unique name xilinx:::0.0
TRACE::2024-11-18.22:48:50::SCWPlatform::Trying to set the existing hwdb with name mb_usb_hdmi_top_0
TRACE::2024-11-18.22:48:50::SCWPlatform::Opened existing hwdb mb_usb_hdmi_top_0
TRACE::2024-11-18.22:48:50::SCWPlatform::Found the Hw Db part of the input DSA
TRACE::2024-11-18.22:48:50::SCWPlatform::Trying to open the hw design at C:/Users/kb40/Desktop/ECE385/labb6/final_proj_sdk/mb_usb_hdmi_top/hw/mb_usb_hdmi_top.xsa
TRACE::2024-11-18.22:48:50::SCWPlatform::DSA given C:/Users/kb40/Desktop/ECE385/labb6/final_proj_sdk/mb_usb_hdmi_top/hw/mb_usb_hdmi_top.xsa
TRACE::2024-11-18.22:48:50::SCWPlatform::DSA absoulate path C:/Users/kb40/Desktop/ECE385/labb6/final_proj_sdk/mb_usb_hdmi_top/hw/mb_usb_hdmi_top.xsa
TRACE::2024-11-18.22:48:50::SCWPlatform::DSA directory C:/Users/kb40/Desktop/ECE385/labb6/final_proj_sdk/mb_usb_hdmi_top/hw
TRACE::2024-11-18.22:48:50::SCWPlatform:: Platform Path C:/Users/kb40/Desktop/ECE385/labb6/final_proj_sdk/mb_usb_hdmi_top/hw/mb_usb_hdmi_top.xsa
TRACE::2024-11-18.22:48:50::SCWPlatform:: Unique name xilinx:::0.0
TRACE::2024-11-18.22:48:50::SCWPlatform::Trying to set the existing hwdb with name mb_usb_hdmi_top_0
TRACE::2024-11-18.22:48:50::SCWPlatform::Opened existing hwdb mb_usb_hdmi_top_0
TRACE::2024-11-18.22:48:50::SCWPlatform::Found the Hw Db part of the input DSA
TRACE::2024-11-18.22:48:50::SCWMssOS::Checking the sw design at  C:/Users/kb40/Desktop/ECE385/labb6/final_proj_sdk/mb_usb_hdmi_top/microblaze_0/standalone_microblaze_0/bsp/system.mss
TRACE::2024-11-18.22:48:50::SCWMssOS::DEBUG:  swdes dump  
TRACE::2024-11-18.22:48:50::SCWMssOS::No sw design opened at  C:/Users/kb40/Desktop/ECE385/labb6/final_proj_sdk/mb_usb_hdmi_top/microblaze_0/standalone_microblaze_0/bsp/system.mss
TRACE::2024-11-18.22:48:50::SCWMssOS::mss does not exists at C:/Users/kb40/Desktop/ECE385/labb6/final_proj_sdk/mb_usb_hdmi_top/microblaze_0/standalone_microblaze_0/bsp/system.mss
TRACE::2024-11-18.22:48:50::SCWMssOS::Creating sw design at  C:/Users/kb40/Desktop/ECE385/labb6/final_proj_sdk/mb_usb_hdmi_top/microblaze_0/standalone_microblaze_0/bsp/system.mss
TRACE::2024-11-18.22:48:50::SCWMssOS::Adding the swdes entry, created swdb C:/Users/kb40/Desktop/ECE385/labb6/final_proj_sdk/mb_usb_hdmi_top/microblaze_0/standalone_microblaze_0/bsp/system.mss with des name C:/Users/kb40/Desktop/ECE385/labb6/final_proj_sdk/mb_usb_hdmi_top/microblaze_0/standalone_microblaze_0/bsp/system.mss
TRACE::2024-11-18.22:48:50::SCWMssOS::updating the scw layer changes to swdes at   C:/Users/kb40/Desktop/ECE385/labb6/final_proj_sdk/mb_usb_hdmi_top/microblaze_0/standalone_microblaze_0/bsp/system.mss
TRACE::2024-11-18.22:48:50::SCWMssOS::Writing mss at C:/Users/kb40/Desktop/ECE385/labb6/final_proj_sdk/mb_usb_hdmi_top/microblaze_0/standalone_microblaze_0/bsp/system.mss
TRACE::2024-11-18.22:48:50::SCWMssOS::Completed writing the mss file at C:/Users/kb40/Desktop/ECE385/labb6/final_proj_sdk/mb_usb_hdmi_top/microblaze_0/standalone_microblaze_0/bsp
TRACE::2024-11-18.22:48:50::SCWMssOS::Picking up changes from newly written mss file into SCW Layer. 
TRACE::2024-11-18.22:48:50::SCWMssOS::Updated the changes from newly written mss file into SCW Layer. 
TRACE::2024-11-18.22:48:50::SCWMssOS::Completed writing the mss file at C:/Users/kb40/Desktop/ECE385/labb6/final_proj_sdk/mb_usb_hdmi_top/microblaze_0/standalone_microblaze_0/bsp
TRACE::2024-11-18.22:48:50::SCWMssOS::Forcing BSP Sources regeneration.
TRACE::2024-11-18.22:48:53::SCWMssOS::Saving the mss changes C:/Users/kb40/Desktop/ECE385/labb6/final_proj_sdk/mb_usb_hdmi_top/microblaze_0/standalone_microblaze_0/bsp/system.mss
TRACE::2024-11-18.22:48:53::SCWMssOS::Adding the swdes entry, mss present, able to open swdb C:/Users/kb40/Desktop/ECE385/labb6/final_proj_sdk/mb_usb_hdmi_top/microblaze_0/standalone_microblaze_0/bsp/system.mss with des name system
TRACE::2024-11-18.22:48:53::SCWMssOS::Writing the mss file completed C:/Users/kb40/Desktop/ECE385/labb6/final_proj_sdk/mb_usb_hdmi_top/microblaze_0/standalone_microblaze_0/bsp/system.mss
TRACE::2024-11-18.22:48:53::SCWMssOS::Commit changes completed.
TRACE::2024-11-18.22:48:53::SCWPlatform::Trying to open the hw design at C:/Users/kb40/Desktop/ECE385/labb6/final_proj_sdk/mb_usb_hdmi_top/hw/mb_usb_hdmi_top.xsa
TRACE::2024-11-18.22:48:53::SCWPlatform::DSA given C:/Users/kb40/Desktop/ECE385/labb6/final_proj_sdk/mb_usb_hdmi_top/hw/mb_usb_hdmi_top.xsa
TRACE::2024-11-18.22:48:53::SCWPlatform::DSA absoulate path C:/Users/kb40/Desktop/ECE385/labb6/final_proj_sdk/mb_usb_hdmi_top/hw/mb_usb_hdmi_top.xsa
TRACE::2024-11-18.22:48:53::SCWPlatform::DSA directory C:/Users/kb40/Desktop/ECE385/labb6/final_proj_sdk/mb_usb_hdmi_top/hw
TRACE::2024-11-18.22:48:53::SCWPlatform:: Platform Path C:/Users/kb40/Desktop/ECE385/labb6/final_proj_sdk/mb_usb_hdmi_top/hw/mb_usb_hdmi_top.xsa
TRACE::2024-11-18.22:48:53::SCWPlatform:: Unique name xilinx:::0.0
TRACE::2024-11-18.22:48:53::SCWPlatform::Trying to set the existing hwdb with name mb_usb_hdmi_top_0
TRACE::2024-11-18.22:48:53::SCWPlatform::Opened existing hwdb mb_usb_hdmi_top_0
TRACE::2024-11-18.22:48:53::SCWPlatform::Found the Hw Db part of the input DSA
TRACE::2024-11-18.22:48:53::SCWMssOS::Checking the sw design at  C:/Users/kb40/Desktop/ECE385/labb6/final_proj_sdk/mb_usb_hdmi_top/microblaze_0/standalone_microblaze_0/bsp/system.mss
TRACE::2024-11-18.22:48:53::SCWMssOS::DEBUG:  swdes dump  C:/Users/kb40/Desktop/ECE385/labb6/final_proj_sdk/mb_usb_hdmi_top/microblaze_0/standalone_microblaze_0/bsp/system.mss|system||

TRACE::2024-11-18.22:48:53::SCWMssOS::Sw design exists and opened at  C:/Users/kb40/Desktop/ECE385/labb6/final_proj_sdk/mb_usb_hdmi_top/microblaze_0/standalone_microblaze_0/bsp/system.mss
TRACE::2024-11-18.22:48:53::SCWPlatform::Trying to open the hw design at C:/Users/kb40/Desktop/ECE385/labb6/final_proj_sdk/mb_usb_hdmi_top/hw/mb_usb_hdmi_top.xsa
TRACE::2024-11-18.22:48:53::SCWPlatform::DSA given C:/Users/kb40/Desktop/ECE385/labb6/final_proj_sdk/mb_usb_hdmi_top/hw/mb_usb_hdmi_top.xsa
TRACE::2024-11-18.22:48:53::SCWPlatform::DSA absoulate path C:/Users/kb40/Desktop/ECE385/labb6/final_proj_sdk/mb_usb_hdmi_top/hw/mb_usb_hdmi_top.xsa
TRACE::2024-11-18.22:48:53::SCWPlatform::DSA directory C:/Users/kb40/Desktop/ECE385/labb6/final_proj_sdk/mb_usb_hdmi_top/hw
TRACE::2024-11-18.22:48:53::SCWPlatform:: Platform Path C:/Users/kb40/Desktop/ECE385/labb6/final_proj_sdk/mb_usb_hdmi_top/hw/mb_usb_hdmi_top.xsa
TRACE::2024-11-18.22:48:53::SCWPlatform:: Unique name xilinx:::0.0
TRACE::2024-11-18.22:48:53::SCWPlatform::Trying to set the existing hwdb with name mb_usb_hdmi_top_0
TRACE::2024-11-18.22:48:53::SCWPlatform::Opened existing hwdb mb_usb_hdmi_top_0
TRACE::2024-11-18.22:48:53::SCWPlatform::Found the Hw Db part of the input DSA
TRACE::2024-11-18.22:48:53::SCWMssOS::Checking the sw design at  C:/Users/kb40/Desktop/ECE385/labb6/final_proj_sdk/mb_usb_hdmi_top/microblaze_0/standalone_microblaze_0/bsp/system.mss
TRACE::2024-11-18.22:48:53::SCWMssOS::DEBUG:  swdes dump  C:/Users/kb40/Desktop/ECE385/labb6/final_proj_sdk/mb_usb_hdmi_top/microblaze_0/standalone_microblaze_0/bsp/system.mss|system||

TRACE::2024-11-18.22:48:53::SCWMssOS::Sw design exists and opened at  C:/Users/kb40/Desktop/ECE385/labb6/final_proj_sdk/mb_usb_hdmi_top/microblaze_0/standalone_microblaze_0/bsp/system.mss
TRACE::2024-11-18.22:48:53::SCWPlatform::Trying to open the hw design at C:/Users/kb40/Desktop/ECE385/labb6/final_proj_sdk/mb_usb_hdmi_top/hw/mb_usb_hdmi_top.xsa
TRACE::2024-11-18.22:48:53::SCWPlatform::DSA given C:/Users/kb40/Desktop/ECE385/labb6/final_proj_sdk/mb_usb_hdmi_top/hw/mb_usb_hdmi_top.xsa
TRACE::2024-11-18.22:48:53::SCWPlatform::DSA absoulate path C:/Users/kb40/Desktop/ECE385/labb6/final_proj_sdk/mb_usb_hdmi_top/hw/mb_usb_hdmi_top.xsa
TRACE::2024-11-18.22:48:53::SCWPlatform::DSA directory C:/Users/kb40/Desktop/ECE385/labb6/final_proj_sdk/mb_usb_hdmi_top/hw
TRACE::2024-11-18.22:48:53::SCWPlatform:: Platform Path C:/Users/kb40/Desktop/ECE385/labb6/final_proj_sdk/mb_usb_hdmi_top/hw/mb_usb_hdmi_top.xsa
TRACE::2024-11-18.22:48:53::SCWPlatform:: Unique name xilinx:::0.0
TRACE::2024-11-18.22:48:53::SCWPlatform::Trying to set the existing hwdb with name mb_usb_hdmi_top_0
TRACE::2024-11-18.22:48:53::SCWPlatform::Opened existing hwdb mb_usb_hdmi_top_0
TRACE::2024-11-18.22:48:53::SCWPlatform::Found the Hw Db part of the input DSA
TRACE::2024-11-18.22:48:53::SCWMssOS::Checking the sw design at  C:/Users/kb40/Desktop/ECE385/labb6/final_proj_sdk/mb_usb_hdmi_top/microblaze_0/standalone_microblaze_0/bsp/system.mss
TRACE::2024-11-18.22:48:53::SCWMssOS::DEBUG:  swdes dump  C:/Users/kb40/Desktop/ECE385/labb6/final_proj_sdk/mb_usb_hdmi_top/microblaze_0/standalone_microblaze_0/bsp/system.mss|system||

TRACE::2024-11-18.22:48:53::SCWMssOS::Sw design exists and opened at  C:/Users/kb40/Desktop/ECE385/labb6/final_proj_sdk/mb_usb_hdmi_top/microblaze_0/standalone_microblaze_0/bsp/system.mss
TRACE::2024-11-18.22:48:53::SCWWriter::formatted JSON is {
	"platformName":	"mb_usb_hdmi_top",
	"sprVersion":	"2.0",
	"mode":	"gui",
	"dsaType":	"Fixed",
	"platformDesc":	"mb_usb_hdmi_top",
	"platHandOff":	"C:/Users/kb40/Desktop/ECE385/labb6/mb_usb_hdmi_top.xsa",
	"platIntHandOff":	"<platformDir>/hw/mb_usb_hdmi_top.xsa",
	"deviceType":	"FPGA",
	"platIsPrebuiltAutogen":	"false",
	"platIsNoBootBsp":	"false",
	"hasFsblMakeHasChanges":	"false",
	"hasPmufwMakeHasChanges":	"false",
	"platPreBuiltFlag":	false,
	"platformSamplesDir":	"",
	"platActiveSys":	"mb_usb_hdmi_top",
	"systems":	[{
			"systemName":	"mb_usb_hdmi_top",
			"systemDesc":	"mb_usb_hdmi_top",
			"sysIsBootAutoGen":	"true",
			"systemDispName":	"mb_usb_hdmi_top",
			"sysActiveDom":	"standalone_microblaze_0",
			"sysDefaultDom":	"standalone_microblaze_0",
			"domains":	[{
					"domainName":	"standalone_microblaze_0",
					"domainDispName":	"standalone_microblaze_0",
					"domainDesc":	"standalone_microblaze_0",
					"processors":	"microblaze_0",
					"os":	"standalone",
					"sdxOs":	"standalone",
					"debugEnable":	"False",
					"domRuntimes":	["cpp"],
					"swRepo":	"",
					"mssOsVer":	"8.0",
					"mssFile":	"",
					"md5Digest":	"304529987e879521ca977c68d163f362",
					"compatibleApp":	"hello_world",
					"domType":	"mssDomain",
					"arch":	"32-bit",
					"appSettings":	{
						"appCompilerFlags":	"",
						"appLinkerFlags":	""
					},
					"addedLibs":	[],
					"libOptions":	{
						"libsContainingOptions":	[]
					},
					"prebuiltLibs":	{
						"prebuiltIncPath":	[],
						"prebuiltLibPath":	[]
					},
					"isolation":	{
					}
				}]
		}]
}
LOG::2024-11-18.22:48:53::SCWPlatform::Started generating the artifacts platform mb_usb_hdmi_top
TRACE::2024-11-18.22:48:53::SCWPlatform::Sanity checking of platform is completed
LOG::2024-11-18.22:48:53::SCWPlatform::Started generating the artifacts for system configuration mb_usb_hdmi_top
LOG::2024-11-18.22:48:53::SCWSystem::Checking the domain standalone_microblaze_0
LOG::2024-11-18.22:48:53::SCWSystem::Not a boot domain 
LOG::2024-11-18.22:48:53::SCWSystem::Started Processing the domain standalone_microblaze_0
TRACE::2024-11-18.22:48:53::SCWDomain::Generating domain artifcats
TRACE::2024-11-18.22:48:53::SCWMssOS::Generating standalone artifcats
TRACE::2024-11-18.22:48:53::SCWMssOS:: Copying the user libraries. 
TRACE::2024-11-18.22:48:53::SCWPlatform::Trying to open the hw design at C:/Users/kb40/Desktop/ECE385/labb6/final_proj_sdk/mb_usb_hdmi_top/hw/mb_usb_hdmi_top.xsa
TRACE::2024-11-18.22:48:53::SCWPlatform::DSA given C:/Users/kb40/Desktop/ECE385/labb6/final_proj_sdk/mb_usb_hdmi_top/hw/mb_usb_hdmi_top.xsa
TRACE::2024-11-18.22:48:53::SCWPlatform::DSA absoulate path C:/Users/kb40/Desktop/ECE385/labb6/final_proj_sdk/mb_usb_hdmi_top/hw/mb_usb_hdmi_top.xsa
TRACE::2024-11-18.22:48:53::SCWPlatform::DSA directory C:/Users/kb40/Desktop/ECE385/labb6/final_proj_sdk/mb_usb_hdmi_top/hw
TRACE::2024-11-18.22:48:53::SCWPlatform:: Platform Path C:/Users/kb40/Desktop/ECE385/labb6/final_proj_sdk/mb_usb_hdmi_top/hw/mb_usb_hdmi_top.xsa
TRACE::2024-11-18.22:48:53::SCWPlatform:: Unique name xilinx:::0.0
TRACE::2024-11-18.22:48:53::SCWPlatform::Trying to set the existing hwdb with name mb_usb_hdmi_top_0
TRACE::2024-11-18.22:48:53::SCWPlatform::Opened existing hwdb mb_usb_hdmi_top_0
TRACE::2024-11-18.22:48:53::SCWPlatform::Found the Hw Db part of the input DSA
TRACE::2024-11-18.22:48:53::SCWMssOS::Checking the sw design at  C:/Users/kb40/Desktop/ECE385/labb6/final_proj_sdk/mb_usb_hdmi_top/microblaze_0/standalone_microblaze_0/bsp/system.mss
TRACE::2024-11-18.22:48:53::SCWMssOS::DEBUG:  swdes dump  C:/Users/kb40/Desktop/ECE385/labb6/final_proj_sdk/mb_usb_hdmi_top/microblaze_0/standalone_microblaze_0/bsp/system.mss|system||

TRACE::2024-11-18.22:48:53::SCWMssOS::Sw design exists and opened at  C:/Users/kb40/Desktop/ECE385/labb6/final_proj_sdk/mb_usb_hdmi_top/microblaze_0/standalone_microblaze_0/bsp/system.mss
TRACE::2024-11-18.22:48:53::SCWMssOS::Completed writing the mss file at C:/Users/kb40/Desktop/ECE385/labb6/final_proj_sdk/mb_usb_hdmi_top/microblaze_0/standalone_microblaze_0/bsp
TRACE::2024-11-18.22:48:53::SCWMssOS::Mss edits present, copying mssfile into export location C:/Users/kb40/Desktop/ECE385/labb6/final_proj_sdk/mb_usb_hdmi_top/microblaze_0/standalone_microblaze_0/bsp/system.mss
TRACE::2024-11-18.22:48:53::SCWMssOS::bsp generated is upto date with the mss file. Skipping bsp generation.
TRACE::2024-11-18.22:48:53::SCWMssOS::BSP is already built. skipping the bsp build ... 
TRACE::2024-11-18.22:48:53::SCWDomain::Skipping the build for domain :  standalone_microblaze_0
TRACE::2024-11-18.22:48:53::SCWMssOS::skipping the bsp build ... 
TRACE::2024-11-18.22:48:53::SCWMssOS::Copying to export directory.
TRACE::2024-11-18.22:48:53::SCWMssOS:: Checking if to create the Supporting Applications
TRACE::2024-11-18.22:48:53::SCWMssOS:: No Linux domain exists, trying to generate FSBL 
LOG::2024-11-18.22:48:53::SCWSystem::Completed Processing the domain standalone_microblaze_0
LOG::2024-11-18.22:48:53::SCWSystem::Completed Processing the sysconfig mb_usb_hdmi_top
LOG::2024-11-18.22:48:53::SCWPlatform::Completed generating the artifacts for system configuration mb_usb_hdmi_top
TRACE::2024-11-18.22:48:53::SCWPlatform::Started preparing the platform 
TRACE::2024-11-18.22:48:53::SCWSystem::Writing the bif file for system config mb_usb_hdmi_top
TRACE::2024-11-18.22:48:53::SCWSystem::dir created 
TRACE::2024-11-18.22:48:53::SCWSystem::Writing the bif 
TRACE::2024-11-18.22:48:53::SCWPlatform::Started writing the spfm file 
TRACE::2024-11-18.22:48:53::SCWPlatform::Started writing the xpfm file 
TRACE::2024-11-18.22:48:53::SCWPlatform::Completed generating the platform
TRACE::2024-11-18.22:48:53::SCWMssOS::Saving the mss changes C:/Users/kb40/Desktop/ECE385/labb6/final_proj_sdk/mb_usb_hdmi_top/microblaze_0/standalone_microblaze_0/bsp/system.mss
TRACE::2024-11-18.22:48:53::SCWMssOS::Found a swdesign opened with the mssfile.
TRACE::2024-11-18.22:48:53::SCWMssOS::Completed writemss as part of save.
TRACE::2024-11-18.22:48:53::SCWMssOS::Commit changes completed.
TRACE::2024-11-18.22:48:53::SCWPlatform::Trying to open the hw design at C:/Users/kb40/Desktop/ECE385/labb6/final_proj_sdk/mb_usb_hdmi_top/hw/mb_usb_hdmi_top.xsa
TRACE::2024-11-18.22:48:53::SCWPlatform::DSA given C:/Users/kb40/Desktop/ECE385/labb6/final_proj_sdk/mb_usb_hdmi_top/hw/mb_usb_hdmi_top.xsa
TRACE::2024-11-18.22:48:53::SCWPlatform::DSA absoulate path C:/Users/kb40/Desktop/ECE385/labb6/final_proj_sdk/mb_usb_hdmi_top/hw/mb_usb_hdmi_top.xsa
TRACE::2024-11-18.22:48:53::SCWPlatform::DSA directory C:/Users/kb40/Desktop/ECE385/labb6/final_proj_sdk/mb_usb_hdmi_top/hw
TRACE::2024-11-18.22:48:53::SCWPlatform:: Platform Path C:/Users/kb40/Desktop/ECE385/labb6/final_proj_sdk/mb_usb_hdmi_top/hw/mb_usb_hdmi_top.xsa
TRACE::2024-11-18.22:48:53::SCWPlatform:: Unique name xilinx:::0.0
TRACE::2024-11-18.22:48:53::SCWPlatform::Trying to set the existing hwdb with name mb_usb_hdmi_top_0
TRACE::2024-11-18.22:48:53::SCWPlatform::Opened existing hwdb mb_usb_hdmi_top_0
TRACE::2024-11-18.22:48:53::SCWPlatform::Found the Hw Db part of the input DSA
TRACE::2024-11-18.22:48:53::SCWMssOS::Checking the sw design at  C:/Users/kb40/Desktop/ECE385/labb6/final_proj_sdk/mb_usb_hdmi_top/microblaze_0/standalone_microblaze_0/bsp/system.mss
TRACE::2024-11-18.22:48:53::SCWMssOS::DEBUG:  swdes dump  C:/Users/kb40/Desktop/ECE385/labb6/final_proj_sdk/mb_usb_hdmi_top/microblaze_0/standalone_microblaze_0/bsp/system.mss|system||

TRACE::2024-11-18.22:48:53::SCWMssOS::Sw design exists and opened at  C:/Users/kb40/Desktop/ECE385/labb6/final_proj_sdk/mb_usb_hdmi_top/microblaze_0/standalone_microblaze_0/bsp/system.mss
TRACE::2024-11-18.22:48:53::SCWPlatform::Trying to open the hw design at C:/Users/kb40/Desktop/ECE385/labb6/final_proj_sdk/mb_usb_hdmi_top/hw/mb_usb_hdmi_top.xsa
TRACE::2024-11-18.22:48:53::SCWPlatform::DSA given C:/Users/kb40/Desktop/ECE385/labb6/final_proj_sdk/mb_usb_hdmi_top/hw/mb_usb_hdmi_top.xsa
TRACE::2024-11-18.22:48:53::SCWPlatform::DSA absoulate path C:/Users/kb40/Desktop/ECE385/labb6/final_proj_sdk/mb_usb_hdmi_top/hw/mb_usb_hdmi_top.xsa
TRACE::2024-11-18.22:48:53::SCWPlatform::DSA directory C:/Users/kb40/Desktop/ECE385/labb6/final_proj_sdk/mb_usb_hdmi_top/hw
TRACE::2024-11-18.22:48:53::SCWPlatform:: Platform Path C:/Users/kb40/Desktop/ECE385/labb6/final_proj_sdk/mb_usb_hdmi_top/hw/mb_usb_hdmi_top.xsa
TRACE::2024-11-18.22:48:53::SCWPlatform:: Unique name xilinx:::0.0
TRACE::2024-11-18.22:48:53::SCWPlatform::Trying to set the existing hwdb with name mb_usb_hdmi_top_0
TRACE::2024-11-18.22:48:53::SCWPlatform::Opened existing hwdb mb_usb_hdmi_top_0
TRACE::2024-11-18.22:48:53::SCWPlatform::Found the Hw Db part of the input DSA
TRACE::2024-11-18.22:48:53::SCWMssOS::Checking the sw design at  C:/Users/kb40/Desktop/ECE385/labb6/final_proj_sdk/mb_usb_hdmi_top/microblaze_0/standalone_microblaze_0/bsp/system.mss
TRACE::2024-11-18.22:48:53::SCWMssOS::DEBUG:  swdes dump  C:/Users/kb40/Desktop/ECE385/labb6/final_proj_sdk/mb_usb_hdmi_top/microblaze_0/standalone_microblaze_0/bsp/system.mss|system||

TRACE::2024-11-18.22:48:53::SCWMssOS::Sw design exists and opened at  C:/Users/kb40/Desktop/ECE385/labb6/final_proj_sdk/mb_usb_hdmi_top/microblaze_0/standalone_microblaze_0/bsp/system.mss
TRACE::2024-11-18.22:48:53::SCWPlatform::Trying to open the hw design at C:/Users/kb40/Desktop/ECE385/labb6/final_proj_sdk/mb_usb_hdmi_top/hw/mb_usb_hdmi_top.xsa
TRACE::2024-11-18.22:48:53::SCWPlatform::DSA given C:/Users/kb40/Desktop/ECE385/labb6/final_proj_sdk/mb_usb_hdmi_top/hw/mb_usb_hdmi_top.xsa
TRACE::2024-11-18.22:48:53::SCWPlatform::DSA absoulate path C:/Users/kb40/Desktop/ECE385/labb6/final_proj_sdk/mb_usb_hdmi_top/hw/mb_usb_hdmi_top.xsa
TRACE::2024-11-18.22:48:53::SCWPlatform::DSA directory C:/Users/kb40/Desktop/ECE385/labb6/final_proj_sdk/mb_usb_hdmi_top/hw
TRACE::2024-11-18.22:48:53::SCWPlatform:: Platform Path C:/Users/kb40/Desktop/ECE385/labb6/final_proj_sdk/mb_usb_hdmi_top/hw/mb_usb_hdmi_top.xsa
TRACE::2024-11-18.22:48:53::SCWPlatform:: Unique name xilinx:::0.0
TRACE::2024-11-18.22:48:53::SCWPlatform::Trying to set the existing hwdb with name mb_usb_hdmi_top_0
TRACE::2024-11-18.22:48:53::SCWPlatform::Opened existing hwdb mb_usb_hdmi_top_0
TRACE::2024-11-18.22:48:53::SCWPlatform::Found the Hw Db part of the input DSA
TRACE::2024-11-18.22:48:53::SCWMssOS::Checking the sw design at  C:/Users/kb40/Desktop/ECE385/labb6/final_proj_sdk/mb_usb_hdmi_top/microblaze_0/standalone_microblaze_0/bsp/system.mss
TRACE::2024-11-18.22:48:53::SCWMssOS::DEBUG:  swdes dump  C:/Users/kb40/Desktop/ECE385/labb6/final_proj_sdk/mb_usb_hdmi_top/microblaze_0/standalone_microblaze_0/bsp/system.mss|system||

TRACE::2024-11-18.22:48:53::SCWMssOS::Sw design exists and opened at  C:/Users/kb40/Desktop/ECE385/labb6/final_proj_sdk/mb_usb_hdmi_top/microblaze_0/standalone_microblaze_0/bsp/system.mss
TRACE::2024-11-18.22:48:53::SCWWriter::formatted JSON is {
	"platformName":	"mb_usb_hdmi_top",
	"sprVersion":	"2.0",
	"mode":	"gui",
	"dsaType":	"Fixed",
	"platformDesc":	"mb_usb_hdmi_top",
	"platHandOff":	"C:/Users/kb40/Desktop/ECE385/labb6/mb_usb_hdmi_top.xsa",
	"platIntHandOff":	"<platformDir>/hw/mb_usb_hdmi_top.xsa",
	"deviceType":	"FPGA",
	"platIsPrebuiltAutogen":	"false",
	"platIsNoBootBsp":	"false",
	"hasFsblMakeHasChanges":	"false",
	"hasPmufwMakeHasChanges":	"false",
	"platPreBuiltFlag":	false,
	"platformSamplesDir":	"",
	"platActiveSys":	"mb_usb_hdmi_top",
	"systems":	[{
			"systemName":	"mb_usb_hdmi_top",
			"systemDesc":	"mb_usb_hdmi_top",
			"sysIsBootAutoGen":	"true",
			"systemDispName":	"mb_usb_hdmi_top",
			"sysActiveDom":	"standalone_microblaze_0",
			"sysDefaultDom":	"standalone_microblaze_0",
			"domains":	[{
					"domainName":	"standalone_microblaze_0",
					"domainDispName":	"standalone_microblaze_0",
					"domainDesc":	"standalone_microblaze_0",
					"processors":	"microblaze_0",
					"os":	"standalone",
					"sdxOs":	"standalone",
					"debugEnable":	"False",
					"domRuntimes":	["cpp"],
					"swRepo":	"",
					"mssOsVer":	"8.0",
					"mssFile":	"",
					"md5Digest":	"304529987e879521ca977c68d163f362",
					"compatibleApp":	"hello_world",
					"domType":	"mssDomain",
					"arch":	"32-bit",
					"appSettings":	{
						"appCompilerFlags":	"",
						"appLinkerFlags":	""
					},
					"addedLibs":	[],
					"libOptions":	{
						"libsContainingOptions":	[]
					},
					"prebuiltLibs":	{
						"prebuiltIncPath":	[],
						"prebuiltLibPath":	[]
					},
					"isolation":	{
					}
				}]
		}]
}
KEYINFO::2024-11-18.22:48:53::SCWPlatform::updated the xpfm file.
TRACE::2024-11-18.22:48:54::SCWPlatform::Trying to open the hw design at C:/Users/kb40/Desktop/ECE385/labb6/final_proj_sdk/mb_usb_hdmi_top/hw/mb_usb_hdmi_top.xsa
TRACE::2024-11-18.22:48:54::SCWPlatform::DSA given C:/Users/kb40/Desktop/ECE385/labb6/final_proj_sdk/mb_usb_hdmi_top/hw/mb_usb_hdmi_top.xsa
TRACE::2024-11-18.22:48:54::SCWPlatform::DSA absoulate path C:/Users/kb40/Desktop/ECE385/labb6/final_proj_sdk/mb_usb_hdmi_top/hw/mb_usb_hdmi_top.xsa
TRACE::2024-11-18.22:48:54::SCWPlatform::DSA directory C:/Users/kb40/Desktop/ECE385/labb6/final_proj_sdk/mb_usb_hdmi_top/hw
TRACE::2024-11-18.22:48:54::SCWPlatform:: Platform Path C:/Users/kb40/Desktop/ECE385/labb6/final_proj_sdk/mb_usb_hdmi_top/hw/mb_usb_hdmi_top.xsa
TRACE::2024-11-18.22:48:54::SCWPlatform:: Unique name xilinx:::0.0
TRACE::2024-11-18.22:48:54::SCWPlatform::Trying to set the existing hwdb with name mb_usb_hdmi_top_0
TRACE::2024-11-18.22:48:54::SCWPlatform::Opened existing hwdb mb_usb_hdmi_top_0
TRACE::2024-11-18.22:48:54::SCWPlatform::Found the Hw Db part of the input DSA
TRACE::2024-11-18.22:48:54::SCWMssOS::Checking the sw design at  C:/Users/kb40/Desktop/ECE385/labb6/final_proj_sdk/mb_usb_hdmi_top/microblaze_0/standalone_microblaze_0/bsp/system.mss
TRACE::2024-11-18.22:48:54::SCWMssOS::DEBUG:  swdes dump  C:/Users/kb40/Desktop/ECE385/labb6/final_proj_sdk/mb_usb_hdmi_top/microblaze_0/standalone_microblaze_0/bsp/system.mss|system||

TRACE::2024-11-18.22:48:54::SCWMssOS::Sw design exists and opened at  C:/Users/kb40/Desktop/ECE385/labb6/final_proj_sdk/mb_usb_hdmi_top/microblaze_0/standalone_microblaze_0/bsp/system.mss
TRACE::2024-11-18.22:48:54::SCWMssOS::Saving the mss changes C:/Users/kb40/Desktop/ECE385/labb6/final_proj_sdk/mb_usb_hdmi_top/microblaze_0/standalone_microblaze_0/bsp/system.mss
TRACE::2024-11-18.22:48:54::SCWMssOS::Found a swdesign opened with the mssfile.
TRACE::2024-11-18.22:48:54::SCWMssOS::Completed writemss as part of save.
TRACE::2024-11-18.22:48:54::SCWMssOS::Commit changes completed.
TRACE::2024-11-18.22:48:54::SCWPlatform::Trying to open the hw design at C:/Users/kb40/Desktop/ECE385/labb6/final_proj_sdk/mb_usb_hdmi_top/hw/mb_usb_hdmi_top.xsa
TRACE::2024-11-18.22:48:54::SCWPlatform::DSA given C:/Users/kb40/Desktop/ECE385/labb6/final_proj_sdk/mb_usb_hdmi_top/hw/mb_usb_hdmi_top.xsa
TRACE::2024-11-18.22:48:54::SCWPlatform::DSA absoulate path C:/Users/kb40/Desktop/ECE385/labb6/final_proj_sdk/mb_usb_hdmi_top/hw/mb_usb_hdmi_top.xsa
TRACE::2024-11-18.22:48:54::SCWPlatform::DSA directory C:/Users/kb40/Desktop/ECE385/labb6/final_proj_sdk/mb_usb_hdmi_top/hw
TRACE::2024-11-18.22:48:54::SCWPlatform:: Platform Path C:/Users/kb40/Desktop/ECE385/labb6/final_proj_sdk/mb_usb_hdmi_top/hw/mb_usb_hdmi_top.xsa
TRACE::2024-11-18.22:48:54::SCWPlatform:: Unique name xilinx:::0.0
TRACE::2024-11-18.22:48:54::SCWPlatform::Trying to set the existing hwdb with name mb_usb_hdmi_top_0
TRACE::2024-11-18.22:48:54::SCWPlatform::Opened existing hwdb mb_usb_hdmi_top_0
TRACE::2024-11-18.22:48:54::SCWPlatform::Found the Hw Db part of the input DSA
TRACE::2024-11-18.22:48:54::SCWMssOS::Checking the sw design at  C:/Users/kb40/Desktop/ECE385/labb6/final_proj_sdk/mb_usb_hdmi_top/microblaze_0/standalone_microblaze_0/bsp/system.mss
TRACE::2024-11-18.22:48:54::SCWMssOS::DEBUG:  swdes dump  C:/Users/kb40/Desktop/ECE385/labb6/final_proj_sdk/mb_usb_hdmi_top/microblaze_0/standalone_microblaze_0/bsp/system.mss|system||

TRACE::2024-11-18.22:48:54::SCWMssOS::Sw design exists and opened at  C:/Users/kb40/Desktop/ECE385/labb6/final_proj_sdk/mb_usb_hdmi_top/microblaze_0/standalone_microblaze_0/bsp/system.mss
TRACE::2024-11-18.22:48:54::SCWPlatform::Trying to open the hw design at C:/Users/kb40/Desktop/ECE385/labb6/final_proj_sdk/mb_usb_hdmi_top/hw/mb_usb_hdmi_top.xsa
TRACE::2024-11-18.22:48:54::SCWPlatform::DSA given C:/Users/kb40/Desktop/ECE385/labb6/final_proj_sdk/mb_usb_hdmi_top/hw/mb_usb_hdmi_top.xsa
TRACE::2024-11-18.22:48:54::SCWPlatform::DSA absoulate path C:/Users/kb40/Desktop/ECE385/labb6/final_proj_sdk/mb_usb_hdmi_top/hw/mb_usb_hdmi_top.xsa
TRACE::2024-11-18.22:48:54::SCWPlatform::DSA directory C:/Users/kb40/Desktop/ECE385/labb6/final_proj_sdk/mb_usb_hdmi_top/hw
TRACE::2024-11-18.22:48:54::SCWPlatform:: Platform Path C:/Users/kb40/Desktop/ECE385/labb6/final_proj_sdk/mb_usb_hdmi_top/hw/mb_usb_hdmi_top.xsa
TRACE::2024-11-18.22:48:54::SCWPlatform:: Unique name xilinx:::0.0
TRACE::2024-11-18.22:48:54::SCWPlatform::Trying to set the existing hwdb with name mb_usb_hdmi_top_0
TRACE::2024-11-18.22:48:54::SCWPlatform::Opened existing hwdb mb_usb_hdmi_top_0
TRACE::2024-11-18.22:48:54::SCWPlatform::Found the Hw Db part of the input DSA
TRACE::2024-11-18.22:48:54::SCWMssOS::Checking the sw design at  C:/Users/kb40/Desktop/ECE385/labb6/final_proj_sdk/mb_usb_hdmi_top/microblaze_0/standalone_microblaze_0/bsp/system.mss
TRACE::2024-11-18.22:48:54::SCWMssOS::DEBUG:  swdes dump  C:/Users/kb40/Desktop/ECE385/labb6/final_proj_sdk/mb_usb_hdmi_top/microblaze_0/standalone_microblaze_0/bsp/system.mss|system||

TRACE::2024-11-18.22:48:54::SCWMssOS::Sw design exists and opened at  C:/Users/kb40/Desktop/ECE385/labb6/final_proj_sdk/mb_usb_hdmi_top/microblaze_0/standalone_microblaze_0/bsp/system.mss
TRACE::2024-11-18.22:48:54::SCWPlatform::Trying to open the hw design at C:/Users/kb40/Desktop/ECE385/labb6/final_proj_sdk/mb_usb_hdmi_top/hw/mb_usb_hdmi_top.xsa
TRACE::2024-11-18.22:48:54::SCWPlatform::DSA given C:/Users/kb40/Desktop/ECE385/labb6/final_proj_sdk/mb_usb_hdmi_top/hw/mb_usb_hdmi_top.xsa
TRACE::2024-11-18.22:48:54::SCWPlatform::DSA absoulate path C:/Users/kb40/Desktop/ECE385/labb6/final_proj_sdk/mb_usb_hdmi_top/hw/mb_usb_hdmi_top.xsa
TRACE::2024-11-18.22:48:54::SCWPlatform::DSA directory C:/Users/kb40/Desktop/ECE385/labb6/final_proj_sdk/mb_usb_hdmi_top/hw
TRACE::2024-11-18.22:48:54::SCWPlatform:: Platform Path C:/Users/kb40/Desktop/ECE385/labb6/final_proj_sdk/mb_usb_hdmi_top/hw/mb_usb_hdmi_top.xsa
TRACE::2024-11-18.22:48:54::SCWPlatform:: Unique name xilinx:::0.0
TRACE::2024-11-18.22:48:54::SCWPlatform::Trying to set the existing hwdb with name mb_usb_hdmi_top_0
TRACE::2024-11-18.22:48:54::SCWPlatform::Opened existing hwdb mb_usb_hdmi_top_0
TRACE::2024-11-18.22:48:54::SCWPlatform::Found the Hw Db part of the input DSA
TRACE::2024-11-18.22:48:54::SCWMssOS::Checking the sw design at  C:/Users/kb40/Desktop/ECE385/labb6/final_proj_sdk/mb_usb_hdmi_top/microblaze_0/standalone_microblaze_0/bsp/system.mss
TRACE::2024-11-18.22:48:54::SCWMssOS::DEBUG:  swdes dump  C:/Users/kb40/Desktop/ECE385/labb6/final_proj_sdk/mb_usb_hdmi_top/microblaze_0/standalone_microblaze_0/bsp/system.mss|system||

TRACE::2024-11-18.22:48:54::SCWMssOS::Sw design exists and opened at  C:/Users/kb40/Desktop/ECE385/labb6/final_proj_sdk/mb_usb_hdmi_top/microblaze_0/standalone_microblaze_0/bsp/system.mss
TRACE::2024-11-18.22:48:54::SCWWriter::formatted JSON is {
	"platformName":	"mb_usb_hdmi_top",
	"sprVersion":	"2.0",
	"mode":	"gui",
	"dsaType":	"Fixed",
	"platformDesc":	"mb_usb_hdmi_top",
	"platHandOff":	"C:/Users/kb40/Desktop/ECE385/labb6/mb_usb_hdmi_top.xsa",
	"platIntHandOff":	"<platformDir>/hw/mb_usb_hdmi_top.xsa",
	"deviceType":	"FPGA",
	"platIsPrebuiltAutogen":	"false",
	"platIsNoBootBsp":	"false",
	"hasFsblMakeHasChanges":	"false",
	"hasPmufwMakeHasChanges":	"false",
	"platPreBuiltFlag":	false,
	"platformSamplesDir":	"",
	"platActiveSys":	"mb_usb_hdmi_top",
	"systems":	[{
			"systemName":	"mb_usb_hdmi_top",
			"systemDesc":	"mb_usb_hdmi_top",
			"sysIsBootAutoGen":	"true",
			"systemDispName":	"mb_usb_hdmi_top",
			"sysActiveDom":	"standalone_microblaze_0",
			"sysDefaultDom":	"standalone_microblaze_0",
			"domains":	[{
					"domainName":	"standalone_microblaze_0",
					"domainDispName":	"standalone_microblaze_0",
					"domainDesc":	"standalone_microblaze_0",
					"processors":	"microblaze_0",
					"os":	"standalone",
					"sdxOs":	"standalone",
					"debugEnable":	"False",
					"domRuntimes":	["cpp"],
					"swRepo":	"",
					"mssOsVer":	"8.0",
					"mssFile":	"",
					"md5Digest":	"304529987e879521ca977c68d163f362",
					"compatibleApp":	"hello_world",
					"domType":	"mssDomain",
					"arch":	"32-bit",
					"appSettings":	{
						"appCompilerFlags":	"",
						"appLinkerFlags":	""
					},
					"addedLibs":	[],
					"libOptions":	{
						"libsContainingOptions":	[]
					},
					"prebuiltLibs":	{
						"prebuiltIncPath":	[],
						"prebuiltLibPath":	[]
					},
					"isolation":	{
					}
				}]
		}]
}
TRACE::2024-11-18.22:48:54::SCWPlatform::Trying to open the hw design at C:/Users/kb40/Desktop/ECE385/labb6/final_proj_sdk/mb_usb_hdmi_top/hw/mb_usb_hdmi_top.xsa
TRACE::2024-11-18.22:48:54::SCWPlatform::DSA given C:/Users/kb40/Desktop/ECE385/labb6/final_proj_sdk/mb_usb_hdmi_top/hw/mb_usb_hdmi_top.xsa
TRACE::2024-11-18.22:48:54::SCWPlatform::DSA absoulate path C:/Users/kb40/Desktop/ECE385/labb6/final_proj_sdk/mb_usb_hdmi_top/hw/mb_usb_hdmi_top.xsa
TRACE::2024-11-18.22:48:54::SCWPlatform::DSA directory C:/Users/kb40/Desktop/ECE385/labb6/final_proj_sdk/mb_usb_hdmi_top/hw
TRACE::2024-11-18.22:48:54::SCWPlatform:: Platform Path C:/Users/kb40/Desktop/ECE385/labb6/final_proj_sdk/mb_usb_hdmi_top/hw/mb_usb_hdmi_top.xsa
TRACE::2024-11-18.22:48:54::SCWPlatform:: Unique name xilinx:::0.0
TRACE::2024-11-18.22:48:54::SCWPlatform::Trying to set the existing hwdb with name mb_usb_hdmi_top_0
TRACE::2024-11-18.22:48:54::SCWPlatform::Opened existing hwdb mb_usb_hdmi_top_0
TRACE::2024-11-18.22:48:54::SCWPlatform::Found the Hw Db part of the input DSA
TRACE::2024-11-18.22:48:54::SCWMssOS::Checking the sw design at  C:/Users/kb40/Desktop/ECE385/labb6/final_proj_sdk/mb_usb_hdmi_top/microblaze_0/standalone_microblaze_0/bsp/system.mss
TRACE::2024-11-18.22:48:54::SCWMssOS::DEBUG:  swdes dump  C:/Users/kb40/Desktop/ECE385/labb6/final_proj_sdk/mb_usb_hdmi_top/microblaze_0/standalone_microblaze_0/bsp/system.mss|system||

TRACE::2024-11-18.22:48:54::SCWMssOS::Sw design exists and opened at  C:/Users/kb40/Desktop/ECE385/labb6/final_proj_sdk/mb_usb_hdmi_top/microblaze_0/standalone_microblaze_0/bsp/system.mss
TRACE::2024-11-18.22:48:54::SCWPlatform::Trying to open the hw design at C:/Users/kb40/Desktop/ECE385/labb6/final_proj_sdk/mb_usb_hdmi_top/hw/mb_usb_hdmi_top.xsa
TRACE::2024-11-18.22:48:54::SCWPlatform::DSA given C:/Users/kb40/Desktop/ECE385/labb6/final_proj_sdk/mb_usb_hdmi_top/hw/mb_usb_hdmi_top.xsa
TRACE::2024-11-18.22:48:54::SCWPlatform::DSA absoulate path C:/Users/kb40/Desktop/ECE385/labb6/final_proj_sdk/mb_usb_hdmi_top/hw/mb_usb_hdmi_top.xsa
TRACE::2024-11-18.22:48:54::SCWPlatform::DSA directory C:/Users/kb40/Desktop/ECE385/labb6/final_proj_sdk/mb_usb_hdmi_top/hw
TRACE::2024-11-18.22:48:54::SCWPlatform:: Platform Path C:/Users/kb40/Desktop/ECE385/labb6/final_proj_sdk/mb_usb_hdmi_top/hw/mb_usb_hdmi_top.xsa
TRACE::2024-11-18.22:48:54::SCWPlatform:: Unique name xilinx:::0.0
TRACE::2024-11-18.22:48:54::SCWPlatform::Trying to set the existing hwdb with name mb_usb_hdmi_top_0
TRACE::2024-11-18.22:48:54::SCWPlatform::Opened existing hwdb mb_usb_hdmi_top_0
TRACE::2024-11-18.22:48:54::SCWPlatform::Found the Hw Db part of the input DSA
TRACE::2024-11-18.22:48:54::SCWMssOS::Checking the sw design at  C:/Users/kb40/Desktop/ECE385/labb6/final_proj_sdk/mb_usb_hdmi_top/microblaze_0/standalone_microblaze_0/bsp/system.mss
TRACE::2024-11-18.22:48:54::SCWMssOS::DEBUG:  swdes dump  C:/Users/kb40/Desktop/ECE385/labb6/final_proj_sdk/mb_usb_hdmi_top/microblaze_0/standalone_microblaze_0/bsp/system.mss|system||

TRACE::2024-11-18.22:48:54::SCWMssOS::Sw design exists and opened at  C:/Users/kb40/Desktop/ECE385/labb6/final_proj_sdk/mb_usb_hdmi_top/microblaze_0/standalone_microblaze_0/bsp/system.mss
TRACE::2024-11-18.22:48:54::SCWMssOS::Saving the mss changes C:/Users/kb40/Desktop/ECE385/labb6/final_proj_sdk/mb_usb_hdmi_top/microblaze_0/standalone_microblaze_0/bsp/system.mss
TRACE::2024-11-18.22:48:54::SCWMssOS::Found a swdesign opened with the mssfile.
TRACE::2024-11-18.22:48:54::SCWMssOS::Completed writemss as part of save.
TRACE::2024-11-18.22:48:54::SCWMssOS::Commit changes completed.
TRACE::2024-11-18.22:48:54::SCWPlatform::Trying to open the hw design at C:/Users/kb40/Desktop/ECE385/labb6/final_proj_sdk/mb_usb_hdmi_top/hw/mb_usb_hdmi_top.xsa
TRACE::2024-11-18.22:48:54::SCWPlatform::DSA given C:/Users/kb40/Desktop/ECE385/labb6/final_proj_sdk/mb_usb_hdmi_top/hw/mb_usb_hdmi_top.xsa
TRACE::2024-11-18.22:48:54::SCWPlatform::DSA absoulate path C:/Users/kb40/Desktop/ECE385/labb6/final_proj_sdk/mb_usb_hdmi_top/hw/mb_usb_hdmi_top.xsa
TRACE::2024-11-18.22:48:54::SCWPlatform::DSA directory C:/Users/kb40/Desktop/ECE385/labb6/final_proj_sdk/mb_usb_hdmi_top/hw
TRACE::2024-11-18.22:48:54::SCWPlatform:: Platform Path C:/Users/kb40/Desktop/ECE385/labb6/final_proj_sdk/mb_usb_hdmi_top/hw/mb_usb_hdmi_top.xsa
TRACE::2024-11-18.22:48:54::SCWPlatform:: Unique name xilinx:::0.0
TRACE::2024-11-18.22:48:54::SCWPlatform::Trying to set the existing hwdb with name mb_usb_hdmi_top_0
TRACE::2024-11-18.22:48:54::SCWPlatform::Opened existing hwdb mb_usb_hdmi_top_0
TRACE::2024-11-18.22:48:54::SCWPlatform::Found the Hw Db part of the input DSA
TRACE::2024-11-18.22:48:54::SCWMssOS::Checking the sw design at  C:/Users/kb40/Desktop/ECE385/labb6/final_proj_sdk/mb_usb_hdmi_top/microblaze_0/standalone_microblaze_0/bsp/system.mss
TRACE::2024-11-18.22:48:54::SCWMssOS::DEBUG:  swdes dump  C:/Users/kb40/Desktop/ECE385/labb6/final_proj_sdk/mb_usb_hdmi_top/microblaze_0/standalone_microblaze_0/bsp/system.mss|system||

TRACE::2024-11-18.22:48:54::SCWMssOS::Sw design exists and opened at  C:/Users/kb40/Desktop/ECE385/labb6/final_proj_sdk/mb_usb_hdmi_top/microblaze_0/standalone_microblaze_0/bsp/system.mss
TRACE::2024-11-18.22:48:54::SCWPlatform::Trying to open the hw design at C:/Users/kb40/Desktop/ECE385/labb6/final_proj_sdk/mb_usb_hdmi_top/hw/mb_usb_hdmi_top.xsa
TRACE::2024-11-18.22:48:54::SCWPlatform::DSA given C:/Users/kb40/Desktop/ECE385/labb6/final_proj_sdk/mb_usb_hdmi_top/hw/mb_usb_hdmi_top.xsa
TRACE::2024-11-18.22:48:54::SCWPlatform::DSA absoulate path C:/Users/kb40/Desktop/ECE385/labb6/final_proj_sdk/mb_usb_hdmi_top/hw/mb_usb_hdmi_top.xsa
TRACE::2024-11-18.22:48:54::SCWPlatform::DSA directory C:/Users/kb40/Desktop/ECE385/labb6/final_proj_sdk/mb_usb_hdmi_top/hw
TRACE::2024-11-18.22:48:54::SCWPlatform:: Platform Path C:/Users/kb40/Desktop/ECE385/labb6/final_proj_sdk/mb_usb_hdmi_top/hw/mb_usb_hdmi_top.xsa
TRACE::2024-11-18.22:48:54::SCWPlatform:: Unique name xilinx:::0.0
TRACE::2024-11-18.22:48:54::SCWPlatform::Trying to set the existing hwdb with name mb_usb_hdmi_top_0
TRACE::2024-11-18.22:48:54::SCWPlatform::Opened existing hwdb mb_usb_hdmi_top_0
TRACE::2024-11-18.22:48:54::SCWPlatform::Found the Hw Db part of the input DSA
TRACE::2024-11-18.22:48:54::SCWMssOS::Checking the sw design at  C:/Users/kb40/Desktop/ECE385/labb6/final_proj_sdk/mb_usb_hdmi_top/microblaze_0/standalone_microblaze_0/bsp/system.mss
TRACE::2024-11-18.22:48:54::SCWMssOS::DEBUG:  swdes dump  C:/Users/kb40/Desktop/ECE385/labb6/final_proj_sdk/mb_usb_hdmi_top/microblaze_0/standalone_microblaze_0/bsp/system.mss|system||

TRACE::2024-11-18.22:48:54::SCWMssOS::Sw design exists and opened at  C:/Users/kb40/Desktop/ECE385/labb6/final_proj_sdk/mb_usb_hdmi_top/microblaze_0/standalone_microblaze_0/bsp/system.mss
TRACE::2024-11-18.22:48:54::SCWPlatform::Trying to open the hw design at C:/Users/kb40/Desktop/ECE385/labb6/final_proj_sdk/mb_usb_hdmi_top/hw/mb_usb_hdmi_top.xsa
TRACE::2024-11-18.22:48:54::SCWPlatform::DSA given C:/Users/kb40/Desktop/ECE385/labb6/final_proj_sdk/mb_usb_hdmi_top/hw/mb_usb_hdmi_top.xsa
TRACE::2024-11-18.22:48:54::SCWPlatform::DSA absoulate path C:/Users/kb40/Desktop/ECE385/labb6/final_proj_sdk/mb_usb_hdmi_top/hw/mb_usb_hdmi_top.xsa
TRACE::2024-11-18.22:48:54::SCWPlatform::DSA directory C:/Users/kb40/Desktop/ECE385/labb6/final_proj_sdk/mb_usb_hdmi_top/hw
TRACE::2024-11-18.22:48:54::SCWPlatform:: Platform Path C:/Users/kb40/Desktop/ECE385/labb6/final_proj_sdk/mb_usb_hdmi_top/hw/mb_usb_hdmi_top.xsa
TRACE::2024-11-18.22:48:54::SCWPlatform:: Unique name xilinx:::0.0
TRACE::2024-11-18.22:48:54::SCWPlatform::Trying to set the existing hwdb with name mb_usb_hdmi_top_0
TRACE::2024-11-18.22:48:54::SCWPlatform::Opened existing hwdb mb_usb_hdmi_top_0
TRACE::2024-11-18.22:48:54::SCWPlatform::Found the Hw Db part of the input DSA
TRACE::2024-11-18.22:48:54::SCWMssOS::Checking the sw design at  C:/Users/kb40/Desktop/ECE385/labb6/final_proj_sdk/mb_usb_hdmi_top/microblaze_0/standalone_microblaze_0/bsp/system.mss
TRACE::2024-11-18.22:48:54::SCWMssOS::DEBUG:  swdes dump  C:/Users/kb40/Desktop/ECE385/labb6/final_proj_sdk/mb_usb_hdmi_top/microblaze_0/standalone_microblaze_0/bsp/system.mss|system||

TRACE::2024-11-18.22:48:54::SCWMssOS::Sw design exists and opened at  C:/Users/kb40/Desktop/ECE385/labb6/final_proj_sdk/mb_usb_hdmi_top/microblaze_0/standalone_microblaze_0/bsp/system.mss
TRACE::2024-11-18.22:48:54::SCWWriter::formatted JSON is {
	"platformName":	"mb_usb_hdmi_top",
	"sprVersion":	"2.0",
	"mode":	"gui",
	"dsaType":	"Fixed",
	"platformDesc":	"mb_usb_hdmi_top",
	"platHandOff":	"C:/Users/kb40/Desktop/ECE385/labb6/mb_usb_hdmi_top.xsa",
	"platIntHandOff":	"<platformDir>/hw/mb_usb_hdmi_top.xsa",
	"deviceType":	"FPGA",
	"platIsPrebuiltAutogen":	"false",
	"platIsNoBootBsp":	"false",
	"hasFsblMakeHasChanges":	"false",
	"hasPmufwMakeHasChanges":	"false",
	"platPreBuiltFlag":	false,
	"platformSamplesDir":	"",
	"platActiveSys":	"mb_usb_hdmi_top",
	"systems":	[{
			"systemName":	"mb_usb_hdmi_top",
			"systemDesc":	"mb_usb_hdmi_top",
			"sysIsBootAutoGen":	"true",
			"systemDispName":	"mb_usb_hdmi_top",
			"sysActiveDom":	"standalone_microblaze_0",
			"sysDefaultDom":	"standalone_microblaze_0",
			"domains":	[{
					"domainName":	"standalone_microblaze_0",
					"domainDispName":	"standalone_microblaze_0",
					"domainDesc":	"standalone_microblaze_0",
					"processors":	"microblaze_0",
					"os":	"standalone",
					"sdxOs":	"standalone",
					"debugEnable":	"False",
					"domRuntimes":	["cpp"],
					"swRepo":	"",
					"mssOsVer":	"8.0",
					"mssFile":	"",
					"md5Digest":	"304529987e879521ca977c68d163f362",
					"compatibleApp":	"hello_world",
					"domType":	"mssDomain",
					"arch":	"32-bit",
					"appSettings":	{
						"appCompilerFlags":	"",
						"appLinkerFlags":	""
					},
					"addedLibs":	[],
					"libOptions":	{
						"libsContainingOptions":	[]
					},
					"prebuiltLibs":	{
						"prebuiltIncPath":	[],
						"prebuiltLibPath":	[]
					},
					"isolation":	{
					}
				}]
		}]
}
LOG::2024-11-18.22:48:54::SCWPlatform::Started generating the artifacts platform mb_usb_hdmi_top
TRACE::2024-11-18.22:48:54::SCWPlatform::Sanity checking of platform is completed
LOG::2024-11-18.22:48:54::SCWPlatform::Started generating the artifacts for system configuration mb_usb_hdmi_top
LOG::2024-11-18.22:48:54::SCWSystem::Started Processing the domain standalone_microblaze_0
TRACE::2024-11-18.22:48:54::SCWDomain::Generating domain artifcats
TRACE::2024-11-18.22:48:54::SCWMssOS::Generating standalone artifcats
TRACE::2024-11-18.22:48:54::SCWMssOS:: Copying the user libraries. 
TRACE::2024-11-18.22:48:54::SCWPlatform::Trying to open the hw design at C:/Users/kb40/Desktop/ECE385/labb6/final_proj_sdk/mb_usb_hdmi_top/hw/mb_usb_hdmi_top.xsa
TRACE::2024-11-18.22:48:54::SCWPlatform::DSA given C:/Users/kb40/Desktop/ECE385/labb6/final_proj_sdk/mb_usb_hdmi_top/hw/mb_usb_hdmi_top.xsa
TRACE::2024-11-18.22:48:54::SCWPlatform::DSA absoulate path C:/Users/kb40/Desktop/ECE385/labb6/final_proj_sdk/mb_usb_hdmi_top/hw/mb_usb_hdmi_top.xsa
TRACE::2024-11-18.22:48:54::SCWPlatform::DSA directory C:/Users/kb40/Desktop/ECE385/labb6/final_proj_sdk/mb_usb_hdmi_top/hw
TRACE::2024-11-18.22:48:54::SCWPlatform:: Platform Path C:/Users/kb40/Desktop/ECE385/labb6/final_proj_sdk/mb_usb_hdmi_top/hw/mb_usb_hdmi_top.xsa
TRACE::2024-11-18.22:48:54::SCWPlatform:: Unique name xilinx:::0.0
TRACE::2024-11-18.22:48:54::SCWPlatform::Trying to set the existing hwdb with name mb_usb_hdmi_top_0
TRACE::2024-11-18.22:48:54::SCWPlatform::Opened existing hwdb mb_usb_hdmi_top_0
TRACE::2024-11-18.22:48:54::SCWPlatform::Found the Hw Db part of the input DSA
TRACE::2024-11-18.22:48:54::SCWMssOS::Checking the sw design at  C:/Users/kb40/Desktop/ECE385/labb6/final_proj_sdk/mb_usb_hdmi_top/microblaze_0/standalone_microblaze_0/bsp/system.mss
TRACE::2024-11-18.22:48:54::SCWMssOS::DEBUG:  swdes dump  C:/Users/kb40/Desktop/ECE385/labb6/final_proj_sdk/mb_usb_hdmi_top/microblaze_0/standalone_microblaze_0/bsp/system.mss|system||

TRACE::2024-11-18.22:48:54::SCWMssOS::Sw design exists and opened at  C:/Users/kb40/Desktop/ECE385/labb6/final_proj_sdk/mb_usb_hdmi_top/microblaze_0/standalone_microblaze_0/bsp/system.mss
TRACE::2024-11-18.22:48:54::SCWMssOS::Completed writing the mss file at C:/Users/kb40/Desktop/ECE385/labb6/final_proj_sdk/mb_usb_hdmi_top/microblaze_0/standalone_microblaze_0/bsp
TRACE::2024-11-18.22:48:54::SCWMssOS::Mss edits present, copying mssfile into export location C:/Users/kb40/Desktop/ECE385/labb6/final_proj_sdk/mb_usb_hdmi_top/microblaze_0/standalone_microblaze_0/bsp/system.mss
TRACE::2024-11-18.22:48:54::SCWMssOS::bsp generated is upto date with the mss file. Skipping bsp generation.
TRACE::2024-11-18.22:48:54::SCWMssOS::BSP is already built. skipping the bsp build ... 
TRACE::2024-11-18.22:48:54::SCWDomain::Building the domain as part of full build :  standalone_microblaze_0
TRACE::2024-11-18.22:48:54::SCWMssOS::skipping the bsp build ... 
TRACE::2024-11-18.22:48:54::SCWMssOS::Copying to export directory.
TRACE::2024-11-18.22:48:54::SCWMssOS:: Checking if to create the Supporting Applications
TRACE::2024-11-18.22:48:54::SCWMssOS:: No Linux domain exists, trying to generate FSBL 
LOG::2024-11-18.22:48:54::SCWSystem::Completed Processing the domain standalone_microblaze_0
LOG::2024-11-18.22:48:54::SCWSystem::Completed Processing the sysconfig mb_usb_hdmi_top
LOG::2024-11-18.22:48:54::SCWPlatform::Completed generating the artifacts for system configuration mb_usb_hdmi_top
TRACE::2024-11-18.22:48:54::SCWPlatform::Started preparing the platform 
TRACE::2024-11-18.22:48:54::SCWSystem::Writing the bif file for system config mb_usb_hdmi_top
TRACE::2024-11-18.22:48:54::SCWSystem::dir created 
TRACE::2024-11-18.22:48:54::SCWSystem::Writing the bif 
TRACE::2024-11-18.22:48:54::SCWPlatform::Started writing the spfm file 
TRACE::2024-11-18.22:48:54::SCWPlatform::Started writing the xpfm file 
TRACE::2024-11-18.22:48:54::SCWPlatform::Completed generating the platform
TRACE::2024-11-18.22:48:54::SCWMssOS::Saving the mss changes C:/Users/kb40/Desktop/ECE385/labb6/final_proj_sdk/mb_usb_hdmi_top/microblaze_0/standalone_microblaze_0/bsp/system.mss
TRACE::2024-11-18.22:48:54::SCWMssOS::Found a swdesign opened with the mssfile.
TRACE::2024-11-18.22:48:54::SCWMssOS::Completed writemss as part of save.
TRACE::2024-11-18.22:48:54::SCWMssOS::Commit changes completed.
TRACE::2024-11-18.22:48:54::SCWPlatform::Trying to open the hw design at C:/Users/kb40/Desktop/ECE385/labb6/final_proj_sdk/mb_usb_hdmi_top/hw/mb_usb_hdmi_top.xsa
TRACE::2024-11-18.22:48:54::SCWPlatform::DSA given C:/Users/kb40/Desktop/ECE385/labb6/final_proj_sdk/mb_usb_hdmi_top/hw/mb_usb_hdmi_top.xsa
TRACE::2024-11-18.22:48:54::SCWPlatform::DSA absoulate path C:/Users/kb40/Desktop/ECE385/labb6/final_proj_sdk/mb_usb_hdmi_top/hw/mb_usb_hdmi_top.xsa
TRACE::2024-11-18.22:48:54::SCWPlatform::DSA directory C:/Users/kb40/Desktop/ECE385/labb6/final_proj_sdk/mb_usb_hdmi_top/hw
TRACE::2024-11-18.22:48:54::SCWPlatform:: Platform Path C:/Users/kb40/Desktop/ECE385/labb6/final_proj_sdk/mb_usb_hdmi_top/hw/mb_usb_hdmi_top.xsa
TRACE::2024-11-18.22:48:54::SCWPlatform:: Unique name xilinx:::0.0
TRACE::2024-11-18.22:48:54::SCWPlatform::Trying to set the existing hwdb with name mb_usb_hdmi_top_0
TRACE::2024-11-18.22:48:54::SCWPlatform::Opened existing hwdb mb_usb_hdmi_top_0
TRACE::2024-11-18.22:48:54::SCWPlatform::Found the Hw Db part of the input DSA
TRACE::2024-11-18.22:48:54::SCWMssOS::Checking the sw design at  C:/Users/kb40/Desktop/ECE385/labb6/final_proj_sdk/mb_usb_hdmi_top/microblaze_0/standalone_microblaze_0/bsp/system.mss
TRACE::2024-11-18.22:48:54::SCWMssOS::DEBUG:  swdes dump  C:/Users/kb40/Desktop/ECE385/labb6/final_proj_sdk/mb_usb_hdmi_top/microblaze_0/standalone_microblaze_0/bsp/system.mss|system||

TRACE::2024-11-18.22:48:54::SCWMssOS::Sw design exists and opened at  C:/Users/kb40/Desktop/ECE385/labb6/final_proj_sdk/mb_usb_hdmi_top/microblaze_0/standalone_microblaze_0/bsp/system.mss
TRACE::2024-11-18.22:48:54::SCWPlatform::Trying to open the hw design at C:/Users/kb40/Desktop/ECE385/labb6/final_proj_sdk/mb_usb_hdmi_top/hw/mb_usb_hdmi_top.xsa
TRACE::2024-11-18.22:48:54::SCWPlatform::DSA given C:/Users/kb40/Desktop/ECE385/labb6/final_proj_sdk/mb_usb_hdmi_top/hw/mb_usb_hdmi_top.xsa
TRACE::2024-11-18.22:48:54::SCWPlatform::DSA absoulate path C:/Users/kb40/Desktop/ECE385/labb6/final_proj_sdk/mb_usb_hdmi_top/hw/mb_usb_hdmi_top.xsa
TRACE::2024-11-18.22:48:54::SCWPlatform::DSA directory C:/Users/kb40/Desktop/ECE385/labb6/final_proj_sdk/mb_usb_hdmi_top/hw
TRACE::2024-11-18.22:48:54::SCWPlatform:: Platform Path C:/Users/kb40/Desktop/ECE385/labb6/final_proj_sdk/mb_usb_hdmi_top/hw/mb_usb_hdmi_top.xsa
TRACE::2024-11-18.22:48:54::SCWPlatform:: Unique name xilinx:::0.0
TRACE::2024-11-18.22:48:54::SCWPlatform::Trying to set the existing hwdb with name mb_usb_hdmi_top_0
TRACE::2024-11-18.22:48:54::SCWPlatform::Opened existing hwdb mb_usb_hdmi_top_0
TRACE::2024-11-18.22:48:54::SCWPlatform::Found the Hw Db part of the input DSA
TRACE::2024-11-18.22:48:54::SCWMssOS::Checking the sw design at  C:/Users/kb40/Desktop/ECE385/labb6/final_proj_sdk/mb_usb_hdmi_top/microblaze_0/standalone_microblaze_0/bsp/system.mss
TRACE::2024-11-18.22:48:54::SCWMssOS::DEBUG:  swdes dump  C:/Users/kb40/Desktop/ECE385/labb6/final_proj_sdk/mb_usb_hdmi_top/microblaze_0/standalone_microblaze_0/bsp/system.mss|system||

TRACE::2024-11-18.22:48:54::SCWMssOS::Sw design exists and opened at  C:/Users/kb40/Desktop/ECE385/labb6/final_proj_sdk/mb_usb_hdmi_top/microblaze_0/standalone_microblaze_0/bsp/system.mss
TRACE::2024-11-18.22:48:54::SCWPlatform::Trying to open the hw design at C:/Users/kb40/Desktop/ECE385/labb6/final_proj_sdk/mb_usb_hdmi_top/hw/mb_usb_hdmi_top.xsa
TRACE::2024-11-18.22:48:54::SCWPlatform::DSA given C:/Users/kb40/Desktop/ECE385/labb6/final_proj_sdk/mb_usb_hdmi_top/hw/mb_usb_hdmi_top.xsa
TRACE::2024-11-18.22:48:54::SCWPlatform::DSA absoulate path C:/Users/kb40/Desktop/ECE385/labb6/final_proj_sdk/mb_usb_hdmi_top/hw/mb_usb_hdmi_top.xsa
TRACE::2024-11-18.22:48:54::SCWPlatform::DSA directory C:/Users/kb40/Desktop/ECE385/labb6/final_proj_sdk/mb_usb_hdmi_top/hw
TRACE::2024-11-18.22:48:54::SCWPlatform:: Platform Path C:/Users/kb40/Desktop/ECE385/labb6/final_proj_sdk/mb_usb_hdmi_top/hw/mb_usb_hdmi_top.xsa
TRACE::2024-11-18.22:48:54::SCWPlatform:: Unique name xilinx:::0.0
TRACE::2024-11-18.22:48:54::SCWPlatform::Trying to set the existing hwdb with name mb_usb_hdmi_top_0
TRACE::2024-11-18.22:48:54::SCWPlatform::Opened existing hwdb mb_usb_hdmi_top_0
TRACE::2024-11-18.22:48:54::SCWPlatform::Found the Hw Db part of the input DSA
TRACE::2024-11-18.22:48:54::SCWMssOS::Checking the sw design at  C:/Users/kb40/Desktop/ECE385/labb6/final_proj_sdk/mb_usb_hdmi_top/microblaze_0/standalone_microblaze_0/bsp/system.mss
TRACE::2024-11-18.22:48:54::SCWMssOS::DEBUG:  swdes dump  C:/Users/kb40/Desktop/ECE385/labb6/final_proj_sdk/mb_usb_hdmi_top/microblaze_0/standalone_microblaze_0/bsp/system.mss|system||

TRACE::2024-11-18.22:48:54::SCWMssOS::Sw design exists and opened at  C:/Users/kb40/Desktop/ECE385/labb6/final_proj_sdk/mb_usb_hdmi_top/microblaze_0/standalone_microblaze_0/bsp/system.mss
TRACE::2024-11-18.22:48:54::SCWWriter::formatted JSON is {
	"platformName":	"mb_usb_hdmi_top",
	"sprVersion":	"2.0",
	"mode":	"gui",
	"dsaType":	"Fixed",
	"platformDesc":	"mb_usb_hdmi_top",
	"platHandOff":	"C:/Users/kb40/Desktop/ECE385/labb6/mb_usb_hdmi_top.xsa",
	"platIntHandOff":	"<platformDir>/hw/mb_usb_hdmi_top.xsa",
	"deviceType":	"FPGA",
	"platIsPrebuiltAutogen":	"false",
	"platIsNoBootBsp":	"false",
	"hasFsblMakeHasChanges":	"false",
	"hasPmufwMakeHasChanges":	"false",
	"platPreBuiltFlag":	false,
	"platformSamplesDir":	"",
	"platActiveSys":	"mb_usb_hdmi_top",
	"systems":	[{
			"systemName":	"mb_usb_hdmi_top",
			"systemDesc":	"mb_usb_hdmi_top",
			"sysIsBootAutoGen":	"true",
			"systemDispName":	"mb_usb_hdmi_top",
			"sysActiveDom":	"standalone_microblaze_0",
			"sysDefaultDom":	"standalone_microblaze_0",
			"domains":	[{
					"domainName":	"standalone_microblaze_0",
					"domainDispName":	"standalone_microblaze_0",
					"domainDesc":	"standalone_microblaze_0",
					"processors":	"microblaze_0",
					"os":	"standalone",
					"sdxOs":	"standalone",
					"debugEnable":	"False",
					"domRuntimes":	["cpp"],
					"swRepo":	"",
					"mssOsVer":	"8.0",
					"mssFile":	"",
					"md5Digest":	"304529987e879521ca977c68d163f362",
					"compatibleApp":	"hello_world",
					"domType":	"mssDomain",
					"arch":	"32-bit",
					"appSettings":	{
						"appCompilerFlags":	"",
						"appLinkerFlags":	""
					},
					"addedLibs":	[],
					"libOptions":	{
						"libsContainingOptions":	[]
					},
					"prebuiltLibs":	{
						"prebuiltIncPath":	[],
						"prebuiltLibPath":	[]
					},
					"isolation":	{
					}
				}]
		}]
}
KEYINFO::2024-11-18.22:48:54::SCWPlatform::updated the xpfm file.
LOG::2024-11-18.22:52:39::SCWPlatform::Started generating the artifacts platform mb_usb_hdmi_top
TRACE::2024-11-18.22:52:39::SCWPlatform::Sanity checking of platform is completed
LOG::2024-11-18.22:52:39::SCWPlatform::Started generating the artifacts for system configuration mb_usb_hdmi_top
LOG::2024-11-18.22:52:39::SCWSystem::Checking the domain standalone_microblaze_0
LOG::2024-11-18.22:52:39::SCWSystem::Not a boot domain 
LOG::2024-11-18.22:52:39::SCWSystem::Started Processing the domain standalone_microblaze_0
TRACE::2024-11-18.22:52:39::SCWDomain::Generating domain artifcats
TRACE::2024-11-18.22:52:39::SCWMssOS::Generating standalone artifcats
TRACE::2024-11-18.22:52:39::SCWMssOS:: Copying the user libraries. 
TRACE::2024-11-18.22:52:39::SCWPlatform::Trying to open the hw design at C:/Users/kb40/Desktop/ECE385/labb6/final_proj_sdk/mb_usb_hdmi_top/hw/mb_usb_hdmi_top.xsa
TRACE::2024-11-18.22:52:39::SCWPlatform::DSA given C:/Users/kb40/Desktop/ECE385/labb6/final_proj_sdk/mb_usb_hdmi_top/hw/mb_usb_hdmi_top.xsa
TRACE::2024-11-18.22:52:39::SCWPlatform::DSA absoulate path C:/Users/kb40/Desktop/ECE385/labb6/final_proj_sdk/mb_usb_hdmi_top/hw/mb_usb_hdmi_top.xsa
TRACE::2024-11-18.22:52:39::SCWPlatform::DSA directory C:/Users/kb40/Desktop/ECE385/labb6/final_proj_sdk/mb_usb_hdmi_top/hw
TRACE::2024-11-18.22:52:39::SCWPlatform:: Platform Path C:/Users/kb40/Desktop/ECE385/labb6/final_proj_sdk/mb_usb_hdmi_top/hw/mb_usb_hdmi_top.xsa
TRACE::2024-11-18.22:52:39::SCWPlatform:: Unique name xilinx:::0.0
TRACE::2024-11-18.22:52:39::SCWPlatform::Trying to set the existing hwdb with name mb_usb_hdmi_top_0
TRACE::2024-11-18.22:52:39::SCWPlatform::Opened existing hwdb mb_usb_hdmi_top_0
TRACE::2024-11-18.22:52:39::SCWPlatform::Found the Hw Db part of the input DSA
TRACE::2024-11-18.22:52:39::SCWMssOS::Checking the sw design at  C:/Users/kb40/Desktop/ECE385/labb6/final_proj_sdk/mb_usb_hdmi_top/microblaze_0/standalone_microblaze_0/bsp/system.mss
TRACE::2024-11-18.22:52:39::SCWMssOS::DEBUG:  swdes dump  C:/Users/kb40/Desktop/ECE385/labb6/final_proj_sdk/mb_usb_hdmi_top/microblaze_0/standalone_microblaze_0/bsp/system.mss|system||

TRACE::2024-11-18.22:52:39::SCWMssOS::Sw design exists and opened at  C:/Users/kb40/Desktop/ECE385/labb6/final_proj_sdk/mb_usb_hdmi_top/microblaze_0/standalone_microblaze_0/bsp/system.mss
TRACE::2024-11-18.22:52:39::SCWMssOS::Completed writing the mss file at C:/Users/kb40/Desktop/ECE385/labb6/final_proj_sdk/mb_usb_hdmi_top/microblaze_0/standalone_microblaze_0/bsp
TRACE::2024-11-18.22:52:39::SCWMssOS::Mss edits present, copying mssfile into export location C:/Users/kb40/Desktop/ECE385/labb6/final_proj_sdk/mb_usb_hdmi_top/microblaze_0/standalone_microblaze_0/bsp/system.mss
TRACE::2024-11-18.22:52:39::SCWMssOS::bsp generated is upto date with the mss file. Skipping bsp generation.
TRACE::2024-11-18.22:52:39::SCWMssOS::BSP is already built. skipping the bsp build ... 
TRACE::2024-11-18.22:52:39::SCWDomain::Building the domain as part of full build :  standalone_microblaze_0
TRACE::2024-11-18.22:52:39::SCWMssOS::doing bsp build ... 
TRACE::2024-11-18.22:52:39::SCWMssOS::System Command Ran  C: & cd  C:/Users/kb40/Desktop/ECE385/labb6/final_proj_sdk/mb_usb_hdmi_top/microblaze_0/standalone_microblaze_0/bsp & make 
TRACE::2024-11-18.22:52:39::SCWMssOS::make --no-print-directory seq_libs

TRACE::2024-11-18.22:52:39::SCWMssOS::'Finished building libraries sequentially.'

TRACE::2024-11-18.22:52:39::SCWMssOS::make -j 10 --no-print-directory par_libs

TRACE::2024-11-18.22:52:39::SCWMssOS::"Running Make include in microblaze_0/libsrc/bram_v4_8/src"

TRACE::2024-11-18.22:52:39::SCWMssOS::make -C microblaze_0/libsrc/bram_v4_8/src -s include  "SHELL=CMD" "COMPILER=mb-gcc" "ASSEMBLER=mb-as" "ARCHIVER=mb-ar" "COMPILE
TRACE::2024-11-18.22:52:39::SCWMssOS::R_FLAGS=  -O2 -c -mcpu=v11.0 -mlittle-endian -mno-xl-reorder -mno-xl-soft-mul -mxl-barrel-shift -mxl-pattern-compare" "EXTRA_CO
TRACE::2024-11-18.22:52:39::SCWMssOS::MPILER_FLAGS=-g -ffunction-sections -fdata-sections -Wall -Wextra -fno-tree-loop-distribute-patterns"

TRACE::2024-11-18.22:52:39::SCWMssOS::"Running Make include in microblaze_0/libsrc/cpu_v2_16/src"

TRACE::2024-11-18.22:52:39::SCWMssOS::make -C microblaze_0/libsrc/cpu_v2_16/src -s include  "SHELL=CMD" "COMPILER=mb-gcc" "ASSEMBLER=mb-as" "ARCHIVER=mb-ar" "COMPILE
TRACE::2024-11-18.22:52:39::SCWMssOS::R_FLAGS=  -O2 -c -mcpu=v11.0 -mlittle-endian -mno-xl-reorder -mno-xl-soft-mul -mxl-barrel-shift -mxl-pattern-compare" "EXTRA_CO
TRACE::2024-11-18.22:52:39::SCWMssOS::MPILER_FLAGS=-g -ffunction-sections -fdata-sections -Wall -Wextra -fno-tree-loop-distribute-patterns"

TRACE::2024-11-18.22:52:39::SCWMssOS::"Running Make include in microblaze_0/libsrc/gpio_v4_9/src"

TRACE::2024-11-18.22:52:39::SCWMssOS::make -C microblaze_0/libsrc/gpio_v4_9/src -s include  "SHELL=CMD" "COMPILER=mb-gcc" "ASSEMBLER=mb-as" "ARCHIVER=mb-ar" "COMPILE
TRACE::2024-11-18.22:52:39::SCWMssOS::R_FLAGS=  -O2 -c -mcpu=v11.0 -mlittle-endian -mno-xl-reorder -mno-xl-soft-mul -mxl-barrel-shift -mxl-pattern-compare" "EXTRA_CO
TRACE::2024-11-18.22:52:39::SCWMssOS::MPILER_FLAGS=-g -ffunction-sections -fdata-sections -Wall -Wextra -fno-tree-loop-distribute-patterns"

TRACE::2024-11-18.22:52:39::SCWMssOS::"Running Make include in microblaze_0/libsrc/intc_v3_15/src"

TRACE::2024-11-18.22:52:39::SCWMssOS::make -C microblaze_0/libsrc/intc_v3_15/src -s include  "SHELL=CMD" "COMPILER=mb-gcc" "ASSEMBLER=mb-as" "ARCHIVER=mb-ar" "COMPIL
TRACE::2024-11-18.22:52:39::SCWMssOS::ER_FLAGS=  -O2 -c -mcpu=v11.0 -mlittle-endian -mno-xl-reorder -mno-xl-soft-mul -mxl-barrel-shift -mxl-pattern-compare" "EXTRA_C
TRACE::2024-11-18.22:52:39::SCWMssOS::OMPILER_FLAGS=-g -ffunction-sections -fdata-sections -Wall -Wextra -fno-tree-loop-distribute-patterns"

TRACE::2024-11-18.22:52:39::SCWMssOS::"Running Make include in microblaze_0/libsrc/spi_v4_9/src"

TRACE::2024-11-18.22:52:39::SCWMssOS::make -C microblaze_0/libsrc/spi_v4_9/src -s include  "SHELL=CMD" "COMPILER=mb-gcc" "ASSEMBLER=mb-as" "ARCHIVER=mb-ar" "COMPILER
TRACE::2024-11-18.22:52:39::SCWMssOS::_FLAGS=  -O2 -c -mcpu=v11.0 -mlittle-endian -mno-xl-reorder -mno-xl-soft-mul -mxl-barrel-shift -mxl-pattern-compare" "EXTRA_COM
TRACE::2024-11-18.22:52:39::SCWMssOS::PILER_FLAGS=-g -ffunction-sections -fdata-sections -Wall -Wextra -fno-tree-loop-distribute-patterns"

TRACE::2024-11-18.22:52:40::SCWMssOS::"Running Make include in microblaze_0/libsrc/standalone_v8_0/src"

TRACE::2024-11-18.22:52:40::SCWMssOS::make -C microblaze_0/libsrc/standalone_v8_0/src -s include  "SHELL=CMD" "COMPILER=mb-gcc" "ASSEMBLER=mb-as" "ARCHIVER=mb-ar" "C
TRACE::2024-11-18.22:52:40::SCWMssOS::OMPILER_FLAGS=  -O2 -c -mcpu=v11.0 -mlittle-endian -mno-xl-reorder -mno-xl-soft-mul -mxl-barrel-shift -mxl-pattern-compare" "EX
TRACE::2024-11-18.22:52:40::SCWMssOS::TRA_COMPILER_FLAGS=-g -ffunction-sections -fdata-sections -Wall -Wextra -fno-tree-loop-distribute-patterns"

TRACE::2024-11-18.22:52:40::SCWMssOS::"Running Make include in microblaze_0/libsrc/tmrctr_v4_9/src"

TRACE::2024-11-18.22:52:40::SCWMssOS::make -C microblaze_0/libsrc/tmrctr_v4_9/src -s include  "SHELL=CMD" "COMPILER=mb-gcc" "ASSEMBLER=mb-as" "ARCHIVER=mb-ar" "COMPI
TRACE::2024-11-18.22:52:40::SCWMssOS::LER_FLAGS=  -O2 -c -mcpu=v11.0 -mlittle-endian -mno-xl-reorder -mno-xl-soft-mul -mxl-barrel-shift -mxl-pattern-compare" "EXTRA_
TRACE::2024-11-18.22:52:40::SCWMssOS::COMPILER_FLAGS=-g -ffunction-sections -fdata-sections -Wall -Wextra -fno-tree-loop-distribute-patterns"

TRACE::2024-11-18.22:52:40::SCWMssOS::"Running Make include in microblaze_0/libsrc/uartlite_v3_7/src"

TRACE::2024-11-18.22:52:40::SCWMssOS::make -C microblaze_0/libsrc/uartlite_v3_7/src -s include  "SHELL=CMD" "COMPILER=mb-gcc" "ASSEMBLER=mb-as" "ARCHIVER=mb-ar" "COM
TRACE::2024-11-18.22:52:40::SCWMssOS::PILER_FLAGS=  -O2 -c -mcpu=v11.0 -mlittle-endian -mno-xl-reorder -mno-xl-soft-mul -mxl-barrel-shift -mxl-pattern-compare" "EXTR
TRACE::2024-11-18.22:52:40::SCWMssOS::A_COMPILER_FLAGS=-g -ffunction-sections -fdata-sections -Wall -Wextra -fno-tree-loop-distribute-patterns"

TRACE::2024-11-18.22:52:40::SCWMssOS::"Running Make libs in microblaze_0/libsrc/bram_v4_8/src"

TRACE::2024-11-18.22:52:40::SCWMssOS::make -C microblaze_0/libsrc/bram_v4_8/src -s libs  "SHELL=CMD" "COMPILER=mb-gcc" "ASSEMBLER=mb-as" "ARCHIVER=mb-ar" "COMPILER_F
TRACE::2024-11-18.22:52:40::SCWMssOS::LAGS=  -O2 -c -mcpu=v11.0 -mlittle-endian -mno-xl-reorder -mno-xl-soft-mul -mxl-barrel-shift -mxl-pattern-compare" "EXTRA_COMPI
TRACE::2024-11-18.22:52:40::SCWMssOS::LER_FLAGS=-g -ffunction-sections -fdata-sections -Wall -Wextra -fno-tree-loop-distribute-patterns"

TRACE::2024-11-18.22:52:40::SCWMssOS::"Running Make libs in microblaze_0/libsrc/cpu_v2_16/src"

TRACE::2024-11-18.22:52:40::SCWMssOS::make -C microblaze_0/libsrc/cpu_v2_16/src -s libs  "SHELL=CMD" "COMPILER=mb-gcc" "ASSEMBLER=mb-as" "ARCHIVER=mb-ar" "COMPILER_F
TRACE::2024-11-18.22:52:40::SCWMssOS::LAGS=  -O2 -c -mcpu=v11.0 -mlittle-endian -mno-xl-reorder -mno-xl-soft-mul -mxl-barrel-shift -mxl-pattern-compare" "EXTRA_COMPI
TRACE::2024-11-18.22:52:40::SCWMssOS::LER_FLAGS=-g -ffunction-sections -fdata-sections -Wall -Wextra -fno-tree-loop-distribute-patterns"

TRACE::2024-11-18.22:52:40::SCWMssOS::"Running Make libs in microblaze_0/libsrc/gpio_v4_9/src"

TRACE::2024-11-18.22:52:40::SCWMssOS::make -C microblaze_0/libsrc/gpio_v4_9/src -s libs  "SHELL=CMD" "COMPILER=mb-gcc" "ASSEMBLER=mb-as" "ARCHIVER=mb-ar" "COMPILER_F
TRACE::2024-11-18.22:52:40::SCWMssOS::LAGS=  -O2 -c -mcpu=v11.0 -mlittle-endian -mno-xl-reorder -mno-xl-soft-mul -mxl-barrel-shift -mxl-pattern-compare" "EXTRA_COMPI
TRACE::2024-11-18.22:52:40::SCWMssOS::LER_FLAGS=-g -ffunction-sections -fdata-sections -Wall -Wextra -fno-tree-loop-distribute-patterns"

TRACE::2024-11-18.22:52:40::SCWMssOS::"Running Make libs in microblaze_0/libsrc/intc_v3_15/src"

TRACE::2024-11-18.22:52:40::SCWMssOS::make -C microblaze_0/libsrc/intc_v3_15/src -s libs  "SHELL=CMD" "COMPILER=mb-gcc" "ASSEMBLER=mb-as" "ARCHIVER=mb-ar" "COMPILER_
TRACE::2024-11-18.22:52:40::SCWMssOS::FLAGS=  -O2 -c -mcpu=v11.0 -mlittle-endian -mno-xl-reorder -mno-xl-soft-mul -mxl-barrel-shift -mxl-pattern-compare" "EXTRA_COMP
TRACE::2024-11-18.22:52:40::SCWMssOS::ILER_FLAGS=-g -ffunction-sections -fdata-sections -Wall -Wextra -fno-tree-loop-distribute-patterns"

TRACE::2024-11-18.22:52:41::SCWMssOS::"Running Make libs in microblaze_0/libsrc/spi_v4_9/src"

TRACE::2024-11-18.22:52:41::SCWMssOS::make -C microblaze_0/libsrc/spi_v4_9/src -s libs  "SHELL=CMD" "COMPILER=mb-gcc" "ASSEMBLER=mb-as" "ARCHIVER=mb-ar" "COMPILER_FL
TRACE::2024-11-18.22:52:41::SCWMssOS::AGS=  -O2 -c -mcpu=v11.0 -mlittle-endian -mno-xl-reorder -mno-xl-soft-mul -mxl-barrel-shift -mxl-pattern-compare" "EXTRA_COMPIL
TRACE::2024-11-18.22:52:41::SCWMssOS::ER_FLAGS=-g -ffunction-sections -fdata-sections -Wall -Wextra -fno-tree-loop-distribute-patterns"

TRACE::2024-11-18.22:52:41::SCWMssOS::"Running Make libs in microblaze_0/libsrc/standalone_v8_0/src"

TRACE::2024-11-18.22:52:41::SCWMssOS::make -C microblaze_0/libsrc/standalone_v8_0/src -s libs  "SHELL=CMD" "COMPILER=mb-gcc" "ASSEMBLER=mb-as" "ARCHIVER=mb-ar" "COMP
TRACE::2024-11-18.22:52:41::SCWMssOS::ILER_FLAGS=  -O2 -c -mcpu=v11.0 -mlittle-endian -mno-xl-reorder -mno-xl-soft-mul -mxl-barrel-shift -mxl-pattern-compare" "EXTRA
TRACE::2024-11-18.22:52:41::SCWMssOS::_COMPILER_FLAGS=-g -ffunction-sections -fdata-sections -Wall -Wextra -fno-tree-loop-distribute-patterns"

TRACE::2024-11-18.22:52:41::SCWMssOS::"Running Make libs in microblaze_0/libsrc/tmrctr_v4_9/src"

TRACE::2024-11-18.22:52:41::SCWMssOS::make -C microblaze_0/libsrc/tmrctr_v4_9/src -s libs  "SHELL=CMD" "COMPILER=mb-gcc" "ASSEMBLER=mb-as" "ARCHIVER=mb-ar" "COMPILER
TRACE::2024-11-18.22:52:41::SCWMssOS::_FLAGS=  -O2 -c -mcpu=v11.0 -mlittle-endian -mno-xl-reorder -mno-xl-soft-mul -mxl-barrel-shift -mxl-pattern-compare" "EXTRA_COM
TRACE::2024-11-18.22:52:41::SCWMssOS::PILER_FLAGS=-g -ffunction-sections -fdata-sections -Wall -Wextra -fno-tree-loop-distribute-patterns"

TRACE::2024-11-18.22:52:41::SCWMssOS::"Running Make libs in microblaze_0/libsrc/uartlite_v3_7/src"

TRACE::2024-11-18.22:52:41::SCWMssOS::make -C microblaze_0/libsrc/uartlite_v3_7/src -s libs  "SHELL=CMD" "COMPILER=mb-gcc" "ASSEMBLER=mb-as" "ARCHIVER=mb-ar" "COMPIL
TRACE::2024-11-18.22:52:41::SCWMssOS::ER_FLAGS=  -O2 -c -mcpu=v11.0 -mlittle-endian -mno-xl-reorder -mno-xl-soft-mul -mxl-barrel-shift -mxl-pattern-compare" "EXTRA_C
TRACE::2024-11-18.22:52:41::SCWMssOS::OMPILER_FLAGS=-g -ffunction-sections -fdata-sections -Wall -Wextra -fno-tree-loop-distribute-patterns"

TRACE::2024-11-18.22:52:44::SCWMssOS::"DEBUG NON_LTO_OBJECTS is ../../../lib/microblaze_interrupt_handler.o"

TRACE::2024-11-18.22:52:44::SCWMssOS::'Finished building libraries parallelly.'

TRACE::2024-11-18.22:52:44::SCWMssOS::make --no-print-directory archive

TRACE::2024-11-18.22:52:44::SCWMssOS::mb-ar -r  microblaze_0/lib/libxil.a microblaze_0/lib/_exit.o microblaze_0/lib/errno.o microblaze_0/lib/fcntl.o microblaze_0/lib
TRACE::2024-11-18.22:52:44::SCWMssOS::/hw_exception_handler.o microblaze_0/lib/inbyte.o microblaze_0/lib/microblaze_disable_dcache.o microblaze_0/lib/microblaze_disa
TRACE::2024-11-18.22:52:44::SCWMssOS::ble_exceptions.o microblaze_0/lib/microblaze_disable_icache.o microblaze_0/lib/microblaze_disable_interrupts.o microblaze_0/lib
TRACE::2024-11-18.22:52:44::SCWMssOS::/microblaze_enable_dcache.o microblaze_0/lib/microblaze_enable_exceptions.o microblaze_0/lib/microblaze_enable_icache.o microbl
TRACE::2024-11-18.22:52:44::SCWMssOS::aze_0/lib/microblaze_enable_interrupts.o microblaze_0/lib/microblaze_exception_handler.o microblaze_0/lib/microblaze_flush_cach
TRACE::2024-11-18.22:52:44::SCWMssOS::e_ext.o microblaze_0/lib/microblaze_flush_cache_ext_range.o microblaze_0/lib/microblaze_flush_dcache.o microblaze_0/lib/microbl
TRACE::2024-11-18.22:52:44::SCWMssOS::aze_flush_dcache_range.o microblaze_0/lib/microblaze_init_dcache_range.o microblaze_0/lib/microblaze_init_icache_range.o microb
TRACE::2024-11-18.22:52:44::SCWMssOS::laze_0/lib/microblaze_interrupt_handler.o microblaze_0/lib/microblaze_interrupts_g.o microblaze_0/lib/microblaze_invalidate_cac
TRACE::2024-11-18.22:52:44::SCWMssOS::he_ext.o microblaze_0/lib/microblaze_invalidate_cache_ext_range.o microblaze_0/lib/microblaze_invalidate_dcache.o microblaze_0/
TRACE::2024-11-18.22:52:44::SCWMssOS::lib/microblaze_invalidate_dcache_range.o microblaze_0/lib/microblaze_invalidate_icache.o microblaze_0/lib/microblaze_invalidate
TRACE::2024-11-18.22:52:44::SCWMssOS::_icache_range.o microblaze_0/lib/microblaze_scrub.o microblaze_0/lib/microblaze_selftest.o microblaze_0/lib/microblaze_sleep.o 
TRACE::2024-11-18.22:52:44::SCWMssOS::microblaze_0/lib/microblaze_update_dcache.o microblaze_0/lib/microblaze_update_icache.o microblaze_0/lib/outbyte.o microblaze_0
TRACE::2024-11-18.22:52:44::SCWMssOS::/lib/print.o microblaze_0/lib/pvr.o microblaze_0/lib/xbram.o microblaze_0/lib/xbram_g.o microblaze_0/lib/xbram_intr.o microblaz
TRACE::2024-11-18.22:52:44::SCWMssOS::e_0/lib/xbram_selftest.o microblaze_0/lib/xbram_sinit.o microblaze_0/lib/xgpio.o microblaze_0/lib/xgpio_extra.o microblaze_0/li
TRACE::2024-11-18.22:52:44::SCWMssOS::b/xgpio_g.o microblaze_0/lib/xgpio_intr.o microblaze_0/lib/xgpio_selftest.o microblaze_0/lib/xgpio_sinit.o microblaze_0/lib/xil
TRACE::2024-11-18.22:52:44::SCWMssOS::_assert.o microblaze_0/lib/xil_cache.o microblaze_0/lib/xil_clocking.o microblaze_0/lib/xil_exception.o microblaze_0/lib/xil_me
TRACE::2024-11-18.22:52:44::SCWMssOS::m.o microblaze_0/lib/xil_misc_psreset_api.o microblaze_0/lib/xil_printf.o microblaze_0/lib/xil_sleepcommon.o microblaze_0/lib/x
TRACE::2024-11-18.22:52:44::SCWMssOS::il_testcache.o microblaze_0/lib/xil_testio.o microblaze_0/lib/xil_testmem.o microblaze_0/lib/xil_util.o microblaze_0/lib/xintc.
TRACE::2024-11-18.22:52:44::SCWMssOS::o microblaze_0/lib/xintc_g.o microblaze_0/lib/xintc_intr.o microblaze_0/lib/xintc_l.o microblaze_0/lib/xintc_options.o microbla
TRACE::2024-11-18.22:52:44::SCWMssOS::ze_0/lib/xintc_selftest.o microblaze_0/lib/xinterrupt_wrap.o microblaze_0/lib/xio.o microblaze_0/lib/xplatform_info.o microblaz
TRACE::2024-11-18.22:52:44::SCWMssOS::e_0/lib/xspi.o microblaze_0/lib/xspi_g.o microblaze_0/lib/xspi_options.o microblaze_0/lib/xspi_selftest.o microblaze_0/lib/xspi
TRACE::2024-11-18.22:52:44::SCWMssOS::_sinit.o microblaze_0/lib/xspi_stats.o microblaze_0/lib/xtmrctr.o microblaze_0/lib/xtmrctr_g.o microblaze_0/lib/xtmrctr_intr.o 
TRACE::2024-11-18.22:52:44::SCWMssOS::microblaze_0/lib/xtmrctr_l.o microblaze_0/lib/xtmrctr_options.o microblaze_0/lib/xtmrctr_selftest.o microblaze_0/lib/xtmrctr_si
TRACE::2024-11-18.22:52:44::SCWMssOS::nit.o microblaze_0/lib/xtmrctr_stats.o microblaze_0/lib/xuartlite.o microblaze_0/lib/xuartlite_g.o microblaze_0/lib/xuartlite_i
TRACE::2024-11-18.22:52:44::SCWMssOS::ntr.o microblaze_0/lib/xuartlite_l.o microblaze_0/lib/xuartlite_selftest.o microblaze_0/lib/xuartlite_sinit.o microblaze_0/lib/
TRACE::2024-11-18.22:52:44::SCWMssOS::xuartlite_stats.o

TRACE::2024-11-18.22:52:45::SCWMssOS::'Finished building libraries'

TRACE::2024-11-18.22:52:45::SCWMssOS::Copying to export directory.
TRACE::2024-11-18.22:52:45::SCWMssOS:: Checking if to create the Supporting Applications
TRACE::2024-11-18.22:52:45::SCWMssOS:: No Linux domain exists, trying to generate FSBL 
LOG::2024-11-18.22:52:45::SCWSystem::Completed Processing the domain standalone_microblaze_0
LOG::2024-11-18.22:52:45::SCWSystem::Completed Processing the sysconfig mb_usb_hdmi_top
LOG::2024-11-18.22:52:45::SCWPlatform::Completed generating the artifacts for system configuration mb_usb_hdmi_top
TRACE::2024-11-18.22:52:45::SCWPlatform::Started preparing the platform 
TRACE::2024-11-18.22:52:45::SCWSystem::Writing the bif file for system config mb_usb_hdmi_top
TRACE::2024-11-18.22:52:45::SCWSystem::dir created 
TRACE::2024-11-18.22:52:45::SCWSystem::Writing the bif 
TRACE::2024-11-18.22:52:45::SCWPlatform::Started writing the spfm file 
TRACE::2024-11-18.22:52:45::SCWPlatform::Started writing the xpfm file 
TRACE::2024-11-18.22:52:45::SCWPlatform::Completed generating the platform
TRACE::2024-11-18.22:52:45::SCWMssOS::Saving the mss changes C:/Users/kb40/Desktop/ECE385/labb6/final_proj_sdk/mb_usb_hdmi_top/microblaze_0/standalone_microblaze_0/bsp/system.mss
TRACE::2024-11-18.22:52:45::SCWMssOS::Found a swdesign opened with the mssfile.
TRACE::2024-11-18.22:52:45::SCWMssOS::Completed writemss as part of save.
TRACE::2024-11-18.22:52:45::SCWMssOS::Commit changes completed.
TRACE::2024-11-18.22:52:45::SCWPlatform::Trying to open the hw design at C:/Users/kb40/Desktop/ECE385/labb6/final_proj_sdk/mb_usb_hdmi_top/hw/mb_usb_hdmi_top.xsa
TRACE::2024-11-18.22:52:45::SCWPlatform::DSA given C:/Users/kb40/Desktop/ECE385/labb6/final_proj_sdk/mb_usb_hdmi_top/hw/mb_usb_hdmi_top.xsa
TRACE::2024-11-18.22:52:45::SCWPlatform::DSA absoulate path C:/Users/kb40/Desktop/ECE385/labb6/final_proj_sdk/mb_usb_hdmi_top/hw/mb_usb_hdmi_top.xsa
TRACE::2024-11-18.22:52:45::SCWPlatform::DSA directory C:/Users/kb40/Desktop/ECE385/labb6/final_proj_sdk/mb_usb_hdmi_top/hw
TRACE::2024-11-18.22:52:45::SCWPlatform:: Platform Path C:/Users/kb40/Desktop/ECE385/labb6/final_proj_sdk/mb_usb_hdmi_top/hw/mb_usb_hdmi_top.xsa
TRACE::2024-11-18.22:52:45::SCWPlatform:: Unique name xilinx:::0.0
TRACE::2024-11-18.22:52:45::SCWPlatform::Trying to set the existing hwdb with name mb_usb_hdmi_top_0
TRACE::2024-11-18.22:52:45::SCWPlatform::Opened existing hwdb mb_usb_hdmi_top_0
TRACE::2024-11-18.22:52:45::SCWPlatform::Found the Hw Db part of the input DSA
TRACE::2024-11-18.22:52:45::SCWMssOS::Checking the sw design at  C:/Users/kb40/Desktop/ECE385/labb6/final_proj_sdk/mb_usb_hdmi_top/microblaze_0/standalone_microblaze_0/bsp/system.mss
TRACE::2024-11-18.22:52:45::SCWMssOS::DEBUG:  swdes dump  C:/Users/kb40/Desktop/ECE385/labb6/final_proj_sdk/mb_usb_hdmi_top/microblaze_0/standalone_microblaze_0/bsp/system.mss|system||

TRACE::2024-11-18.22:52:45::SCWMssOS::Sw design exists and opened at  C:/Users/kb40/Desktop/ECE385/labb6/final_proj_sdk/mb_usb_hdmi_top/microblaze_0/standalone_microblaze_0/bsp/system.mss
TRACE::2024-11-18.22:52:45::SCWPlatform::Trying to open the hw design at C:/Users/kb40/Desktop/ECE385/labb6/final_proj_sdk/mb_usb_hdmi_top/hw/mb_usb_hdmi_top.xsa
TRACE::2024-11-18.22:52:45::SCWPlatform::DSA given C:/Users/kb40/Desktop/ECE385/labb6/final_proj_sdk/mb_usb_hdmi_top/hw/mb_usb_hdmi_top.xsa
TRACE::2024-11-18.22:52:45::SCWPlatform::DSA absoulate path C:/Users/kb40/Desktop/ECE385/labb6/final_proj_sdk/mb_usb_hdmi_top/hw/mb_usb_hdmi_top.xsa
TRACE::2024-11-18.22:52:45::SCWPlatform::DSA directory C:/Users/kb40/Desktop/ECE385/labb6/final_proj_sdk/mb_usb_hdmi_top/hw
TRACE::2024-11-18.22:52:45::SCWPlatform:: Platform Path C:/Users/kb40/Desktop/ECE385/labb6/final_proj_sdk/mb_usb_hdmi_top/hw/mb_usb_hdmi_top.xsa
TRACE::2024-11-18.22:52:45::SCWPlatform:: Unique name xilinx:::0.0
TRACE::2024-11-18.22:52:45::SCWPlatform::Trying to set the existing hwdb with name mb_usb_hdmi_top_0
TRACE::2024-11-18.22:52:45::SCWPlatform::Opened existing hwdb mb_usb_hdmi_top_0
TRACE::2024-11-18.22:52:45::SCWPlatform::Found the Hw Db part of the input DSA
TRACE::2024-11-18.22:52:45::SCWMssOS::Checking the sw design at  C:/Users/kb40/Desktop/ECE385/labb6/final_proj_sdk/mb_usb_hdmi_top/microblaze_0/standalone_microblaze_0/bsp/system.mss
TRACE::2024-11-18.22:52:45::SCWMssOS::DEBUG:  swdes dump  C:/Users/kb40/Desktop/ECE385/labb6/final_proj_sdk/mb_usb_hdmi_top/microblaze_0/standalone_microblaze_0/bsp/system.mss|system||

TRACE::2024-11-18.22:52:45::SCWMssOS::Sw design exists and opened at  C:/Users/kb40/Desktop/ECE385/labb6/final_proj_sdk/mb_usb_hdmi_top/microblaze_0/standalone_microblaze_0/bsp/system.mss
TRACE::2024-11-18.22:52:45::SCWPlatform::Trying to open the hw design at C:/Users/kb40/Desktop/ECE385/labb6/final_proj_sdk/mb_usb_hdmi_top/hw/mb_usb_hdmi_top.xsa
TRACE::2024-11-18.22:52:45::SCWPlatform::DSA given C:/Users/kb40/Desktop/ECE385/labb6/final_proj_sdk/mb_usb_hdmi_top/hw/mb_usb_hdmi_top.xsa
TRACE::2024-11-18.22:52:45::SCWPlatform::DSA absoulate path C:/Users/kb40/Desktop/ECE385/labb6/final_proj_sdk/mb_usb_hdmi_top/hw/mb_usb_hdmi_top.xsa
TRACE::2024-11-18.22:52:45::SCWPlatform::DSA directory C:/Users/kb40/Desktop/ECE385/labb6/final_proj_sdk/mb_usb_hdmi_top/hw
TRACE::2024-11-18.22:52:45::SCWPlatform:: Platform Path C:/Users/kb40/Desktop/ECE385/labb6/final_proj_sdk/mb_usb_hdmi_top/hw/mb_usb_hdmi_top.xsa
TRACE::2024-11-18.22:52:45::SCWPlatform:: Unique name xilinx:::0.0
TRACE::2024-11-18.22:52:45::SCWPlatform::Trying to set the existing hwdb with name mb_usb_hdmi_top_0
TRACE::2024-11-18.22:52:45::SCWPlatform::Opened existing hwdb mb_usb_hdmi_top_0
TRACE::2024-11-18.22:52:45::SCWPlatform::Found the Hw Db part of the input DSA
TRACE::2024-11-18.22:52:45::SCWMssOS::Checking the sw design at  C:/Users/kb40/Desktop/ECE385/labb6/final_proj_sdk/mb_usb_hdmi_top/microblaze_0/standalone_microblaze_0/bsp/system.mss
TRACE::2024-11-18.22:52:45::SCWMssOS::DEBUG:  swdes dump  C:/Users/kb40/Desktop/ECE385/labb6/final_proj_sdk/mb_usb_hdmi_top/microblaze_0/standalone_microblaze_0/bsp/system.mss|system||

TRACE::2024-11-18.22:52:45::SCWMssOS::Sw design exists and opened at  C:/Users/kb40/Desktop/ECE385/labb6/final_proj_sdk/mb_usb_hdmi_top/microblaze_0/standalone_microblaze_0/bsp/system.mss
TRACE::2024-11-18.22:52:45::SCWWriter::formatted JSON is {
	"platformName":	"mb_usb_hdmi_top",
	"sprVersion":	"2.0",
	"mode":	"gui",
	"dsaType":	"Fixed",
	"platformDesc":	"mb_usb_hdmi_top",
	"platHandOff":	"C:/Users/kb40/Desktop/ECE385/labb6/mb_usb_hdmi_top.xsa",
	"platIntHandOff":	"<platformDir>/hw/mb_usb_hdmi_top.xsa",
	"deviceType":	"FPGA",
	"platIsPrebuiltAutogen":	"false",
	"platIsNoBootBsp":	"false",
	"hasFsblMakeHasChanges":	"false",
	"hasPmufwMakeHasChanges":	"false",
	"platPreBuiltFlag":	false,
	"platformSamplesDir":	"",
	"platActiveSys":	"mb_usb_hdmi_top",
	"systems":	[{
			"systemName":	"mb_usb_hdmi_top",
			"systemDesc":	"mb_usb_hdmi_top",
			"sysIsBootAutoGen":	"true",
			"systemDispName":	"mb_usb_hdmi_top",
			"sysActiveDom":	"standalone_microblaze_0",
			"sysDefaultDom":	"standalone_microblaze_0",
			"domains":	[{
					"domainName":	"standalone_microblaze_0",
					"domainDispName":	"standalone_microblaze_0",
					"domainDesc":	"standalone_microblaze_0",
					"processors":	"microblaze_0",
					"os":	"standalone",
					"sdxOs":	"standalone",
					"debugEnable":	"False",
					"domRuntimes":	["cpp"],
					"swRepo":	"",
					"mssOsVer":	"8.0",
					"mssFile":	"",
					"md5Digest":	"304529987e879521ca977c68d163f362",
					"compatibleApp":	"hello_world",
					"domType":	"mssDomain",
					"arch":	"32-bit",
					"appSettings":	{
						"appCompilerFlags":	"",
						"appLinkerFlags":	""
					},
					"addedLibs":	[],
					"libOptions":	{
						"libsContainingOptions":	[]
					},
					"prebuiltLibs":	{
						"prebuiltIncPath":	[],
						"prebuiltLibPath":	[]
					},
					"isolation":	{
					}
				}]
		}]
}
KEYINFO::2024-11-18.22:52:45::SCWPlatform::updated the xpfm file.
TRACE::2024-11-18.22:52:46::SCWPlatform::Trying to open the hw design at C:/Users/kb40/Desktop/ECE385/labb6/final_proj_sdk/mb_usb_hdmi_top/hw/mb_usb_hdmi_top.xsa
TRACE::2024-11-18.22:52:46::SCWPlatform::DSA given C:/Users/kb40/Desktop/ECE385/labb6/final_proj_sdk/mb_usb_hdmi_top/hw/mb_usb_hdmi_top.xsa
TRACE::2024-11-18.22:52:46::SCWPlatform::DSA absoulate path C:/Users/kb40/Desktop/ECE385/labb6/final_proj_sdk/mb_usb_hdmi_top/hw/mb_usb_hdmi_top.xsa
TRACE::2024-11-18.22:52:46::SCWPlatform::DSA directory C:/Users/kb40/Desktop/ECE385/labb6/final_proj_sdk/mb_usb_hdmi_top/hw
TRACE::2024-11-18.22:52:46::SCWPlatform:: Platform Path C:/Users/kb40/Desktop/ECE385/labb6/final_proj_sdk/mb_usb_hdmi_top/hw/mb_usb_hdmi_top.xsa
TRACE::2024-11-18.22:52:46::SCWPlatform:: Unique name xilinx:::0.0
TRACE::2024-11-18.22:52:46::SCWPlatform::Trying to set the existing hwdb with name mb_usb_hdmi_top_0
TRACE::2024-11-18.22:52:46::SCWPlatform::Opened existing hwdb mb_usb_hdmi_top_0
TRACE::2024-11-18.22:52:46::SCWPlatform::Found the Hw Db part of the input DSA
TRACE::2024-11-18.22:52:46::SCWMssOS::Checking the sw design at  C:/Users/kb40/Desktop/ECE385/labb6/final_proj_sdk/mb_usb_hdmi_top/microblaze_0/standalone_microblaze_0/bsp/system.mss
TRACE::2024-11-18.22:52:46::SCWMssOS::DEBUG:  swdes dump  C:/Users/kb40/Desktop/ECE385/labb6/final_proj_sdk/mb_usb_hdmi_top/microblaze_0/standalone_microblaze_0/bsp/system.mss|system||

TRACE::2024-11-18.22:52:46::SCWMssOS::Sw design exists and opened at  C:/Users/kb40/Desktop/ECE385/labb6/final_proj_sdk/mb_usb_hdmi_top/microblaze_0/standalone_microblaze_0/bsp/system.mss
TRACE::2024-11-18.22:57:57::SCWPlatform::Clearing the existing platform
TRACE::2024-11-18.22:57:57::SCWSystem::Clearing the existing sysconfig
TRACE::2024-11-18.22:57:57::SCWMssOS::Removing the swdes entry for  C:/Users/kb40/Desktop/ECE385/labb6/final_proj_sdk/mb_usb_hdmi_top/microblaze_0/standalone_microblaze_0/bsp/system.mss
TRACE::2024-11-18.22:57:57::SCWSystem::Clearing the domains completed.
TRACE::2024-11-18.22:57:57::SCWPlatform::Clearing the opened hw db.
TRACE::2024-11-18.22:57:57::SCWPlatform::DSA given C:/Users/kb40/Desktop/ECE385/labb6/final_proj_sdk/mb_usb_hdmi_top/hw/mb_usb_hdmi_top.xsa
TRACE::2024-11-18.22:57:57::SCWPlatform::DSA absoulate path C:/Users/kb40/Desktop/ECE385/labb6/final_proj_sdk/mb_usb_hdmi_top/hw/mb_usb_hdmi_top.xsa
TRACE::2024-11-18.22:57:57::SCWPlatform:: Platform location is C:/Users/kb40/Desktop/ECE385/labb6/final_proj_sdk/mb_usb_hdmi_top/hw
TRACE::2024-11-18.22:57:57::SCWPlatform:: Platform Path C:/Users/kb40/Desktop/ECE385/labb6/final_proj_sdk/mb_usb_hdmi_top/hw/mb_usb_hdmi_top.xsa
TRACE::2024-11-18.22:57:57::SCWPlatform:: Unique name xilinx:::0.0
TRACE::2024-11-18.22:57:57::SCWPlatform::Removing the HwDB with name C:/Users/kb40/Desktop/ECE385/labb6/final_proj_sdk/mb_usb_hdmi_top/hw/mb_usb_hdmi_top.xsa
TRACE::2024-11-18.22:57:57::SCWPlatform::Trying to open the hw design at C:/Users/kb40/Desktop/ECE385/labb6/final_proj_sdk/mb_usb_hdmi_top/hw/mb_usb_hdmi_top.xsa
TRACE::2024-11-18.22:57:57::SCWPlatform::DSA given C:/Users/kb40/Desktop/ECE385/labb6/final_proj_sdk/mb_usb_hdmi_top/hw/mb_usb_hdmi_top.xsa
TRACE::2024-11-18.22:57:57::SCWPlatform::DSA absoulate path C:/Users/kb40/Desktop/ECE385/labb6/final_proj_sdk/mb_usb_hdmi_top/hw/mb_usb_hdmi_top.xsa
TRACE::2024-11-18.22:57:57::SCWPlatform::DSA directory C:/Users/kb40/Desktop/ECE385/labb6/final_proj_sdk/mb_usb_hdmi_top/hw
TRACE::2024-11-18.22:57:57::SCWPlatform:: Platform Path C:/Users/kb40/Desktop/ECE385/labb6/final_proj_sdk/mb_usb_hdmi_top/hw/mb_usb_hdmi_top.xsa
TRACE::2024-11-18.22:57:57::SCWPlatform:: Unique name xilinx:::0.0
TRACE::2024-11-18.22:57:57::SCWPlatform::Do not have an existing db opened. 
TRACE::2024-11-18.22:57:58::SCWPlatform::Opened new HwDB with name mb_usb_hdmi_top_2
TRACE::2024-11-18.22:57:58::SCWReader::Active system found as  mb_usb_hdmi_top
TRACE::2024-11-18.22:57:58::SCWReader::Handling sysconfig mb_usb_hdmi_top
TRACE::2024-11-18.22:57:58::SCWDomain::checking for install qemu data   : 
TRACE::2024-11-18.22:57:58::SCWPlatform::Trying to open the hw design at C:/Users/kb40/Desktop/ECE385/labb6/final_proj_sdk/mb_usb_hdmi_top/hw/mb_usb_hdmi_top.xsa
TRACE::2024-11-18.22:57:58::SCWPlatform::DSA given C:/Users/kb40/Desktop/ECE385/labb6/final_proj_sdk/mb_usb_hdmi_top/hw/mb_usb_hdmi_top.xsa
TRACE::2024-11-18.22:57:58::SCWPlatform::DSA absoulate path C:/Users/kb40/Desktop/ECE385/labb6/final_proj_sdk/mb_usb_hdmi_top/hw/mb_usb_hdmi_top.xsa
TRACE::2024-11-18.22:57:58::SCWPlatform::DSA directory C:/Users/kb40/Desktop/ECE385/labb6/final_proj_sdk/mb_usb_hdmi_top/hw
TRACE::2024-11-18.22:57:58::SCWPlatform:: Platform Path C:/Users/kb40/Desktop/ECE385/labb6/final_proj_sdk/mb_usb_hdmi_top/hw/mb_usb_hdmi_top.xsa
TRACE::2024-11-18.22:57:58::SCWPlatform:: Unique name xilinx:::0.0
TRACE::2024-11-18.22:57:58::SCWPlatform::Trying to set the existing hwdb with name mb_usb_hdmi_top_2
TRACE::2024-11-18.22:57:58::SCWPlatform::Opened existing hwdb mb_usb_hdmi_top_2
TRACE::2024-11-18.22:57:58::SCWPlatform::Found the Hw Db part of the input DSA
TRACE::2024-11-18.22:57:58::SCWPlatform::Trying to open the hw design at C:/Users/kb40/Desktop/ECE385/labb6/final_proj_sdk/mb_usb_hdmi_top/hw/mb_usb_hdmi_top.xsa
TRACE::2024-11-18.22:57:58::SCWPlatform::DSA given C:/Users/kb40/Desktop/ECE385/labb6/final_proj_sdk/mb_usb_hdmi_top/hw/mb_usb_hdmi_top.xsa
TRACE::2024-11-18.22:57:58::SCWPlatform::DSA absoulate path C:/Users/kb40/Desktop/ECE385/labb6/final_proj_sdk/mb_usb_hdmi_top/hw/mb_usb_hdmi_top.xsa
TRACE::2024-11-18.22:57:58::SCWPlatform::DSA directory C:/Users/kb40/Desktop/ECE385/labb6/final_proj_sdk/mb_usb_hdmi_top/hw
TRACE::2024-11-18.22:57:58::SCWPlatform:: Platform Path C:/Users/kb40/Desktop/ECE385/labb6/final_proj_sdk/mb_usb_hdmi_top/hw/mb_usb_hdmi_top.xsa
TRACE::2024-11-18.22:57:58::SCWPlatform:: Unique name xilinx:::0.0
TRACE::2024-11-18.22:57:58::SCWPlatform::Trying to set the existing hwdb with name mb_usb_hdmi_top_2
TRACE::2024-11-18.22:57:58::SCWPlatform::Opened existing hwdb mb_usb_hdmi_top_2
TRACE::2024-11-18.22:57:58::SCWPlatform::Found the Hw Db part of the input DSA
TRACE::2024-11-18.22:57:58::SCWPlatform::Trying to open the hw design at C:/Users/kb40/Desktop/ECE385/labb6/final_proj_sdk/mb_usb_hdmi_top/hw/mb_usb_hdmi_top.xsa
TRACE::2024-11-18.22:57:58::SCWPlatform::DSA given C:/Users/kb40/Desktop/ECE385/labb6/final_proj_sdk/mb_usb_hdmi_top/hw/mb_usb_hdmi_top.xsa
TRACE::2024-11-18.22:57:58::SCWPlatform::DSA absoulate path C:/Users/kb40/Desktop/ECE385/labb6/final_proj_sdk/mb_usb_hdmi_top/hw/mb_usb_hdmi_top.xsa
TRACE::2024-11-18.22:57:58::SCWPlatform::DSA directory C:/Users/kb40/Desktop/ECE385/labb6/final_proj_sdk/mb_usb_hdmi_top/hw
TRACE::2024-11-18.22:57:58::SCWPlatform:: Platform Path C:/Users/kb40/Desktop/ECE385/labb6/final_proj_sdk/mb_usb_hdmi_top/hw/mb_usb_hdmi_top.xsa
TRACE::2024-11-18.22:57:58::SCWPlatform:: Unique name xilinx:::0.0
TRACE::2024-11-18.22:57:58::SCWPlatform::Trying to set the existing hwdb with name mb_usb_hdmi_top_2
TRACE::2024-11-18.22:57:58::SCWPlatform::Opened existing hwdb mb_usb_hdmi_top_2
TRACE::2024-11-18.22:57:58::SCWPlatform::Found the Hw Db part of the input DSA
TRACE::2024-11-18.22:57:58::SCWPlatform::Trying to open the hw design at C:/Users/kb40/Desktop/ECE385/labb6/final_proj_sdk/mb_usb_hdmi_top/hw/mb_usb_hdmi_top.xsa
TRACE::2024-11-18.22:57:58::SCWPlatform::DSA given C:/Users/kb40/Desktop/ECE385/labb6/final_proj_sdk/mb_usb_hdmi_top/hw/mb_usb_hdmi_top.xsa
TRACE::2024-11-18.22:57:58::SCWPlatform::DSA absoulate path C:/Users/kb40/Desktop/ECE385/labb6/final_proj_sdk/mb_usb_hdmi_top/hw/mb_usb_hdmi_top.xsa
TRACE::2024-11-18.22:57:58::SCWPlatform::DSA directory C:/Users/kb40/Desktop/ECE385/labb6/final_proj_sdk/mb_usb_hdmi_top/hw
TRACE::2024-11-18.22:57:58::SCWPlatform:: Platform Path C:/Users/kb40/Desktop/ECE385/labb6/final_proj_sdk/mb_usb_hdmi_top/hw/mb_usb_hdmi_top.xsa
TRACE::2024-11-18.22:57:58::SCWPlatform:: Unique name xilinx:::0.0
TRACE::2024-11-18.22:57:58::SCWPlatform::Trying to set the existing hwdb with name mb_usb_hdmi_top_2
TRACE::2024-11-18.22:57:58::SCWPlatform::Opened existing hwdb mb_usb_hdmi_top_2
TRACE::2024-11-18.22:57:58::SCWPlatform::Found the Hw Db part of the input DSA
TRACE::2024-11-18.22:57:58::SCWMssOS::Checking the sw design at  C:/Users/kb40/Desktop/ECE385/labb6/final_proj_sdk/mb_usb_hdmi_top/microblaze_0/standalone_microblaze_0/bsp/system.mss
TRACE::2024-11-18.22:57:58::SCWMssOS::DEBUG:  swdes dump  
TRACE::2024-11-18.22:57:58::SCWMssOS::No sw design opened at  C:/Users/kb40/Desktop/ECE385/labb6/final_proj_sdk/mb_usb_hdmi_top/microblaze_0/standalone_microblaze_0/bsp/system.mss
TRACE::2024-11-18.22:57:58::SCWMssOS::mss exists loading the mss file  C:/Users/kb40/Desktop/ECE385/labb6/final_proj_sdk/mb_usb_hdmi_top/microblaze_0/standalone_microblaze_0/bsp/system.mss
TRACE::2024-11-18.22:57:58::SCWMssOS::Opened the sw design from mss  C:/Users/kb40/Desktop/ECE385/labb6/final_proj_sdk/mb_usb_hdmi_top/microblaze_0/standalone_microblaze_0/bsp/system.mss
TRACE::2024-11-18.22:57:58::SCWMssOS::Adding the swdes entry C:/Users/kb40/Desktop/ECE385/labb6/final_proj_sdk/mb_usb_hdmi_top/microblaze_0/standalone_microblaze_0/bsp/system.mss with des name system
TRACE::2024-11-18.22:57:58::SCWMssOS::updating the scw layer about changes
TRACE::2024-11-18.22:57:58::SCWMssOS::Opened the sw design.  C:/Users/kb40/Desktop/ECE385/labb6/final_proj_sdk/mb_usb_hdmi_top/microblaze_0/standalone_microblaze_0/bsp/system.mss
TRACE::2024-11-18.22:57:58::SCWMssOS::Saving the mss changes C:/Users/kb40/Desktop/ECE385/labb6/final_proj_sdk/mb_usb_hdmi_top/microblaze_0/standalone_microblaze_0/bsp/system.mss
TRACE::2024-11-18.22:57:58::SCWMssOS::Found a swdesign opened with the mssfile.
TRACE::2024-11-18.22:57:58::SCWMssOS::Completed writemss as part of save.
TRACE::2024-11-18.22:57:58::SCWMssOS::Commit changes completed.
TRACE::2024-11-18.22:57:58::SCWReader::Adding prebuilt librarypaths as   
TRACE::2024-11-18.22:57:58::SCWReader::Adding prebuilt incpaths  as   
TRACE::2024-11-18.22:57:58::SCWPlatform::Trying to open the hw design at C:/Users/kb40/Desktop/ECE385/labb6/final_proj_sdk/mb_usb_hdmi_top/hw/mb_usb_hdmi_top.xsa
TRACE::2024-11-18.22:57:58::SCWPlatform::DSA given C:/Users/kb40/Desktop/ECE385/labb6/final_proj_sdk/mb_usb_hdmi_top/hw/mb_usb_hdmi_top.xsa
TRACE::2024-11-18.22:57:58::SCWPlatform::DSA absoulate path C:/Users/kb40/Desktop/ECE385/labb6/final_proj_sdk/mb_usb_hdmi_top/hw/mb_usb_hdmi_top.xsa
TRACE::2024-11-18.22:57:58::SCWPlatform::DSA directory C:/Users/kb40/Desktop/ECE385/labb6/final_proj_sdk/mb_usb_hdmi_top/hw
TRACE::2024-11-18.22:57:58::SCWPlatform:: Platform Path C:/Users/kb40/Desktop/ECE385/labb6/final_proj_sdk/mb_usb_hdmi_top/hw/mb_usb_hdmi_top.xsa
TRACE::2024-11-18.22:57:58::SCWPlatform:: Unique name xilinx:::0.0
TRACE::2024-11-18.22:57:58::SCWPlatform::Trying to set the existing hwdb with name mb_usb_hdmi_top_2
TRACE::2024-11-18.22:57:58::SCWPlatform::Opened existing hwdb mb_usb_hdmi_top_2
TRACE::2024-11-18.22:57:58::SCWPlatform::Found the Hw Db part of the input DSA
TRACE::2024-11-18.22:57:58::SCWMssOS::Checking the sw design at  C:/Users/kb40/Desktop/ECE385/labb6/final_proj_sdk/mb_usb_hdmi_top/microblaze_0/standalone_microblaze_0/bsp/system.mss
TRACE::2024-11-18.22:57:58::SCWMssOS::DEBUG:  swdes dump  C:/Users/kb40/Desktop/ECE385/labb6/final_proj_sdk/mb_usb_hdmi_top/microblaze_0/standalone_microblaze_0/bsp/system.mss|system||

TRACE::2024-11-18.22:57:58::SCWMssOS::Sw design exists and opened at  C:/Users/kb40/Desktop/ECE385/labb6/final_proj_sdk/mb_usb_hdmi_top/microblaze_0/standalone_microblaze_0/bsp/system.mss
TRACE::2024-11-18.22:57:58::SCWReader::No isolation master present  
TRACE::2024-11-18.22:58:08::SCWPlatform::DSA given C:/Users/kb40/Desktop/ECE385/labb6/final_proj_sdk/mb_usb_hdmi_top/tempdsa/final_top.xsa
TRACE::2024-11-18.22:58:08::SCWPlatform::DSA absoulate path C:/Users/kb40/Desktop/ECE385/labb6/final_proj_sdk/mb_usb_hdmi_top/tempdsa/final_top.xsa
TRACE::2024-11-18.22:58:08::SCWPlatform:: Platform location is C:/Users/kb40/Desktop/ECE385/labb6/final_proj_sdk/mb_usb_hdmi_top/tempdsa
TRACE::2024-11-18.22:58:08::SCWPlatform:: Platform Path C:/Users/kb40/Desktop/ECE385/labb6/final_proj_sdk/mb_usb_hdmi_top/tempdsa/final_top.xsa
TRACE::2024-11-18.22:58:08::SCWPlatform:: Unique name xilinx:::0.0
TRACE::2024-11-18.22:58:08::SCWPlatform::Found the Hw Db part of the input DSA
TRACE::2024-11-18.22:58:08::SCWMssOS::Doing hw sync for the mss in domain: standalone_microblaze_0
TRACE::2024-11-18.22:58:08::SCWPlatform::Trying to open the hw design at C:/Users/kb40/Desktop/ECE385/labb6/final_proj_sdk/mb_usb_hdmi_top/hw/mb_usb_hdmi_top.xsa
TRACE::2024-11-18.22:58:08::SCWPlatform::DSA given C:/Users/kb40/Desktop/ECE385/labb6/final_proj_sdk/mb_usb_hdmi_top/hw/mb_usb_hdmi_top.xsa
TRACE::2024-11-18.22:58:08::SCWPlatform::DSA absoulate path C:/Users/kb40/Desktop/ECE385/labb6/final_proj_sdk/mb_usb_hdmi_top/hw/mb_usb_hdmi_top.xsa
TRACE::2024-11-18.22:58:08::SCWPlatform::DSA directory C:/Users/kb40/Desktop/ECE385/labb6/final_proj_sdk/mb_usb_hdmi_top/hw
TRACE::2024-11-18.22:58:08::SCWPlatform:: Platform Path C:/Users/kb40/Desktop/ECE385/labb6/final_proj_sdk/mb_usb_hdmi_top/hw/mb_usb_hdmi_top.xsa
TRACE::2024-11-18.22:58:08::SCWPlatform:: Unique name xilinx:::0.0
TRACE::2024-11-18.22:58:08::SCWPlatform::Trying to set the existing hwdb with name mb_usb_hdmi_top_2
TRACE::2024-11-18.22:58:08::SCWPlatform::Opened existing hwdb mb_usb_hdmi_top_2
TRACE::2024-11-18.22:58:08::SCWPlatform::Found the Hw Db part of the input DSA
TRACE::2024-11-18.22:58:08::SCWPlatform::Trying to open the hw design at C:/Users/kb40/Desktop/ECE385/labb6/final_proj_sdk/mb_usb_hdmi_top/hw/mb_usb_hdmi_top.xsa
TRACE::2024-11-18.22:58:08::SCWPlatform::DSA given C:/Users/kb40/Desktop/ECE385/labb6/final_proj_sdk/mb_usb_hdmi_top/hw/mb_usb_hdmi_top.xsa
TRACE::2024-11-18.22:58:08::SCWPlatform::DSA absoulate path C:/Users/kb40/Desktop/ECE385/labb6/final_proj_sdk/mb_usb_hdmi_top/hw/mb_usb_hdmi_top.xsa
TRACE::2024-11-18.22:58:08::SCWPlatform::DSA directory C:/Users/kb40/Desktop/ECE385/labb6/final_proj_sdk/mb_usb_hdmi_top/hw
TRACE::2024-11-18.22:58:08::SCWPlatform:: Platform Path C:/Users/kb40/Desktop/ECE385/labb6/final_proj_sdk/mb_usb_hdmi_top/hw/mb_usb_hdmi_top.xsa
TRACE::2024-11-18.22:58:08::SCWPlatform:: Unique name xilinx:::0.0
TRACE::2024-11-18.22:58:08::SCWPlatform::Trying to set the existing hwdb with name mb_usb_hdmi_top_2
TRACE::2024-11-18.22:58:08::SCWPlatform::Opened existing hwdb mb_usb_hdmi_top_2
TRACE::2024-11-18.22:58:08::SCWPlatform::Found the Hw Db part of the input DSA
TRACE::2024-11-18.22:58:08::SCWMssOS::Checking the sw design at  C:/Users/kb40/Desktop/ECE385/labb6/final_proj_sdk/mb_usb_hdmi_top/microblaze_0/standalone_microblaze_0/bsp/system.mss
TRACE::2024-11-18.22:58:08::SCWMssOS::DEBUG:  swdes dump  C:/Users/kb40/Desktop/ECE385/labb6/final_proj_sdk/mb_usb_hdmi_top/microblaze_0/standalone_microblaze_0/bsp/system.mss|system||

TRACE::2024-11-18.22:58:08::SCWMssOS::Sw design exists and opened at  C:/Users/kb40/Desktop/ECE385/labb6/final_proj_sdk/mb_usb_hdmi_top/microblaze_0/standalone_microblaze_0/bsp/system.mss
TRACE::2024-11-18.22:58:08::SCWPlatform::Trying to open the hw design at C:/Users/kb40/Desktop/ECE385/labb6/final_proj_sdk/mb_usb_hdmi_top/tempdsa/final_top.xsa
TRACE::2024-11-18.22:58:08::SCWPlatform::DSA given C:/Users/kb40/Desktop/ECE385/labb6/final_proj_sdk/mb_usb_hdmi_top/tempdsa/final_top.xsa
TRACE::2024-11-18.22:58:08::SCWPlatform::DSA absoulate path C:/Users/kb40/Desktop/ECE385/labb6/final_proj_sdk/mb_usb_hdmi_top/tempdsa/final_top.xsa
TRACE::2024-11-18.22:58:08::SCWPlatform::DSA directory C:/Users/kb40/Desktop/ECE385/labb6/final_proj_sdk/mb_usb_hdmi_top/tempdsa
TRACE::2024-11-18.22:58:08::SCWPlatform:: Platform Path C:/Users/kb40/Desktop/ECE385/labb6/final_proj_sdk/mb_usb_hdmi_top/tempdsa/final_top.xsa
TRACE::2024-11-18.22:58:08::SCWPlatform:: Unique name xilinx:::0.0
TRACE::2024-11-18.22:58:08::SCWPlatform::update - Opened existing hwdb mb_usb_hdmi_top_3
TRACE::2024-11-18.22:58:08::SCWPlatform::Found the Hw Db part of the input DSA
TRACE::2024-11-18.22:58:08::SCWMssOS::Saving the mss changes C:/Users/kb40/Desktop/ECE385/labb6/final_proj_sdk/mb_usb_hdmi_top/microblaze_0/standalone_microblaze_0/bsp/system.mss
TRACE::2024-11-18.22:58:08::SCWMssOS::Found a swdesign opened with the mssfile.
TRACE::2024-11-18.22:58:08::SCWMssOS::Completed writemss as part of save.
TRACE::2024-11-18.22:58:08::SCWMssOS::Commit changes completed.
TRACE::2024-11-18.22:58:08::SCWMssOS::Completed hw sync for the mss in domain: standalone_microblaze_0
TRACE::2024-11-18.22:58:08::SCWMssOS::Removing the swdes entry for  C:/Users/kb40/Desktop/ECE385/labb6/final_proj_sdk/mb_usb_hdmi_top/microblaze_0/standalone_microblaze_0/bsp/system.mss
TRACE::2024-11-18.22:58:08::SCWPlatform::Trying to open the hw design at C:/Users/kb40/Desktop/ECE385/labb6/final_proj_sdk/mb_usb_hdmi_top/hw/final_top.xsa
TRACE::2024-11-18.22:58:08::SCWPlatform::DSA given C:/Users/kb40/Desktop/ECE385/labb6/final_proj_sdk/mb_usb_hdmi_top/hw/final_top.xsa
TRACE::2024-11-18.22:58:08::SCWPlatform::DSA absoulate path C:/Users/kb40/Desktop/ECE385/labb6/final_proj_sdk/mb_usb_hdmi_top/hw/final_top.xsa
TRACE::2024-11-18.22:58:08::SCWPlatform::DSA directory C:/Users/kb40/Desktop/ECE385/labb6/final_proj_sdk/mb_usb_hdmi_top/hw
TRACE::2024-11-18.22:58:08::SCWPlatform:: Platform Path C:/Users/kb40/Desktop/ECE385/labb6/final_proj_sdk/mb_usb_hdmi_top/hw/final_top.xsa
TRACE::2024-11-18.22:58:08::SCWPlatform:: Unique name xilinx:::0.0
TRACE::2024-11-18.22:58:08::SCWPlatform::Do not have an existing db opened. 
TRACE::2024-11-18.22:58:08::SCWPlatform::Opened new HwDB with name mb_usb_hdmi_top_4
TRACE::2024-11-18.22:58:08::SCWMssOS::Saving the mss changes C:/Users/kb40/Desktop/ECE385/labb6/final_proj_sdk/mb_usb_hdmi_top/microblaze_0/standalone_microblaze_0/bsp/system.mss
TRACE::2024-11-18.22:58:08::SCWMssOS::Adding the swdes entry, mss present, able to open swdb C:/Users/kb40/Desktop/ECE385/labb6/final_proj_sdk/mb_usb_hdmi_top/microblaze_0/standalone_microblaze_0/bsp/system.mss with des name system
TRACE::2024-11-18.22:58:08::SCWMssOS::Writing the mss file completed C:/Users/kb40/Desktop/ECE385/labb6/final_proj_sdk/mb_usb_hdmi_top/microblaze_0/standalone_microblaze_0/bsp/system.mss
TRACE::2024-11-18.22:58:08::SCWMssOS::Commit changes completed.
TRACE::2024-11-18.22:58:08::SCWPlatform::Trying to open the hw design at C:/Users/kb40/Desktop/ECE385/labb6/final_proj_sdk/mb_usb_hdmi_top/hw/final_top.xsa
TRACE::2024-11-18.22:58:08::SCWPlatform::DSA given C:/Users/kb40/Desktop/ECE385/labb6/final_proj_sdk/mb_usb_hdmi_top/hw/final_top.xsa
TRACE::2024-11-18.22:58:08::SCWPlatform::DSA absoulate path C:/Users/kb40/Desktop/ECE385/labb6/final_proj_sdk/mb_usb_hdmi_top/hw/final_top.xsa
TRACE::2024-11-18.22:58:08::SCWPlatform::DSA directory C:/Users/kb40/Desktop/ECE385/labb6/final_proj_sdk/mb_usb_hdmi_top/hw
TRACE::2024-11-18.22:58:08::SCWPlatform:: Platform Path C:/Users/kb40/Desktop/ECE385/labb6/final_proj_sdk/mb_usb_hdmi_top/hw/final_top.xsa
TRACE::2024-11-18.22:58:08::SCWPlatform:: Unique name xilinx:::0.0
TRACE::2024-11-18.22:58:08::SCWPlatform::Trying to set the existing hwdb with name mb_usb_hdmi_top_4
TRACE::2024-11-18.22:58:08::SCWPlatform::Opened existing hwdb mb_usb_hdmi_top_4
TRACE::2024-11-18.22:58:08::SCWPlatform::Found the Hw Db part of the input DSA
TRACE::2024-11-18.22:58:08::SCWMssOS::Checking the sw design at  C:/Users/kb40/Desktop/ECE385/labb6/final_proj_sdk/mb_usb_hdmi_top/microblaze_0/standalone_microblaze_0/bsp/system.mss
TRACE::2024-11-18.22:58:08::SCWMssOS::DEBUG:  swdes dump  C:/Users/kb40/Desktop/ECE385/labb6/final_proj_sdk/mb_usb_hdmi_top/microblaze_0/standalone_microblaze_0/bsp/system.mss|system||

TRACE::2024-11-18.22:58:08::SCWMssOS::Sw design exists and opened at  C:/Users/kb40/Desktop/ECE385/labb6/final_proj_sdk/mb_usb_hdmi_top/microblaze_0/standalone_microblaze_0/bsp/system.mss
TRACE::2024-11-18.22:58:08::SCWWriter::formatted JSON is {
	"platformName":	"mb_usb_hdmi_top",
	"sprVersion":	"2.0",
	"mode":	"gui",
	"dsaType":	"Fixed",
	"platformDesc":	"mb_usb_hdmi_top",
	"platHandOff":	"C:/Users/kb40/Desktop/ECE385/labb6/final_top.xsa",
	"platIntHandOff":	"<platformDir>/hw/final_top.xsa",
	"deviceType":	"FPGA",
	"platIsPrebuiltAutogen":	"false",
	"platIsNoBootBsp":	"false",
	"hasFsblMakeHasChanges":	"false",
	"hasPmufwMakeHasChanges":	"false",
	"platPreBuiltFlag":	false,
	"platformSamplesDir":	"",
	"platActiveSys":	"mb_usb_hdmi_top",
	"systems":	[{
			"systemName":	"mb_usb_hdmi_top",
			"systemDesc":	"mb_usb_hdmi_top",
			"sysIsBootAutoGen":	"true",
			"systemDispName":	"mb_usb_hdmi_top",
			"sysActiveDom":	"standalone_microblaze_0",
			"sysDefaultDom":	"standalone_microblaze_0",
			"domains":	[{
					"domainName":	"standalone_microblaze_0",
					"domainDispName":	"standalone_microblaze_0",
					"domainDesc":	"standalone_microblaze_0",
					"processors":	"microblaze_0",
					"os":	"standalone",
					"sdxOs":	"standalone",
					"debugEnable":	"False",
					"domRuntimes":	["cpp"],
					"swRepo":	"",
					"mssOsVer":	"8.0",
					"mssFile":	"",
					"md5Digest":	"304529987e879521ca977c68d163f3621",
					"compatibleApp":	"",
					"domType":	"mssDomain",
					"arch":	"32-bit",
					"appSettings":	{
						"appCompilerFlags":	"",
						"appLinkerFlags":	""
					},
					"addedLibs":	[],
					"libOptions":	{
						"libsContainingOptions":	[]
					},
					"prebuiltLibs":	{
						"prebuiltIncPath":	[],
						"prebuiltLibPath":	[]
					},
					"isolation":	{
					}
				}]
		}]
}
LOG::2024-11-18.22:58:18::SCWPlatform::Started generating the artifacts platform mb_usb_hdmi_top
TRACE::2024-11-18.22:58:18::SCWPlatform::Sanity checking of platform is completed
LOG::2024-11-18.22:58:18::SCWPlatform::Started generating the artifacts for system configuration mb_usb_hdmi_top
LOG::2024-11-18.22:58:18::SCWSystem::Checking the domain standalone_microblaze_0
LOG::2024-11-18.22:58:18::SCWSystem::Not a boot domain 
LOG::2024-11-18.22:58:18::SCWSystem::Started Processing the domain standalone_microblaze_0
TRACE::2024-11-18.22:58:18::SCWDomain::Generating domain artifcats
TRACE::2024-11-18.22:58:18::SCWMssOS::Generating standalone artifcats
TRACE::2024-11-18.22:58:18::SCWMssOS:: Copying the user libraries. 
TRACE::2024-11-18.22:58:18::SCWPlatform::Trying to open the hw design at C:/Users/kb40/Desktop/ECE385/labb6/final_proj_sdk/mb_usb_hdmi_top/hw/final_top.xsa
TRACE::2024-11-18.22:58:18::SCWPlatform::DSA given C:/Users/kb40/Desktop/ECE385/labb6/final_proj_sdk/mb_usb_hdmi_top/hw/final_top.xsa
TRACE::2024-11-18.22:58:18::SCWPlatform::DSA absoulate path C:/Users/kb40/Desktop/ECE385/labb6/final_proj_sdk/mb_usb_hdmi_top/hw/final_top.xsa
TRACE::2024-11-18.22:58:18::SCWPlatform::DSA directory C:/Users/kb40/Desktop/ECE385/labb6/final_proj_sdk/mb_usb_hdmi_top/hw
TRACE::2024-11-18.22:58:18::SCWPlatform:: Platform Path C:/Users/kb40/Desktop/ECE385/labb6/final_proj_sdk/mb_usb_hdmi_top/hw/final_top.xsa
TRACE::2024-11-18.22:58:18::SCWPlatform:: Unique name xilinx:::0.0
TRACE::2024-11-18.22:58:18::SCWPlatform::Trying to set the existing hwdb with name mb_usb_hdmi_top_4
TRACE::2024-11-18.22:58:18::SCWPlatform::Opened existing hwdb mb_usb_hdmi_top_4
TRACE::2024-11-18.22:58:18::SCWPlatform::Found the Hw Db part of the input DSA
TRACE::2024-11-18.22:58:18::SCWMssOS::Checking the sw design at  C:/Users/kb40/Desktop/ECE385/labb6/final_proj_sdk/mb_usb_hdmi_top/microblaze_0/standalone_microblaze_0/bsp/system.mss
TRACE::2024-11-18.22:58:18::SCWMssOS::DEBUG:  swdes dump  C:/Users/kb40/Desktop/ECE385/labb6/final_proj_sdk/mb_usb_hdmi_top/microblaze_0/standalone_microblaze_0/bsp/system.mss|system||

TRACE::2024-11-18.22:58:18::SCWMssOS::Sw design exists and opened at  C:/Users/kb40/Desktop/ECE385/labb6/final_proj_sdk/mb_usb_hdmi_top/microblaze_0/standalone_microblaze_0/bsp/system.mss
TRACE::2024-11-18.22:58:18::SCWMssOS::Completed writing the mss file at C:/Users/kb40/Desktop/ECE385/labb6/final_proj_sdk/mb_usb_hdmi_top/microblaze_0/standalone_microblaze_0/bsp
TRACE::2024-11-18.22:58:18::SCWMssOS::Mss edits present, copying mssfile into export location C:/Users/kb40/Desktop/ECE385/labb6/final_proj_sdk/mb_usb_hdmi_top/microblaze_0/standalone_microblaze_0/bsp/system.mss
TRACE::2024-11-18.22:58:18::SCWMssOS::bsp generated is stale removing and regenerating. 
TRACE::2024-11-18.22:58:20::SCWMssOS::doing bsp build ... 
TRACE::2024-11-18.22:58:20::SCWMssOS::System Command Ran  C: & cd  C:/Users/kb40/Desktop/ECE385/labb6/final_proj_sdk/mb_usb_hdmi_top/microblaze_0/standalone_microblaze_0/bsp & make 
TRACE::2024-11-18.22:58:20::SCWMssOS::make --no-print-directory seq_libs

TRACE::2024-11-18.22:58:20::SCWMssOS::'Finished building libraries sequentially.'

TRACE::2024-11-18.22:58:20::SCWMssOS::make -j 10 --no-print-directory par_libs

TRACE::2024-11-18.22:58:20::SCWMssOS::"Running Make include in microblaze_0/libsrc/bram_v4_8/src"

TRACE::2024-11-18.22:58:20::SCWMssOS::make -C microblaze_0/libsrc/bram_v4_8/src -s include  "SHELL=CMD" "COMPILER=mb-gcc" "ASSEMBLER=mb-as" "ARCHIVER=mb-ar" "COMPILE
TRACE::2024-11-18.22:58:20::SCWMssOS::R_FLAGS=  -O2 -c -mcpu=v11.0 -mlittle-endian -mno-xl-reorder -mno-xl-soft-mul -mxl-barrel-shift -mxl-pattern-compare" "EXTRA_CO
TRACE::2024-11-18.22:58:20::SCWMssOS::MPILER_FLAGS=-g -ffunction-sections -fdata-sections -Wall -Wextra -fno-tree-loop-distribute-patterns"

TRACE::2024-11-18.22:58:20::SCWMssOS::"Running Make include in microblaze_0/libsrc/cpu_v2_16/src"

TRACE::2024-11-18.22:58:20::SCWMssOS::"Running Make include in microblaze_0/libsrc/gpio_v4_9/src"

TRACE::2024-11-18.22:58:20::SCWMssOS::make -C microblaze_0/libsrc/cpu_v2_16/src -s include  "SHELL=CMD" "COMPILER=mb-gcc" "ASSEMBLER=mb-as" "ARCHIVER=mb-ar" "COMPILE
TRACE::2024-11-18.22:58:20::SCWMssOS::R_FLAGS=  -O2 -c -mcpu=v11.0 -mlittle-endian -mno-xl-reorder -mno-xl-soft-mul -mxl-barrel-shift -mxl-pattern-compare" "EXTRA_CO
TRACE::2024-11-18.22:58:20::SCWMssOS::MPILER_FLAGS=-g -ffunction-sections -fdata-sections -Wall -Wextra -fno-tree-loop-distribute-patterns"

TRACE::2024-11-18.22:58:21::SCWMssOS::make -C microblaze_0/libsrc/gpio_v4_9/src -s include  "SHELL=CMD" "COMPILER=mb-gcc" "ASSEMBLER=mb-as" "ARCHIVER=mb-ar" "COMPILE
TRACE::2024-11-18.22:58:21::SCWMssOS::R_FLAGS=  -O2 -c -mcpu=v11.0 -mlittle-endian -mno-xl-reorder -mno-xl-soft-mul -mxl-barrel-shift -mxl-pattern-compare" "EXTRA_CO
TRACE::2024-11-18.22:58:21::SCWMssOS::MPILER_FLAGS=-g -ffunction-sections -fdata-sections -Wall -Wextra -fno-tree-loop-distribute-patterns"

TRACE::2024-11-18.22:58:21::SCWMssOS::"Running Make include in microblaze_0/libsrc/intc_v3_15/src"

TRACE::2024-11-18.22:58:21::SCWMssOS::make -C microblaze_0/libsrc/intc_v3_15/src -s include  "SHELL=CMD" "COMPILER=mb-gcc" "ASSEMBLER=mb-as" "ARCHIVER=mb-ar" "COMPIL
TRACE::2024-11-18.22:58:21::SCWMssOS::ER_FLAGS=  -O2 -c -mcpu=v11.0 -mlittle-endian -mno-xl-reorder -mno-xl-soft-mul -mxl-barrel-shift -mxl-pattern-compare" "EXTRA_C
TRACE::2024-11-18.22:58:21::SCWMssOS::OMPILER_FLAGS=-g -ffunction-sections -fdata-sections -Wall -Wextra -fno-tree-loop-distribute-patterns"

TRACE::2024-11-18.22:58:21::SCWMssOS::"Running Make include in microblaze_0/libsrc/spi_v4_9/src"

TRACE::2024-11-18.22:58:21::SCWMssOS::make -C microblaze_0/libsrc/spi_v4_9/src -s include  "SHELL=CMD" "COMPILER=mb-gcc" "ASSEMBLER=mb-as" "ARCHIVER=mb-ar" "COMPILER
TRACE::2024-11-18.22:58:21::SCWMssOS::_FLAGS=  -O2 -c -mcpu=v11.0 -mlittle-endian -mno-xl-reorder -mno-xl-soft-mul -mxl-barrel-shift -mxl-pattern-compare" "EXTRA_COM
TRACE::2024-11-18.22:58:21::SCWMssOS::PILER_FLAGS=-g -ffunction-sections -fdata-sections -Wall -Wextra -fno-tree-loop-distribute-patterns"

TRACE::2024-11-18.22:58:21::SCWMssOS::"Running Make include in microblaze_0/libsrc/standalone_v8_0/src"

TRACE::2024-11-18.22:58:21::SCWMssOS::make -C microblaze_0/libsrc/standalone_v8_0/src -s include  "SHELL=CMD" "COMPILER=mb-gcc" "ASSEMBLER=mb-as" "ARCHIVER=mb-ar" "C
TRACE::2024-11-18.22:58:21::SCWMssOS::OMPILER_FLAGS=  -O2 -c -mcpu=v11.0 -mlittle-endian -mno-xl-reorder -mno-xl-soft-mul -mxl-barrel-shift -mxl-pattern-compare" "EX
TRACE::2024-11-18.22:58:21::SCWMssOS::TRA_COMPILER_FLAGS=-g -ffunction-sections -fdata-sections -Wall -Wextra -fno-tree-loop-distribute-patterns"

TRACE::2024-11-18.22:58:21::SCWMssOS::"Running Make include in microblaze_0/libsrc/tmrctr_v4_9/src"

TRACE::2024-11-18.22:58:21::SCWMssOS::make -C microblaze_0/libsrc/tmrctr_v4_9/src -s include  "SHELL=CMD" "COMPILER=mb-gcc" "ASSEMBLER=mb-as" "ARCHIVER=mb-ar" "COMPI
TRACE::2024-11-18.22:58:21::SCWMssOS::LER_FLAGS=  -O2 -c -mcpu=v11.0 -mlittle-endian -mno-xl-reorder -mno-xl-soft-mul -mxl-barrel-shift -mxl-pattern-compare" "EXTRA_
TRACE::2024-11-18.22:58:21::SCWMssOS::COMPILER_FLAGS=-g -ffunction-sections -fdata-sections -Wall -Wextra -fno-tree-loop-distribute-patterns"

TRACE::2024-11-18.22:58:21::SCWMssOS::"Running Make include in microblaze_0/libsrc/uartlite_v3_7/src"

TRACE::2024-11-18.22:58:21::SCWMssOS::make -C microblaze_0/libsrc/uartlite_v3_7/src -s include  "SHELL=CMD" "COMPILER=mb-gcc" "ASSEMBLER=mb-as" "ARCHIVER=mb-ar" "COM
TRACE::2024-11-18.22:58:21::SCWMssOS::PILER_FLAGS=  -O2 -c -mcpu=v11.0 -mlittle-endian -mno-xl-reorder -mno-xl-soft-mul -mxl-barrel-shift -mxl-pattern-compare" "EXTR
TRACE::2024-11-18.22:58:21::SCWMssOS::A_COMPILER_FLAGS=-g -ffunction-sections -fdata-sections -Wall -Wextra -fno-tree-loop-distribute-patterns"

TRACE::2024-11-18.22:58:21::SCWMssOS::"Running Make libs in microblaze_0/libsrc/bram_v4_8/src"

TRACE::2024-11-18.22:58:21::SCWMssOS::make -C microblaze_0/libsrc/bram_v4_8/src -s libs  "SHELL=CMD" "COMPILER=mb-gcc" "ASSEMBLER=mb-as" "ARCHIVER=mb-ar" "COMPILER_F
TRACE::2024-11-18.22:58:21::SCWMssOS::LAGS=  -O2 -c -mcpu=v11.0 -mlittle-endian -mno-xl-reorder -mno-xl-soft-mul -mxl-barrel-shift -mxl-pattern-compare" "EXTRA_COMPI
TRACE::2024-11-18.22:58:21::SCWMssOS::LER_FLAGS=-g -ffunction-sections -fdata-sections -Wall -Wextra -fno-tree-loop-distribute-patterns"

TRACE::2024-11-18.22:58:21::SCWMssOS::"Running Make libs in microblaze_0/libsrc/cpu_v2_16/src"

TRACE::2024-11-18.22:58:21::SCWMssOS::"Running Make libs in microblaze_0/libsrc/gpio_v4_9/src"

TRACE::2024-11-18.22:58:21::SCWMssOS::make -C microblaze_0/libsrc/cpu_v2_16/src -s libs  "SHELL=CMD" "COMPILER=mb-gcc" "ASSEMBLER=mb-as" "ARCHIVER=mb-ar" "COMPILER_F
TRACE::2024-11-18.22:58:21::SCWMssOS::LAGS=  -O2 -c -mcpu=v11.0 -mlittle-endian -mno-xl-reorder -mno-xl-soft-mul -mxl-barrel-shift -mxl-pattern-compare" "EXTRA_COMPI
TRACE::2024-11-18.22:58:21::SCWMssOS::LER_FLAGS=-g -ffunction-sections -fdata-sections -Wall -Wextra -fno-tree-loop-distribute-patterns"

TRACE::2024-11-18.22:58:21::SCWMssOS::make -C microblaze_0/libsrc/gpio_v4_9/src -s libs  "SHELL=CMD" "COMPILER=mb-gcc" "ASSEMBLER=mb-as" "ARCHIVER=mb-ar" "COMPILER_F
TRACE::2024-11-18.22:58:21::SCWMssOS::LAGS=  -O2 -c -mcpu=v11.0 -mlittle-endian -mno-xl-reorder -mno-xl-soft-mul -mxl-barrel-shift -mxl-pattern-compare" "EXTRA_COMPI
TRACE::2024-11-18.22:58:21::SCWMssOS::LER_FLAGS=-g -ffunction-sections -fdata-sections -Wall -Wextra -fno-tree-loop-distribute-patterns"

TRACE::2024-11-18.22:58:22::SCWMssOS::"Running Make libs in microblaze_0/libsrc/intc_v3_15/src"

TRACE::2024-11-18.22:58:22::SCWMssOS::make -C microblaze_0/libsrc/intc_v3_15/src -s libs  "SHELL=CMD" "COMPILER=mb-gcc" "ASSEMBLER=mb-as" "ARCHIVER=mb-ar" "COMPILER_
TRACE::2024-11-18.22:58:22::SCWMssOS::FLAGS=  -O2 -c -mcpu=v11.0 -mlittle-endian -mno-xl-reorder -mno-xl-soft-mul -mxl-barrel-shift -mxl-pattern-compare" "EXTRA_COMP
TRACE::2024-11-18.22:58:22::SCWMssOS::ILER_FLAGS=-g -ffunction-sections -fdata-sections -Wall -Wextra -fno-tree-loop-distribute-patterns"

TRACE::2024-11-18.22:58:22::SCWMssOS::"Running Make libs in microblaze_0/libsrc/spi_v4_9/src"

TRACE::2024-11-18.22:58:22::SCWMssOS::make -C microblaze_0/libsrc/spi_v4_9/src -s libs  "SHELL=CMD" "COMPILER=mb-gcc" "ASSEMBLER=mb-as" "ARCHIVER=mb-ar" "COMPILER_FL
TRACE::2024-11-18.22:58:22::SCWMssOS::AGS=  -O2 -c -mcpu=v11.0 -mlittle-endian -mno-xl-reorder -mno-xl-soft-mul -mxl-barrel-shift -mxl-pattern-compare" "EXTRA_COMPIL
TRACE::2024-11-18.22:58:22::SCWMssOS::ER_FLAGS=-g -ffunction-sections -fdata-sections -Wall -Wextra -fno-tree-loop-distribute-patterns"

TRACE::2024-11-18.22:58:22::SCWMssOS::"Running Make libs in microblaze_0/libsrc/standalone_v8_0/src"

TRACE::2024-11-18.22:58:22::SCWMssOS::make -C microblaze_0/libsrc/standalone_v8_0/src -s libs  "SHELL=CMD" "COMPILER=mb-gcc" "ASSEMBLER=mb-as" "ARCHIVER=mb-ar" "COMP
TRACE::2024-11-18.22:58:22::SCWMssOS::ILER_FLAGS=  -O2 -c -mcpu=v11.0 -mlittle-endian -mno-xl-reorder -mno-xl-soft-mul -mxl-barrel-shift -mxl-pattern-compare" "EXTRA
TRACE::2024-11-18.22:58:22::SCWMssOS::_COMPILER_FLAGS=-g -ffunction-sections -fdata-sections -Wall -Wextra -fno-tree-loop-distribute-patterns"

TRACE::2024-11-18.22:58:22::SCWMssOS::"Running Make libs in microblaze_0/libsrc/tmrctr_v4_9/src"

TRACE::2024-11-18.22:58:22::SCWMssOS::make -C microblaze_0/libsrc/tmrctr_v4_9/src -s libs  "SHELL=CMD" "COMPILER=mb-gcc" "ASSEMBLER=mb-as" "ARCHIVER=mb-ar" "COMPILER
TRACE::2024-11-18.22:58:22::SCWMssOS::_FLAGS=  -O2 -c -mcpu=v11.0 -mlittle-endian -mno-xl-reorder -mno-xl-soft-mul -mxl-barrel-shift -mxl-pattern-compare" "EXTRA_COM
TRACE::2024-11-18.22:58:22::SCWMssOS::PILER_FLAGS=-g -ffunction-sections -fdata-sections -Wall -Wextra -fno-tree-loop-distribute-patterns"

TRACE::2024-11-18.22:58:22::SCWMssOS::"Running Make libs in microblaze_0/libsrc/uartlite_v3_7/src"

TRACE::2024-11-18.22:58:22::SCWMssOS::make -C microblaze_0/libsrc/uartlite_v3_7/src -s libs  "SHELL=CMD" "COMPILER=mb-gcc" "ASSEMBLER=mb-as" "ARCHIVER=mb-ar" "COMPIL
TRACE::2024-11-18.22:58:22::SCWMssOS::ER_FLAGS=  -O2 -c -mcpu=v11.0 -mlittle-endian -mno-xl-reorder -mno-xl-soft-mul -mxl-barrel-shift -mxl-pattern-compare" "EXTRA_C
TRACE::2024-11-18.22:58:22::SCWMssOS::OMPILER_FLAGS=-g -ffunction-sections -fdata-sections -Wall -Wextra -fno-tree-loop-distribute-patterns"

TRACE::2024-11-18.22:58:25::SCWMssOS::"DEBUG NON_LTO_OBJECTS is ../../../lib/microblaze_interrupt_handler.o"

TRACE::2024-11-18.22:58:25::SCWMssOS::'Finished building libraries parallelly.'

TRACE::2024-11-18.22:58:25::SCWMssOS::make --no-print-directory archive

TRACE::2024-11-18.22:58:25::SCWMssOS::mb-ar -r  microblaze_0/lib/libxil.a microblaze_0/lib/_exit.o microblaze_0/lib/errno.o microblaze_0/lib/fcntl.o microblaze_0/lib
TRACE::2024-11-18.22:58:25::SCWMssOS::/hw_exception_handler.o microblaze_0/lib/inbyte.o microblaze_0/lib/microblaze_disable_dcache.o microblaze_0/lib/microblaze_disa
TRACE::2024-11-18.22:58:25::SCWMssOS::ble_exceptions.o microblaze_0/lib/microblaze_disable_icache.o microblaze_0/lib/microblaze_disable_interrupts.o microblaze_0/lib
TRACE::2024-11-18.22:58:25::SCWMssOS::/microblaze_enable_dcache.o microblaze_0/lib/microblaze_enable_exceptions.o microblaze_0/lib/microblaze_enable_icache.o microbl
TRACE::2024-11-18.22:58:25::SCWMssOS::aze_0/lib/microblaze_enable_interrupts.o microblaze_0/lib/microblaze_exception_handler.o microblaze_0/lib/microblaze_flush_cach
TRACE::2024-11-18.22:58:25::SCWMssOS::e_ext.o microblaze_0/lib/microblaze_flush_cache_ext_range.o microblaze_0/lib/microblaze_flush_dcache.o microblaze_0/lib/microbl
TRACE::2024-11-18.22:58:25::SCWMssOS::aze_flush_dcache_range.o microblaze_0/lib/microblaze_init_dcache_range.o microblaze_0/lib/microblaze_init_icache_range.o microb
TRACE::2024-11-18.22:58:25::SCWMssOS::laze_0/lib/microblaze_interrupt_handler.o microblaze_0/lib/microblaze_interrupts_g.o microblaze_0/lib/microblaze_invalidate_cac
TRACE::2024-11-18.22:58:25::SCWMssOS::he_ext.o microblaze_0/lib/microblaze_invalidate_cache_ext_range.o microblaze_0/lib/microblaze_invalidate_dcache.o microblaze_0/
TRACE::2024-11-18.22:58:25::SCWMssOS::lib/microblaze_invalidate_dcache_range.o microblaze_0/lib/microblaze_invalidate_icache.o microblaze_0/lib/microblaze_invalidate
TRACE::2024-11-18.22:58:25::SCWMssOS::_icache_range.o microblaze_0/lib/microblaze_scrub.o microblaze_0/lib/microblaze_selftest.o microblaze_0/lib/microblaze_sleep.o 
TRACE::2024-11-18.22:58:25::SCWMssOS::microblaze_0/lib/microblaze_update_dcache.o microblaze_0/lib/microblaze_update_icache.o microblaze_0/lib/outbyte.o microblaze_0
TRACE::2024-11-18.22:58:25::SCWMssOS::/lib/print.o microblaze_0/lib/pvr.o microblaze_0/lib/xbram.o microblaze_0/lib/xbram_g.o microblaze_0/lib/xbram_intr.o microblaz
TRACE::2024-11-18.22:58:25::SCWMssOS::e_0/lib/xbram_selftest.o microblaze_0/lib/xbram_sinit.o microblaze_0/lib/xgpio.o microblaze_0/lib/xgpio_extra.o microblaze_0/li
TRACE::2024-11-18.22:58:25::SCWMssOS::b/xgpio_g.o microblaze_0/lib/xgpio_intr.o microblaze_0/lib/xgpio_selftest.o microblaze_0/lib/xgpio_sinit.o microblaze_0/lib/xil
TRACE::2024-11-18.22:58:25::SCWMssOS::_assert.o microblaze_0/lib/xil_cache.o microblaze_0/lib/xil_clocking.o microblaze_0/lib/xil_exception.o microblaze_0/lib/xil_me
TRACE::2024-11-18.22:58:25::SCWMssOS::m.o microblaze_0/lib/xil_misc_psreset_api.o microblaze_0/lib/xil_printf.o microblaze_0/lib/xil_sleepcommon.o microblaze_0/lib/x
TRACE::2024-11-18.22:58:25::SCWMssOS::il_testcache.o microblaze_0/lib/xil_testio.o microblaze_0/lib/xil_testmem.o microblaze_0/lib/xil_util.o microblaze_0/lib/xintc.
TRACE::2024-11-18.22:58:25::SCWMssOS::o microblaze_0/lib/xintc_g.o microblaze_0/lib/xintc_intr.o microblaze_0/lib/xintc_l.o microblaze_0/lib/xintc_options.o microbla
TRACE::2024-11-18.22:58:25::SCWMssOS::ze_0/lib/xintc_selftest.o microblaze_0/lib/xinterrupt_wrap.o microblaze_0/lib/xio.o microblaze_0/lib/xplatform_info.o microblaz
TRACE::2024-11-18.22:58:25::SCWMssOS::e_0/lib/xspi.o microblaze_0/lib/xspi_g.o microblaze_0/lib/xspi_options.o microblaze_0/lib/xspi_selftest.o microblaze_0/lib/xspi
TRACE::2024-11-18.22:58:25::SCWMssOS::_sinit.o microblaze_0/lib/xspi_stats.o microblaze_0/lib/xtmrctr.o microblaze_0/lib/xtmrctr_g.o microblaze_0/lib/xtmrctr_intr.o 
TRACE::2024-11-18.22:58:25::SCWMssOS::microblaze_0/lib/xtmrctr_l.o microblaze_0/lib/xtmrctr_options.o microblaze_0/lib/xtmrctr_selftest.o microblaze_0/lib/xtmrctr_si
TRACE::2024-11-18.22:58:25::SCWMssOS::nit.o microblaze_0/lib/xtmrctr_stats.o microblaze_0/lib/xuartlite.o microblaze_0/lib/xuartlite_g.o microblaze_0/lib/xuartlite_i
TRACE::2024-11-18.22:58:25::SCWMssOS::ntr.o microblaze_0/lib/xuartlite_l.o microblaze_0/lib/xuartlite_selftest.o microblaze_0/lib/xuartlite_sinit.o microblaze_0/lib/
TRACE::2024-11-18.22:58:25::SCWMssOS::xuartlite_stats.o

TRACE::2024-11-18.22:58:25::SCWMssOS::'Finished building libraries'

TRACE::2024-11-18.22:58:26::SCWMssOS:: Checking if to create the Supporting Applications
TRACE::2024-11-18.22:58:26::SCWMssOS:: No Linux domain exists, trying to generate FSBL 
LOG::2024-11-18.22:58:26::SCWSystem::Completed Processing the domain standalone_microblaze_0
LOG::2024-11-18.22:58:26::SCWSystem::Completed Processing the sysconfig mb_usb_hdmi_top
LOG::2024-11-18.22:58:26::SCWPlatform::Completed generating the artifacts for system configuration mb_usb_hdmi_top
TRACE::2024-11-18.22:58:26::SCWPlatform::Started preparing the platform 
TRACE::2024-11-18.22:58:26::SCWSystem::Writing the bif file for system config mb_usb_hdmi_top
TRACE::2024-11-18.22:58:26::SCWSystem::dir created 
TRACE::2024-11-18.22:58:26::SCWSystem::Writing the bif 
TRACE::2024-11-18.22:58:26::SCWPlatform::Started writing the spfm file 
TRACE::2024-11-18.22:58:26::SCWPlatform::Started writing the xpfm file 
TRACE::2024-11-18.22:58:26::SCWPlatform::Completed generating the platform
TRACE::2024-11-18.22:58:26::SCWMssOS::Saving the mss changes C:/Users/kb40/Desktop/ECE385/labb6/final_proj_sdk/mb_usb_hdmi_top/microblaze_0/standalone_microblaze_0/bsp/system.mss
TRACE::2024-11-18.22:58:26::SCWMssOS::Adding the swdes entry, mss present, able to open swdb C:/Users/kb40/Desktop/ECE385/labb6/final_proj_sdk/mb_usb_hdmi_top/microblaze_0/standalone_microblaze_0/bsp/system.mss with des name system
TRACE::2024-11-18.22:58:26::SCWMssOS::Writing the mss file completed C:/Users/kb40/Desktop/ECE385/labb6/final_proj_sdk/mb_usb_hdmi_top/microblaze_0/standalone_microblaze_0/bsp/system.mss
TRACE::2024-11-18.22:58:26::SCWMssOS::Commit changes completed.
TRACE::2024-11-18.22:58:26::SCWPlatform::Trying to open the hw design at C:/Users/kb40/Desktop/ECE385/labb6/final_proj_sdk/mb_usb_hdmi_top/hw/final_top.xsa
TRACE::2024-11-18.22:58:26::SCWPlatform::DSA given C:/Users/kb40/Desktop/ECE385/labb6/final_proj_sdk/mb_usb_hdmi_top/hw/final_top.xsa
TRACE::2024-11-18.22:58:26::SCWPlatform::DSA absoulate path C:/Users/kb40/Desktop/ECE385/labb6/final_proj_sdk/mb_usb_hdmi_top/hw/final_top.xsa
TRACE::2024-11-18.22:58:26::SCWPlatform::DSA directory C:/Users/kb40/Desktop/ECE385/labb6/final_proj_sdk/mb_usb_hdmi_top/hw
TRACE::2024-11-18.22:58:26::SCWPlatform:: Platform Path C:/Users/kb40/Desktop/ECE385/labb6/final_proj_sdk/mb_usb_hdmi_top/hw/final_top.xsa
TRACE::2024-11-18.22:58:26::SCWPlatform:: Unique name xilinx:::0.0
TRACE::2024-11-18.22:58:26::SCWPlatform::Trying to set the existing hwdb with name mb_usb_hdmi_top_4
TRACE::2024-11-18.22:58:26::SCWPlatform::Opened existing hwdb mb_usb_hdmi_top_4
TRACE::2024-11-18.22:58:26::SCWPlatform::Found the Hw Db part of the input DSA
TRACE::2024-11-18.22:58:26::SCWMssOS::Checking the sw design at  C:/Users/kb40/Desktop/ECE385/labb6/final_proj_sdk/mb_usb_hdmi_top/microblaze_0/standalone_microblaze_0/bsp/system.mss
TRACE::2024-11-18.22:58:26::SCWMssOS::DEBUG:  swdes dump  C:/Users/kb40/Desktop/ECE385/labb6/final_proj_sdk/mb_usb_hdmi_top/microblaze_0/standalone_microblaze_0/bsp/system.mss|system||

TRACE::2024-11-18.22:58:26::SCWMssOS::Sw design exists and opened at  C:/Users/kb40/Desktop/ECE385/labb6/final_proj_sdk/mb_usb_hdmi_top/microblaze_0/standalone_microblaze_0/bsp/system.mss
TRACE::2024-11-18.22:58:26::SCWWriter::formatted JSON is {
	"platformName":	"mb_usb_hdmi_top",
	"sprVersion":	"2.0",
	"mode":	"gui",
	"dsaType":	"Fixed",
	"platformDesc":	"mb_usb_hdmi_top",
	"platHandOff":	"C:/Users/kb40/Desktop/ECE385/labb6/final_top.xsa",
	"platIntHandOff":	"<platformDir>/hw/final_top.xsa",
	"deviceType":	"FPGA",
	"platIsPrebuiltAutogen":	"false",
	"platIsNoBootBsp":	"false",
	"hasFsblMakeHasChanges":	"false",
	"hasPmufwMakeHasChanges":	"false",
	"platPreBuiltFlag":	false,
	"platformSamplesDir":	"",
	"platActiveSys":	"mb_usb_hdmi_top",
	"systems":	[{
			"systemName":	"mb_usb_hdmi_top",
			"systemDesc":	"mb_usb_hdmi_top",
			"sysIsBootAutoGen":	"true",
			"systemDispName":	"mb_usb_hdmi_top",
			"sysActiveDom":	"standalone_microblaze_0",
			"sysDefaultDom":	"standalone_microblaze_0",
			"domains":	[{
					"domainName":	"standalone_microblaze_0",
					"domainDispName":	"standalone_microblaze_0",
					"domainDesc":	"standalone_microblaze_0",
					"processors":	"microblaze_0",
					"os":	"standalone",
					"sdxOs":	"standalone",
					"debugEnable":	"False",
					"domRuntimes":	["cpp"],
					"swRepo":	"",
					"mssOsVer":	"8.0",
					"mssFile":	"",
					"md5Digest":	"304529987e879521ca977c68d163f362",
					"compatibleApp":	"",
					"domType":	"mssDomain",
					"arch":	"32-bit",
					"appSettings":	{
						"appCompilerFlags":	"",
						"appLinkerFlags":	""
					},
					"addedLibs":	[],
					"libOptions":	{
						"libsContainingOptions":	[]
					},
					"prebuiltLibs":	{
						"prebuiltIncPath":	[],
						"prebuiltLibPath":	[]
					},
					"isolation":	{
					}
				}]
		}]
}
KEYINFO::2024-11-18.22:58:26::SCWPlatform::updated the xpfm file.
TRACE::2024-11-18.22:58:27::SCWPlatform::Trying to open the hw design at C:/Users/kb40/Desktop/ECE385/labb6/final_proj_sdk/mb_usb_hdmi_top/hw/final_top.xsa
TRACE::2024-11-18.22:58:27::SCWPlatform::DSA given C:/Users/kb40/Desktop/ECE385/labb6/final_proj_sdk/mb_usb_hdmi_top/hw/final_top.xsa
TRACE::2024-11-18.22:58:27::SCWPlatform::DSA absoulate path C:/Users/kb40/Desktop/ECE385/labb6/final_proj_sdk/mb_usb_hdmi_top/hw/final_top.xsa
TRACE::2024-11-18.22:58:27::SCWPlatform::DSA directory C:/Users/kb40/Desktop/ECE385/labb6/final_proj_sdk/mb_usb_hdmi_top/hw
TRACE::2024-11-18.22:58:27::SCWPlatform:: Platform Path C:/Users/kb40/Desktop/ECE385/labb6/final_proj_sdk/mb_usb_hdmi_top/hw/final_top.xsa
TRACE::2024-11-18.22:58:27::SCWPlatform:: Unique name xilinx:::0.0
TRACE::2024-11-18.22:58:27::SCWPlatform::Trying to set the existing hwdb with name mb_usb_hdmi_top_4
TRACE::2024-11-18.22:58:27::SCWPlatform::Opened existing hwdb mb_usb_hdmi_top_4
TRACE::2024-11-18.22:58:27::SCWPlatform::Found the Hw Db part of the input DSA
TRACE::2024-11-18.22:58:27::SCWMssOS::Checking the sw design at  C:/Users/kb40/Desktop/ECE385/labb6/final_proj_sdk/mb_usb_hdmi_top/microblaze_0/standalone_microblaze_0/bsp/system.mss
TRACE::2024-11-18.22:58:27::SCWMssOS::DEBUG:  swdes dump  C:/Users/kb40/Desktop/ECE385/labb6/final_proj_sdk/mb_usb_hdmi_top/microblaze_0/standalone_microblaze_0/bsp/system.mss|system||

TRACE::2024-11-18.22:58:27::SCWMssOS::Sw design exists and opened at  C:/Users/kb40/Desktop/ECE385/labb6/final_proj_sdk/mb_usb_hdmi_top/microblaze_0/standalone_microblaze_0/bsp/system.mss
TRACE::2024-11-18.22:58:59::SCWMssOS::cleaning the bsp 
TRACE::2024-11-18.22:58:59::SCWMssOS::System Command Ran  C: & cd  C:/Users/kb40/Desktop/ECE385/labb6/final_proj_sdk/mb_usb_hdmi_top/microblaze_0/standalone_microblaze_0/bsp & make clean 
TRACE::2024-11-18.22:59:00::SCWMssOS::make -C microblaze_0/libsrc/bram_v4_8/src -s clean 

TRACE::2024-11-18.22:59:00::SCWMssOS::make -C microblaze_0/libsrc/cpu_v2_16/src -s clean 

TRACE::2024-11-18.22:59:00::SCWMssOS::make -C microblaze_0/libsrc/gpio_v4_9/src -s clean 

TRACE::2024-11-18.22:59:00::SCWMssOS::make -C microblaze_0/libsrc/intc_v3_15/src -s clean 

TRACE::2024-11-18.22:59:00::SCWMssOS::make -C microblaze_0/libsrc/spi_v4_9/src -s clean 

TRACE::2024-11-18.22:59:00::SCWMssOS::make -C microblaze_0/libsrc/standalone_v8_0/src -s clean 

TRACE::2024-11-18.22:59:01::SCWMssOS::make -C microblaze_0/libsrc/tmrctr_v4_9/src -s clean 

TRACE::2024-11-18.22:59:01::SCWMssOS::make -C microblaze_0/libsrc/uartlite_v3_7/src -s clean 

TRACE::2024-11-18.22:59:01::SCWMssOS::rm -f microblaze_0/lib/libxil.a

TRACE::2024-11-18.22:59:04::SCWMssOS::cleaning the bsp 
TRACE::2024-11-18.22:59:04::SCWMssOS::System Command Ran  C: & cd  C:/Users/kb40/Desktop/ECE385/labb6/final_proj_sdk/mb_usb_hdmi_top/microblaze_0/standalone_microblaze_0/bsp & make clean 
TRACE::2024-11-18.22:59:04::SCWMssOS::make -C microblaze_0/libsrc/bram_v4_8/src -s clean 

TRACE::2024-11-18.22:59:04::SCWMssOS::make -C microblaze_0/libsrc/cpu_v2_16/src -s clean 

TRACE::2024-11-18.22:59:04::SCWMssOS::make -C microblaze_0/libsrc/gpio_v4_9/src -s clean 

TRACE::2024-11-18.22:59:04::SCWMssOS::make -C microblaze_0/libsrc/intc_v3_15/src -s clean 

TRACE::2024-11-18.22:59:04::SCWMssOS::make -C microblaze_0/libsrc/spi_v4_9/src -s clean 

TRACE::2024-11-18.22:59:04::SCWMssOS::make -C microblaze_0/libsrc/standalone_v8_0/src -s clean 

TRACE::2024-11-18.22:59:05::SCWMssOS::make -C microblaze_0/libsrc/tmrctr_v4_9/src -s clean 

TRACE::2024-11-18.22:59:05::SCWMssOS::make -C microblaze_0/libsrc/uartlite_v3_7/src -s clean 

TRACE::2024-11-18.22:59:05::SCWMssOS::rm -f microblaze_0/lib/libxil.a

TRACE::2024-11-18.22:59:08::SCWPlatform::Clearing the existing platform
TRACE::2024-11-18.22:59:08::SCWSystem::Clearing the existing sysconfig
TRACE::2024-11-18.22:59:08::SCWMssOS::Removing the swdes entry for  C:/Users/kb40/Desktop/ECE385/labb6/final_proj_sdk/mb_usb_hdmi_top/microblaze_0/standalone_microblaze_0/bsp/system.mss
TRACE::2024-11-18.22:59:08::SCWSystem::Clearing the domains completed.
TRACE::2024-11-18.22:59:08::SCWPlatform::Clearing the opened hw db.
TRACE::2024-11-18.22:59:08::SCWPlatform::DSA given C:/Users/kb40/Desktop/ECE385/labb6/final_proj_sdk/mb_usb_hdmi_top/hw/final_top.xsa
TRACE::2024-11-18.22:59:08::SCWPlatform::DSA absoulate path C:/Users/kb40/Desktop/ECE385/labb6/final_proj_sdk/mb_usb_hdmi_top/hw/final_top.xsa
TRACE::2024-11-18.22:59:08::SCWPlatform:: Platform location is C:/Users/kb40/Desktop/ECE385/labb6/final_proj_sdk/mb_usb_hdmi_top/hw
TRACE::2024-11-18.22:59:08::SCWPlatform:: Platform Path C:/Users/kb40/Desktop/ECE385/labb6/final_proj_sdk/mb_usb_hdmi_top/hw/final_top.xsa
TRACE::2024-11-18.22:59:08::SCWPlatform:: Unique name xilinx:::0.0
TRACE::2024-11-18.22:59:08::SCWPlatform::Removing the HwDB with name C:/Users/kb40/Desktop/ECE385/labb6/final_proj_sdk/mb_usb_hdmi_top/hw/final_top.xsa
TRACE::2024-11-18.22:59:08::SCWPlatform::Trying to open the hw design at C:/Users/kb40/Desktop/ECE385/labb6/final_proj_sdk/mb_usb_hdmi_top/hw/final_top.xsa
TRACE::2024-11-18.22:59:08::SCWPlatform::DSA given C:/Users/kb40/Desktop/ECE385/labb6/final_proj_sdk/mb_usb_hdmi_top/hw/final_top.xsa
TRACE::2024-11-18.22:59:08::SCWPlatform::DSA absoulate path C:/Users/kb40/Desktop/ECE385/labb6/final_proj_sdk/mb_usb_hdmi_top/hw/final_top.xsa
TRACE::2024-11-18.22:59:08::SCWPlatform::DSA directory C:/Users/kb40/Desktop/ECE385/labb6/final_proj_sdk/mb_usb_hdmi_top/hw
TRACE::2024-11-18.22:59:08::SCWPlatform:: Platform Path C:/Users/kb40/Desktop/ECE385/labb6/final_proj_sdk/mb_usb_hdmi_top/hw/final_top.xsa
TRACE::2024-11-18.22:59:08::SCWPlatform:: Unique name xilinx:::0.0
TRACE::2024-11-18.22:59:08::SCWPlatform::Do not have an existing db opened. 
TRACE::2024-11-18.22:59:08::SCWPlatform::Opened new HwDB with name mb_usb_hdmi_top_6
TRACE::2024-11-18.22:59:08::SCWReader::Active system found as  mb_usb_hdmi_top
TRACE::2024-11-18.22:59:08::SCWReader::Handling sysconfig mb_usb_hdmi_top
TRACE::2024-11-18.22:59:08::SCWDomain::checking for install qemu data   : 
TRACE::2024-11-18.22:59:08::SCWPlatform::Trying to open the hw design at C:/Users/kb40/Desktop/ECE385/labb6/final_proj_sdk/mb_usb_hdmi_top/hw/final_top.xsa
TRACE::2024-11-18.22:59:08::SCWPlatform::DSA given C:/Users/kb40/Desktop/ECE385/labb6/final_proj_sdk/mb_usb_hdmi_top/hw/final_top.xsa
TRACE::2024-11-18.22:59:08::SCWPlatform::DSA absoulate path C:/Users/kb40/Desktop/ECE385/labb6/final_proj_sdk/mb_usb_hdmi_top/hw/final_top.xsa
TRACE::2024-11-18.22:59:08::SCWPlatform::DSA directory C:/Users/kb40/Desktop/ECE385/labb6/final_proj_sdk/mb_usb_hdmi_top/hw
TRACE::2024-11-18.22:59:08::SCWPlatform:: Platform Path C:/Users/kb40/Desktop/ECE385/labb6/final_proj_sdk/mb_usb_hdmi_top/hw/final_top.xsa
TRACE::2024-11-18.22:59:08::SCWPlatform:: Unique name xilinx:::0.0
TRACE::2024-11-18.22:59:08::SCWPlatform::Trying to set the existing hwdb with name mb_usb_hdmi_top_6
TRACE::2024-11-18.22:59:08::SCWPlatform::Opened existing hwdb mb_usb_hdmi_top_6
TRACE::2024-11-18.22:59:08::SCWPlatform::Found the Hw Db part of the input DSA
TRACE::2024-11-18.22:59:08::SCWPlatform::Trying to open the hw design at C:/Users/kb40/Desktop/ECE385/labb6/final_proj_sdk/mb_usb_hdmi_top/hw/final_top.xsa
TRACE::2024-11-18.22:59:08::SCWPlatform::DSA given C:/Users/kb40/Desktop/ECE385/labb6/final_proj_sdk/mb_usb_hdmi_top/hw/final_top.xsa
TRACE::2024-11-18.22:59:08::SCWPlatform::DSA absoulate path C:/Users/kb40/Desktop/ECE385/labb6/final_proj_sdk/mb_usb_hdmi_top/hw/final_top.xsa
TRACE::2024-11-18.22:59:08::SCWPlatform::DSA directory C:/Users/kb40/Desktop/ECE385/labb6/final_proj_sdk/mb_usb_hdmi_top/hw
TRACE::2024-11-18.22:59:08::SCWPlatform:: Platform Path C:/Users/kb40/Desktop/ECE385/labb6/final_proj_sdk/mb_usb_hdmi_top/hw/final_top.xsa
TRACE::2024-11-18.22:59:08::SCWPlatform:: Unique name xilinx:::0.0
TRACE::2024-11-18.22:59:08::SCWPlatform::Trying to set the existing hwdb with name mb_usb_hdmi_top_6
TRACE::2024-11-18.22:59:08::SCWPlatform::Opened existing hwdb mb_usb_hdmi_top_6
TRACE::2024-11-18.22:59:08::SCWPlatform::Found the Hw Db part of the input DSA
TRACE::2024-11-18.22:59:08::SCWPlatform::Trying to open the hw design at C:/Users/kb40/Desktop/ECE385/labb6/final_proj_sdk/mb_usb_hdmi_top/hw/final_top.xsa
TRACE::2024-11-18.22:59:08::SCWPlatform::DSA given C:/Users/kb40/Desktop/ECE385/labb6/final_proj_sdk/mb_usb_hdmi_top/hw/final_top.xsa
TRACE::2024-11-18.22:59:08::SCWPlatform::DSA absoulate path C:/Users/kb40/Desktop/ECE385/labb6/final_proj_sdk/mb_usb_hdmi_top/hw/final_top.xsa
TRACE::2024-11-18.22:59:08::SCWPlatform::DSA directory C:/Users/kb40/Desktop/ECE385/labb6/final_proj_sdk/mb_usb_hdmi_top/hw
TRACE::2024-11-18.22:59:08::SCWPlatform:: Platform Path C:/Users/kb40/Desktop/ECE385/labb6/final_proj_sdk/mb_usb_hdmi_top/hw/final_top.xsa
TRACE::2024-11-18.22:59:08::SCWPlatform:: Unique name xilinx:::0.0
TRACE::2024-11-18.22:59:08::SCWPlatform::Trying to set the existing hwdb with name mb_usb_hdmi_top_6
TRACE::2024-11-18.22:59:08::SCWPlatform::Opened existing hwdb mb_usb_hdmi_top_6
TRACE::2024-11-18.22:59:08::SCWPlatform::Found the Hw Db part of the input DSA
TRACE::2024-11-18.22:59:08::SCWPlatform::Trying to open the hw design at C:/Users/kb40/Desktop/ECE385/labb6/final_proj_sdk/mb_usb_hdmi_top/hw/final_top.xsa
TRACE::2024-11-18.22:59:09::SCWPlatform::DSA given C:/Users/kb40/Desktop/ECE385/labb6/final_proj_sdk/mb_usb_hdmi_top/hw/final_top.xsa
TRACE::2024-11-18.22:59:09::SCWPlatform::DSA absoulate path C:/Users/kb40/Desktop/ECE385/labb6/final_proj_sdk/mb_usb_hdmi_top/hw/final_top.xsa
TRACE::2024-11-18.22:59:09::SCWPlatform::DSA directory C:/Users/kb40/Desktop/ECE385/labb6/final_proj_sdk/mb_usb_hdmi_top/hw
TRACE::2024-11-18.22:59:09::SCWPlatform:: Platform Path C:/Users/kb40/Desktop/ECE385/labb6/final_proj_sdk/mb_usb_hdmi_top/hw/final_top.xsa
TRACE::2024-11-18.22:59:09::SCWPlatform:: Unique name xilinx:::0.0
TRACE::2024-11-18.22:59:09::SCWPlatform::Trying to set the existing hwdb with name mb_usb_hdmi_top_6
TRACE::2024-11-18.22:59:09::SCWPlatform::Opened existing hwdb mb_usb_hdmi_top_6
TRACE::2024-11-18.22:59:09::SCWPlatform::Found the Hw Db part of the input DSA
TRACE::2024-11-18.22:59:09::SCWMssOS::Checking the sw design at  C:/Users/kb40/Desktop/ECE385/labb6/final_proj_sdk/mb_usb_hdmi_top/microblaze_0/standalone_microblaze_0/bsp/system.mss
TRACE::2024-11-18.22:59:09::SCWMssOS::DEBUG:  swdes dump  
TRACE::2024-11-18.22:59:09::SCWMssOS::No sw design opened at  C:/Users/kb40/Desktop/ECE385/labb6/final_proj_sdk/mb_usb_hdmi_top/microblaze_0/standalone_microblaze_0/bsp/system.mss
TRACE::2024-11-18.22:59:09::SCWMssOS::mss exists loading the mss file  C:/Users/kb40/Desktop/ECE385/labb6/final_proj_sdk/mb_usb_hdmi_top/microblaze_0/standalone_microblaze_0/bsp/system.mss
TRACE::2024-11-18.22:59:09::SCWMssOS::Opened the sw design from mss  C:/Users/kb40/Desktop/ECE385/labb6/final_proj_sdk/mb_usb_hdmi_top/microblaze_0/standalone_microblaze_0/bsp/system.mss
TRACE::2024-11-18.22:59:09::SCWMssOS::Adding the swdes entry C:/Users/kb40/Desktop/ECE385/labb6/final_proj_sdk/mb_usb_hdmi_top/microblaze_0/standalone_microblaze_0/bsp/system.mss with des name system
TRACE::2024-11-18.22:59:09::SCWMssOS::updating the scw layer about changes
TRACE::2024-11-18.22:59:09::SCWMssOS::Opened the sw design.  C:/Users/kb40/Desktop/ECE385/labb6/final_proj_sdk/mb_usb_hdmi_top/microblaze_0/standalone_microblaze_0/bsp/system.mss
TRACE::2024-11-18.22:59:09::SCWMssOS::Saving the mss changes C:/Users/kb40/Desktop/ECE385/labb6/final_proj_sdk/mb_usb_hdmi_top/microblaze_0/standalone_microblaze_0/bsp/system.mss
TRACE::2024-11-18.22:59:09::SCWMssOS::Found a swdesign opened with the mssfile.
TRACE::2024-11-18.22:59:09::SCWMssOS::Completed writemss as part of save.
TRACE::2024-11-18.22:59:09::SCWMssOS::Commit changes completed.
TRACE::2024-11-18.22:59:09::SCWReader::Adding prebuilt librarypaths as   
TRACE::2024-11-18.22:59:09::SCWReader::Adding prebuilt incpaths  as   
TRACE::2024-11-18.22:59:09::SCWPlatform::Trying to open the hw design at C:/Users/kb40/Desktop/ECE385/labb6/final_proj_sdk/mb_usb_hdmi_top/hw/final_top.xsa
TRACE::2024-11-18.22:59:09::SCWPlatform::DSA given C:/Users/kb40/Desktop/ECE385/labb6/final_proj_sdk/mb_usb_hdmi_top/hw/final_top.xsa
TRACE::2024-11-18.22:59:09::SCWPlatform::DSA absoulate path C:/Users/kb40/Desktop/ECE385/labb6/final_proj_sdk/mb_usb_hdmi_top/hw/final_top.xsa
TRACE::2024-11-18.22:59:09::SCWPlatform::DSA directory C:/Users/kb40/Desktop/ECE385/labb6/final_proj_sdk/mb_usb_hdmi_top/hw
TRACE::2024-11-18.22:59:09::SCWPlatform:: Platform Path C:/Users/kb40/Desktop/ECE385/labb6/final_proj_sdk/mb_usb_hdmi_top/hw/final_top.xsa
TRACE::2024-11-18.22:59:09::SCWPlatform:: Unique name xilinx:::0.0
TRACE::2024-11-18.22:59:09::SCWPlatform::Trying to set the existing hwdb with name mb_usb_hdmi_top_6
TRACE::2024-11-18.22:59:09::SCWPlatform::Opened existing hwdb mb_usb_hdmi_top_6
TRACE::2024-11-18.22:59:09::SCWPlatform::Found the Hw Db part of the input DSA
TRACE::2024-11-18.22:59:09::SCWMssOS::Checking the sw design at  C:/Users/kb40/Desktop/ECE385/labb6/final_proj_sdk/mb_usb_hdmi_top/microblaze_0/standalone_microblaze_0/bsp/system.mss
TRACE::2024-11-18.22:59:09::SCWMssOS::DEBUG:  swdes dump  C:/Users/kb40/Desktop/ECE385/labb6/final_proj_sdk/mb_usb_hdmi_top/microblaze_0/standalone_microblaze_0/bsp/system.mss|system||

TRACE::2024-11-18.22:59:09::SCWMssOS::Sw design exists and opened at  C:/Users/kb40/Desktop/ECE385/labb6/final_proj_sdk/mb_usb_hdmi_top/microblaze_0/standalone_microblaze_0/bsp/system.mss
TRACE::2024-11-18.22:59:09::SCWReader::No isolation master present  
TRACE::2024-11-18.22:59:11::SCWPlatform::DSA given C:/Users/kb40/Desktop/ECE385/labb6/final_proj_sdk/mb_usb_hdmi_top/tempdsa/final_top.xsa
TRACE::2024-11-18.22:59:11::SCWPlatform::DSA absoulate path C:/Users/kb40/Desktop/ECE385/labb6/final_proj_sdk/mb_usb_hdmi_top/tempdsa/final_top.xsa
TRACE::2024-11-18.22:59:11::SCWPlatform:: Platform location is C:/Users/kb40/Desktop/ECE385/labb6/final_proj_sdk/mb_usb_hdmi_top/tempdsa
TRACE::2024-11-18.22:59:11::SCWPlatform:: Platform Path C:/Users/kb40/Desktop/ECE385/labb6/final_proj_sdk/mb_usb_hdmi_top/tempdsa/final_top.xsa
TRACE::2024-11-18.22:59:11::SCWPlatform:: Unique name xilinx:::0.0
TRACE::2024-11-18.22:59:12::SCWPlatform::Found the Hw Db part of the input DSA
TRACE::2024-11-18.22:59:12::SCWMssOS::Doing hw sync for the mss in domain: standalone_microblaze_0
TRACE::2024-11-18.22:59:12::SCWPlatform::Trying to open the hw design at C:/Users/kb40/Desktop/ECE385/labb6/final_proj_sdk/mb_usb_hdmi_top/hw/final_top.xsa
TRACE::2024-11-18.22:59:12::SCWPlatform::DSA given C:/Users/kb40/Desktop/ECE385/labb6/final_proj_sdk/mb_usb_hdmi_top/hw/final_top.xsa
TRACE::2024-11-18.22:59:12::SCWPlatform::DSA absoulate path C:/Users/kb40/Desktop/ECE385/labb6/final_proj_sdk/mb_usb_hdmi_top/hw/final_top.xsa
TRACE::2024-11-18.22:59:12::SCWPlatform::DSA directory C:/Users/kb40/Desktop/ECE385/labb6/final_proj_sdk/mb_usb_hdmi_top/hw
TRACE::2024-11-18.22:59:12::SCWPlatform:: Platform Path C:/Users/kb40/Desktop/ECE385/labb6/final_proj_sdk/mb_usb_hdmi_top/hw/final_top.xsa
TRACE::2024-11-18.22:59:12::SCWPlatform:: Unique name xilinx:::0.0
TRACE::2024-11-18.22:59:12::SCWPlatform::Trying to set the existing hwdb with name mb_usb_hdmi_top_6
TRACE::2024-11-18.22:59:12::SCWPlatform::Opened existing hwdb mb_usb_hdmi_top_6
TRACE::2024-11-18.22:59:12::SCWPlatform::Found the Hw Db part of the input DSA
TRACE::2024-11-18.22:59:12::SCWPlatform::Trying to open the hw design at C:/Users/kb40/Desktop/ECE385/labb6/final_proj_sdk/mb_usb_hdmi_top/hw/final_top.xsa
TRACE::2024-11-18.22:59:12::SCWPlatform::DSA given C:/Users/kb40/Desktop/ECE385/labb6/final_proj_sdk/mb_usb_hdmi_top/hw/final_top.xsa
TRACE::2024-11-18.22:59:12::SCWPlatform::DSA absoulate path C:/Users/kb40/Desktop/ECE385/labb6/final_proj_sdk/mb_usb_hdmi_top/hw/final_top.xsa
TRACE::2024-11-18.22:59:12::SCWPlatform::DSA directory C:/Users/kb40/Desktop/ECE385/labb6/final_proj_sdk/mb_usb_hdmi_top/hw
TRACE::2024-11-18.22:59:12::SCWPlatform:: Platform Path C:/Users/kb40/Desktop/ECE385/labb6/final_proj_sdk/mb_usb_hdmi_top/hw/final_top.xsa
TRACE::2024-11-18.22:59:12::SCWPlatform:: Unique name xilinx:::0.0
TRACE::2024-11-18.22:59:12::SCWPlatform::Trying to set the existing hwdb with name mb_usb_hdmi_top_6
TRACE::2024-11-18.22:59:12::SCWPlatform::Opened existing hwdb mb_usb_hdmi_top_6
TRACE::2024-11-18.22:59:12::SCWPlatform::Found the Hw Db part of the input DSA
TRACE::2024-11-18.22:59:12::SCWMssOS::Checking the sw design at  C:/Users/kb40/Desktop/ECE385/labb6/final_proj_sdk/mb_usb_hdmi_top/microblaze_0/standalone_microblaze_0/bsp/system.mss
TRACE::2024-11-18.22:59:12::SCWMssOS::DEBUG:  swdes dump  C:/Users/kb40/Desktop/ECE385/labb6/final_proj_sdk/mb_usb_hdmi_top/microblaze_0/standalone_microblaze_0/bsp/system.mss|system||

TRACE::2024-11-18.22:59:12::SCWMssOS::Sw design exists and opened at  C:/Users/kb40/Desktop/ECE385/labb6/final_proj_sdk/mb_usb_hdmi_top/microblaze_0/standalone_microblaze_0/bsp/system.mss
TRACE::2024-11-18.22:59:12::SCWPlatform::Trying to open the hw design at C:/Users/kb40/Desktop/ECE385/labb6/final_proj_sdk/mb_usb_hdmi_top/tempdsa/final_top.xsa
TRACE::2024-11-18.22:59:12::SCWPlatform::DSA given C:/Users/kb40/Desktop/ECE385/labb6/final_proj_sdk/mb_usb_hdmi_top/tempdsa/final_top.xsa
TRACE::2024-11-18.22:59:12::SCWPlatform::DSA absoulate path C:/Users/kb40/Desktop/ECE385/labb6/final_proj_sdk/mb_usb_hdmi_top/tempdsa/final_top.xsa
TRACE::2024-11-18.22:59:12::SCWPlatform::DSA directory C:/Users/kb40/Desktop/ECE385/labb6/final_proj_sdk/mb_usb_hdmi_top/tempdsa
TRACE::2024-11-18.22:59:12::SCWPlatform:: Platform Path C:/Users/kb40/Desktop/ECE385/labb6/final_proj_sdk/mb_usb_hdmi_top/tempdsa/final_top.xsa
TRACE::2024-11-18.22:59:12::SCWPlatform:: Unique name xilinx:::0.0
TRACE::2024-11-18.22:59:12::SCWPlatform::update - Opened existing hwdb mb_usb_hdmi_top_7
TRACE::2024-11-18.22:59:12::SCWPlatform::Found the Hw Db part of the input DSA
TRACE::2024-11-18.22:59:12::SCWMssOS::Saving the mss changes C:/Users/kb40/Desktop/ECE385/labb6/final_proj_sdk/mb_usb_hdmi_top/microblaze_0/standalone_microblaze_0/bsp/system.mss
TRACE::2024-11-18.22:59:12::SCWMssOS::Found a swdesign opened with the mssfile.
TRACE::2024-11-18.22:59:12::SCWMssOS::Completed writemss as part of save.
TRACE::2024-11-18.22:59:12::SCWMssOS::Commit changes completed.
TRACE::2024-11-18.22:59:12::SCWMssOS::Completed hw sync for the mss in domain: standalone_microblaze_0
TRACE::2024-11-18.22:59:12::SCWMssOS::Removing the swdes entry for  C:/Users/kb40/Desktop/ECE385/labb6/final_proj_sdk/mb_usb_hdmi_top/microblaze_0/standalone_microblaze_0/bsp/system.mss
TRACE::2024-11-18.22:59:12::SCWPlatform::Trying to open the hw design at C:/Users/kb40/Desktop/ECE385/labb6/final_proj_sdk/mb_usb_hdmi_top/hw/final_top.xsa
TRACE::2024-11-18.22:59:12::SCWPlatform::DSA given C:/Users/kb40/Desktop/ECE385/labb6/final_proj_sdk/mb_usb_hdmi_top/hw/final_top.xsa
TRACE::2024-11-18.22:59:12::SCWPlatform::DSA absoulate path C:/Users/kb40/Desktop/ECE385/labb6/final_proj_sdk/mb_usb_hdmi_top/hw/final_top.xsa
TRACE::2024-11-18.22:59:12::SCWPlatform::DSA directory C:/Users/kb40/Desktop/ECE385/labb6/final_proj_sdk/mb_usb_hdmi_top/hw
TRACE::2024-11-18.22:59:12::SCWPlatform:: Platform Path C:/Users/kb40/Desktop/ECE385/labb6/final_proj_sdk/mb_usb_hdmi_top/hw/final_top.xsa
TRACE::2024-11-18.22:59:12::SCWPlatform:: Unique name xilinx:::0.0
TRACE::2024-11-18.22:59:12::SCWPlatform::Do not have an existing db opened. 
TRACE::2024-11-18.22:59:12::SCWPlatform::Opened new HwDB with name mb_usb_hdmi_top_8
TRACE::2024-11-18.22:59:12::SCWMssOS::Saving the mss changes C:/Users/kb40/Desktop/ECE385/labb6/final_proj_sdk/mb_usb_hdmi_top/microblaze_0/standalone_microblaze_0/bsp/system.mss
TRACE::2024-11-18.22:59:12::SCWMssOS::Adding the swdes entry, mss present, able to open swdb C:/Users/kb40/Desktop/ECE385/labb6/final_proj_sdk/mb_usb_hdmi_top/microblaze_0/standalone_microblaze_0/bsp/system.mss with des name system
TRACE::2024-11-18.22:59:12::SCWMssOS::Writing the mss file completed C:/Users/kb40/Desktop/ECE385/labb6/final_proj_sdk/mb_usb_hdmi_top/microblaze_0/standalone_microblaze_0/bsp/system.mss
TRACE::2024-11-18.22:59:12::SCWMssOS::Commit changes completed.
TRACE::2024-11-18.22:59:12::SCWPlatform::Trying to open the hw design at C:/Users/kb40/Desktop/ECE385/labb6/final_proj_sdk/mb_usb_hdmi_top/hw/final_top.xsa
TRACE::2024-11-18.22:59:12::SCWPlatform::DSA given C:/Users/kb40/Desktop/ECE385/labb6/final_proj_sdk/mb_usb_hdmi_top/hw/final_top.xsa
TRACE::2024-11-18.22:59:12::SCWPlatform::DSA absoulate path C:/Users/kb40/Desktop/ECE385/labb6/final_proj_sdk/mb_usb_hdmi_top/hw/final_top.xsa
TRACE::2024-11-18.22:59:12::SCWPlatform::DSA directory C:/Users/kb40/Desktop/ECE385/labb6/final_proj_sdk/mb_usb_hdmi_top/hw
TRACE::2024-11-18.22:59:12::SCWPlatform:: Platform Path C:/Users/kb40/Desktop/ECE385/labb6/final_proj_sdk/mb_usb_hdmi_top/hw/final_top.xsa
TRACE::2024-11-18.22:59:12::SCWPlatform:: Unique name xilinx:::0.0
TRACE::2024-11-18.22:59:12::SCWPlatform::Trying to set the existing hwdb with name mb_usb_hdmi_top_8
TRACE::2024-11-18.22:59:12::SCWPlatform::Opened existing hwdb mb_usb_hdmi_top_8
TRACE::2024-11-18.22:59:12::SCWPlatform::Found the Hw Db part of the input DSA
TRACE::2024-11-18.22:59:12::SCWMssOS::Checking the sw design at  C:/Users/kb40/Desktop/ECE385/labb6/final_proj_sdk/mb_usb_hdmi_top/microblaze_0/standalone_microblaze_0/bsp/system.mss
TRACE::2024-11-18.22:59:12::SCWMssOS::DEBUG:  swdes dump  C:/Users/kb40/Desktop/ECE385/labb6/final_proj_sdk/mb_usb_hdmi_top/microblaze_0/standalone_microblaze_0/bsp/system.mss|system||

TRACE::2024-11-18.22:59:12::SCWMssOS::Sw design exists and opened at  C:/Users/kb40/Desktop/ECE385/labb6/final_proj_sdk/mb_usb_hdmi_top/microblaze_0/standalone_microblaze_0/bsp/system.mss
TRACE::2024-11-18.22:59:12::SCWWriter::formatted JSON is {
	"platformName":	"mb_usb_hdmi_top",
	"sprVersion":	"2.0",
	"mode":	"gui",
	"dsaType":	"Fixed",
	"platformDesc":	"mb_usb_hdmi_top",
	"platHandOff":	"C:/Users/kb40/Desktop/ECE385/labb6/final_top.xsa",
	"platIntHandOff":	"<platformDir>/hw/final_top.xsa",
	"deviceType":	"FPGA",
	"platIsPrebuiltAutogen":	"false",
	"platIsNoBootBsp":	"false",
	"hasFsblMakeHasChanges":	"false",
	"hasPmufwMakeHasChanges":	"false",
	"platPreBuiltFlag":	false,
	"platformSamplesDir":	"",
	"platActiveSys":	"mb_usb_hdmi_top",
	"systems":	[{
			"systemName":	"mb_usb_hdmi_top",
			"systemDesc":	"mb_usb_hdmi_top",
			"sysIsBootAutoGen":	"true",
			"systemDispName":	"mb_usb_hdmi_top",
			"sysActiveDom":	"standalone_microblaze_0",
			"sysDefaultDom":	"standalone_microblaze_0",
			"domains":	[{
					"domainName":	"standalone_microblaze_0",
					"domainDispName":	"standalone_microblaze_0",
					"domainDesc":	"standalone_microblaze_0",
					"processors":	"microblaze_0",
					"os":	"standalone",
					"sdxOs":	"standalone",
					"debugEnable":	"False",
					"domRuntimes":	["cpp"],
					"swRepo":	"",
					"mssOsVer":	"8.0",
					"mssFile":	"",
					"md5Digest":	"304529987e879521ca977c68d163f3621",
					"compatibleApp":	"",
					"domType":	"mssDomain",
					"arch":	"32-bit",
					"appSettings":	{
						"appCompilerFlags":	"",
						"appLinkerFlags":	""
					},
					"addedLibs":	[],
					"libOptions":	{
						"libsContainingOptions":	[]
					},
					"prebuiltLibs":	{
						"prebuiltIncPath":	[],
						"prebuiltLibPath":	[]
					},
					"isolation":	{
					}
				}]
		}]
}
LOG::2024-11-18.22:59:19::SCWPlatform::Started generating the artifacts platform mb_usb_hdmi_top
TRACE::2024-11-18.22:59:19::SCWPlatform::Sanity checking of platform is completed
LOG::2024-11-18.22:59:19::SCWPlatform::Started generating the artifacts for system configuration mb_usb_hdmi_top
LOG::2024-11-18.22:59:19::SCWSystem::Checking the domain standalone_microblaze_0
LOG::2024-11-18.22:59:19::SCWSystem::Not a boot domain 
LOG::2024-11-18.22:59:19::SCWSystem::Started Processing the domain standalone_microblaze_0
TRACE::2024-11-18.22:59:19::SCWDomain::Generating domain artifcats
TRACE::2024-11-18.22:59:19::SCWMssOS::Generating standalone artifcats
TRACE::2024-11-18.22:59:19::SCWMssOS:: Copying the user libraries. 
TRACE::2024-11-18.22:59:19::SCWPlatform::Trying to open the hw design at C:/Users/kb40/Desktop/ECE385/labb6/final_proj_sdk/mb_usb_hdmi_top/hw/final_top.xsa
TRACE::2024-11-18.22:59:19::SCWPlatform::DSA given C:/Users/kb40/Desktop/ECE385/labb6/final_proj_sdk/mb_usb_hdmi_top/hw/final_top.xsa
TRACE::2024-11-18.22:59:19::SCWPlatform::DSA absoulate path C:/Users/kb40/Desktop/ECE385/labb6/final_proj_sdk/mb_usb_hdmi_top/hw/final_top.xsa
TRACE::2024-11-18.22:59:19::SCWPlatform::DSA directory C:/Users/kb40/Desktop/ECE385/labb6/final_proj_sdk/mb_usb_hdmi_top/hw
TRACE::2024-11-18.22:59:19::SCWPlatform:: Platform Path C:/Users/kb40/Desktop/ECE385/labb6/final_proj_sdk/mb_usb_hdmi_top/hw/final_top.xsa
TRACE::2024-11-18.22:59:19::SCWPlatform:: Unique name xilinx:::0.0
TRACE::2024-11-18.22:59:19::SCWPlatform::Trying to set the existing hwdb with name mb_usb_hdmi_top_8
TRACE::2024-11-18.22:59:19::SCWPlatform::Opened existing hwdb mb_usb_hdmi_top_8
TRACE::2024-11-18.22:59:19::SCWPlatform::Found the Hw Db part of the input DSA
TRACE::2024-11-18.22:59:19::SCWMssOS::Checking the sw design at  C:/Users/kb40/Desktop/ECE385/labb6/final_proj_sdk/mb_usb_hdmi_top/microblaze_0/standalone_microblaze_0/bsp/system.mss
TRACE::2024-11-18.22:59:19::SCWMssOS::DEBUG:  swdes dump  C:/Users/kb40/Desktop/ECE385/labb6/final_proj_sdk/mb_usb_hdmi_top/microblaze_0/standalone_microblaze_0/bsp/system.mss|system||

TRACE::2024-11-18.22:59:19::SCWMssOS::Sw design exists and opened at  C:/Users/kb40/Desktop/ECE385/labb6/final_proj_sdk/mb_usb_hdmi_top/microblaze_0/standalone_microblaze_0/bsp/system.mss
TRACE::2024-11-18.22:59:19::SCWMssOS::Completed writing the mss file at C:/Users/kb40/Desktop/ECE385/labb6/final_proj_sdk/mb_usb_hdmi_top/microblaze_0/standalone_microblaze_0/bsp
TRACE::2024-11-18.22:59:19::SCWMssOS::Mss edits present, copying mssfile into export location C:/Users/kb40/Desktop/ECE385/labb6/final_proj_sdk/mb_usb_hdmi_top/microblaze_0/standalone_microblaze_0/bsp/system.mss
TRACE::2024-11-18.22:59:19::SCWMssOS::bsp generated is stale removing and regenerating. 
TRACE::2024-11-18.22:59:21::SCWMssOS::doing bsp build ... 
TRACE::2024-11-18.22:59:21::SCWMssOS::System Command Ran  C: & cd  C:/Users/kb40/Desktop/ECE385/labb6/final_proj_sdk/mb_usb_hdmi_top/microblaze_0/standalone_microblaze_0/bsp & make 
TRACE::2024-11-18.22:59:21::SCWMssOS::make --no-print-directory seq_libs

TRACE::2024-11-18.22:59:21::SCWMssOS::'Finished building libraries sequentially.'

TRACE::2024-11-18.22:59:21::SCWMssOS::make -j 10 --no-print-directory par_libs

TRACE::2024-11-18.22:59:21::SCWMssOS::"Running Make include in microblaze_0/libsrc/bram_v4_8/src"

TRACE::2024-11-18.22:59:21::SCWMssOS::make -C microblaze_0/libsrc/bram_v4_8/src -s include  "SHELL=CMD" "COMPILER=mb-gcc" "ASSEMBLER=mb-as" "ARCHIVER=mb-ar" "COMPILE
TRACE::2024-11-18.22:59:21::SCWMssOS::R_FLAGS=  -O2 -c -mcpu=v11.0 -mlittle-endian -mno-xl-reorder -mno-xl-soft-mul -mxl-barrel-shift -mxl-pattern-compare" "EXTRA_CO
TRACE::2024-11-18.22:59:21::SCWMssOS::MPILER_FLAGS=-g -ffunction-sections -fdata-sections -Wall -Wextra -fno-tree-loop-distribute-patterns"

TRACE::2024-11-18.22:59:21::SCWMssOS::"Running Make include in microblaze_0/libsrc/cpu_v2_16/src"

TRACE::2024-11-18.22:59:21::SCWMssOS::"Running Make include in microblaze_0/libsrc/gpio_v4_9/src"

TRACE::2024-11-18.22:59:21::SCWMssOS::make -C microblaze_0/libsrc/cpu_v2_16/src -s include  "SHELL=CMD" "COMPILER=mb-gcc" "ASSEMBLER=mb-as" "ARCHIVER=mb-ar" "COMPILE
TRACE::2024-11-18.22:59:21::SCWMssOS::R_FLAGS=  -O2 -c -mcpu=v11.0 -mlittle-endian -mno-xl-reorder -mno-xl-soft-mul -mxl-barrel-shift -mxl-pattern-compare" "EXTRA_CO
TRACE::2024-11-18.22:59:21::SCWMssOS::MPILER_FLAGS=-g -ffunction-sections -fdata-sections -Wall -Wextra -fno-tree-loop-distribute-patterns"

TRACE::2024-11-18.22:59:21::SCWMssOS::make -C microblaze_0/libsrc/gpio_v4_9/src -s include  "SHELL=CMD" "COMPILER=mb-gcc" "ASSEMBLER=mb-as" "ARCHIVER=mb-ar" "COMPILE
TRACE::2024-11-18.22:59:21::SCWMssOS::R_FLAGS=  -O2 -c -mcpu=v11.0 -mlittle-endian -mno-xl-reorder -mno-xl-soft-mul -mxl-barrel-shift -mxl-pattern-compare" "EXTRA_CO
TRACE::2024-11-18.22:59:21::SCWMssOS::MPILER_FLAGS=-g -ffunction-sections -fdata-sections -Wall -Wextra -fno-tree-loop-distribute-patterns"

TRACE::2024-11-18.22:59:21::SCWMssOS::"Running Make include in microblaze_0/libsrc/intc_v3_15/src"

TRACE::2024-11-18.22:59:21::SCWMssOS::make -C microblaze_0/libsrc/intc_v3_15/src -s include  "SHELL=CMD" "COMPILER=mb-gcc" "ASSEMBLER=mb-as" "ARCHIVER=mb-ar" "COMPIL
TRACE::2024-11-18.22:59:21::SCWMssOS::ER_FLAGS=  -O2 -c -mcpu=v11.0 -mlittle-endian -mno-xl-reorder -mno-xl-soft-mul -mxl-barrel-shift -mxl-pattern-compare" "EXTRA_C
TRACE::2024-11-18.22:59:21::SCWMssOS::OMPILER_FLAGS=-g -ffunction-sections -fdata-sections -Wall -Wextra -fno-tree-loop-distribute-patterns"

TRACE::2024-11-18.22:59:22::SCWMssOS::"Running Make include in microblaze_0/libsrc/spi_v4_9/src"

TRACE::2024-11-18.22:59:22::SCWMssOS::make -C microblaze_0/libsrc/spi_v4_9/src -s include  "SHELL=CMD" "COMPILER=mb-gcc" "ASSEMBLER=mb-as" "ARCHIVER=mb-ar" "COMPILER
TRACE::2024-11-18.22:59:22::SCWMssOS::_FLAGS=  -O2 -c -mcpu=v11.0 -mlittle-endian -mno-xl-reorder -mno-xl-soft-mul -mxl-barrel-shift -mxl-pattern-compare" "EXTRA_COM
TRACE::2024-11-18.22:59:22::SCWMssOS::PILER_FLAGS=-g -ffunction-sections -fdata-sections -Wall -Wextra -fno-tree-loop-distribute-patterns"

TRACE::2024-11-18.22:59:22::SCWMssOS::"Running Make include in microblaze_0/libsrc/standalone_v8_0/src"

TRACE::2024-11-18.22:59:22::SCWMssOS::make -C microblaze_0/libsrc/standalone_v8_0/src -s include  "SHELL=CMD" "COMPILER=mb-gcc" "ASSEMBLER=mb-as" "ARCHIVER=mb-ar" "C
TRACE::2024-11-18.22:59:22::SCWMssOS::OMPILER_FLAGS=  -O2 -c -mcpu=v11.0 -mlittle-endian -mno-xl-reorder -mno-xl-soft-mul -mxl-barrel-shift -mxl-pattern-compare" "EX
TRACE::2024-11-18.22:59:22::SCWMssOS::TRA_COMPILER_FLAGS=-g -ffunction-sections -fdata-sections -Wall -Wextra -fno-tree-loop-distribute-patterns"

TRACE::2024-11-18.22:59:22::SCWMssOS::"Running Make include in microblaze_0/libsrc/tmrctr_v4_9/src"

TRACE::2024-11-18.22:59:22::SCWMssOS::make -C microblaze_0/libsrc/tmrctr_v4_9/src -s include  "SHELL=CMD" "COMPILER=mb-gcc" "ASSEMBLER=mb-as" "ARCHIVER=mb-ar" "COMPI
TRACE::2024-11-18.22:59:22::SCWMssOS::LER_FLAGS=  -O2 -c -mcpu=v11.0 -mlittle-endian -mno-xl-reorder -mno-xl-soft-mul -mxl-barrel-shift -mxl-pattern-compare" "EXTRA_
TRACE::2024-11-18.22:59:22::SCWMssOS::COMPILER_FLAGS=-g -ffunction-sections -fdata-sections -Wall -Wextra -fno-tree-loop-distribute-patterns"

TRACE::2024-11-18.22:59:22::SCWMssOS::"Running Make include in microblaze_0/libsrc/uartlite_v3_7/src"

TRACE::2024-11-18.22:59:22::SCWMssOS::make -C microblaze_0/libsrc/uartlite_v3_7/src -s include  "SHELL=CMD" "COMPILER=mb-gcc" "ASSEMBLER=mb-as" "ARCHIVER=mb-ar" "COM
TRACE::2024-11-18.22:59:22::SCWMssOS::PILER_FLAGS=  -O2 -c -mcpu=v11.0 -mlittle-endian -mno-xl-reorder -mno-xl-soft-mul -mxl-barrel-shift -mxl-pattern-compare" "EXTR
TRACE::2024-11-18.22:59:22::SCWMssOS::A_COMPILER_FLAGS=-g -ffunction-sections -fdata-sections -Wall -Wextra -fno-tree-loop-distribute-patterns"

TRACE::2024-11-18.22:59:22::SCWMssOS::"Running Make libs in microblaze_0/libsrc/bram_v4_8/src"

TRACE::2024-11-18.22:59:22::SCWMssOS::make -C microblaze_0/libsrc/bram_v4_8/src -s libs  "SHELL=CMD" "COMPILER=mb-gcc" "ASSEMBLER=mb-as" "ARCHIVER=mb-ar" "COMPILER_F
TRACE::2024-11-18.22:59:22::SCWMssOS::LAGS=  -O2 -c -mcpu=v11.0 -mlittle-endian -mno-xl-reorder -mno-xl-soft-mul -mxl-barrel-shift -mxl-pattern-compare" "EXTRA_COMPI
TRACE::2024-11-18.22:59:22::SCWMssOS::LER_FLAGS=-g -ffunction-sections -fdata-sections -Wall -Wextra -fno-tree-loop-distribute-patterns"

TRACE::2024-11-18.22:59:22::SCWMssOS::"Running Make libs in microblaze_0/libsrc/cpu_v2_16/src"

TRACE::2024-11-18.22:59:22::SCWMssOS::make -C microblaze_0/libsrc/cpu_v2_16/src -s libs  "SHELL=CMD" "COMPILER=mb-gcc" "ASSEMBLER=mb-as" "ARCHIVER=mb-ar" "COMPILER_F
TRACE::2024-11-18.22:59:22::SCWMssOS::LAGS=  -O2 -c -mcpu=v11.0 -mlittle-endian -mno-xl-reorder -mno-xl-soft-mul -mxl-barrel-shift -mxl-pattern-compare" "EXTRA_COMPI
TRACE::2024-11-18.22:59:22::SCWMssOS::LER_FLAGS=-g -ffunction-sections -fdata-sections -Wall -Wextra -fno-tree-loop-distribute-patterns"

TRACE::2024-11-18.22:59:22::SCWMssOS::"Running Make libs in microblaze_0/libsrc/gpio_v4_9/src"

TRACE::2024-11-18.22:59:22::SCWMssOS::make -C microblaze_0/libsrc/gpio_v4_9/src -s libs  "SHELL=CMD" "COMPILER=mb-gcc" "ASSEMBLER=mb-as" "ARCHIVER=mb-ar" "COMPILER_F
TRACE::2024-11-18.22:59:22::SCWMssOS::LAGS=  -O2 -c -mcpu=v11.0 -mlittle-endian -mno-xl-reorder -mno-xl-soft-mul -mxl-barrel-shift -mxl-pattern-compare" "EXTRA_COMPI
TRACE::2024-11-18.22:59:22::SCWMssOS::LER_FLAGS=-g -ffunction-sections -fdata-sections -Wall -Wextra -fno-tree-loop-distribute-patterns"

TRACE::2024-11-18.22:59:22::SCWMssOS::"Running Make libs in microblaze_0/libsrc/intc_v3_15/src"

TRACE::2024-11-18.22:59:22::SCWMssOS::make -C microblaze_0/libsrc/intc_v3_15/src -s libs  "SHELL=CMD" "COMPILER=mb-gcc" "ASSEMBLER=mb-as" "ARCHIVER=mb-ar" "COMPILER_
TRACE::2024-11-18.22:59:22::SCWMssOS::FLAGS=  -O2 -c -mcpu=v11.0 -mlittle-endian -mno-xl-reorder -mno-xl-soft-mul -mxl-barrel-shift -mxl-pattern-compare" "EXTRA_COMP
TRACE::2024-11-18.22:59:22::SCWMssOS::ILER_FLAGS=-g -ffunction-sections -fdata-sections -Wall -Wextra -fno-tree-loop-distribute-patterns"

TRACE::2024-11-18.22:59:23::SCWMssOS::"Running Make libs in microblaze_0/libsrc/spi_v4_9/src"

TRACE::2024-11-18.22:59:23::SCWMssOS::make -C microblaze_0/libsrc/spi_v4_9/src -s libs  "SHELL=CMD" "COMPILER=mb-gcc" "ASSEMBLER=mb-as" "ARCHIVER=mb-ar" "COMPILER_FL
TRACE::2024-11-18.22:59:23::SCWMssOS::AGS=  -O2 -c -mcpu=v11.0 -mlittle-endian -mno-xl-reorder -mno-xl-soft-mul -mxl-barrel-shift -mxl-pattern-compare" "EXTRA_COMPIL
TRACE::2024-11-18.22:59:23::SCWMssOS::ER_FLAGS=-g -ffunction-sections -fdata-sections -Wall -Wextra -fno-tree-loop-distribute-patterns"

TRACE::2024-11-18.22:59:23::SCWMssOS::"Running Make libs in microblaze_0/libsrc/standalone_v8_0/src"

TRACE::2024-11-18.22:59:23::SCWMssOS::make -C microblaze_0/libsrc/standalone_v8_0/src -s libs  "SHELL=CMD" "COMPILER=mb-gcc" "ASSEMBLER=mb-as" "ARCHIVER=mb-ar" "COMP
TRACE::2024-11-18.22:59:23::SCWMssOS::ILER_FLAGS=  -O2 -c -mcpu=v11.0 -mlittle-endian -mno-xl-reorder -mno-xl-soft-mul -mxl-barrel-shift -mxl-pattern-compare" "EXTRA
TRACE::2024-11-18.22:59:23::SCWMssOS::_COMPILER_FLAGS=-g -ffunction-sections -fdata-sections -Wall -Wextra -fno-tree-loop-distribute-patterns"

TRACE::2024-11-18.22:59:23::SCWMssOS::"Running Make libs in microblaze_0/libsrc/tmrctr_v4_9/src"

TRACE::2024-11-18.22:59:23::SCWMssOS::make -C microblaze_0/libsrc/tmrctr_v4_9/src -s libs  "SHELL=CMD" "COMPILER=mb-gcc" "ASSEMBLER=mb-as" "ARCHIVER=mb-ar" "COMPILER
TRACE::2024-11-18.22:59:23::SCWMssOS::_FLAGS=  -O2 -c -mcpu=v11.0 -mlittle-endian -mno-xl-reorder -mno-xl-soft-mul -mxl-barrel-shift -mxl-pattern-compare" "EXTRA_COM
TRACE::2024-11-18.22:59:23::SCWMssOS::PILER_FLAGS=-g -ffunction-sections -fdata-sections -Wall -Wextra -fno-tree-loop-distribute-patterns"

TRACE::2024-11-18.22:59:23::SCWMssOS::"Running Make libs in microblaze_0/libsrc/uartlite_v3_7/src"

TRACE::2024-11-18.22:59:23::SCWMssOS::make -C microblaze_0/libsrc/uartlite_v3_7/src -s libs  "SHELL=CMD" "COMPILER=mb-gcc" "ASSEMBLER=mb-as" "ARCHIVER=mb-ar" "COMPIL
TRACE::2024-11-18.22:59:23::SCWMssOS::ER_FLAGS=  -O2 -c -mcpu=v11.0 -mlittle-endian -mno-xl-reorder -mno-xl-soft-mul -mxl-barrel-shift -mxl-pattern-compare" "EXTRA_C
TRACE::2024-11-18.22:59:23::SCWMssOS::OMPILER_FLAGS=-g -ffunction-sections -fdata-sections -Wall -Wextra -fno-tree-loop-distribute-patterns"

TRACE::2024-11-18.22:59:26::SCWMssOS::"DEBUG NON_LTO_OBJECTS is ../../../lib/microblaze_interrupt_handler.o"

TRACE::2024-11-18.22:59:26::SCWMssOS::'Finished building libraries parallelly.'

TRACE::2024-11-18.22:59:26::SCWMssOS::make --no-print-directory archive

TRACE::2024-11-18.22:59:26::SCWMssOS::mb-ar -r  microblaze_0/lib/libxil.a microblaze_0/lib/_exit.o microblaze_0/lib/errno.o microblaze_0/lib/fcntl.o microblaze_0/lib
TRACE::2024-11-18.22:59:26::SCWMssOS::/hw_exception_handler.o microblaze_0/lib/inbyte.o microblaze_0/lib/microblaze_disable_dcache.o microblaze_0/lib/microblaze_disa
TRACE::2024-11-18.22:59:26::SCWMssOS::ble_exceptions.o microblaze_0/lib/microblaze_disable_icache.o microblaze_0/lib/microblaze_disable_interrupts.o microblaze_0/lib
TRACE::2024-11-18.22:59:26::SCWMssOS::/microblaze_enable_dcache.o microblaze_0/lib/microblaze_enable_exceptions.o microblaze_0/lib/microblaze_enable_icache.o microbl
TRACE::2024-11-18.22:59:26::SCWMssOS::aze_0/lib/microblaze_enable_interrupts.o microblaze_0/lib/microblaze_exception_handler.o microblaze_0/lib/microblaze_flush_cach
TRACE::2024-11-18.22:59:26::SCWMssOS::e_ext.o microblaze_0/lib/microblaze_flush_cache_ext_range.o microblaze_0/lib/microblaze_flush_dcache.o microblaze_0/lib/microbl
TRACE::2024-11-18.22:59:26::SCWMssOS::aze_flush_dcache_range.o microblaze_0/lib/microblaze_init_dcache_range.o microblaze_0/lib/microblaze_init_icache_range.o microb
TRACE::2024-11-18.22:59:26::SCWMssOS::laze_0/lib/microblaze_interrupt_handler.o microblaze_0/lib/microblaze_interrupts_g.o microblaze_0/lib/microblaze_invalidate_cac
TRACE::2024-11-18.22:59:26::SCWMssOS::he_ext.o microblaze_0/lib/microblaze_invalidate_cache_ext_range.o microblaze_0/lib/microblaze_invalidate_dcache.o microblaze_0/
TRACE::2024-11-18.22:59:26::SCWMssOS::lib/microblaze_invalidate_dcache_range.o microblaze_0/lib/microblaze_invalidate_icache.o microblaze_0/lib/microblaze_invalidate
TRACE::2024-11-18.22:59:26::SCWMssOS::_icache_range.o microblaze_0/lib/microblaze_scrub.o microblaze_0/lib/microblaze_selftest.o microblaze_0/lib/microblaze_sleep.o 
TRACE::2024-11-18.22:59:26::SCWMssOS::microblaze_0/lib/microblaze_update_dcache.o microblaze_0/lib/microblaze_update_icache.o microblaze_0/lib/outbyte.o microblaze_0
TRACE::2024-11-18.22:59:26::SCWMssOS::/lib/print.o microblaze_0/lib/pvr.o microblaze_0/lib/xbram.o microblaze_0/lib/xbram_g.o microblaze_0/lib/xbram_intr.o microblaz
TRACE::2024-11-18.22:59:26::SCWMssOS::e_0/lib/xbram_selftest.o microblaze_0/lib/xbram_sinit.o microblaze_0/lib/xgpio.o microblaze_0/lib/xgpio_extra.o microblaze_0/li
TRACE::2024-11-18.22:59:26::SCWMssOS::b/xgpio_g.o microblaze_0/lib/xgpio_intr.o microblaze_0/lib/xgpio_selftest.o microblaze_0/lib/xgpio_sinit.o microblaze_0/lib/xil
TRACE::2024-11-18.22:59:26::SCWMssOS::_assert.o microblaze_0/lib/xil_cache.o microblaze_0/lib/xil_clocking.o microblaze_0/lib/xil_exception.o microblaze_0/lib/xil_me
TRACE::2024-11-18.22:59:26::SCWMssOS::m.o microblaze_0/lib/xil_misc_psreset_api.o microblaze_0/lib/xil_printf.o microblaze_0/lib/xil_sleepcommon.o microblaze_0/lib/x
TRACE::2024-11-18.22:59:26::SCWMssOS::il_testcache.o microblaze_0/lib/xil_testio.o microblaze_0/lib/xil_testmem.o microblaze_0/lib/xil_util.o microblaze_0/lib/xintc.
TRACE::2024-11-18.22:59:26::SCWMssOS::o microblaze_0/lib/xintc_g.o microblaze_0/lib/xintc_intr.o microblaze_0/lib/xintc_l.o microblaze_0/lib/xintc_options.o microbla
TRACE::2024-11-18.22:59:26::SCWMssOS::ze_0/lib/xintc_selftest.o microblaze_0/lib/xinterrupt_wrap.o microblaze_0/lib/xio.o microblaze_0/lib/xplatform_info.o microblaz
TRACE::2024-11-18.22:59:26::SCWMssOS::e_0/lib/xspi.o microblaze_0/lib/xspi_g.o microblaze_0/lib/xspi_options.o microblaze_0/lib/xspi_selftest.o microblaze_0/lib/xspi
TRACE::2024-11-18.22:59:26::SCWMssOS::_sinit.o microblaze_0/lib/xspi_stats.o microblaze_0/lib/xtmrctr.o microblaze_0/lib/xtmrctr_g.o microblaze_0/lib/xtmrctr_intr.o 
TRACE::2024-11-18.22:59:26::SCWMssOS::microblaze_0/lib/xtmrctr_l.o microblaze_0/lib/xtmrctr_options.o microblaze_0/lib/xtmrctr_selftest.o microblaze_0/lib/xtmrctr_si
TRACE::2024-11-18.22:59:26::SCWMssOS::nit.o microblaze_0/lib/xtmrctr_stats.o microblaze_0/lib/xuartlite.o microblaze_0/lib/xuartlite_g.o microblaze_0/lib/xuartlite_i
TRACE::2024-11-18.22:59:26::SCWMssOS::ntr.o microblaze_0/lib/xuartlite_l.o microblaze_0/lib/xuartlite_selftest.o microblaze_0/lib/xuartlite_sinit.o microblaze_0/lib/
TRACE::2024-11-18.22:59:26::SCWMssOS::xuartlite_stats.o

TRACE::2024-11-18.22:59:26::SCWMssOS::'Finished building libraries'

TRACE::2024-11-18.22:59:27::SCWMssOS:: Checking if to create the Supporting Applications
TRACE::2024-11-18.22:59:27::SCWMssOS:: No Linux domain exists, trying to generate FSBL 
LOG::2024-11-18.22:59:27::SCWSystem::Completed Processing the domain standalone_microblaze_0
LOG::2024-11-18.22:59:27::SCWSystem::Completed Processing the sysconfig mb_usb_hdmi_top
LOG::2024-11-18.22:59:27::SCWPlatform::Completed generating the artifacts for system configuration mb_usb_hdmi_top
TRACE::2024-11-18.22:59:27::SCWPlatform::Started preparing the platform 
TRACE::2024-11-18.22:59:27::SCWSystem::Writing the bif file for system config mb_usb_hdmi_top
TRACE::2024-11-18.22:59:27::SCWSystem::dir created 
TRACE::2024-11-18.22:59:27::SCWSystem::Writing the bif 
TRACE::2024-11-18.22:59:27::SCWPlatform::Started writing the spfm file 
TRACE::2024-11-18.22:59:27::SCWPlatform::Started writing the xpfm file 
TRACE::2024-11-18.22:59:27::SCWPlatform::Completed generating the platform
TRACE::2024-11-18.22:59:27::SCWMssOS::Saving the mss changes C:/Users/kb40/Desktop/ECE385/labb6/final_proj_sdk/mb_usb_hdmi_top/microblaze_0/standalone_microblaze_0/bsp/system.mss
TRACE::2024-11-18.22:59:27::SCWMssOS::Adding the swdes entry, mss present, able to open swdb C:/Users/kb40/Desktop/ECE385/labb6/final_proj_sdk/mb_usb_hdmi_top/microblaze_0/standalone_microblaze_0/bsp/system.mss with des name system
TRACE::2024-11-18.22:59:27::SCWMssOS::Writing the mss file completed C:/Users/kb40/Desktop/ECE385/labb6/final_proj_sdk/mb_usb_hdmi_top/microblaze_0/standalone_microblaze_0/bsp/system.mss
TRACE::2024-11-18.22:59:27::SCWMssOS::Commit changes completed.
TRACE::2024-11-18.22:59:27::SCWPlatform::Trying to open the hw design at C:/Users/kb40/Desktop/ECE385/labb6/final_proj_sdk/mb_usb_hdmi_top/hw/final_top.xsa
TRACE::2024-11-18.22:59:27::SCWPlatform::DSA given C:/Users/kb40/Desktop/ECE385/labb6/final_proj_sdk/mb_usb_hdmi_top/hw/final_top.xsa
TRACE::2024-11-18.22:59:27::SCWPlatform::DSA absoulate path C:/Users/kb40/Desktop/ECE385/labb6/final_proj_sdk/mb_usb_hdmi_top/hw/final_top.xsa
TRACE::2024-11-18.22:59:27::SCWPlatform::DSA directory C:/Users/kb40/Desktop/ECE385/labb6/final_proj_sdk/mb_usb_hdmi_top/hw
TRACE::2024-11-18.22:59:27::SCWPlatform:: Platform Path C:/Users/kb40/Desktop/ECE385/labb6/final_proj_sdk/mb_usb_hdmi_top/hw/final_top.xsa
TRACE::2024-11-18.22:59:27::SCWPlatform:: Unique name xilinx:::0.0
TRACE::2024-11-18.22:59:27::SCWPlatform::Trying to set the existing hwdb with name mb_usb_hdmi_top_8
TRACE::2024-11-18.22:59:27::SCWPlatform::Opened existing hwdb mb_usb_hdmi_top_8
TRACE::2024-11-18.22:59:27::SCWPlatform::Found the Hw Db part of the input DSA
TRACE::2024-11-18.22:59:27::SCWMssOS::Checking the sw design at  C:/Users/kb40/Desktop/ECE385/labb6/final_proj_sdk/mb_usb_hdmi_top/microblaze_0/standalone_microblaze_0/bsp/system.mss
TRACE::2024-11-18.22:59:27::SCWMssOS::DEBUG:  swdes dump  C:/Users/kb40/Desktop/ECE385/labb6/final_proj_sdk/mb_usb_hdmi_top/microblaze_0/standalone_microblaze_0/bsp/system.mss|system||

TRACE::2024-11-18.22:59:27::SCWMssOS::Sw design exists and opened at  C:/Users/kb40/Desktop/ECE385/labb6/final_proj_sdk/mb_usb_hdmi_top/microblaze_0/standalone_microblaze_0/bsp/system.mss
TRACE::2024-11-18.22:59:27::SCWWriter::formatted JSON is {
	"platformName":	"mb_usb_hdmi_top",
	"sprVersion":	"2.0",
	"mode":	"gui",
	"dsaType":	"Fixed",
	"platformDesc":	"mb_usb_hdmi_top",
	"platHandOff":	"C:/Users/kb40/Desktop/ECE385/labb6/final_top.xsa",
	"platIntHandOff":	"<platformDir>/hw/final_top.xsa",
	"deviceType":	"FPGA",
	"platIsPrebuiltAutogen":	"false",
	"platIsNoBootBsp":	"false",
	"hasFsblMakeHasChanges":	"false",
	"hasPmufwMakeHasChanges":	"false",
	"platPreBuiltFlag":	false,
	"platformSamplesDir":	"",
	"platActiveSys":	"mb_usb_hdmi_top",
	"systems":	[{
			"systemName":	"mb_usb_hdmi_top",
			"systemDesc":	"mb_usb_hdmi_top",
			"sysIsBootAutoGen":	"true",
			"systemDispName":	"mb_usb_hdmi_top",
			"sysActiveDom":	"standalone_microblaze_0",
			"sysDefaultDom":	"standalone_microblaze_0",
			"domains":	[{
					"domainName":	"standalone_microblaze_0",
					"domainDispName":	"standalone_microblaze_0",
					"domainDesc":	"standalone_microblaze_0",
					"processors":	"microblaze_0",
					"os":	"standalone",
					"sdxOs":	"standalone",
					"debugEnable":	"False",
					"domRuntimes":	["cpp"],
					"swRepo":	"",
					"mssOsVer":	"8.0",
					"mssFile":	"",
					"md5Digest":	"304529987e879521ca977c68d163f362",
					"compatibleApp":	"",
					"domType":	"mssDomain",
					"arch":	"32-bit",
					"appSettings":	{
						"appCompilerFlags":	"",
						"appLinkerFlags":	""
					},
					"addedLibs":	[],
					"libOptions":	{
						"libsContainingOptions":	[]
					},
					"prebuiltLibs":	{
						"prebuiltIncPath":	[],
						"prebuiltLibPath":	[]
					},
					"isolation":	{
					}
				}]
		}]
}
KEYINFO::2024-11-18.22:59:27::SCWPlatform::updated the xpfm file.
TRACE::2024-11-18.22:59:28::SCWPlatform::Trying to open the hw design at C:/Users/kb40/Desktop/ECE385/labb6/final_proj_sdk/mb_usb_hdmi_top/hw/final_top.xsa
TRACE::2024-11-18.22:59:28::SCWPlatform::DSA given C:/Users/kb40/Desktop/ECE385/labb6/final_proj_sdk/mb_usb_hdmi_top/hw/final_top.xsa
TRACE::2024-11-18.22:59:28::SCWPlatform::DSA absoulate path C:/Users/kb40/Desktop/ECE385/labb6/final_proj_sdk/mb_usb_hdmi_top/hw/final_top.xsa
TRACE::2024-11-18.22:59:28::SCWPlatform::DSA directory C:/Users/kb40/Desktop/ECE385/labb6/final_proj_sdk/mb_usb_hdmi_top/hw
TRACE::2024-11-18.22:59:28::SCWPlatform:: Platform Path C:/Users/kb40/Desktop/ECE385/labb6/final_proj_sdk/mb_usb_hdmi_top/hw/final_top.xsa
TRACE::2024-11-18.22:59:28::SCWPlatform:: Unique name xilinx:::0.0
TRACE::2024-11-18.22:59:28::SCWPlatform::Trying to set the existing hwdb with name mb_usb_hdmi_top_8
TRACE::2024-11-18.22:59:28::SCWPlatform::Opened existing hwdb mb_usb_hdmi_top_8
TRACE::2024-11-18.22:59:28::SCWPlatform::Found the Hw Db part of the input DSA
TRACE::2024-11-18.22:59:28::SCWMssOS::Checking the sw design at  C:/Users/kb40/Desktop/ECE385/labb6/final_proj_sdk/mb_usb_hdmi_top/microblaze_0/standalone_microblaze_0/bsp/system.mss
TRACE::2024-11-18.22:59:28::SCWMssOS::DEBUG:  swdes dump  C:/Users/kb40/Desktop/ECE385/labb6/final_proj_sdk/mb_usb_hdmi_top/microblaze_0/standalone_microblaze_0/bsp/system.mss|system||

TRACE::2024-11-18.22:59:28::SCWMssOS::Sw design exists and opened at  C:/Users/kb40/Desktop/ECE385/labb6/final_proj_sdk/mb_usb_hdmi_top/microblaze_0/standalone_microblaze_0/bsp/system.mss
TRACE::2024-11-18.23:00:15::SCWMssOS::cleaning the bsp 
TRACE::2024-11-18.23:00:15::SCWMssOS::System Command Ran  C: & cd  C:/Users/kb40/Desktop/ECE385/labb6/final_proj_sdk/mb_usb_hdmi_top/microblaze_0/standalone_microblaze_0/bsp & make clean 
TRACE::2024-11-18.23:00:15::SCWMssOS::make -C microblaze_0/libsrc/bram_v4_8/src -s clean 

TRACE::2024-11-18.23:00:15::SCWMssOS::make -C microblaze_0/libsrc/cpu_v2_16/src -s clean 

TRACE::2024-11-18.23:00:15::SCWMssOS::make -C microblaze_0/libsrc/gpio_v4_9/src -s clean 

TRACE::2024-11-18.23:00:15::SCWMssOS::make -C microblaze_0/libsrc/intc_v3_15/src -s clean 

TRACE::2024-11-18.23:00:15::SCWMssOS::make -C microblaze_0/libsrc/spi_v4_9/src -s clean 

TRACE::2024-11-18.23:00:16::SCWMssOS::make -C microblaze_0/libsrc/standalone_v8_0/src -s clean 

TRACE::2024-11-18.23:00:16::SCWMssOS::make -C microblaze_0/libsrc/tmrctr_v4_9/src -s clean 

TRACE::2024-11-18.23:00:16::SCWMssOS::make -C microblaze_0/libsrc/uartlite_v3_7/src -s clean 

TRACE::2024-11-18.23:00:16::SCWMssOS::rm -f microblaze_0/lib/libxil.a

TRACE::2024-11-18.23:00:23::SCWMssOS::cleaning the bsp 
TRACE::2024-11-18.23:00:23::SCWMssOS::System Command Ran  C: & cd  C:/Users/kb40/Desktop/ECE385/labb6/final_proj_sdk/mb_usb_hdmi_top/microblaze_0/standalone_microblaze_0/bsp & make clean 
TRACE::2024-11-18.23:00:23::SCWMssOS::make -C microblaze_0/libsrc/bram_v4_8/src -s clean 

TRACE::2024-11-18.23:00:23::SCWMssOS::make -C microblaze_0/libsrc/cpu_v2_16/src -s clean 

TRACE::2024-11-18.23:00:23::SCWMssOS::make -C microblaze_0/libsrc/gpio_v4_9/src -s clean 

TRACE::2024-11-18.23:00:23::SCWMssOS::make -C microblaze_0/libsrc/intc_v3_15/src -s clean 

TRACE::2024-11-18.23:00:23::SCWMssOS::make -C microblaze_0/libsrc/spi_v4_9/src -s clean 

TRACE::2024-11-18.23:00:24::SCWMssOS::make -C microblaze_0/libsrc/standalone_v8_0/src -s clean 

TRACE::2024-11-18.23:00:24::SCWMssOS::make -C microblaze_0/libsrc/tmrctr_v4_9/src -s clean 

TRACE::2024-11-18.23:00:24::SCWMssOS::make -C microblaze_0/libsrc/uartlite_v3_7/src -s clean 

TRACE::2024-11-18.23:00:24::SCWMssOS::rm -f microblaze_0/lib/libxil.a

TRACE::2024-11-18.23:00:32::SCWPlatform::Clearing the existing platform
TRACE::2024-11-18.23:00:32::SCWSystem::Clearing the existing sysconfig
TRACE::2024-11-18.23:00:32::SCWMssOS::Removing the swdes entry for  C:/Users/kb40/Desktop/ECE385/labb6/final_proj_sdk/mb_usb_hdmi_top/microblaze_0/standalone_microblaze_0/bsp/system.mss
TRACE::2024-11-18.23:00:32::SCWSystem::Clearing the domains completed.
TRACE::2024-11-18.23:00:32::SCWPlatform::Clearing the opened hw db.
TRACE::2024-11-18.23:00:32::SCWPlatform::DSA given C:/Users/kb40/Desktop/ECE385/labb6/final_proj_sdk/mb_usb_hdmi_top/hw/final_top.xsa
TRACE::2024-11-18.23:00:32::SCWPlatform::DSA absoulate path C:/Users/kb40/Desktop/ECE385/labb6/final_proj_sdk/mb_usb_hdmi_top/hw/final_top.xsa
TRACE::2024-11-18.23:00:32::SCWPlatform:: Platform location is C:/Users/kb40/Desktop/ECE385/labb6/final_proj_sdk/mb_usb_hdmi_top/hw
TRACE::2024-11-18.23:00:32::SCWPlatform:: Platform Path C:/Users/kb40/Desktop/ECE385/labb6/final_proj_sdk/mb_usb_hdmi_top/hw/final_top.xsa
TRACE::2024-11-18.23:00:32::SCWPlatform:: Unique name xilinx:::0.0
TRACE::2024-11-18.23:00:32::SCWPlatform::Removing the HwDB with name C:/Users/kb40/Desktop/ECE385/labb6/final_proj_sdk/mb_usb_hdmi_top/hw/final_top.xsa
TRACE::2024-11-18.23:00:32::SCWPlatform::Trying to open the hw design at C:/Users/kb40/Desktop/ECE385/labb6/final_proj_sdk/mb_usb_hdmi_top/hw/final_top.xsa
TRACE::2024-11-18.23:00:32::SCWPlatform::DSA given C:/Users/kb40/Desktop/ECE385/labb6/final_proj_sdk/mb_usb_hdmi_top/hw/final_top.xsa
TRACE::2024-11-18.23:00:32::SCWPlatform::DSA absoulate path C:/Users/kb40/Desktop/ECE385/labb6/final_proj_sdk/mb_usb_hdmi_top/hw/final_top.xsa
TRACE::2024-11-18.23:00:32::SCWPlatform::DSA directory C:/Users/kb40/Desktop/ECE385/labb6/final_proj_sdk/mb_usb_hdmi_top/hw
TRACE::2024-11-18.23:00:32::SCWPlatform:: Platform Path C:/Users/kb40/Desktop/ECE385/labb6/final_proj_sdk/mb_usb_hdmi_top/hw/final_top.xsa
TRACE::2024-11-18.23:00:32::SCWPlatform:: Unique name xilinx:::0.0
TRACE::2024-11-18.23:00:32::SCWPlatform::Do not have an existing db opened. 
TRACE::2024-11-18.23:00:32::SCWPlatform::Opened new HwDB with name mb_usb_hdmi_top_9
TRACE::2024-11-18.23:00:32::SCWReader::Active system found as  mb_usb_hdmi_top
TRACE::2024-11-18.23:00:32::SCWReader::Handling sysconfig mb_usb_hdmi_top
TRACE::2024-11-18.23:00:32::SCWDomain::checking for install qemu data   : 
TRACE::2024-11-18.23:00:32::SCWPlatform::Trying to open the hw design at C:/Users/kb40/Desktop/ECE385/labb6/final_proj_sdk/mb_usb_hdmi_top/hw/final_top.xsa
TRACE::2024-11-18.23:00:32::SCWPlatform::DSA given C:/Users/kb40/Desktop/ECE385/labb6/final_proj_sdk/mb_usb_hdmi_top/hw/final_top.xsa
TRACE::2024-11-18.23:00:32::SCWPlatform::DSA absoulate path C:/Users/kb40/Desktop/ECE385/labb6/final_proj_sdk/mb_usb_hdmi_top/hw/final_top.xsa
TRACE::2024-11-18.23:00:32::SCWPlatform::DSA directory C:/Users/kb40/Desktop/ECE385/labb6/final_proj_sdk/mb_usb_hdmi_top/hw
TRACE::2024-11-18.23:00:32::SCWPlatform:: Platform Path C:/Users/kb40/Desktop/ECE385/labb6/final_proj_sdk/mb_usb_hdmi_top/hw/final_top.xsa
TRACE::2024-11-18.23:00:32::SCWPlatform:: Unique name xilinx:::0.0
TRACE::2024-11-18.23:00:32::SCWPlatform::Trying to set the existing hwdb with name mb_usb_hdmi_top_9
TRACE::2024-11-18.23:00:32::SCWPlatform::Opened existing hwdb mb_usb_hdmi_top_9
TRACE::2024-11-18.23:00:32::SCWPlatform::Found the Hw Db part of the input DSA
TRACE::2024-11-18.23:00:32::SCWPlatform::Trying to open the hw design at C:/Users/kb40/Desktop/ECE385/labb6/final_proj_sdk/mb_usb_hdmi_top/hw/final_top.xsa
TRACE::2024-11-18.23:00:32::SCWPlatform::DSA given C:/Users/kb40/Desktop/ECE385/labb6/final_proj_sdk/mb_usb_hdmi_top/hw/final_top.xsa
TRACE::2024-11-18.23:00:32::SCWPlatform::DSA absoulate path C:/Users/kb40/Desktop/ECE385/labb6/final_proj_sdk/mb_usb_hdmi_top/hw/final_top.xsa
TRACE::2024-11-18.23:00:32::SCWPlatform::DSA directory C:/Users/kb40/Desktop/ECE385/labb6/final_proj_sdk/mb_usb_hdmi_top/hw
TRACE::2024-11-18.23:00:32::SCWPlatform:: Platform Path C:/Users/kb40/Desktop/ECE385/labb6/final_proj_sdk/mb_usb_hdmi_top/hw/final_top.xsa
TRACE::2024-11-18.23:00:32::SCWPlatform:: Unique name xilinx:::0.0
TRACE::2024-11-18.23:00:32::SCWPlatform::Trying to set the existing hwdb with name mb_usb_hdmi_top_9
TRACE::2024-11-18.23:00:32::SCWPlatform::Opened existing hwdb mb_usb_hdmi_top_9
TRACE::2024-11-18.23:00:32::SCWPlatform::Found the Hw Db part of the input DSA
TRACE::2024-11-18.23:00:32::SCWPlatform::Trying to open the hw design at C:/Users/kb40/Desktop/ECE385/labb6/final_proj_sdk/mb_usb_hdmi_top/hw/final_top.xsa
TRACE::2024-11-18.23:00:32::SCWPlatform::DSA given C:/Users/kb40/Desktop/ECE385/labb6/final_proj_sdk/mb_usb_hdmi_top/hw/final_top.xsa
TRACE::2024-11-18.23:00:32::SCWPlatform::DSA absoulate path C:/Users/kb40/Desktop/ECE385/labb6/final_proj_sdk/mb_usb_hdmi_top/hw/final_top.xsa
TRACE::2024-11-18.23:00:32::SCWPlatform::DSA directory C:/Users/kb40/Desktop/ECE385/labb6/final_proj_sdk/mb_usb_hdmi_top/hw
TRACE::2024-11-18.23:00:32::SCWPlatform:: Platform Path C:/Users/kb40/Desktop/ECE385/labb6/final_proj_sdk/mb_usb_hdmi_top/hw/final_top.xsa
TRACE::2024-11-18.23:00:32::SCWPlatform:: Unique name xilinx:::0.0
TRACE::2024-11-18.23:00:32::SCWPlatform::Trying to set the existing hwdb with name mb_usb_hdmi_top_9
TRACE::2024-11-18.23:00:32::SCWPlatform::Opened existing hwdb mb_usb_hdmi_top_9
TRACE::2024-11-18.23:00:32::SCWPlatform::Found the Hw Db part of the input DSA
TRACE::2024-11-18.23:00:32::SCWPlatform::Trying to open the hw design at C:/Users/kb40/Desktop/ECE385/labb6/final_proj_sdk/mb_usb_hdmi_top/hw/final_top.xsa
TRACE::2024-11-18.23:00:32::SCWPlatform::DSA given C:/Users/kb40/Desktop/ECE385/labb6/final_proj_sdk/mb_usb_hdmi_top/hw/final_top.xsa
TRACE::2024-11-18.23:00:32::SCWPlatform::DSA absoulate path C:/Users/kb40/Desktop/ECE385/labb6/final_proj_sdk/mb_usb_hdmi_top/hw/final_top.xsa
TRACE::2024-11-18.23:00:32::SCWPlatform::DSA directory C:/Users/kb40/Desktop/ECE385/labb6/final_proj_sdk/mb_usb_hdmi_top/hw
TRACE::2024-11-18.23:00:32::SCWPlatform:: Platform Path C:/Users/kb40/Desktop/ECE385/labb6/final_proj_sdk/mb_usb_hdmi_top/hw/final_top.xsa
TRACE::2024-11-18.23:00:32::SCWPlatform:: Unique name xilinx:::0.0
TRACE::2024-11-18.23:00:32::SCWPlatform::Trying to set the existing hwdb with name mb_usb_hdmi_top_9
TRACE::2024-11-18.23:00:32::SCWPlatform::Opened existing hwdb mb_usb_hdmi_top_9
TRACE::2024-11-18.23:00:32::SCWPlatform::Found the Hw Db part of the input DSA
TRACE::2024-11-18.23:00:32::SCWMssOS::Checking the sw design at  C:/Users/kb40/Desktop/ECE385/labb6/final_proj_sdk/mb_usb_hdmi_top/microblaze_0/standalone_microblaze_0/bsp/system.mss
TRACE::2024-11-18.23:00:32::SCWMssOS::DEBUG:  swdes dump  
TRACE::2024-11-18.23:00:32::SCWMssOS::No sw design opened at  C:/Users/kb40/Desktop/ECE385/labb6/final_proj_sdk/mb_usb_hdmi_top/microblaze_0/standalone_microblaze_0/bsp/system.mss
TRACE::2024-11-18.23:00:32::SCWMssOS::mss exists loading the mss file  C:/Users/kb40/Desktop/ECE385/labb6/final_proj_sdk/mb_usb_hdmi_top/microblaze_0/standalone_microblaze_0/bsp/system.mss
TRACE::2024-11-18.23:00:32::SCWMssOS::Opened the sw design from mss  C:/Users/kb40/Desktop/ECE385/labb6/final_proj_sdk/mb_usb_hdmi_top/microblaze_0/standalone_microblaze_0/bsp/system.mss
TRACE::2024-11-18.23:00:32::SCWMssOS::Adding the swdes entry C:/Users/kb40/Desktop/ECE385/labb6/final_proj_sdk/mb_usb_hdmi_top/microblaze_0/standalone_microblaze_0/bsp/system.mss with des name system
TRACE::2024-11-18.23:00:32::SCWMssOS::updating the scw layer about changes
TRACE::2024-11-18.23:00:32::SCWMssOS::Opened the sw design.  C:/Users/kb40/Desktop/ECE385/labb6/final_proj_sdk/mb_usb_hdmi_top/microblaze_0/standalone_microblaze_0/bsp/system.mss
TRACE::2024-11-18.23:00:32::SCWMssOS::Saving the mss changes C:/Users/kb40/Desktop/ECE385/labb6/final_proj_sdk/mb_usb_hdmi_top/microblaze_0/standalone_microblaze_0/bsp/system.mss
TRACE::2024-11-18.23:00:32::SCWMssOS::Found a swdesign opened with the mssfile.
TRACE::2024-11-18.23:00:32::SCWMssOS::Completed writemss as part of save.
TRACE::2024-11-18.23:00:32::SCWMssOS::Commit changes completed.
TRACE::2024-11-18.23:00:32::SCWReader::Adding prebuilt librarypaths as   
TRACE::2024-11-18.23:00:32::SCWReader::Adding prebuilt incpaths  as   
TRACE::2024-11-18.23:00:32::SCWPlatform::Trying to open the hw design at C:/Users/kb40/Desktop/ECE385/labb6/final_proj_sdk/mb_usb_hdmi_top/hw/final_top.xsa
TRACE::2024-11-18.23:00:32::SCWPlatform::DSA given C:/Users/kb40/Desktop/ECE385/labb6/final_proj_sdk/mb_usb_hdmi_top/hw/final_top.xsa
TRACE::2024-11-18.23:00:32::SCWPlatform::DSA absoulate path C:/Users/kb40/Desktop/ECE385/labb6/final_proj_sdk/mb_usb_hdmi_top/hw/final_top.xsa
TRACE::2024-11-18.23:00:32::SCWPlatform::DSA directory C:/Users/kb40/Desktop/ECE385/labb6/final_proj_sdk/mb_usb_hdmi_top/hw
TRACE::2024-11-18.23:00:32::SCWPlatform:: Platform Path C:/Users/kb40/Desktop/ECE385/labb6/final_proj_sdk/mb_usb_hdmi_top/hw/final_top.xsa
TRACE::2024-11-18.23:00:32::SCWPlatform:: Unique name xilinx:::0.0
TRACE::2024-11-18.23:00:32::SCWPlatform::Trying to set the existing hwdb with name mb_usb_hdmi_top_9
TRACE::2024-11-18.23:00:32::SCWPlatform::Opened existing hwdb mb_usb_hdmi_top_9
TRACE::2024-11-18.23:00:32::SCWPlatform::Found the Hw Db part of the input DSA
TRACE::2024-11-18.23:00:32::SCWMssOS::Checking the sw design at  C:/Users/kb40/Desktop/ECE385/labb6/final_proj_sdk/mb_usb_hdmi_top/microblaze_0/standalone_microblaze_0/bsp/system.mss
TRACE::2024-11-18.23:00:32::SCWMssOS::DEBUG:  swdes dump  C:/Users/kb40/Desktop/ECE385/labb6/final_proj_sdk/mb_usb_hdmi_top/microblaze_0/standalone_microblaze_0/bsp/system.mss|system||

TRACE::2024-11-18.23:00:32::SCWMssOS::Sw design exists and opened at  C:/Users/kb40/Desktop/ECE385/labb6/final_proj_sdk/mb_usb_hdmi_top/microblaze_0/standalone_microblaze_0/bsp/system.mss
TRACE::2024-11-18.23:00:32::SCWReader::No isolation master present  
TRACE::2024-11-18.23:00:45::SCWPlatform::DSA given C:/Users/kb40/Desktop/ECE385/labb6/final_proj_sdk/mb_usb_hdmi_top/tempdsa/final_top.xsa
TRACE::2024-11-18.23:00:45::SCWPlatform::DSA absoulate path C:/Users/kb40/Desktop/ECE385/labb6/final_proj_sdk/mb_usb_hdmi_top/tempdsa/final_top.xsa
TRACE::2024-11-18.23:00:45::SCWPlatform:: Platform location is C:/Users/kb40/Desktop/ECE385/labb6/final_proj_sdk/mb_usb_hdmi_top/tempdsa
TRACE::2024-11-18.23:00:45::SCWPlatform:: Platform Path C:/Users/kb40/Desktop/ECE385/labb6/final_proj_sdk/mb_usb_hdmi_top/tempdsa/final_top.xsa
TRACE::2024-11-18.23:00:45::SCWPlatform:: Unique name xilinx:::0.0
TRACE::2024-11-18.23:00:45::SCWPlatform::Found the Hw Db part of the input DSA
TRACE::2024-11-18.23:00:45::SCWMssOS::Doing hw sync for the mss in domain: standalone_microblaze_0
TRACE::2024-11-18.23:00:45::SCWPlatform::Trying to open the hw design at C:/Users/kb40/Desktop/ECE385/labb6/final_proj_sdk/mb_usb_hdmi_top/hw/final_top.xsa
TRACE::2024-11-18.23:00:45::SCWPlatform::DSA given C:/Users/kb40/Desktop/ECE385/labb6/final_proj_sdk/mb_usb_hdmi_top/hw/final_top.xsa
TRACE::2024-11-18.23:00:45::SCWPlatform::DSA absoulate path C:/Users/kb40/Desktop/ECE385/labb6/final_proj_sdk/mb_usb_hdmi_top/hw/final_top.xsa
TRACE::2024-11-18.23:00:45::SCWPlatform::DSA directory C:/Users/kb40/Desktop/ECE385/labb6/final_proj_sdk/mb_usb_hdmi_top/hw
TRACE::2024-11-18.23:00:45::SCWPlatform:: Platform Path C:/Users/kb40/Desktop/ECE385/labb6/final_proj_sdk/mb_usb_hdmi_top/hw/final_top.xsa
TRACE::2024-11-18.23:00:45::SCWPlatform:: Unique name xilinx:::0.0
TRACE::2024-11-18.23:00:45::SCWPlatform::Trying to set the existing hwdb with name mb_usb_hdmi_top_9
TRACE::2024-11-18.23:00:45::SCWPlatform::Opened existing hwdb mb_usb_hdmi_top_9
TRACE::2024-11-18.23:00:45::SCWPlatform::Found the Hw Db part of the input DSA
TRACE::2024-11-18.23:00:45::SCWPlatform::Trying to open the hw design at C:/Users/kb40/Desktop/ECE385/labb6/final_proj_sdk/mb_usb_hdmi_top/hw/final_top.xsa
TRACE::2024-11-18.23:00:45::SCWPlatform::DSA given C:/Users/kb40/Desktop/ECE385/labb6/final_proj_sdk/mb_usb_hdmi_top/hw/final_top.xsa
TRACE::2024-11-18.23:00:45::SCWPlatform::DSA absoulate path C:/Users/kb40/Desktop/ECE385/labb6/final_proj_sdk/mb_usb_hdmi_top/hw/final_top.xsa
TRACE::2024-11-18.23:00:45::SCWPlatform::DSA directory C:/Users/kb40/Desktop/ECE385/labb6/final_proj_sdk/mb_usb_hdmi_top/hw
TRACE::2024-11-18.23:00:45::SCWPlatform:: Platform Path C:/Users/kb40/Desktop/ECE385/labb6/final_proj_sdk/mb_usb_hdmi_top/hw/final_top.xsa
TRACE::2024-11-18.23:00:45::SCWPlatform:: Unique name xilinx:::0.0
TRACE::2024-11-18.23:00:45::SCWPlatform::Trying to set the existing hwdb with name mb_usb_hdmi_top_9
TRACE::2024-11-18.23:00:45::SCWPlatform::Opened existing hwdb mb_usb_hdmi_top_9
TRACE::2024-11-18.23:00:45::SCWPlatform::Found the Hw Db part of the input DSA
TRACE::2024-11-18.23:00:45::SCWMssOS::Checking the sw design at  C:/Users/kb40/Desktop/ECE385/labb6/final_proj_sdk/mb_usb_hdmi_top/microblaze_0/standalone_microblaze_0/bsp/system.mss
TRACE::2024-11-18.23:00:45::SCWMssOS::DEBUG:  swdes dump  C:/Users/kb40/Desktop/ECE385/labb6/final_proj_sdk/mb_usb_hdmi_top/microblaze_0/standalone_microblaze_0/bsp/system.mss|system||

TRACE::2024-11-18.23:00:45::SCWMssOS::Sw design exists and opened at  C:/Users/kb40/Desktop/ECE385/labb6/final_proj_sdk/mb_usb_hdmi_top/microblaze_0/standalone_microblaze_0/bsp/system.mss
TRACE::2024-11-18.23:00:45::SCWPlatform::Trying to open the hw design at C:/Users/kb40/Desktop/ECE385/labb6/final_proj_sdk/mb_usb_hdmi_top/tempdsa/final_top.xsa
TRACE::2024-11-18.23:00:45::SCWPlatform::DSA given C:/Users/kb40/Desktop/ECE385/labb6/final_proj_sdk/mb_usb_hdmi_top/tempdsa/final_top.xsa
TRACE::2024-11-18.23:00:45::SCWPlatform::DSA absoulate path C:/Users/kb40/Desktop/ECE385/labb6/final_proj_sdk/mb_usb_hdmi_top/tempdsa/final_top.xsa
TRACE::2024-11-18.23:00:45::SCWPlatform::DSA directory C:/Users/kb40/Desktop/ECE385/labb6/final_proj_sdk/mb_usb_hdmi_top/tempdsa
TRACE::2024-11-18.23:00:45::SCWPlatform:: Platform Path C:/Users/kb40/Desktop/ECE385/labb6/final_proj_sdk/mb_usb_hdmi_top/tempdsa/final_top.xsa
TRACE::2024-11-18.23:00:45::SCWPlatform:: Unique name xilinx:::0.0
TRACE::2024-11-18.23:00:45::SCWPlatform::update - Opened existing hwdb mb_usb_hdmi_top_10
TRACE::2024-11-18.23:00:45::SCWPlatform::Found the Hw Db part of the input DSA
TRACE::2024-11-18.23:00:45::SCWMssOS::Saving the mss changes C:/Users/kb40/Desktop/ECE385/labb6/final_proj_sdk/mb_usb_hdmi_top/microblaze_0/standalone_microblaze_0/bsp/system.mss
TRACE::2024-11-18.23:00:45::SCWMssOS::Found a swdesign opened with the mssfile.
TRACE::2024-11-18.23:00:45::SCWMssOS::Completed writemss as part of save.
TRACE::2024-11-18.23:00:45::SCWMssOS::Commit changes completed.
TRACE::2024-11-18.23:00:45::SCWMssOS::Completed hw sync for the mss in domain: standalone_microblaze_0
TRACE::2024-11-18.23:00:45::SCWMssOS::Removing the swdes entry for  C:/Users/kb40/Desktop/ECE385/labb6/final_proj_sdk/mb_usb_hdmi_top/microblaze_0/standalone_microblaze_0/bsp/system.mss
TRACE::2024-11-18.23:00:45::SCWPlatform::Trying to open the hw design at C:/Users/kb40/Desktop/ECE385/labb6/final_proj_sdk/mb_usb_hdmi_top/hw/final_top.xsa
TRACE::2024-11-18.23:00:45::SCWPlatform::DSA given C:/Users/kb40/Desktop/ECE385/labb6/final_proj_sdk/mb_usb_hdmi_top/hw/final_top.xsa
TRACE::2024-11-18.23:00:45::SCWPlatform::DSA absoulate path C:/Users/kb40/Desktop/ECE385/labb6/final_proj_sdk/mb_usb_hdmi_top/hw/final_top.xsa
TRACE::2024-11-18.23:00:45::SCWPlatform::DSA directory C:/Users/kb40/Desktop/ECE385/labb6/final_proj_sdk/mb_usb_hdmi_top/hw
TRACE::2024-11-18.23:00:45::SCWPlatform:: Platform Path C:/Users/kb40/Desktop/ECE385/labb6/final_proj_sdk/mb_usb_hdmi_top/hw/final_top.xsa
TRACE::2024-11-18.23:00:45::SCWPlatform:: Unique name xilinx:::0.0
TRACE::2024-11-18.23:00:45::SCWPlatform::Do not have an existing db opened. 
TRACE::2024-11-18.23:00:45::SCWPlatform::Opened new HwDB with name mb_usb_hdmi_top_11
TRACE::2024-11-18.23:00:45::SCWMssOS::Saving the mss changes C:/Users/kb40/Desktop/ECE385/labb6/final_proj_sdk/mb_usb_hdmi_top/microblaze_0/standalone_microblaze_0/bsp/system.mss
TRACE::2024-11-18.23:00:45::SCWMssOS::Adding the swdes entry, mss present, able to open swdb C:/Users/kb40/Desktop/ECE385/labb6/final_proj_sdk/mb_usb_hdmi_top/microblaze_0/standalone_microblaze_0/bsp/system.mss with des name system
TRACE::2024-11-18.23:00:45::SCWMssOS::Writing the mss file completed C:/Users/kb40/Desktop/ECE385/labb6/final_proj_sdk/mb_usb_hdmi_top/microblaze_0/standalone_microblaze_0/bsp/system.mss
TRACE::2024-11-18.23:00:45::SCWMssOS::Commit changes completed.
TRACE::2024-11-18.23:00:45::SCWPlatform::Trying to open the hw design at C:/Users/kb40/Desktop/ECE385/labb6/final_proj_sdk/mb_usb_hdmi_top/hw/final_top.xsa
TRACE::2024-11-18.23:00:45::SCWPlatform::DSA given C:/Users/kb40/Desktop/ECE385/labb6/final_proj_sdk/mb_usb_hdmi_top/hw/final_top.xsa
TRACE::2024-11-18.23:00:45::SCWPlatform::DSA absoulate path C:/Users/kb40/Desktop/ECE385/labb6/final_proj_sdk/mb_usb_hdmi_top/hw/final_top.xsa
TRACE::2024-11-18.23:00:45::SCWPlatform::DSA directory C:/Users/kb40/Desktop/ECE385/labb6/final_proj_sdk/mb_usb_hdmi_top/hw
TRACE::2024-11-18.23:00:45::SCWPlatform:: Platform Path C:/Users/kb40/Desktop/ECE385/labb6/final_proj_sdk/mb_usb_hdmi_top/hw/final_top.xsa
TRACE::2024-11-18.23:00:45::SCWPlatform:: Unique name xilinx:::0.0
TRACE::2024-11-18.23:00:45::SCWPlatform::Trying to set the existing hwdb with name mb_usb_hdmi_top_11
TRACE::2024-11-18.23:00:45::SCWPlatform::Opened existing hwdb mb_usb_hdmi_top_11
TRACE::2024-11-18.23:00:45::SCWPlatform::Found the Hw Db part of the input DSA
TRACE::2024-11-18.23:00:45::SCWMssOS::Checking the sw design at  C:/Users/kb40/Desktop/ECE385/labb6/final_proj_sdk/mb_usb_hdmi_top/microblaze_0/standalone_microblaze_0/bsp/system.mss
TRACE::2024-11-18.23:00:45::SCWMssOS::DEBUG:  swdes dump  C:/Users/kb40/Desktop/ECE385/labb6/final_proj_sdk/mb_usb_hdmi_top/microblaze_0/standalone_microblaze_0/bsp/system.mss|system||

TRACE::2024-11-18.23:00:45::SCWMssOS::Sw design exists and opened at  C:/Users/kb40/Desktop/ECE385/labb6/final_proj_sdk/mb_usb_hdmi_top/microblaze_0/standalone_microblaze_0/bsp/system.mss
TRACE::2024-11-18.23:00:45::SCWWriter::formatted JSON is {
	"platformName":	"mb_usb_hdmi_top",
	"sprVersion":	"2.0",
	"mode":	"gui",
	"dsaType":	"Fixed",
	"platformDesc":	"mb_usb_hdmi_top",
	"platHandOff":	"C:/Users/kb40/Desktop/ECE385/labb6/final_top.xsa",
	"platIntHandOff":	"<platformDir>/hw/final_top.xsa",
	"deviceType":	"FPGA",
	"platIsPrebuiltAutogen":	"false",
	"platIsNoBootBsp":	"false",
	"hasFsblMakeHasChanges":	"false",
	"hasPmufwMakeHasChanges":	"false",
	"platPreBuiltFlag":	false,
	"platformSamplesDir":	"",
	"platActiveSys":	"mb_usb_hdmi_top",
	"systems":	[{
			"systemName":	"mb_usb_hdmi_top",
			"systemDesc":	"mb_usb_hdmi_top",
			"sysIsBootAutoGen":	"true",
			"systemDispName":	"mb_usb_hdmi_top",
			"sysActiveDom":	"standalone_microblaze_0",
			"sysDefaultDom":	"standalone_microblaze_0",
			"domains":	[{
					"domainName":	"standalone_microblaze_0",
					"domainDispName":	"standalone_microblaze_0",
					"domainDesc":	"standalone_microblaze_0",
					"processors":	"microblaze_0",
					"os":	"standalone",
					"sdxOs":	"standalone",
					"debugEnable":	"False",
					"domRuntimes":	["cpp"],
					"swRepo":	"",
					"mssOsVer":	"8.0",
					"mssFile":	"",
					"md5Digest":	"304529987e879521ca977c68d163f3621",
					"compatibleApp":	"",
					"domType":	"mssDomain",
					"arch":	"32-bit",
					"appSettings":	{
						"appCompilerFlags":	"",
						"appLinkerFlags":	""
					},
					"addedLibs":	[],
					"libOptions":	{
						"libsContainingOptions":	[]
					},
					"prebuiltLibs":	{
						"prebuiltIncPath":	[],
						"prebuiltLibPath":	[]
					},
					"isolation":	{
					}
				}]
		}]
}
LOG::2024-11-18.23:00:53::SCWPlatform::Started generating the artifacts platform mb_usb_hdmi_top
TRACE::2024-11-18.23:00:53::SCWPlatform::Sanity checking of platform is completed
LOG::2024-11-18.23:00:53::SCWPlatform::Started generating the artifacts for system configuration mb_usb_hdmi_top
LOG::2024-11-18.23:00:53::SCWSystem::Checking the domain standalone_microblaze_0
LOG::2024-11-18.23:00:53::SCWSystem::Not a boot domain 
LOG::2024-11-18.23:00:53::SCWSystem::Started Processing the domain standalone_microblaze_0
TRACE::2024-11-18.23:00:53::SCWDomain::Generating domain artifcats
TRACE::2024-11-18.23:00:53::SCWMssOS::Generating standalone artifcats
TRACE::2024-11-18.23:00:53::SCWMssOS:: Copying the user libraries. 
TRACE::2024-11-18.23:00:53::SCWPlatform::Trying to open the hw design at C:/Users/kb40/Desktop/ECE385/labb6/final_proj_sdk/mb_usb_hdmi_top/hw/final_top.xsa
TRACE::2024-11-18.23:00:53::SCWPlatform::DSA given C:/Users/kb40/Desktop/ECE385/labb6/final_proj_sdk/mb_usb_hdmi_top/hw/final_top.xsa
TRACE::2024-11-18.23:00:53::SCWPlatform::DSA absoulate path C:/Users/kb40/Desktop/ECE385/labb6/final_proj_sdk/mb_usb_hdmi_top/hw/final_top.xsa
TRACE::2024-11-18.23:00:53::SCWPlatform::DSA directory C:/Users/kb40/Desktop/ECE385/labb6/final_proj_sdk/mb_usb_hdmi_top/hw
TRACE::2024-11-18.23:00:53::SCWPlatform:: Platform Path C:/Users/kb40/Desktop/ECE385/labb6/final_proj_sdk/mb_usb_hdmi_top/hw/final_top.xsa
TRACE::2024-11-18.23:00:53::SCWPlatform:: Unique name xilinx:::0.0
TRACE::2024-11-18.23:00:53::SCWPlatform::Trying to set the existing hwdb with name mb_usb_hdmi_top_11
TRACE::2024-11-18.23:00:53::SCWPlatform::Opened existing hwdb mb_usb_hdmi_top_11
TRACE::2024-11-18.23:00:53::SCWPlatform::Found the Hw Db part of the input DSA
TRACE::2024-11-18.23:00:53::SCWMssOS::Checking the sw design at  C:/Users/kb40/Desktop/ECE385/labb6/final_proj_sdk/mb_usb_hdmi_top/microblaze_0/standalone_microblaze_0/bsp/system.mss
TRACE::2024-11-18.23:00:53::SCWMssOS::DEBUG:  swdes dump  C:/Users/kb40/Desktop/ECE385/labb6/final_proj_sdk/mb_usb_hdmi_top/microblaze_0/standalone_microblaze_0/bsp/system.mss|system||

TRACE::2024-11-18.23:00:53::SCWMssOS::Sw design exists and opened at  C:/Users/kb40/Desktop/ECE385/labb6/final_proj_sdk/mb_usb_hdmi_top/microblaze_0/standalone_microblaze_0/bsp/system.mss
TRACE::2024-11-18.23:00:53::SCWMssOS::Completed writing the mss file at C:/Users/kb40/Desktop/ECE385/labb6/final_proj_sdk/mb_usb_hdmi_top/microblaze_0/standalone_microblaze_0/bsp
TRACE::2024-11-18.23:00:53::SCWMssOS::Mss edits present, copying mssfile into export location C:/Users/kb40/Desktop/ECE385/labb6/final_proj_sdk/mb_usb_hdmi_top/microblaze_0/standalone_microblaze_0/bsp/system.mss
TRACE::2024-11-18.23:00:53::SCWMssOS::bsp generated is stale removing and regenerating. 
TRACE::2024-11-18.23:00:55::SCWMssOS::doing bsp build ... 
TRACE::2024-11-18.23:00:55::SCWMssOS::System Command Ran  C: & cd  C:/Users/kb40/Desktop/ECE385/labb6/final_proj_sdk/mb_usb_hdmi_top/microblaze_0/standalone_microblaze_0/bsp & make 
TRACE::2024-11-18.23:00:55::SCWMssOS::make --no-print-directory seq_libs

TRACE::2024-11-18.23:00:55::SCWMssOS::'Finished building libraries sequentially.'

TRACE::2024-11-18.23:00:55::SCWMssOS::make -j 10 --no-print-directory par_libs

TRACE::2024-11-18.23:00:55::SCWMssOS::"Running Make include in microblaze_0/libsrc/bram_v4_8/src"

TRACE::2024-11-18.23:00:55::SCWMssOS::make -C microblaze_0/libsrc/bram_v4_8/src -s include  "SHELL=CMD" "COMPILER=mb-gcc" "ASSEMBLER=mb-as" "ARCHIVER=mb-ar" "COMPILE
TRACE::2024-11-18.23:00:55::SCWMssOS::R_FLAGS=  -O2 -c -mcpu=v11.0 -mlittle-endian -mno-xl-reorder -mno-xl-soft-mul -mxl-barrel-shift -mxl-pattern-compare" "EXTRA_CO
TRACE::2024-11-18.23:00:55::SCWMssOS::MPILER_FLAGS=-g -ffunction-sections -fdata-sections -Wall -Wextra -fno-tree-loop-distribute-patterns"

TRACE::2024-11-18.23:00:55::SCWMssOS::"Running Make include in microblaze_0/libsrc/cpu_v2_16/src"

TRACE::2024-11-18.23:00:55::SCWMssOS::"Running Make include in microblaze_0/libsrc/gpio_v4_9/src"

TRACE::2024-11-18.23:00:55::SCWMssOS::make -C microblaze_0/libsrc/cpu_v2_16/src -s include  "SHELL=CMD" "COMPILER=mb-gcc" "ASSEMBLER=mb-as" "ARCHIVER=mb-ar" "COMPILE
TRACE::2024-11-18.23:00:55::SCWMssOS::R_FLAGS=  -O2 -c -mcpu=v11.0 -mlittle-endian -mno-xl-reorder -mno-xl-soft-mul -mxl-barrel-shift -mxl-pattern-compare" "EXTRA_CO
TRACE::2024-11-18.23:00:55::SCWMssOS::MPILER_FLAGS=-g -ffunction-sections -fdata-sections -Wall -Wextra -fno-tree-loop-distribute-patterns"

TRACE::2024-11-18.23:00:55::SCWMssOS::make -C microblaze_0/libsrc/gpio_v4_9/src -s include  "SHELL=CMD" "COMPILER=mb-gcc" "ASSEMBLER=mb-as" "ARCHIVER=mb-ar" "COMPILE
TRACE::2024-11-18.23:00:55::SCWMssOS::R_FLAGS=  -O2 -c -mcpu=v11.0 -mlittle-endian -mno-xl-reorder -mno-xl-soft-mul -mxl-barrel-shift -mxl-pattern-compare" "EXTRA_CO
TRACE::2024-11-18.23:00:55::SCWMssOS::MPILER_FLAGS=-g -ffunction-sections -fdata-sections -Wall -Wextra -fno-tree-loop-distribute-patterns"

TRACE::2024-11-18.23:00:55::SCWMssOS::"Running Make include in microblaze_0/libsrc/intc_v3_15/src"

TRACE::2024-11-18.23:00:55::SCWMssOS::make -C microblaze_0/libsrc/intc_v3_15/src -s include  "SHELL=CMD" "COMPILER=mb-gcc" "ASSEMBLER=mb-as" "ARCHIVER=mb-ar" "COMPIL
TRACE::2024-11-18.23:00:55::SCWMssOS::ER_FLAGS=  -O2 -c -mcpu=v11.0 -mlittle-endian -mno-xl-reorder -mno-xl-soft-mul -mxl-barrel-shift -mxl-pattern-compare" "EXTRA_C
TRACE::2024-11-18.23:00:55::SCWMssOS::OMPILER_FLAGS=-g -ffunction-sections -fdata-sections -Wall -Wextra -fno-tree-loop-distribute-patterns"

TRACE::2024-11-18.23:00:55::SCWMssOS::"Running Make include in microblaze_0/libsrc/spi_v4_9/src"

TRACE::2024-11-18.23:00:55::SCWMssOS::make -C microblaze_0/libsrc/spi_v4_9/src -s include  "SHELL=CMD" "COMPILER=mb-gcc" "ASSEMBLER=mb-as" "ARCHIVER=mb-ar" "COMPILER
TRACE::2024-11-18.23:00:55::SCWMssOS::_FLAGS=  -O2 -c -mcpu=v11.0 -mlittle-endian -mno-xl-reorder -mno-xl-soft-mul -mxl-barrel-shift -mxl-pattern-compare" "EXTRA_COM
TRACE::2024-11-18.23:00:55::SCWMssOS::PILER_FLAGS=-g -ffunction-sections -fdata-sections -Wall -Wextra -fno-tree-loop-distribute-patterns"

TRACE::2024-11-18.23:00:55::SCWMssOS::"Running Make include in microblaze_0/libsrc/standalone_v8_0/src"

TRACE::2024-11-18.23:00:56::SCWMssOS::make -C microblaze_0/libsrc/standalone_v8_0/src -s include  "SHELL=CMD" "COMPILER=mb-gcc" "ASSEMBLER=mb-as" "ARCHIVER=mb-ar" "C
TRACE::2024-11-18.23:00:56::SCWMssOS::OMPILER_FLAGS=  -O2 -c -mcpu=v11.0 -mlittle-endian -mno-xl-reorder -mno-xl-soft-mul -mxl-barrel-shift -mxl-pattern-compare" "EX
TRACE::2024-11-18.23:00:56::SCWMssOS::TRA_COMPILER_FLAGS=-g -ffunction-sections -fdata-sections -Wall -Wextra -fno-tree-loop-distribute-patterns"

TRACE::2024-11-18.23:00:56::SCWMssOS::"Running Make include in microblaze_0/libsrc/tmrctr_v4_9/src"

TRACE::2024-11-18.23:00:56::SCWMssOS::make -C microblaze_0/libsrc/tmrctr_v4_9/src -s include  "SHELL=CMD" "COMPILER=mb-gcc" "ASSEMBLER=mb-as" "ARCHIVER=mb-ar" "COMPI
TRACE::2024-11-18.23:00:56::SCWMssOS::LER_FLAGS=  -O2 -c -mcpu=v11.0 -mlittle-endian -mno-xl-reorder -mno-xl-soft-mul -mxl-barrel-shift -mxl-pattern-compare" "EXTRA_
TRACE::2024-11-18.23:00:56::SCWMssOS::COMPILER_FLAGS=-g -ffunction-sections -fdata-sections -Wall -Wextra -fno-tree-loop-distribute-patterns"

TRACE::2024-11-18.23:00:56::SCWMssOS::"Running Make include in microblaze_0/libsrc/uartlite_v3_7/src"

TRACE::2024-11-18.23:00:56::SCWMssOS::make -C microblaze_0/libsrc/uartlite_v3_7/src -s include  "SHELL=CMD" "COMPILER=mb-gcc" "ASSEMBLER=mb-as" "ARCHIVER=mb-ar" "COM
TRACE::2024-11-18.23:00:56::SCWMssOS::PILER_FLAGS=  -O2 -c -mcpu=v11.0 -mlittle-endian -mno-xl-reorder -mno-xl-soft-mul -mxl-barrel-shift -mxl-pattern-compare" "EXTR
TRACE::2024-11-18.23:00:56::SCWMssOS::A_COMPILER_FLAGS=-g -ffunction-sections -fdata-sections -Wall -Wextra -fno-tree-loop-distribute-patterns"

TRACE::2024-11-18.23:00:56::SCWMssOS::"Running Make libs in microblaze_0/libsrc/bram_v4_8/src"

TRACE::2024-11-18.23:00:56::SCWMssOS::"Running Make libs in microblaze_0/libsrc/cpu_v2_16/src"

TRACE::2024-11-18.23:00:56::SCWMssOS::make -C microblaze_0/libsrc/bram_v4_8/src -s libs  "SHELL=CMD" "COMPILER=mb-gcc" "ASSEMBLER=mb-as" "ARCHIVER=mb-ar" "COMPILER_F
TRACE::2024-11-18.23:00:56::SCWMssOS::LAGS=  -O2 -c -mcpu=v11.0 -mlittle-endian -mno-xl-reorder -mno-xl-soft-mul -mxl-barrel-shift -mxl-pattern-compare" "EXTRA_COMPI
TRACE::2024-11-18.23:00:56::SCWMssOS::LER_FLAGS=-g -ffunction-sections -fdata-sections -Wall -Wextra -fno-tree-loop-distribute-patterns"

TRACE::2024-11-18.23:00:56::SCWMssOS::make -C microblaze_0/libsrc/cpu_v2_16/src -s libs  "SHELL=CMD" "COMPILER=mb-gcc" "ASSEMBLER=mb-as" "ARCHIVER=mb-ar" "COMPILER_F
TRACE::2024-11-18.23:00:56::SCWMssOS::LAGS=  -O2 -c -mcpu=v11.0 -mlittle-endian -mno-xl-reorder -mno-xl-soft-mul -mxl-barrel-shift -mxl-pattern-compare" "EXTRA_COMPI
TRACE::2024-11-18.23:00:56::SCWMssOS::LER_FLAGS=-g -ffunction-sections -fdata-sections -Wall -Wextra -fno-tree-loop-distribute-patterns"

TRACE::2024-11-18.23:00:56::SCWMssOS::"Running Make libs in microblaze_0/libsrc/gpio_v4_9/src"

TRACE::2024-11-18.23:00:56::SCWMssOS::make -C microblaze_0/libsrc/gpio_v4_9/src -s libs  "SHELL=CMD" "COMPILER=mb-gcc" "ASSEMBLER=mb-as" "ARCHIVER=mb-ar" "COMPILER_F
TRACE::2024-11-18.23:00:56::SCWMssOS::LAGS=  -O2 -c -mcpu=v11.0 -mlittle-endian -mno-xl-reorder -mno-xl-soft-mul -mxl-barrel-shift -mxl-pattern-compare" "EXTRA_COMPI
TRACE::2024-11-18.23:00:56::SCWMssOS::LER_FLAGS=-g -ffunction-sections -fdata-sections -Wall -Wextra -fno-tree-loop-distribute-patterns"

TRACE::2024-11-18.23:00:56::SCWMssOS::"Running Make libs in microblaze_0/libsrc/intc_v3_15/src"

TRACE::2024-11-18.23:00:56::SCWMssOS::make -C microblaze_0/libsrc/intc_v3_15/src -s libs  "SHELL=CMD" "COMPILER=mb-gcc" "ASSEMBLER=mb-as" "ARCHIVER=mb-ar" "COMPILER_
TRACE::2024-11-18.23:00:56::SCWMssOS::FLAGS=  -O2 -c -mcpu=v11.0 -mlittle-endian -mno-xl-reorder -mno-xl-soft-mul -mxl-barrel-shift -mxl-pattern-compare" "EXTRA_COMP
TRACE::2024-11-18.23:00:56::SCWMssOS::ILER_FLAGS=-g -ffunction-sections -fdata-sections -Wall -Wextra -fno-tree-loop-distribute-patterns"

TRACE::2024-11-18.23:00:56::SCWMssOS::"Running Make libs in microblaze_0/libsrc/spi_v4_9/src"

TRACE::2024-11-18.23:00:56::SCWMssOS::make -C microblaze_0/libsrc/spi_v4_9/src -s libs  "SHELL=CMD" "COMPILER=mb-gcc" "ASSEMBLER=mb-as" "ARCHIVER=mb-ar" "COMPILER_FL
TRACE::2024-11-18.23:00:56::SCWMssOS::AGS=  -O2 -c -mcpu=v11.0 -mlittle-endian -mno-xl-reorder -mno-xl-soft-mul -mxl-barrel-shift -mxl-pattern-compare" "EXTRA_COMPIL
TRACE::2024-11-18.23:00:56::SCWMssOS::ER_FLAGS=-g -ffunction-sections -fdata-sections -Wall -Wextra -fno-tree-loop-distribute-patterns"

TRACE::2024-11-18.23:00:56::SCWMssOS::"Running Make libs in microblaze_0/libsrc/standalone_v8_0/src"

TRACE::2024-11-18.23:00:56::SCWMssOS::make -C microblaze_0/libsrc/standalone_v8_0/src -s libs  "SHELL=CMD" "COMPILER=mb-gcc" "ASSEMBLER=mb-as" "ARCHIVER=mb-ar" "COMP
TRACE::2024-11-18.23:00:56::SCWMssOS::ILER_FLAGS=  -O2 -c -mcpu=v11.0 -mlittle-endian -mno-xl-reorder -mno-xl-soft-mul -mxl-barrel-shift -mxl-pattern-compare" "EXTRA
TRACE::2024-11-18.23:00:56::SCWMssOS::_COMPILER_FLAGS=-g -ffunction-sections -fdata-sections -Wall -Wextra -fno-tree-loop-distribute-patterns"

TRACE::2024-11-18.23:00:57::SCWMssOS::"Running Make libs in microblaze_0/libsrc/tmrctr_v4_9/src"

TRACE::2024-11-18.23:00:57::SCWMssOS::make -C microblaze_0/libsrc/tmrctr_v4_9/src -s libs  "SHELL=CMD" "COMPILER=mb-gcc" "ASSEMBLER=mb-as" "ARCHIVER=mb-ar" "COMPILER
TRACE::2024-11-18.23:00:57::SCWMssOS::_FLAGS=  -O2 -c -mcpu=v11.0 -mlittle-endian -mno-xl-reorder -mno-xl-soft-mul -mxl-barrel-shift -mxl-pattern-compare" "EXTRA_COM
TRACE::2024-11-18.23:00:57::SCWMssOS::PILER_FLAGS=-g -ffunction-sections -fdata-sections -Wall -Wextra -fno-tree-loop-distribute-patterns"

TRACE::2024-11-18.23:00:57::SCWMssOS::"Running Make libs in microblaze_0/libsrc/uartlite_v3_7/src"

TRACE::2024-11-18.23:00:57::SCWMssOS::make -C microblaze_0/libsrc/uartlite_v3_7/src -s libs  "SHELL=CMD" "COMPILER=mb-gcc" "ASSEMBLER=mb-as" "ARCHIVER=mb-ar" "COMPIL
TRACE::2024-11-18.23:00:57::SCWMssOS::ER_FLAGS=  -O2 -c -mcpu=v11.0 -mlittle-endian -mno-xl-reorder -mno-xl-soft-mul -mxl-barrel-shift -mxl-pattern-compare" "EXTRA_C
TRACE::2024-11-18.23:00:57::SCWMssOS::OMPILER_FLAGS=-g -ffunction-sections -fdata-sections -Wall -Wextra -fno-tree-loop-distribute-patterns"

TRACE::2024-11-18.23:01:00::SCWMssOS::"DEBUG NON_LTO_OBJECTS is ../../../lib/microblaze_interrupt_handler.o"

TRACE::2024-11-18.23:01:00::SCWMssOS::'Finished building libraries parallelly.'

TRACE::2024-11-18.23:01:00::SCWMssOS::make --no-print-directory archive

TRACE::2024-11-18.23:01:00::SCWMssOS::mb-ar -r  microblaze_0/lib/libxil.a microblaze_0/lib/_exit.o microblaze_0/lib/errno.o microblaze_0/lib/fcntl.o microblaze_0/lib
TRACE::2024-11-18.23:01:00::SCWMssOS::/hw_exception_handler.o microblaze_0/lib/inbyte.o microblaze_0/lib/microblaze_disable_dcache.o microblaze_0/lib/microblaze_disa
TRACE::2024-11-18.23:01:00::SCWMssOS::ble_exceptions.o microblaze_0/lib/microblaze_disable_icache.o microblaze_0/lib/microblaze_disable_interrupts.o microblaze_0/lib
TRACE::2024-11-18.23:01:00::SCWMssOS::/microblaze_enable_dcache.o microblaze_0/lib/microblaze_enable_exceptions.o microblaze_0/lib/microblaze_enable_icache.o microbl
TRACE::2024-11-18.23:01:00::SCWMssOS::aze_0/lib/microblaze_enable_interrupts.o microblaze_0/lib/microblaze_exception_handler.o microblaze_0/lib/microblaze_flush_cach
TRACE::2024-11-18.23:01:00::SCWMssOS::e_ext.o microblaze_0/lib/microblaze_flush_cache_ext_range.o microblaze_0/lib/microblaze_flush_dcache.o microblaze_0/lib/microbl
TRACE::2024-11-18.23:01:00::SCWMssOS::aze_flush_dcache_range.o microblaze_0/lib/microblaze_init_dcache_range.o microblaze_0/lib/microblaze_init_icache_range.o microb
TRACE::2024-11-18.23:01:00::SCWMssOS::laze_0/lib/microblaze_interrupt_handler.o microblaze_0/lib/microblaze_interrupts_g.o microblaze_0/lib/microblaze_invalidate_cac
TRACE::2024-11-18.23:01:00::SCWMssOS::he_ext.o microblaze_0/lib/microblaze_invalidate_cache_ext_range.o microblaze_0/lib/microblaze_invalidate_dcache.o microblaze_0/
TRACE::2024-11-18.23:01:00::SCWMssOS::lib/microblaze_invalidate_dcache_range.o microblaze_0/lib/microblaze_invalidate_icache.o microblaze_0/lib/microblaze_invalidate
TRACE::2024-11-18.23:01:00::SCWMssOS::_icache_range.o microblaze_0/lib/microblaze_scrub.o microblaze_0/lib/microblaze_selftest.o microblaze_0/lib/microblaze_sleep.o 
TRACE::2024-11-18.23:01:00::SCWMssOS::microblaze_0/lib/microblaze_update_dcache.o microblaze_0/lib/microblaze_update_icache.o microblaze_0/lib/outbyte.o microblaze_0
TRACE::2024-11-18.23:01:00::SCWMssOS::/lib/print.o microblaze_0/lib/pvr.o microblaze_0/lib/xbram.o microblaze_0/lib/xbram_g.o microblaze_0/lib/xbram_intr.o microblaz
TRACE::2024-11-18.23:01:00::SCWMssOS::e_0/lib/xbram_selftest.o microblaze_0/lib/xbram_sinit.o microblaze_0/lib/xgpio.o microblaze_0/lib/xgpio_extra.o microblaze_0/li
TRACE::2024-11-18.23:01:00::SCWMssOS::b/xgpio_g.o microblaze_0/lib/xgpio_intr.o microblaze_0/lib/xgpio_selftest.o microblaze_0/lib/xgpio_sinit.o microblaze_0/lib/xil
TRACE::2024-11-18.23:01:00::SCWMssOS::_assert.o microblaze_0/lib/xil_cache.o microblaze_0/lib/xil_clocking.o microblaze_0/lib/xil_exception.o microblaze_0/lib/xil_me
TRACE::2024-11-18.23:01:00::SCWMssOS::m.o microblaze_0/lib/xil_misc_psreset_api.o microblaze_0/lib/xil_printf.o microblaze_0/lib/xil_sleepcommon.o microblaze_0/lib/x
TRACE::2024-11-18.23:01:00::SCWMssOS::il_testcache.o microblaze_0/lib/xil_testio.o microblaze_0/lib/xil_testmem.o microblaze_0/lib/xil_util.o microblaze_0/lib/xintc.
TRACE::2024-11-18.23:01:00::SCWMssOS::o microblaze_0/lib/xintc_g.o microblaze_0/lib/xintc_intr.o microblaze_0/lib/xintc_l.o microblaze_0/lib/xintc_options.o microbla
TRACE::2024-11-18.23:01:00::SCWMssOS::ze_0/lib/xintc_selftest.o microblaze_0/lib/xinterrupt_wrap.o microblaze_0/lib/xio.o microblaze_0/lib/xplatform_info.o microblaz
TRACE::2024-11-18.23:01:00::SCWMssOS::e_0/lib/xspi.o microblaze_0/lib/xspi_g.o microblaze_0/lib/xspi_options.o microblaze_0/lib/xspi_selftest.o microblaze_0/lib/xspi
TRACE::2024-11-18.23:01:00::SCWMssOS::_sinit.o microblaze_0/lib/xspi_stats.o microblaze_0/lib/xtmrctr.o microblaze_0/lib/xtmrctr_g.o microblaze_0/lib/xtmrctr_intr.o 
TRACE::2024-11-18.23:01:00::SCWMssOS::microblaze_0/lib/xtmrctr_l.o microblaze_0/lib/xtmrctr_options.o microblaze_0/lib/xtmrctr_selftest.o microblaze_0/lib/xtmrctr_si
TRACE::2024-11-18.23:01:00::SCWMssOS::nit.o microblaze_0/lib/xtmrctr_stats.o microblaze_0/lib/xuartlite.o microblaze_0/lib/xuartlite_g.o microblaze_0/lib/xuartlite_i
TRACE::2024-11-18.23:01:00::SCWMssOS::ntr.o microblaze_0/lib/xuartlite_l.o microblaze_0/lib/xuartlite_selftest.o microblaze_0/lib/xuartlite_sinit.o microblaze_0/lib/
TRACE::2024-11-18.23:01:00::SCWMssOS::xuartlite_stats.o

TRACE::2024-11-18.23:01:00::SCWMssOS::'Finished building libraries'

TRACE::2024-11-18.23:01:01::SCWMssOS:: Checking if to create the Supporting Applications
TRACE::2024-11-18.23:01:01::SCWMssOS:: No Linux domain exists, trying to generate FSBL 
LOG::2024-11-18.23:01:01::SCWSystem::Completed Processing the domain standalone_microblaze_0
LOG::2024-11-18.23:01:01::SCWSystem::Completed Processing the sysconfig mb_usb_hdmi_top
LOG::2024-11-18.23:01:01::SCWPlatform::Completed generating the artifacts for system configuration mb_usb_hdmi_top
TRACE::2024-11-18.23:01:01::SCWPlatform::Started preparing the platform 
TRACE::2024-11-18.23:01:01::SCWSystem::Writing the bif file for system config mb_usb_hdmi_top
TRACE::2024-11-18.23:01:01::SCWSystem::dir created 
TRACE::2024-11-18.23:01:01::SCWSystem::Writing the bif 
TRACE::2024-11-18.23:01:01::SCWPlatform::Started writing the spfm file 
TRACE::2024-11-18.23:01:01::SCWPlatform::Started writing the xpfm file 
TRACE::2024-11-18.23:01:01::SCWPlatform::Completed generating the platform
TRACE::2024-11-18.23:01:01::SCWMssOS::Saving the mss changes C:/Users/kb40/Desktop/ECE385/labb6/final_proj_sdk/mb_usb_hdmi_top/microblaze_0/standalone_microblaze_0/bsp/system.mss
TRACE::2024-11-18.23:01:01::SCWMssOS::Adding the swdes entry, mss present, able to open swdb C:/Users/kb40/Desktop/ECE385/labb6/final_proj_sdk/mb_usb_hdmi_top/microblaze_0/standalone_microblaze_0/bsp/system.mss with des name system
TRACE::2024-11-18.23:01:01::SCWMssOS::Writing the mss file completed C:/Users/kb40/Desktop/ECE385/labb6/final_proj_sdk/mb_usb_hdmi_top/microblaze_0/standalone_microblaze_0/bsp/system.mss
TRACE::2024-11-18.23:01:01::SCWMssOS::Commit changes completed.
TRACE::2024-11-18.23:01:01::SCWPlatform::Trying to open the hw design at C:/Users/kb40/Desktop/ECE385/labb6/final_proj_sdk/mb_usb_hdmi_top/hw/final_top.xsa
TRACE::2024-11-18.23:01:01::SCWPlatform::DSA given C:/Users/kb40/Desktop/ECE385/labb6/final_proj_sdk/mb_usb_hdmi_top/hw/final_top.xsa
TRACE::2024-11-18.23:01:01::SCWPlatform::DSA absoulate path C:/Users/kb40/Desktop/ECE385/labb6/final_proj_sdk/mb_usb_hdmi_top/hw/final_top.xsa
TRACE::2024-11-18.23:01:01::SCWPlatform::DSA directory C:/Users/kb40/Desktop/ECE385/labb6/final_proj_sdk/mb_usb_hdmi_top/hw
TRACE::2024-11-18.23:01:01::SCWPlatform:: Platform Path C:/Users/kb40/Desktop/ECE385/labb6/final_proj_sdk/mb_usb_hdmi_top/hw/final_top.xsa
TRACE::2024-11-18.23:01:01::SCWPlatform:: Unique name xilinx:::0.0
TRACE::2024-11-18.23:01:01::SCWPlatform::Trying to set the existing hwdb with name mb_usb_hdmi_top_11
TRACE::2024-11-18.23:01:01::SCWPlatform::Opened existing hwdb mb_usb_hdmi_top_11
TRACE::2024-11-18.23:01:01::SCWPlatform::Found the Hw Db part of the input DSA
TRACE::2024-11-18.23:01:01::SCWMssOS::Checking the sw design at  C:/Users/kb40/Desktop/ECE385/labb6/final_proj_sdk/mb_usb_hdmi_top/microblaze_0/standalone_microblaze_0/bsp/system.mss
TRACE::2024-11-18.23:01:01::SCWMssOS::DEBUG:  swdes dump  C:/Users/kb40/Desktop/ECE385/labb6/final_proj_sdk/mb_usb_hdmi_top/microblaze_0/standalone_microblaze_0/bsp/system.mss|system||

TRACE::2024-11-18.23:01:01::SCWMssOS::Sw design exists and opened at  C:/Users/kb40/Desktop/ECE385/labb6/final_proj_sdk/mb_usb_hdmi_top/microblaze_0/standalone_microblaze_0/bsp/system.mss
TRACE::2024-11-18.23:01:01::SCWWriter::formatted JSON is {
	"platformName":	"mb_usb_hdmi_top",
	"sprVersion":	"2.0",
	"mode":	"gui",
	"dsaType":	"Fixed",
	"platformDesc":	"mb_usb_hdmi_top",
	"platHandOff":	"C:/Users/kb40/Desktop/ECE385/labb6/final_top.xsa",
	"platIntHandOff":	"<platformDir>/hw/final_top.xsa",
	"deviceType":	"FPGA",
	"platIsPrebuiltAutogen":	"false",
	"platIsNoBootBsp":	"false",
	"hasFsblMakeHasChanges":	"false",
	"hasPmufwMakeHasChanges":	"false",
	"platPreBuiltFlag":	false,
	"platformSamplesDir":	"",
	"platActiveSys":	"mb_usb_hdmi_top",
	"systems":	[{
			"systemName":	"mb_usb_hdmi_top",
			"systemDesc":	"mb_usb_hdmi_top",
			"sysIsBootAutoGen":	"true",
			"systemDispName":	"mb_usb_hdmi_top",
			"sysActiveDom":	"standalone_microblaze_0",
			"sysDefaultDom":	"standalone_microblaze_0",
			"domains":	[{
					"domainName":	"standalone_microblaze_0",
					"domainDispName":	"standalone_microblaze_0",
					"domainDesc":	"standalone_microblaze_0",
					"processors":	"microblaze_0",
					"os":	"standalone",
					"sdxOs":	"standalone",
					"debugEnable":	"False",
					"domRuntimes":	["cpp"],
					"swRepo":	"",
					"mssOsVer":	"8.0",
					"mssFile":	"",
					"md5Digest":	"304529987e879521ca977c68d163f362",
					"compatibleApp":	"",
					"domType":	"mssDomain",
					"arch":	"32-bit",
					"appSettings":	{
						"appCompilerFlags":	"",
						"appLinkerFlags":	""
					},
					"addedLibs":	[],
					"libOptions":	{
						"libsContainingOptions":	[]
					},
					"prebuiltLibs":	{
						"prebuiltIncPath":	[],
						"prebuiltLibPath":	[]
					},
					"isolation":	{
					}
				}]
		}]
}
KEYINFO::2024-11-18.23:01:01::SCWPlatform::updated the xpfm file.
TRACE::2024-11-18.23:01:02::SCWPlatform::Trying to open the hw design at C:/Users/kb40/Desktop/ECE385/labb6/final_proj_sdk/mb_usb_hdmi_top/hw/final_top.xsa
TRACE::2024-11-18.23:01:02::SCWPlatform::DSA given C:/Users/kb40/Desktop/ECE385/labb6/final_proj_sdk/mb_usb_hdmi_top/hw/final_top.xsa
TRACE::2024-11-18.23:01:02::SCWPlatform::DSA absoulate path C:/Users/kb40/Desktop/ECE385/labb6/final_proj_sdk/mb_usb_hdmi_top/hw/final_top.xsa
TRACE::2024-11-18.23:01:02::SCWPlatform::DSA directory C:/Users/kb40/Desktop/ECE385/labb6/final_proj_sdk/mb_usb_hdmi_top/hw
TRACE::2024-11-18.23:01:02::SCWPlatform:: Platform Path C:/Users/kb40/Desktop/ECE385/labb6/final_proj_sdk/mb_usb_hdmi_top/hw/final_top.xsa
TRACE::2024-11-18.23:01:02::SCWPlatform:: Unique name xilinx:::0.0
TRACE::2024-11-18.23:01:02::SCWPlatform::Trying to set the existing hwdb with name mb_usb_hdmi_top_11
TRACE::2024-11-18.23:01:02::SCWPlatform::Opened existing hwdb mb_usb_hdmi_top_11
TRACE::2024-11-18.23:01:02::SCWPlatform::Found the Hw Db part of the input DSA
TRACE::2024-11-18.23:01:02::SCWMssOS::Checking the sw design at  C:/Users/kb40/Desktop/ECE385/labb6/final_proj_sdk/mb_usb_hdmi_top/microblaze_0/standalone_microblaze_0/bsp/system.mss
TRACE::2024-11-18.23:01:02::SCWMssOS::DEBUG:  swdes dump  C:/Users/kb40/Desktop/ECE385/labb6/final_proj_sdk/mb_usb_hdmi_top/microblaze_0/standalone_microblaze_0/bsp/system.mss|system||

TRACE::2024-11-18.23:01:02::SCWMssOS::Sw design exists and opened at  C:/Users/kb40/Desktop/ECE385/labb6/final_proj_sdk/mb_usb_hdmi_top/microblaze_0/standalone_microblaze_0/bsp/system.mss
TRACE::2024-11-18.23:02:30::SCWPlatform::Clearing the existing platform
TRACE::2024-11-18.23:02:30::SCWSystem::Clearing the existing sysconfig
TRACE::2024-11-18.23:02:30::SCWMssOS::Removing the swdes entry for  C:/Users/kb40/Desktop/ECE385/labb6/final_proj_sdk/mb_usb_hdmi_top/microblaze_0/standalone_microblaze_0/bsp/system.mss
TRACE::2024-11-18.23:02:30::SCWSystem::Clearing the domains completed.
TRACE::2024-11-18.23:02:30::SCWPlatform::Clearing the opened hw db.
TRACE::2024-11-18.23:02:30::SCWPlatform::DSA given C:/Users/kb40/Desktop/ECE385/labb6/final_proj_sdk/mb_usb_hdmi_top/hw/final_top.xsa
TRACE::2024-11-18.23:02:30::SCWPlatform::DSA absoulate path C:/Users/kb40/Desktop/ECE385/labb6/final_proj_sdk/mb_usb_hdmi_top/hw/final_top.xsa
TRACE::2024-11-18.23:02:30::SCWPlatform:: Platform location is C:/Users/kb40/Desktop/ECE385/labb6/final_proj_sdk/mb_usb_hdmi_top/hw
TRACE::2024-11-18.23:02:30::SCWPlatform:: Platform Path C:/Users/kb40/Desktop/ECE385/labb6/final_proj_sdk/mb_usb_hdmi_top/hw/final_top.xsa
TRACE::2024-11-18.23:02:30::SCWPlatform:: Unique name xilinx:::0.0
TRACE::2024-11-18.23:02:30::SCWPlatform::Removing the HwDB with name C:/Users/kb40/Desktop/ECE385/labb6/final_proj_sdk/mb_usb_hdmi_top/hw/final_top.xsa
TRACE::2024-11-18.23:02:30::SCWPlatform::Trying to open the hw design at C:/Users/kb40/Desktop/ECE385/labb6/final_proj_sdk/mb_usb_hdmi_top/hw/final_top.xsa
TRACE::2024-11-18.23:02:30::SCWPlatform::DSA given C:/Users/kb40/Desktop/ECE385/labb6/final_proj_sdk/mb_usb_hdmi_top/hw/final_top.xsa
TRACE::2024-11-18.23:02:30::SCWPlatform::DSA absoulate path C:/Users/kb40/Desktop/ECE385/labb6/final_proj_sdk/mb_usb_hdmi_top/hw/final_top.xsa
TRACE::2024-11-18.23:02:30::SCWPlatform::DSA directory C:/Users/kb40/Desktop/ECE385/labb6/final_proj_sdk/mb_usb_hdmi_top/hw
TRACE::2024-11-18.23:02:30::SCWPlatform:: Platform Path C:/Users/kb40/Desktop/ECE385/labb6/final_proj_sdk/mb_usb_hdmi_top/hw/final_top.xsa
TRACE::2024-11-18.23:02:30::SCWPlatform:: Unique name xilinx:::0.0
TRACE::2024-11-18.23:02:30::SCWPlatform::Do not have an existing db opened. 
TRACE::2024-11-18.23:02:30::SCWPlatform::Opened new HwDB with name mb_usb_hdmi_top_12
TRACE::2024-11-18.23:02:30::SCWReader::Active system found as  mb_usb_hdmi_top
TRACE::2024-11-18.23:02:30::SCWReader::Handling sysconfig mb_usb_hdmi_top
TRACE::2024-11-18.23:02:30::SCWDomain::checking for install qemu data   : 
TRACE::2024-11-18.23:02:30::SCWPlatform::Trying to open the hw design at C:/Users/kb40/Desktop/ECE385/labb6/final_proj_sdk/mb_usb_hdmi_top/hw/final_top.xsa
TRACE::2024-11-18.23:02:30::SCWPlatform::DSA given C:/Users/kb40/Desktop/ECE385/labb6/final_proj_sdk/mb_usb_hdmi_top/hw/final_top.xsa
TRACE::2024-11-18.23:02:30::SCWPlatform::DSA absoulate path C:/Users/kb40/Desktop/ECE385/labb6/final_proj_sdk/mb_usb_hdmi_top/hw/final_top.xsa
TRACE::2024-11-18.23:02:30::SCWPlatform::DSA directory C:/Users/kb40/Desktop/ECE385/labb6/final_proj_sdk/mb_usb_hdmi_top/hw
TRACE::2024-11-18.23:02:30::SCWPlatform:: Platform Path C:/Users/kb40/Desktop/ECE385/labb6/final_proj_sdk/mb_usb_hdmi_top/hw/final_top.xsa
TRACE::2024-11-18.23:02:30::SCWPlatform:: Unique name xilinx:::0.0
TRACE::2024-11-18.23:02:30::SCWPlatform::Trying to set the existing hwdb with name mb_usb_hdmi_top_12
TRACE::2024-11-18.23:02:30::SCWPlatform::Opened existing hwdb mb_usb_hdmi_top_12
TRACE::2024-11-18.23:02:30::SCWPlatform::Found the Hw Db part of the input DSA
TRACE::2024-11-18.23:02:30::SCWPlatform::Trying to open the hw design at C:/Users/kb40/Desktop/ECE385/labb6/final_proj_sdk/mb_usb_hdmi_top/hw/final_top.xsa
TRACE::2024-11-18.23:02:30::SCWPlatform::DSA given C:/Users/kb40/Desktop/ECE385/labb6/final_proj_sdk/mb_usb_hdmi_top/hw/final_top.xsa
TRACE::2024-11-18.23:02:30::SCWPlatform::DSA absoulate path C:/Users/kb40/Desktop/ECE385/labb6/final_proj_sdk/mb_usb_hdmi_top/hw/final_top.xsa
TRACE::2024-11-18.23:02:30::SCWPlatform::DSA directory C:/Users/kb40/Desktop/ECE385/labb6/final_proj_sdk/mb_usb_hdmi_top/hw
TRACE::2024-11-18.23:02:30::SCWPlatform:: Platform Path C:/Users/kb40/Desktop/ECE385/labb6/final_proj_sdk/mb_usb_hdmi_top/hw/final_top.xsa
TRACE::2024-11-18.23:02:30::SCWPlatform:: Unique name xilinx:::0.0
TRACE::2024-11-18.23:02:30::SCWPlatform::Trying to set the existing hwdb with name mb_usb_hdmi_top_12
TRACE::2024-11-18.23:02:30::SCWPlatform::Opened existing hwdb mb_usb_hdmi_top_12
TRACE::2024-11-18.23:02:30::SCWPlatform::Found the Hw Db part of the input DSA
TRACE::2024-11-18.23:02:30::SCWPlatform::Trying to open the hw design at C:/Users/kb40/Desktop/ECE385/labb6/final_proj_sdk/mb_usb_hdmi_top/hw/final_top.xsa
TRACE::2024-11-18.23:02:30::SCWPlatform::DSA given C:/Users/kb40/Desktop/ECE385/labb6/final_proj_sdk/mb_usb_hdmi_top/hw/final_top.xsa
TRACE::2024-11-18.23:02:30::SCWPlatform::DSA absoulate path C:/Users/kb40/Desktop/ECE385/labb6/final_proj_sdk/mb_usb_hdmi_top/hw/final_top.xsa
TRACE::2024-11-18.23:02:30::SCWPlatform::DSA directory C:/Users/kb40/Desktop/ECE385/labb6/final_proj_sdk/mb_usb_hdmi_top/hw
TRACE::2024-11-18.23:02:30::SCWPlatform:: Platform Path C:/Users/kb40/Desktop/ECE385/labb6/final_proj_sdk/mb_usb_hdmi_top/hw/final_top.xsa
TRACE::2024-11-18.23:02:30::SCWPlatform:: Unique name xilinx:::0.0
TRACE::2024-11-18.23:02:30::SCWPlatform::Trying to set the existing hwdb with name mb_usb_hdmi_top_12
TRACE::2024-11-18.23:02:30::SCWPlatform::Opened existing hwdb mb_usb_hdmi_top_12
TRACE::2024-11-18.23:02:30::SCWPlatform::Found the Hw Db part of the input DSA
TRACE::2024-11-18.23:02:30::SCWPlatform::Trying to open the hw design at C:/Users/kb40/Desktop/ECE385/labb6/final_proj_sdk/mb_usb_hdmi_top/hw/final_top.xsa
TRACE::2024-11-18.23:02:30::SCWPlatform::DSA given C:/Users/kb40/Desktop/ECE385/labb6/final_proj_sdk/mb_usb_hdmi_top/hw/final_top.xsa
TRACE::2024-11-18.23:02:30::SCWPlatform::DSA absoulate path C:/Users/kb40/Desktop/ECE385/labb6/final_proj_sdk/mb_usb_hdmi_top/hw/final_top.xsa
TRACE::2024-11-18.23:02:30::SCWPlatform::DSA directory C:/Users/kb40/Desktop/ECE385/labb6/final_proj_sdk/mb_usb_hdmi_top/hw
TRACE::2024-11-18.23:02:30::SCWPlatform:: Platform Path C:/Users/kb40/Desktop/ECE385/labb6/final_proj_sdk/mb_usb_hdmi_top/hw/final_top.xsa
TRACE::2024-11-18.23:02:30::SCWPlatform:: Unique name xilinx:::0.0
TRACE::2024-11-18.23:02:30::SCWPlatform::Trying to set the existing hwdb with name mb_usb_hdmi_top_12
TRACE::2024-11-18.23:02:30::SCWPlatform::Opened existing hwdb mb_usb_hdmi_top_12
TRACE::2024-11-18.23:02:30::SCWPlatform::Found the Hw Db part of the input DSA
TRACE::2024-11-18.23:02:30::SCWMssOS::Checking the sw design at  C:/Users/kb40/Desktop/ECE385/labb6/final_proj_sdk/mb_usb_hdmi_top/microblaze_0/standalone_microblaze_0/bsp/system.mss
TRACE::2024-11-18.23:02:30::SCWMssOS::DEBUG:  swdes dump  
TRACE::2024-11-18.23:02:30::SCWMssOS::No sw design opened at  C:/Users/kb40/Desktop/ECE385/labb6/final_proj_sdk/mb_usb_hdmi_top/microblaze_0/standalone_microblaze_0/bsp/system.mss
TRACE::2024-11-18.23:02:30::SCWMssOS::mss exists loading the mss file  C:/Users/kb40/Desktop/ECE385/labb6/final_proj_sdk/mb_usb_hdmi_top/microblaze_0/standalone_microblaze_0/bsp/system.mss
TRACE::2024-11-18.23:02:30::SCWMssOS::Opened the sw design from mss  C:/Users/kb40/Desktop/ECE385/labb6/final_proj_sdk/mb_usb_hdmi_top/microblaze_0/standalone_microblaze_0/bsp/system.mss
TRACE::2024-11-18.23:02:30::SCWMssOS::Adding the swdes entry C:/Users/kb40/Desktop/ECE385/labb6/final_proj_sdk/mb_usb_hdmi_top/microblaze_0/standalone_microblaze_0/bsp/system.mss with des name system
TRACE::2024-11-18.23:02:30::SCWMssOS::updating the scw layer about changes
TRACE::2024-11-18.23:02:30::SCWMssOS::Opened the sw design.  C:/Users/kb40/Desktop/ECE385/labb6/final_proj_sdk/mb_usb_hdmi_top/microblaze_0/standalone_microblaze_0/bsp/system.mss
TRACE::2024-11-18.23:02:30::SCWMssOS::Saving the mss changes C:/Users/kb40/Desktop/ECE385/labb6/final_proj_sdk/mb_usb_hdmi_top/microblaze_0/standalone_microblaze_0/bsp/system.mss
TRACE::2024-11-18.23:02:30::SCWMssOS::Found a swdesign opened with the mssfile.
TRACE::2024-11-18.23:02:30::SCWMssOS::Completed writemss as part of save.
TRACE::2024-11-18.23:02:30::SCWMssOS::Commit changes completed.
TRACE::2024-11-18.23:02:30::SCWReader::Adding prebuilt librarypaths as   
TRACE::2024-11-18.23:02:30::SCWReader::Adding prebuilt incpaths  as   
TRACE::2024-11-18.23:02:30::SCWPlatform::Trying to open the hw design at C:/Users/kb40/Desktop/ECE385/labb6/final_proj_sdk/mb_usb_hdmi_top/hw/final_top.xsa
TRACE::2024-11-18.23:02:30::SCWPlatform::DSA given C:/Users/kb40/Desktop/ECE385/labb6/final_proj_sdk/mb_usb_hdmi_top/hw/final_top.xsa
TRACE::2024-11-18.23:02:30::SCWPlatform::DSA absoulate path C:/Users/kb40/Desktop/ECE385/labb6/final_proj_sdk/mb_usb_hdmi_top/hw/final_top.xsa
TRACE::2024-11-18.23:02:30::SCWPlatform::DSA directory C:/Users/kb40/Desktop/ECE385/labb6/final_proj_sdk/mb_usb_hdmi_top/hw
TRACE::2024-11-18.23:02:30::SCWPlatform:: Platform Path C:/Users/kb40/Desktop/ECE385/labb6/final_proj_sdk/mb_usb_hdmi_top/hw/final_top.xsa
TRACE::2024-11-18.23:02:30::SCWPlatform:: Unique name xilinx:::0.0
TRACE::2024-11-18.23:02:30::SCWPlatform::Trying to set the existing hwdb with name mb_usb_hdmi_top_12
TRACE::2024-11-18.23:02:30::SCWPlatform::Opened existing hwdb mb_usb_hdmi_top_12
TRACE::2024-11-18.23:02:30::SCWPlatform::Found the Hw Db part of the input DSA
TRACE::2024-11-18.23:02:30::SCWMssOS::Checking the sw design at  C:/Users/kb40/Desktop/ECE385/labb6/final_proj_sdk/mb_usb_hdmi_top/microblaze_0/standalone_microblaze_0/bsp/system.mss
TRACE::2024-11-18.23:02:30::SCWMssOS::DEBUG:  swdes dump  C:/Users/kb40/Desktop/ECE385/labb6/final_proj_sdk/mb_usb_hdmi_top/microblaze_0/standalone_microblaze_0/bsp/system.mss|system||

TRACE::2024-11-18.23:02:30::SCWMssOS::Sw design exists and opened at  C:/Users/kb40/Desktop/ECE385/labb6/final_proj_sdk/mb_usb_hdmi_top/microblaze_0/standalone_microblaze_0/bsp/system.mss
TRACE::2024-11-18.23:02:30::SCWReader::No isolation master present  
TRACE::2024-11-18.23:02:43::SCWPlatform::DSA given C:/Users/kb40/Desktop/ECE385/labb6/final_proj_sdk/mb_usb_hdmi_top/tempdsa/final_top.xsa
TRACE::2024-11-18.23:02:43::SCWPlatform::DSA absoulate path C:/Users/kb40/Desktop/ECE385/labb6/final_proj_sdk/mb_usb_hdmi_top/tempdsa/final_top.xsa
TRACE::2024-11-18.23:02:43::SCWPlatform:: Platform location is C:/Users/kb40/Desktop/ECE385/labb6/final_proj_sdk/mb_usb_hdmi_top/tempdsa
TRACE::2024-11-18.23:02:43::SCWPlatform:: Platform Path C:/Users/kb40/Desktop/ECE385/labb6/final_proj_sdk/mb_usb_hdmi_top/tempdsa/final_top.xsa
TRACE::2024-11-18.23:02:43::SCWPlatform:: Unique name xilinx:::0.0
TRACE::2024-11-18.23:02:43::SCWPlatform::Found the Hw Db part of the input DSA
TRACE::2024-11-18.23:02:43::SCWMssOS::Doing hw sync for the mss in domain: standalone_microblaze_0
TRACE::2024-11-18.23:02:43::SCWPlatform::Trying to open the hw design at C:/Users/kb40/Desktop/ECE385/labb6/final_proj_sdk/mb_usb_hdmi_top/hw/final_top.xsa
TRACE::2024-11-18.23:02:43::SCWPlatform::DSA given C:/Users/kb40/Desktop/ECE385/labb6/final_proj_sdk/mb_usb_hdmi_top/hw/final_top.xsa
TRACE::2024-11-18.23:02:43::SCWPlatform::DSA absoulate path C:/Users/kb40/Desktop/ECE385/labb6/final_proj_sdk/mb_usb_hdmi_top/hw/final_top.xsa
TRACE::2024-11-18.23:02:43::SCWPlatform::DSA directory C:/Users/kb40/Desktop/ECE385/labb6/final_proj_sdk/mb_usb_hdmi_top/hw
TRACE::2024-11-18.23:02:43::SCWPlatform:: Platform Path C:/Users/kb40/Desktop/ECE385/labb6/final_proj_sdk/mb_usb_hdmi_top/hw/final_top.xsa
TRACE::2024-11-18.23:02:43::SCWPlatform:: Unique name xilinx:::0.0
TRACE::2024-11-18.23:02:43::SCWPlatform::Trying to set the existing hwdb with name mb_usb_hdmi_top_12
TRACE::2024-11-18.23:02:43::SCWPlatform::Opened existing hwdb mb_usb_hdmi_top_12
TRACE::2024-11-18.23:02:43::SCWPlatform::Found the Hw Db part of the input DSA
TRACE::2024-11-18.23:02:43::SCWPlatform::Trying to open the hw design at C:/Users/kb40/Desktop/ECE385/labb6/final_proj_sdk/mb_usb_hdmi_top/hw/final_top.xsa
TRACE::2024-11-18.23:02:43::SCWPlatform::DSA given C:/Users/kb40/Desktop/ECE385/labb6/final_proj_sdk/mb_usb_hdmi_top/hw/final_top.xsa
TRACE::2024-11-18.23:02:43::SCWPlatform::DSA absoulate path C:/Users/kb40/Desktop/ECE385/labb6/final_proj_sdk/mb_usb_hdmi_top/hw/final_top.xsa
TRACE::2024-11-18.23:02:43::SCWPlatform::DSA directory C:/Users/kb40/Desktop/ECE385/labb6/final_proj_sdk/mb_usb_hdmi_top/hw
TRACE::2024-11-18.23:02:43::SCWPlatform:: Platform Path C:/Users/kb40/Desktop/ECE385/labb6/final_proj_sdk/mb_usb_hdmi_top/hw/final_top.xsa
TRACE::2024-11-18.23:02:43::SCWPlatform:: Unique name xilinx:::0.0
TRACE::2024-11-18.23:02:43::SCWPlatform::Trying to set the existing hwdb with name mb_usb_hdmi_top_12
TRACE::2024-11-18.23:02:43::SCWPlatform::Opened existing hwdb mb_usb_hdmi_top_12
TRACE::2024-11-18.23:02:43::SCWPlatform::Found the Hw Db part of the input DSA
TRACE::2024-11-18.23:02:43::SCWMssOS::Checking the sw design at  C:/Users/kb40/Desktop/ECE385/labb6/final_proj_sdk/mb_usb_hdmi_top/microblaze_0/standalone_microblaze_0/bsp/system.mss
TRACE::2024-11-18.23:02:43::SCWMssOS::DEBUG:  swdes dump  C:/Users/kb40/Desktop/ECE385/labb6/final_proj_sdk/mb_usb_hdmi_top/microblaze_0/standalone_microblaze_0/bsp/system.mss|system||

TRACE::2024-11-18.23:02:43::SCWMssOS::Sw design exists and opened at  C:/Users/kb40/Desktop/ECE385/labb6/final_proj_sdk/mb_usb_hdmi_top/microblaze_0/standalone_microblaze_0/bsp/system.mss
TRACE::2024-11-18.23:02:43::SCWPlatform::Trying to open the hw design at C:/Users/kb40/Desktop/ECE385/labb6/final_proj_sdk/mb_usb_hdmi_top/tempdsa/final_top.xsa
TRACE::2024-11-18.23:02:43::SCWPlatform::DSA given C:/Users/kb40/Desktop/ECE385/labb6/final_proj_sdk/mb_usb_hdmi_top/tempdsa/final_top.xsa
TRACE::2024-11-18.23:02:43::SCWPlatform::DSA absoulate path C:/Users/kb40/Desktop/ECE385/labb6/final_proj_sdk/mb_usb_hdmi_top/tempdsa/final_top.xsa
TRACE::2024-11-18.23:02:43::SCWPlatform::DSA directory C:/Users/kb40/Desktop/ECE385/labb6/final_proj_sdk/mb_usb_hdmi_top/tempdsa
TRACE::2024-11-18.23:02:43::SCWPlatform:: Platform Path C:/Users/kb40/Desktop/ECE385/labb6/final_proj_sdk/mb_usb_hdmi_top/tempdsa/final_top.xsa
TRACE::2024-11-18.23:02:43::SCWPlatform:: Unique name xilinx:::0.0
TRACE::2024-11-18.23:02:43::SCWPlatform::update - Opened existing hwdb mb_usb_hdmi_top_13
TRACE::2024-11-18.23:02:43::SCWPlatform::Found the Hw Db part of the input DSA
TRACE::2024-11-18.23:02:43::SCWMssOS::Saving the mss changes C:/Users/kb40/Desktop/ECE385/labb6/final_proj_sdk/mb_usb_hdmi_top/microblaze_0/standalone_microblaze_0/bsp/system.mss
TRACE::2024-11-18.23:02:43::SCWMssOS::Found a swdesign opened with the mssfile.
TRACE::2024-11-18.23:02:43::SCWMssOS::Completed writemss as part of save.
TRACE::2024-11-18.23:02:43::SCWMssOS::Commit changes completed.
TRACE::2024-11-18.23:02:43::SCWMssOS::Completed hw sync for the mss in domain: standalone_microblaze_0
TRACE::2024-11-18.23:02:43::SCWMssOS::Removing the swdes entry for  C:/Users/kb40/Desktop/ECE385/labb6/final_proj_sdk/mb_usb_hdmi_top/microblaze_0/standalone_microblaze_0/bsp/system.mss
TRACE::2024-11-18.23:02:43::SCWPlatform::Trying to open the hw design at C:/Users/kb40/Desktop/ECE385/labb6/final_proj_sdk/mb_usb_hdmi_top/hw/final_top.xsa
TRACE::2024-11-18.23:02:43::SCWPlatform::DSA given C:/Users/kb40/Desktop/ECE385/labb6/final_proj_sdk/mb_usb_hdmi_top/hw/final_top.xsa
TRACE::2024-11-18.23:02:43::SCWPlatform::DSA absoulate path C:/Users/kb40/Desktop/ECE385/labb6/final_proj_sdk/mb_usb_hdmi_top/hw/final_top.xsa
TRACE::2024-11-18.23:02:43::SCWPlatform::DSA directory C:/Users/kb40/Desktop/ECE385/labb6/final_proj_sdk/mb_usb_hdmi_top/hw
TRACE::2024-11-18.23:02:43::SCWPlatform:: Platform Path C:/Users/kb40/Desktop/ECE385/labb6/final_proj_sdk/mb_usb_hdmi_top/hw/final_top.xsa
TRACE::2024-11-18.23:02:43::SCWPlatform:: Unique name xilinx:::0.0
TRACE::2024-11-18.23:02:43::SCWPlatform::Do not have an existing db opened. 
TRACE::2024-11-18.23:02:44::SCWPlatform::Opened new HwDB with name mb_usb_hdmi_top_14
TRACE::2024-11-18.23:02:44::SCWMssOS::Saving the mss changes C:/Users/kb40/Desktop/ECE385/labb6/final_proj_sdk/mb_usb_hdmi_top/microblaze_0/standalone_microblaze_0/bsp/system.mss
TRACE::2024-11-18.23:02:44::SCWMssOS::Adding the swdes entry, mss present, able to open swdb C:/Users/kb40/Desktop/ECE385/labb6/final_proj_sdk/mb_usb_hdmi_top/microblaze_0/standalone_microblaze_0/bsp/system.mss with des name system
TRACE::2024-11-18.23:02:44::SCWMssOS::Writing the mss file completed C:/Users/kb40/Desktop/ECE385/labb6/final_proj_sdk/mb_usb_hdmi_top/microblaze_0/standalone_microblaze_0/bsp/system.mss
TRACE::2024-11-18.23:02:44::SCWMssOS::Commit changes completed.
TRACE::2024-11-18.23:02:44::SCWPlatform::Trying to open the hw design at C:/Users/kb40/Desktop/ECE385/labb6/final_proj_sdk/mb_usb_hdmi_top/hw/final_top.xsa
TRACE::2024-11-18.23:02:44::SCWPlatform::DSA given C:/Users/kb40/Desktop/ECE385/labb6/final_proj_sdk/mb_usb_hdmi_top/hw/final_top.xsa
TRACE::2024-11-18.23:02:44::SCWPlatform::DSA absoulate path C:/Users/kb40/Desktop/ECE385/labb6/final_proj_sdk/mb_usb_hdmi_top/hw/final_top.xsa
TRACE::2024-11-18.23:02:44::SCWPlatform::DSA directory C:/Users/kb40/Desktop/ECE385/labb6/final_proj_sdk/mb_usb_hdmi_top/hw
TRACE::2024-11-18.23:02:44::SCWPlatform:: Platform Path C:/Users/kb40/Desktop/ECE385/labb6/final_proj_sdk/mb_usb_hdmi_top/hw/final_top.xsa
TRACE::2024-11-18.23:02:44::SCWPlatform:: Unique name xilinx:::0.0
TRACE::2024-11-18.23:02:44::SCWPlatform::Trying to set the existing hwdb with name mb_usb_hdmi_top_14
TRACE::2024-11-18.23:02:44::SCWPlatform::Opened existing hwdb mb_usb_hdmi_top_14
TRACE::2024-11-18.23:02:44::SCWPlatform::Found the Hw Db part of the input DSA
TRACE::2024-11-18.23:02:44::SCWMssOS::Checking the sw design at  C:/Users/kb40/Desktop/ECE385/labb6/final_proj_sdk/mb_usb_hdmi_top/microblaze_0/standalone_microblaze_0/bsp/system.mss
TRACE::2024-11-18.23:02:44::SCWMssOS::DEBUG:  swdes dump  C:/Users/kb40/Desktop/ECE385/labb6/final_proj_sdk/mb_usb_hdmi_top/microblaze_0/standalone_microblaze_0/bsp/system.mss|system||

TRACE::2024-11-18.23:02:44::SCWMssOS::Sw design exists and opened at  C:/Users/kb40/Desktop/ECE385/labb6/final_proj_sdk/mb_usb_hdmi_top/microblaze_0/standalone_microblaze_0/bsp/system.mss
TRACE::2024-11-18.23:02:44::SCWWriter::formatted JSON is {
	"platformName":	"mb_usb_hdmi_top",
	"sprVersion":	"2.0",
	"mode":	"gui",
	"dsaType":	"Fixed",
	"platformDesc":	"mb_usb_hdmi_top",
	"platHandOff":	"C:/Users/kb40/Desktop/ECE385/labb6/final_top.xsa",
	"platIntHandOff":	"<platformDir>/hw/final_top.xsa",
	"deviceType":	"FPGA",
	"platIsPrebuiltAutogen":	"false",
	"platIsNoBootBsp":	"false",
	"hasFsblMakeHasChanges":	"false",
	"hasPmufwMakeHasChanges":	"false",
	"platPreBuiltFlag":	false,
	"platformSamplesDir":	"",
	"platActiveSys":	"mb_usb_hdmi_top",
	"systems":	[{
			"systemName":	"mb_usb_hdmi_top",
			"systemDesc":	"mb_usb_hdmi_top",
			"sysIsBootAutoGen":	"true",
			"systemDispName":	"mb_usb_hdmi_top",
			"sysActiveDom":	"standalone_microblaze_0",
			"sysDefaultDom":	"standalone_microblaze_0",
			"domains":	[{
					"domainName":	"standalone_microblaze_0",
					"domainDispName":	"standalone_microblaze_0",
					"domainDesc":	"standalone_microblaze_0",
					"processors":	"microblaze_0",
					"os":	"standalone",
					"sdxOs":	"standalone",
					"debugEnable":	"False",
					"domRuntimes":	["cpp"],
					"swRepo":	"",
					"mssOsVer":	"8.0",
					"mssFile":	"",
					"md5Digest":	"304529987e879521ca977c68d163f3621",
					"compatibleApp":	"",
					"domType":	"mssDomain",
					"arch":	"32-bit",
					"appSettings":	{
						"appCompilerFlags":	"",
						"appLinkerFlags":	""
					},
					"addedLibs":	[],
					"libOptions":	{
						"libsContainingOptions":	[]
					},
					"prebuiltLibs":	{
						"prebuiltIncPath":	[],
						"prebuiltLibPath":	[]
					},
					"isolation":	{
					}
				}]
		}]
}
TRACE::2024-11-18.23:02:57::SCWPlatform::Clearing the existing platform
TRACE::2024-11-18.23:02:57::SCWSystem::Clearing the existing sysconfig
TRACE::2024-11-18.23:02:57::SCWMssOS::Removing the swdes entry for  C:/Users/kb40/Desktop/ECE385/labb6/final_proj_sdk/mb_usb_hdmi_top/microblaze_0/standalone_microblaze_0/bsp/system.mss
TRACE::2024-11-18.23:02:57::SCWSystem::Clearing the domains completed.
TRACE::2024-11-18.23:02:57::SCWPlatform::Clearing the opened hw db.
TRACE::2024-11-18.23:02:57::SCWPlatform::DSA given C:/Users/kb40/Desktop/ECE385/labb6/final_proj_sdk/mb_usb_hdmi_top/hw/final_top.xsa
TRACE::2024-11-18.23:02:57::SCWPlatform::DSA absoulate path C:/Users/kb40/Desktop/ECE385/labb6/final_proj_sdk/mb_usb_hdmi_top/hw/final_top.xsa
TRACE::2024-11-18.23:02:57::SCWPlatform:: Platform location is C:/Users/kb40/Desktop/ECE385/labb6/final_proj_sdk/mb_usb_hdmi_top/hw
TRACE::2024-11-18.23:02:57::SCWPlatform:: Platform Path C:/Users/kb40/Desktop/ECE385/labb6/final_proj_sdk/mb_usb_hdmi_top/hw/final_top.xsa
TRACE::2024-11-18.23:02:57::SCWPlatform:: Unique name xilinx:::0.0
TRACE::2024-11-18.23:02:57::SCWPlatform::Removing the HwDB with name C:/Users/kb40/Desktop/ECE385/labb6/final_proj_sdk/mb_usb_hdmi_top/hw/final_top.xsa
TRACE::2024-11-18.23:02:57::SCWPlatform::Trying to open the hw design at C:/Users/kb40/Desktop/ECE385/labb6/final_proj_sdk/mb_usb_hdmi_top/hw/final_top.xsa
TRACE::2024-11-18.23:02:57::SCWPlatform::DSA given C:/Users/kb40/Desktop/ECE385/labb6/final_proj_sdk/mb_usb_hdmi_top/hw/final_top.xsa
TRACE::2024-11-18.23:02:57::SCWPlatform::DSA absoulate path C:/Users/kb40/Desktop/ECE385/labb6/final_proj_sdk/mb_usb_hdmi_top/hw/final_top.xsa
TRACE::2024-11-18.23:02:57::SCWPlatform::DSA directory C:/Users/kb40/Desktop/ECE385/labb6/final_proj_sdk/mb_usb_hdmi_top/hw
TRACE::2024-11-18.23:02:57::SCWPlatform:: Platform Path C:/Users/kb40/Desktop/ECE385/labb6/final_proj_sdk/mb_usb_hdmi_top/hw/final_top.xsa
TRACE::2024-11-18.23:02:57::SCWPlatform:: Unique name xilinx:::0.0
TRACE::2024-11-18.23:02:57::SCWPlatform::Do not have an existing db opened. 
TRACE::2024-11-18.23:02:57::SCWPlatform::Opened new HwDB with name mb_usb_hdmi_top_15
TRACE::2024-11-18.23:02:57::SCWReader::Active system found as  mb_usb_hdmi_top
TRACE::2024-11-18.23:02:57::SCWReader::Handling sysconfig mb_usb_hdmi_top
TRACE::2024-11-18.23:02:57::SCWDomain::checking for install qemu data   : 
TRACE::2024-11-18.23:02:57::SCWPlatform::Trying to open the hw design at C:/Users/kb40/Desktop/ECE385/labb6/final_proj_sdk/mb_usb_hdmi_top/hw/final_top.xsa
TRACE::2024-11-18.23:02:57::SCWPlatform::DSA given C:/Users/kb40/Desktop/ECE385/labb6/final_proj_sdk/mb_usb_hdmi_top/hw/final_top.xsa
TRACE::2024-11-18.23:02:57::SCWPlatform::DSA absoulate path C:/Users/kb40/Desktop/ECE385/labb6/final_proj_sdk/mb_usb_hdmi_top/hw/final_top.xsa
TRACE::2024-11-18.23:02:57::SCWPlatform::DSA directory C:/Users/kb40/Desktop/ECE385/labb6/final_proj_sdk/mb_usb_hdmi_top/hw
TRACE::2024-11-18.23:02:57::SCWPlatform:: Platform Path C:/Users/kb40/Desktop/ECE385/labb6/final_proj_sdk/mb_usb_hdmi_top/hw/final_top.xsa
TRACE::2024-11-18.23:02:57::SCWPlatform:: Unique name xilinx:::0.0
TRACE::2024-11-18.23:02:57::SCWPlatform::Trying to set the existing hwdb with name mb_usb_hdmi_top_15
TRACE::2024-11-18.23:02:57::SCWPlatform::Opened existing hwdb mb_usb_hdmi_top_15
TRACE::2024-11-18.23:02:57::SCWPlatform::Found the Hw Db part of the input DSA
TRACE::2024-11-18.23:02:57::SCWPlatform::Trying to open the hw design at C:/Users/kb40/Desktop/ECE385/labb6/final_proj_sdk/mb_usb_hdmi_top/hw/final_top.xsa
TRACE::2024-11-18.23:02:57::SCWPlatform::DSA given C:/Users/kb40/Desktop/ECE385/labb6/final_proj_sdk/mb_usb_hdmi_top/hw/final_top.xsa
TRACE::2024-11-18.23:02:57::SCWPlatform::DSA absoulate path C:/Users/kb40/Desktop/ECE385/labb6/final_proj_sdk/mb_usb_hdmi_top/hw/final_top.xsa
TRACE::2024-11-18.23:02:57::SCWPlatform::DSA directory C:/Users/kb40/Desktop/ECE385/labb6/final_proj_sdk/mb_usb_hdmi_top/hw
TRACE::2024-11-18.23:02:57::SCWPlatform:: Platform Path C:/Users/kb40/Desktop/ECE385/labb6/final_proj_sdk/mb_usb_hdmi_top/hw/final_top.xsa
TRACE::2024-11-18.23:02:57::SCWPlatform:: Unique name xilinx:::0.0
TRACE::2024-11-18.23:02:57::SCWPlatform::Trying to set the existing hwdb with name mb_usb_hdmi_top_15
TRACE::2024-11-18.23:02:57::SCWPlatform::Opened existing hwdb mb_usb_hdmi_top_15
TRACE::2024-11-18.23:02:57::SCWPlatform::Found the Hw Db part of the input DSA
TRACE::2024-11-18.23:02:57::SCWPlatform::Trying to open the hw design at C:/Users/kb40/Desktop/ECE385/labb6/final_proj_sdk/mb_usb_hdmi_top/hw/final_top.xsa
TRACE::2024-11-18.23:02:57::SCWPlatform::DSA given C:/Users/kb40/Desktop/ECE385/labb6/final_proj_sdk/mb_usb_hdmi_top/hw/final_top.xsa
TRACE::2024-11-18.23:02:57::SCWPlatform::DSA absoulate path C:/Users/kb40/Desktop/ECE385/labb6/final_proj_sdk/mb_usb_hdmi_top/hw/final_top.xsa
TRACE::2024-11-18.23:02:57::SCWPlatform::DSA directory C:/Users/kb40/Desktop/ECE385/labb6/final_proj_sdk/mb_usb_hdmi_top/hw
TRACE::2024-11-18.23:02:57::SCWPlatform:: Platform Path C:/Users/kb40/Desktop/ECE385/labb6/final_proj_sdk/mb_usb_hdmi_top/hw/final_top.xsa
TRACE::2024-11-18.23:02:57::SCWPlatform:: Unique name xilinx:::0.0
TRACE::2024-11-18.23:02:57::SCWPlatform::Trying to set the existing hwdb with name mb_usb_hdmi_top_15
TRACE::2024-11-18.23:02:57::SCWPlatform::Opened existing hwdb mb_usb_hdmi_top_15
TRACE::2024-11-18.23:02:57::SCWPlatform::Found the Hw Db part of the input DSA
TRACE::2024-11-18.23:02:57::SCWPlatform::Trying to open the hw design at C:/Users/kb40/Desktop/ECE385/labb6/final_proj_sdk/mb_usb_hdmi_top/hw/final_top.xsa
TRACE::2024-11-18.23:02:57::SCWPlatform::DSA given C:/Users/kb40/Desktop/ECE385/labb6/final_proj_sdk/mb_usb_hdmi_top/hw/final_top.xsa
TRACE::2024-11-18.23:02:57::SCWPlatform::DSA absoulate path C:/Users/kb40/Desktop/ECE385/labb6/final_proj_sdk/mb_usb_hdmi_top/hw/final_top.xsa
TRACE::2024-11-18.23:02:57::SCWPlatform::DSA directory C:/Users/kb40/Desktop/ECE385/labb6/final_proj_sdk/mb_usb_hdmi_top/hw
TRACE::2024-11-18.23:02:57::SCWPlatform:: Platform Path C:/Users/kb40/Desktop/ECE385/labb6/final_proj_sdk/mb_usb_hdmi_top/hw/final_top.xsa
TRACE::2024-11-18.23:02:57::SCWPlatform:: Unique name xilinx:::0.0
TRACE::2024-11-18.23:02:57::SCWPlatform::Trying to set the existing hwdb with name mb_usb_hdmi_top_15
TRACE::2024-11-18.23:02:57::SCWPlatform::Opened existing hwdb mb_usb_hdmi_top_15
TRACE::2024-11-18.23:02:57::SCWPlatform::Found the Hw Db part of the input DSA
TRACE::2024-11-18.23:02:57::SCWMssOS::Checking the sw design at  C:/Users/kb40/Desktop/ECE385/labb6/final_proj_sdk/mb_usb_hdmi_top/microblaze_0/standalone_microblaze_0/bsp/system.mss
TRACE::2024-11-18.23:02:57::SCWMssOS::DEBUG:  swdes dump  
TRACE::2024-11-18.23:02:57::SCWMssOS::No sw design opened at  C:/Users/kb40/Desktop/ECE385/labb6/final_proj_sdk/mb_usb_hdmi_top/microblaze_0/standalone_microblaze_0/bsp/system.mss
TRACE::2024-11-18.23:02:57::SCWMssOS::mss exists loading the mss file  C:/Users/kb40/Desktop/ECE385/labb6/final_proj_sdk/mb_usb_hdmi_top/microblaze_0/standalone_microblaze_0/bsp/system.mss
TRACE::2024-11-18.23:02:57::SCWMssOS::Opened the sw design from mss  C:/Users/kb40/Desktop/ECE385/labb6/final_proj_sdk/mb_usb_hdmi_top/microblaze_0/standalone_microblaze_0/bsp/system.mss
TRACE::2024-11-18.23:02:57::SCWMssOS::Adding the swdes entry C:/Users/kb40/Desktop/ECE385/labb6/final_proj_sdk/mb_usb_hdmi_top/microblaze_0/standalone_microblaze_0/bsp/system.mss with des name system
TRACE::2024-11-18.23:02:57::SCWMssOS::updating the scw layer about changes
TRACE::2024-11-18.23:02:57::SCWMssOS::Opened the sw design.  C:/Users/kb40/Desktop/ECE385/labb6/final_proj_sdk/mb_usb_hdmi_top/microblaze_0/standalone_microblaze_0/bsp/system.mss
TRACE::2024-11-18.23:02:57::SCWMssOS::Saving the mss changes C:/Users/kb40/Desktop/ECE385/labb6/final_proj_sdk/mb_usb_hdmi_top/microblaze_0/standalone_microblaze_0/bsp/system.mss
TRACE::2024-11-18.23:02:57::SCWMssOS::Found a swdesign opened with the mssfile.
TRACE::2024-11-18.23:02:57::SCWMssOS::Completed writemss as part of save.
TRACE::2024-11-18.23:02:57::SCWMssOS::Commit changes completed.
TRACE::2024-11-18.23:02:57::SCWReader::Adding prebuilt librarypaths as   
TRACE::2024-11-18.23:02:57::SCWReader::Adding prebuilt incpaths  as   
TRACE::2024-11-18.23:02:57::SCWPlatform::Trying to open the hw design at C:/Users/kb40/Desktop/ECE385/labb6/final_proj_sdk/mb_usb_hdmi_top/hw/final_top.xsa
TRACE::2024-11-18.23:02:57::SCWPlatform::DSA given C:/Users/kb40/Desktop/ECE385/labb6/final_proj_sdk/mb_usb_hdmi_top/hw/final_top.xsa
TRACE::2024-11-18.23:02:57::SCWPlatform::DSA absoulate path C:/Users/kb40/Desktop/ECE385/labb6/final_proj_sdk/mb_usb_hdmi_top/hw/final_top.xsa
TRACE::2024-11-18.23:02:57::SCWPlatform::DSA directory C:/Users/kb40/Desktop/ECE385/labb6/final_proj_sdk/mb_usb_hdmi_top/hw
TRACE::2024-11-18.23:02:57::SCWPlatform:: Platform Path C:/Users/kb40/Desktop/ECE385/labb6/final_proj_sdk/mb_usb_hdmi_top/hw/final_top.xsa
TRACE::2024-11-18.23:02:57::SCWPlatform:: Unique name xilinx:::0.0
TRACE::2024-11-18.23:02:57::SCWPlatform::Trying to set the existing hwdb with name mb_usb_hdmi_top_15
TRACE::2024-11-18.23:02:57::SCWPlatform::Opened existing hwdb mb_usb_hdmi_top_15
TRACE::2024-11-18.23:02:57::SCWPlatform::Found the Hw Db part of the input DSA
TRACE::2024-11-18.23:02:57::SCWMssOS::Checking the sw design at  C:/Users/kb40/Desktop/ECE385/labb6/final_proj_sdk/mb_usb_hdmi_top/microblaze_0/standalone_microblaze_0/bsp/system.mss
TRACE::2024-11-18.23:02:57::SCWMssOS::DEBUG:  swdes dump  C:/Users/kb40/Desktop/ECE385/labb6/final_proj_sdk/mb_usb_hdmi_top/microblaze_0/standalone_microblaze_0/bsp/system.mss|system||

TRACE::2024-11-18.23:02:57::SCWMssOS::Sw design exists and opened at  C:/Users/kb40/Desktop/ECE385/labb6/final_proj_sdk/mb_usb_hdmi_top/microblaze_0/standalone_microblaze_0/bsp/system.mss
TRACE::2024-11-18.23:02:57::SCWReader::No isolation master present  
TRACE::2024-11-18.23:02:59::SCWPlatform::DSA given C:/Users/kb40/Desktop/ECE385/labb6/final_proj_sdk/mb_usb_hdmi_top/tempdsa/final_top.xsa
TRACE::2024-11-18.23:02:59::SCWPlatform::DSA absoulate path C:/Users/kb40/Desktop/ECE385/labb6/final_proj_sdk/mb_usb_hdmi_top/tempdsa/final_top.xsa
TRACE::2024-11-18.23:02:59::SCWPlatform:: Platform location is C:/Users/kb40/Desktop/ECE385/labb6/final_proj_sdk/mb_usb_hdmi_top/tempdsa
TRACE::2024-11-18.23:02:59::SCWPlatform:: Platform Path C:/Users/kb40/Desktop/ECE385/labb6/final_proj_sdk/mb_usb_hdmi_top/tempdsa/final_top.xsa
TRACE::2024-11-18.23:02:59::SCWPlatform:: Unique name xilinx:::0.0
TRACE::2024-11-18.23:02:59::SCWPlatform::Found the Hw Db part of the input DSA
TRACE::2024-11-18.23:02:59::SCWMssOS::Doing hw sync for the mss in domain: standalone_microblaze_0
TRACE::2024-11-18.23:02:59::SCWPlatform::Trying to open the hw design at C:/Users/kb40/Desktop/ECE385/labb6/final_proj_sdk/mb_usb_hdmi_top/hw/final_top.xsa
TRACE::2024-11-18.23:02:59::SCWPlatform::DSA given C:/Users/kb40/Desktop/ECE385/labb6/final_proj_sdk/mb_usb_hdmi_top/hw/final_top.xsa
TRACE::2024-11-18.23:02:59::SCWPlatform::DSA absoulate path C:/Users/kb40/Desktop/ECE385/labb6/final_proj_sdk/mb_usb_hdmi_top/hw/final_top.xsa
TRACE::2024-11-18.23:02:59::SCWPlatform::DSA directory C:/Users/kb40/Desktop/ECE385/labb6/final_proj_sdk/mb_usb_hdmi_top/hw
TRACE::2024-11-18.23:02:59::SCWPlatform:: Platform Path C:/Users/kb40/Desktop/ECE385/labb6/final_proj_sdk/mb_usb_hdmi_top/hw/final_top.xsa
TRACE::2024-11-18.23:02:59::SCWPlatform:: Unique name xilinx:::0.0
TRACE::2024-11-18.23:02:59::SCWPlatform::Trying to set the existing hwdb with name mb_usb_hdmi_top_15
TRACE::2024-11-18.23:02:59::SCWPlatform::Opened existing hwdb mb_usb_hdmi_top_15
TRACE::2024-11-18.23:02:59::SCWPlatform::Found the Hw Db part of the input DSA
TRACE::2024-11-18.23:02:59::SCWPlatform::Trying to open the hw design at C:/Users/kb40/Desktop/ECE385/labb6/final_proj_sdk/mb_usb_hdmi_top/hw/final_top.xsa
TRACE::2024-11-18.23:02:59::SCWPlatform::DSA given C:/Users/kb40/Desktop/ECE385/labb6/final_proj_sdk/mb_usb_hdmi_top/hw/final_top.xsa
TRACE::2024-11-18.23:02:59::SCWPlatform::DSA absoulate path C:/Users/kb40/Desktop/ECE385/labb6/final_proj_sdk/mb_usb_hdmi_top/hw/final_top.xsa
TRACE::2024-11-18.23:02:59::SCWPlatform::DSA directory C:/Users/kb40/Desktop/ECE385/labb6/final_proj_sdk/mb_usb_hdmi_top/hw
TRACE::2024-11-18.23:02:59::SCWPlatform:: Platform Path C:/Users/kb40/Desktop/ECE385/labb6/final_proj_sdk/mb_usb_hdmi_top/hw/final_top.xsa
TRACE::2024-11-18.23:02:59::SCWPlatform:: Unique name xilinx:::0.0
TRACE::2024-11-18.23:02:59::SCWPlatform::Trying to set the existing hwdb with name mb_usb_hdmi_top_15
TRACE::2024-11-18.23:02:59::SCWPlatform::Opened existing hwdb mb_usb_hdmi_top_15
TRACE::2024-11-18.23:02:59::SCWPlatform::Found the Hw Db part of the input DSA
TRACE::2024-11-18.23:02:59::SCWMssOS::Checking the sw design at  C:/Users/kb40/Desktop/ECE385/labb6/final_proj_sdk/mb_usb_hdmi_top/microblaze_0/standalone_microblaze_0/bsp/system.mss
TRACE::2024-11-18.23:02:59::SCWMssOS::DEBUG:  swdes dump  C:/Users/kb40/Desktop/ECE385/labb6/final_proj_sdk/mb_usb_hdmi_top/microblaze_0/standalone_microblaze_0/bsp/system.mss|system||

TRACE::2024-11-18.23:02:59::SCWMssOS::Sw design exists and opened at  C:/Users/kb40/Desktop/ECE385/labb6/final_proj_sdk/mb_usb_hdmi_top/microblaze_0/standalone_microblaze_0/bsp/system.mss
TRACE::2024-11-18.23:02:59::SCWPlatform::Trying to open the hw design at C:/Users/kb40/Desktop/ECE385/labb6/final_proj_sdk/mb_usb_hdmi_top/tempdsa/final_top.xsa
TRACE::2024-11-18.23:02:59::SCWPlatform::DSA given C:/Users/kb40/Desktop/ECE385/labb6/final_proj_sdk/mb_usb_hdmi_top/tempdsa/final_top.xsa
TRACE::2024-11-18.23:02:59::SCWPlatform::DSA absoulate path C:/Users/kb40/Desktop/ECE385/labb6/final_proj_sdk/mb_usb_hdmi_top/tempdsa/final_top.xsa
TRACE::2024-11-18.23:02:59::SCWPlatform::DSA directory C:/Users/kb40/Desktop/ECE385/labb6/final_proj_sdk/mb_usb_hdmi_top/tempdsa
TRACE::2024-11-18.23:02:59::SCWPlatform:: Platform Path C:/Users/kb40/Desktop/ECE385/labb6/final_proj_sdk/mb_usb_hdmi_top/tempdsa/final_top.xsa
TRACE::2024-11-18.23:02:59::SCWPlatform:: Unique name xilinx:::0.0
TRACE::2024-11-18.23:02:59::SCWPlatform::update - Opened existing hwdb mb_usb_hdmi_top_16
TRACE::2024-11-18.23:02:59::SCWPlatform::Found the Hw Db part of the input DSA
TRACE::2024-11-18.23:02:59::SCWMssOS::Saving the mss changes C:/Users/kb40/Desktop/ECE385/labb6/final_proj_sdk/mb_usb_hdmi_top/microblaze_0/standalone_microblaze_0/bsp/system.mss
TRACE::2024-11-18.23:02:59::SCWMssOS::Found a swdesign opened with the mssfile.
TRACE::2024-11-18.23:02:59::SCWMssOS::Completed writemss as part of save.
TRACE::2024-11-18.23:02:59::SCWMssOS::Commit changes completed.
TRACE::2024-11-18.23:02:59::SCWMssOS::Completed hw sync for the mss in domain: standalone_microblaze_0
TRACE::2024-11-18.23:02:59::SCWMssOS::Removing the swdes entry for  C:/Users/kb40/Desktop/ECE385/labb6/final_proj_sdk/mb_usb_hdmi_top/microblaze_0/standalone_microblaze_0/bsp/system.mss
TRACE::2024-11-18.23:02:59::SCWPlatform::Trying to open the hw design at C:/Users/kb40/Desktop/ECE385/labb6/final_proj_sdk/mb_usb_hdmi_top/hw/final_top.xsa
TRACE::2024-11-18.23:02:59::SCWPlatform::DSA given C:/Users/kb40/Desktop/ECE385/labb6/final_proj_sdk/mb_usb_hdmi_top/hw/final_top.xsa
TRACE::2024-11-18.23:02:59::SCWPlatform::DSA absoulate path C:/Users/kb40/Desktop/ECE385/labb6/final_proj_sdk/mb_usb_hdmi_top/hw/final_top.xsa
TRACE::2024-11-18.23:02:59::SCWPlatform::DSA directory C:/Users/kb40/Desktop/ECE385/labb6/final_proj_sdk/mb_usb_hdmi_top/hw
TRACE::2024-11-18.23:02:59::SCWPlatform:: Platform Path C:/Users/kb40/Desktop/ECE385/labb6/final_proj_sdk/mb_usb_hdmi_top/hw/final_top.xsa
TRACE::2024-11-18.23:02:59::SCWPlatform:: Unique name xilinx:::0.0
TRACE::2024-11-18.23:02:59::SCWPlatform::Do not have an existing db opened. 
TRACE::2024-11-18.23:02:59::SCWPlatform::Opened new HwDB with name mb_usb_hdmi_top_17
TRACE::2024-11-18.23:02:59::SCWMssOS::Saving the mss changes C:/Users/kb40/Desktop/ECE385/labb6/final_proj_sdk/mb_usb_hdmi_top/microblaze_0/standalone_microblaze_0/bsp/system.mss
TRACE::2024-11-18.23:02:59::SCWMssOS::Adding the swdes entry, mss present, able to open swdb C:/Users/kb40/Desktop/ECE385/labb6/final_proj_sdk/mb_usb_hdmi_top/microblaze_0/standalone_microblaze_0/bsp/system.mss with des name system
TRACE::2024-11-18.23:02:59::SCWMssOS::Writing the mss file completed C:/Users/kb40/Desktop/ECE385/labb6/final_proj_sdk/mb_usb_hdmi_top/microblaze_0/standalone_microblaze_0/bsp/system.mss
TRACE::2024-11-18.23:02:59::SCWMssOS::Commit changes completed.
TRACE::2024-11-18.23:02:59::SCWPlatform::Trying to open the hw design at C:/Users/kb40/Desktop/ECE385/labb6/final_proj_sdk/mb_usb_hdmi_top/hw/final_top.xsa
TRACE::2024-11-18.23:02:59::SCWPlatform::DSA given C:/Users/kb40/Desktop/ECE385/labb6/final_proj_sdk/mb_usb_hdmi_top/hw/final_top.xsa
TRACE::2024-11-18.23:02:59::SCWPlatform::DSA absoulate path C:/Users/kb40/Desktop/ECE385/labb6/final_proj_sdk/mb_usb_hdmi_top/hw/final_top.xsa
TRACE::2024-11-18.23:02:59::SCWPlatform::DSA directory C:/Users/kb40/Desktop/ECE385/labb6/final_proj_sdk/mb_usb_hdmi_top/hw
TRACE::2024-11-18.23:02:59::SCWPlatform:: Platform Path C:/Users/kb40/Desktop/ECE385/labb6/final_proj_sdk/mb_usb_hdmi_top/hw/final_top.xsa
TRACE::2024-11-18.23:02:59::SCWPlatform:: Unique name xilinx:::0.0
TRACE::2024-11-18.23:02:59::SCWPlatform::Trying to set the existing hwdb with name mb_usb_hdmi_top_17
TRACE::2024-11-18.23:02:59::SCWPlatform::Opened existing hwdb mb_usb_hdmi_top_17
TRACE::2024-11-18.23:02:59::SCWPlatform::Found the Hw Db part of the input DSA
TRACE::2024-11-18.23:02:59::SCWMssOS::Checking the sw design at  C:/Users/kb40/Desktop/ECE385/labb6/final_proj_sdk/mb_usb_hdmi_top/microblaze_0/standalone_microblaze_0/bsp/system.mss
TRACE::2024-11-18.23:02:59::SCWMssOS::DEBUG:  swdes dump  C:/Users/kb40/Desktop/ECE385/labb6/final_proj_sdk/mb_usb_hdmi_top/microblaze_0/standalone_microblaze_0/bsp/system.mss|system||

TRACE::2024-11-18.23:02:59::SCWMssOS::Sw design exists and opened at  C:/Users/kb40/Desktop/ECE385/labb6/final_proj_sdk/mb_usb_hdmi_top/microblaze_0/standalone_microblaze_0/bsp/system.mss
TRACE::2024-11-18.23:02:59::SCWWriter::formatted JSON is {
	"platformName":	"mb_usb_hdmi_top",
	"sprVersion":	"2.0",
	"mode":	"gui",
	"dsaType":	"Fixed",
	"platformDesc":	"mb_usb_hdmi_top",
	"platHandOff":	"C:/Users/kb40/Desktop/ECE385/labb6/final_top.xsa",
	"platIntHandOff":	"<platformDir>/hw/final_top.xsa",
	"deviceType":	"FPGA",
	"platIsPrebuiltAutogen":	"false",
	"platIsNoBootBsp":	"false",
	"hasFsblMakeHasChanges":	"false",
	"hasPmufwMakeHasChanges":	"false",
	"platPreBuiltFlag":	false,
	"platformSamplesDir":	"",
	"platActiveSys":	"mb_usb_hdmi_top",
	"systems":	[{
			"systemName":	"mb_usb_hdmi_top",
			"systemDesc":	"mb_usb_hdmi_top",
			"sysIsBootAutoGen":	"true",
			"systemDispName":	"mb_usb_hdmi_top",
			"sysActiveDom":	"standalone_microblaze_0",
			"sysDefaultDom":	"standalone_microblaze_0",
			"domains":	[{
					"domainName":	"standalone_microblaze_0",
					"domainDispName":	"standalone_microblaze_0",
					"domainDesc":	"standalone_microblaze_0",
					"processors":	"microblaze_0",
					"os":	"standalone",
					"sdxOs":	"standalone",
					"debugEnable":	"False",
					"domRuntimes":	["cpp"],
					"swRepo":	"",
					"mssOsVer":	"8.0",
					"mssFile":	"",
					"md5Digest":	"304529987e879521ca977c68d163f3621",
					"compatibleApp":	"",
					"domType":	"mssDomain",
					"arch":	"32-bit",
					"appSettings":	{
						"appCompilerFlags":	"",
						"appLinkerFlags":	""
					},
					"addedLibs":	[],
					"libOptions":	{
						"libsContainingOptions":	[]
					},
					"prebuiltLibs":	{
						"prebuiltIncPath":	[],
						"prebuiltLibPath":	[]
					},
					"isolation":	{
					}
				}]
		}]
}
TRACE::2024-11-18.23:03:07::SCWMssOS::cleaning the bsp 
TRACE::2024-11-18.23:03:07::SCWMssOS::System Command Ran  C: & cd  C:/Users/kb40/Desktop/ECE385/labb6/final_proj_sdk/mb_usb_hdmi_top/microblaze_0/standalone_microblaze_0/bsp & make clean 
TRACE::2024-11-18.23:03:07::SCWMssOS::make -C microblaze_0/libsrc/bram_v4_8/src -s clean 

TRACE::2024-11-18.23:03:07::SCWMssOS::make -C microblaze_0/libsrc/cpu_v2_16/src -s clean 

TRACE::2024-11-18.23:03:08::SCWMssOS::make -C microblaze_0/libsrc/gpio_v4_9/src -s clean 

TRACE::2024-11-18.23:03:08::SCWMssOS::make -C microblaze_0/libsrc/intc_v3_15/src -s clean 

TRACE::2024-11-18.23:03:08::SCWMssOS::make -C microblaze_0/libsrc/spi_v4_9/src -s clean 

TRACE::2024-11-18.23:03:08::SCWMssOS::make -C microblaze_0/libsrc/standalone_v8_0/src -s clean 

TRACE::2024-11-18.23:03:09::SCWMssOS::make -C microblaze_0/libsrc/tmrctr_v4_9/src -s clean 

TRACE::2024-11-18.23:03:09::SCWMssOS::make -C microblaze_0/libsrc/uartlite_v3_7/src -s clean 

TRACE::2024-11-18.23:03:09::SCWMssOS::rm -f microblaze_0/lib/libxil.a

TRACE::2024-11-18.23:03:16::SCWMssOS::cleaning the bsp 
TRACE::2024-11-18.23:03:16::SCWMssOS::System Command Ran  C: & cd  C:/Users/kb40/Desktop/ECE385/labb6/final_proj_sdk/mb_usb_hdmi_top/microblaze_0/standalone_microblaze_0/bsp & make clean 
TRACE::2024-11-18.23:03:16::SCWMssOS::make -C microblaze_0/libsrc/bram_v4_8/src -s clean 

TRACE::2024-11-18.23:03:16::SCWMssOS::make -C microblaze_0/libsrc/cpu_v2_16/src -s clean 

TRACE::2024-11-18.23:03:16::SCWMssOS::make -C microblaze_0/libsrc/gpio_v4_9/src -s clean 

TRACE::2024-11-18.23:03:17::SCWMssOS::make -C microblaze_0/libsrc/intc_v3_15/src -s clean 

TRACE::2024-11-18.23:03:17::SCWMssOS::make -C microblaze_0/libsrc/spi_v4_9/src -s clean 

TRACE::2024-11-18.23:03:17::SCWMssOS::make -C microblaze_0/libsrc/standalone_v8_0/src -s clean 

TRACE::2024-11-18.23:03:17::SCWMssOS::make -C microblaze_0/libsrc/tmrctr_v4_9/src -s clean 

TRACE::2024-11-18.23:03:17::SCWMssOS::make -C microblaze_0/libsrc/uartlite_v3_7/src -s clean 

TRACE::2024-11-18.23:03:17::SCWMssOS::rm -f microblaze_0/lib/libxil.a

TRACE::2024-11-18.23:03:25::SCWMssOS::cleaning the bsp 
TRACE::2024-11-18.23:03:25::SCWMssOS::System Command Ran  C: & cd  C:/Users/kb40/Desktop/ECE385/labb6/final_proj_sdk/mb_usb_hdmi_top/microblaze_0/standalone_microblaze_0/bsp & make clean 
TRACE::2024-11-18.23:03:25::SCWMssOS::make -C microblaze_0/libsrc/bram_v4_8/src -s clean 

TRACE::2024-11-18.23:03:25::SCWMssOS::make -C microblaze_0/libsrc/cpu_v2_16/src -s clean 

TRACE::2024-11-18.23:03:25::SCWMssOS::make -C microblaze_0/libsrc/gpio_v4_9/src -s clean 

TRACE::2024-11-18.23:03:25::SCWMssOS::make -C microblaze_0/libsrc/intc_v3_15/src -s clean 

TRACE::2024-11-18.23:03:25::SCWMssOS::make -C microblaze_0/libsrc/spi_v4_9/src -s clean 

TRACE::2024-11-18.23:03:25::SCWMssOS::make -C microblaze_0/libsrc/standalone_v8_0/src -s clean 

TRACE::2024-11-18.23:03:26::SCWMssOS::make -C microblaze_0/libsrc/tmrctr_v4_9/src -s clean 

TRACE::2024-11-18.23:03:26::SCWMssOS::make -C microblaze_0/libsrc/uartlite_v3_7/src -s clean 

TRACE::2024-11-18.23:03:26::SCWMssOS::rm -f microblaze_0/lib/libxil.a

LOG::2024-11-18.23:04:21::SCWPlatform::Started generating the artifacts platform mb_usb_hdmi_top
TRACE::2024-11-18.23:04:21::SCWPlatform::Sanity checking of platform is completed
LOG::2024-11-18.23:04:21::SCWPlatform::Started generating the artifacts for system configuration mb_usb_hdmi_top
LOG::2024-11-18.23:04:21::SCWSystem::Checking the domain standalone_microblaze_0
LOG::2024-11-18.23:04:21::SCWSystem::Not a boot domain 
LOG::2024-11-18.23:04:21::SCWSystem::Started Processing the domain standalone_microblaze_0
TRACE::2024-11-18.23:04:21::SCWDomain::Generating domain artifcats
TRACE::2024-11-18.23:04:21::SCWMssOS::Generating standalone artifcats
TRACE::2024-11-18.23:04:21::SCWMssOS:: Copying the user libraries. 
TRACE::2024-11-18.23:04:21::SCWPlatform::Trying to open the hw design at C:/Users/kb40/Desktop/ECE385/labb6/final_proj_sdk/mb_usb_hdmi_top/hw/final_top.xsa
TRACE::2024-11-18.23:04:21::SCWPlatform::DSA given C:/Users/kb40/Desktop/ECE385/labb6/final_proj_sdk/mb_usb_hdmi_top/hw/final_top.xsa
TRACE::2024-11-18.23:04:21::SCWPlatform::DSA absoulate path C:/Users/kb40/Desktop/ECE385/labb6/final_proj_sdk/mb_usb_hdmi_top/hw/final_top.xsa
TRACE::2024-11-18.23:04:21::SCWPlatform::DSA directory C:/Users/kb40/Desktop/ECE385/labb6/final_proj_sdk/mb_usb_hdmi_top/hw
TRACE::2024-11-18.23:04:21::SCWPlatform:: Platform Path C:/Users/kb40/Desktop/ECE385/labb6/final_proj_sdk/mb_usb_hdmi_top/hw/final_top.xsa
TRACE::2024-11-18.23:04:21::SCWPlatform:: Unique name xilinx:::0.0
TRACE::2024-11-18.23:04:21::SCWPlatform::Trying to set the existing hwdb with name mb_usb_hdmi_top_17
TRACE::2024-11-18.23:04:21::SCWPlatform::Opened existing hwdb mb_usb_hdmi_top_17
TRACE::2024-11-18.23:04:21::SCWPlatform::Found the Hw Db part of the input DSA
TRACE::2024-11-18.23:04:21::SCWMssOS::Checking the sw design at  C:/Users/kb40/Desktop/ECE385/labb6/final_proj_sdk/mb_usb_hdmi_top/microblaze_0/standalone_microblaze_0/bsp/system.mss
TRACE::2024-11-18.23:04:21::SCWMssOS::DEBUG:  swdes dump  C:/Users/kb40/Desktop/ECE385/labb6/final_proj_sdk/mb_usb_hdmi_top/microblaze_0/standalone_microblaze_0/bsp/system.mss|system||

TRACE::2024-11-18.23:04:21::SCWMssOS::Sw design exists and opened at  C:/Users/kb40/Desktop/ECE385/labb6/final_proj_sdk/mb_usb_hdmi_top/microblaze_0/standalone_microblaze_0/bsp/system.mss
TRACE::2024-11-18.23:04:21::SCWMssOS::Completed writing the mss file at C:/Users/kb40/Desktop/ECE385/labb6/final_proj_sdk/mb_usb_hdmi_top/microblaze_0/standalone_microblaze_0/bsp
TRACE::2024-11-18.23:04:21::SCWMssOS::Mss edits present, copying mssfile into export location C:/Users/kb40/Desktop/ECE385/labb6/final_proj_sdk/mb_usb_hdmi_top/microblaze_0/standalone_microblaze_0/bsp/system.mss
TRACE::2024-11-18.23:04:21::SCWMssOS::bsp generated is stale removing and regenerating. 
TRACE::2024-11-18.23:04:23::SCWMssOS::doing bsp build ... 
TRACE::2024-11-18.23:04:23::SCWMssOS::System Command Ran  C: & cd  C:/Users/kb40/Desktop/ECE385/labb6/final_proj_sdk/mb_usb_hdmi_top/microblaze_0/standalone_microblaze_0/bsp & make 
TRACE::2024-11-18.23:04:23::SCWMssOS::make --no-print-directory seq_libs

TRACE::2024-11-18.23:04:23::SCWMssOS::'Finished building libraries sequentially.'

TRACE::2024-11-18.23:04:23::SCWMssOS::make -j 10 --no-print-directory par_libs

TRACE::2024-11-18.23:04:23::SCWMssOS::"Running Make include in microblaze_0/libsrc/bram_v4_8/src"

TRACE::2024-11-18.23:04:23::SCWMssOS::make -C microblaze_0/libsrc/bram_v4_8/src -s include  "SHELL=CMD" "COMPILER=mb-gcc" "ASSEMBLER=mb-as" "ARCHIVER=mb-ar" "COMPILE
TRACE::2024-11-18.23:04:23::SCWMssOS::R_FLAGS=  -O2 -c -mcpu=v11.0 -mlittle-endian -mno-xl-reorder -mno-xl-soft-mul -mxl-barrel-shift -mxl-pattern-compare" "EXTRA_CO
TRACE::2024-11-18.23:04:23::SCWMssOS::MPILER_FLAGS=-g -ffunction-sections -fdata-sections -Wall -Wextra -fno-tree-loop-distribute-patterns"

TRACE::2024-11-18.23:04:23::SCWMssOS::"Running Make include in microblaze_0/libsrc/cpu_v2_16/src"

TRACE::2024-11-18.23:04:23::SCWMssOS::"Running Make include in microblaze_0/libsrc/gpio_v4_9/src"

TRACE::2024-11-18.23:04:23::SCWMssOS::make -C microblaze_0/libsrc/cpu_v2_16/src -s include  "SHELL=CMD" "COMPILER=mb-gcc" "ASSEMBLER=mb-as" "ARCHIVER=mb-ar" "COMPILE
TRACE::2024-11-18.23:04:23::SCWMssOS::R_FLAGS=  -O2 -c -mcpu=v11.0 -mlittle-endian -mno-xl-reorder -mno-xl-soft-mul -mxl-barrel-shift -mxl-pattern-compare" "EXTRA_CO
TRACE::2024-11-18.23:04:23::SCWMssOS::MPILER_FLAGS=-g -ffunction-sections -fdata-sections -Wall -Wextra -fno-tree-loop-distribute-patterns"

TRACE::2024-11-18.23:04:23::SCWMssOS::make -C microblaze_0/libsrc/gpio_v4_9/src -s include  "SHELL=CMD" "COMPILER=mb-gcc" "ASSEMBLER=mb-as" "ARCHIVER=mb-ar" "COMPILE
TRACE::2024-11-18.23:04:23::SCWMssOS::R_FLAGS=  -O2 -c -mcpu=v11.0 -mlittle-endian -mno-xl-reorder -mno-xl-soft-mul -mxl-barrel-shift -mxl-pattern-compare" "EXTRA_CO
TRACE::2024-11-18.23:04:23::SCWMssOS::MPILER_FLAGS=-g -ffunction-sections -fdata-sections -Wall -Wextra -fno-tree-loop-distribute-patterns"

TRACE::2024-11-18.23:04:23::SCWMssOS::"Running Make include in microblaze_0/libsrc/intc_v3_15/src"

TRACE::2024-11-18.23:04:23::SCWMssOS::make -C microblaze_0/libsrc/intc_v3_15/src -s include  "SHELL=CMD" "COMPILER=mb-gcc" "ASSEMBLER=mb-as" "ARCHIVER=mb-ar" "COMPIL
TRACE::2024-11-18.23:04:23::SCWMssOS::ER_FLAGS=  -O2 -c -mcpu=v11.0 -mlittle-endian -mno-xl-reorder -mno-xl-soft-mul -mxl-barrel-shift -mxl-pattern-compare" "EXTRA_C
TRACE::2024-11-18.23:04:23::SCWMssOS::OMPILER_FLAGS=-g -ffunction-sections -fdata-sections -Wall -Wextra -fno-tree-loop-distribute-patterns"

TRACE::2024-11-18.23:04:23::SCWMssOS::"Running Make include in microblaze_0/libsrc/spi_v4_9/src"

TRACE::2024-11-18.23:04:23::SCWMssOS::make -C microblaze_0/libsrc/spi_v4_9/src -s include  "SHELL=CMD" "COMPILER=mb-gcc" "ASSEMBLER=mb-as" "ARCHIVER=mb-ar" "COMPILER
TRACE::2024-11-18.23:04:23::SCWMssOS::_FLAGS=  -O2 -c -mcpu=v11.0 -mlittle-endian -mno-xl-reorder -mno-xl-soft-mul -mxl-barrel-shift -mxl-pattern-compare" "EXTRA_COM
TRACE::2024-11-18.23:04:23::SCWMssOS::PILER_FLAGS=-g -ffunction-sections -fdata-sections -Wall -Wextra -fno-tree-loop-distribute-patterns"

TRACE::2024-11-18.23:04:23::SCWMssOS::"Running Make include in microblaze_0/libsrc/standalone_v8_0/src"

TRACE::2024-11-18.23:04:23::SCWMssOS::make -C microblaze_0/libsrc/standalone_v8_0/src -s include  "SHELL=CMD" "COMPILER=mb-gcc" "ASSEMBLER=mb-as" "ARCHIVER=mb-ar" "C
TRACE::2024-11-18.23:04:23::SCWMssOS::OMPILER_FLAGS=  -O2 -c -mcpu=v11.0 -mlittle-endian -mno-xl-reorder -mno-xl-soft-mul -mxl-barrel-shift -mxl-pattern-compare" "EX
TRACE::2024-11-18.23:04:23::SCWMssOS::TRA_COMPILER_FLAGS=-g -ffunction-sections -fdata-sections -Wall -Wextra -fno-tree-loop-distribute-patterns"

TRACE::2024-11-18.23:04:23::SCWMssOS::"Running Make include in microblaze_0/libsrc/tmrctr_v4_9/src"

TRACE::2024-11-18.23:04:23::SCWMssOS::make -C microblaze_0/libsrc/tmrctr_v4_9/src -s include  "SHELL=CMD" "COMPILER=mb-gcc" "ASSEMBLER=mb-as" "ARCHIVER=mb-ar" "COMPI
TRACE::2024-11-18.23:04:23::SCWMssOS::LER_FLAGS=  -O2 -c -mcpu=v11.0 -mlittle-endian -mno-xl-reorder -mno-xl-soft-mul -mxl-barrel-shift -mxl-pattern-compare" "EXTRA_
TRACE::2024-11-18.23:04:23::SCWMssOS::COMPILER_FLAGS=-g -ffunction-sections -fdata-sections -Wall -Wextra -fno-tree-loop-distribute-patterns"

TRACE::2024-11-18.23:04:23::SCWMssOS::"Running Make include in microblaze_0/libsrc/uartlite_v3_7/src"

TRACE::2024-11-18.23:04:23::SCWMssOS::make -C microblaze_0/libsrc/uartlite_v3_7/src -s include  "SHELL=CMD" "COMPILER=mb-gcc" "ASSEMBLER=mb-as" "ARCHIVER=mb-ar" "COM
TRACE::2024-11-18.23:04:23::SCWMssOS::PILER_FLAGS=  -O2 -c -mcpu=v11.0 -mlittle-endian -mno-xl-reorder -mno-xl-soft-mul -mxl-barrel-shift -mxl-pattern-compare" "EXTR
TRACE::2024-11-18.23:04:23::SCWMssOS::A_COMPILER_FLAGS=-g -ffunction-sections -fdata-sections -Wall -Wextra -fno-tree-loop-distribute-patterns"

TRACE::2024-11-18.23:04:24::SCWMssOS::"Running Make libs in microblaze_0/libsrc/bram_v4_8/src"

TRACE::2024-11-18.23:04:24::SCWMssOS::"Running Make libs in microblaze_0/libsrc/cpu_v2_16/src"

TRACE::2024-11-18.23:04:24::SCWMssOS::make -C microblaze_0/libsrc/bram_v4_8/src -s libs  "SHELL=CMD" "COMPILER=mb-gcc" "ASSEMBLER=mb-as" "ARCHIVER=mb-ar" "COMPILER_F
TRACE::2024-11-18.23:04:24::SCWMssOS::LAGS=  -O2 -c -mcpu=v11.0 -mlittle-endian -mno-xl-reorder -mno-xl-soft-mul -mxl-barrel-shift -mxl-pattern-compare" "EXTRA_COMPI
TRACE::2024-11-18.23:04:24::SCWMssOS::LER_FLAGS=-g -ffunction-sections -fdata-sections -Wall -Wextra -fno-tree-loop-distribute-patterns"

TRACE::2024-11-18.23:04:24::SCWMssOS::make -C microblaze_0/libsrc/cpu_v2_16/src -s libs  "SHELL=CMD" "COMPILER=mb-gcc" "ASSEMBLER=mb-as" "ARCHIVER=mb-ar" "COMPILER_F
TRACE::2024-11-18.23:04:24::SCWMssOS::LAGS=  -O2 -c -mcpu=v11.0 -mlittle-endian -mno-xl-reorder -mno-xl-soft-mul -mxl-barrel-shift -mxl-pattern-compare" "EXTRA_COMPI
TRACE::2024-11-18.23:04:24::SCWMssOS::LER_FLAGS=-g -ffunction-sections -fdata-sections -Wall -Wextra -fno-tree-loop-distribute-patterns"

TRACE::2024-11-18.23:04:24::SCWMssOS::"Running Make libs in microblaze_0/libsrc/gpio_v4_9/src"

TRACE::2024-11-18.23:04:24::SCWMssOS::make -C microblaze_0/libsrc/gpio_v4_9/src -s libs  "SHELL=CMD" "COMPILER=mb-gcc" "ASSEMBLER=mb-as" "ARCHIVER=mb-ar" "COMPILER_F
TRACE::2024-11-18.23:04:24::SCWMssOS::LAGS=  -O2 -c -mcpu=v11.0 -mlittle-endian -mno-xl-reorder -mno-xl-soft-mul -mxl-barrel-shift -mxl-pattern-compare" "EXTRA_COMPI
TRACE::2024-11-18.23:04:24::SCWMssOS::LER_FLAGS=-g -ffunction-sections -fdata-sections -Wall -Wextra -fno-tree-loop-distribute-patterns"

TRACE::2024-11-18.23:04:24::SCWMssOS::"Running Make libs in microblaze_0/libsrc/intc_v3_15/src"

TRACE::2024-11-18.23:04:24::SCWMssOS::make -C microblaze_0/libsrc/intc_v3_15/src -s libs  "SHELL=CMD" "COMPILER=mb-gcc" "ASSEMBLER=mb-as" "ARCHIVER=mb-ar" "COMPILER_
TRACE::2024-11-18.23:04:24::SCWMssOS::FLAGS=  -O2 -c -mcpu=v11.0 -mlittle-endian -mno-xl-reorder -mno-xl-soft-mul -mxl-barrel-shift -mxl-pattern-compare" "EXTRA_COMP
TRACE::2024-11-18.23:04:24::SCWMssOS::ILER_FLAGS=-g -ffunction-sections -fdata-sections -Wall -Wextra -fno-tree-loop-distribute-patterns"

TRACE::2024-11-18.23:04:24::SCWMssOS::"Running Make libs in microblaze_0/libsrc/spi_v4_9/src"

TRACE::2024-11-18.23:04:24::SCWMssOS::make -C microblaze_0/libsrc/spi_v4_9/src -s libs  "SHELL=CMD" "COMPILER=mb-gcc" "ASSEMBLER=mb-as" "ARCHIVER=mb-ar" "COMPILER_FL
TRACE::2024-11-18.23:04:24::SCWMssOS::AGS=  -O2 -c -mcpu=v11.0 -mlittle-endian -mno-xl-reorder -mno-xl-soft-mul -mxl-barrel-shift -mxl-pattern-compare" "EXTRA_COMPIL
TRACE::2024-11-18.23:04:24::SCWMssOS::ER_FLAGS=-g -ffunction-sections -fdata-sections -Wall -Wextra -fno-tree-loop-distribute-patterns"

TRACE::2024-11-18.23:04:24::SCWMssOS::"Running Make libs in microblaze_0/libsrc/standalone_v8_0/src"

TRACE::2024-11-18.23:04:24::SCWMssOS::make -C microblaze_0/libsrc/standalone_v8_0/src -s libs  "SHELL=CMD" "COMPILER=mb-gcc" "ASSEMBLER=mb-as" "ARCHIVER=mb-ar" "COMP
TRACE::2024-11-18.23:04:24::SCWMssOS::ILER_FLAGS=  -O2 -c -mcpu=v11.0 -mlittle-endian -mno-xl-reorder -mno-xl-soft-mul -mxl-barrel-shift -mxl-pattern-compare" "EXTRA
TRACE::2024-11-18.23:04:24::SCWMssOS::_COMPILER_FLAGS=-g -ffunction-sections -fdata-sections -Wall -Wextra -fno-tree-loop-distribute-patterns"

TRACE::2024-11-18.23:04:25::SCWMssOS::"Running Make libs in microblaze_0/libsrc/tmrctr_v4_9/src"

TRACE::2024-11-18.23:04:25::SCWMssOS::make -C microblaze_0/libsrc/tmrctr_v4_9/src -s libs  "SHELL=CMD" "COMPILER=mb-gcc" "ASSEMBLER=mb-as" "ARCHIVER=mb-ar" "COMPILER
TRACE::2024-11-18.23:04:25::SCWMssOS::_FLAGS=  -O2 -c -mcpu=v11.0 -mlittle-endian -mno-xl-reorder -mno-xl-soft-mul -mxl-barrel-shift -mxl-pattern-compare" "EXTRA_COM
TRACE::2024-11-18.23:04:25::SCWMssOS::PILER_FLAGS=-g -ffunction-sections -fdata-sections -Wall -Wextra -fno-tree-loop-distribute-patterns"

TRACE::2024-11-18.23:04:25::SCWMssOS::"Running Make libs in microblaze_0/libsrc/uartlite_v3_7/src"

TRACE::2024-11-18.23:04:25::SCWMssOS::make -C microblaze_0/libsrc/uartlite_v3_7/src -s libs  "SHELL=CMD" "COMPILER=mb-gcc" "ASSEMBLER=mb-as" "ARCHIVER=mb-ar" "COMPIL
TRACE::2024-11-18.23:04:25::SCWMssOS::ER_FLAGS=  -O2 -c -mcpu=v11.0 -mlittle-endian -mno-xl-reorder -mno-xl-soft-mul -mxl-barrel-shift -mxl-pattern-compare" "EXTRA_C
TRACE::2024-11-18.23:04:25::SCWMssOS::OMPILER_FLAGS=-g -ffunction-sections -fdata-sections -Wall -Wextra -fno-tree-loop-distribute-patterns"

TRACE::2024-11-18.23:04:28::SCWMssOS::"DEBUG NON_LTO_OBJECTS is ../../../lib/microblaze_interrupt_handler.o"

TRACE::2024-11-18.23:04:28::SCWMssOS::'Finished building libraries parallelly.'

TRACE::2024-11-18.23:04:28::SCWMssOS::make --no-print-directory archive

TRACE::2024-11-18.23:04:28::SCWMssOS::mb-ar -r  microblaze_0/lib/libxil.a microblaze_0/lib/_exit.o microblaze_0/lib/errno.o microblaze_0/lib/fcntl.o microblaze_0/lib
TRACE::2024-11-18.23:04:28::SCWMssOS::/hw_exception_handler.o microblaze_0/lib/inbyte.o microblaze_0/lib/microblaze_disable_dcache.o microblaze_0/lib/microblaze_disa
TRACE::2024-11-18.23:04:28::SCWMssOS::ble_exceptions.o microblaze_0/lib/microblaze_disable_icache.o microblaze_0/lib/microblaze_disable_interrupts.o microblaze_0/lib
TRACE::2024-11-18.23:04:28::SCWMssOS::/microblaze_enable_dcache.o microblaze_0/lib/microblaze_enable_exceptions.o microblaze_0/lib/microblaze_enable_icache.o microbl
TRACE::2024-11-18.23:04:28::SCWMssOS::aze_0/lib/microblaze_enable_interrupts.o microblaze_0/lib/microblaze_exception_handler.o microblaze_0/lib/microblaze_flush_cach
TRACE::2024-11-18.23:04:28::SCWMssOS::e_ext.o microblaze_0/lib/microblaze_flush_cache_ext_range.o microblaze_0/lib/microblaze_flush_dcache.o microblaze_0/lib/microbl
TRACE::2024-11-18.23:04:28::SCWMssOS::aze_flush_dcache_range.o microblaze_0/lib/microblaze_init_dcache_range.o microblaze_0/lib/microblaze_init_icache_range.o microb
TRACE::2024-11-18.23:04:28::SCWMssOS::laze_0/lib/microblaze_interrupt_handler.o microblaze_0/lib/microblaze_interrupts_g.o microblaze_0/lib/microblaze_invalidate_cac
TRACE::2024-11-18.23:04:28::SCWMssOS::he_ext.o microblaze_0/lib/microblaze_invalidate_cache_ext_range.o microblaze_0/lib/microblaze_invalidate_dcache.o microblaze_0/
TRACE::2024-11-18.23:04:28::SCWMssOS::lib/microblaze_invalidate_dcache_range.o microblaze_0/lib/microblaze_invalidate_icache.o microblaze_0/lib/microblaze_invalidate
TRACE::2024-11-18.23:04:28::SCWMssOS::_icache_range.o microblaze_0/lib/microblaze_scrub.o microblaze_0/lib/microblaze_selftest.o microblaze_0/lib/microblaze_sleep.o 
TRACE::2024-11-18.23:04:28::SCWMssOS::microblaze_0/lib/microblaze_update_dcache.o microblaze_0/lib/microblaze_update_icache.o microblaze_0/lib/outbyte.o microblaze_0
TRACE::2024-11-18.23:04:28::SCWMssOS::/lib/print.o microblaze_0/lib/pvr.o microblaze_0/lib/xbram.o microblaze_0/lib/xbram_g.o microblaze_0/lib/xbram_intr.o microblaz
TRACE::2024-11-18.23:04:28::SCWMssOS::e_0/lib/xbram_selftest.o microblaze_0/lib/xbram_sinit.o microblaze_0/lib/xgpio.o microblaze_0/lib/xgpio_extra.o microblaze_0/li
TRACE::2024-11-18.23:04:28::SCWMssOS::b/xgpio_g.o microblaze_0/lib/xgpio_intr.o microblaze_0/lib/xgpio_selftest.o microblaze_0/lib/xgpio_sinit.o microblaze_0/lib/xil
TRACE::2024-11-18.23:04:28::SCWMssOS::_assert.o microblaze_0/lib/xil_cache.o microblaze_0/lib/xil_clocking.o microblaze_0/lib/xil_exception.o microblaze_0/lib/xil_me
TRACE::2024-11-18.23:04:28::SCWMssOS::m.o microblaze_0/lib/xil_misc_psreset_api.o microblaze_0/lib/xil_printf.o microblaze_0/lib/xil_sleepcommon.o microblaze_0/lib/x
TRACE::2024-11-18.23:04:28::SCWMssOS::il_testcache.o microblaze_0/lib/xil_testio.o microblaze_0/lib/xil_testmem.o microblaze_0/lib/xil_util.o microblaze_0/lib/xintc.
TRACE::2024-11-18.23:04:28::SCWMssOS::o microblaze_0/lib/xintc_g.o microblaze_0/lib/xintc_intr.o microblaze_0/lib/xintc_l.o microblaze_0/lib/xintc_options.o microbla
TRACE::2024-11-18.23:04:28::SCWMssOS::ze_0/lib/xintc_selftest.o microblaze_0/lib/xinterrupt_wrap.o microblaze_0/lib/xio.o microblaze_0/lib/xplatform_info.o microblaz
TRACE::2024-11-18.23:04:28::SCWMssOS::e_0/lib/xspi.o microblaze_0/lib/xspi_g.o microblaze_0/lib/xspi_options.o microblaze_0/lib/xspi_selftest.o microblaze_0/lib/xspi
TRACE::2024-11-18.23:04:28::SCWMssOS::_sinit.o microblaze_0/lib/xspi_stats.o microblaze_0/lib/xtmrctr.o microblaze_0/lib/xtmrctr_g.o microblaze_0/lib/xtmrctr_intr.o 
TRACE::2024-11-18.23:04:28::SCWMssOS::microblaze_0/lib/xtmrctr_l.o microblaze_0/lib/xtmrctr_options.o microblaze_0/lib/xtmrctr_selftest.o microblaze_0/lib/xtmrctr_si
TRACE::2024-11-18.23:04:28::SCWMssOS::nit.o microblaze_0/lib/xtmrctr_stats.o microblaze_0/lib/xuartlite.o microblaze_0/lib/xuartlite_g.o microblaze_0/lib/xuartlite_i
TRACE::2024-11-18.23:04:28::SCWMssOS::ntr.o microblaze_0/lib/xuartlite_l.o microblaze_0/lib/xuartlite_selftest.o microblaze_0/lib/xuartlite_sinit.o microblaze_0/lib/
TRACE::2024-11-18.23:04:28::SCWMssOS::xuartlite_stats.o

TRACE::2024-11-18.23:04:28::SCWMssOS::'Finished building libraries'

TRACE::2024-11-18.23:04:28::SCWMssOS:: Checking if to create the Supporting Applications
TRACE::2024-11-18.23:04:28::SCWMssOS:: No Linux domain exists, trying to generate FSBL 
LOG::2024-11-18.23:04:28::SCWSystem::Completed Processing the domain standalone_microblaze_0
LOG::2024-11-18.23:04:28::SCWSystem::Completed Processing the sysconfig mb_usb_hdmi_top
LOG::2024-11-18.23:04:28::SCWPlatform::Completed generating the artifacts for system configuration mb_usb_hdmi_top
TRACE::2024-11-18.23:04:28::SCWPlatform::Started preparing the platform 
TRACE::2024-11-18.23:04:28::SCWSystem::Writing the bif file for system config mb_usb_hdmi_top
TRACE::2024-11-18.23:04:28::SCWSystem::dir created 
TRACE::2024-11-18.23:04:28::SCWSystem::Writing the bif 
TRACE::2024-11-18.23:04:28::SCWPlatform::Started writing the spfm file 
TRACE::2024-11-18.23:04:28::SCWPlatform::Started writing the xpfm file 
TRACE::2024-11-18.23:04:28::SCWPlatform::Completed generating the platform
TRACE::2024-11-18.23:04:28::SCWMssOS::Saving the mss changes C:/Users/kb40/Desktop/ECE385/labb6/final_proj_sdk/mb_usb_hdmi_top/microblaze_0/standalone_microblaze_0/bsp/system.mss
TRACE::2024-11-18.23:04:28::SCWMssOS::Adding the swdes entry, mss present, able to open swdb C:/Users/kb40/Desktop/ECE385/labb6/final_proj_sdk/mb_usb_hdmi_top/microblaze_0/standalone_microblaze_0/bsp/system.mss with des name system
TRACE::2024-11-18.23:04:28::SCWMssOS::Writing the mss file completed C:/Users/kb40/Desktop/ECE385/labb6/final_proj_sdk/mb_usb_hdmi_top/microblaze_0/standalone_microblaze_0/bsp/system.mss
TRACE::2024-11-18.23:04:28::SCWMssOS::Commit changes completed.
TRACE::2024-11-18.23:04:28::SCWPlatform::Trying to open the hw design at C:/Users/kb40/Desktop/ECE385/labb6/final_proj_sdk/mb_usb_hdmi_top/hw/final_top.xsa
TRACE::2024-11-18.23:04:28::SCWPlatform::DSA given C:/Users/kb40/Desktop/ECE385/labb6/final_proj_sdk/mb_usb_hdmi_top/hw/final_top.xsa
TRACE::2024-11-18.23:04:28::SCWPlatform::DSA absoulate path C:/Users/kb40/Desktop/ECE385/labb6/final_proj_sdk/mb_usb_hdmi_top/hw/final_top.xsa
TRACE::2024-11-18.23:04:28::SCWPlatform::DSA directory C:/Users/kb40/Desktop/ECE385/labb6/final_proj_sdk/mb_usb_hdmi_top/hw
TRACE::2024-11-18.23:04:28::SCWPlatform:: Platform Path C:/Users/kb40/Desktop/ECE385/labb6/final_proj_sdk/mb_usb_hdmi_top/hw/final_top.xsa
TRACE::2024-11-18.23:04:28::SCWPlatform:: Unique name xilinx:::0.0
TRACE::2024-11-18.23:04:28::SCWPlatform::Trying to set the existing hwdb with name mb_usb_hdmi_top_17
TRACE::2024-11-18.23:04:28::SCWPlatform::Opened existing hwdb mb_usb_hdmi_top_17
TRACE::2024-11-18.23:04:28::SCWPlatform::Found the Hw Db part of the input DSA
TRACE::2024-11-18.23:04:28::SCWMssOS::Checking the sw design at  C:/Users/kb40/Desktop/ECE385/labb6/final_proj_sdk/mb_usb_hdmi_top/microblaze_0/standalone_microblaze_0/bsp/system.mss
TRACE::2024-11-18.23:04:28::SCWMssOS::DEBUG:  swdes dump  C:/Users/kb40/Desktop/ECE385/labb6/final_proj_sdk/mb_usb_hdmi_top/microblaze_0/standalone_microblaze_0/bsp/system.mss|system||

TRACE::2024-11-18.23:04:28::SCWMssOS::Sw design exists and opened at  C:/Users/kb40/Desktop/ECE385/labb6/final_proj_sdk/mb_usb_hdmi_top/microblaze_0/standalone_microblaze_0/bsp/system.mss
TRACE::2024-11-18.23:04:28::SCWWriter::formatted JSON is {
	"platformName":	"mb_usb_hdmi_top",
	"sprVersion":	"2.0",
	"mode":	"gui",
	"dsaType":	"Fixed",
	"platformDesc":	"mb_usb_hdmi_top",
	"platHandOff":	"C:/Users/kb40/Desktop/ECE385/labb6/final_top.xsa",
	"platIntHandOff":	"<platformDir>/hw/final_top.xsa",
	"deviceType":	"FPGA",
	"platIsPrebuiltAutogen":	"false",
	"platIsNoBootBsp":	"false",
	"hasFsblMakeHasChanges":	"false",
	"hasPmufwMakeHasChanges":	"false",
	"platPreBuiltFlag":	false,
	"platformSamplesDir":	"",
	"platActiveSys":	"mb_usb_hdmi_top",
	"systems":	[{
			"systemName":	"mb_usb_hdmi_top",
			"systemDesc":	"mb_usb_hdmi_top",
			"sysIsBootAutoGen":	"true",
			"systemDispName":	"mb_usb_hdmi_top",
			"sysActiveDom":	"standalone_microblaze_0",
			"sysDefaultDom":	"standalone_microblaze_0",
			"domains":	[{
					"domainName":	"standalone_microblaze_0",
					"domainDispName":	"standalone_microblaze_0",
					"domainDesc":	"standalone_microblaze_0",
					"processors":	"microblaze_0",
					"os":	"standalone",
					"sdxOs":	"standalone",
					"debugEnable":	"False",
					"domRuntimes":	["cpp"],
					"swRepo":	"",
					"mssOsVer":	"8.0",
					"mssFile":	"",
					"md5Digest":	"304529987e879521ca977c68d163f362",
					"compatibleApp":	"",
					"domType":	"mssDomain",
					"arch":	"32-bit",
					"appSettings":	{
						"appCompilerFlags":	"",
						"appLinkerFlags":	""
					},
					"addedLibs":	[],
					"libOptions":	{
						"libsContainingOptions":	[]
					},
					"prebuiltLibs":	{
						"prebuiltIncPath":	[],
						"prebuiltLibPath":	[]
					},
					"isolation":	{
					}
				}]
		}]
}
KEYINFO::2024-11-18.23:04:28::SCWPlatform::updated the xpfm file.
TRACE::2024-11-18.23:04:29::SCWPlatform::Trying to open the hw design at C:/Users/kb40/Desktop/ECE385/labb6/final_proj_sdk/mb_usb_hdmi_top/hw/final_top.xsa
TRACE::2024-11-18.23:04:29::SCWPlatform::DSA given C:/Users/kb40/Desktop/ECE385/labb6/final_proj_sdk/mb_usb_hdmi_top/hw/final_top.xsa
TRACE::2024-11-18.23:04:29::SCWPlatform::DSA absoulate path C:/Users/kb40/Desktop/ECE385/labb6/final_proj_sdk/mb_usb_hdmi_top/hw/final_top.xsa
TRACE::2024-11-18.23:04:29::SCWPlatform::DSA directory C:/Users/kb40/Desktop/ECE385/labb6/final_proj_sdk/mb_usb_hdmi_top/hw
TRACE::2024-11-18.23:04:29::SCWPlatform:: Platform Path C:/Users/kb40/Desktop/ECE385/labb6/final_proj_sdk/mb_usb_hdmi_top/hw/final_top.xsa
TRACE::2024-11-18.23:04:29::SCWPlatform:: Unique name xilinx:::0.0
TRACE::2024-11-18.23:04:29::SCWPlatform::Trying to set the existing hwdb with name mb_usb_hdmi_top_17
TRACE::2024-11-18.23:04:29::SCWPlatform::Opened existing hwdb mb_usb_hdmi_top_17
TRACE::2024-11-18.23:04:29::SCWPlatform::Found the Hw Db part of the input DSA
TRACE::2024-11-18.23:04:29::SCWMssOS::Checking the sw design at  C:/Users/kb40/Desktop/ECE385/labb6/final_proj_sdk/mb_usb_hdmi_top/microblaze_0/standalone_microblaze_0/bsp/system.mss
TRACE::2024-11-18.23:04:29::SCWMssOS::DEBUG:  swdes dump  C:/Users/kb40/Desktop/ECE385/labb6/final_proj_sdk/mb_usb_hdmi_top/microblaze_0/standalone_microblaze_0/bsp/system.mss|system||

TRACE::2024-11-18.23:04:29::SCWMssOS::Sw design exists and opened at  C:/Users/kb40/Desktop/ECE385/labb6/final_proj_sdk/mb_usb_hdmi_top/microblaze_0/standalone_microblaze_0/bsp/system.mss
TRACE::2024-11-18.23:12:45::SCWPlatform::Clearing the existing platform
TRACE::2024-11-18.23:12:45::SCWSystem::Clearing the existing sysconfig
TRACE::2024-11-18.23:12:45::SCWMssOS::Removing the swdes entry for  C:/Users/kb40/Desktop/ECE385/labb6/final_proj_sdk/mb_usb_hdmi_top/microblaze_0/standalone_microblaze_0/bsp/system.mss
TRACE::2024-11-18.23:12:45::SCWSystem::Clearing the domains completed.
TRACE::2024-11-18.23:12:45::SCWPlatform::Clearing the opened hw db.
TRACE::2024-11-18.23:12:45::SCWPlatform::DSA given C:/Users/kb40/Desktop/ECE385/labb6/final_proj_sdk/mb_usb_hdmi_top/hw/final_top.xsa
TRACE::2024-11-18.23:12:45::SCWPlatform::DSA absoulate path C:/Users/kb40/Desktop/ECE385/labb6/final_proj_sdk/mb_usb_hdmi_top/hw/final_top.xsa
TRACE::2024-11-18.23:12:45::SCWPlatform:: Platform location is C:/Users/kb40/Desktop/ECE385/labb6/final_proj_sdk/mb_usb_hdmi_top/hw
TRACE::2024-11-18.23:12:45::SCWPlatform:: Platform Path C:/Users/kb40/Desktop/ECE385/labb6/final_proj_sdk/mb_usb_hdmi_top/hw/final_top.xsa
TRACE::2024-11-18.23:12:45::SCWPlatform:: Unique name xilinx:::0.0
TRACE::2024-11-18.23:12:45::SCWPlatform::Removing the HwDB with name C:/Users/kb40/Desktop/ECE385/labb6/final_proj_sdk/mb_usb_hdmi_top/hw/final_top.xsa
TRACE::2024-11-18.23:12:45::SCWPlatform::Trying to open the hw design at C:/Users/kb40/Desktop/ECE385/labb6/final_proj_sdk/mb_usb_hdmi_top/hw/final_top.xsa
TRACE::2024-11-18.23:12:45::SCWPlatform::DSA given C:/Users/kb40/Desktop/ECE385/labb6/final_proj_sdk/mb_usb_hdmi_top/hw/final_top.xsa
TRACE::2024-11-18.23:12:45::SCWPlatform::DSA absoulate path C:/Users/kb40/Desktop/ECE385/labb6/final_proj_sdk/mb_usb_hdmi_top/hw/final_top.xsa
TRACE::2024-11-18.23:12:45::SCWPlatform::DSA directory C:/Users/kb40/Desktop/ECE385/labb6/final_proj_sdk/mb_usb_hdmi_top/hw
TRACE::2024-11-18.23:12:45::SCWPlatform:: Platform Path C:/Users/kb40/Desktop/ECE385/labb6/final_proj_sdk/mb_usb_hdmi_top/hw/final_top.xsa
TRACE::2024-11-18.23:12:45::SCWPlatform:: Unique name xilinx:::0.0
TRACE::2024-11-18.23:12:45::SCWPlatform::Do not have an existing db opened. 
TRACE::2024-11-18.23:12:45::SCWPlatform::Opened new HwDB with name mb_usb_hdmi_top_20
TRACE::2024-11-18.23:12:45::SCWReader::Active system found as  mb_usb_hdmi_top
TRACE::2024-11-18.23:12:45::SCWReader::Handling sysconfig mb_usb_hdmi_top
TRACE::2024-11-18.23:12:45::SCWDomain::checking for install qemu data   : 
TRACE::2024-11-18.23:12:45::SCWPlatform::Trying to open the hw design at C:/Users/kb40/Desktop/ECE385/labb6/final_proj_sdk/mb_usb_hdmi_top/hw/final_top.xsa
TRACE::2024-11-18.23:12:45::SCWPlatform::DSA given C:/Users/kb40/Desktop/ECE385/labb6/final_proj_sdk/mb_usb_hdmi_top/hw/final_top.xsa
TRACE::2024-11-18.23:12:45::SCWPlatform::DSA absoulate path C:/Users/kb40/Desktop/ECE385/labb6/final_proj_sdk/mb_usb_hdmi_top/hw/final_top.xsa
TRACE::2024-11-18.23:12:45::SCWPlatform::DSA directory C:/Users/kb40/Desktop/ECE385/labb6/final_proj_sdk/mb_usb_hdmi_top/hw
TRACE::2024-11-18.23:12:45::SCWPlatform:: Platform Path C:/Users/kb40/Desktop/ECE385/labb6/final_proj_sdk/mb_usb_hdmi_top/hw/final_top.xsa
TRACE::2024-11-18.23:12:45::SCWPlatform:: Unique name xilinx:::0.0
TRACE::2024-11-18.23:12:45::SCWPlatform::Trying to set the existing hwdb with name mb_usb_hdmi_top_20
TRACE::2024-11-18.23:12:45::SCWPlatform::Opened existing hwdb mb_usb_hdmi_top_20
TRACE::2024-11-18.23:12:45::SCWPlatform::Found the Hw Db part of the input DSA
TRACE::2024-11-18.23:12:45::SCWPlatform::Trying to open the hw design at C:/Users/kb40/Desktop/ECE385/labb6/final_proj_sdk/mb_usb_hdmi_top/hw/final_top.xsa
TRACE::2024-11-18.23:12:45::SCWPlatform::DSA given C:/Users/kb40/Desktop/ECE385/labb6/final_proj_sdk/mb_usb_hdmi_top/hw/final_top.xsa
TRACE::2024-11-18.23:12:45::SCWPlatform::DSA absoulate path C:/Users/kb40/Desktop/ECE385/labb6/final_proj_sdk/mb_usb_hdmi_top/hw/final_top.xsa
TRACE::2024-11-18.23:12:45::SCWPlatform::DSA directory C:/Users/kb40/Desktop/ECE385/labb6/final_proj_sdk/mb_usb_hdmi_top/hw
TRACE::2024-11-18.23:12:45::SCWPlatform:: Platform Path C:/Users/kb40/Desktop/ECE385/labb6/final_proj_sdk/mb_usb_hdmi_top/hw/final_top.xsa
TRACE::2024-11-18.23:12:45::SCWPlatform:: Unique name xilinx:::0.0
TRACE::2024-11-18.23:12:45::SCWPlatform::Trying to set the existing hwdb with name mb_usb_hdmi_top_20
TRACE::2024-11-18.23:12:45::SCWPlatform::Opened existing hwdb mb_usb_hdmi_top_20
TRACE::2024-11-18.23:12:45::SCWPlatform::Found the Hw Db part of the input DSA
TRACE::2024-11-18.23:12:45::SCWPlatform::Trying to open the hw design at C:/Users/kb40/Desktop/ECE385/labb6/final_proj_sdk/mb_usb_hdmi_top/hw/final_top.xsa
TRACE::2024-11-18.23:12:45::SCWPlatform::DSA given C:/Users/kb40/Desktop/ECE385/labb6/final_proj_sdk/mb_usb_hdmi_top/hw/final_top.xsa
TRACE::2024-11-18.23:12:45::SCWPlatform::DSA absoulate path C:/Users/kb40/Desktop/ECE385/labb6/final_proj_sdk/mb_usb_hdmi_top/hw/final_top.xsa
TRACE::2024-11-18.23:12:45::SCWPlatform::DSA directory C:/Users/kb40/Desktop/ECE385/labb6/final_proj_sdk/mb_usb_hdmi_top/hw
TRACE::2024-11-18.23:12:45::SCWPlatform:: Platform Path C:/Users/kb40/Desktop/ECE385/labb6/final_proj_sdk/mb_usb_hdmi_top/hw/final_top.xsa
TRACE::2024-11-18.23:12:45::SCWPlatform:: Unique name xilinx:::0.0
TRACE::2024-11-18.23:12:45::SCWPlatform::Trying to set the existing hwdb with name mb_usb_hdmi_top_20
TRACE::2024-11-18.23:12:45::SCWPlatform::Opened existing hwdb mb_usb_hdmi_top_20
TRACE::2024-11-18.23:12:45::SCWPlatform::Found the Hw Db part of the input DSA
TRACE::2024-11-18.23:12:45::SCWPlatform::Trying to open the hw design at C:/Users/kb40/Desktop/ECE385/labb6/final_proj_sdk/mb_usb_hdmi_top/hw/final_top.xsa
TRACE::2024-11-18.23:12:45::SCWPlatform::DSA given C:/Users/kb40/Desktop/ECE385/labb6/final_proj_sdk/mb_usb_hdmi_top/hw/final_top.xsa
TRACE::2024-11-18.23:12:45::SCWPlatform::DSA absoulate path C:/Users/kb40/Desktop/ECE385/labb6/final_proj_sdk/mb_usb_hdmi_top/hw/final_top.xsa
TRACE::2024-11-18.23:12:45::SCWPlatform::DSA directory C:/Users/kb40/Desktop/ECE385/labb6/final_proj_sdk/mb_usb_hdmi_top/hw
TRACE::2024-11-18.23:12:45::SCWPlatform:: Platform Path C:/Users/kb40/Desktop/ECE385/labb6/final_proj_sdk/mb_usb_hdmi_top/hw/final_top.xsa
TRACE::2024-11-18.23:12:45::SCWPlatform:: Unique name xilinx:::0.0
TRACE::2024-11-18.23:12:45::SCWPlatform::Trying to set the existing hwdb with name mb_usb_hdmi_top_20
TRACE::2024-11-18.23:12:45::SCWPlatform::Opened existing hwdb mb_usb_hdmi_top_20
TRACE::2024-11-18.23:12:45::SCWPlatform::Found the Hw Db part of the input DSA
TRACE::2024-11-18.23:12:45::SCWMssOS::Checking the sw design at  C:/Users/kb40/Desktop/ECE385/labb6/final_proj_sdk/mb_usb_hdmi_top/microblaze_0/standalone_microblaze_0/bsp/system.mss
TRACE::2024-11-18.23:12:45::SCWMssOS::DEBUG:  swdes dump  
TRACE::2024-11-18.23:12:45::SCWMssOS::No sw design opened at  C:/Users/kb40/Desktop/ECE385/labb6/final_proj_sdk/mb_usb_hdmi_top/microblaze_0/standalone_microblaze_0/bsp/system.mss
TRACE::2024-11-18.23:12:45::SCWMssOS::mss exists loading the mss file  C:/Users/kb40/Desktop/ECE385/labb6/final_proj_sdk/mb_usb_hdmi_top/microblaze_0/standalone_microblaze_0/bsp/system.mss
TRACE::2024-11-18.23:12:45::SCWMssOS::Opened the sw design from mss  C:/Users/kb40/Desktop/ECE385/labb6/final_proj_sdk/mb_usb_hdmi_top/microblaze_0/standalone_microblaze_0/bsp/system.mss
TRACE::2024-11-18.23:12:45::SCWMssOS::Adding the swdes entry C:/Users/kb40/Desktop/ECE385/labb6/final_proj_sdk/mb_usb_hdmi_top/microblaze_0/standalone_microblaze_0/bsp/system.mss with des name system
TRACE::2024-11-18.23:12:45::SCWMssOS::updating the scw layer about changes
TRACE::2024-11-18.23:12:45::SCWMssOS::Opened the sw design.  C:/Users/kb40/Desktop/ECE385/labb6/final_proj_sdk/mb_usb_hdmi_top/microblaze_0/standalone_microblaze_0/bsp/system.mss
TRACE::2024-11-18.23:12:45::SCWMssOS::Saving the mss changes C:/Users/kb40/Desktop/ECE385/labb6/final_proj_sdk/mb_usb_hdmi_top/microblaze_0/standalone_microblaze_0/bsp/system.mss
TRACE::2024-11-18.23:12:45::SCWMssOS::Found a swdesign opened with the mssfile.
TRACE::2024-11-18.23:12:45::SCWMssOS::Completed writemss as part of save.
TRACE::2024-11-18.23:12:45::SCWMssOS::Commit changes completed.
TRACE::2024-11-18.23:12:45::SCWReader::Adding prebuilt librarypaths as   
TRACE::2024-11-18.23:12:45::SCWReader::Adding prebuilt incpaths  as   
TRACE::2024-11-18.23:12:45::SCWPlatform::Trying to open the hw design at C:/Users/kb40/Desktop/ECE385/labb6/final_proj_sdk/mb_usb_hdmi_top/hw/final_top.xsa
TRACE::2024-11-18.23:12:45::SCWPlatform::DSA given C:/Users/kb40/Desktop/ECE385/labb6/final_proj_sdk/mb_usb_hdmi_top/hw/final_top.xsa
TRACE::2024-11-18.23:12:45::SCWPlatform::DSA absoulate path C:/Users/kb40/Desktop/ECE385/labb6/final_proj_sdk/mb_usb_hdmi_top/hw/final_top.xsa
TRACE::2024-11-18.23:12:45::SCWPlatform::DSA directory C:/Users/kb40/Desktop/ECE385/labb6/final_proj_sdk/mb_usb_hdmi_top/hw
TRACE::2024-11-18.23:12:45::SCWPlatform:: Platform Path C:/Users/kb40/Desktop/ECE385/labb6/final_proj_sdk/mb_usb_hdmi_top/hw/final_top.xsa
TRACE::2024-11-18.23:12:45::SCWPlatform:: Unique name xilinx:::0.0
TRACE::2024-11-18.23:12:45::SCWPlatform::Trying to set the existing hwdb with name mb_usb_hdmi_top_20
TRACE::2024-11-18.23:12:45::SCWPlatform::Opened existing hwdb mb_usb_hdmi_top_20
TRACE::2024-11-18.23:12:45::SCWPlatform::Found the Hw Db part of the input DSA
TRACE::2024-11-18.23:12:45::SCWMssOS::Checking the sw design at  C:/Users/kb40/Desktop/ECE385/labb6/final_proj_sdk/mb_usb_hdmi_top/microblaze_0/standalone_microblaze_0/bsp/system.mss
TRACE::2024-11-18.23:12:45::SCWMssOS::DEBUG:  swdes dump  C:/Users/kb40/Desktop/ECE385/labb6/final_proj_sdk/mb_usb_hdmi_top/microblaze_0/standalone_microblaze_0/bsp/system.mss|system||

TRACE::2024-11-18.23:12:45::SCWMssOS::Sw design exists and opened at  C:/Users/kb40/Desktop/ECE385/labb6/final_proj_sdk/mb_usb_hdmi_top/microblaze_0/standalone_microblaze_0/bsp/system.mss
TRACE::2024-11-18.23:12:45::SCWReader::No isolation master present  
TRACE::2024-11-18.23:12:53::SCWPlatform::DSA given C:/Users/kb40/Desktop/ECE385/labb6/final_proj_sdk/mb_usb_hdmi_top/tempdsa/final_top.xsa
TRACE::2024-11-18.23:12:53::SCWPlatform::DSA absoulate path C:/Users/kb40/Desktop/ECE385/labb6/final_proj_sdk/mb_usb_hdmi_top/tempdsa/final_top.xsa
TRACE::2024-11-18.23:12:53::SCWPlatform:: Platform location is C:/Users/kb40/Desktop/ECE385/labb6/final_proj_sdk/mb_usb_hdmi_top/tempdsa
TRACE::2024-11-18.23:12:53::SCWPlatform:: Platform Path C:/Users/kb40/Desktop/ECE385/labb6/final_proj_sdk/mb_usb_hdmi_top/tempdsa/final_top.xsa
TRACE::2024-11-18.23:12:53::SCWPlatform:: Unique name xilinx:::0.0
TRACE::2024-11-18.23:12:54::SCWPlatform::Found the Hw Db part of the input DSA
TRACE::2024-11-18.23:12:54::SCWMssOS::Doing hw sync for the mss in domain: standalone_microblaze_0
TRACE::2024-11-18.23:12:54::SCWPlatform::Trying to open the hw design at C:/Users/kb40/Desktop/ECE385/labb6/final_proj_sdk/mb_usb_hdmi_top/hw/final_top.xsa
TRACE::2024-11-18.23:12:54::SCWPlatform::DSA given C:/Users/kb40/Desktop/ECE385/labb6/final_proj_sdk/mb_usb_hdmi_top/hw/final_top.xsa
TRACE::2024-11-18.23:12:54::SCWPlatform::DSA absoulate path C:/Users/kb40/Desktop/ECE385/labb6/final_proj_sdk/mb_usb_hdmi_top/hw/final_top.xsa
TRACE::2024-11-18.23:12:54::SCWPlatform::DSA directory C:/Users/kb40/Desktop/ECE385/labb6/final_proj_sdk/mb_usb_hdmi_top/hw
TRACE::2024-11-18.23:12:54::SCWPlatform:: Platform Path C:/Users/kb40/Desktop/ECE385/labb6/final_proj_sdk/mb_usb_hdmi_top/hw/final_top.xsa
TRACE::2024-11-18.23:12:54::SCWPlatform:: Unique name xilinx:::0.0
TRACE::2024-11-18.23:12:54::SCWPlatform::Trying to set the existing hwdb with name mb_usb_hdmi_top_20
TRACE::2024-11-18.23:12:54::SCWPlatform::Opened existing hwdb mb_usb_hdmi_top_20
TRACE::2024-11-18.23:12:54::SCWPlatform::Found the Hw Db part of the input DSA
TRACE::2024-11-18.23:12:54::SCWPlatform::Trying to open the hw design at C:/Users/kb40/Desktop/ECE385/labb6/final_proj_sdk/mb_usb_hdmi_top/hw/final_top.xsa
TRACE::2024-11-18.23:12:54::SCWPlatform::DSA given C:/Users/kb40/Desktop/ECE385/labb6/final_proj_sdk/mb_usb_hdmi_top/hw/final_top.xsa
TRACE::2024-11-18.23:12:54::SCWPlatform::DSA absoulate path C:/Users/kb40/Desktop/ECE385/labb6/final_proj_sdk/mb_usb_hdmi_top/hw/final_top.xsa
TRACE::2024-11-18.23:12:54::SCWPlatform::DSA directory C:/Users/kb40/Desktop/ECE385/labb6/final_proj_sdk/mb_usb_hdmi_top/hw
TRACE::2024-11-18.23:12:54::SCWPlatform:: Platform Path C:/Users/kb40/Desktop/ECE385/labb6/final_proj_sdk/mb_usb_hdmi_top/hw/final_top.xsa
TRACE::2024-11-18.23:12:54::SCWPlatform:: Unique name xilinx:::0.0
TRACE::2024-11-18.23:12:54::SCWPlatform::Trying to set the existing hwdb with name mb_usb_hdmi_top_20
TRACE::2024-11-18.23:12:54::SCWPlatform::Opened existing hwdb mb_usb_hdmi_top_20
TRACE::2024-11-18.23:12:54::SCWPlatform::Found the Hw Db part of the input DSA
TRACE::2024-11-18.23:12:54::SCWMssOS::Checking the sw design at  C:/Users/kb40/Desktop/ECE385/labb6/final_proj_sdk/mb_usb_hdmi_top/microblaze_0/standalone_microblaze_0/bsp/system.mss
TRACE::2024-11-18.23:12:54::SCWMssOS::DEBUG:  swdes dump  C:/Users/kb40/Desktop/ECE385/labb6/final_proj_sdk/mb_usb_hdmi_top/microblaze_0/standalone_microblaze_0/bsp/system.mss|system||

TRACE::2024-11-18.23:12:54::SCWMssOS::Sw design exists and opened at  C:/Users/kb40/Desktop/ECE385/labb6/final_proj_sdk/mb_usb_hdmi_top/microblaze_0/standalone_microblaze_0/bsp/system.mss
TRACE::2024-11-18.23:12:54::SCWPlatform::Trying to open the hw design at C:/Users/kb40/Desktop/ECE385/labb6/final_proj_sdk/mb_usb_hdmi_top/tempdsa/final_top.xsa
TRACE::2024-11-18.23:12:54::SCWPlatform::DSA given C:/Users/kb40/Desktop/ECE385/labb6/final_proj_sdk/mb_usb_hdmi_top/tempdsa/final_top.xsa
TRACE::2024-11-18.23:12:54::SCWPlatform::DSA absoulate path C:/Users/kb40/Desktop/ECE385/labb6/final_proj_sdk/mb_usb_hdmi_top/tempdsa/final_top.xsa
TRACE::2024-11-18.23:12:54::SCWPlatform::DSA directory C:/Users/kb40/Desktop/ECE385/labb6/final_proj_sdk/mb_usb_hdmi_top/tempdsa
TRACE::2024-11-18.23:12:54::SCWPlatform:: Platform Path C:/Users/kb40/Desktop/ECE385/labb6/final_proj_sdk/mb_usb_hdmi_top/tempdsa/final_top.xsa
TRACE::2024-11-18.23:12:54::SCWPlatform:: Unique name xilinx:::0.0
TRACE::2024-11-18.23:12:54::SCWPlatform::update - Opened existing hwdb mb_usb_hdmi_top_21
TRACE::2024-11-18.23:12:54::SCWPlatform::Found the Hw Db part of the input DSA
TRACE::2024-11-18.23:12:54::SCWMssOS::Saving the mss changes C:/Users/kb40/Desktop/ECE385/labb6/final_proj_sdk/mb_usb_hdmi_top/microblaze_0/standalone_microblaze_0/bsp/system.mss
TRACE::2024-11-18.23:12:54::SCWMssOS::Found a swdesign opened with the mssfile.
TRACE::2024-11-18.23:12:54::SCWMssOS::Completed writemss as part of save.
TRACE::2024-11-18.23:12:54::SCWMssOS::Commit changes completed.
TRACE::2024-11-18.23:12:54::SCWMssOS::Completed hw sync for the mss in domain: standalone_microblaze_0
TRACE::2024-11-18.23:12:54::SCWMssOS::Removing the swdes entry for  C:/Users/kb40/Desktop/ECE385/labb6/final_proj_sdk/mb_usb_hdmi_top/microblaze_0/standalone_microblaze_0/bsp/system.mss
TRACE::2024-11-18.23:12:54::SCWPlatform::Trying to open the hw design at C:/Users/kb40/Desktop/ECE385/labb6/final_proj_sdk/mb_usb_hdmi_top/hw/final_top.xsa
TRACE::2024-11-18.23:12:54::SCWPlatform::DSA given C:/Users/kb40/Desktop/ECE385/labb6/final_proj_sdk/mb_usb_hdmi_top/hw/final_top.xsa
TRACE::2024-11-18.23:12:54::SCWPlatform::DSA absoulate path C:/Users/kb40/Desktop/ECE385/labb6/final_proj_sdk/mb_usb_hdmi_top/hw/final_top.xsa
TRACE::2024-11-18.23:12:54::SCWPlatform::DSA directory C:/Users/kb40/Desktop/ECE385/labb6/final_proj_sdk/mb_usb_hdmi_top/hw
TRACE::2024-11-18.23:12:54::SCWPlatform:: Platform Path C:/Users/kb40/Desktop/ECE385/labb6/final_proj_sdk/mb_usb_hdmi_top/hw/final_top.xsa
TRACE::2024-11-18.23:12:54::SCWPlatform:: Unique name xilinx:::0.0
TRACE::2024-11-18.23:12:54::SCWPlatform::Do not have an existing db opened. 
TRACE::2024-11-18.23:12:54::SCWPlatform::Opened new HwDB with name mb_usb_hdmi_top_22
TRACE::2024-11-18.23:12:54::SCWMssOS::Saving the mss changes C:/Users/kb40/Desktop/ECE385/labb6/final_proj_sdk/mb_usb_hdmi_top/microblaze_0/standalone_microblaze_0/bsp/system.mss
TRACE::2024-11-18.23:12:54::SCWMssOS::Adding the swdes entry, mss present, able to open swdb C:/Users/kb40/Desktop/ECE385/labb6/final_proj_sdk/mb_usb_hdmi_top/microblaze_0/standalone_microblaze_0/bsp/system.mss with des name system
TRACE::2024-11-18.23:12:54::SCWMssOS::Writing the mss file completed C:/Users/kb40/Desktop/ECE385/labb6/final_proj_sdk/mb_usb_hdmi_top/microblaze_0/standalone_microblaze_0/bsp/system.mss
TRACE::2024-11-18.23:12:54::SCWMssOS::Commit changes completed.
TRACE::2024-11-18.23:12:54::SCWPlatform::Trying to open the hw design at C:/Users/kb40/Desktop/ECE385/labb6/final_proj_sdk/mb_usb_hdmi_top/hw/final_top.xsa
TRACE::2024-11-18.23:12:54::SCWPlatform::DSA given C:/Users/kb40/Desktop/ECE385/labb6/final_proj_sdk/mb_usb_hdmi_top/hw/final_top.xsa
TRACE::2024-11-18.23:12:54::SCWPlatform::DSA absoulate path C:/Users/kb40/Desktop/ECE385/labb6/final_proj_sdk/mb_usb_hdmi_top/hw/final_top.xsa
TRACE::2024-11-18.23:12:54::SCWPlatform::DSA directory C:/Users/kb40/Desktop/ECE385/labb6/final_proj_sdk/mb_usb_hdmi_top/hw
TRACE::2024-11-18.23:12:54::SCWPlatform:: Platform Path C:/Users/kb40/Desktop/ECE385/labb6/final_proj_sdk/mb_usb_hdmi_top/hw/final_top.xsa
TRACE::2024-11-18.23:12:54::SCWPlatform:: Unique name xilinx:::0.0
TRACE::2024-11-18.23:12:54::SCWPlatform::Trying to set the existing hwdb with name mb_usb_hdmi_top_22
TRACE::2024-11-18.23:12:54::SCWPlatform::Opened existing hwdb mb_usb_hdmi_top_22
TRACE::2024-11-18.23:12:54::SCWPlatform::Found the Hw Db part of the input DSA
TRACE::2024-11-18.23:12:54::SCWMssOS::Checking the sw design at  C:/Users/kb40/Desktop/ECE385/labb6/final_proj_sdk/mb_usb_hdmi_top/microblaze_0/standalone_microblaze_0/bsp/system.mss
TRACE::2024-11-18.23:12:54::SCWMssOS::DEBUG:  swdes dump  C:/Users/kb40/Desktop/ECE385/labb6/final_proj_sdk/mb_usb_hdmi_top/microblaze_0/standalone_microblaze_0/bsp/system.mss|system||

TRACE::2024-11-18.23:12:54::SCWMssOS::Sw design exists and opened at  C:/Users/kb40/Desktop/ECE385/labb6/final_proj_sdk/mb_usb_hdmi_top/microblaze_0/standalone_microblaze_0/bsp/system.mss
TRACE::2024-11-18.23:12:54::SCWWriter::formatted JSON is {
	"platformName":	"mb_usb_hdmi_top",
	"sprVersion":	"2.0",
	"mode":	"gui",
	"dsaType":	"Fixed",
	"platformDesc":	"mb_usb_hdmi_top",
	"platHandOff":	"C:/Users/kb40/Desktop/ECE385/labb6/final_top.xsa",
	"platIntHandOff":	"<platformDir>/hw/final_top.xsa",
	"deviceType":	"FPGA",
	"platIsPrebuiltAutogen":	"false",
	"platIsNoBootBsp":	"false",
	"hasFsblMakeHasChanges":	"false",
	"hasPmufwMakeHasChanges":	"false",
	"platPreBuiltFlag":	false,
	"platformSamplesDir":	"",
	"platActiveSys":	"mb_usb_hdmi_top",
	"systems":	[{
			"systemName":	"mb_usb_hdmi_top",
			"systemDesc":	"mb_usb_hdmi_top",
			"sysIsBootAutoGen":	"true",
			"systemDispName":	"mb_usb_hdmi_top",
			"sysActiveDom":	"standalone_microblaze_0",
			"sysDefaultDom":	"standalone_microblaze_0",
			"domains":	[{
					"domainName":	"standalone_microblaze_0",
					"domainDispName":	"standalone_microblaze_0",
					"domainDesc":	"standalone_microblaze_0",
					"processors":	"microblaze_0",
					"os":	"standalone",
					"sdxOs":	"standalone",
					"debugEnable":	"False",
					"domRuntimes":	["cpp"],
					"swRepo":	"",
					"mssOsVer":	"8.0",
					"mssFile":	"",
					"md5Digest":	"304529987e879521ca977c68d163f3621",
					"compatibleApp":	"",
					"domType":	"mssDomain",
					"arch":	"32-bit",
					"appSettings":	{
						"appCompilerFlags":	"",
						"appLinkerFlags":	""
					},
					"addedLibs":	[],
					"libOptions":	{
						"libsContainingOptions":	[]
					},
					"prebuiltLibs":	{
						"prebuiltIncPath":	[],
						"prebuiltLibPath":	[]
					},
					"isolation":	{
					}
				}]
		}]
}
TRACE::2024-11-18.23:13:02::SCWMssOS::cleaning the bsp 
TRACE::2024-11-18.23:13:02::SCWMssOS::System Command Ran  C: & cd  C:/Users/kb40/Desktop/ECE385/labb6/final_proj_sdk/mb_usb_hdmi_top/microblaze_0/standalone_microblaze_0/bsp & make clean 
TRACE::2024-11-18.23:13:02::SCWMssOS::make -C microblaze_0/libsrc/bram_v4_8/src -s clean 

TRACE::2024-11-18.23:13:02::SCWMssOS::make -C microblaze_0/libsrc/cpu_v2_16/src -s clean 

TRACE::2024-11-18.23:13:02::SCWMssOS::make -C microblaze_0/libsrc/gpio_v4_9/src -s clean 

TRACE::2024-11-18.23:13:03::SCWMssOS::make -C microblaze_0/libsrc/intc_v3_15/src -s clean 

TRACE::2024-11-18.23:13:03::SCWMssOS::make -C microblaze_0/libsrc/spi_v4_9/src -s clean 

TRACE::2024-11-18.23:13:03::SCWMssOS::make -C microblaze_0/libsrc/standalone_v8_0/src -s clean 

TRACE::2024-11-18.23:13:03::SCWMssOS::make -C microblaze_0/libsrc/tmrctr_v4_9/src -s clean 

TRACE::2024-11-18.23:13:04::SCWMssOS::make -C microblaze_0/libsrc/uartlite_v3_7/src -s clean 

TRACE::2024-11-18.23:13:04::SCWMssOS::rm -f microblaze_0/lib/libxil.a

TRACE::2024-11-18.23:13:06::SCWMssOS::cleaning the bsp 
TRACE::2024-11-18.23:13:06::SCWMssOS::System Command Ran  C: & cd  C:/Users/kb40/Desktop/ECE385/labb6/final_proj_sdk/mb_usb_hdmi_top/microblaze_0/standalone_microblaze_0/bsp & make clean 
TRACE::2024-11-18.23:13:06::SCWMssOS::make -C microblaze_0/libsrc/bram_v4_8/src -s clean 

TRACE::2024-11-18.23:13:06::SCWMssOS::make -C microblaze_0/libsrc/cpu_v2_16/src -s clean 

TRACE::2024-11-18.23:13:06::SCWMssOS::make -C microblaze_0/libsrc/gpio_v4_9/src -s clean 

TRACE::2024-11-18.23:13:06::SCWMssOS::make -C microblaze_0/libsrc/intc_v3_15/src -s clean 

TRACE::2024-11-18.23:13:06::SCWMssOS::make -C microblaze_0/libsrc/spi_v4_9/src -s clean 

TRACE::2024-11-18.23:13:07::SCWMssOS::make -C microblaze_0/libsrc/standalone_v8_0/src -s clean 

TRACE::2024-11-18.23:13:07::SCWMssOS::make -C microblaze_0/libsrc/tmrctr_v4_9/src -s clean 

TRACE::2024-11-18.23:13:07::SCWMssOS::make -C microblaze_0/libsrc/uartlite_v3_7/src -s clean 

TRACE::2024-11-18.23:13:07::SCWMssOS::rm -f microblaze_0/lib/libxil.a

TRACE::2024-11-18.23:13:09::SCWMssOS::cleaning the bsp 
TRACE::2024-11-18.23:13:09::SCWMssOS::System Command Ran  C: & cd  C:/Users/kb40/Desktop/ECE385/labb6/final_proj_sdk/mb_usb_hdmi_top/microblaze_0/standalone_microblaze_0/bsp & make clean 
TRACE::2024-11-18.23:13:10::SCWMssOS::make -C microblaze_0/libsrc/bram_v4_8/src -s clean 

TRACE::2024-11-18.23:13:10::SCWMssOS::make -C microblaze_0/libsrc/cpu_v2_16/src -s clean 

TRACE::2024-11-18.23:13:10::SCWMssOS::make -C microblaze_0/libsrc/gpio_v4_9/src -s clean 

TRACE::2024-11-18.23:13:10::SCWMssOS::make -C microblaze_0/libsrc/intc_v3_15/src -s clean 

TRACE::2024-11-18.23:13:10::SCWMssOS::make -C microblaze_0/libsrc/spi_v4_9/src -s clean 

TRACE::2024-11-18.23:13:10::SCWMssOS::make -C microblaze_0/libsrc/standalone_v8_0/src -s clean 

TRACE::2024-11-18.23:13:10::SCWMssOS::make -C microblaze_0/libsrc/tmrctr_v4_9/src -s clean 

TRACE::2024-11-18.23:13:10::SCWMssOS::make -C microblaze_0/libsrc/uartlite_v3_7/src -s clean 

TRACE::2024-11-18.23:13:11::SCWMssOS::rm -f microblaze_0/lib/libxil.a

LOG::2024-11-18.23:13:15::SCWPlatform::Started generating the artifacts platform mb_usb_hdmi_top
TRACE::2024-11-18.23:13:15::SCWPlatform::Sanity checking of platform is completed
LOG::2024-11-18.23:13:15::SCWPlatform::Started generating the artifacts for system configuration mb_usb_hdmi_top
LOG::2024-11-18.23:13:15::SCWSystem::Checking the domain standalone_microblaze_0
LOG::2024-11-18.23:13:15::SCWSystem::Not a boot domain 
LOG::2024-11-18.23:13:15::SCWSystem::Started Processing the domain standalone_microblaze_0
TRACE::2024-11-18.23:13:15::SCWDomain::Generating domain artifcats
TRACE::2024-11-18.23:13:15::SCWMssOS::Generating standalone artifcats
TRACE::2024-11-18.23:13:15::SCWMssOS:: Copying the user libraries. 
TRACE::2024-11-18.23:13:15::SCWPlatform::Trying to open the hw design at C:/Users/kb40/Desktop/ECE385/labb6/final_proj_sdk/mb_usb_hdmi_top/hw/final_top.xsa
TRACE::2024-11-18.23:13:15::SCWPlatform::DSA given C:/Users/kb40/Desktop/ECE385/labb6/final_proj_sdk/mb_usb_hdmi_top/hw/final_top.xsa
TRACE::2024-11-18.23:13:15::SCWPlatform::DSA absoulate path C:/Users/kb40/Desktop/ECE385/labb6/final_proj_sdk/mb_usb_hdmi_top/hw/final_top.xsa
TRACE::2024-11-18.23:13:15::SCWPlatform::DSA directory C:/Users/kb40/Desktop/ECE385/labb6/final_proj_sdk/mb_usb_hdmi_top/hw
TRACE::2024-11-18.23:13:15::SCWPlatform:: Platform Path C:/Users/kb40/Desktop/ECE385/labb6/final_proj_sdk/mb_usb_hdmi_top/hw/final_top.xsa
TRACE::2024-11-18.23:13:15::SCWPlatform:: Unique name xilinx:::0.0
TRACE::2024-11-18.23:13:15::SCWPlatform::Trying to set the existing hwdb with name mb_usb_hdmi_top_22
TRACE::2024-11-18.23:13:15::SCWPlatform::Opened existing hwdb mb_usb_hdmi_top_22
TRACE::2024-11-18.23:13:15::SCWPlatform::Found the Hw Db part of the input DSA
TRACE::2024-11-18.23:13:15::SCWMssOS::Checking the sw design at  C:/Users/kb40/Desktop/ECE385/labb6/final_proj_sdk/mb_usb_hdmi_top/microblaze_0/standalone_microblaze_0/bsp/system.mss
TRACE::2024-11-18.23:13:15::SCWMssOS::DEBUG:  swdes dump  C:/Users/kb40/Desktop/ECE385/labb6/final_proj_sdk/mb_usb_hdmi_top/microblaze_0/standalone_microblaze_0/bsp/system.mss|system||

TRACE::2024-11-18.23:13:15::SCWMssOS::Sw design exists and opened at  C:/Users/kb40/Desktop/ECE385/labb6/final_proj_sdk/mb_usb_hdmi_top/microblaze_0/standalone_microblaze_0/bsp/system.mss
TRACE::2024-11-18.23:13:15::SCWMssOS::Completed writing the mss file at C:/Users/kb40/Desktop/ECE385/labb6/final_proj_sdk/mb_usb_hdmi_top/microblaze_0/standalone_microblaze_0/bsp
TRACE::2024-11-18.23:13:15::SCWMssOS::Mss edits present, copying mssfile into export location C:/Users/kb40/Desktop/ECE385/labb6/final_proj_sdk/mb_usb_hdmi_top/microblaze_0/standalone_microblaze_0/bsp/system.mss
TRACE::2024-11-18.23:13:15::SCWMssOS::bsp generated is stale removing and regenerating. 
TRACE::2024-11-18.23:13:17::SCWMssOS::doing bsp build ... 
TRACE::2024-11-18.23:13:17::SCWMssOS::System Command Ran  C: & cd  C:/Users/kb40/Desktop/ECE385/labb6/final_proj_sdk/mb_usb_hdmi_top/microblaze_0/standalone_microblaze_0/bsp & make 
TRACE::2024-11-18.23:13:17::SCWMssOS::make --no-print-directory seq_libs

TRACE::2024-11-18.23:13:17::SCWMssOS::'Finished building libraries sequentially.'

TRACE::2024-11-18.23:13:17::SCWMssOS::make -j 10 --no-print-directory par_libs

TRACE::2024-11-18.23:13:17::SCWMssOS::"Running Make include in microblaze_0/libsrc/bram_v4_8/src"

TRACE::2024-11-18.23:13:17::SCWMssOS::make -C microblaze_0/libsrc/bram_v4_8/src -s include  "SHELL=CMD" "COMPILER=mb-gcc" "ASSEMBLER=mb-as" "ARCHIVER=mb-ar" "COMPILE
TRACE::2024-11-18.23:13:17::SCWMssOS::R_FLAGS=  -O2 -c -mcpu=v11.0 -mlittle-endian -mno-xl-reorder -mno-xl-soft-mul -mxl-barrel-shift -mxl-pattern-compare" "EXTRA_CO
TRACE::2024-11-18.23:13:17::SCWMssOS::MPILER_FLAGS=-g -ffunction-sections -fdata-sections -Wall -Wextra -fno-tree-loop-distribute-patterns"

TRACE::2024-11-18.23:13:17::SCWMssOS::"Running Make include in microblaze_0/libsrc/cpu_v2_16/src"

TRACE::2024-11-18.23:13:17::SCWMssOS::"Running Make include in microblaze_0/libsrc/gpio_v4_9/src"

TRACE::2024-11-18.23:13:17::SCWMssOS::make -C microblaze_0/libsrc/cpu_v2_16/src -s include  "SHELL=CMD" "COMPILER=mb-gcc" "ASSEMBLER=mb-as" "ARCHIVER=mb-ar" "COMPILE
TRACE::2024-11-18.23:13:17::SCWMssOS::R_FLAGS=  -O2 -c -mcpu=v11.0 -mlittle-endian -mno-xl-reorder -mno-xl-soft-mul -mxl-barrel-shift -mxl-pattern-compare" "EXTRA_CO
TRACE::2024-11-18.23:13:17::SCWMssOS::MPILER_FLAGS=-g -ffunction-sections -fdata-sections -Wall -Wextra -fno-tree-loop-distribute-patterns"

TRACE::2024-11-18.23:13:17::SCWMssOS::make -C microblaze_0/libsrc/gpio_v4_9/src -s include  "SHELL=CMD" "COMPILER=mb-gcc" "ASSEMBLER=mb-as" "ARCHIVER=mb-ar" "COMPILE
TRACE::2024-11-18.23:13:17::SCWMssOS::R_FLAGS=  -O2 -c -mcpu=v11.0 -mlittle-endian -mno-xl-reorder -mno-xl-soft-mul -mxl-barrel-shift -mxl-pattern-compare" "EXTRA_CO
TRACE::2024-11-18.23:13:17::SCWMssOS::MPILER_FLAGS=-g -ffunction-sections -fdata-sections -Wall -Wextra -fno-tree-loop-distribute-patterns"

TRACE::2024-11-18.23:13:17::SCWMssOS::"Running Make include in microblaze_0/libsrc/intc_v3_15/src"

TRACE::2024-11-18.23:13:17::SCWMssOS::make -C microblaze_0/libsrc/intc_v3_15/src -s include  "SHELL=CMD" "COMPILER=mb-gcc" "ASSEMBLER=mb-as" "ARCHIVER=mb-ar" "COMPIL
TRACE::2024-11-18.23:13:17::SCWMssOS::ER_FLAGS=  -O2 -c -mcpu=v11.0 -mlittle-endian -mno-xl-reorder -mno-xl-soft-mul -mxl-barrel-shift -mxl-pattern-compare" "EXTRA_C
TRACE::2024-11-18.23:13:17::SCWMssOS::OMPILER_FLAGS=-g -ffunction-sections -fdata-sections -Wall -Wextra -fno-tree-loop-distribute-patterns"

TRACE::2024-11-18.23:13:17::SCWMssOS::"Running Make include in microblaze_0/libsrc/spi_v4_9/src"

TRACE::2024-11-18.23:13:17::SCWMssOS::make -C microblaze_0/libsrc/spi_v4_9/src -s include  "SHELL=CMD" "COMPILER=mb-gcc" "ASSEMBLER=mb-as" "ARCHIVER=mb-ar" "COMPILER
TRACE::2024-11-18.23:13:17::SCWMssOS::_FLAGS=  -O2 -c -mcpu=v11.0 -mlittle-endian -mno-xl-reorder -mno-xl-soft-mul -mxl-barrel-shift -mxl-pattern-compare" "EXTRA_COM
TRACE::2024-11-18.23:13:17::SCWMssOS::PILER_FLAGS=-g -ffunction-sections -fdata-sections -Wall -Wextra -fno-tree-loop-distribute-patterns"

TRACE::2024-11-18.23:13:18::SCWMssOS::"Running Make include in microblaze_0/libsrc/standalone_v8_0/src"

TRACE::2024-11-18.23:13:18::SCWMssOS::make -C microblaze_0/libsrc/standalone_v8_0/src -s include  "SHELL=CMD" "COMPILER=mb-gcc" "ASSEMBLER=mb-as" "ARCHIVER=mb-ar" "C
TRACE::2024-11-18.23:13:18::SCWMssOS::OMPILER_FLAGS=  -O2 -c -mcpu=v11.0 -mlittle-endian -mno-xl-reorder -mno-xl-soft-mul -mxl-barrel-shift -mxl-pattern-compare" "EX
TRACE::2024-11-18.23:13:18::SCWMssOS::TRA_COMPILER_FLAGS=-g -ffunction-sections -fdata-sections -Wall -Wextra -fno-tree-loop-distribute-patterns"

TRACE::2024-11-18.23:13:18::SCWMssOS::"Running Make include in microblaze_0/libsrc/tmrctr_v4_9/src"

TRACE::2024-11-18.23:13:18::SCWMssOS::make -C microblaze_0/libsrc/tmrctr_v4_9/src -s include  "SHELL=CMD" "COMPILER=mb-gcc" "ASSEMBLER=mb-as" "ARCHIVER=mb-ar" "COMPI
TRACE::2024-11-18.23:13:18::SCWMssOS::LER_FLAGS=  -O2 -c -mcpu=v11.0 -mlittle-endian -mno-xl-reorder -mno-xl-soft-mul -mxl-barrel-shift -mxl-pattern-compare" "EXTRA_
TRACE::2024-11-18.23:13:18::SCWMssOS::COMPILER_FLAGS=-g -ffunction-sections -fdata-sections -Wall -Wextra -fno-tree-loop-distribute-patterns"

TRACE::2024-11-18.23:13:18::SCWMssOS::"Running Make include in microblaze_0/libsrc/uartlite_v3_7/src"

TRACE::2024-11-18.23:13:18::SCWMssOS::make -C microblaze_0/libsrc/uartlite_v3_7/src -s include  "SHELL=CMD" "COMPILER=mb-gcc" "ASSEMBLER=mb-as" "ARCHIVER=mb-ar" "COM
TRACE::2024-11-18.23:13:18::SCWMssOS::PILER_FLAGS=  -O2 -c -mcpu=v11.0 -mlittle-endian -mno-xl-reorder -mno-xl-soft-mul -mxl-barrel-shift -mxl-pattern-compare" "EXTR
TRACE::2024-11-18.23:13:18::SCWMssOS::A_COMPILER_FLAGS=-g -ffunction-sections -fdata-sections -Wall -Wextra -fno-tree-loop-distribute-patterns"

TRACE::2024-11-18.23:13:18::SCWMssOS::"Running Make libs in microblaze_0/libsrc/bram_v4_8/src"

TRACE::2024-11-18.23:13:18::SCWMssOS::make -C microblaze_0/libsrc/bram_v4_8/src -s libs  "SHELL=CMD" "COMPILER=mb-gcc" "ASSEMBLER=mb-as" "ARCHIVER=mb-ar" "COMPILER_F
TRACE::2024-11-18.23:13:18::SCWMssOS::LAGS=  -O2 -c -mcpu=v11.0 -mlittle-endian -mno-xl-reorder -mno-xl-soft-mul -mxl-barrel-shift -mxl-pattern-compare" "EXTRA_COMPI
TRACE::2024-11-18.23:13:18::SCWMssOS::LER_FLAGS=-g -ffunction-sections -fdata-sections -Wall -Wextra -fno-tree-loop-distribute-patterns"

TRACE::2024-11-18.23:13:18::SCWMssOS::"Running Make libs in microblaze_0/libsrc/cpu_v2_16/src"

TRACE::2024-11-18.23:13:18::SCWMssOS::make -C microblaze_0/libsrc/cpu_v2_16/src -s libs  "SHELL=CMD" "COMPILER=mb-gcc" "ASSEMBLER=mb-as" "ARCHIVER=mb-ar" "COMPILER_F
TRACE::2024-11-18.23:13:18::SCWMssOS::LAGS=  -O2 -c -mcpu=v11.0 -mlittle-endian -mno-xl-reorder -mno-xl-soft-mul -mxl-barrel-shift -mxl-pattern-compare" "EXTRA_COMPI
TRACE::2024-11-18.23:13:18::SCWMssOS::LER_FLAGS=-g -ffunction-sections -fdata-sections -Wall -Wextra -fno-tree-loop-distribute-patterns"

TRACE::2024-11-18.23:13:18::SCWMssOS::"Running Make libs in microblaze_0/libsrc/gpio_v4_9/src"

TRACE::2024-11-18.23:13:18::SCWMssOS::make -C microblaze_0/libsrc/gpio_v4_9/src -s libs  "SHELL=CMD" "COMPILER=mb-gcc" "ASSEMBLER=mb-as" "ARCHIVER=mb-ar" "COMPILER_F
TRACE::2024-11-18.23:13:18::SCWMssOS::LAGS=  -O2 -c -mcpu=v11.0 -mlittle-endian -mno-xl-reorder -mno-xl-soft-mul -mxl-barrel-shift -mxl-pattern-compare" "EXTRA_COMPI
TRACE::2024-11-18.23:13:18::SCWMssOS::LER_FLAGS=-g -ffunction-sections -fdata-sections -Wall -Wextra -fno-tree-loop-distribute-patterns"

TRACE::2024-11-18.23:13:18::SCWMssOS::"Running Make libs in microblaze_0/libsrc/intc_v3_15/src"

TRACE::2024-11-18.23:13:18::SCWMssOS::make -C microblaze_0/libsrc/intc_v3_15/src -s libs  "SHELL=CMD" "COMPILER=mb-gcc" "ASSEMBLER=mb-as" "ARCHIVER=mb-ar" "COMPILER_
TRACE::2024-11-18.23:13:18::SCWMssOS::FLAGS=  -O2 -c -mcpu=v11.0 -mlittle-endian -mno-xl-reorder -mno-xl-soft-mul -mxl-barrel-shift -mxl-pattern-compare" "EXTRA_COMP
TRACE::2024-11-18.23:13:18::SCWMssOS::ILER_FLAGS=-g -ffunction-sections -fdata-sections -Wall -Wextra -fno-tree-loop-distribute-patterns"

TRACE::2024-11-18.23:13:18::SCWMssOS::"Running Make libs in microblaze_0/libsrc/spi_v4_9/src"

TRACE::2024-11-18.23:13:18::SCWMssOS::make -C microblaze_0/libsrc/spi_v4_9/src -s libs  "SHELL=CMD" "COMPILER=mb-gcc" "ASSEMBLER=mb-as" "ARCHIVER=mb-ar" "COMPILER_FL
TRACE::2024-11-18.23:13:18::SCWMssOS::AGS=  -O2 -c -mcpu=v11.0 -mlittle-endian -mno-xl-reorder -mno-xl-soft-mul -mxl-barrel-shift -mxl-pattern-compare" "EXTRA_COMPIL
TRACE::2024-11-18.23:13:18::SCWMssOS::ER_FLAGS=-g -ffunction-sections -fdata-sections -Wall -Wextra -fno-tree-loop-distribute-patterns"

TRACE::2024-11-18.23:13:18::SCWMssOS::"Running Make libs in microblaze_0/libsrc/standalone_v8_0/src"

TRACE::2024-11-18.23:13:18::SCWMssOS::make -C microblaze_0/libsrc/standalone_v8_0/src -s libs  "SHELL=CMD" "COMPILER=mb-gcc" "ASSEMBLER=mb-as" "ARCHIVER=mb-ar" "COMP
TRACE::2024-11-18.23:13:18::SCWMssOS::ILER_FLAGS=  -O2 -c -mcpu=v11.0 -mlittle-endian -mno-xl-reorder -mno-xl-soft-mul -mxl-barrel-shift -mxl-pattern-compare" "EXTRA
TRACE::2024-11-18.23:13:19::SCWMssOS::_COMPILER_FLAGS=-g -ffunction-sections -fdata-sections -Wall -Wextra -fno-tree-loop-distribute-patterns"

TRACE::2024-11-18.23:13:19::SCWMssOS::"Running Make libs in microblaze_0/libsrc/tmrctr_v4_9/src"

TRACE::2024-11-18.23:13:19::SCWMssOS::make -C microblaze_0/libsrc/tmrctr_v4_9/src -s libs  "SHELL=CMD" "COMPILER=mb-gcc" "ASSEMBLER=mb-as" "ARCHIVER=mb-ar" "COMPILER
TRACE::2024-11-18.23:13:19::SCWMssOS::_FLAGS=  -O2 -c -mcpu=v11.0 -mlittle-endian -mno-xl-reorder -mno-xl-soft-mul -mxl-barrel-shift -mxl-pattern-compare" "EXTRA_COM
TRACE::2024-11-18.23:13:19::SCWMssOS::PILER_FLAGS=-g -ffunction-sections -fdata-sections -Wall -Wextra -fno-tree-loop-distribute-patterns"

TRACE::2024-11-18.23:13:19::SCWMssOS::"Running Make libs in microblaze_0/libsrc/uartlite_v3_7/src"

TRACE::2024-11-18.23:13:19::SCWMssOS::make -C microblaze_0/libsrc/uartlite_v3_7/src -s libs  "SHELL=CMD" "COMPILER=mb-gcc" "ASSEMBLER=mb-as" "ARCHIVER=mb-ar" "COMPIL
TRACE::2024-11-18.23:13:19::SCWMssOS::ER_FLAGS=  -O2 -c -mcpu=v11.0 -mlittle-endian -mno-xl-reorder -mno-xl-soft-mul -mxl-barrel-shift -mxl-pattern-compare" "EXTRA_C
TRACE::2024-11-18.23:13:19::SCWMssOS::OMPILER_FLAGS=-g -ffunction-sections -fdata-sections -Wall -Wextra -fno-tree-loop-distribute-patterns"

TRACE::2024-11-18.23:13:22::SCWMssOS::"DEBUG NON_LTO_OBJECTS is ../../../lib/microblaze_interrupt_handler.o"

TRACE::2024-11-18.23:13:22::SCWMssOS::'Finished building libraries parallelly.'

TRACE::2024-11-18.23:13:22::SCWMssOS::make --no-print-directory archive

TRACE::2024-11-18.23:13:22::SCWMssOS::mb-ar -r  microblaze_0/lib/libxil.a microblaze_0/lib/_exit.o microblaze_0/lib/errno.o microblaze_0/lib/fcntl.o microblaze_0/lib
TRACE::2024-11-18.23:13:22::SCWMssOS::/hw_exception_handler.o microblaze_0/lib/inbyte.o microblaze_0/lib/microblaze_disable_dcache.o microblaze_0/lib/microblaze_disa
TRACE::2024-11-18.23:13:22::SCWMssOS::ble_exceptions.o microblaze_0/lib/microblaze_disable_icache.o microblaze_0/lib/microblaze_disable_interrupts.o microblaze_0/lib
TRACE::2024-11-18.23:13:22::SCWMssOS::/microblaze_enable_dcache.o microblaze_0/lib/microblaze_enable_exceptions.o microblaze_0/lib/microblaze_enable_icache.o microbl
TRACE::2024-11-18.23:13:22::SCWMssOS::aze_0/lib/microblaze_enable_interrupts.o microblaze_0/lib/microblaze_exception_handler.o microblaze_0/lib/microblaze_flush_cach
TRACE::2024-11-18.23:13:22::SCWMssOS::e_ext.o microblaze_0/lib/microblaze_flush_cache_ext_range.o microblaze_0/lib/microblaze_flush_dcache.o microblaze_0/lib/microbl
TRACE::2024-11-18.23:13:22::SCWMssOS::aze_flush_dcache_range.o microblaze_0/lib/microblaze_init_dcache_range.o microblaze_0/lib/microblaze_init_icache_range.o microb
TRACE::2024-11-18.23:13:22::SCWMssOS::laze_0/lib/microblaze_interrupt_handler.o microblaze_0/lib/microblaze_interrupts_g.o microblaze_0/lib/microblaze_invalidate_cac
TRACE::2024-11-18.23:13:22::SCWMssOS::he_ext.o microblaze_0/lib/microblaze_invalidate_cache_ext_range.o microblaze_0/lib/microblaze_invalidate_dcache.o microblaze_0/
TRACE::2024-11-18.23:13:22::SCWMssOS::lib/microblaze_invalidate_dcache_range.o microblaze_0/lib/microblaze_invalidate_icache.o microblaze_0/lib/microblaze_invalidate
TRACE::2024-11-18.23:13:22::SCWMssOS::_icache_range.o microblaze_0/lib/microblaze_scrub.o microblaze_0/lib/microblaze_selftest.o microblaze_0/lib/microblaze_sleep.o 
TRACE::2024-11-18.23:13:22::SCWMssOS::microblaze_0/lib/microblaze_update_dcache.o microblaze_0/lib/microblaze_update_icache.o microblaze_0/lib/outbyte.o microblaze_0
TRACE::2024-11-18.23:13:22::SCWMssOS::/lib/print.o microblaze_0/lib/pvr.o microblaze_0/lib/xbram.o microblaze_0/lib/xbram_g.o microblaze_0/lib/xbram_intr.o microblaz
TRACE::2024-11-18.23:13:22::SCWMssOS::e_0/lib/xbram_selftest.o microblaze_0/lib/xbram_sinit.o microblaze_0/lib/xgpio.o microblaze_0/lib/xgpio_extra.o microblaze_0/li
TRACE::2024-11-18.23:13:22::SCWMssOS::b/xgpio_g.o microblaze_0/lib/xgpio_intr.o microblaze_0/lib/xgpio_selftest.o microblaze_0/lib/xgpio_sinit.o microblaze_0/lib/xil
TRACE::2024-11-18.23:13:22::SCWMssOS::_assert.o microblaze_0/lib/xil_cache.o microblaze_0/lib/xil_clocking.o microblaze_0/lib/xil_exception.o microblaze_0/lib/xil_me
TRACE::2024-11-18.23:13:22::SCWMssOS::m.o microblaze_0/lib/xil_misc_psreset_api.o microblaze_0/lib/xil_printf.o microblaze_0/lib/xil_sleepcommon.o microblaze_0/lib/x
TRACE::2024-11-18.23:13:22::SCWMssOS::il_testcache.o microblaze_0/lib/xil_testio.o microblaze_0/lib/xil_testmem.o microblaze_0/lib/xil_util.o microblaze_0/lib/xintc.
TRACE::2024-11-18.23:13:22::SCWMssOS::o microblaze_0/lib/xintc_g.o microblaze_0/lib/xintc_intr.o microblaze_0/lib/xintc_l.o microblaze_0/lib/xintc_options.o microbla
TRACE::2024-11-18.23:13:22::SCWMssOS::ze_0/lib/xintc_selftest.o microblaze_0/lib/xinterrupt_wrap.o microblaze_0/lib/xio.o microblaze_0/lib/xplatform_info.o microblaz
TRACE::2024-11-18.23:13:22::SCWMssOS::e_0/lib/xspi.o microblaze_0/lib/xspi_g.o microblaze_0/lib/xspi_options.o microblaze_0/lib/xspi_selftest.o microblaze_0/lib/xspi
TRACE::2024-11-18.23:13:22::SCWMssOS::_sinit.o microblaze_0/lib/xspi_stats.o microblaze_0/lib/xtmrctr.o microblaze_0/lib/xtmrctr_g.o microblaze_0/lib/xtmrctr_intr.o 
TRACE::2024-11-18.23:13:22::SCWMssOS::microblaze_0/lib/xtmrctr_l.o microblaze_0/lib/xtmrctr_options.o microblaze_0/lib/xtmrctr_selftest.o microblaze_0/lib/xtmrctr_si
TRACE::2024-11-18.23:13:22::SCWMssOS::nit.o microblaze_0/lib/xtmrctr_stats.o microblaze_0/lib/xuartlite.o microblaze_0/lib/xuartlite_g.o microblaze_0/lib/xuartlite_i
TRACE::2024-11-18.23:13:22::SCWMssOS::ntr.o microblaze_0/lib/xuartlite_l.o microblaze_0/lib/xuartlite_selftest.o microblaze_0/lib/xuartlite_sinit.o microblaze_0/lib/
TRACE::2024-11-18.23:13:22::SCWMssOS::xuartlite_stats.o

TRACE::2024-11-18.23:13:22::SCWMssOS::'Finished building libraries'

TRACE::2024-11-18.23:13:23::SCWMssOS:: Checking if to create the Supporting Applications
TRACE::2024-11-18.23:13:23::SCWMssOS:: No Linux domain exists, trying to generate FSBL 
LOG::2024-11-18.23:13:23::SCWSystem::Completed Processing the domain standalone_microblaze_0
LOG::2024-11-18.23:13:23::SCWSystem::Completed Processing the sysconfig mb_usb_hdmi_top
LOG::2024-11-18.23:13:23::SCWPlatform::Completed generating the artifacts for system configuration mb_usb_hdmi_top
TRACE::2024-11-18.23:13:23::SCWPlatform::Started preparing the platform 
TRACE::2024-11-18.23:13:23::SCWSystem::Writing the bif file for system config mb_usb_hdmi_top
TRACE::2024-11-18.23:13:23::SCWSystem::dir created 
TRACE::2024-11-18.23:13:23::SCWSystem::Writing the bif 
TRACE::2024-11-18.23:13:23::SCWPlatform::Started writing the spfm file 
TRACE::2024-11-18.23:13:23::SCWPlatform::Started writing the xpfm file 
TRACE::2024-11-18.23:13:23::SCWPlatform::Completed generating the platform
TRACE::2024-11-18.23:13:23::SCWMssOS::Saving the mss changes C:/Users/kb40/Desktop/ECE385/labb6/final_proj_sdk/mb_usb_hdmi_top/microblaze_0/standalone_microblaze_0/bsp/system.mss
TRACE::2024-11-18.23:13:23::SCWMssOS::Adding the swdes entry, mss present, able to open swdb C:/Users/kb40/Desktop/ECE385/labb6/final_proj_sdk/mb_usb_hdmi_top/microblaze_0/standalone_microblaze_0/bsp/system.mss with des name system
TRACE::2024-11-18.23:13:23::SCWMssOS::Writing the mss file completed C:/Users/kb40/Desktop/ECE385/labb6/final_proj_sdk/mb_usb_hdmi_top/microblaze_0/standalone_microblaze_0/bsp/system.mss
TRACE::2024-11-18.23:13:23::SCWMssOS::Commit changes completed.
TRACE::2024-11-18.23:13:23::SCWPlatform::Trying to open the hw design at C:/Users/kb40/Desktop/ECE385/labb6/final_proj_sdk/mb_usb_hdmi_top/hw/final_top.xsa
TRACE::2024-11-18.23:13:23::SCWPlatform::DSA given C:/Users/kb40/Desktop/ECE385/labb6/final_proj_sdk/mb_usb_hdmi_top/hw/final_top.xsa
TRACE::2024-11-18.23:13:23::SCWPlatform::DSA absoulate path C:/Users/kb40/Desktop/ECE385/labb6/final_proj_sdk/mb_usb_hdmi_top/hw/final_top.xsa
TRACE::2024-11-18.23:13:23::SCWPlatform::DSA directory C:/Users/kb40/Desktop/ECE385/labb6/final_proj_sdk/mb_usb_hdmi_top/hw
TRACE::2024-11-18.23:13:23::SCWPlatform:: Platform Path C:/Users/kb40/Desktop/ECE385/labb6/final_proj_sdk/mb_usb_hdmi_top/hw/final_top.xsa
TRACE::2024-11-18.23:13:23::SCWPlatform:: Unique name xilinx:::0.0
TRACE::2024-11-18.23:13:23::SCWPlatform::Trying to set the existing hwdb with name mb_usb_hdmi_top_22
TRACE::2024-11-18.23:13:23::SCWPlatform::Opened existing hwdb mb_usb_hdmi_top_22
TRACE::2024-11-18.23:13:23::SCWPlatform::Found the Hw Db part of the input DSA
TRACE::2024-11-18.23:13:23::SCWMssOS::Checking the sw design at  C:/Users/kb40/Desktop/ECE385/labb6/final_proj_sdk/mb_usb_hdmi_top/microblaze_0/standalone_microblaze_0/bsp/system.mss
TRACE::2024-11-18.23:13:23::SCWMssOS::DEBUG:  swdes dump  C:/Users/kb40/Desktop/ECE385/labb6/final_proj_sdk/mb_usb_hdmi_top/microblaze_0/standalone_microblaze_0/bsp/system.mss|system||

TRACE::2024-11-18.23:13:23::SCWMssOS::Sw design exists and opened at  C:/Users/kb40/Desktop/ECE385/labb6/final_proj_sdk/mb_usb_hdmi_top/microblaze_0/standalone_microblaze_0/bsp/system.mss
TRACE::2024-11-18.23:13:23::SCWWriter::formatted JSON is {
	"platformName":	"mb_usb_hdmi_top",
	"sprVersion":	"2.0",
	"mode":	"gui",
	"dsaType":	"Fixed",
	"platformDesc":	"mb_usb_hdmi_top",
	"platHandOff":	"C:/Users/kb40/Desktop/ECE385/labb6/final_top.xsa",
	"platIntHandOff":	"<platformDir>/hw/final_top.xsa",
	"deviceType":	"FPGA",
	"platIsPrebuiltAutogen":	"false",
	"platIsNoBootBsp":	"false",
	"hasFsblMakeHasChanges":	"false",
	"hasPmufwMakeHasChanges":	"false",
	"platPreBuiltFlag":	false,
	"platformSamplesDir":	"",
	"platActiveSys":	"mb_usb_hdmi_top",
	"systems":	[{
			"systemName":	"mb_usb_hdmi_top",
			"systemDesc":	"mb_usb_hdmi_top",
			"sysIsBootAutoGen":	"true",
			"systemDispName":	"mb_usb_hdmi_top",
			"sysActiveDom":	"standalone_microblaze_0",
			"sysDefaultDom":	"standalone_microblaze_0",
			"domains":	[{
					"domainName":	"standalone_microblaze_0",
					"domainDispName":	"standalone_microblaze_0",
					"domainDesc":	"standalone_microblaze_0",
					"processors":	"microblaze_0",
					"os":	"standalone",
					"sdxOs":	"standalone",
					"debugEnable":	"False",
					"domRuntimes":	["cpp"],
					"swRepo":	"",
					"mssOsVer":	"8.0",
					"mssFile":	"",
					"md5Digest":	"304529987e879521ca977c68d163f362",
					"compatibleApp":	"",
					"domType":	"mssDomain",
					"arch":	"32-bit",
					"appSettings":	{
						"appCompilerFlags":	"",
						"appLinkerFlags":	""
					},
					"addedLibs":	[],
					"libOptions":	{
						"libsContainingOptions":	[]
					},
					"prebuiltLibs":	{
						"prebuiltIncPath":	[],
						"prebuiltLibPath":	[]
					},
					"isolation":	{
					}
				}]
		}]
}
KEYINFO::2024-11-18.23:13:23::SCWPlatform::updated the xpfm file.
TRACE::2024-11-18.23:13:24::SCWPlatform::Trying to open the hw design at C:/Users/kb40/Desktop/ECE385/labb6/final_proj_sdk/mb_usb_hdmi_top/hw/final_top.xsa
TRACE::2024-11-18.23:13:24::SCWPlatform::DSA given C:/Users/kb40/Desktop/ECE385/labb6/final_proj_sdk/mb_usb_hdmi_top/hw/final_top.xsa
TRACE::2024-11-18.23:13:24::SCWPlatform::DSA absoulate path C:/Users/kb40/Desktop/ECE385/labb6/final_proj_sdk/mb_usb_hdmi_top/hw/final_top.xsa
TRACE::2024-11-18.23:13:24::SCWPlatform::DSA directory C:/Users/kb40/Desktop/ECE385/labb6/final_proj_sdk/mb_usb_hdmi_top/hw
TRACE::2024-11-18.23:13:24::SCWPlatform:: Platform Path C:/Users/kb40/Desktop/ECE385/labb6/final_proj_sdk/mb_usb_hdmi_top/hw/final_top.xsa
TRACE::2024-11-18.23:13:24::SCWPlatform:: Unique name xilinx:::0.0
TRACE::2024-11-18.23:13:24::SCWPlatform::Trying to set the existing hwdb with name mb_usb_hdmi_top_22
TRACE::2024-11-18.23:13:24::SCWPlatform::Opened existing hwdb mb_usb_hdmi_top_22
TRACE::2024-11-18.23:13:24::SCWPlatform::Found the Hw Db part of the input DSA
TRACE::2024-11-18.23:13:24::SCWMssOS::Checking the sw design at  C:/Users/kb40/Desktop/ECE385/labb6/final_proj_sdk/mb_usb_hdmi_top/microblaze_0/standalone_microblaze_0/bsp/system.mss
TRACE::2024-11-18.23:13:24::SCWMssOS::DEBUG:  swdes dump  C:/Users/kb40/Desktop/ECE385/labb6/final_proj_sdk/mb_usb_hdmi_top/microblaze_0/standalone_microblaze_0/bsp/system.mss|system||

TRACE::2024-11-18.23:13:24::SCWMssOS::Sw design exists and opened at  C:/Users/kb40/Desktop/ECE385/labb6/final_proj_sdk/mb_usb_hdmi_top/microblaze_0/standalone_microblaze_0/bsp/system.mss
TRACE::2024-11-18.23:14:23::SCWMssOS::cleaning the bsp 
TRACE::2024-11-18.23:14:23::SCWMssOS::System Command Ran  C: & cd  C:/Users/kb40/Desktop/ECE385/labb6/final_proj_sdk/mb_usb_hdmi_top/microblaze_0/standalone_microblaze_0/bsp & make clean 
TRACE::2024-11-18.23:14:23::SCWMssOS::make -C microblaze_0/libsrc/bram_v4_8/src -s clean 

TRACE::2024-11-18.23:14:24::SCWMssOS::make -C microblaze_0/libsrc/cpu_v2_16/src -s clean 

TRACE::2024-11-18.23:14:24::SCWMssOS::make -C microblaze_0/libsrc/gpio_v4_9/src -s clean 

TRACE::2024-11-18.23:14:24::SCWMssOS::make -C microblaze_0/libsrc/intc_v3_15/src -s clean 

TRACE::2024-11-18.23:14:24::SCWMssOS::make -C microblaze_0/libsrc/spi_v4_9/src -s clean 

TRACE::2024-11-18.23:14:24::SCWMssOS::make -C microblaze_0/libsrc/standalone_v8_0/src -s clean 

TRACE::2024-11-18.23:14:25::SCWMssOS::make -C microblaze_0/libsrc/tmrctr_v4_9/src -s clean 

TRACE::2024-11-18.23:14:25::SCWMssOS::make -C microblaze_0/libsrc/uartlite_v3_7/src -s clean 

TRACE::2024-11-18.23:14:25::SCWMssOS::rm -f microblaze_0/lib/libxil.a

TRACE::2024-11-18.23:14:28::SCWMssOS::cleaning the bsp 
TRACE::2024-11-18.23:14:28::SCWMssOS::System Command Ran  C: & cd  C:/Users/kb40/Desktop/ECE385/labb6/final_proj_sdk/mb_usb_hdmi_top/microblaze_0/standalone_microblaze_0/bsp & make clean 
TRACE::2024-11-18.23:14:28::SCWMssOS::make -C microblaze_0/libsrc/bram_v4_8/src -s clean 

TRACE::2024-11-18.23:14:28::SCWMssOS::make -C microblaze_0/libsrc/cpu_v2_16/src -s clean 

TRACE::2024-11-18.23:14:28::SCWMssOS::make -C microblaze_0/libsrc/gpio_v4_9/src -s clean 

TRACE::2024-11-18.23:14:28::SCWMssOS::make -C microblaze_0/libsrc/intc_v3_15/src -s clean 

TRACE::2024-11-18.23:14:28::SCWMssOS::make -C microblaze_0/libsrc/spi_v4_9/src -s clean 

TRACE::2024-11-18.23:14:28::SCWMssOS::make -C microblaze_0/libsrc/standalone_v8_0/src -s clean 

TRACE::2024-11-18.23:14:29::SCWMssOS::make -C microblaze_0/libsrc/tmrctr_v4_9/src -s clean 

TRACE::2024-11-18.23:14:29::SCWMssOS::make -C microblaze_0/libsrc/uartlite_v3_7/src -s clean 

TRACE::2024-11-18.23:14:29::SCWMssOS::rm -f microblaze_0/lib/libxil.a

TRACE::2024-11-18.23:14:31::SCWMssOS::cleaning the bsp 
TRACE::2024-11-18.23:14:31::SCWMssOS::System Command Ran  C: & cd  C:/Users/kb40/Desktop/ECE385/labb6/final_proj_sdk/mb_usb_hdmi_top/microblaze_0/standalone_microblaze_0/bsp & make clean 
TRACE::2024-11-18.23:14:31::SCWMssOS::make -C microblaze_0/libsrc/bram_v4_8/src -s clean 

TRACE::2024-11-18.23:14:31::SCWMssOS::make -C microblaze_0/libsrc/cpu_v2_16/src -s clean 

TRACE::2024-11-18.23:14:31::SCWMssOS::make -C microblaze_0/libsrc/gpio_v4_9/src -s clean 

TRACE::2024-11-18.23:14:32::SCWMssOS::make -C microblaze_0/libsrc/intc_v3_15/src -s clean 

TRACE::2024-11-18.23:14:32::SCWMssOS::make -C microblaze_0/libsrc/spi_v4_9/src -s clean 

TRACE::2024-11-18.23:14:32::SCWMssOS::make -C microblaze_0/libsrc/standalone_v8_0/src -s clean 

TRACE::2024-11-18.23:14:32::SCWMssOS::make -C microblaze_0/libsrc/tmrctr_v4_9/src -s clean 

TRACE::2024-11-18.23:14:32::SCWMssOS::make -C microblaze_0/libsrc/uartlite_v3_7/src -s clean 

TRACE::2024-11-18.23:14:32::SCWMssOS::rm -f microblaze_0/lib/libxil.a

TRACE::2024-11-18.23:14:48::SCWMssOS::cleaning the bsp 
TRACE::2024-11-18.23:14:48::SCWMssOS::System Command Ran  C: & cd  C:/Users/kb40/Desktop/ECE385/labb6/final_proj_sdk/mb_usb_hdmi_top/microblaze_0/standalone_microblaze_0/bsp & make clean 
TRACE::2024-11-18.23:14:48::SCWMssOS::make -C microblaze_0/libsrc/bram_v4_8/src -s clean 

TRACE::2024-11-18.23:14:48::SCWMssOS::make -C microblaze_0/libsrc/cpu_v2_16/src -s clean 

TRACE::2024-11-18.23:14:48::SCWMssOS::make -C microblaze_0/libsrc/gpio_v4_9/src -s clean 

TRACE::2024-11-18.23:14:48::SCWMssOS::make -C microblaze_0/libsrc/intc_v3_15/src -s clean 

TRACE::2024-11-18.23:14:48::SCWMssOS::make -C microblaze_0/libsrc/spi_v4_9/src -s clean 

TRACE::2024-11-18.23:14:48::SCWMssOS::make -C microblaze_0/libsrc/standalone_v8_0/src -s clean 

TRACE::2024-11-18.23:14:49::SCWMssOS::make -C microblaze_0/libsrc/tmrctr_v4_9/src -s clean 

TRACE::2024-11-18.23:14:49::SCWMssOS::make -C microblaze_0/libsrc/uartlite_v3_7/src -s clean 

TRACE::2024-11-18.23:14:49::SCWMssOS::rm -f microblaze_0/lib/libxil.a

TRACE::2024-11-18.23:14:51::SCWMssOS::cleaning the bsp 
TRACE::2024-11-18.23:14:51::SCWMssOS::System Command Ran  C: & cd  C:/Users/kb40/Desktop/ECE385/labb6/final_proj_sdk/mb_usb_hdmi_top/microblaze_0/standalone_microblaze_0/bsp & make clean 
TRACE::2024-11-18.23:14:51::SCWMssOS::make -C microblaze_0/libsrc/bram_v4_8/src -s clean 

TRACE::2024-11-18.23:14:51::SCWMssOS::make -C microblaze_0/libsrc/cpu_v2_16/src -s clean 

TRACE::2024-11-18.23:14:51::SCWMssOS::make -C microblaze_0/libsrc/gpio_v4_9/src -s clean 

TRACE::2024-11-18.23:14:51::SCWMssOS::make -C microblaze_0/libsrc/intc_v3_15/src -s clean 

TRACE::2024-11-18.23:14:51::SCWMssOS::make -C microblaze_0/libsrc/spi_v4_9/src -s clean 

TRACE::2024-11-18.23:14:52::SCWMssOS::make -C microblaze_0/libsrc/standalone_v8_0/src -s clean 

TRACE::2024-11-18.23:14:52::SCWMssOS::make -C microblaze_0/libsrc/tmrctr_v4_9/src -s clean 

TRACE::2024-11-18.23:14:52::SCWMssOS::make -C microblaze_0/libsrc/uartlite_v3_7/src -s clean 

TRACE::2024-11-18.23:14:52::SCWMssOS::rm -f microblaze_0/lib/libxil.a

TRACE::2024-11-18.23:14:54::SCWMssOS::cleaning the bsp 
TRACE::2024-11-18.23:14:54::SCWMssOS::System Command Ran  C: & cd  C:/Users/kb40/Desktop/ECE385/labb6/final_proj_sdk/mb_usb_hdmi_top/microblaze_0/standalone_microblaze_0/bsp & make clean 
TRACE::2024-11-18.23:14:55::SCWMssOS::make -C microblaze_0/libsrc/bram_v4_8/src -s clean 

TRACE::2024-11-18.23:14:55::SCWMssOS::make -C microblaze_0/libsrc/cpu_v2_16/src -s clean 

TRACE::2024-11-18.23:14:55::SCWMssOS::make -C microblaze_0/libsrc/gpio_v4_9/src -s clean 

TRACE::2024-11-18.23:14:55::SCWMssOS::make -C microblaze_0/libsrc/intc_v3_15/src -s clean 

TRACE::2024-11-18.23:14:55::SCWMssOS::make -C microblaze_0/libsrc/spi_v4_9/src -s clean 

TRACE::2024-11-18.23:14:55::SCWMssOS::make -C microblaze_0/libsrc/standalone_v8_0/src -s clean 

TRACE::2024-11-18.23:14:55::SCWMssOS::make -C microblaze_0/libsrc/tmrctr_v4_9/src -s clean 

TRACE::2024-11-18.23:14:56::SCWMssOS::make -C microblaze_0/libsrc/uartlite_v3_7/src -s clean 

TRACE::2024-11-18.23:14:56::SCWMssOS::rm -f microblaze_0/lib/libxil.a

LOG::2024-11-18.23:15:02::SCWPlatform::Started generating the artifacts platform mb_usb_hdmi_top
TRACE::2024-11-18.23:15:02::SCWPlatform::Sanity checking of platform is completed
LOG::2024-11-18.23:15:02::SCWPlatform::Started generating the artifacts for system configuration mb_usb_hdmi_top
LOG::2024-11-18.23:15:02::SCWSystem::Checking the domain standalone_microblaze_0
LOG::2024-11-18.23:15:02::SCWSystem::Not a boot domain 
LOG::2024-11-18.23:15:02::SCWSystem::Started Processing the domain standalone_microblaze_0
TRACE::2024-11-18.23:15:02::SCWDomain::Generating domain artifcats
TRACE::2024-11-18.23:15:02::SCWMssOS::Generating standalone artifcats
TRACE::2024-11-18.23:15:02::SCWMssOS:: Copying the user libraries. 
TRACE::2024-11-18.23:15:02::SCWPlatform::Trying to open the hw design at C:/Users/kb40/Desktop/ECE385/labb6/final_proj_sdk/mb_usb_hdmi_top/hw/final_top.xsa
TRACE::2024-11-18.23:15:02::SCWPlatform::DSA given C:/Users/kb40/Desktop/ECE385/labb6/final_proj_sdk/mb_usb_hdmi_top/hw/final_top.xsa
TRACE::2024-11-18.23:15:02::SCWPlatform::DSA absoulate path C:/Users/kb40/Desktop/ECE385/labb6/final_proj_sdk/mb_usb_hdmi_top/hw/final_top.xsa
TRACE::2024-11-18.23:15:02::SCWPlatform::DSA directory C:/Users/kb40/Desktop/ECE385/labb6/final_proj_sdk/mb_usb_hdmi_top/hw
TRACE::2024-11-18.23:15:02::SCWPlatform:: Platform Path C:/Users/kb40/Desktop/ECE385/labb6/final_proj_sdk/mb_usb_hdmi_top/hw/final_top.xsa
TRACE::2024-11-18.23:15:02::SCWPlatform:: Unique name xilinx:::0.0
TRACE::2024-11-18.23:15:02::SCWPlatform::Trying to set the existing hwdb with name mb_usb_hdmi_top_22
TRACE::2024-11-18.23:15:02::SCWPlatform::Opened existing hwdb mb_usb_hdmi_top_22
TRACE::2024-11-18.23:15:02::SCWPlatform::Found the Hw Db part of the input DSA
TRACE::2024-11-18.23:15:02::SCWMssOS::Checking the sw design at  C:/Users/kb40/Desktop/ECE385/labb6/final_proj_sdk/mb_usb_hdmi_top/microblaze_0/standalone_microblaze_0/bsp/system.mss
TRACE::2024-11-18.23:15:02::SCWMssOS::DEBUG:  swdes dump  C:/Users/kb40/Desktop/ECE385/labb6/final_proj_sdk/mb_usb_hdmi_top/microblaze_0/standalone_microblaze_0/bsp/system.mss|system||

TRACE::2024-11-18.23:15:02::SCWMssOS::Sw design exists and opened at  C:/Users/kb40/Desktop/ECE385/labb6/final_proj_sdk/mb_usb_hdmi_top/microblaze_0/standalone_microblaze_0/bsp/system.mss
TRACE::2024-11-18.23:15:02::SCWMssOS::Completed writing the mss file at C:/Users/kb40/Desktop/ECE385/labb6/final_proj_sdk/mb_usb_hdmi_top/microblaze_0/standalone_microblaze_0/bsp
TRACE::2024-11-18.23:15:02::SCWMssOS::Mss edits present, copying mssfile into export location C:/Users/kb40/Desktop/ECE385/labb6/final_proj_sdk/mb_usb_hdmi_top/microblaze_0/standalone_microblaze_0/bsp/system.mss
TRACE::2024-11-18.23:15:02::SCWMssOS::bsp generated is upto date with the mss file. Skipping bsp generation.
TRACE::2024-11-18.23:15:02::SCWMssOS::BSP is already built. skipping the bsp build ... 
TRACE::2024-11-18.23:15:02::SCWDomain::Building the domain as part of full build :  standalone_microblaze_0
TRACE::2024-11-18.23:15:02::SCWMssOS::doing bsp build ... 
TRACE::2024-11-18.23:15:02::SCWMssOS::System Command Ran  C: & cd  C:/Users/kb40/Desktop/ECE385/labb6/final_proj_sdk/mb_usb_hdmi_top/microblaze_0/standalone_microblaze_0/bsp & make 
TRACE::2024-11-18.23:15:02::SCWMssOS::make --no-print-directory seq_libs

TRACE::2024-11-18.23:15:02::SCWMssOS::'Finished building libraries sequentially.'

TRACE::2024-11-18.23:15:02::SCWMssOS::make -j 10 --no-print-directory par_libs

TRACE::2024-11-18.23:15:02::SCWMssOS::"Running Make include in microblaze_0/libsrc/bram_v4_8/src"

TRACE::2024-11-18.23:15:02::SCWMssOS::make -C microblaze_0/libsrc/bram_v4_8/src -s include  "SHELL=CMD" "COMPILER=mb-gcc" "ASSEMBLER=mb-as" "ARCHIVER=mb-ar" "COMPILE
TRACE::2024-11-18.23:15:02::SCWMssOS::R_FLAGS=  -O2 -c -mcpu=v11.0 -mlittle-endian -mno-xl-reorder -mno-xl-soft-mul -mxl-barrel-shift -mxl-pattern-compare" "EXTRA_CO
TRACE::2024-11-18.23:15:02::SCWMssOS::MPILER_FLAGS=-g -ffunction-sections -fdata-sections -Wall -Wextra -fno-tree-loop-distribute-patterns"

TRACE::2024-11-18.23:15:02::SCWMssOS::"Running Make include in microblaze_0/libsrc/cpu_v2_16/src"

TRACE::2024-11-18.23:15:02::SCWMssOS::make -C microblaze_0/libsrc/cpu_v2_16/src -s include  "SHELL=CMD" "COMPILER=mb-gcc" "ASSEMBLER=mb-as" "ARCHIVER=mb-ar" "COMPILE
TRACE::2024-11-18.23:15:02::SCWMssOS::R_FLAGS=  -O2 -c -mcpu=v11.0 -mlittle-endian -mno-xl-reorder -mno-xl-soft-mul -mxl-barrel-shift -mxl-pattern-compare" "EXTRA_CO
TRACE::2024-11-18.23:15:02::SCWMssOS::MPILER_FLAGS=-g -ffunction-sections -fdata-sections -Wall -Wextra -fno-tree-loop-distribute-patterns"

TRACE::2024-11-18.23:15:02::SCWMssOS::"Running Make include in microblaze_0/libsrc/gpio_v4_9/src"

TRACE::2024-11-18.23:15:02::SCWMssOS::make -C microblaze_0/libsrc/gpio_v4_9/src -s include  "SHELL=CMD" "COMPILER=mb-gcc" "ASSEMBLER=mb-as" "ARCHIVER=mb-ar" "COMPILE
TRACE::2024-11-18.23:15:02::SCWMssOS::R_FLAGS=  -O2 -c -mcpu=v11.0 -mlittle-endian -mno-xl-reorder -mno-xl-soft-mul -mxl-barrel-shift -mxl-pattern-compare" "EXTRA_CO
TRACE::2024-11-18.23:15:02::SCWMssOS::MPILER_FLAGS=-g -ffunction-sections -fdata-sections -Wall -Wextra -fno-tree-loop-distribute-patterns"

TRACE::2024-11-18.23:15:02::SCWMssOS::"Running Make include in microblaze_0/libsrc/intc_v3_15/src"

TRACE::2024-11-18.23:15:02::SCWMssOS::make -C microblaze_0/libsrc/intc_v3_15/src -s include  "SHELL=CMD" "COMPILER=mb-gcc" "ASSEMBLER=mb-as" "ARCHIVER=mb-ar" "COMPIL
TRACE::2024-11-18.23:15:02::SCWMssOS::ER_FLAGS=  -O2 -c -mcpu=v11.0 -mlittle-endian -mno-xl-reorder -mno-xl-soft-mul -mxl-barrel-shift -mxl-pattern-compare" "EXTRA_C
TRACE::2024-11-18.23:15:02::SCWMssOS::OMPILER_FLAGS=-g -ffunction-sections -fdata-sections -Wall -Wextra -fno-tree-loop-distribute-patterns"

TRACE::2024-11-18.23:15:02::SCWMssOS::"Running Make include in microblaze_0/libsrc/spi_v4_9/src"

TRACE::2024-11-18.23:15:02::SCWMssOS::make -C microblaze_0/libsrc/spi_v4_9/src -s include  "SHELL=CMD" "COMPILER=mb-gcc" "ASSEMBLER=mb-as" "ARCHIVER=mb-ar" "COMPILER
TRACE::2024-11-18.23:15:02::SCWMssOS::_FLAGS=  -O2 -c -mcpu=v11.0 -mlittle-endian -mno-xl-reorder -mno-xl-soft-mul -mxl-barrel-shift -mxl-pattern-compare" "EXTRA_COM
TRACE::2024-11-18.23:15:02::SCWMssOS::PILER_FLAGS=-g -ffunction-sections -fdata-sections -Wall -Wextra -fno-tree-loop-distribute-patterns"

TRACE::2024-11-18.23:15:02::SCWMssOS::"Running Make include in microblaze_0/libsrc/standalone_v8_0/src"

TRACE::2024-11-18.23:15:02::SCWMssOS::make -C microblaze_0/libsrc/standalone_v8_0/src -s include  "SHELL=CMD" "COMPILER=mb-gcc" "ASSEMBLER=mb-as" "ARCHIVER=mb-ar" "C
TRACE::2024-11-18.23:15:02::SCWMssOS::OMPILER_FLAGS=  -O2 -c -mcpu=v11.0 -mlittle-endian -mno-xl-reorder -mno-xl-soft-mul -mxl-barrel-shift -mxl-pattern-compare" "EX
TRACE::2024-11-18.23:15:02::SCWMssOS::TRA_COMPILER_FLAGS=-g -ffunction-sections -fdata-sections -Wall -Wextra -fno-tree-loop-distribute-patterns"

TRACE::2024-11-18.23:15:02::SCWMssOS::"Running Make include in microblaze_0/libsrc/tmrctr_v4_9/src"

TRACE::2024-11-18.23:15:02::SCWMssOS::make -C microblaze_0/libsrc/tmrctr_v4_9/src -s include  "SHELL=CMD" "COMPILER=mb-gcc" "ASSEMBLER=mb-as" "ARCHIVER=mb-ar" "COMPI
TRACE::2024-11-18.23:15:02::SCWMssOS::LER_FLAGS=  -O2 -c -mcpu=v11.0 -mlittle-endian -mno-xl-reorder -mno-xl-soft-mul -mxl-barrel-shift -mxl-pattern-compare" "EXTRA_
TRACE::2024-11-18.23:15:02::SCWMssOS::COMPILER_FLAGS=-g -ffunction-sections -fdata-sections -Wall -Wextra -fno-tree-loop-distribute-patterns"

TRACE::2024-11-18.23:15:02::SCWMssOS::"Running Make include in microblaze_0/libsrc/uartlite_v3_7/src"

TRACE::2024-11-18.23:15:02::SCWMssOS::make -C microblaze_0/libsrc/uartlite_v3_7/src -s include  "SHELL=CMD" "COMPILER=mb-gcc" "ASSEMBLER=mb-as" "ARCHIVER=mb-ar" "COM
TRACE::2024-11-18.23:15:02::SCWMssOS::PILER_FLAGS=  -O2 -c -mcpu=v11.0 -mlittle-endian -mno-xl-reorder -mno-xl-soft-mul -mxl-barrel-shift -mxl-pattern-compare" "EXTR
TRACE::2024-11-18.23:15:02::SCWMssOS::A_COMPILER_FLAGS=-g -ffunction-sections -fdata-sections -Wall -Wextra -fno-tree-loop-distribute-patterns"

TRACE::2024-11-18.23:15:02::SCWMssOS::"Running Make libs in microblaze_0/libsrc/bram_v4_8/src"

TRACE::2024-11-18.23:15:02::SCWMssOS::make -C microblaze_0/libsrc/bram_v4_8/src -s libs  "SHELL=CMD" "COMPILER=mb-gcc" "ASSEMBLER=mb-as" "ARCHIVER=mb-ar" "COMPILER_F
TRACE::2024-11-18.23:15:02::SCWMssOS::LAGS=  -O2 -c -mcpu=v11.0 -mlittle-endian -mno-xl-reorder -mno-xl-soft-mul -mxl-barrel-shift -mxl-pattern-compare" "EXTRA_COMPI
TRACE::2024-11-18.23:15:02::SCWMssOS::LER_FLAGS=-g -ffunction-sections -fdata-sections -Wall -Wextra -fno-tree-loop-distribute-patterns"

TRACE::2024-11-18.23:15:02::SCWMssOS::"Running Make libs in microblaze_0/libsrc/cpu_v2_16/src"

TRACE::2024-11-18.23:15:02::SCWMssOS::make -C microblaze_0/libsrc/cpu_v2_16/src -s libs  "SHELL=CMD" "COMPILER=mb-gcc" "ASSEMBLER=mb-as" "ARCHIVER=mb-ar" "COMPILER_F
TRACE::2024-11-18.23:15:02::SCWMssOS::LAGS=  -O2 -c -mcpu=v11.0 -mlittle-endian -mno-xl-reorder -mno-xl-soft-mul -mxl-barrel-shift -mxl-pattern-compare" "EXTRA_COMPI
TRACE::2024-11-18.23:15:02::SCWMssOS::LER_FLAGS=-g -ffunction-sections -fdata-sections -Wall -Wextra -fno-tree-loop-distribute-patterns"

TRACE::2024-11-18.23:15:02::SCWMssOS::"Running Make libs in microblaze_0/libsrc/gpio_v4_9/src"

TRACE::2024-11-18.23:15:02::SCWMssOS::make -C microblaze_0/libsrc/gpio_v4_9/src -s libs  "SHELL=CMD" "COMPILER=mb-gcc" "ASSEMBLER=mb-as" "ARCHIVER=mb-ar" "COMPILER_F
TRACE::2024-11-18.23:15:02::SCWMssOS::LAGS=  -O2 -c -mcpu=v11.0 -mlittle-endian -mno-xl-reorder -mno-xl-soft-mul -mxl-barrel-shift -mxl-pattern-compare" "EXTRA_COMPI
TRACE::2024-11-18.23:15:02::SCWMssOS::LER_FLAGS=-g -ffunction-sections -fdata-sections -Wall -Wextra -fno-tree-loop-distribute-patterns"

TRACE::2024-11-18.23:15:02::SCWMssOS::"Running Make libs in microblaze_0/libsrc/intc_v3_15/src"

TRACE::2024-11-18.23:15:03::SCWMssOS::make -C microblaze_0/libsrc/intc_v3_15/src -s libs  "SHELL=CMD" "COMPILER=mb-gcc" "ASSEMBLER=mb-as" "ARCHIVER=mb-ar" "COMPILER_
TRACE::2024-11-18.23:15:03::SCWMssOS::FLAGS=  -O2 -c -mcpu=v11.0 -mlittle-endian -mno-xl-reorder -mno-xl-soft-mul -mxl-barrel-shift -mxl-pattern-compare" "EXTRA_COMP
TRACE::2024-11-18.23:15:03::SCWMssOS::ILER_FLAGS=-g -ffunction-sections -fdata-sections -Wall -Wextra -fno-tree-loop-distribute-patterns"

TRACE::2024-11-18.23:15:03::SCWMssOS::"Running Make libs in microblaze_0/libsrc/spi_v4_9/src"

TRACE::2024-11-18.23:15:03::SCWMssOS::make -C microblaze_0/libsrc/spi_v4_9/src -s libs  "SHELL=CMD" "COMPILER=mb-gcc" "ASSEMBLER=mb-as" "ARCHIVER=mb-ar" "COMPILER_FL
TRACE::2024-11-18.23:15:03::SCWMssOS::AGS=  -O2 -c -mcpu=v11.0 -mlittle-endian -mno-xl-reorder -mno-xl-soft-mul -mxl-barrel-shift -mxl-pattern-compare" "EXTRA_COMPIL
TRACE::2024-11-18.23:15:03::SCWMssOS::ER_FLAGS=-g -ffunction-sections -fdata-sections -Wall -Wextra -fno-tree-loop-distribute-patterns"

TRACE::2024-11-18.23:15:03::SCWMssOS::"Running Make libs in microblaze_0/libsrc/standalone_v8_0/src"

TRACE::2024-11-18.23:15:03::SCWMssOS::make -C microblaze_0/libsrc/standalone_v8_0/src -s libs  "SHELL=CMD" "COMPILER=mb-gcc" "ASSEMBLER=mb-as" "ARCHIVER=mb-ar" "COMP
TRACE::2024-11-18.23:15:03::SCWMssOS::ILER_FLAGS=  -O2 -c -mcpu=v11.0 -mlittle-endian -mno-xl-reorder -mno-xl-soft-mul -mxl-barrel-shift -mxl-pattern-compare" "EXTRA
TRACE::2024-11-18.23:15:03::SCWMssOS::_COMPILER_FLAGS=-g -ffunction-sections -fdata-sections -Wall -Wextra -fno-tree-loop-distribute-patterns"

TRACE::2024-11-18.23:15:03::SCWMssOS::"Running Make libs in microblaze_0/libsrc/tmrctr_v4_9/src"

TRACE::2024-11-18.23:15:03::SCWMssOS::make -C microblaze_0/libsrc/tmrctr_v4_9/src -s libs  "SHELL=CMD" "COMPILER=mb-gcc" "ASSEMBLER=mb-as" "ARCHIVER=mb-ar" "COMPILER
TRACE::2024-11-18.23:15:03::SCWMssOS::_FLAGS=  -O2 -c -mcpu=v11.0 -mlittle-endian -mno-xl-reorder -mno-xl-soft-mul -mxl-barrel-shift -mxl-pattern-compare" "EXTRA_COM
TRACE::2024-11-18.23:15:03::SCWMssOS::PILER_FLAGS=-g -ffunction-sections -fdata-sections -Wall -Wextra -fno-tree-loop-distribute-patterns"

TRACE::2024-11-18.23:15:03::SCWMssOS::"Running Make libs in microblaze_0/libsrc/uartlite_v3_7/src"

TRACE::2024-11-18.23:15:03::SCWMssOS::make -C microblaze_0/libsrc/uartlite_v3_7/src -s libs  "SHELL=CMD" "COMPILER=mb-gcc" "ASSEMBLER=mb-as" "ARCHIVER=mb-ar" "COMPIL
TRACE::2024-11-18.23:15:03::SCWMssOS::ER_FLAGS=  -O2 -c -mcpu=v11.0 -mlittle-endian -mno-xl-reorder -mno-xl-soft-mul -mxl-barrel-shift -mxl-pattern-compare" "EXTRA_C
TRACE::2024-11-18.23:15:03::SCWMssOS::OMPILER_FLAGS=-g -ffunction-sections -fdata-sections -Wall -Wextra -fno-tree-loop-distribute-patterns"

TRACE::2024-11-18.23:15:06::SCWMssOS::"DEBUG NON_LTO_OBJECTS is ../../../lib/microblaze_interrupt_handler.o"

TRACE::2024-11-18.23:15:06::SCWMssOS::'Finished building libraries parallelly.'

TRACE::2024-11-18.23:15:06::SCWMssOS::make --no-print-directory archive

TRACE::2024-11-18.23:15:06::SCWMssOS::mb-ar -r  microblaze_0/lib/libxil.a microblaze_0/lib/_exit.o microblaze_0/lib/errno.o microblaze_0/lib/fcntl.o microblaze_0/lib
TRACE::2024-11-18.23:15:06::SCWMssOS::/hw_exception_handler.o microblaze_0/lib/inbyte.o microblaze_0/lib/microblaze_disable_dcache.o microblaze_0/lib/microblaze_disa
TRACE::2024-11-18.23:15:06::SCWMssOS::ble_exceptions.o microblaze_0/lib/microblaze_disable_icache.o microblaze_0/lib/microblaze_disable_interrupts.o microblaze_0/lib
TRACE::2024-11-18.23:15:06::SCWMssOS::/microblaze_enable_dcache.o microblaze_0/lib/microblaze_enable_exceptions.o microblaze_0/lib/microblaze_enable_icache.o microbl
TRACE::2024-11-18.23:15:06::SCWMssOS::aze_0/lib/microblaze_enable_interrupts.o microblaze_0/lib/microblaze_exception_handler.o microblaze_0/lib/microblaze_flush_cach
TRACE::2024-11-18.23:15:06::SCWMssOS::e_ext.o microblaze_0/lib/microblaze_flush_cache_ext_range.o microblaze_0/lib/microblaze_flush_dcache.o microblaze_0/lib/microbl
TRACE::2024-11-18.23:15:06::SCWMssOS::aze_flush_dcache_range.o microblaze_0/lib/microblaze_init_dcache_range.o microblaze_0/lib/microblaze_init_icache_range.o microb
TRACE::2024-11-18.23:15:06::SCWMssOS::laze_0/lib/microblaze_interrupt_handler.o microblaze_0/lib/microblaze_interrupts_g.o microblaze_0/lib/microblaze_invalidate_cac
TRACE::2024-11-18.23:15:06::SCWMssOS::he_ext.o microblaze_0/lib/microblaze_invalidate_cache_ext_range.o microblaze_0/lib/microblaze_invalidate_dcache.o microblaze_0/
TRACE::2024-11-18.23:15:06::SCWMssOS::lib/microblaze_invalidate_dcache_range.o microblaze_0/lib/microblaze_invalidate_icache.o microblaze_0/lib/microblaze_invalidate
TRACE::2024-11-18.23:15:06::SCWMssOS::_icache_range.o microblaze_0/lib/microblaze_scrub.o microblaze_0/lib/microblaze_selftest.o microblaze_0/lib/microblaze_sleep.o 
TRACE::2024-11-18.23:15:06::SCWMssOS::microblaze_0/lib/microblaze_update_dcache.o microblaze_0/lib/microblaze_update_icache.o microblaze_0/lib/outbyte.o microblaze_0
TRACE::2024-11-18.23:15:06::SCWMssOS::/lib/print.o microblaze_0/lib/pvr.o microblaze_0/lib/xbram.o microblaze_0/lib/xbram_g.o microblaze_0/lib/xbram_intr.o microblaz
TRACE::2024-11-18.23:15:06::SCWMssOS::e_0/lib/xbram_selftest.o microblaze_0/lib/xbram_sinit.o microblaze_0/lib/xgpio.o microblaze_0/lib/xgpio_extra.o microblaze_0/li
TRACE::2024-11-18.23:15:06::SCWMssOS::b/xgpio_g.o microblaze_0/lib/xgpio_intr.o microblaze_0/lib/xgpio_selftest.o microblaze_0/lib/xgpio_sinit.o microblaze_0/lib/xil
TRACE::2024-11-18.23:15:06::SCWMssOS::_assert.o microblaze_0/lib/xil_cache.o microblaze_0/lib/xil_clocking.o microblaze_0/lib/xil_exception.o microblaze_0/lib/xil_me
TRACE::2024-11-18.23:15:06::SCWMssOS::m.o microblaze_0/lib/xil_misc_psreset_api.o microblaze_0/lib/xil_printf.o microblaze_0/lib/xil_sleepcommon.o microblaze_0/lib/x
TRACE::2024-11-18.23:15:06::SCWMssOS::il_testcache.o microblaze_0/lib/xil_testio.o microblaze_0/lib/xil_testmem.o microblaze_0/lib/xil_util.o microblaze_0/lib/xintc.
TRACE::2024-11-18.23:15:06::SCWMssOS::o microblaze_0/lib/xintc_g.o microblaze_0/lib/xintc_intr.o microblaze_0/lib/xintc_l.o microblaze_0/lib/xintc_options.o microbla
TRACE::2024-11-18.23:15:06::SCWMssOS::ze_0/lib/xintc_selftest.o microblaze_0/lib/xinterrupt_wrap.o microblaze_0/lib/xio.o microblaze_0/lib/xplatform_info.o microblaz
TRACE::2024-11-18.23:15:06::SCWMssOS::e_0/lib/xspi.o microblaze_0/lib/xspi_g.o microblaze_0/lib/xspi_options.o microblaze_0/lib/xspi_selftest.o microblaze_0/lib/xspi
TRACE::2024-11-18.23:15:06::SCWMssOS::_sinit.o microblaze_0/lib/xspi_stats.o microblaze_0/lib/xtmrctr.o microblaze_0/lib/xtmrctr_g.o microblaze_0/lib/xtmrctr_intr.o 
TRACE::2024-11-18.23:15:06::SCWMssOS::microblaze_0/lib/xtmrctr_l.o microblaze_0/lib/xtmrctr_options.o microblaze_0/lib/xtmrctr_selftest.o microblaze_0/lib/xtmrctr_si
TRACE::2024-11-18.23:15:06::SCWMssOS::nit.o microblaze_0/lib/xtmrctr_stats.o microblaze_0/lib/xuartlite.o microblaze_0/lib/xuartlite_g.o microblaze_0/lib/xuartlite_i
TRACE::2024-11-18.23:15:06::SCWMssOS::ntr.o microblaze_0/lib/xuartlite_l.o microblaze_0/lib/xuartlite_selftest.o microblaze_0/lib/xuartlite_sinit.o microblaze_0/lib/
TRACE::2024-11-18.23:15:06::SCWMssOS::xuartlite_stats.o

TRACE::2024-11-18.23:15:06::SCWMssOS::'Finished building libraries'

TRACE::2024-11-18.23:15:07::SCWMssOS::Copying to export directory.
TRACE::2024-11-18.23:15:07::SCWMssOS:: Checking if to create the Supporting Applications
TRACE::2024-11-18.23:15:07::SCWMssOS:: No Linux domain exists, trying to generate FSBL 
LOG::2024-11-18.23:15:07::SCWSystem::Completed Processing the domain standalone_microblaze_0
LOG::2024-11-18.23:15:07::SCWSystem::Completed Processing the sysconfig mb_usb_hdmi_top
LOG::2024-11-18.23:15:07::SCWPlatform::Completed generating the artifacts for system configuration mb_usb_hdmi_top
TRACE::2024-11-18.23:15:07::SCWPlatform::Started preparing the platform 
TRACE::2024-11-18.23:15:07::SCWSystem::Writing the bif file for system config mb_usb_hdmi_top
TRACE::2024-11-18.23:15:07::SCWSystem::dir created 
TRACE::2024-11-18.23:15:07::SCWSystem::Writing the bif 
TRACE::2024-11-18.23:15:07::SCWPlatform::Started writing the spfm file 
TRACE::2024-11-18.23:15:07::SCWPlatform::Started writing the xpfm file 
TRACE::2024-11-18.23:15:07::SCWPlatform::Completed generating the platform
TRACE::2024-11-18.23:15:07::SCWMssOS::Saving the mss changes C:/Users/kb40/Desktop/ECE385/labb6/final_proj_sdk/mb_usb_hdmi_top/microblaze_0/standalone_microblaze_0/bsp/system.mss
TRACE::2024-11-18.23:15:07::SCWMssOS::Found a swdesign opened with the mssfile.
TRACE::2024-11-18.23:15:07::SCWMssOS::Completed writemss as part of save.
TRACE::2024-11-18.23:15:07::SCWMssOS::Commit changes completed.
TRACE::2024-11-18.23:15:07::SCWPlatform::Trying to open the hw design at C:/Users/kb40/Desktop/ECE385/labb6/final_proj_sdk/mb_usb_hdmi_top/hw/final_top.xsa
TRACE::2024-11-18.23:15:07::SCWPlatform::DSA given C:/Users/kb40/Desktop/ECE385/labb6/final_proj_sdk/mb_usb_hdmi_top/hw/final_top.xsa
TRACE::2024-11-18.23:15:07::SCWPlatform::DSA absoulate path C:/Users/kb40/Desktop/ECE385/labb6/final_proj_sdk/mb_usb_hdmi_top/hw/final_top.xsa
TRACE::2024-11-18.23:15:07::SCWPlatform::DSA directory C:/Users/kb40/Desktop/ECE385/labb6/final_proj_sdk/mb_usb_hdmi_top/hw
TRACE::2024-11-18.23:15:07::SCWPlatform:: Platform Path C:/Users/kb40/Desktop/ECE385/labb6/final_proj_sdk/mb_usb_hdmi_top/hw/final_top.xsa
TRACE::2024-11-18.23:15:07::SCWPlatform:: Unique name xilinx:::0.0
TRACE::2024-11-18.23:15:07::SCWPlatform::Trying to set the existing hwdb with name mb_usb_hdmi_top_22
TRACE::2024-11-18.23:15:07::SCWPlatform::Opened existing hwdb mb_usb_hdmi_top_22
TRACE::2024-11-18.23:15:07::SCWPlatform::Found the Hw Db part of the input DSA
TRACE::2024-11-18.23:15:07::SCWMssOS::Checking the sw design at  C:/Users/kb40/Desktop/ECE385/labb6/final_proj_sdk/mb_usb_hdmi_top/microblaze_0/standalone_microblaze_0/bsp/system.mss
TRACE::2024-11-18.23:15:07::SCWMssOS::DEBUG:  swdes dump  C:/Users/kb40/Desktop/ECE385/labb6/final_proj_sdk/mb_usb_hdmi_top/microblaze_0/standalone_microblaze_0/bsp/system.mss|system||

TRACE::2024-11-18.23:15:07::SCWMssOS::Sw design exists and opened at  C:/Users/kb40/Desktop/ECE385/labb6/final_proj_sdk/mb_usb_hdmi_top/microblaze_0/standalone_microblaze_0/bsp/system.mss
TRACE::2024-11-18.23:15:07::SCWWriter::formatted JSON is {
	"platformName":	"mb_usb_hdmi_top",
	"sprVersion":	"2.0",
	"mode":	"gui",
	"dsaType":	"Fixed",
	"platformDesc":	"mb_usb_hdmi_top",
	"platHandOff":	"C:/Users/kb40/Desktop/ECE385/labb6/final_top.xsa",
	"platIntHandOff":	"<platformDir>/hw/final_top.xsa",
	"deviceType":	"FPGA",
	"platIsPrebuiltAutogen":	"false",
	"platIsNoBootBsp":	"false",
	"hasFsblMakeHasChanges":	"false",
	"hasPmufwMakeHasChanges":	"false",
	"platPreBuiltFlag":	false,
	"platformSamplesDir":	"",
	"platActiveSys":	"mb_usb_hdmi_top",
	"systems":	[{
			"systemName":	"mb_usb_hdmi_top",
			"systemDesc":	"mb_usb_hdmi_top",
			"sysIsBootAutoGen":	"true",
			"systemDispName":	"mb_usb_hdmi_top",
			"sysActiveDom":	"standalone_microblaze_0",
			"sysDefaultDom":	"standalone_microblaze_0",
			"domains":	[{
					"domainName":	"standalone_microblaze_0",
					"domainDispName":	"standalone_microblaze_0",
					"domainDesc":	"standalone_microblaze_0",
					"processors":	"microblaze_0",
					"os":	"standalone",
					"sdxOs":	"standalone",
					"debugEnable":	"False",
					"domRuntimes":	["cpp"],
					"swRepo":	"",
					"mssOsVer":	"8.0",
					"mssFile":	"",
					"md5Digest":	"304529987e879521ca977c68d163f362",
					"compatibleApp":	"",
					"domType":	"mssDomain",
					"arch":	"32-bit",
					"appSettings":	{
						"appCompilerFlags":	"",
						"appLinkerFlags":	""
					},
					"addedLibs":	[],
					"libOptions":	{
						"libsContainingOptions":	[]
					},
					"prebuiltLibs":	{
						"prebuiltIncPath":	[],
						"prebuiltLibPath":	[]
					},
					"isolation":	{
					}
				}]
		}]
}
KEYINFO::2024-11-18.23:15:07::SCWPlatform::updated the xpfm file.
TRACE::2024-11-18.23:15:08::SCWPlatform::Trying to open the hw design at C:/Users/kb40/Desktop/ECE385/labb6/final_proj_sdk/mb_usb_hdmi_top/hw/final_top.xsa
TRACE::2024-11-18.23:15:08::SCWPlatform::DSA given C:/Users/kb40/Desktop/ECE385/labb6/final_proj_sdk/mb_usb_hdmi_top/hw/final_top.xsa
TRACE::2024-11-18.23:15:08::SCWPlatform::DSA absoulate path C:/Users/kb40/Desktop/ECE385/labb6/final_proj_sdk/mb_usb_hdmi_top/hw/final_top.xsa
TRACE::2024-11-18.23:15:08::SCWPlatform::DSA directory C:/Users/kb40/Desktop/ECE385/labb6/final_proj_sdk/mb_usb_hdmi_top/hw
TRACE::2024-11-18.23:15:08::SCWPlatform:: Platform Path C:/Users/kb40/Desktop/ECE385/labb6/final_proj_sdk/mb_usb_hdmi_top/hw/final_top.xsa
TRACE::2024-11-18.23:15:08::SCWPlatform:: Unique name xilinx:::0.0
TRACE::2024-11-18.23:15:08::SCWPlatform::Trying to set the existing hwdb with name mb_usb_hdmi_top_22
TRACE::2024-11-18.23:15:08::SCWPlatform::Opened existing hwdb mb_usb_hdmi_top_22
TRACE::2024-11-18.23:15:08::SCWPlatform::Found the Hw Db part of the input DSA
TRACE::2024-11-18.23:15:08::SCWMssOS::Checking the sw design at  C:/Users/kb40/Desktop/ECE385/labb6/final_proj_sdk/mb_usb_hdmi_top/microblaze_0/standalone_microblaze_0/bsp/system.mss
TRACE::2024-11-18.23:15:08::SCWMssOS::DEBUG:  swdes dump  C:/Users/kb40/Desktop/ECE385/labb6/final_proj_sdk/mb_usb_hdmi_top/microblaze_0/standalone_microblaze_0/bsp/system.mss|system||

TRACE::2024-11-18.23:15:08::SCWMssOS::Sw design exists and opened at  C:/Users/kb40/Desktop/ECE385/labb6/final_proj_sdk/mb_usb_hdmi_top/microblaze_0/standalone_microblaze_0/bsp/system.mss
TRACE::2024-11-18.23:16:19::SCWPlatform::Clearing the existing platform
TRACE::2024-11-18.23:16:19::SCWSystem::Clearing the existing sysconfig
TRACE::2024-11-18.23:16:19::SCWMssOS::Removing the swdes entry for  C:/Users/kb40/Desktop/ECE385/labb6/final_proj_sdk/mb_usb_hdmi_top/microblaze_0/standalone_microblaze_0/bsp/system.mss
TRACE::2024-11-18.23:16:19::SCWSystem::Clearing the domains completed.
TRACE::2024-11-18.23:16:19::SCWPlatform::Clearing the opened hw db.
TRACE::2024-11-18.23:16:19::SCWPlatform::DSA given C:/Users/kb40/Desktop/ECE385/labb6/final_proj_sdk/mb_usb_hdmi_top/hw/final_top.xsa
TRACE::2024-11-18.23:16:19::SCWPlatform::DSA absoulate path C:/Users/kb40/Desktop/ECE385/labb6/final_proj_sdk/mb_usb_hdmi_top/hw/final_top.xsa
TRACE::2024-11-18.23:16:19::SCWPlatform:: Platform location is C:/Users/kb40/Desktop/ECE385/labb6/final_proj_sdk/mb_usb_hdmi_top/hw
TRACE::2024-11-18.23:16:19::SCWPlatform:: Platform Path C:/Users/kb40/Desktop/ECE385/labb6/final_proj_sdk/mb_usb_hdmi_top/hw/final_top.xsa
TRACE::2024-11-18.23:16:19::SCWPlatform:: Unique name xilinx:::0.0
TRACE::2024-11-18.23:16:19::SCWPlatform::Removing the HwDB with name C:/Users/kb40/Desktop/ECE385/labb6/final_proj_sdk/mb_usb_hdmi_top/hw/final_top.xsa
TRACE::2024-11-18.23:16:19::SCWPlatform::Trying to open the hw design at C:/Users/kb40/Desktop/ECE385/labb6/final_proj_sdk/mb_usb_hdmi_top/hw/final_top.xsa
TRACE::2024-11-18.23:16:19::SCWPlatform::DSA given C:/Users/kb40/Desktop/ECE385/labb6/final_proj_sdk/mb_usb_hdmi_top/hw/final_top.xsa
TRACE::2024-11-18.23:16:19::SCWPlatform::DSA absoulate path C:/Users/kb40/Desktop/ECE385/labb6/final_proj_sdk/mb_usb_hdmi_top/hw/final_top.xsa
TRACE::2024-11-18.23:16:19::SCWPlatform::DSA directory C:/Users/kb40/Desktop/ECE385/labb6/final_proj_sdk/mb_usb_hdmi_top/hw
TRACE::2024-11-18.23:16:19::SCWPlatform:: Platform Path C:/Users/kb40/Desktop/ECE385/labb6/final_proj_sdk/mb_usb_hdmi_top/hw/final_top.xsa
TRACE::2024-11-18.23:16:19::SCWPlatform:: Unique name xilinx:::0.0
TRACE::2024-11-18.23:16:19::SCWPlatform::Do not have an existing db opened. 
TRACE::2024-11-18.23:16:19::SCWPlatform::Opened new HwDB with name mb_usb_hdmi_top_25
TRACE::2024-11-18.23:16:19::SCWReader::Active system found as  mb_usb_hdmi_top
TRACE::2024-11-18.23:16:19::SCWReader::Handling sysconfig mb_usb_hdmi_top
TRACE::2024-11-18.23:16:19::SCWDomain::checking for install qemu data   : 
TRACE::2024-11-18.23:16:19::SCWPlatform::Trying to open the hw design at C:/Users/kb40/Desktop/ECE385/labb6/final_proj_sdk/mb_usb_hdmi_top/hw/final_top.xsa
TRACE::2024-11-18.23:16:19::SCWPlatform::DSA given C:/Users/kb40/Desktop/ECE385/labb6/final_proj_sdk/mb_usb_hdmi_top/hw/final_top.xsa
TRACE::2024-11-18.23:16:19::SCWPlatform::DSA absoulate path C:/Users/kb40/Desktop/ECE385/labb6/final_proj_sdk/mb_usb_hdmi_top/hw/final_top.xsa
TRACE::2024-11-18.23:16:19::SCWPlatform::DSA directory C:/Users/kb40/Desktop/ECE385/labb6/final_proj_sdk/mb_usb_hdmi_top/hw
TRACE::2024-11-18.23:16:19::SCWPlatform:: Platform Path C:/Users/kb40/Desktop/ECE385/labb6/final_proj_sdk/mb_usb_hdmi_top/hw/final_top.xsa
TRACE::2024-11-18.23:16:19::SCWPlatform:: Unique name xilinx:::0.0
TRACE::2024-11-18.23:16:19::SCWPlatform::Trying to set the existing hwdb with name mb_usb_hdmi_top_25
TRACE::2024-11-18.23:16:19::SCWPlatform::Opened existing hwdb mb_usb_hdmi_top_25
TRACE::2024-11-18.23:16:19::SCWPlatform::Found the Hw Db part of the input DSA
TRACE::2024-11-18.23:16:19::SCWPlatform::Trying to open the hw design at C:/Users/kb40/Desktop/ECE385/labb6/final_proj_sdk/mb_usb_hdmi_top/hw/final_top.xsa
TRACE::2024-11-18.23:16:19::SCWPlatform::DSA given C:/Users/kb40/Desktop/ECE385/labb6/final_proj_sdk/mb_usb_hdmi_top/hw/final_top.xsa
TRACE::2024-11-18.23:16:19::SCWPlatform::DSA absoulate path C:/Users/kb40/Desktop/ECE385/labb6/final_proj_sdk/mb_usb_hdmi_top/hw/final_top.xsa
TRACE::2024-11-18.23:16:19::SCWPlatform::DSA directory C:/Users/kb40/Desktop/ECE385/labb6/final_proj_sdk/mb_usb_hdmi_top/hw
TRACE::2024-11-18.23:16:19::SCWPlatform:: Platform Path C:/Users/kb40/Desktop/ECE385/labb6/final_proj_sdk/mb_usb_hdmi_top/hw/final_top.xsa
TRACE::2024-11-18.23:16:19::SCWPlatform:: Unique name xilinx:::0.0
TRACE::2024-11-18.23:16:19::SCWPlatform::Trying to set the existing hwdb with name mb_usb_hdmi_top_25
TRACE::2024-11-18.23:16:19::SCWPlatform::Opened existing hwdb mb_usb_hdmi_top_25
TRACE::2024-11-18.23:16:19::SCWPlatform::Found the Hw Db part of the input DSA
TRACE::2024-11-18.23:16:19::SCWPlatform::Trying to open the hw design at C:/Users/kb40/Desktop/ECE385/labb6/final_proj_sdk/mb_usb_hdmi_top/hw/final_top.xsa
TRACE::2024-11-18.23:16:19::SCWPlatform::DSA given C:/Users/kb40/Desktop/ECE385/labb6/final_proj_sdk/mb_usb_hdmi_top/hw/final_top.xsa
TRACE::2024-11-18.23:16:19::SCWPlatform::DSA absoulate path C:/Users/kb40/Desktop/ECE385/labb6/final_proj_sdk/mb_usb_hdmi_top/hw/final_top.xsa
TRACE::2024-11-18.23:16:19::SCWPlatform::DSA directory C:/Users/kb40/Desktop/ECE385/labb6/final_proj_sdk/mb_usb_hdmi_top/hw
TRACE::2024-11-18.23:16:19::SCWPlatform:: Platform Path C:/Users/kb40/Desktop/ECE385/labb6/final_proj_sdk/mb_usb_hdmi_top/hw/final_top.xsa
TRACE::2024-11-18.23:16:19::SCWPlatform:: Unique name xilinx:::0.0
TRACE::2024-11-18.23:16:19::SCWPlatform::Trying to set the existing hwdb with name mb_usb_hdmi_top_25
TRACE::2024-11-18.23:16:19::SCWPlatform::Opened existing hwdb mb_usb_hdmi_top_25
TRACE::2024-11-18.23:16:19::SCWPlatform::Found the Hw Db part of the input DSA
TRACE::2024-11-18.23:16:19::SCWPlatform::Trying to open the hw design at C:/Users/kb40/Desktop/ECE385/labb6/final_proj_sdk/mb_usb_hdmi_top/hw/final_top.xsa
TRACE::2024-11-18.23:16:19::SCWPlatform::DSA given C:/Users/kb40/Desktop/ECE385/labb6/final_proj_sdk/mb_usb_hdmi_top/hw/final_top.xsa
TRACE::2024-11-18.23:16:19::SCWPlatform::DSA absoulate path C:/Users/kb40/Desktop/ECE385/labb6/final_proj_sdk/mb_usb_hdmi_top/hw/final_top.xsa
TRACE::2024-11-18.23:16:19::SCWPlatform::DSA directory C:/Users/kb40/Desktop/ECE385/labb6/final_proj_sdk/mb_usb_hdmi_top/hw
TRACE::2024-11-18.23:16:19::SCWPlatform:: Platform Path C:/Users/kb40/Desktop/ECE385/labb6/final_proj_sdk/mb_usb_hdmi_top/hw/final_top.xsa
TRACE::2024-11-18.23:16:19::SCWPlatform:: Unique name xilinx:::0.0
TRACE::2024-11-18.23:16:19::SCWPlatform::Trying to set the existing hwdb with name mb_usb_hdmi_top_25
TRACE::2024-11-18.23:16:19::SCWPlatform::Opened existing hwdb mb_usb_hdmi_top_25
TRACE::2024-11-18.23:16:19::SCWPlatform::Found the Hw Db part of the input DSA
TRACE::2024-11-18.23:16:19::SCWMssOS::Checking the sw design at  C:/Users/kb40/Desktop/ECE385/labb6/final_proj_sdk/mb_usb_hdmi_top/microblaze_0/standalone_microblaze_0/bsp/system.mss
TRACE::2024-11-18.23:16:19::SCWMssOS::DEBUG:  swdes dump  
TRACE::2024-11-18.23:16:19::SCWMssOS::No sw design opened at  C:/Users/kb40/Desktop/ECE385/labb6/final_proj_sdk/mb_usb_hdmi_top/microblaze_0/standalone_microblaze_0/bsp/system.mss
TRACE::2024-11-18.23:16:19::SCWMssOS::mss exists loading the mss file  C:/Users/kb40/Desktop/ECE385/labb6/final_proj_sdk/mb_usb_hdmi_top/microblaze_0/standalone_microblaze_0/bsp/system.mss
TRACE::2024-11-18.23:16:19::SCWMssOS::Opened the sw design from mss  C:/Users/kb40/Desktop/ECE385/labb6/final_proj_sdk/mb_usb_hdmi_top/microblaze_0/standalone_microblaze_0/bsp/system.mss
TRACE::2024-11-18.23:16:19::SCWMssOS::Adding the swdes entry C:/Users/kb40/Desktop/ECE385/labb6/final_proj_sdk/mb_usb_hdmi_top/microblaze_0/standalone_microblaze_0/bsp/system.mss with des name system
TRACE::2024-11-18.23:16:19::SCWMssOS::updating the scw layer about changes
TRACE::2024-11-18.23:16:19::SCWMssOS::Opened the sw design.  C:/Users/kb40/Desktop/ECE385/labb6/final_proj_sdk/mb_usb_hdmi_top/microblaze_0/standalone_microblaze_0/bsp/system.mss
TRACE::2024-11-18.23:16:19::SCWMssOS::Saving the mss changes C:/Users/kb40/Desktop/ECE385/labb6/final_proj_sdk/mb_usb_hdmi_top/microblaze_0/standalone_microblaze_0/bsp/system.mss
TRACE::2024-11-18.23:16:19::SCWMssOS::Found a swdesign opened with the mssfile.
TRACE::2024-11-18.23:16:19::SCWMssOS::Completed writemss as part of save.
TRACE::2024-11-18.23:16:19::SCWMssOS::Commit changes completed.
TRACE::2024-11-18.23:16:19::SCWReader::Adding prebuilt librarypaths as   
TRACE::2024-11-18.23:16:19::SCWReader::Adding prebuilt incpaths  as   
TRACE::2024-11-18.23:16:19::SCWPlatform::Trying to open the hw design at C:/Users/kb40/Desktop/ECE385/labb6/final_proj_sdk/mb_usb_hdmi_top/hw/final_top.xsa
TRACE::2024-11-18.23:16:19::SCWPlatform::DSA given C:/Users/kb40/Desktop/ECE385/labb6/final_proj_sdk/mb_usb_hdmi_top/hw/final_top.xsa
TRACE::2024-11-18.23:16:19::SCWPlatform::DSA absoulate path C:/Users/kb40/Desktop/ECE385/labb6/final_proj_sdk/mb_usb_hdmi_top/hw/final_top.xsa
TRACE::2024-11-18.23:16:19::SCWPlatform::DSA directory C:/Users/kb40/Desktop/ECE385/labb6/final_proj_sdk/mb_usb_hdmi_top/hw
TRACE::2024-11-18.23:16:19::SCWPlatform:: Platform Path C:/Users/kb40/Desktop/ECE385/labb6/final_proj_sdk/mb_usb_hdmi_top/hw/final_top.xsa
TRACE::2024-11-18.23:16:19::SCWPlatform:: Unique name xilinx:::0.0
TRACE::2024-11-18.23:16:19::SCWPlatform::Trying to set the existing hwdb with name mb_usb_hdmi_top_25
TRACE::2024-11-18.23:16:19::SCWPlatform::Opened existing hwdb mb_usb_hdmi_top_25
TRACE::2024-11-18.23:16:19::SCWPlatform::Found the Hw Db part of the input DSA
TRACE::2024-11-18.23:16:19::SCWMssOS::Checking the sw design at  C:/Users/kb40/Desktop/ECE385/labb6/final_proj_sdk/mb_usb_hdmi_top/microblaze_0/standalone_microblaze_0/bsp/system.mss
TRACE::2024-11-18.23:16:19::SCWMssOS::DEBUG:  swdes dump  C:/Users/kb40/Desktop/ECE385/labb6/final_proj_sdk/mb_usb_hdmi_top/microblaze_0/standalone_microblaze_0/bsp/system.mss|system||

TRACE::2024-11-18.23:16:19::SCWMssOS::Sw design exists and opened at  C:/Users/kb40/Desktop/ECE385/labb6/final_proj_sdk/mb_usb_hdmi_top/microblaze_0/standalone_microblaze_0/bsp/system.mss
TRACE::2024-11-18.23:16:19::SCWReader::No isolation master present  
TRACE::2024-11-18.23:16:26::SCWPlatform::DSA given C:/Users/kb40/Desktop/ECE385/labb6/final_proj_sdk/mb_usb_hdmi_top/tempdsa/mb_usb_hdmi_top.xsa
TRACE::2024-11-18.23:16:26::SCWPlatform::DSA absoulate path C:/Users/kb40/Desktop/ECE385/labb6/final_proj_sdk/mb_usb_hdmi_top/tempdsa/mb_usb_hdmi_top.xsa
TRACE::2024-11-18.23:16:26::SCWPlatform:: Platform location is C:/Users/kb40/Desktop/ECE385/labb6/final_proj_sdk/mb_usb_hdmi_top/tempdsa
TRACE::2024-11-18.23:16:26::SCWPlatform:: Platform Path C:/Users/kb40/Desktop/ECE385/labb6/final_proj_sdk/mb_usb_hdmi_top/tempdsa/mb_usb_hdmi_top.xsa
TRACE::2024-11-18.23:16:26::SCWPlatform:: Unique name xilinx:::0.0
TRACE::2024-11-18.23:16:26::SCWPlatform::Found the Hw Db part of the input DSA
TRACE::2024-11-18.23:16:26::SCWMssOS::Doing hw sync for the mss in domain: standalone_microblaze_0
TRACE::2024-11-18.23:16:26::SCWPlatform::Trying to open the hw design at C:/Users/kb40/Desktop/ECE385/labb6/final_proj_sdk/mb_usb_hdmi_top/hw/final_top.xsa
TRACE::2024-11-18.23:16:26::SCWPlatform::DSA given C:/Users/kb40/Desktop/ECE385/labb6/final_proj_sdk/mb_usb_hdmi_top/hw/final_top.xsa
TRACE::2024-11-18.23:16:26::SCWPlatform::DSA absoulate path C:/Users/kb40/Desktop/ECE385/labb6/final_proj_sdk/mb_usb_hdmi_top/hw/final_top.xsa
TRACE::2024-11-18.23:16:26::SCWPlatform::DSA directory C:/Users/kb40/Desktop/ECE385/labb6/final_proj_sdk/mb_usb_hdmi_top/hw
TRACE::2024-11-18.23:16:26::SCWPlatform:: Platform Path C:/Users/kb40/Desktop/ECE385/labb6/final_proj_sdk/mb_usb_hdmi_top/hw/final_top.xsa
TRACE::2024-11-18.23:16:26::SCWPlatform:: Unique name xilinx:::0.0
TRACE::2024-11-18.23:16:26::SCWPlatform::Trying to set the existing hwdb with name mb_usb_hdmi_top_25
TRACE::2024-11-18.23:16:26::SCWPlatform::Opened existing hwdb mb_usb_hdmi_top_25
TRACE::2024-11-18.23:16:26::SCWPlatform::Found the Hw Db part of the input DSA
TRACE::2024-11-18.23:16:26::SCWPlatform::Trying to open the hw design at C:/Users/kb40/Desktop/ECE385/labb6/final_proj_sdk/mb_usb_hdmi_top/hw/final_top.xsa
TRACE::2024-11-18.23:16:26::SCWPlatform::DSA given C:/Users/kb40/Desktop/ECE385/labb6/final_proj_sdk/mb_usb_hdmi_top/hw/final_top.xsa
TRACE::2024-11-18.23:16:26::SCWPlatform::DSA absoulate path C:/Users/kb40/Desktop/ECE385/labb6/final_proj_sdk/mb_usb_hdmi_top/hw/final_top.xsa
TRACE::2024-11-18.23:16:26::SCWPlatform::DSA directory C:/Users/kb40/Desktop/ECE385/labb6/final_proj_sdk/mb_usb_hdmi_top/hw
TRACE::2024-11-18.23:16:26::SCWPlatform:: Platform Path C:/Users/kb40/Desktop/ECE385/labb6/final_proj_sdk/mb_usb_hdmi_top/hw/final_top.xsa
TRACE::2024-11-18.23:16:26::SCWPlatform:: Unique name xilinx:::0.0
TRACE::2024-11-18.23:16:26::SCWPlatform::Trying to set the existing hwdb with name mb_usb_hdmi_top_25
TRACE::2024-11-18.23:16:26::SCWPlatform::Opened existing hwdb mb_usb_hdmi_top_25
TRACE::2024-11-18.23:16:26::SCWPlatform::Found the Hw Db part of the input DSA
TRACE::2024-11-18.23:16:26::SCWMssOS::Checking the sw design at  C:/Users/kb40/Desktop/ECE385/labb6/final_proj_sdk/mb_usb_hdmi_top/microblaze_0/standalone_microblaze_0/bsp/system.mss
TRACE::2024-11-18.23:16:26::SCWMssOS::DEBUG:  swdes dump  C:/Users/kb40/Desktop/ECE385/labb6/final_proj_sdk/mb_usb_hdmi_top/microblaze_0/standalone_microblaze_0/bsp/system.mss|system||

TRACE::2024-11-18.23:16:26::SCWMssOS::Sw design exists and opened at  C:/Users/kb40/Desktop/ECE385/labb6/final_proj_sdk/mb_usb_hdmi_top/microblaze_0/standalone_microblaze_0/bsp/system.mss
TRACE::2024-11-18.23:16:26::SCWPlatform::Trying to open the hw design at C:/Users/kb40/Desktop/ECE385/labb6/final_proj_sdk/mb_usb_hdmi_top/tempdsa/mb_usb_hdmi_top.xsa
TRACE::2024-11-18.23:16:26::SCWPlatform::DSA given C:/Users/kb40/Desktop/ECE385/labb6/final_proj_sdk/mb_usb_hdmi_top/tempdsa/mb_usb_hdmi_top.xsa
TRACE::2024-11-18.23:16:26::SCWPlatform::DSA absoulate path C:/Users/kb40/Desktop/ECE385/labb6/final_proj_sdk/mb_usb_hdmi_top/tempdsa/mb_usb_hdmi_top.xsa
TRACE::2024-11-18.23:16:26::SCWPlatform::DSA directory C:/Users/kb40/Desktop/ECE385/labb6/final_proj_sdk/mb_usb_hdmi_top/tempdsa
TRACE::2024-11-18.23:16:26::SCWPlatform:: Platform Path C:/Users/kb40/Desktop/ECE385/labb6/final_proj_sdk/mb_usb_hdmi_top/tempdsa/mb_usb_hdmi_top.xsa
TRACE::2024-11-18.23:16:26::SCWPlatform:: Unique name xilinx:::0.0
TRACE::2024-11-18.23:16:26::SCWPlatform::update - Opened existing hwdb mb_usb_hdmi_top_26
TRACE::2024-11-18.23:16:26::SCWPlatform::Found the Hw Db part of the input DSA
TRACE::2024-11-18.23:16:26::SCWMssOS::Saving the mss changes C:/Users/kb40/Desktop/ECE385/labb6/final_proj_sdk/mb_usb_hdmi_top/microblaze_0/standalone_microblaze_0/bsp/system.mss
TRACE::2024-11-18.23:16:26::SCWMssOS::Found a swdesign opened with the mssfile.
TRACE::2024-11-18.23:16:26::SCWMssOS::Completed writemss as part of save.
TRACE::2024-11-18.23:16:26::SCWMssOS::Commit changes completed.
TRACE::2024-11-18.23:16:26::SCWMssOS::Completed hw sync for the mss in domain: standalone_microblaze_0
TRACE::2024-11-18.23:16:26::SCWMssOS::Removing the swdes entry for  C:/Users/kb40/Desktop/ECE385/labb6/final_proj_sdk/mb_usb_hdmi_top/microblaze_0/standalone_microblaze_0/bsp/system.mss
TRACE::2024-11-18.23:16:26::SCWPlatform::Trying to open the hw design at C:/Users/kb40/Desktop/ECE385/labb6/final_proj_sdk/mb_usb_hdmi_top/hw/mb_usb_hdmi_top.xsa
TRACE::2024-11-18.23:16:26::SCWPlatform::DSA given C:/Users/kb40/Desktop/ECE385/labb6/final_proj_sdk/mb_usb_hdmi_top/hw/mb_usb_hdmi_top.xsa
TRACE::2024-11-18.23:16:26::SCWPlatform::DSA absoulate path C:/Users/kb40/Desktop/ECE385/labb6/final_proj_sdk/mb_usb_hdmi_top/hw/mb_usb_hdmi_top.xsa
TRACE::2024-11-18.23:16:26::SCWPlatform::DSA directory C:/Users/kb40/Desktop/ECE385/labb6/final_proj_sdk/mb_usb_hdmi_top/hw
TRACE::2024-11-18.23:16:26::SCWPlatform:: Platform Path C:/Users/kb40/Desktop/ECE385/labb6/final_proj_sdk/mb_usb_hdmi_top/hw/mb_usb_hdmi_top.xsa
TRACE::2024-11-18.23:16:26::SCWPlatform:: Unique name xilinx:::0.0
TRACE::2024-11-18.23:16:26::SCWPlatform::Do not have an existing db opened. 
TRACE::2024-11-18.23:16:26::SCWPlatform::Opened new HwDB with name mb_usb_hdmi_top_27
TRACE::2024-11-18.23:16:26::SCWMssOS::Saving the mss changes C:/Users/kb40/Desktop/ECE385/labb6/final_proj_sdk/mb_usb_hdmi_top/microblaze_0/standalone_microblaze_0/bsp/system.mss
TRACE::2024-11-18.23:16:26::SCWMssOS::Adding the swdes entry, mss present, able to open swdb C:/Users/kb40/Desktop/ECE385/labb6/final_proj_sdk/mb_usb_hdmi_top/microblaze_0/standalone_microblaze_0/bsp/system.mss with des name system
TRACE::2024-11-18.23:16:26::SCWMssOS::Writing the mss file completed C:/Users/kb40/Desktop/ECE385/labb6/final_proj_sdk/mb_usb_hdmi_top/microblaze_0/standalone_microblaze_0/bsp/system.mss
TRACE::2024-11-18.23:16:26::SCWMssOS::Commit changes completed.
TRACE::2024-11-18.23:16:26::SCWPlatform::Trying to open the hw design at C:/Users/kb40/Desktop/ECE385/labb6/final_proj_sdk/mb_usb_hdmi_top/hw/mb_usb_hdmi_top.xsa
TRACE::2024-11-18.23:16:26::SCWPlatform::DSA given C:/Users/kb40/Desktop/ECE385/labb6/final_proj_sdk/mb_usb_hdmi_top/hw/mb_usb_hdmi_top.xsa
TRACE::2024-11-18.23:16:26::SCWPlatform::DSA absoulate path C:/Users/kb40/Desktop/ECE385/labb6/final_proj_sdk/mb_usb_hdmi_top/hw/mb_usb_hdmi_top.xsa
TRACE::2024-11-18.23:16:26::SCWPlatform::DSA directory C:/Users/kb40/Desktop/ECE385/labb6/final_proj_sdk/mb_usb_hdmi_top/hw
TRACE::2024-11-18.23:16:26::SCWPlatform:: Platform Path C:/Users/kb40/Desktop/ECE385/labb6/final_proj_sdk/mb_usb_hdmi_top/hw/mb_usb_hdmi_top.xsa
TRACE::2024-11-18.23:16:26::SCWPlatform:: Unique name xilinx:::0.0
TRACE::2024-11-18.23:16:26::SCWPlatform::Trying to set the existing hwdb with name mb_usb_hdmi_top_27
TRACE::2024-11-18.23:16:26::SCWPlatform::Opened existing hwdb mb_usb_hdmi_top_27
TRACE::2024-11-18.23:16:26::SCWPlatform::Found the Hw Db part of the input DSA
TRACE::2024-11-18.23:16:26::SCWMssOS::Checking the sw design at  C:/Users/kb40/Desktop/ECE385/labb6/final_proj_sdk/mb_usb_hdmi_top/microblaze_0/standalone_microblaze_0/bsp/system.mss
TRACE::2024-11-18.23:16:26::SCWMssOS::DEBUG:  swdes dump  C:/Users/kb40/Desktop/ECE385/labb6/final_proj_sdk/mb_usb_hdmi_top/microblaze_0/standalone_microblaze_0/bsp/system.mss|system||

TRACE::2024-11-18.23:16:26::SCWMssOS::Sw design exists and opened at  C:/Users/kb40/Desktop/ECE385/labb6/final_proj_sdk/mb_usb_hdmi_top/microblaze_0/standalone_microblaze_0/bsp/system.mss
TRACE::2024-11-18.23:16:26::SCWWriter::formatted JSON is {
	"platformName":	"mb_usb_hdmi_top",
	"sprVersion":	"2.0",
	"mode":	"gui",
	"dsaType":	"Fixed",
	"platformDesc":	"mb_usb_hdmi_top",
	"platHandOff":	"C:/Users/kb40/Desktop/ECE385/labb6/mb_usb_hdmi_top.xsa",
	"platIntHandOff":	"<platformDir>/hw/mb_usb_hdmi_top.xsa",
	"deviceType":	"FPGA",
	"platIsPrebuiltAutogen":	"false",
	"platIsNoBootBsp":	"false",
	"hasFsblMakeHasChanges":	"false",
	"hasPmufwMakeHasChanges":	"false",
	"platPreBuiltFlag":	false,
	"platformSamplesDir":	"",
	"platActiveSys":	"mb_usb_hdmi_top",
	"systems":	[{
			"systemName":	"mb_usb_hdmi_top",
			"systemDesc":	"mb_usb_hdmi_top",
			"sysIsBootAutoGen":	"true",
			"systemDispName":	"mb_usb_hdmi_top",
			"sysActiveDom":	"standalone_microblaze_0",
			"sysDefaultDom":	"standalone_microblaze_0",
			"domains":	[{
					"domainName":	"standalone_microblaze_0",
					"domainDispName":	"standalone_microblaze_0",
					"domainDesc":	"standalone_microblaze_0",
					"processors":	"microblaze_0",
					"os":	"standalone",
					"sdxOs":	"standalone",
					"debugEnable":	"False",
					"domRuntimes":	["cpp"],
					"swRepo":	"",
					"mssOsVer":	"8.0",
					"mssFile":	"",
					"md5Digest":	"304529987e879521ca977c68d163f3621",
					"compatibleApp":	"",
					"domType":	"mssDomain",
					"arch":	"32-bit",
					"appSettings":	{
						"appCompilerFlags":	"",
						"appLinkerFlags":	""
					},
					"addedLibs":	[],
					"libOptions":	{
						"libsContainingOptions":	[]
					},
					"prebuiltLibs":	{
						"prebuiltIncPath":	[],
						"prebuiltLibPath":	[]
					},
					"isolation":	{
					}
				}]
		}]
}
LOG::2024-11-18.23:16:34::SCWPlatform::Started generating the artifacts platform mb_usb_hdmi_top
TRACE::2024-11-18.23:16:34::SCWPlatform::Sanity checking of platform is completed
LOG::2024-11-18.23:16:34::SCWPlatform::Started generating the artifacts for system configuration mb_usb_hdmi_top
LOG::2024-11-18.23:16:34::SCWSystem::Checking the domain standalone_microblaze_0
LOG::2024-11-18.23:16:34::SCWSystem::Not a boot domain 
LOG::2024-11-18.23:16:34::SCWSystem::Started Processing the domain standalone_microblaze_0
TRACE::2024-11-18.23:16:34::SCWDomain::Generating domain artifcats
TRACE::2024-11-18.23:16:34::SCWMssOS::Generating standalone artifcats
TRACE::2024-11-18.23:16:34::SCWMssOS:: Copying the user libraries. 
TRACE::2024-11-18.23:16:34::SCWPlatform::Trying to open the hw design at C:/Users/kb40/Desktop/ECE385/labb6/final_proj_sdk/mb_usb_hdmi_top/hw/mb_usb_hdmi_top.xsa
TRACE::2024-11-18.23:16:34::SCWPlatform::DSA given C:/Users/kb40/Desktop/ECE385/labb6/final_proj_sdk/mb_usb_hdmi_top/hw/mb_usb_hdmi_top.xsa
TRACE::2024-11-18.23:16:34::SCWPlatform::DSA absoulate path C:/Users/kb40/Desktop/ECE385/labb6/final_proj_sdk/mb_usb_hdmi_top/hw/mb_usb_hdmi_top.xsa
TRACE::2024-11-18.23:16:34::SCWPlatform::DSA directory C:/Users/kb40/Desktop/ECE385/labb6/final_proj_sdk/mb_usb_hdmi_top/hw
TRACE::2024-11-18.23:16:34::SCWPlatform:: Platform Path C:/Users/kb40/Desktop/ECE385/labb6/final_proj_sdk/mb_usb_hdmi_top/hw/mb_usb_hdmi_top.xsa
TRACE::2024-11-18.23:16:34::SCWPlatform:: Unique name xilinx:::0.0
TRACE::2024-11-18.23:16:34::SCWPlatform::Trying to set the existing hwdb with name mb_usb_hdmi_top_27
TRACE::2024-11-18.23:16:34::SCWPlatform::Opened existing hwdb mb_usb_hdmi_top_27
TRACE::2024-11-18.23:16:34::SCWPlatform::Found the Hw Db part of the input DSA
TRACE::2024-11-18.23:16:34::SCWMssOS::Checking the sw design at  C:/Users/kb40/Desktop/ECE385/labb6/final_proj_sdk/mb_usb_hdmi_top/microblaze_0/standalone_microblaze_0/bsp/system.mss
TRACE::2024-11-18.23:16:34::SCWMssOS::DEBUG:  swdes dump  C:/Users/kb40/Desktop/ECE385/labb6/final_proj_sdk/mb_usb_hdmi_top/microblaze_0/standalone_microblaze_0/bsp/system.mss|system||

TRACE::2024-11-18.23:16:34::SCWMssOS::Sw design exists and opened at  C:/Users/kb40/Desktop/ECE385/labb6/final_proj_sdk/mb_usb_hdmi_top/microblaze_0/standalone_microblaze_0/bsp/system.mss
TRACE::2024-11-18.23:16:34::SCWMssOS::Completed writing the mss file at C:/Users/kb40/Desktop/ECE385/labb6/final_proj_sdk/mb_usb_hdmi_top/microblaze_0/standalone_microblaze_0/bsp
TRACE::2024-11-18.23:16:34::SCWMssOS::Mss edits present, copying mssfile into export location C:/Users/kb40/Desktop/ECE385/labb6/final_proj_sdk/mb_usb_hdmi_top/microblaze_0/standalone_microblaze_0/bsp/system.mss
TRACE::2024-11-18.23:16:34::SCWMssOS::bsp generated is stale removing and regenerating. 
TRACE::2024-11-18.23:16:36::SCWMssOS::doing bsp build ... 
TRACE::2024-11-18.23:16:36::SCWMssOS::System Command Ran  C: & cd  C:/Users/kb40/Desktop/ECE385/labb6/final_proj_sdk/mb_usb_hdmi_top/microblaze_0/standalone_microblaze_0/bsp & make 
TRACE::2024-11-18.23:16:36::SCWMssOS::make --no-print-directory seq_libs

TRACE::2024-11-18.23:16:36::SCWMssOS::'Finished building libraries sequentially.'

TRACE::2024-11-18.23:16:36::SCWMssOS::make -j 10 --no-print-directory par_libs

TRACE::2024-11-18.23:16:36::SCWMssOS::"Running Make include in microblaze_0/libsrc/bram_v4_8/src"

TRACE::2024-11-18.23:16:36::SCWMssOS::make -C microblaze_0/libsrc/bram_v4_8/src -s include  "SHELL=CMD" "COMPILER=mb-gcc" "ASSEMBLER=mb-as" "ARCHIVER=mb-ar" "COMPILE
TRACE::2024-11-18.23:16:36::SCWMssOS::R_FLAGS=  -O2 -c -mcpu=v11.0 -mlittle-endian -mno-xl-reorder -mno-xl-soft-mul -mxl-barrel-shift -mxl-pattern-compare" "EXTRA_CO
TRACE::2024-11-18.23:16:36::SCWMssOS::MPILER_FLAGS=-g -ffunction-sections -fdata-sections -Wall -Wextra -fno-tree-loop-distribute-patterns"

TRACE::2024-11-18.23:16:36::SCWMssOS::"Running Make include in microblaze_0/libsrc/cpu_v2_16/src"

TRACE::2024-11-18.23:16:36::SCWMssOS::"Running Make include in microblaze_0/libsrc/gpio_v4_9/src"

TRACE::2024-11-18.23:16:36::SCWMssOS::make -C microblaze_0/libsrc/cpu_v2_16/src -s include  "SHELL=CMD" "COMPILER=mb-gcc" "ASSEMBLER=mb-as" "ARCHIVER=mb-ar" "COMPILE
TRACE::2024-11-18.23:16:36::SCWMssOS::R_FLAGS=  -O2 -c -mcpu=v11.0 -mlittle-endian -mno-xl-reorder -mno-xl-soft-mul -mxl-barrel-shift -mxl-pattern-compare" "EXTRA_CO
TRACE::2024-11-18.23:16:36::SCWMssOS::MPILER_FLAGS=-g -ffunction-sections -fdata-sections -Wall -Wextra -fno-tree-loop-distribute-patterns"

TRACE::2024-11-18.23:16:36::SCWMssOS::make -C microblaze_0/libsrc/gpio_v4_9/src -s include  "SHELL=CMD" "COMPILER=mb-gcc" "ASSEMBLER=mb-as" "ARCHIVER=mb-ar" "COMPILE
TRACE::2024-11-18.23:16:36::SCWMssOS::R_FLAGS=  -O2 -c -mcpu=v11.0 -mlittle-endian -mno-xl-reorder -mno-xl-soft-mul -mxl-barrel-shift -mxl-pattern-compare" "EXTRA_CO
TRACE::2024-11-18.23:16:36::SCWMssOS::MPILER_FLAGS=-g -ffunction-sections -fdata-sections -Wall -Wextra -fno-tree-loop-distribute-patterns"

TRACE::2024-11-18.23:16:36::SCWMssOS::"Running Make include in microblaze_0/libsrc/intc_v3_15/src"

TRACE::2024-11-18.23:16:36::SCWMssOS::make -C microblaze_0/libsrc/intc_v3_15/src -s include  "SHELL=CMD" "COMPILER=mb-gcc" "ASSEMBLER=mb-as" "ARCHIVER=mb-ar" "COMPIL
TRACE::2024-11-18.23:16:36::SCWMssOS::ER_FLAGS=  -O2 -c -mcpu=v11.0 -mlittle-endian -mno-xl-reorder -mno-xl-soft-mul -mxl-barrel-shift -mxl-pattern-compare" "EXTRA_C
TRACE::2024-11-18.23:16:36::SCWMssOS::OMPILER_FLAGS=-g -ffunction-sections -fdata-sections -Wall -Wextra -fno-tree-loop-distribute-patterns"

TRACE::2024-11-18.23:16:36::SCWMssOS::"Running Make include in microblaze_0/libsrc/spi_v4_9/src"

TRACE::2024-11-18.23:16:36::SCWMssOS::make -C microblaze_0/libsrc/spi_v4_9/src -s include  "SHELL=CMD" "COMPILER=mb-gcc" "ASSEMBLER=mb-as" "ARCHIVER=mb-ar" "COMPILER
TRACE::2024-11-18.23:16:36::SCWMssOS::_FLAGS=  -O2 -c -mcpu=v11.0 -mlittle-endian -mno-xl-reorder -mno-xl-soft-mul -mxl-barrel-shift -mxl-pattern-compare" "EXTRA_COM
TRACE::2024-11-18.23:16:36::SCWMssOS::PILER_FLAGS=-g -ffunction-sections -fdata-sections -Wall -Wextra -fno-tree-loop-distribute-patterns"

TRACE::2024-11-18.23:16:36::SCWMssOS::"Running Make include in microblaze_0/libsrc/standalone_v8_0/src"

TRACE::2024-11-18.23:16:36::SCWMssOS::make -C microblaze_0/libsrc/standalone_v8_0/src -s include  "SHELL=CMD" "COMPILER=mb-gcc" "ASSEMBLER=mb-as" "ARCHIVER=mb-ar" "C
TRACE::2024-11-18.23:16:36::SCWMssOS::OMPILER_FLAGS=  -O2 -c -mcpu=v11.0 -mlittle-endian -mno-xl-reorder -mno-xl-soft-mul -mxl-barrel-shift -mxl-pattern-compare" "EX
TRACE::2024-11-18.23:16:36::SCWMssOS::TRA_COMPILER_FLAGS=-g -ffunction-sections -fdata-sections -Wall -Wextra -fno-tree-loop-distribute-patterns"

TRACE::2024-11-18.23:16:36::SCWMssOS::"Running Make include in microblaze_0/libsrc/tmrctr_v4_9/src"

TRACE::2024-11-18.23:16:36::SCWMssOS::make -C microblaze_0/libsrc/tmrctr_v4_9/src -s include  "SHELL=CMD" "COMPILER=mb-gcc" "ASSEMBLER=mb-as" "ARCHIVER=mb-ar" "COMPI
TRACE::2024-11-18.23:16:36::SCWMssOS::LER_FLAGS=  -O2 -c -mcpu=v11.0 -mlittle-endian -mno-xl-reorder -mno-xl-soft-mul -mxl-barrel-shift -mxl-pattern-compare" "EXTRA_
TRACE::2024-11-18.23:16:36::SCWMssOS::COMPILER_FLAGS=-g -ffunction-sections -fdata-sections -Wall -Wextra -fno-tree-loop-distribute-patterns"

TRACE::2024-11-18.23:16:36::SCWMssOS::"Running Make include in microblaze_0/libsrc/uartlite_v3_7/src"

TRACE::2024-11-18.23:16:36::SCWMssOS::make -C microblaze_0/libsrc/uartlite_v3_7/src -s include  "SHELL=CMD" "COMPILER=mb-gcc" "ASSEMBLER=mb-as" "ARCHIVER=mb-ar" "COM
TRACE::2024-11-18.23:16:36::SCWMssOS::PILER_FLAGS=  -O2 -c -mcpu=v11.0 -mlittle-endian -mno-xl-reorder -mno-xl-soft-mul -mxl-barrel-shift -mxl-pattern-compare" "EXTR
TRACE::2024-11-18.23:16:36::SCWMssOS::A_COMPILER_FLAGS=-g -ffunction-sections -fdata-sections -Wall -Wextra -fno-tree-loop-distribute-patterns"

TRACE::2024-11-18.23:16:37::SCWMssOS::"Running Make libs in microblaze_0/libsrc/bram_v4_8/src"

TRACE::2024-11-18.23:16:37::SCWMssOS::make -C microblaze_0/libsrc/bram_v4_8/src -s libs  "SHELL=CMD" "COMPILER=mb-gcc" "ASSEMBLER=mb-as" "ARCHIVER=mb-ar" "COMPILER_F
TRACE::2024-11-18.23:16:37::SCWMssOS::LAGS=  -O2 -c -mcpu=v11.0 -mlittle-endian -mno-xl-reorder -mno-xl-soft-mul -mxl-barrel-shift -mxl-pattern-compare" "EXTRA_COMPI
TRACE::2024-11-18.23:16:37::SCWMssOS::LER_FLAGS=-g -ffunction-sections -fdata-sections -Wall -Wextra -fno-tree-loop-distribute-patterns"

TRACE::2024-11-18.23:16:37::SCWMssOS::"Running Make libs in microblaze_0/libsrc/cpu_v2_16/src"

TRACE::2024-11-18.23:16:37::SCWMssOS::"Running Make libs in microblaze_0/libsrc/gpio_v4_9/src"

TRACE::2024-11-18.23:16:37::SCWMssOS::make -C microblaze_0/libsrc/cpu_v2_16/src -s libs  "SHELL=CMD" "COMPILER=mb-gcc" "ASSEMBLER=mb-as" "ARCHIVER=mb-ar" "COMPILER_F
TRACE::2024-11-18.23:16:37::SCWMssOS::LAGS=  -O2 -c -mcpu=v11.0 -mlittle-endian -mno-xl-reorder -mno-xl-soft-mul -mxl-barrel-shift -mxl-pattern-compare" "EXTRA_COMPI
TRACE::2024-11-18.23:16:37::SCWMssOS::LER_FLAGS=-g -ffunction-sections -fdata-sections -Wall -Wextra -fno-tree-loop-distribute-patterns"

TRACE::2024-11-18.23:16:37::SCWMssOS::make -C microblaze_0/libsrc/gpio_v4_9/src -s libs  "SHELL=CMD" "COMPILER=mb-gcc" "ASSEMBLER=mb-as" "ARCHIVER=mb-ar" "COMPILER_F
TRACE::2024-11-18.23:16:37::SCWMssOS::LAGS=  -O2 -c -mcpu=v11.0 -mlittle-endian -mno-xl-reorder -mno-xl-soft-mul -mxl-barrel-shift -mxl-pattern-compare" "EXTRA_COMPI
TRACE::2024-11-18.23:16:37::SCWMssOS::LER_FLAGS=-g -ffunction-sections -fdata-sections -Wall -Wextra -fno-tree-loop-distribute-patterns"

TRACE::2024-11-18.23:16:37::SCWMssOS::"Running Make libs in microblaze_0/libsrc/intc_v3_15/src"

TRACE::2024-11-18.23:16:37::SCWMssOS::make -C microblaze_0/libsrc/intc_v3_15/src -s libs  "SHELL=CMD" "COMPILER=mb-gcc" "ASSEMBLER=mb-as" "ARCHIVER=mb-ar" "COMPILER_
TRACE::2024-11-18.23:16:37::SCWMssOS::FLAGS=  -O2 -c -mcpu=v11.0 -mlittle-endian -mno-xl-reorder -mno-xl-soft-mul -mxl-barrel-shift -mxl-pattern-compare" "EXTRA_COMP
TRACE::2024-11-18.23:16:37::SCWMssOS::ILER_FLAGS=-g -ffunction-sections -fdata-sections -Wall -Wextra -fno-tree-loop-distribute-patterns"

TRACE::2024-11-18.23:16:37::SCWMssOS::"Running Make libs in microblaze_0/libsrc/spi_v4_9/src"

TRACE::2024-11-18.23:16:37::SCWMssOS::make -C microblaze_0/libsrc/spi_v4_9/src -s libs  "SHELL=CMD" "COMPILER=mb-gcc" "ASSEMBLER=mb-as" "ARCHIVER=mb-ar" "COMPILER_FL
TRACE::2024-11-18.23:16:37::SCWMssOS::AGS=  -O2 -c -mcpu=v11.0 -mlittle-endian -mno-xl-reorder -mno-xl-soft-mul -mxl-barrel-shift -mxl-pattern-compare" "EXTRA_COMPIL
TRACE::2024-11-18.23:16:37::SCWMssOS::ER_FLAGS=-g -ffunction-sections -fdata-sections -Wall -Wextra -fno-tree-loop-distribute-patterns"

TRACE::2024-11-18.23:16:37::SCWMssOS::"Running Make libs in microblaze_0/libsrc/standalone_v8_0/src"

TRACE::2024-11-18.23:16:37::SCWMssOS::make -C microblaze_0/libsrc/standalone_v8_0/src -s libs  "SHELL=CMD" "COMPILER=mb-gcc" "ASSEMBLER=mb-as" "ARCHIVER=mb-ar" "COMP
TRACE::2024-11-18.23:16:37::SCWMssOS::ILER_FLAGS=  -O2 -c -mcpu=v11.0 -mlittle-endian -mno-xl-reorder -mno-xl-soft-mul -mxl-barrel-shift -mxl-pattern-compare" "EXTRA
TRACE::2024-11-18.23:16:37::SCWMssOS::_COMPILER_FLAGS=-g -ffunction-sections -fdata-sections -Wall -Wextra -fno-tree-loop-distribute-patterns"

TRACE::2024-11-18.23:16:38::SCWMssOS::"Running Make libs in microblaze_0/libsrc/tmrctr_v4_9/src"

TRACE::2024-11-18.23:16:38::SCWMssOS::make -C microblaze_0/libsrc/tmrctr_v4_9/src -s libs  "SHELL=CMD" "COMPILER=mb-gcc" "ASSEMBLER=mb-as" "ARCHIVER=mb-ar" "COMPILER
TRACE::2024-11-18.23:16:38::SCWMssOS::_FLAGS=  -O2 -c -mcpu=v11.0 -mlittle-endian -mno-xl-reorder -mno-xl-soft-mul -mxl-barrel-shift -mxl-pattern-compare" "EXTRA_COM
TRACE::2024-11-18.23:16:38::SCWMssOS::PILER_FLAGS=-g -ffunction-sections -fdata-sections -Wall -Wextra -fno-tree-loop-distribute-patterns"

TRACE::2024-11-18.23:16:38::SCWMssOS::"Running Make libs in microblaze_0/libsrc/uartlite_v3_7/src"

TRACE::2024-11-18.23:16:38::SCWMssOS::make -C microblaze_0/libsrc/uartlite_v3_7/src -s libs  "SHELL=CMD" "COMPILER=mb-gcc" "ASSEMBLER=mb-as" "ARCHIVER=mb-ar" "COMPIL
TRACE::2024-11-18.23:16:38::SCWMssOS::ER_FLAGS=  -O2 -c -mcpu=v11.0 -mlittle-endian -mno-xl-reorder -mno-xl-soft-mul -mxl-barrel-shift -mxl-pattern-compare" "EXTRA_C
TRACE::2024-11-18.23:16:38::SCWMssOS::OMPILER_FLAGS=-g -ffunction-sections -fdata-sections -Wall -Wextra -fno-tree-loop-distribute-patterns"

TRACE::2024-11-18.23:16:41::SCWMssOS::"DEBUG NON_LTO_OBJECTS is ../../../lib/microblaze_interrupt_handler.o"

TRACE::2024-11-18.23:16:41::SCWMssOS::'Finished building libraries parallelly.'

TRACE::2024-11-18.23:16:41::SCWMssOS::make --no-print-directory archive

TRACE::2024-11-18.23:16:41::SCWMssOS::mb-ar -r  microblaze_0/lib/libxil.a microblaze_0/lib/_exit.o microblaze_0/lib/errno.o microblaze_0/lib/fcntl.o microblaze_0/lib
TRACE::2024-11-18.23:16:41::SCWMssOS::/hw_exception_handler.o microblaze_0/lib/inbyte.o microblaze_0/lib/microblaze_disable_dcache.o microblaze_0/lib/microblaze_disa
TRACE::2024-11-18.23:16:41::SCWMssOS::ble_exceptions.o microblaze_0/lib/microblaze_disable_icache.o microblaze_0/lib/microblaze_disable_interrupts.o microblaze_0/lib
TRACE::2024-11-18.23:16:41::SCWMssOS::/microblaze_enable_dcache.o microblaze_0/lib/microblaze_enable_exceptions.o microblaze_0/lib/microblaze_enable_icache.o microbl
TRACE::2024-11-18.23:16:41::SCWMssOS::aze_0/lib/microblaze_enable_interrupts.o microblaze_0/lib/microblaze_exception_handler.o microblaze_0/lib/microblaze_flush_cach
TRACE::2024-11-18.23:16:41::SCWMssOS::e_ext.o microblaze_0/lib/microblaze_flush_cache_ext_range.o microblaze_0/lib/microblaze_flush_dcache.o microblaze_0/lib/microbl
TRACE::2024-11-18.23:16:41::SCWMssOS::aze_flush_dcache_range.o microblaze_0/lib/microblaze_init_dcache_range.o microblaze_0/lib/microblaze_init_icache_range.o microb
TRACE::2024-11-18.23:16:41::SCWMssOS::laze_0/lib/microblaze_interrupt_handler.o microblaze_0/lib/microblaze_interrupts_g.o microblaze_0/lib/microblaze_invalidate_cac
TRACE::2024-11-18.23:16:41::SCWMssOS::he_ext.o microblaze_0/lib/microblaze_invalidate_cache_ext_range.o microblaze_0/lib/microblaze_invalidate_dcache.o microblaze_0/
TRACE::2024-11-18.23:16:41::SCWMssOS::lib/microblaze_invalidate_dcache_range.o microblaze_0/lib/microblaze_invalidate_icache.o microblaze_0/lib/microblaze_invalidate
TRACE::2024-11-18.23:16:41::SCWMssOS::_icache_range.o microblaze_0/lib/microblaze_scrub.o microblaze_0/lib/microblaze_selftest.o microblaze_0/lib/microblaze_sleep.o 
TRACE::2024-11-18.23:16:41::SCWMssOS::microblaze_0/lib/microblaze_update_dcache.o microblaze_0/lib/microblaze_update_icache.o microblaze_0/lib/outbyte.o microblaze_0
TRACE::2024-11-18.23:16:41::SCWMssOS::/lib/print.o microblaze_0/lib/pvr.o microblaze_0/lib/xbram.o microblaze_0/lib/xbram_g.o microblaze_0/lib/xbram_intr.o microblaz
TRACE::2024-11-18.23:16:41::SCWMssOS::e_0/lib/xbram_selftest.o microblaze_0/lib/xbram_sinit.o microblaze_0/lib/xgpio.o microblaze_0/lib/xgpio_extra.o microblaze_0/li
TRACE::2024-11-18.23:16:41::SCWMssOS::b/xgpio_g.o microblaze_0/lib/xgpio_intr.o microblaze_0/lib/xgpio_selftest.o microblaze_0/lib/xgpio_sinit.o microblaze_0/lib/xil
TRACE::2024-11-18.23:16:41::SCWMssOS::_assert.o microblaze_0/lib/xil_cache.o microblaze_0/lib/xil_clocking.o microblaze_0/lib/xil_exception.o microblaze_0/lib/xil_me
TRACE::2024-11-18.23:16:41::SCWMssOS::m.o microblaze_0/lib/xil_misc_psreset_api.o microblaze_0/lib/xil_printf.o microblaze_0/lib/xil_sleepcommon.o microblaze_0/lib/x
TRACE::2024-11-18.23:16:41::SCWMssOS::il_testcache.o microblaze_0/lib/xil_testio.o microblaze_0/lib/xil_testmem.o microblaze_0/lib/xil_util.o microblaze_0/lib/xintc.
TRACE::2024-11-18.23:16:41::SCWMssOS::o microblaze_0/lib/xintc_g.o microblaze_0/lib/xintc_intr.o microblaze_0/lib/xintc_l.o microblaze_0/lib/xintc_options.o microbla
TRACE::2024-11-18.23:16:41::SCWMssOS::ze_0/lib/xintc_selftest.o microblaze_0/lib/xinterrupt_wrap.o microblaze_0/lib/xio.o microblaze_0/lib/xplatform_info.o microblaz
TRACE::2024-11-18.23:16:41::SCWMssOS::e_0/lib/xspi.o microblaze_0/lib/xspi_g.o microblaze_0/lib/xspi_options.o microblaze_0/lib/xspi_selftest.o microblaze_0/lib/xspi
TRACE::2024-11-18.23:16:41::SCWMssOS::_sinit.o microblaze_0/lib/xspi_stats.o microblaze_0/lib/xtmrctr.o microblaze_0/lib/xtmrctr_g.o microblaze_0/lib/xtmrctr_intr.o 
TRACE::2024-11-18.23:16:41::SCWMssOS::microblaze_0/lib/xtmrctr_l.o microblaze_0/lib/xtmrctr_options.o microblaze_0/lib/xtmrctr_selftest.o microblaze_0/lib/xtmrctr_si
TRACE::2024-11-18.23:16:41::SCWMssOS::nit.o microblaze_0/lib/xtmrctr_stats.o microblaze_0/lib/xuartlite.o microblaze_0/lib/xuartlite_g.o microblaze_0/lib/xuartlite_i
TRACE::2024-11-18.23:16:41::SCWMssOS::ntr.o microblaze_0/lib/xuartlite_l.o microblaze_0/lib/xuartlite_selftest.o microblaze_0/lib/xuartlite_sinit.o microblaze_0/lib/
TRACE::2024-11-18.23:16:41::SCWMssOS::xuartlite_stats.o

TRACE::2024-11-18.23:16:41::SCWMssOS::'Finished building libraries'

TRACE::2024-11-18.23:16:41::SCWMssOS:: Checking if to create the Supporting Applications
TRACE::2024-11-18.23:16:41::SCWMssOS:: No Linux domain exists, trying to generate FSBL 
LOG::2024-11-18.23:16:41::SCWSystem::Completed Processing the domain standalone_microblaze_0
LOG::2024-11-18.23:16:41::SCWSystem::Completed Processing the sysconfig mb_usb_hdmi_top
LOG::2024-11-18.23:16:41::SCWPlatform::Completed generating the artifacts for system configuration mb_usb_hdmi_top
TRACE::2024-11-18.23:16:41::SCWPlatform::Started preparing the platform 
TRACE::2024-11-18.23:16:41::SCWSystem::Writing the bif file for system config mb_usb_hdmi_top
TRACE::2024-11-18.23:16:41::SCWSystem::dir created 
TRACE::2024-11-18.23:16:41::SCWSystem::Writing the bif 
TRACE::2024-11-18.23:16:41::SCWPlatform::Started writing the spfm file 
TRACE::2024-11-18.23:16:41::SCWPlatform::Started writing the xpfm file 
TRACE::2024-11-18.23:16:41::SCWPlatform::Completed generating the platform
TRACE::2024-11-18.23:16:41::SCWMssOS::Saving the mss changes C:/Users/kb40/Desktop/ECE385/labb6/final_proj_sdk/mb_usb_hdmi_top/microblaze_0/standalone_microblaze_0/bsp/system.mss
TRACE::2024-11-18.23:16:41::SCWMssOS::Adding the swdes entry, mss present, able to open swdb C:/Users/kb40/Desktop/ECE385/labb6/final_proj_sdk/mb_usb_hdmi_top/microblaze_0/standalone_microblaze_0/bsp/system.mss with des name system
TRACE::2024-11-18.23:16:41::SCWMssOS::Writing the mss file completed C:/Users/kb40/Desktop/ECE385/labb6/final_proj_sdk/mb_usb_hdmi_top/microblaze_0/standalone_microblaze_0/bsp/system.mss
TRACE::2024-11-18.23:16:41::SCWMssOS::Commit changes completed.
TRACE::2024-11-18.23:16:41::SCWPlatform::Trying to open the hw design at C:/Users/kb40/Desktop/ECE385/labb6/final_proj_sdk/mb_usb_hdmi_top/hw/mb_usb_hdmi_top.xsa
TRACE::2024-11-18.23:16:41::SCWPlatform::DSA given C:/Users/kb40/Desktop/ECE385/labb6/final_proj_sdk/mb_usb_hdmi_top/hw/mb_usb_hdmi_top.xsa
TRACE::2024-11-18.23:16:41::SCWPlatform::DSA absoulate path C:/Users/kb40/Desktop/ECE385/labb6/final_proj_sdk/mb_usb_hdmi_top/hw/mb_usb_hdmi_top.xsa
TRACE::2024-11-18.23:16:41::SCWPlatform::DSA directory C:/Users/kb40/Desktop/ECE385/labb6/final_proj_sdk/mb_usb_hdmi_top/hw
TRACE::2024-11-18.23:16:41::SCWPlatform:: Platform Path C:/Users/kb40/Desktop/ECE385/labb6/final_proj_sdk/mb_usb_hdmi_top/hw/mb_usb_hdmi_top.xsa
TRACE::2024-11-18.23:16:41::SCWPlatform:: Unique name xilinx:::0.0
TRACE::2024-11-18.23:16:41::SCWPlatform::Trying to set the existing hwdb with name mb_usb_hdmi_top_27
TRACE::2024-11-18.23:16:41::SCWPlatform::Opened existing hwdb mb_usb_hdmi_top_27
TRACE::2024-11-18.23:16:41::SCWPlatform::Found the Hw Db part of the input DSA
TRACE::2024-11-18.23:16:41::SCWMssOS::Checking the sw design at  C:/Users/kb40/Desktop/ECE385/labb6/final_proj_sdk/mb_usb_hdmi_top/microblaze_0/standalone_microblaze_0/bsp/system.mss
TRACE::2024-11-18.23:16:41::SCWMssOS::DEBUG:  swdes dump  C:/Users/kb40/Desktop/ECE385/labb6/final_proj_sdk/mb_usb_hdmi_top/microblaze_0/standalone_microblaze_0/bsp/system.mss|system||

TRACE::2024-11-18.23:16:41::SCWMssOS::Sw design exists and opened at  C:/Users/kb40/Desktop/ECE385/labb6/final_proj_sdk/mb_usb_hdmi_top/microblaze_0/standalone_microblaze_0/bsp/system.mss
TRACE::2024-11-18.23:16:41::SCWWriter::formatted JSON is {
	"platformName":	"mb_usb_hdmi_top",
	"sprVersion":	"2.0",
	"mode":	"gui",
	"dsaType":	"Fixed",
	"platformDesc":	"mb_usb_hdmi_top",
	"platHandOff":	"C:/Users/kb40/Desktop/ECE385/labb6/mb_usb_hdmi_top.xsa",
	"platIntHandOff":	"<platformDir>/hw/mb_usb_hdmi_top.xsa",
	"deviceType":	"FPGA",
	"platIsPrebuiltAutogen":	"false",
	"platIsNoBootBsp":	"false",
	"hasFsblMakeHasChanges":	"false",
	"hasPmufwMakeHasChanges":	"false",
	"platPreBuiltFlag":	false,
	"platformSamplesDir":	"",
	"platActiveSys":	"mb_usb_hdmi_top",
	"systems":	[{
			"systemName":	"mb_usb_hdmi_top",
			"systemDesc":	"mb_usb_hdmi_top",
			"sysIsBootAutoGen":	"true",
			"systemDispName":	"mb_usb_hdmi_top",
			"sysActiveDom":	"standalone_microblaze_0",
			"sysDefaultDom":	"standalone_microblaze_0",
			"domains":	[{
					"domainName":	"standalone_microblaze_0",
					"domainDispName":	"standalone_microblaze_0",
					"domainDesc":	"standalone_microblaze_0",
					"processors":	"microblaze_0",
					"os":	"standalone",
					"sdxOs":	"standalone",
					"debugEnable":	"False",
					"domRuntimes":	["cpp"],
					"swRepo":	"",
					"mssOsVer":	"8.0",
					"mssFile":	"",
					"md5Digest":	"304529987e879521ca977c68d163f362",
					"compatibleApp":	"",
					"domType":	"mssDomain",
					"arch":	"32-bit",
					"appSettings":	{
						"appCompilerFlags":	"",
						"appLinkerFlags":	""
					},
					"addedLibs":	[],
					"libOptions":	{
						"libsContainingOptions":	[]
					},
					"prebuiltLibs":	{
						"prebuiltIncPath":	[],
						"prebuiltLibPath":	[]
					},
					"isolation":	{
					}
				}]
		}]
}
KEYINFO::2024-11-18.23:16:41::SCWPlatform::updated the xpfm file.
TRACE::2024-11-18.23:16:42::SCWPlatform::Trying to open the hw design at C:/Users/kb40/Desktop/ECE385/labb6/final_proj_sdk/mb_usb_hdmi_top/hw/mb_usb_hdmi_top.xsa
TRACE::2024-11-18.23:16:42::SCWPlatform::DSA given C:/Users/kb40/Desktop/ECE385/labb6/final_proj_sdk/mb_usb_hdmi_top/hw/mb_usb_hdmi_top.xsa
TRACE::2024-11-18.23:16:42::SCWPlatform::DSA absoulate path C:/Users/kb40/Desktop/ECE385/labb6/final_proj_sdk/mb_usb_hdmi_top/hw/mb_usb_hdmi_top.xsa
TRACE::2024-11-18.23:16:42::SCWPlatform::DSA directory C:/Users/kb40/Desktop/ECE385/labb6/final_proj_sdk/mb_usb_hdmi_top/hw
TRACE::2024-11-18.23:16:42::SCWPlatform:: Platform Path C:/Users/kb40/Desktop/ECE385/labb6/final_proj_sdk/mb_usb_hdmi_top/hw/mb_usb_hdmi_top.xsa
TRACE::2024-11-18.23:16:42::SCWPlatform:: Unique name xilinx:::0.0
TRACE::2024-11-18.23:16:42::SCWPlatform::Trying to set the existing hwdb with name mb_usb_hdmi_top_27
TRACE::2024-11-18.23:16:42::SCWPlatform::Opened existing hwdb mb_usb_hdmi_top_27
TRACE::2024-11-18.23:16:42::SCWPlatform::Found the Hw Db part of the input DSA
TRACE::2024-11-18.23:16:42::SCWMssOS::Checking the sw design at  C:/Users/kb40/Desktop/ECE385/labb6/final_proj_sdk/mb_usb_hdmi_top/microblaze_0/standalone_microblaze_0/bsp/system.mss
TRACE::2024-11-18.23:16:42::SCWMssOS::DEBUG:  swdes dump  C:/Users/kb40/Desktop/ECE385/labb6/final_proj_sdk/mb_usb_hdmi_top/microblaze_0/standalone_microblaze_0/bsp/system.mss|system||

TRACE::2024-11-18.23:16:42::SCWMssOS::Sw design exists and opened at  C:/Users/kb40/Desktop/ECE385/labb6/final_proj_sdk/mb_usb_hdmi_top/microblaze_0/standalone_microblaze_0/bsp/system.mss
TRACE::2024-11-18.23:17:32::SCWMssOS::cleaning the bsp 
TRACE::2024-11-18.23:17:32::SCWMssOS::System Command Ran  C: & cd  C:/Users/kb40/Desktop/ECE385/labb6/final_proj_sdk/mb_usb_hdmi_top/microblaze_0/standalone_microblaze_0/bsp & make clean 
TRACE::2024-11-18.23:17:32::SCWMssOS::make -C microblaze_0/libsrc/bram_v4_8/src -s clean 

TRACE::2024-11-18.23:17:32::SCWMssOS::make -C microblaze_0/libsrc/cpu_v2_16/src -s clean 

TRACE::2024-11-18.23:17:32::SCWMssOS::make -C microblaze_0/libsrc/gpio_v4_9/src -s clean 

TRACE::2024-11-18.23:17:33::SCWMssOS::make -C microblaze_0/libsrc/intc_v3_15/src -s clean 

TRACE::2024-11-18.23:17:33::SCWMssOS::make -C microblaze_0/libsrc/spi_v4_9/src -s clean 

TRACE::2024-11-18.23:17:33::SCWMssOS::make -C microblaze_0/libsrc/standalone_v8_0/src -s clean 

TRACE::2024-11-18.23:17:33::SCWMssOS::make -C microblaze_0/libsrc/tmrctr_v4_9/src -s clean 

TRACE::2024-11-18.23:17:34::SCWMssOS::make -C microblaze_0/libsrc/uartlite_v3_7/src -s clean 

TRACE::2024-11-18.23:17:34::SCWMssOS::rm -f microblaze_0/lib/libxil.a

TRACE::2024-11-18.23:17:39::SCWMssOS::cleaning the bsp 
TRACE::2024-11-18.23:17:39::SCWMssOS::System Command Ran  C: & cd  C:/Users/kb40/Desktop/ECE385/labb6/final_proj_sdk/mb_usb_hdmi_top/microblaze_0/standalone_microblaze_0/bsp & make clean 
TRACE::2024-11-18.23:17:39::SCWMssOS::make -C microblaze_0/libsrc/bram_v4_8/src -s clean 

TRACE::2024-11-18.23:17:39::SCWMssOS::make -C microblaze_0/libsrc/cpu_v2_16/src -s clean 

TRACE::2024-11-18.23:17:39::SCWMssOS::make -C microblaze_0/libsrc/gpio_v4_9/src -s clean 

TRACE::2024-11-18.23:17:39::SCWMssOS::make -C microblaze_0/libsrc/intc_v3_15/src -s clean 

TRACE::2024-11-18.23:17:39::SCWMssOS::make -C microblaze_0/libsrc/spi_v4_9/src -s clean 

TRACE::2024-11-18.23:17:39::SCWMssOS::make -C microblaze_0/libsrc/standalone_v8_0/src -s clean 

TRACE::2024-11-18.23:17:40::SCWMssOS::make -C microblaze_0/libsrc/tmrctr_v4_9/src -s clean 

TRACE::2024-11-18.23:17:40::SCWMssOS::make -C microblaze_0/libsrc/uartlite_v3_7/src -s clean 

TRACE::2024-11-18.23:17:40::SCWMssOS::rm -f microblaze_0/lib/libxil.a

TRACE::2024-11-18.23:17:42::SCWMssOS::cleaning the bsp 
TRACE::2024-11-18.23:17:42::SCWMssOS::System Command Ran  C: & cd  C:/Users/kb40/Desktop/ECE385/labb6/final_proj_sdk/mb_usb_hdmi_top/microblaze_0/standalone_microblaze_0/bsp & make clean 
TRACE::2024-11-18.23:17:42::SCWMssOS::make -C microblaze_0/libsrc/bram_v4_8/src -s clean 

TRACE::2024-11-18.23:17:42::SCWMssOS::make -C microblaze_0/libsrc/cpu_v2_16/src -s clean 

TRACE::2024-11-18.23:17:42::SCWMssOS::make -C microblaze_0/libsrc/gpio_v4_9/src -s clean 

TRACE::2024-11-18.23:17:43::SCWMssOS::make -C microblaze_0/libsrc/intc_v3_15/src -s clean 

TRACE::2024-11-18.23:17:43::SCWMssOS::make -C microblaze_0/libsrc/spi_v4_9/src -s clean 

TRACE::2024-11-18.23:17:43::SCWMssOS::make -C microblaze_0/libsrc/standalone_v8_0/src -s clean 

TRACE::2024-11-18.23:17:43::SCWMssOS::make -C microblaze_0/libsrc/tmrctr_v4_9/src -s clean 

TRACE::2024-11-18.23:17:43::SCWMssOS::make -C microblaze_0/libsrc/uartlite_v3_7/src -s clean 

TRACE::2024-11-18.23:17:43::SCWMssOS::rm -f microblaze_0/lib/libxil.a

TRACE::2024-11-18.23:17:44::SCWPlatform::Clearing the existing platform
TRACE::2024-11-18.23:17:44::SCWSystem::Clearing the existing sysconfig
TRACE::2024-11-18.23:17:44::SCWMssOS::Removing the swdes entry for  C:/Users/kb40/Desktop/ECE385/labb6/final_proj_sdk/mb_usb_hdmi_top/microblaze_0/standalone_microblaze_0/bsp/system.mss
TRACE::2024-11-18.23:17:44::SCWSystem::Clearing the domains completed.
TRACE::2024-11-18.23:17:44::SCWPlatform::Clearing the opened hw db.
TRACE::2024-11-18.23:17:44::SCWPlatform::DSA given C:/Users/kb40/Desktop/ECE385/labb6/final_proj_sdk/mb_usb_hdmi_top/hw/mb_usb_hdmi_top.xsa
TRACE::2024-11-18.23:17:44::SCWPlatform::DSA absoulate path C:/Users/kb40/Desktop/ECE385/labb6/final_proj_sdk/mb_usb_hdmi_top/hw/mb_usb_hdmi_top.xsa
TRACE::2024-11-18.23:17:44::SCWPlatform:: Platform location is C:/Users/kb40/Desktop/ECE385/labb6/final_proj_sdk/mb_usb_hdmi_top/hw
TRACE::2024-11-18.23:17:44::SCWPlatform:: Platform Path C:/Users/kb40/Desktop/ECE385/labb6/final_proj_sdk/mb_usb_hdmi_top/hw/mb_usb_hdmi_top.xsa
TRACE::2024-11-18.23:17:44::SCWPlatform:: Unique name xilinx:::0.0
TRACE::2024-11-18.23:17:44::SCWPlatform::Removing the HwDB with name C:/Users/kb40/Desktop/ECE385/labb6/final_proj_sdk/mb_usb_hdmi_top/hw/mb_usb_hdmi_top.xsa
TRACE::2024-11-18.23:17:44::SCWPlatform::Trying to open the hw design at C:/Users/kb40/Desktop/ECE385/labb6/final_proj_sdk/mb_usb_hdmi_top/hw/mb_usb_hdmi_top.xsa
TRACE::2024-11-18.23:17:44::SCWPlatform::DSA given C:/Users/kb40/Desktop/ECE385/labb6/final_proj_sdk/mb_usb_hdmi_top/hw/mb_usb_hdmi_top.xsa
TRACE::2024-11-18.23:17:44::SCWPlatform::DSA absoulate path C:/Users/kb40/Desktop/ECE385/labb6/final_proj_sdk/mb_usb_hdmi_top/hw/mb_usb_hdmi_top.xsa
TRACE::2024-11-18.23:17:44::SCWPlatform::DSA directory C:/Users/kb40/Desktop/ECE385/labb6/final_proj_sdk/mb_usb_hdmi_top/hw
TRACE::2024-11-18.23:17:44::SCWPlatform:: Platform Path C:/Users/kb40/Desktop/ECE385/labb6/final_proj_sdk/mb_usb_hdmi_top/hw/mb_usb_hdmi_top.xsa
TRACE::2024-11-18.23:17:44::SCWPlatform:: Unique name xilinx:::0.0
TRACE::2024-11-18.23:17:44::SCWPlatform::Do not have an existing db opened. 
TRACE::2024-11-18.23:17:44::SCWPlatform::Opened new HwDB with name mb_usb_hdmi_top_28
TRACE::2024-11-18.23:17:44::SCWReader::Active system found as  mb_usb_hdmi_top
TRACE::2024-11-18.23:17:44::SCWReader::Handling sysconfig mb_usb_hdmi_top
TRACE::2024-11-18.23:17:44::SCWDomain::checking for install qemu data   : 
TRACE::2024-11-18.23:17:44::SCWPlatform::Trying to open the hw design at C:/Users/kb40/Desktop/ECE385/labb6/final_proj_sdk/mb_usb_hdmi_top/hw/mb_usb_hdmi_top.xsa
TRACE::2024-11-18.23:17:44::SCWPlatform::DSA given C:/Users/kb40/Desktop/ECE385/labb6/final_proj_sdk/mb_usb_hdmi_top/hw/mb_usb_hdmi_top.xsa
TRACE::2024-11-18.23:17:44::SCWPlatform::DSA absoulate path C:/Users/kb40/Desktop/ECE385/labb6/final_proj_sdk/mb_usb_hdmi_top/hw/mb_usb_hdmi_top.xsa
TRACE::2024-11-18.23:17:44::SCWPlatform::DSA directory C:/Users/kb40/Desktop/ECE385/labb6/final_proj_sdk/mb_usb_hdmi_top/hw
TRACE::2024-11-18.23:17:44::SCWPlatform:: Platform Path C:/Users/kb40/Desktop/ECE385/labb6/final_proj_sdk/mb_usb_hdmi_top/hw/mb_usb_hdmi_top.xsa
TRACE::2024-11-18.23:17:44::SCWPlatform:: Unique name xilinx:::0.0
TRACE::2024-11-18.23:17:44::SCWPlatform::Trying to set the existing hwdb with name mb_usb_hdmi_top_28
TRACE::2024-11-18.23:17:44::SCWPlatform::Opened existing hwdb mb_usb_hdmi_top_28
TRACE::2024-11-18.23:17:44::SCWPlatform::Found the Hw Db part of the input DSA
TRACE::2024-11-18.23:17:44::SCWPlatform::Trying to open the hw design at C:/Users/kb40/Desktop/ECE385/labb6/final_proj_sdk/mb_usb_hdmi_top/hw/mb_usb_hdmi_top.xsa
TRACE::2024-11-18.23:17:44::SCWPlatform::DSA given C:/Users/kb40/Desktop/ECE385/labb6/final_proj_sdk/mb_usb_hdmi_top/hw/mb_usb_hdmi_top.xsa
TRACE::2024-11-18.23:17:44::SCWPlatform::DSA absoulate path C:/Users/kb40/Desktop/ECE385/labb6/final_proj_sdk/mb_usb_hdmi_top/hw/mb_usb_hdmi_top.xsa
TRACE::2024-11-18.23:17:44::SCWPlatform::DSA directory C:/Users/kb40/Desktop/ECE385/labb6/final_proj_sdk/mb_usb_hdmi_top/hw
TRACE::2024-11-18.23:17:44::SCWPlatform:: Platform Path C:/Users/kb40/Desktop/ECE385/labb6/final_proj_sdk/mb_usb_hdmi_top/hw/mb_usb_hdmi_top.xsa
TRACE::2024-11-18.23:17:44::SCWPlatform:: Unique name xilinx:::0.0
TRACE::2024-11-18.23:17:44::SCWPlatform::Trying to set the existing hwdb with name mb_usb_hdmi_top_28
TRACE::2024-11-18.23:17:44::SCWPlatform::Opened existing hwdb mb_usb_hdmi_top_28
TRACE::2024-11-18.23:17:44::SCWPlatform::Found the Hw Db part of the input DSA
TRACE::2024-11-18.23:17:44::SCWPlatform::Trying to open the hw design at C:/Users/kb40/Desktop/ECE385/labb6/final_proj_sdk/mb_usb_hdmi_top/hw/mb_usb_hdmi_top.xsa
TRACE::2024-11-18.23:17:44::SCWPlatform::DSA given C:/Users/kb40/Desktop/ECE385/labb6/final_proj_sdk/mb_usb_hdmi_top/hw/mb_usb_hdmi_top.xsa
TRACE::2024-11-18.23:17:44::SCWPlatform::DSA absoulate path C:/Users/kb40/Desktop/ECE385/labb6/final_proj_sdk/mb_usb_hdmi_top/hw/mb_usb_hdmi_top.xsa
TRACE::2024-11-18.23:17:44::SCWPlatform::DSA directory C:/Users/kb40/Desktop/ECE385/labb6/final_proj_sdk/mb_usb_hdmi_top/hw
TRACE::2024-11-18.23:17:44::SCWPlatform:: Platform Path C:/Users/kb40/Desktop/ECE385/labb6/final_proj_sdk/mb_usb_hdmi_top/hw/mb_usb_hdmi_top.xsa
TRACE::2024-11-18.23:17:44::SCWPlatform:: Unique name xilinx:::0.0
TRACE::2024-11-18.23:17:44::SCWPlatform::Trying to set the existing hwdb with name mb_usb_hdmi_top_28
TRACE::2024-11-18.23:17:44::SCWPlatform::Opened existing hwdb mb_usb_hdmi_top_28
TRACE::2024-11-18.23:17:44::SCWPlatform::Found the Hw Db part of the input DSA
TRACE::2024-11-18.23:17:44::SCWPlatform::Trying to open the hw design at C:/Users/kb40/Desktop/ECE385/labb6/final_proj_sdk/mb_usb_hdmi_top/hw/mb_usb_hdmi_top.xsa
TRACE::2024-11-18.23:17:44::SCWPlatform::DSA given C:/Users/kb40/Desktop/ECE385/labb6/final_proj_sdk/mb_usb_hdmi_top/hw/mb_usb_hdmi_top.xsa
TRACE::2024-11-18.23:17:44::SCWPlatform::DSA absoulate path C:/Users/kb40/Desktop/ECE385/labb6/final_proj_sdk/mb_usb_hdmi_top/hw/mb_usb_hdmi_top.xsa
TRACE::2024-11-18.23:17:44::SCWPlatform::DSA directory C:/Users/kb40/Desktop/ECE385/labb6/final_proj_sdk/mb_usb_hdmi_top/hw
TRACE::2024-11-18.23:17:44::SCWPlatform:: Platform Path C:/Users/kb40/Desktop/ECE385/labb6/final_proj_sdk/mb_usb_hdmi_top/hw/mb_usb_hdmi_top.xsa
TRACE::2024-11-18.23:17:44::SCWPlatform:: Unique name xilinx:::0.0
TRACE::2024-11-18.23:17:44::SCWPlatform::Trying to set the existing hwdb with name mb_usb_hdmi_top_28
TRACE::2024-11-18.23:17:44::SCWPlatform::Opened existing hwdb mb_usb_hdmi_top_28
TRACE::2024-11-18.23:17:44::SCWPlatform::Found the Hw Db part of the input DSA
TRACE::2024-11-18.23:17:44::SCWMssOS::Checking the sw design at  C:/Users/kb40/Desktop/ECE385/labb6/final_proj_sdk/mb_usb_hdmi_top/microblaze_0/standalone_microblaze_0/bsp/system.mss
TRACE::2024-11-18.23:17:44::SCWMssOS::DEBUG:  swdes dump  
TRACE::2024-11-18.23:17:44::SCWMssOS::No sw design opened at  C:/Users/kb40/Desktop/ECE385/labb6/final_proj_sdk/mb_usb_hdmi_top/microblaze_0/standalone_microblaze_0/bsp/system.mss
TRACE::2024-11-18.23:17:44::SCWMssOS::mss exists loading the mss file  C:/Users/kb40/Desktop/ECE385/labb6/final_proj_sdk/mb_usb_hdmi_top/microblaze_0/standalone_microblaze_0/bsp/system.mss
TRACE::2024-11-18.23:17:44::SCWMssOS::Opened the sw design from mss  C:/Users/kb40/Desktop/ECE385/labb6/final_proj_sdk/mb_usb_hdmi_top/microblaze_0/standalone_microblaze_0/bsp/system.mss
TRACE::2024-11-18.23:17:44::SCWMssOS::Adding the swdes entry C:/Users/kb40/Desktop/ECE385/labb6/final_proj_sdk/mb_usb_hdmi_top/microblaze_0/standalone_microblaze_0/bsp/system.mss with des name system
TRACE::2024-11-18.23:17:44::SCWMssOS::updating the scw layer about changes
TRACE::2024-11-18.23:17:44::SCWMssOS::Opened the sw design.  C:/Users/kb40/Desktop/ECE385/labb6/final_proj_sdk/mb_usb_hdmi_top/microblaze_0/standalone_microblaze_0/bsp/system.mss
TRACE::2024-11-18.23:17:44::SCWMssOS::Saving the mss changes C:/Users/kb40/Desktop/ECE385/labb6/final_proj_sdk/mb_usb_hdmi_top/microblaze_0/standalone_microblaze_0/bsp/system.mss
TRACE::2024-11-18.23:17:44::SCWMssOS::Found a swdesign opened with the mssfile.
TRACE::2024-11-18.23:17:44::SCWMssOS::Completed writemss as part of save.
TRACE::2024-11-18.23:17:44::SCWMssOS::Commit changes completed.
TRACE::2024-11-18.23:17:44::SCWReader::Adding prebuilt librarypaths as   
TRACE::2024-11-18.23:17:44::SCWReader::Adding prebuilt incpaths  as   
TRACE::2024-11-18.23:17:44::SCWPlatform::Trying to open the hw design at C:/Users/kb40/Desktop/ECE385/labb6/final_proj_sdk/mb_usb_hdmi_top/hw/mb_usb_hdmi_top.xsa
TRACE::2024-11-18.23:17:44::SCWPlatform::DSA given C:/Users/kb40/Desktop/ECE385/labb6/final_proj_sdk/mb_usb_hdmi_top/hw/mb_usb_hdmi_top.xsa
TRACE::2024-11-18.23:17:44::SCWPlatform::DSA absoulate path C:/Users/kb40/Desktop/ECE385/labb6/final_proj_sdk/mb_usb_hdmi_top/hw/mb_usb_hdmi_top.xsa
TRACE::2024-11-18.23:17:44::SCWPlatform::DSA directory C:/Users/kb40/Desktop/ECE385/labb6/final_proj_sdk/mb_usb_hdmi_top/hw
TRACE::2024-11-18.23:17:44::SCWPlatform:: Platform Path C:/Users/kb40/Desktop/ECE385/labb6/final_proj_sdk/mb_usb_hdmi_top/hw/mb_usb_hdmi_top.xsa
TRACE::2024-11-18.23:17:44::SCWPlatform:: Unique name xilinx:::0.0
TRACE::2024-11-18.23:17:44::SCWPlatform::Trying to set the existing hwdb with name mb_usb_hdmi_top_28
TRACE::2024-11-18.23:17:44::SCWPlatform::Opened existing hwdb mb_usb_hdmi_top_28
TRACE::2024-11-18.23:17:44::SCWPlatform::Found the Hw Db part of the input DSA
TRACE::2024-11-18.23:17:44::SCWMssOS::Checking the sw design at  C:/Users/kb40/Desktop/ECE385/labb6/final_proj_sdk/mb_usb_hdmi_top/microblaze_0/standalone_microblaze_0/bsp/system.mss
TRACE::2024-11-18.23:17:44::SCWMssOS::DEBUG:  swdes dump  C:/Users/kb40/Desktop/ECE385/labb6/final_proj_sdk/mb_usb_hdmi_top/microblaze_0/standalone_microblaze_0/bsp/system.mss|system||

TRACE::2024-11-18.23:17:44::SCWMssOS::Sw design exists and opened at  C:/Users/kb40/Desktop/ECE385/labb6/final_proj_sdk/mb_usb_hdmi_top/microblaze_0/standalone_microblaze_0/bsp/system.mss
TRACE::2024-11-18.23:17:44::SCWReader::No isolation master present  
TRACE::2024-11-18.23:17:48::SCWPlatform::DSA given C:/Users/kb40/Desktop/ECE385/labb6/final_proj_sdk/mb_usb_hdmi_top/tempdsa/mb_usb_hdmi_top.xsa
TRACE::2024-11-18.23:17:48::SCWPlatform::DSA absoulate path C:/Users/kb40/Desktop/ECE385/labb6/final_proj_sdk/mb_usb_hdmi_top/tempdsa/mb_usb_hdmi_top.xsa
TRACE::2024-11-18.23:17:48::SCWPlatform:: Platform location is C:/Users/kb40/Desktop/ECE385/labb6/final_proj_sdk/mb_usb_hdmi_top/tempdsa
TRACE::2024-11-18.23:17:48::SCWPlatform:: Platform Path C:/Users/kb40/Desktop/ECE385/labb6/final_proj_sdk/mb_usb_hdmi_top/tempdsa/mb_usb_hdmi_top.xsa
TRACE::2024-11-18.23:17:48::SCWPlatform:: Unique name xilinx:::0.0
TRACE::2024-11-18.23:17:48::SCWPlatform::Found the Hw Db part of the input DSA
TRACE::2024-11-18.23:17:48::SCWMssOS::Doing hw sync for the mss in domain: standalone_microblaze_0
TRACE::2024-11-18.23:17:48::SCWPlatform::Trying to open the hw design at C:/Users/kb40/Desktop/ECE385/labb6/final_proj_sdk/mb_usb_hdmi_top/hw/mb_usb_hdmi_top.xsa
TRACE::2024-11-18.23:17:48::SCWPlatform::DSA given C:/Users/kb40/Desktop/ECE385/labb6/final_proj_sdk/mb_usb_hdmi_top/hw/mb_usb_hdmi_top.xsa
TRACE::2024-11-18.23:17:48::SCWPlatform::DSA absoulate path C:/Users/kb40/Desktop/ECE385/labb6/final_proj_sdk/mb_usb_hdmi_top/hw/mb_usb_hdmi_top.xsa
TRACE::2024-11-18.23:17:48::SCWPlatform::DSA directory C:/Users/kb40/Desktop/ECE385/labb6/final_proj_sdk/mb_usb_hdmi_top/hw
TRACE::2024-11-18.23:17:48::SCWPlatform:: Platform Path C:/Users/kb40/Desktop/ECE385/labb6/final_proj_sdk/mb_usb_hdmi_top/hw/mb_usb_hdmi_top.xsa
TRACE::2024-11-18.23:17:48::SCWPlatform:: Unique name xilinx:::0.0
TRACE::2024-11-18.23:17:48::SCWPlatform::Trying to set the existing hwdb with name mb_usb_hdmi_top_28
TRACE::2024-11-18.23:17:48::SCWPlatform::Opened existing hwdb mb_usb_hdmi_top_28
TRACE::2024-11-18.23:17:48::SCWPlatform::Found the Hw Db part of the input DSA
TRACE::2024-11-18.23:17:48::SCWPlatform::Trying to open the hw design at C:/Users/kb40/Desktop/ECE385/labb6/final_proj_sdk/mb_usb_hdmi_top/hw/mb_usb_hdmi_top.xsa
TRACE::2024-11-18.23:17:48::SCWPlatform::DSA given C:/Users/kb40/Desktop/ECE385/labb6/final_proj_sdk/mb_usb_hdmi_top/hw/mb_usb_hdmi_top.xsa
TRACE::2024-11-18.23:17:48::SCWPlatform::DSA absoulate path C:/Users/kb40/Desktop/ECE385/labb6/final_proj_sdk/mb_usb_hdmi_top/hw/mb_usb_hdmi_top.xsa
TRACE::2024-11-18.23:17:48::SCWPlatform::DSA directory C:/Users/kb40/Desktop/ECE385/labb6/final_proj_sdk/mb_usb_hdmi_top/hw
TRACE::2024-11-18.23:17:48::SCWPlatform:: Platform Path C:/Users/kb40/Desktop/ECE385/labb6/final_proj_sdk/mb_usb_hdmi_top/hw/mb_usb_hdmi_top.xsa
TRACE::2024-11-18.23:17:48::SCWPlatform:: Unique name xilinx:::0.0
TRACE::2024-11-18.23:17:48::SCWPlatform::Trying to set the existing hwdb with name mb_usb_hdmi_top_28
TRACE::2024-11-18.23:17:48::SCWPlatform::Opened existing hwdb mb_usb_hdmi_top_28
TRACE::2024-11-18.23:17:48::SCWPlatform::Found the Hw Db part of the input DSA
TRACE::2024-11-18.23:17:48::SCWMssOS::Checking the sw design at  C:/Users/kb40/Desktop/ECE385/labb6/final_proj_sdk/mb_usb_hdmi_top/microblaze_0/standalone_microblaze_0/bsp/system.mss
TRACE::2024-11-18.23:17:48::SCWMssOS::DEBUG:  swdes dump  C:/Users/kb40/Desktop/ECE385/labb6/final_proj_sdk/mb_usb_hdmi_top/microblaze_0/standalone_microblaze_0/bsp/system.mss|system||

TRACE::2024-11-18.23:17:48::SCWMssOS::Sw design exists and opened at  C:/Users/kb40/Desktop/ECE385/labb6/final_proj_sdk/mb_usb_hdmi_top/microblaze_0/standalone_microblaze_0/bsp/system.mss
TRACE::2024-11-18.23:17:48::SCWPlatform::Trying to open the hw design at C:/Users/kb40/Desktop/ECE385/labb6/final_proj_sdk/mb_usb_hdmi_top/tempdsa/mb_usb_hdmi_top.xsa
TRACE::2024-11-18.23:17:48::SCWPlatform::DSA given C:/Users/kb40/Desktop/ECE385/labb6/final_proj_sdk/mb_usb_hdmi_top/tempdsa/mb_usb_hdmi_top.xsa
TRACE::2024-11-18.23:17:48::SCWPlatform::DSA absoulate path C:/Users/kb40/Desktop/ECE385/labb6/final_proj_sdk/mb_usb_hdmi_top/tempdsa/mb_usb_hdmi_top.xsa
TRACE::2024-11-18.23:17:48::SCWPlatform::DSA directory C:/Users/kb40/Desktop/ECE385/labb6/final_proj_sdk/mb_usb_hdmi_top/tempdsa
TRACE::2024-11-18.23:17:48::SCWPlatform:: Platform Path C:/Users/kb40/Desktop/ECE385/labb6/final_proj_sdk/mb_usb_hdmi_top/tempdsa/mb_usb_hdmi_top.xsa
TRACE::2024-11-18.23:17:48::SCWPlatform:: Unique name xilinx:::0.0
TRACE::2024-11-18.23:17:48::SCWPlatform::update - Opened existing hwdb mb_usb_hdmi_top_29
TRACE::2024-11-18.23:17:48::SCWPlatform::Found the Hw Db part of the input DSA
TRACE::2024-11-18.23:17:48::SCWMssOS::Saving the mss changes C:/Users/kb40/Desktop/ECE385/labb6/final_proj_sdk/mb_usb_hdmi_top/microblaze_0/standalone_microblaze_0/bsp/system.mss
TRACE::2024-11-18.23:17:48::SCWMssOS::Found a swdesign opened with the mssfile.
TRACE::2024-11-18.23:17:48::SCWMssOS::Completed writemss as part of save.
TRACE::2024-11-18.23:17:48::SCWMssOS::Commit changes completed.
TRACE::2024-11-18.23:17:48::SCWMssOS::Completed hw sync for the mss in domain: standalone_microblaze_0
TRACE::2024-11-18.23:17:48::SCWMssOS::Removing the swdes entry for  C:/Users/kb40/Desktop/ECE385/labb6/final_proj_sdk/mb_usb_hdmi_top/microblaze_0/standalone_microblaze_0/bsp/system.mss
TRACE::2024-11-18.23:17:48::SCWPlatform::Trying to open the hw design at C:/Users/kb40/Desktop/ECE385/labb6/final_proj_sdk/mb_usb_hdmi_top/hw/mb_usb_hdmi_top.xsa
TRACE::2024-11-18.23:17:48::SCWPlatform::DSA given C:/Users/kb40/Desktop/ECE385/labb6/final_proj_sdk/mb_usb_hdmi_top/hw/mb_usb_hdmi_top.xsa
TRACE::2024-11-18.23:17:48::SCWPlatform::DSA absoulate path C:/Users/kb40/Desktop/ECE385/labb6/final_proj_sdk/mb_usb_hdmi_top/hw/mb_usb_hdmi_top.xsa
TRACE::2024-11-18.23:17:48::SCWPlatform::DSA directory C:/Users/kb40/Desktop/ECE385/labb6/final_proj_sdk/mb_usb_hdmi_top/hw
TRACE::2024-11-18.23:17:48::SCWPlatform:: Platform Path C:/Users/kb40/Desktop/ECE385/labb6/final_proj_sdk/mb_usb_hdmi_top/hw/mb_usb_hdmi_top.xsa
TRACE::2024-11-18.23:17:48::SCWPlatform:: Unique name xilinx:::0.0
TRACE::2024-11-18.23:17:48::SCWPlatform::Do not have an existing db opened. 
TRACE::2024-11-18.23:17:48::SCWPlatform::Opened new HwDB with name mb_usb_hdmi_top_30
TRACE::2024-11-18.23:17:48::SCWMssOS::Saving the mss changes C:/Users/kb40/Desktop/ECE385/labb6/final_proj_sdk/mb_usb_hdmi_top/microblaze_0/standalone_microblaze_0/bsp/system.mss
TRACE::2024-11-18.23:17:48::SCWMssOS::Adding the swdes entry, mss present, able to open swdb C:/Users/kb40/Desktop/ECE385/labb6/final_proj_sdk/mb_usb_hdmi_top/microblaze_0/standalone_microblaze_0/bsp/system.mss with des name system
TRACE::2024-11-18.23:17:48::SCWMssOS::Writing the mss file completed C:/Users/kb40/Desktop/ECE385/labb6/final_proj_sdk/mb_usb_hdmi_top/microblaze_0/standalone_microblaze_0/bsp/system.mss
TRACE::2024-11-18.23:17:48::SCWMssOS::Commit changes completed.
TRACE::2024-11-18.23:17:48::SCWPlatform::Trying to open the hw design at C:/Users/kb40/Desktop/ECE385/labb6/final_proj_sdk/mb_usb_hdmi_top/hw/mb_usb_hdmi_top.xsa
TRACE::2024-11-18.23:17:48::SCWPlatform::DSA given C:/Users/kb40/Desktop/ECE385/labb6/final_proj_sdk/mb_usb_hdmi_top/hw/mb_usb_hdmi_top.xsa
TRACE::2024-11-18.23:17:48::SCWPlatform::DSA absoulate path C:/Users/kb40/Desktop/ECE385/labb6/final_proj_sdk/mb_usb_hdmi_top/hw/mb_usb_hdmi_top.xsa
TRACE::2024-11-18.23:17:48::SCWPlatform::DSA directory C:/Users/kb40/Desktop/ECE385/labb6/final_proj_sdk/mb_usb_hdmi_top/hw
TRACE::2024-11-18.23:17:48::SCWPlatform:: Platform Path C:/Users/kb40/Desktop/ECE385/labb6/final_proj_sdk/mb_usb_hdmi_top/hw/mb_usb_hdmi_top.xsa
TRACE::2024-11-18.23:17:48::SCWPlatform:: Unique name xilinx:::0.0
TRACE::2024-11-18.23:17:48::SCWPlatform::Trying to set the existing hwdb with name mb_usb_hdmi_top_30
TRACE::2024-11-18.23:17:48::SCWPlatform::Opened existing hwdb mb_usb_hdmi_top_30
TRACE::2024-11-18.23:17:48::SCWPlatform::Found the Hw Db part of the input DSA
TRACE::2024-11-18.23:17:48::SCWMssOS::Checking the sw design at  C:/Users/kb40/Desktop/ECE385/labb6/final_proj_sdk/mb_usb_hdmi_top/microblaze_0/standalone_microblaze_0/bsp/system.mss
TRACE::2024-11-18.23:17:48::SCWMssOS::DEBUG:  swdes dump  C:/Users/kb40/Desktop/ECE385/labb6/final_proj_sdk/mb_usb_hdmi_top/microblaze_0/standalone_microblaze_0/bsp/system.mss|system||

TRACE::2024-11-18.23:17:48::SCWMssOS::Sw design exists and opened at  C:/Users/kb40/Desktop/ECE385/labb6/final_proj_sdk/mb_usb_hdmi_top/microblaze_0/standalone_microblaze_0/bsp/system.mss
TRACE::2024-11-18.23:17:48::SCWWriter::formatted JSON is {
	"platformName":	"mb_usb_hdmi_top",
	"sprVersion":	"2.0",
	"mode":	"gui",
	"dsaType":	"Fixed",
	"platformDesc":	"mb_usb_hdmi_top",
	"platHandOff":	"C:/Users/kb40/Desktop/ECE385/labb6/mb_usb_hdmi_top.xsa",
	"platIntHandOff":	"<platformDir>/hw/mb_usb_hdmi_top.xsa",
	"deviceType":	"FPGA",
	"platIsPrebuiltAutogen":	"false",
	"platIsNoBootBsp":	"false",
	"hasFsblMakeHasChanges":	"false",
	"hasPmufwMakeHasChanges":	"false",
	"platPreBuiltFlag":	false,
	"platformSamplesDir":	"",
	"platActiveSys":	"mb_usb_hdmi_top",
	"systems":	[{
			"systemName":	"mb_usb_hdmi_top",
			"systemDesc":	"mb_usb_hdmi_top",
			"sysIsBootAutoGen":	"true",
			"systemDispName":	"mb_usb_hdmi_top",
			"sysActiveDom":	"standalone_microblaze_0",
			"sysDefaultDom":	"standalone_microblaze_0",
			"domains":	[{
					"domainName":	"standalone_microblaze_0",
					"domainDispName":	"standalone_microblaze_0",
					"domainDesc":	"standalone_microblaze_0",
					"processors":	"microblaze_0",
					"os":	"standalone",
					"sdxOs":	"standalone",
					"debugEnable":	"False",
					"domRuntimes":	["cpp"],
					"swRepo":	"",
					"mssOsVer":	"8.0",
					"mssFile":	"",
					"md5Digest":	"304529987e879521ca977c68d163f3621",
					"compatibleApp":	"",
					"domType":	"mssDomain",
					"arch":	"32-bit",
					"appSettings":	{
						"appCompilerFlags":	"",
						"appLinkerFlags":	""
					},
					"addedLibs":	[],
					"libOptions":	{
						"libsContainingOptions":	[]
					},
					"prebuiltLibs":	{
						"prebuiltIncPath":	[],
						"prebuiltLibPath":	[]
					},
					"isolation":	{
					}
				}]
		}]
}
LOG::2024-11-18.23:17:56::SCWPlatform::Started generating the artifacts platform mb_usb_hdmi_top
TRACE::2024-11-18.23:17:56::SCWPlatform::Sanity checking of platform is completed
LOG::2024-11-18.23:17:56::SCWPlatform::Started generating the artifacts for system configuration mb_usb_hdmi_top
LOG::2024-11-18.23:17:56::SCWSystem::Checking the domain standalone_microblaze_0
LOG::2024-11-18.23:17:56::SCWSystem::Not a boot domain 
LOG::2024-11-18.23:17:56::SCWSystem::Started Processing the domain standalone_microblaze_0
TRACE::2024-11-18.23:17:56::SCWDomain::Generating domain artifcats
TRACE::2024-11-18.23:17:56::SCWMssOS::Generating standalone artifcats
TRACE::2024-11-18.23:17:56::SCWMssOS:: Copying the user libraries. 
TRACE::2024-11-18.23:17:56::SCWPlatform::Trying to open the hw design at C:/Users/kb40/Desktop/ECE385/labb6/final_proj_sdk/mb_usb_hdmi_top/hw/mb_usb_hdmi_top.xsa
TRACE::2024-11-18.23:17:56::SCWPlatform::DSA given C:/Users/kb40/Desktop/ECE385/labb6/final_proj_sdk/mb_usb_hdmi_top/hw/mb_usb_hdmi_top.xsa
TRACE::2024-11-18.23:17:56::SCWPlatform::DSA absoulate path C:/Users/kb40/Desktop/ECE385/labb6/final_proj_sdk/mb_usb_hdmi_top/hw/mb_usb_hdmi_top.xsa
TRACE::2024-11-18.23:17:56::SCWPlatform::DSA directory C:/Users/kb40/Desktop/ECE385/labb6/final_proj_sdk/mb_usb_hdmi_top/hw
TRACE::2024-11-18.23:17:56::SCWPlatform:: Platform Path C:/Users/kb40/Desktop/ECE385/labb6/final_proj_sdk/mb_usb_hdmi_top/hw/mb_usb_hdmi_top.xsa
TRACE::2024-11-18.23:17:56::SCWPlatform:: Unique name xilinx:::0.0
TRACE::2024-11-18.23:17:56::SCWPlatform::Trying to set the existing hwdb with name mb_usb_hdmi_top_30
TRACE::2024-11-18.23:17:56::SCWPlatform::Opened existing hwdb mb_usb_hdmi_top_30
TRACE::2024-11-18.23:17:56::SCWPlatform::Found the Hw Db part of the input DSA
TRACE::2024-11-18.23:17:56::SCWMssOS::Checking the sw design at  C:/Users/kb40/Desktop/ECE385/labb6/final_proj_sdk/mb_usb_hdmi_top/microblaze_0/standalone_microblaze_0/bsp/system.mss
TRACE::2024-11-18.23:17:56::SCWMssOS::DEBUG:  swdes dump  C:/Users/kb40/Desktop/ECE385/labb6/final_proj_sdk/mb_usb_hdmi_top/microblaze_0/standalone_microblaze_0/bsp/system.mss|system||

TRACE::2024-11-18.23:17:56::SCWMssOS::Sw design exists and opened at  C:/Users/kb40/Desktop/ECE385/labb6/final_proj_sdk/mb_usb_hdmi_top/microblaze_0/standalone_microblaze_0/bsp/system.mss
TRACE::2024-11-18.23:17:56::SCWMssOS::Completed writing the mss file at C:/Users/kb40/Desktop/ECE385/labb6/final_proj_sdk/mb_usb_hdmi_top/microblaze_0/standalone_microblaze_0/bsp
TRACE::2024-11-18.23:17:56::SCWMssOS::Mss edits present, copying mssfile into export location C:/Users/kb40/Desktop/ECE385/labb6/final_proj_sdk/mb_usb_hdmi_top/microblaze_0/standalone_microblaze_0/bsp/system.mss
TRACE::2024-11-18.23:17:56::SCWMssOS::bsp generated is stale removing and regenerating. 
TRACE::2024-11-18.23:17:58::SCWMssOS::doing bsp build ... 
TRACE::2024-11-18.23:17:58::SCWMssOS::System Command Ran  C: & cd  C:/Users/kb40/Desktop/ECE385/labb6/final_proj_sdk/mb_usb_hdmi_top/microblaze_0/standalone_microblaze_0/bsp & make 
TRACE::2024-11-18.23:17:58::SCWMssOS::make --no-print-directory seq_libs

TRACE::2024-11-18.23:17:58::SCWMssOS::'Finished building libraries sequentially.'

TRACE::2024-11-18.23:17:58::SCWMssOS::make -j 10 --no-print-directory par_libs

TRACE::2024-11-18.23:17:58::SCWMssOS::"Running Make include in microblaze_0/libsrc/bram_v4_8/src"

TRACE::2024-11-18.23:17:58::SCWMssOS::make -C microblaze_0/libsrc/bram_v4_8/src -s include  "SHELL=CMD" "COMPILER=mb-gcc" "ASSEMBLER=mb-as" "ARCHIVER=mb-ar" "COMPILE
TRACE::2024-11-18.23:17:58::SCWMssOS::R_FLAGS=  -O2 -c -mcpu=v11.0 -mlittle-endian -mno-xl-reorder -mno-xl-soft-mul -mxl-barrel-shift -mxl-pattern-compare" "EXTRA_CO
TRACE::2024-11-18.23:17:58::SCWMssOS::MPILER_FLAGS=-g -ffunction-sections -fdata-sections -Wall -Wextra -fno-tree-loop-distribute-patterns"

TRACE::2024-11-18.23:17:58::SCWMssOS::"Running Make include in microblaze_0/libsrc/cpu_v2_16/src"

TRACE::2024-11-18.23:17:58::SCWMssOS::"Running Make include in microblaze_0/libsrc/gpio_v4_9/src"

TRACE::2024-11-18.23:17:58::SCWMssOS::make -C microblaze_0/libsrc/cpu_v2_16/src -s include  "SHELL=CMD" "COMPILER=mb-gcc" "ASSEMBLER=mb-as" "ARCHIVER=mb-ar" "COMPILE
TRACE::2024-11-18.23:17:58::SCWMssOS::R_FLAGS=  -O2 -c -mcpu=v11.0 -mlittle-endian -mno-xl-reorder -mno-xl-soft-mul -mxl-barrel-shift -mxl-pattern-compare" "EXTRA_CO
TRACE::2024-11-18.23:17:58::SCWMssOS::MPILER_FLAGS=-g -ffunction-sections -fdata-sections -Wall -Wextra -fno-tree-loop-distribute-patterns"

TRACE::2024-11-18.23:17:58::SCWMssOS::make -C microblaze_0/libsrc/gpio_v4_9/src -s include  "SHELL=CMD" "COMPILER=mb-gcc" "ASSEMBLER=mb-as" "ARCHIVER=mb-ar" "COMPILE
TRACE::2024-11-18.23:17:58::SCWMssOS::R_FLAGS=  -O2 -c -mcpu=v11.0 -mlittle-endian -mno-xl-reorder -mno-xl-soft-mul -mxl-barrel-shift -mxl-pattern-compare" "EXTRA_CO
TRACE::2024-11-18.23:17:58::SCWMssOS::MPILER_FLAGS=-g -ffunction-sections -fdata-sections -Wall -Wextra -fno-tree-loop-distribute-patterns"

TRACE::2024-11-18.23:17:58::SCWMssOS::"Running Make include in microblaze_0/libsrc/intc_v3_15/src"

TRACE::2024-11-18.23:17:58::SCWMssOS::make -C microblaze_0/libsrc/intc_v3_15/src -s include  "SHELL=CMD" "COMPILER=mb-gcc" "ASSEMBLER=mb-as" "ARCHIVER=mb-ar" "COMPIL
TRACE::2024-11-18.23:17:58::SCWMssOS::ER_FLAGS=  -O2 -c -mcpu=v11.0 -mlittle-endian -mno-xl-reorder -mno-xl-soft-mul -mxl-barrel-shift -mxl-pattern-compare" "EXTRA_C
TRACE::2024-11-18.23:17:58::SCWMssOS::OMPILER_FLAGS=-g -ffunction-sections -fdata-sections -Wall -Wextra -fno-tree-loop-distribute-patterns"

TRACE::2024-11-18.23:17:58::SCWMssOS::"Running Make include in microblaze_0/libsrc/spi_v4_9/src"

TRACE::2024-11-18.23:17:58::SCWMssOS::make -C microblaze_0/libsrc/spi_v4_9/src -s include  "SHELL=CMD" "COMPILER=mb-gcc" "ASSEMBLER=mb-as" "ARCHIVER=mb-ar" "COMPILER
TRACE::2024-11-18.23:17:58::SCWMssOS::_FLAGS=  -O2 -c -mcpu=v11.0 -mlittle-endian -mno-xl-reorder -mno-xl-soft-mul -mxl-barrel-shift -mxl-pattern-compare" "EXTRA_COM
TRACE::2024-11-18.23:17:58::SCWMssOS::PILER_FLAGS=-g -ffunction-sections -fdata-sections -Wall -Wextra -fno-tree-loop-distribute-patterns"

TRACE::2024-11-18.23:17:58::SCWMssOS::"Running Make include in microblaze_0/libsrc/standalone_v8_0/src"

TRACE::2024-11-18.23:17:58::SCWMssOS::"Running Make include in microblaze_0/libsrc/tmrctr_v4_9/src"

TRACE::2024-11-18.23:17:58::SCWMssOS::make -C microblaze_0/libsrc/standalone_v8_0/src -s include  "SHELL=CMD" "COMPILER=mb-gcc" "ASSEMBLER=mb-as" "ARCHIVER=mb-ar" "C
TRACE::2024-11-18.23:17:58::SCWMssOS::OMPILER_FLAGS=  -O2 -c -mcpu=v11.0 -mlittle-endian -mno-xl-reorder -mno-xl-soft-mul -mxl-barrel-shift -mxl-pattern-compare" "EX
TRACE::2024-11-18.23:17:58::SCWMssOS::TRA_COMPILER_FLAGS=-g -ffunction-sections -fdata-sections -Wall -Wextra -fno-tree-loop-distribute-patterns"

TRACE::2024-11-18.23:17:58::SCWMssOS::make -C microblaze_0/libsrc/tmrctr_v4_9/src -s include  "SHELL=CMD" "COMPILER=mb-gcc" "ASSEMBLER=mb-as" "ARCHIVER=mb-ar" "COMPI
TRACE::2024-11-18.23:17:58::SCWMssOS::LER_FLAGS=  -O2 -c -mcpu=v11.0 -mlittle-endian -mno-xl-reorder -mno-xl-soft-mul -mxl-barrel-shift -mxl-pattern-compare" "EXTRA_
TRACE::2024-11-18.23:17:58::SCWMssOS::COMPILER_FLAGS=-g -ffunction-sections -fdata-sections -Wall -Wextra -fno-tree-loop-distribute-patterns"

TRACE::2024-11-18.23:17:58::SCWMssOS::"Running Make include in microblaze_0/libsrc/uartlite_v3_7/src"

TRACE::2024-11-18.23:17:58::SCWMssOS::make -C microblaze_0/libsrc/uartlite_v3_7/src -s include  "SHELL=CMD" "COMPILER=mb-gcc" "ASSEMBLER=mb-as" "ARCHIVER=mb-ar" "COM
TRACE::2024-11-18.23:17:58::SCWMssOS::PILER_FLAGS=  -O2 -c -mcpu=v11.0 -mlittle-endian -mno-xl-reorder -mno-xl-soft-mul -mxl-barrel-shift -mxl-pattern-compare" "EXTR
TRACE::2024-11-18.23:17:58::SCWMssOS::A_COMPILER_FLAGS=-g -ffunction-sections -fdata-sections -Wall -Wextra -fno-tree-loop-distribute-patterns"

TRACE::2024-11-18.23:17:59::SCWMssOS::"Running Make libs in microblaze_0/libsrc/bram_v4_8/src"

TRACE::2024-11-18.23:17:59::SCWMssOS::"Running Make libs in microblaze_0/libsrc/cpu_v2_16/src"

TRACE::2024-11-18.23:17:59::SCWMssOS::make -C microblaze_0/libsrc/bram_v4_8/src -s libs  "SHELL=CMD" "COMPILER=mb-gcc" "ASSEMBLER=mb-as" "ARCHIVER=mb-ar" "COMPILER_F
TRACE::2024-11-18.23:17:59::SCWMssOS::LAGS=  -O2 -c -mcpu=v11.0 -mlittle-endian -mno-xl-reorder -mno-xl-soft-mul -mxl-barrel-shift -mxl-pattern-compare" "EXTRA_COMPI
TRACE::2024-11-18.23:17:59::SCWMssOS::LER_FLAGS=-g -ffunction-sections -fdata-sections -Wall -Wextra -fno-tree-loop-distribute-patterns"

TRACE::2024-11-18.23:17:59::SCWMssOS::make -C microblaze_0/libsrc/cpu_v2_16/src -s libs  "SHELL=CMD" "COMPILER=mb-gcc" "ASSEMBLER=mb-as" "ARCHIVER=mb-ar" "COMPILER_F
TRACE::2024-11-18.23:17:59::SCWMssOS::LAGS=  -O2 -c -mcpu=v11.0 -mlittle-endian -mno-xl-reorder -mno-xl-soft-mul -mxl-barrel-shift -mxl-pattern-compare" "EXTRA_COMPI
TRACE::2024-11-18.23:17:59::SCWMssOS::LER_FLAGS=-g -ffunction-sections -fdata-sections -Wall -Wextra -fno-tree-loop-distribute-patterns"

TRACE::2024-11-18.23:17:59::SCWMssOS::"Running Make libs in microblaze_0/libsrc/gpio_v4_9/src"

TRACE::2024-11-18.23:17:59::SCWMssOS::make -C microblaze_0/libsrc/gpio_v4_9/src -s libs  "SHELL=CMD" "COMPILER=mb-gcc" "ASSEMBLER=mb-as" "ARCHIVER=mb-ar" "COMPILER_F
TRACE::2024-11-18.23:17:59::SCWMssOS::LAGS=  -O2 -c -mcpu=v11.0 -mlittle-endian -mno-xl-reorder -mno-xl-soft-mul -mxl-barrel-shift -mxl-pattern-compare" "EXTRA_COMPI
TRACE::2024-11-18.23:17:59::SCWMssOS::LER_FLAGS=-g -ffunction-sections -fdata-sections -Wall -Wextra -fno-tree-loop-distribute-patterns"

TRACE::2024-11-18.23:17:59::SCWMssOS::"Running Make libs in microblaze_0/libsrc/intc_v3_15/src"

TRACE::2024-11-18.23:17:59::SCWMssOS::make -C microblaze_0/libsrc/intc_v3_15/src -s libs  "SHELL=CMD" "COMPILER=mb-gcc" "ASSEMBLER=mb-as" "ARCHIVER=mb-ar" "COMPILER_
TRACE::2024-11-18.23:17:59::SCWMssOS::FLAGS=  -O2 -c -mcpu=v11.0 -mlittle-endian -mno-xl-reorder -mno-xl-soft-mul -mxl-barrel-shift -mxl-pattern-compare" "EXTRA_COMP
TRACE::2024-11-18.23:17:59::SCWMssOS::ILER_FLAGS=-g -ffunction-sections -fdata-sections -Wall -Wextra -fno-tree-loop-distribute-patterns"

TRACE::2024-11-18.23:17:59::SCWMssOS::"Running Make libs in microblaze_0/libsrc/spi_v4_9/src"

TRACE::2024-11-18.23:17:59::SCWMssOS::make -C microblaze_0/libsrc/spi_v4_9/src -s libs  "SHELL=CMD" "COMPILER=mb-gcc" "ASSEMBLER=mb-as" "ARCHIVER=mb-ar" "COMPILER_FL
TRACE::2024-11-18.23:17:59::SCWMssOS::AGS=  -O2 -c -mcpu=v11.0 -mlittle-endian -mno-xl-reorder -mno-xl-soft-mul -mxl-barrel-shift -mxl-pattern-compare" "EXTRA_COMPIL
TRACE::2024-11-18.23:17:59::SCWMssOS::ER_FLAGS=-g -ffunction-sections -fdata-sections -Wall -Wextra -fno-tree-loop-distribute-patterns"

TRACE::2024-11-18.23:17:59::SCWMssOS::"Running Make libs in microblaze_0/libsrc/standalone_v8_0/src"

TRACE::2024-11-18.23:17:59::SCWMssOS::make -C microblaze_0/libsrc/standalone_v8_0/src -s libs  "SHELL=CMD" "COMPILER=mb-gcc" "ASSEMBLER=mb-as" "ARCHIVER=mb-ar" "COMP
TRACE::2024-11-18.23:17:59::SCWMssOS::ILER_FLAGS=  -O2 -c -mcpu=v11.0 -mlittle-endian -mno-xl-reorder -mno-xl-soft-mul -mxl-barrel-shift -mxl-pattern-compare" "EXTRA
TRACE::2024-11-18.23:17:59::SCWMssOS::_COMPILER_FLAGS=-g -ffunction-sections -fdata-sections -Wall -Wextra -fno-tree-loop-distribute-patterns"

TRACE::2024-11-18.23:17:59::SCWMssOS::"Running Make libs in microblaze_0/libsrc/tmrctr_v4_9/src"

TRACE::2024-11-18.23:17:59::SCWMssOS::make -C microblaze_0/libsrc/tmrctr_v4_9/src -s libs  "SHELL=CMD" "COMPILER=mb-gcc" "ASSEMBLER=mb-as" "ARCHIVER=mb-ar" "COMPILER
TRACE::2024-11-18.23:17:59::SCWMssOS::_FLAGS=  -O2 -c -mcpu=v11.0 -mlittle-endian -mno-xl-reorder -mno-xl-soft-mul -mxl-barrel-shift -mxl-pattern-compare" "EXTRA_COM
TRACE::2024-11-18.23:17:59::SCWMssOS::PILER_FLAGS=-g -ffunction-sections -fdata-sections -Wall -Wextra -fno-tree-loop-distribute-patterns"

TRACE::2024-11-18.23:17:59::SCWMssOS::"Running Make libs in microblaze_0/libsrc/uartlite_v3_7/src"

TRACE::2024-11-18.23:17:59::SCWMssOS::make -C microblaze_0/libsrc/uartlite_v3_7/src -s libs  "SHELL=CMD" "COMPILER=mb-gcc" "ASSEMBLER=mb-as" "ARCHIVER=mb-ar" "COMPIL
TRACE::2024-11-18.23:17:59::SCWMssOS::ER_FLAGS=  -O2 -c -mcpu=v11.0 -mlittle-endian -mno-xl-reorder -mno-xl-soft-mul -mxl-barrel-shift -mxl-pattern-compare" "EXTRA_C
TRACE::2024-11-18.23:17:59::SCWMssOS::OMPILER_FLAGS=-g -ffunction-sections -fdata-sections -Wall -Wextra -fno-tree-loop-distribute-patterns"

TRACE::2024-11-18.23:18:02::SCWMssOS::"DEBUG NON_LTO_OBJECTS is ../../../lib/microblaze_interrupt_handler.o"

TRACE::2024-11-18.23:18:03::SCWMssOS::'Finished building libraries parallelly.'

TRACE::2024-11-18.23:18:03::SCWMssOS::make --no-print-directory archive

TRACE::2024-11-18.23:18:03::SCWMssOS::mb-ar -r  microblaze_0/lib/libxil.a microblaze_0/lib/_exit.o microblaze_0/lib/errno.o microblaze_0/lib/fcntl.o microblaze_0/lib
TRACE::2024-11-18.23:18:03::SCWMssOS::/hw_exception_handler.o microblaze_0/lib/inbyte.o microblaze_0/lib/microblaze_disable_dcache.o microblaze_0/lib/microblaze_disa
TRACE::2024-11-18.23:18:03::SCWMssOS::ble_exceptions.o microblaze_0/lib/microblaze_disable_icache.o microblaze_0/lib/microblaze_disable_interrupts.o microblaze_0/lib
TRACE::2024-11-18.23:18:03::SCWMssOS::/microblaze_enable_dcache.o microblaze_0/lib/microblaze_enable_exceptions.o microblaze_0/lib/microblaze_enable_icache.o microbl
TRACE::2024-11-18.23:18:03::SCWMssOS::aze_0/lib/microblaze_enable_interrupts.o microblaze_0/lib/microblaze_exception_handler.o microblaze_0/lib/microblaze_flush_cach
TRACE::2024-11-18.23:18:03::SCWMssOS::e_ext.o microblaze_0/lib/microblaze_flush_cache_ext_range.o microblaze_0/lib/microblaze_flush_dcache.o microblaze_0/lib/microbl
TRACE::2024-11-18.23:18:03::SCWMssOS::aze_flush_dcache_range.o microblaze_0/lib/microblaze_init_dcache_range.o microblaze_0/lib/microblaze_init_icache_range.o microb
TRACE::2024-11-18.23:18:03::SCWMssOS::laze_0/lib/microblaze_interrupt_handler.o microblaze_0/lib/microblaze_interrupts_g.o microblaze_0/lib/microblaze_invalidate_cac
TRACE::2024-11-18.23:18:03::SCWMssOS::he_ext.o microblaze_0/lib/microblaze_invalidate_cache_ext_range.o microblaze_0/lib/microblaze_invalidate_dcache.o microblaze_0/
TRACE::2024-11-18.23:18:03::SCWMssOS::lib/microblaze_invalidate_dcache_range.o microblaze_0/lib/microblaze_invalidate_icache.o microblaze_0/lib/microblaze_invalidate
TRACE::2024-11-18.23:18:03::SCWMssOS::_icache_range.o microblaze_0/lib/microblaze_scrub.o microblaze_0/lib/microblaze_selftest.o microblaze_0/lib/microblaze_sleep.o 
TRACE::2024-11-18.23:18:03::SCWMssOS::microblaze_0/lib/microblaze_update_dcache.o microblaze_0/lib/microblaze_update_icache.o microblaze_0/lib/outbyte.o microblaze_0
TRACE::2024-11-18.23:18:03::SCWMssOS::/lib/print.o microblaze_0/lib/pvr.o microblaze_0/lib/xbram.o microblaze_0/lib/xbram_g.o microblaze_0/lib/xbram_intr.o microblaz
TRACE::2024-11-18.23:18:03::SCWMssOS::e_0/lib/xbram_selftest.o microblaze_0/lib/xbram_sinit.o microblaze_0/lib/xgpio.o microblaze_0/lib/xgpio_extra.o microblaze_0/li
TRACE::2024-11-18.23:18:03::SCWMssOS::b/xgpio_g.o microblaze_0/lib/xgpio_intr.o microblaze_0/lib/xgpio_selftest.o microblaze_0/lib/xgpio_sinit.o microblaze_0/lib/xil
TRACE::2024-11-18.23:18:03::SCWMssOS::_assert.o microblaze_0/lib/xil_cache.o microblaze_0/lib/xil_clocking.o microblaze_0/lib/xil_exception.o microblaze_0/lib/xil_me
TRACE::2024-11-18.23:18:03::SCWMssOS::m.o microblaze_0/lib/xil_misc_psreset_api.o microblaze_0/lib/xil_printf.o microblaze_0/lib/xil_sleepcommon.o microblaze_0/lib/x
TRACE::2024-11-18.23:18:03::SCWMssOS::il_testcache.o microblaze_0/lib/xil_testio.o microblaze_0/lib/xil_testmem.o microblaze_0/lib/xil_util.o microblaze_0/lib/xintc.
TRACE::2024-11-18.23:18:03::SCWMssOS::o microblaze_0/lib/xintc_g.o microblaze_0/lib/xintc_intr.o microblaze_0/lib/xintc_l.o microblaze_0/lib/xintc_options.o microbla
TRACE::2024-11-18.23:18:03::SCWMssOS::ze_0/lib/xintc_selftest.o microblaze_0/lib/xinterrupt_wrap.o microblaze_0/lib/xio.o microblaze_0/lib/xplatform_info.o microblaz
TRACE::2024-11-18.23:18:03::SCWMssOS::e_0/lib/xspi.o microblaze_0/lib/xspi_g.o microblaze_0/lib/xspi_options.o microblaze_0/lib/xspi_selftest.o microblaze_0/lib/xspi
TRACE::2024-11-18.23:18:03::SCWMssOS::_sinit.o microblaze_0/lib/xspi_stats.o microblaze_0/lib/xtmrctr.o microblaze_0/lib/xtmrctr_g.o microblaze_0/lib/xtmrctr_intr.o 
TRACE::2024-11-18.23:18:03::SCWMssOS::microblaze_0/lib/xtmrctr_l.o microblaze_0/lib/xtmrctr_options.o microblaze_0/lib/xtmrctr_selftest.o microblaze_0/lib/xtmrctr_si
TRACE::2024-11-18.23:18:03::SCWMssOS::nit.o microblaze_0/lib/xtmrctr_stats.o microblaze_0/lib/xuartlite.o microblaze_0/lib/xuartlite_g.o microblaze_0/lib/xuartlite_i
TRACE::2024-11-18.23:18:03::SCWMssOS::ntr.o microblaze_0/lib/xuartlite_l.o microblaze_0/lib/xuartlite_selftest.o microblaze_0/lib/xuartlite_sinit.o microblaze_0/lib/
TRACE::2024-11-18.23:18:03::SCWMssOS::xuartlite_stats.o

TRACE::2024-11-18.23:18:03::SCWMssOS::'Finished building libraries'

TRACE::2024-11-18.23:18:03::SCWMssOS:: Checking if to create the Supporting Applications
TRACE::2024-11-18.23:18:03::SCWMssOS:: No Linux domain exists, trying to generate FSBL 
LOG::2024-11-18.23:18:03::SCWSystem::Completed Processing the domain standalone_microblaze_0
LOG::2024-11-18.23:18:03::SCWSystem::Completed Processing the sysconfig mb_usb_hdmi_top
LOG::2024-11-18.23:18:03::SCWPlatform::Completed generating the artifacts for system configuration mb_usb_hdmi_top
TRACE::2024-11-18.23:18:03::SCWPlatform::Started preparing the platform 
TRACE::2024-11-18.23:18:03::SCWSystem::Writing the bif file for system config mb_usb_hdmi_top
TRACE::2024-11-18.23:18:03::SCWSystem::dir created 
TRACE::2024-11-18.23:18:03::SCWSystem::Writing the bif 
TRACE::2024-11-18.23:18:03::SCWPlatform::Started writing the spfm file 
TRACE::2024-11-18.23:18:03::SCWPlatform::Started writing the xpfm file 
TRACE::2024-11-18.23:18:03::SCWPlatform::Completed generating the platform
TRACE::2024-11-18.23:18:03::SCWMssOS::Saving the mss changes C:/Users/kb40/Desktop/ECE385/labb6/final_proj_sdk/mb_usb_hdmi_top/microblaze_0/standalone_microblaze_0/bsp/system.mss
TRACE::2024-11-18.23:18:03::SCWMssOS::Adding the swdes entry, mss present, able to open swdb C:/Users/kb40/Desktop/ECE385/labb6/final_proj_sdk/mb_usb_hdmi_top/microblaze_0/standalone_microblaze_0/bsp/system.mss with des name system
TRACE::2024-11-18.23:18:03::SCWMssOS::Writing the mss file completed C:/Users/kb40/Desktop/ECE385/labb6/final_proj_sdk/mb_usb_hdmi_top/microblaze_0/standalone_microblaze_0/bsp/system.mss
TRACE::2024-11-18.23:18:03::SCWMssOS::Commit changes completed.
TRACE::2024-11-18.23:18:03::SCWPlatform::Trying to open the hw design at C:/Users/kb40/Desktop/ECE385/labb6/final_proj_sdk/mb_usb_hdmi_top/hw/mb_usb_hdmi_top.xsa
TRACE::2024-11-18.23:18:03::SCWPlatform::DSA given C:/Users/kb40/Desktop/ECE385/labb6/final_proj_sdk/mb_usb_hdmi_top/hw/mb_usb_hdmi_top.xsa
TRACE::2024-11-18.23:18:03::SCWPlatform::DSA absoulate path C:/Users/kb40/Desktop/ECE385/labb6/final_proj_sdk/mb_usb_hdmi_top/hw/mb_usb_hdmi_top.xsa
TRACE::2024-11-18.23:18:03::SCWPlatform::DSA directory C:/Users/kb40/Desktop/ECE385/labb6/final_proj_sdk/mb_usb_hdmi_top/hw
TRACE::2024-11-18.23:18:03::SCWPlatform:: Platform Path C:/Users/kb40/Desktop/ECE385/labb6/final_proj_sdk/mb_usb_hdmi_top/hw/mb_usb_hdmi_top.xsa
TRACE::2024-11-18.23:18:03::SCWPlatform:: Unique name xilinx:::0.0
TRACE::2024-11-18.23:18:03::SCWPlatform::Trying to set the existing hwdb with name mb_usb_hdmi_top_30
TRACE::2024-11-18.23:18:03::SCWPlatform::Opened existing hwdb mb_usb_hdmi_top_30
TRACE::2024-11-18.23:18:03::SCWPlatform::Found the Hw Db part of the input DSA
TRACE::2024-11-18.23:18:03::SCWMssOS::Checking the sw design at  C:/Users/kb40/Desktop/ECE385/labb6/final_proj_sdk/mb_usb_hdmi_top/microblaze_0/standalone_microblaze_0/bsp/system.mss
TRACE::2024-11-18.23:18:03::SCWMssOS::DEBUG:  swdes dump  C:/Users/kb40/Desktop/ECE385/labb6/final_proj_sdk/mb_usb_hdmi_top/microblaze_0/standalone_microblaze_0/bsp/system.mss|system||

TRACE::2024-11-18.23:18:03::SCWMssOS::Sw design exists and opened at  C:/Users/kb40/Desktop/ECE385/labb6/final_proj_sdk/mb_usb_hdmi_top/microblaze_0/standalone_microblaze_0/bsp/system.mss
TRACE::2024-11-18.23:18:03::SCWWriter::formatted JSON is {
	"platformName":	"mb_usb_hdmi_top",
	"sprVersion":	"2.0",
	"mode":	"gui",
	"dsaType":	"Fixed",
	"platformDesc":	"mb_usb_hdmi_top",
	"platHandOff":	"C:/Users/kb40/Desktop/ECE385/labb6/mb_usb_hdmi_top.xsa",
	"platIntHandOff":	"<platformDir>/hw/mb_usb_hdmi_top.xsa",
	"deviceType":	"FPGA",
	"platIsPrebuiltAutogen":	"false",
	"platIsNoBootBsp":	"false",
	"hasFsblMakeHasChanges":	"false",
	"hasPmufwMakeHasChanges":	"false",
	"platPreBuiltFlag":	false,
	"platformSamplesDir":	"",
	"platActiveSys":	"mb_usb_hdmi_top",
	"systems":	[{
			"systemName":	"mb_usb_hdmi_top",
			"systemDesc":	"mb_usb_hdmi_top",
			"sysIsBootAutoGen":	"true",
			"systemDispName":	"mb_usb_hdmi_top",
			"sysActiveDom":	"standalone_microblaze_0",
			"sysDefaultDom":	"standalone_microblaze_0",
			"domains":	[{
					"domainName":	"standalone_microblaze_0",
					"domainDispName":	"standalone_microblaze_0",
					"domainDesc":	"standalone_microblaze_0",
					"processors":	"microblaze_0",
					"os":	"standalone",
					"sdxOs":	"standalone",
					"debugEnable":	"False",
					"domRuntimes":	["cpp"],
					"swRepo":	"",
					"mssOsVer":	"8.0",
					"mssFile":	"",
					"md5Digest":	"304529987e879521ca977c68d163f362",
					"compatibleApp":	"",
					"domType":	"mssDomain",
					"arch":	"32-bit",
					"appSettings":	{
						"appCompilerFlags":	"",
						"appLinkerFlags":	""
					},
					"addedLibs":	[],
					"libOptions":	{
						"libsContainingOptions":	[]
					},
					"prebuiltLibs":	{
						"prebuiltIncPath":	[],
						"prebuiltLibPath":	[]
					},
					"isolation":	{
					}
				}]
		}]
}
KEYINFO::2024-11-18.23:18:03::SCWPlatform::updated the xpfm file.
TRACE::2024-11-18.23:18:04::SCWPlatform::Trying to open the hw design at C:/Users/kb40/Desktop/ECE385/labb6/final_proj_sdk/mb_usb_hdmi_top/hw/mb_usb_hdmi_top.xsa
TRACE::2024-11-18.23:18:04::SCWPlatform::DSA given C:/Users/kb40/Desktop/ECE385/labb6/final_proj_sdk/mb_usb_hdmi_top/hw/mb_usb_hdmi_top.xsa
TRACE::2024-11-18.23:18:04::SCWPlatform::DSA absoulate path C:/Users/kb40/Desktop/ECE385/labb6/final_proj_sdk/mb_usb_hdmi_top/hw/mb_usb_hdmi_top.xsa
TRACE::2024-11-18.23:18:04::SCWPlatform::DSA directory C:/Users/kb40/Desktop/ECE385/labb6/final_proj_sdk/mb_usb_hdmi_top/hw
TRACE::2024-11-18.23:18:04::SCWPlatform:: Platform Path C:/Users/kb40/Desktop/ECE385/labb6/final_proj_sdk/mb_usb_hdmi_top/hw/mb_usb_hdmi_top.xsa
TRACE::2024-11-18.23:18:04::SCWPlatform:: Unique name xilinx:::0.0
TRACE::2024-11-18.23:18:04::SCWPlatform::Trying to set the existing hwdb with name mb_usb_hdmi_top_30
TRACE::2024-11-18.23:18:04::SCWPlatform::Opened existing hwdb mb_usb_hdmi_top_30
TRACE::2024-11-18.23:18:04::SCWPlatform::Found the Hw Db part of the input DSA
TRACE::2024-11-18.23:18:04::SCWMssOS::Checking the sw design at  C:/Users/kb40/Desktop/ECE385/labb6/final_proj_sdk/mb_usb_hdmi_top/microblaze_0/standalone_microblaze_0/bsp/system.mss
TRACE::2024-11-18.23:18:04::SCWMssOS::DEBUG:  swdes dump  C:/Users/kb40/Desktop/ECE385/labb6/final_proj_sdk/mb_usb_hdmi_top/microblaze_0/standalone_microblaze_0/bsp/system.mss|system||

TRACE::2024-11-18.23:18:04::SCWMssOS::Sw design exists and opened at  C:/Users/kb40/Desktop/ECE385/labb6/final_proj_sdk/mb_usb_hdmi_top/microblaze_0/standalone_microblaze_0/bsp/system.mss
TRACE::2024-11-18.23:19:21::SCWPlatform::Clearing the existing platform
TRACE::2024-11-18.23:19:21::SCWSystem::Clearing the existing sysconfig
TRACE::2024-11-18.23:19:21::SCWMssOS::Removing the swdes entry for  C:/Users/kb40/Desktop/ECE385/labb6/final_proj_sdk/mb_usb_hdmi_top/microblaze_0/standalone_microblaze_0/bsp/system.mss
TRACE::2024-11-18.23:19:21::SCWSystem::Clearing the domains completed.
TRACE::2024-11-18.23:19:21::SCWPlatform::Clearing the opened hw db.
TRACE::2024-11-18.23:19:21::SCWPlatform::DSA given C:/Users/kb40/Desktop/ECE385/labb6/final_proj_sdk/mb_usb_hdmi_top/hw/mb_usb_hdmi_top.xsa
TRACE::2024-11-18.23:19:21::SCWPlatform::DSA absoulate path C:/Users/kb40/Desktop/ECE385/labb6/final_proj_sdk/mb_usb_hdmi_top/hw/mb_usb_hdmi_top.xsa
TRACE::2024-11-18.23:19:21::SCWPlatform:: Platform location is C:/Users/kb40/Desktop/ECE385/labb6/final_proj_sdk/mb_usb_hdmi_top/hw
TRACE::2024-11-18.23:19:21::SCWPlatform:: Platform Path C:/Users/kb40/Desktop/ECE385/labb6/final_proj_sdk/mb_usb_hdmi_top/hw/mb_usb_hdmi_top.xsa
TRACE::2024-11-18.23:19:21::SCWPlatform:: Unique name xilinx:::0.0
TRACE::2024-11-18.23:19:21::SCWPlatform::Removing the HwDB with name C:/Users/kb40/Desktop/ECE385/labb6/final_proj_sdk/mb_usb_hdmi_top/hw/mb_usb_hdmi_top.xsa
TRACE::2024-11-18.23:19:21::SCWPlatform::Trying to open the hw design at C:/Users/kb40/Desktop/ECE385/labb6/final_proj_sdk/mb_usb_hdmi_top/hw/mb_usb_hdmi_top.xsa
TRACE::2024-11-18.23:19:21::SCWPlatform::DSA given C:/Users/kb40/Desktop/ECE385/labb6/final_proj_sdk/mb_usb_hdmi_top/hw/mb_usb_hdmi_top.xsa
TRACE::2024-11-18.23:19:21::SCWPlatform::DSA absoulate path C:/Users/kb40/Desktop/ECE385/labb6/final_proj_sdk/mb_usb_hdmi_top/hw/mb_usb_hdmi_top.xsa
TRACE::2024-11-18.23:19:21::SCWPlatform::DSA directory C:/Users/kb40/Desktop/ECE385/labb6/final_proj_sdk/mb_usb_hdmi_top/hw
TRACE::2024-11-18.23:19:21::SCWPlatform:: Platform Path C:/Users/kb40/Desktop/ECE385/labb6/final_proj_sdk/mb_usb_hdmi_top/hw/mb_usb_hdmi_top.xsa
TRACE::2024-11-18.23:19:21::SCWPlatform:: Unique name xilinx:::0.0
TRACE::2024-11-18.23:19:21::SCWPlatform::Do not have an existing db opened. 
TRACE::2024-11-18.23:19:21::SCWPlatform::Opened new HwDB with name mb_usb_hdmi_top_31
TRACE::2024-11-18.23:19:21::SCWReader::Active system found as  mb_usb_hdmi_top
TRACE::2024-11-18.23:19:21::SCWReader::Handling sysconfig mb_usb_hdmi_top
TRACE::2024-11-18.23:19:21::SCWDomain::checking for install qemu data   : 
TRACE::2024-11-18.23:19:21::SCWPlatform::Trying to open the hw design at C:/Users/kb40/Desktop/ECE385/labb6/final_proj_sdk/mb_usb_hdmi_top/hw/mb_usb_hdmi_top.xsa
TRACE::2024-11-18.23:19:21::SCWPlatform::DSA given C:/Users/kb40/Desktop/ECE385/labb6/final_proj_sdk/mb_usb_hdmi_top/hw/mb_usb_hdmi_top.xsa
TRACE::2024-11-18.23:19:21::SCWPlatform::DSA absoulate path C:/Users/kb40/Desktop/ECE385/labb6/final_proj_sdk/mb_usb_hdmi_top/hw/mb_usb_hdmi_top.xsa
TRACE::2024-11-18.23:19:21::SCWPlatform::DSA directory C:/Users/kb40/Desktop/ECE385/labb6/final_proj_sdk/mb_usb_hdmi_top/hw
TRACE::2024-11-18.23:19:21::SCWPlatform:: Platform Path C:/Users/kb40/Desktop/ECE385/labb6/final_proj_sdk/mb_usb_hdmi_top/hw/mb_usb_hdmi_top.xsa
TRACE::2024-11-18.23:19:21::SCWPlatform:: Unique name xilinx:::0.0
TRACE::2024-11-18.23:19:21::SCWPlatform::Trying to set the existing hwdb with name mb_usb_hdmi_top_31
TRACE::2024-11-18.23:19:21::SCWPlatform::Opened existing hwdb mb_usb_hdmi_top_31
TRACE::2024-11-18.23:19:21::SCWPlatform::Found the Hw Db part of the input DSA
TRACE::2024-11-18.23:19:21::SCWPlatform::Trying to open the hw design at C:/Users/kb40/Desktop/ECE385/labb6/final_proj_sdk/mb_usb_hdmi_top/hw/mb_usb_hdmi_top.xsa
TRACE::2024-11-18.23:19:21::SCWPlatform::DSA given C:/Users/kb40/Desktop/ECE385/labb6/final_proj_sdk/mb_usb_hdmi_top/hw/mb_usb_hdmi_top.xsa
TRACE::2024-11-18.23:19:21::SCWPlatform::DSA absoulate path C:/Users/kb40/Desktop/ECE385/labb6/final_proj_sdk/mb_usb_hdmi_top/hw/mb_usb_hdmi_top.xsa
TRACE::2024-11-18.23:19:21::SCWPlatform::DSA directory C:/Users/kb40/Desktop/ECE385/labb6/final_proj_sdk/mb_usb_hdmi_top/hw
TRACE::2024-11-18.23:19:21::SCWPlatform:: Platform Path C:/Users/kb40/Desktop/ECE385/labb6/final_proj_sdk/mb_usb_hdmi_top/hw/mb_usb_hdmi_top.xsa
TRACE::2024-11-18.23:19:21::SCWPlatform:: Unique name xilinx:::0.0
TRACE::2024-11-18.23:19:21::SCWPlatform::Trying to set the existing hwdb with name mb_usb_hdmi_top_31
TRACE::2024-11-18.23:19:21::SCWPlatform::Opened existing hwdb mb_usb_hdmi_top_31
TRACE::2024-11-18.23:19:21::SCWPlatform::Found the Hw Db part of the input DSA
TRACE::2024-11-18.23:19:21::SCWPlatform::Trying to open the hw design at C:/Users/kb40/Desktop/ECE385/labb6/final_proj_sdk/mb_usb_hdmi_top/hw/mb_usb_hdmi_top.xsa
TRACE::2024-11-18.23:19:21::SCWPlatform::DSA given C:/Users/kb40/Desktop/ECE385/labb6/final_proj_sdk/mb_usb_hdmi_top/hw/mb_usb_hdmi_top.xsa
TRACE::2024-11-18.23:19:21::SCWPlatform::DSA absoulate path C:/Users/kb40/Desktop/ECE385/labb6/final_proj_sdk/mb_usb_hdmi_top/hw/mb_usb_hdmi_top.xsa
TRACE::2024-11-18.23:19:21::SCWPlatform::DSA directory C:/Users/kb40/Desktop/ECE385/labb6/final_proj_sdk/mb_usb_hdmi_top/hw
TRACE::2024-11-18.23:19:21::SCWPlatform:: Platform Path C:/Users/kb40/Desktop/ECE385/labb6/final_proj_sdk/mb_usb_hdmi_top/hw/mb_usb_hdmi_top.xsa
TRACE::2024-11-18.23:19:21::SCWPlatform:: Unique name xilinx:::0.0
TRACE::2024-11-18.23:19:21::SCWPlatform::Trying to set the existing hwdb with name mb_usb_hdmi_top_31
TRACE::2024-11-18.23:19:21::SCWPlatform::Opened existing hwdb mb_usb_hdmi_top_31
TRACE::2024-11-18.23:19:21::SCWPlatform::Found the Hw Db part of the input DSA
TRACE::2024-11-18.23:19:21::SCWPlatform::Trying to open the hw design at C:/Users/kb40/Desktop/ECE385/labb6/final_proj_sdk/mb_usb_hdmi_top/hw/mb_usb_hdmi_top.xsa
TRACE::2024-11-18.23:19:21::SCWPlatform::DSA given C:/Users/kb40/Desktop/ECE385/labb6/final_proj_sdk/mb_usb_hdmi_top/hw/mb_usb_hdmi_top.xsa
TRACE::2024-11-18.23:19:21::SCWPlatform::DSA absoulate path C:/Users/kb40/Desktop/ECE385/labb6/final_proj_sdk/mb_usb_hdmi_top/hw/mb_usb_hdmi_top.xsa
TRACE::2024-11-18.23:19:21::SCWPlatform::DSA directory C:/Users/kb40/Desktop/ECE385/labb6/final_proj_sdk/mb_usb_hdmi_top/hw
TRACE::2024-11-18.23:19:21::SCWPlatform:: Platform Path C:/Users/kb40/Desktop/ECE385/labb6/final_proj_sdk/mb_usb_hdmi_top/hw/mb_usb_hdmi_top.xsa
TRACE::2024-11-18.23:19:21::SCWPlatform:: Unique name xilinx:::0.0
TRACE::2024-11-18.23:19:21::SCWPlatform::Trying to set the existing hwdb with name mb_usb_hdmi_top_31
TRACE::2024-11-18.23:19:21::SCWPlatform::Opened existing hwdb mb_usb_hdmi_top_31
TRACE::2024-11-18.23:19:21::SCWPlatform::Found the Hw Db part of the input DSA
TRACE::2024-11-18.23:19:21::SCWMssOS::Checking the sw design at  C:/Users/kb40/Desktop/ECE385/labb6/final_proj_sdk/mb_usb_hdmi_top/microblaze_0/standalone_microblaze_0/bsp/system.mss
TRACE::2024-11-18.23:19:21::SCWMssOS::DEBUG:  swdes dump  
TRACE::2024-11-18.23:19:21::SCWMssOS::No sw design opened at  C:/Users/kb40/Desktop/ECE385/labb6/final_proj_sdk/mb_usb_hdmi_top/microblaze_0/standalone_microblaze_0/bsp/system.mss
TRACE::2024-11-18.23:19:21::SCWMssOS::mss exists loading the mss file  C:/Users/kb40/Desktop/ECE385/labb6/final_proj_sdk/mb_usb_hdmi_top/microblaze_0/standalone_microblaze_0/bsp/system.mss
TRACE::2024-11-18.23:19:21::SCWMssOS::Opened the sw design from mss  C:/Users/kb40/Desktop/ECE385/labb6/final_proj_sdk/mb_usb_hdmi_top/microblaze_0/standalone_microblaze_0/bsp/system.mss
TRACE::2024-11-18.23:19:21::SCWMssOS::Adding the swdes entry C:/Users/kb40/Desktop/ECE385/labb6/final_proj_sdk/mb_usb_hdmi_top/microblaze_0/standalone_microblaze_0/bsp/system.mss with des name system
TRACE::2024-11-18.23:19:21::SCWMssOS::updating the scw layer about changes
TRACE::2024-11-18.23:19:22::SCWMssOS::Opened the sw design.  C:/Users/kb40/Desktop/ECE385/labb6/final_proj_sdk/mb_usb_hdmi_top/microblaze_0/standalone_microblaze_0/bsp/system.mss
TRACE::2024-11-18.23:19:22::SCWMssOS::Saving the mss changes C:/Users/kb40/Desktop/ECE385/labb6/final_proj_sdk/mb_usb_hdmi_top/microblaze_0/standalone_microblaze_0/bsp/system.mss
TRACE::2024-11-18.23:19:22::SCWMssOS::Found a swdesign opened with the mssfile.
TRACE::2024-11-18.23:19:22::SCWMssOS::Completed writemss as part of save.
TRACE::2024-11-18.23:19:22::SCWMssOS::Commit changes completed.
TRACE::2024-11-18.23:19:22::SCWReader::Adding prebuilt librarypaths as   
TRACE::2024-11-18.23:19:22::SCWReader::Adding prebuilt incpaths  as   
TRACE::2024-11-18.23:19:22::SCWPlatform::Trying to open the hw design at C:/Users/kb40/Desktop/ECE385/labb6/final_proj_sdk/mb_usb_hdmi_top/hw/mb_usb_hdmi_top.xsa
TRACE::2024-11-18.23:19:22::SCWPlatform::DSA given C:/Users/kb40/Desktop/ECE385/labb6/final_proj_sdk/mb_usb_hdmi_top/hw/mb_usb_hdmi_top.xsa
TRACE::2024-11-18.23:19:22::SCWPlatform::DSA absoulate path C:/Users/kb40/Desktop/ECE385/labb6/final_proj_sdk/mb_usb_hdmi_top/hw/mb_usb_hdmi_top.xsa
TRACE::2024-11-18.23:19:22::SCWPlatform::DSA directory C:/Users/kb40/Desktop/ECE385/labb6/final_proj_sdk/mb_usb_hdmi_top/hw
TRACE::2024-11-18.23:19:22::SCWPlatform:: Platform Path C:/Users/kb40/Desktop/ECE385/labb6/final_proj_sdk/mb_usb_hdmi_top/hw/mb_usb_hdmi_top.xsa
TRACE::2024-11-18.23:19:22::SCWPlatform:: Unique name xilinx:::0.0
TRACE::2024-11-18.23:19:22::SCWPlatform::Trying to set the existing hwdb with name mb_usb_hdmi_top_31
TRACE::2024-11-18.23:19:22::SCWPlatform::Opened existing hwdb mb_usb_hdmi_top_31
TRACE::2024-11-18.23:19:22::SCWPlatform::Found the Hw Db part of the input DSA
TRACE::2024-11-18.23:19:22::SCWMssOS::Checking the sw design at  C:/Users/kb40/Desktop/ECE385/labb6/final_proj_sdk/mb_usb_hdmi_top/microblaze_0/standalone_microblaze_0/bsp/system.mss
TRACE::2024-11-18.23:19:22::SCWMssOS::DEBUG:  swdes dump  C:/Users/kb40/Desktop/ECE385/labb6/final_proj_sdk/mb_usb_hdmi_top/microblaze_0/standalone_microblaze_0/bsp/system.mss|system||

TRACE::2024-11-18.23:19:22::SCWMssOS::Sw design exists and opened at  C:/Users/kb40/Desktop/ECE385/labb6/final_proj_sdk/mb_usb_hdmi_top/microblaze_0/standalone_microblaze_0/bsp/system.mss
TRACE::2024-11-18.23:19:22::SCWReader::No isolation master present  
TRACE::2024-11-18.23:19:28::SCWPlatform::DSA given C:/Users/kb40/Desktop/ECE385/labb6/final_proj_sdk/mb_usb_hdmi_top/tempdsa/final_top.xsa
TRACE::2024-11-18.23:19:28::SCWPlatform::DSA absoulate path C:/Users/kb40/Desktop/ECE385/labb6/final_proj_sdk/mb_usb_hdmi_top/tempdsa/final_top.xsa
TRACE::2024-11-18.23:19:28::SCWPlatform:: Platform location is C:/Users/kb40/Desktop/ECE385/labb6/final_proj_sdk/mb_usb_hdmi_top/tempdsa
TRACE::2024-11-18.23:19:28::SCWPlatform:: Platform Path C:/Users/kb40/Desktop/ECE385/labb6/final_proj_sdk/mb_usb_hdmi_top/tempdsa/final_top.xsa
TRACE::2024-11-18.23:19:28::SCWPlatform:: Unique name xilinx:::0.0
TRACE::2024-11-18.23:19:28::SCWPlatform::Found the Hw Db part of the input DSA
TRACE::2024-11-18.23:19:28::SCWMssOS::Doing hw sync for the mss in domain: standalone_microblaze_0
TRACE::2024-11-18.23:19:28::SCWPlatform::Trying to open the hw design at C:/Users/kb40/Desktop/ECE385/labb6/final_proj_sdk/mb_usb_hdmi_top/hw/mb_usb_hdmi_top.xsa
TRACE::2024-11-18.23:19:28::SCWPlatform::DSA given C:/Users/kb40/Desktop/ECE385/labb6/final_proj_sdk/mb_usb_hdmi_top/hw/mb_usb_hdmi_top.xsa
TRACE::2024-11-18.23:19:28::SCWPlatform::DSA absoulate path C:/Users/kb40/Desktop/ECE385/labb6/final_proj_sdk/mb_usb_hdmi_top/hw/mb_usb_hdmi_top.xsa
TRACE::2024-11-18.23:19:28::SCWPlatform::DSA directory C:/Users/kb40/Desktop/ECE385/labb6/final_proj_sdk/mb_usb_hdmi_top/hw
TRACE::2024-11-18.23:19:28::SCWPlatform:: Platform Path C:/Users/kb40/Desktop/ECE385/labb6/final_proj_sdk/mb_usb_hdmi_top/hw/mb_usb_hdmi_top.xsa
TRACE::2024-11-18.23:19:28::SCWPlatform:: Unique name xilinx:::0.0
TRACE::2024-11-18.23:19:28::SCWPlatform::Trying to set the existing hwdb with name mb_usb_hdmi_top_31
TRACE::2024-11-18.23:19:28::SCWPlatform::Opened existing hwdb mb_usb_hdmi_top_31
TRACE::2024-11-18.23:19:28::SCWPlatform::Found the Hw Db part of the input DSA
TRACE::2024-11-18.23:19:28::SCWPlatform::Trying to open the hw design at C:/Users/kb40/Desktop/ECE385/labb6/final_proj_sdk/mb_usb_hdmi_top/hw/mb_usb_hdmi_top.xsa
TRACE::2024-11-18.23:19:28::SCWPlatform::DSA given C:/Users/kb40/Desktop/ECE385/labb6/final_proj_sdk/mb_usb_hdmi_top/hw/mb_usb_hdmi_top.xsa
TRACE::2024-11-18.23:19:28::SCWPlatform::DSA absoulate path C:/Users/kb40/Desktop/ECE385/labb6/final_proj_sdk/mb_usb_hdmi_top/hw/mb_usb_hdmi_top.xsa
TRACE::2024-11-18.23:19:28::SCWPlatform::DSA directory C:/Users/kb40/Desktop/ECE385/labb6/final_proj_sdk/mb_usb_hdmi_top/hw
TRACE::2024-11-18.23:19:28::SCWPlatform:: Platform Path C:/Users/kb40/Desktop/ECE385/labb6/final_proj_sdk/mb_usb_hdmi_top/hw/mb_usb_hdmi_top.xsa
TRACE::2024-11-18.23:19:28::SCWPlatform:: Unique name xilinx:::0.0
TRACE::2024-11-18.23:19:28::SCWPlatform::Trying to set the existing hwdb with name mb_usb_hdmi_top_31
TRACE::2024-11-18.23:19:28::SCWPlatform::Opened existing hwdb mb_usb_hdmi_top_31
TRACE::2024-11-18.23:19:28::SCWPlatform::Found the Hw Db part of the input DSA
TRACE::2024-11-18.23:19:28::SCWMssOS::Checking the sw design at  C:/Users/kb40/Desktop/ECE385/labb6/final_proj_sdk/mb_usb_hdmi_top/microblaze_0/standalone_microblaze_0/bsp/system.mss
TRACE::2024-11-18.23:19:28::SCWMssOS::DEBUG:  swdes dump  C:/Users/kb40/Desktop/ECE385/labb6/final_proj_sdk/mb_usb_hdmi_top/microblaze_0/standalone_microblaze_0/bsp/system.mss|system||

TRACE::2024-11-18.23:19:28::SCWMssOS::Sw design exists and opened at  C:/Users/kb40/Desktop/ECE385/labb6/final_proj_sdk/mb_usb_hdmi_top/microblaze_0/standalone_microblaze_0/bsp/system.mss
TRACE::2024-11-18.23:19:28::SCWPlatform::Trying to open the hw design at C:/Users/kb40/Desktop/ECE385/labb6/final_proj_sdk/mb_usb_hdmi_top/tempdsa/final_top.xsa
TRACE::2024-11-18.23:19:28::SCWPlatform::DSA given C:/Users/kb40/Desktop/ECE385/labb6/final_proj_sdk/mb_usb_hdmi_top/tempdsa/final_top.xsa
TRACE::2024-11-18.23:19:28::SCWPlatform::DSA absoulate path C:/Users/kb40/Desktop/ECE385/labb6/final_proj_sdk/mb_usb_hdmi_top/tempdsa/final_top.xsa
TRACE::2024-11-18.23:19:28::SCWPlatform::DSA directory C:/Users/kb40/Desktop/ECE385/labb6/final_proj_sdk/mb_usb_hdmi_top/tempdsa
TRACE::2024-11-18.23:19:28::SCWPlatform:: Platform Path C:/Users/kb40/Desktop/ECE385/labb6/final_proj_sdk/mb_usb_hdmi_top/tempdsa/final_top.xsa
TRACE::2024-11-18.23:19:28::SCWPlatform:: Unique name xilinx:::0.0
TRACE::2024-11-18.23:19:28::SCWPlatform::update - Opened existing hwdb mb_usb_hdmi_top_32
TRACE::2024-11-18.23:19:28::SCWPlatform::Found the Hw Db part of the input DSA
TRACE::2024-11-18.23:19:28::SCWMssOS::Saving the mss changes C:/Users/kb40/Desktop/ECE385/labb6/final_proj_sdk/mb_usb_hdmi_top/microblaze_0/standalone_microblaze_0/bsp/system.mss
TRACE::2024-11-18.23:19:28::SCWMssOS::Found a swdesign opened with the mssfile.
TRACE::2024-11-18.23:19:28::SCWMssOS::Completed writemss as part of save.
TRACE::2024-11-18.23:19:28::SCWMssOS::Commit changes completed.
TRACE::2024-11-18.23:19:28::SCWMssOS::Completed hw sync for the mss in domain: standalone_microblaze_0
TRACE::2024-11-18.23:19:28::SCWMssOS::Removing the swdes entry for  C:/Users/kb40/Desktop/ECE385/labb6/final_proj_sdk/mb_usb_hdmi_top/microblaze_0/standalone_microblaze_0/bsp/system.mss
TRACE::2024-11-18.23:19:28::SCWPlatform::Trying to open the hw design at C:/Users/kb40/Desktop/ECE385/labb6/final_proj_sdk/mb_usb_hdmi_top/hw/final_top.xsa
TRACE::2024-11-18.23:19:28::SCWPlatform::DSA given C:/Users/kb40/Desktop/ECE385/labb6/final_proj_sdk/mb_usb_hdmi_top/hw/final_top.xsa
TRACE::2024-11-18.23:19:28::SCWPlatform::DSA absoulate path C:/Users/kb40/Desktop/ECE385/labb6/final_proj_sdk/mb_usb_hdmi_top/hw/final_top.xsa
TRACE::2024-11-18.23:19:28::SCWPlatform::DSA directory C:/Users/kb40/Desktop/ECE385/labb6/final_proj_sdk/mb_usb_hdmi_top/hw
TRACE::2024-11-18.23:19:28::SCWPlatform:: Platform Path C:/Users/kb40/Desktop/ECE385/labb6/final_proj_sdk/mb_usb_hdmi_top/hw/final_top.xsa
TRACE::2024-11-18.23:19:28::SCWPlatform:: Unique name xilinx:::0.0
TRACE::2024-11-18.23:19:28::SCWPlatform::Do not have an existing db opened. 
TRACE::2024-11-18.23:19:28::SCWPlatform::Opened new HwDB with name mb_usb_hdmi_top_33
TRACE::2024-11-18.23:19:28::SCWMssOS::Saving the mss changes C:/Users/kb40/Desktop/ECE385/labb6/final_proj_sdk/mb_usb_hdmi_top/microblaze_0/standalone_microblaze_0/bsp/system.mss
TRACE::2024-11-18.23:19:28::SCWMssOS::Adding the swdes entry, mss present, able to open swdb C:/Users/kb40/Desktop/ECE385/labb6/final_proj_sdk/mb_usb_hdmi_top/microblaze_0/standalone_microblaze_0/bsp/system.mss with des name system
TRACE::2024-11-18.23:19:28::SCWMssOS::Writing the mss file completed C:/Users/kb40/Desktop/ECE385/labb6/final_proj_sdk/mb_usb_hdmi_top/microblaze_0/standalone_microblaze_0/bsp/system.mss
TRACE::2024-11-18.23:19:28::SCWMssOS::Commit changes completed.
TRACE::2024-11-18.23:19:28::SCWPlatform::Trying to open the hw design at C:/Users/kb40/Desktop/ECE385/labb6/final_proj_sdk/mb_usb_hdmi_top/hw/final_top.xsa
TRACE::2024-11-18.23:19:28::SCWPlatform::DSA given C:/Users/kb40/Desktop/ECE385/labb6/final_proj_sdk/mb_usb_hdmi_top/hw/final_top.xsa
TRACE::2024-11-18.23:19:28::SCWPlatform::DSA absoulate path C:/Users/kb40/Desktop/ECE385/labb6/final_proj_sdk/mb_usb_hdmi_top/hw/final_top.xsa
TRACE::2024-11-18.23:19:28::SCWPlatform::DSA directory C:/Users/kb40/Desktop/ECE385/labb6/final_proj_sdk/mb_usb_hdmi_top/hw
TRACE::2024-11-18.23:19:28::SCWPlatform:: Platform Path C:/Users/kb40/Desktop/ECE385/labb6/final_proj_sdk/mb_usb_hdmi_top/hw/final_top.xsa
TRACE::2024-11-18.23:19:28::SCWPlatform:: Unique name xilinx:::0.0
TRACE::2024-11-18.23:19:28::SCWPlatform::Trying to set the existing hwdb with name mb_usb_hdmi_top_33
TRACE::2024-11-18.23:19:28::SCWPlatform::Opened existing hwdb mb_usb_hdmi_top_33
TRACE::2024-11-18.23:19:28::SCWPlatform::Found the Hw Db part of the input DSA
TRACE::2024-11-18.23:19:28::SCWMssOS::Checking the sw design at  C:/Users/kb40/Desktop/ECE385/labb6/final_proj_sdk/mb_usb_hdmi_top/microblaze_0/standalone_microblaze_0/bsp/system.mss
TRACE::2024-11-18.23:19:28::SCWMssOS::DEBUG:  swdes dump  C:/Users/kb40/Desktop/ECE385/labb6/final_proj_sdk/mb_usb_hdmi_top/microblaze_0/standalone_microblaze_0/bsp/system.mss|system||

TRACE::2024-11-18.23:19:28::SCWMssOS::Sw design exists and opened at  C:/Users/kb40/Desktop/ECE385/labb6/final_proj_sdk/mb_usb_hdmi_top/microblaze_0/standalone_microblaze_0/bsp/system.mss
TRACE::2024-11-18.23:19:28::SCWWriter::formatted JSON is {
	"platformName":	"mb_usb_hdmi_top",
	"sprVersion":	"2.0",
	"mode":	"gui",
	"dsaType":	"Fixed",
	"platformDesc":	"mb_usb_hdmi_top",
	"platHandOff":	"C:/Users/kb40/Desktop/ECE385/labb6/final_top.xsa",
	"platIntHandOff":	"<platformDir>/hw/final_top.xsa",
	"deviceType":	"FPGA",
	"platIsPrebuiltAutogen":	"false",
	"platIsNoBootBsp":	"false",
	"hasFsblMakeHasChanges":	"false",
	"hasPmufwMakeHasChanges":	"false",
	"platPreBuiltFlag":	false,
	"platformSamplesDir":	"",
	"platActiveSys":	"mb_usb_hdmi_top",
	"systems":	[{
			"systemName":	"mb_usb_hdmi_top",
			"systemDesc":	"mb_usb_hdmi_top",
			"sysIsBootAutoGen":	"true",
			"systemDispName":	"mb_usb_hdmi_top",
			"sysActiveDom":	"standalone_microblaze_0",
			"sysDefaultDom":	"standalone_microblaze_0",
			"domains":	[{
					"domainName":	"standalone_microblaze_0",
					"domainDispName":	"standalone_microblaze_0",
					"domainDesc":	"standalone_microblaze_0",
					"processors":	"microblaze_0",
					"os":	"standalone",
					"sdxOs":	"standalone",
					"debugEnable":	"False",
					"domRuntimes":	["cpp"],
					"swRepo":	"",
					"mssOsVer":	"8.0",
					"mssFile":	"",
					"md5Digest":	"304529987e879521ca977c68d163f3621",
					"compatibleApp":	"",
					"domType":	"mssDomain",
					"arch":	"32-bit",
					"appSettings":	{
						"appCompilerFlags":	"",
						"appLinkerFlags":	""
					},
					"addedLibs":	[],
					"libOptions":	{
						"libsContainingOptions":	[]
					},
					"prebuiltLibs":	{
						"prebuiltIncPath":	[],
						"prebuiltLibPath":	[]
					},
					"isolation":	{
					}
				}]
		}]
}
TRACE::2024-11-18.23:20:19::SCWMssOS::cleaning the bsp 
TRACE::2024-11-18.23:20:19::SCWMssOS::System Command Ran  C: & cd  C:/Users/kb40/Desktop/ECE385/labb6/final_proj_sdk/mb_usb_hdmi_top/microblaze_0/standalone_microblaze_0/bsp & make clean 
TRACE::2024-11-18.23:20:19::SCWMssOS::make -C microblaze_0/libsrc/bram_v4_8/src -s clean 

TRACE::2024-11-18.23:20:19::SCWMssOS::make -C microblaze_0/libsrc/cpu_v2_16/src -s clean 

TRACE::2024-11-18.23:20:19::SCWMssOS::make -C microblaze_0/libsrc/gpio_v4_9/src -s clean 

TRACE::2024-11-18.23:20:20::SCWMssOS::make -C microblaze_0/libsrc/intc_v3_15/src -s clean 

TRACE::2024-11-18.23:20:20::SCWMssOS::make -C microblaze_0/libsrc/spi_v4_9/src -s clean 

TRACE::2024-11-18.23:20:20::SCWMssOS::make -C microblaze_0/libsrc/standalone_v8_0/src -s clean 

TRACE::2024-11-18.23:20:20::SCWMssOS::make -C microblaze_0/libsrc/tmrctr_v4_9/src -s clean 

TRACE::2024-11-18.23:20:21::SCWMssOS::make -C microblaze_0/libsrc/uartlite_v3_7/src -s clean 

TRACE::2024-11-18.23:20:21::SCWMssOS::rm -f microblaze_0/lib/libxil.a

TRACE::2024-11-18.23:20:24::SCWMssOS::cleaning the bsp 
TRACE::2024-11-18.23:20:24::SCWMssOS::System Command Ran  C: & cd  C:/Users/kb40/Desktop/ECE385/labb6/final_proj_sdk/mb_usb_hdmi_top/microblaze_0/standalone_microblaze_0/bsp & make clean 
TRACE::2024-11-18.23:20:24::SCWMssOS::make -C microblaze_0/libsrc/bram_v4_8/src -s clean 

TRACE::2024-11-18.23:20:24::SCWMssOS::make -C microblaze_0/libsrc/cpu_v2_16/src -s clean 

TRACE::2024-11-18.23:20:24::SCWMssOS::make -C microblaze_0/libsrc/gpio_v4_9/src -s clean 

TRACE::2024-11-18.23:20:24::SCWMssOS::make -C microblaze_0/libsrc/intc_v3_15/src -s clean 

TRACE::2024-11-18.23:20:24::SCWMssOS::make -C microblaze_0/libsrc/spi_v4_9/src -s clean 

TRACE::2024-11-18.23:20:24::SCWMssOS::make -C microblaze_0/libsrc/standalone_v8_0/src -s clean 

TRACE::2024-11-18.23:20:24::SCWMssOS::make -C microblaze_0/libsrc/tmrctr_v4_9/src -s clean 

TRACE::2024-11-18.23:20:25::SCWMssOS::make -C microblaze_0/libsrc/uartlite_v3_7/src -s clean 

TRACE::2024-11-18.23:20:25::SCWMssOS::rm -f microblaze_0/lib/libxil.a

LOG::2024-11-18.23:20:44::SCWPlatform::Started generating the artifacts platform mb_usb_hdmi_top
TRACE::2024-11-18.23:20:44::SCWPlatform::Sanity checking of platform is completed
LOG::2024-11-18.23:20:44::SCWPlatform::Started generating the artifacts for system configuration mb_usb_hdmi_top
LOG::2024-11-18.23:20:44::SCWSystem::Checking the domain standalone_microblaze_0
LOG::2024-11-18.23:20:44::SCWSystem::Not a boot domain 
LOG::2024-11-18.23:20:44::SCWSystem::Started Processing the domain standalone_microblaze_0
TRACE::2024-11-18.23:20:44::SCWDomain::Generating domain artifcats
TRACE::2024-11-18.23:20:44::SCWMssOS::Generating standalone artifcats
TRACE::2024-11-18.23:20:44::SCWMssOS:: Copying the user libraries. 
TRACE::2024-11-18.23:20:44::SCWPlatform::Trying to open the hw design at C:/Users/kb40/Desktop/ECE385/labb6/final_proj_sdk/mb_usb_hdmi_top/hw/final_top.xsa
TRACE::2024-11-18.23:20:44::SCWPlatform::DSA given C:/Users/kb40/Desktop/ECE385/labb6/final_proj_sdk/mb_usb_hdmi_top/hw/final_top.xsa
TRACE::2024-11-18.23:20:44::SCWPlatform::DSA absoulate path C:/Users/kb40/Desktop/ECE385/labb6/final_proj_sdk/mb_usb_hdmi_top/hw/final_top.xsa
TRACE::2024-11-18.23:20:44::SCWPlatform::DSA directory C:/Users/kb40/Desktop/ECE385/labb6/final_proj_sdk/mb_usb_hdmi_top/hw
TRACE::2024-11-18.23:20:44::SCWPlatform:: Platform Path C:/Users/kb40/Desktop/ECE385/labb6/final_proj_sdk/mb_usb_hdmi_top/hw/final_top.xsa
TRACE::2024-11-18.23:20:44::SCWPlatform:: Unique name xilinx:::0.0
TRACE::2024-11-18.23:20:44::SCWPlatform::Trying to set the existing hwdb with name mb_usb_hdmi_top_33
TRACE::2024-11-18.23:20:44::SCWPlatform::Opened existing hwdb mb_usb_hdmi_top_33
TRACE::2024-11-18.23:20:44::SCWPlatform::Found the Hw Db part of the input DSA
TRACE::2024-11-18.23:20:44::SCWMssOS::Checking the sw design at  C:/Users/kb40/Desktop/ECE385/labb6/final_proj_sdk/mb_usb_hdmi_top/microblaze_0/standalone_microblaze_0/bsp/system.mss
TRACE::2024-11-18.23:20:44::SCWMssOS::DEBUG:  swdes dump  C:/Users/kb40/Desktop/ECE385/labb6/final_proj_sdk/mb_usb_hdmi_top/microblaze_0/standalone_microblaze_0/bsp/system.mss|system||

TRACE::2024-11-18.23:20:44::SCWMssOS::Sw design exists and opened at  C:/Users/kb40/Desktop/ECE385/labb6/final_proj_sdk/mb_usb_hdmi_top/microblaze_0/standalone_microblaze_0/bsp/system.mss
TRACE::2024-11-18.23:20:44::SCWMssOS::Completed writing the mss file at C:/Users/kb40/Desktop/ECE385/labb6/final_proj_sdk/mb_usb_hdmi_top/microblaze_0/standalone_microblaze_0/bsp
TRACE::2024-11-18.23:20:44::SCWMssOS::Mss edits present, copying mssfile into export location C:/Users/kb40/Desktop/ECE385/labb6/final_proj_sdk/mb_usb_hdmi_top/microblaze_0/standalone_microblaze_0/bsp/system.mss
TRACE::2024-11-18.23:20:44::SCWMssOS::bsp generated is stale removing and regenerating. 
TRACE::2024-11-18.23:20:46::SCWMssOS::doing bsp build ... 
TRACE::2024-11-18.23:20:46::SCWMssOS::System Command Ran  C: & cd  C:/Users/kb40/Desktop/ECE385/labb6/final_proj_sdk/mb_usb_hdmi_top/microblaze_0/standalone_microblaze_0/bsp & make 
TRACE::2024-11-18.23:20:46::SCWMssOS::make --no-print-directory seq_libs

TRACE::2024-11-18.23:20:46::SCWMssOS::'Finished building libraries sequentially.'

TRACE::2024-11-18.23:20:46::SCWMssOS::make -j 10 --no-print-directory par_libs

TRACE::2024-11-18.23:20:46::SCWMssOS::"Running Make include in microblaze_0/libsrc/bram_v4_8/src"

TRACE::2024-11-18.23:20:46::SCWMssOS::make -C microblaze_0/libsrc/bram_v4_8/src -s include  "SHELL=CMD" "COMPILER=mb-gcc" "ASSEMBLER=mb-as" "ARCHIVER=mb-ar" "COMPILE
TRACE::2024-11-18.23:20:46::SCWMssOS::R_FLAGS=  -O2 -c -mcpu=v11.0 -mlittle-endian -mno-xl-reorder -mno-xl-soft-mul -mxl-barrel-shift -mxl-pattern-compare" "EXTRA_CO
TRACE::2024-11-18.23:20:46::SCWMssOS::MPILER_FLAGS=-g -ffunction-sections -fdata-sections -Wall -Wextra -fno-tree-loop-distribute-patterns"

TRACE::2024-11-18.23:20:46::SCWMssOS::"Running Make include in microblaze_0/libsrc/cpu_v2_16/src"

TRACE::2024-11-18.23:20:46::SCWMssOS::make -C microblaze_0/libsrc/cpu_v2_16/src -s include  "SHELL=CMD" "COMPILER=mb-gcc" "ASSEMBLER=mb-as" "ARCHIVER=mb-ar" "COMPILE
TRACE::2024-11-18.23:20:46::SCWMssOS::R_FLAGS=  -O2 -c -mcpu=v11.0 -mlittle-endian -mno-xl-reorder -mno-xl-soft-mul -mxl-barrel-shift -mxl-pattern-compare" "EXTRA_CO
TRACE::2024-11-18.23:20:46::SCWMssOS::MPILER_FLAGS=-g -ffunction-sections -fdata-sections -Wall -Wextra -fno-tree-loop-distribute-patterns"

TRACE::2024-11-18.23:20:46::SCWMssOS::"Running Make include in microblaze_0/libsrc/gpio_v4_9/src"

TRACE::2024-11-18.23:20:46::SCWMssOS::make -C microblaze_0/libsrc/gpio_v4_9/src -s include  "SHELL=CMD" "COMPILER=mb-gcc" "ASSEMBLER=mb-as" "ARCHIVER=mb-ar" "COMPILE
TRACE::2024-11-18.23:20:46::SCWMssOS::R_FLAGS=  -O2 -c -mcpu=v11.0 -mlittle-endian -mno-xl-reorder -mno-xl-soft-mul -mxl-barrel-shift -mxl-pattern-compare" "EXTRA_CO
TRACE::2024-11-18.23:20:46::SCWMssOS::MPILER_FLAGS=-g -ffunction-sections -fdata-sections -Wall -Wextra -fno-tree-loop-distribute-patterns"

TRACE::2024-11-18.23:20:46::SCWMssOS::"Running Make include in microblaze_0/libsrc/intc_v3_15/src"

TRACE::2024-11-18.23:20:46::SCWMssOS::make -C microblaze_0/libsrc/intc_v3_15/src -s include  "SHELL=CMD" "COMPILER=mb-gcc" "ASSEMBLER=mb-as" "ARCHIVER=mb-ar" "COMPIL
TRACE::2024-11-18.23:20:46::SCWMssOS::ER_FLAGS=  -O2 -c -mcpu=v11.0 -mlittle-endian -mno-xl-reorder -mno-xl-soft-mul -mxl-barrel-shift -mxl-pattern-compare" "EXTRA_C
TRACE::2024-11-18.23:20:46::SCWMssOS::OMPILER_FLAGS=-g -ffunction-sections -fdata-sections -Wall -Wextra -fno-tree-loop-distribute-patterns"

TRACE::2024-11-18.23:20:46::SCWMssOS::"Running Make include in microblaze_0/libsrc/spi_v4_9/src"

TRACE::2024-11-18.23:20:46::SCWMssOS::make -C microblaze_0/libsrc/spi_v4_9/src -s include  "SHELL=CMD" "COMPILER=mb-gcc" "ASSEMBLER=mb-as" "ARCHIVER=mb-ar" "COMPILER
TRACE::2024-11-18.23:20:46::SCWMssOS::_FLAGS=  -O2 -c -mcpu=v11.0 -mlittle-endian -mno-xl-reorder -mno-xl-soft-mul -mxl-barrel-shift -mxl-pattern-compare" "EXTRA_COM
TRACE::2024-11-18.23:20:46::SCWMssOS::PILER_FLAGS=-g -ffunction-sections -fdata-sections -Wall -Wextra -fno-tree-loop-distribute-patterns"

TRACE::2024-11-18.23:20:46::SCWMssOS::"Running Make include in microblaze_0/libsrc/standalone_v8_0/src"

TRACE::2024-11-18.23:20:46::SCWMssOS::make -C microblaze_0/libsrc/standalone_v8_0/src -s include  "SHELL=CMD" "COMPILER=mb-gcc" "ASSEMBLER=mb-as" "ARCHIVER=mb-ar" "C
TRACE::2024-11-18.23:20:46::SCWMssOS::OMPILER_FLAGS=  -O2 -c -mcpu=v11.0 -mlittle-endian -mno-xl-reorder -mno-xl-soft-mul -mxl-barrel-shift -mxl-pattern-compare" "EX
TRACE::2024-11-18.23:20:46::SCWMssOS::TRA_COMPILER_FLAGS=-g -ffunction-sections -fdata-sections -Wall -Wextra -fno-tree-loop-distribute-patterns"

TRACE::2024-11-18.23:20:46::SCWMssOS::"Running Make include in microblaze_0/libsrc/tmrctr_v4_9/src"

TRACE::2024-11-18.23:20:47::SCWMssOS::make -C microblaze_0/libsrc/tmrctr_v4_9/src -s include  "SHELL=CMD" "COMPILER=mb-gcc" "ASSEMBLER=mb-as" "ARCHIVER=mb-ar" "COMPI
TRACE::2024-11-18.23:20:47::SCWMssOS::LER_FLAGS=  -O2 -c -mcpu=v11.0 -mlittle-endian -mno-xl-reorder -mno-xl-soft-mul -mxl-barrel-shift -mxl-pattern-compare" "EXTRA_
TRACE::2024-11-18.23:20:47::SCWMssOS::COMPILER_FLAGS=-g -ffunction-sections -fdata-sections -Wall -Wextra -fno-tree-loop-distribute-patterns"

TRACE::2024-11-18.23:20:47::SCWMssOS::"Running Make include in microblaze_0/libsrc/uartlite_v3_7/src"

TRACE::2024-11-18.23:20:47::SCWMssOS::make -C microblaze_0/libsrc/uartlite_v3_7/src -s include  "SHELL=CMD" "COMPILER=mb-gcc" "ASSEMBLER=mb-as" "ARCHIVER=mb-ar" "COM
TRACE::2024-11-18.23:20:47::SCWMssOS::PILER_FLAGS=  -O2 -c -mcpu=v11.0 -mlittle-endian -mno-xl-reorder -mno-xl-soft-mul -mxl-barrel-shift -mxl-pattern-compare" "EXTR
TRACE::2024-11-18.23:20:47::SCWMssOS::A_COMPILER_FLAGS=-g -ffunction-sections -fdata-sections -Wall -Wextra -fno-tree-loop-distribute-patterns"

TRACE::2024-11-18.23:20:47::SCWMssOS::"Running Make libs in microblaze_0/libsrc/bram_v4_8/src"

TRACE::2024-11-18.23:20:47::SCWMssOS::make -C microblaze_0/libsrc/bram_v4_8/src -s libs  "SHELL=CMD" "COMPILER=mb-gcc" "ASSEMBLER=mb-as" "ARCHIVER=mb-ar" "COMPILER_F
TRACE::2024-11-18.23:20:47::SCWMssOS::LAGS=  -O2 -c -mcpu=v11.0 -mlittle-endian -mno-xl-reorder -mno-xl-soft-mul -mxl-barrel-shift -mxl-pattern-compare" "EXTRA_COMPI
TRACE::2024-11-18.23:20:47::SCWMssOS::LER_FLAGS=-g -ffunction-sections -fdata-sections -Wall -Wextra -fno-tree-loop-distribute-patterns"

TRACE::2024-11-18.23:20:47::SCWMssOS::"Running Make libs in microblaze_0/libsrc/cpu_v2_16/src"

TRACE::2024-11-18.23:20:47::SCWMssOS::make -C microblaze_0/libsrc/cpu_v2_16/src -s libs  "SHELL=CMD" "COMPILER=mb-gcc" "ASSEMBLER=mb-as" "ARCHIVER=mb-ar" "COMPILER_F
TRACE::2024-11-18.23:20:47::SCWMssOS::LAGS=  -O2 -c -mcpu=v11.0 -mlittle-endian -mno-xl-reorder -mno-xl-soft-mul -mxl-barrel-shift -mxl-pattern-compare" "EXTRA_COMPI
TRACE::2024-11-18.23:20:47::SCWMssOS::LER_FLAGS=-g -ffunction-sections -fdata-sections -Wall -Wextra -fno-tree-loop-distribute-patterns"

TRACE::2024-11-18.23:20:47::SCWMssOS::"Running Make libs in microblaze_0/libsrc/gpio_v4_9/src"

TRACE::2024-11-18.23:20:47::SCWMssOS::make -C microblaze_0/libsrc/gpio_v4_9/src -s libs  "SHELL=CMD" "COMPILER=mb-gcc" "ASSEMBLER=mb-as" "ARCHIVER=mb-ar" "COMPILER_F
TRACE::2024-11-18.23:20:47::SCWMssOS::LAGS=  -O2 -c -mcpu=v11.0 -mlittle-endian -mno-xl-reorder -mno-xl-soft-mul -mxl-barrel-shift -mxl-pattern-compare" "EXTRA_COMPI
TRACE::2024-11-18.23:20:47::SCWMssOS::LER_FLAGS=-g -ffunction-sections -fdata-sections -Wall -Wextra -fno-tree-loop-distribute-patterns"

TRACE::2024-11-18.23:20:47::SCWMssOS::"Running Make libs in microblaze_0/libsrc/intc_v3_15/src"

TRACE::2024-11-18.23:20:47::SCWMssOS::make -C microblaze_0/libsrc/intc_v3_15/src -s libs  "SHELL=CMD" "COMPILER=mb-gcc" "ASSEMBLER=mb-as" "ARCHIVER=mb-ar" "COMPILER_
TRACE::2024-11-18.23:20:47::SCWMssOS::FLAGS=  -O2 -c -mcpu=v11.0 -mlittle-endian -mno-xl-reorder -mno-xl-soft-mul -mxl-barrel-shift -mxl-pattern-compare" "EXTRA_COMP
TRACE::2024-11-18.23:20:47::SCWMssOS::ILER_FLAGS=-g -ffunction-sections -fdata-sections -Wall -Wextra -fno-tree-loop-distribute-patterns"

TRACE::2024-11-18.23:20:47::SCWMssOS::"Running Make libs in microblaze_0/libsrc/spi_v4_9/src"

TRACE::2024-11-18.23:20:47::SCWMssOS::make -C microblaze_0/libsrc/spi_v4_9/src -s libs  "SHELL=CMD" "COMPILER=mb-gcc" "ASSEMBLER=mb-as" "ARCHIVER=mb-ar" "COMPILER_FL
TRACE::2024-11-18.23:20:47::SCWMssOS::AGS=  -O2 -c -mcpu=v11.0 -mlittle-endian -mno-xl-reorder -mno-xl-soft-mul -mxl-barrel-shift -mxl-pattern-compare" "EXTRA_COMPIL
TRACE::2024-11-18.23:20:47::SCWMssOS::ER_FLAGS=-g -ffunction-sections -fdata-sections -Wall -Wextra -fno-tree-loop-distribute-patterns"

TRACE::2024-11-18.23:20:47::SCWMssOS::"Running Make libs in microblaze_0/libsrc/standalone_v8_0/src"

TRACE::2024-11-18.23:20:47::SCWMssOS::make -C microblaze_0/libsrc/standalone_v8_0/src -s libs  "SHELL=CMD" "COMPILER=mb-gcc" "ASSEMBLER=mb-as" "ARCHIVER=mb-ar" "COMP
TRACE::2024-11-18.23:20:47::SCWMssOS::ILER_FLAGS=  -O2 -c -mcpu=v11.0 -mlittle-endian -mno-xl-reorder -mno-xl-soft-mul -mxl-barrel-shift -mxl-pattern-compare" "EXTRA
TRACE::2024-11-18.23:20:47::SCWMssOS::_COMPILER_FLAGS=-g -ffunction-sections -fdata-sections -Wall -Wextra -fno-tree-loop-distribute-patterns"

TRACE::2024-11-18.23:20:48::SCWMssOS::"Running Make libs in microblaze_0/libsrc/tmrctr_v4_9/src"

TRACE::2024-11-18.23:20:48::SCWMssOS::make -C microblaze_0/libsrc/tmrctr_v4_9/src -s libs  "SHELL=CMD" "COMPILER=mb-gcc" "ASSEMBLER=mb-as" "ARCHIVER=mb-ar" "COMPILER
TRACE::2024-11-18.23:20:48::SCWMssOS::_FLAGS=  -O2 -c -mcpu=v11.0 -mlittle-endian -mno-xl-reorder -mno-xl-soft-mul -mxl-barrel-shift -mxl-pattern-compare" "EXTRA_COM
TRACE::2024-11-18.23:20:48::SCWMssOS::PILER_FLAGS=-g -ffunction-sections -fdata-sections -Wall -Wextra -fno-tree-loop-distribute-patterns"

TRACE::2024-11-18.23:20:48::SCWMssOS::"Running Make libs in microblaze_0/libsrc/uartlite_v3_7/src"

TRACE::2024-11-18.23:20:48::SCWMssOS::make -C microblaze_0/libsrc/uartlite_v3_7/src -s libs  "SHELL=CMD" "COMPILER=mb-gcc" "ASSEMBLER=mb-as" "ARCHIVER=mb-ar" "COMPIL
TRACE::2024-11-18.23:20:48::SCWMssOS::ER_FLAGS=  -O2 -c -mcpu=v11.0 -mlittle-endian -mno-xl-reorder -mno-xl-soft-mul -mxl-barrel-shift -mxl-pattern-compare" "EXTRA_C
TRACE::2024-11-18.23:20:48::SCWMssOS::OMPILER_FLAGS=-g -ffunction-sections -fdata-sections -Wall -Wextra -fno-tree-loop-distribute-patterns"

TRACE::2024-11-18.23:20:51::SCWMssOS::"DEBUG NON_LTO_OBJECTS is ../../../lib/microblaze_interrupt_handler.o"

TRACE::2024-11-18.23:20:51::SCWMssOS::'Finished building libraries parallelly.'

TRACE::2024-11-18.23:20:51::SCWMssOS::make --no-print-directory archive

TRACE::2024-11-18.23:20:51::SCWMssOS::mb-ar -r  microblaze_0/lib/libxil.a microblaze_0/lib/_exit.o microblaze_0/lib/errno.o microblaze_0/lib/fcntl.o microblaze_0/lib
TRACE::2024-11-18.23:20:51::SCWMssOS::/hw_exception_handler.o microblaze_0/lib/inbyte.o microblaze_0/lib/microblaze_disable_dcache.o microblaze_0/lib/microblaze_disa
TRACE::2024-11-18.23:20:51::SCWMssOS::ble_exceptions.o microblaze_0/lib/microblaze_disable_icache.o microblaze_0/lib/microblaze_disable_interrupts.o microblaze_0/lib
TRACE::2024-11-18.23:20:51::SCWMssOS::/microblaze_enable_dcache.o microblaze_0/lib/microblaze_enable_exceptions.o microblaze_0/lib/microblaze_enable_icache.o microbl
TRACE::2024-11-18.23:20:51::SCWMssOS::aze_0/lib/microblaze_enable_interrupts.o microblaze_0/lib/microblaze_exception_handler.o microblaze_0/lib/microblaze_flush_cach
TRACE::2024-11-18.23:20:51::SCWMssOS::e_ext.o microblaze_0/lib/microblaze_flush_cache_ext_range.o microblaze_0/lib/microblaze_flush_dcache.o microblaze_0/lib/microbl
TRACE::2024-11-18.23:20:51::SCWMssOS::aze_flush_dcache_range.o microblaze_0/lib/microblaze_init_dcache_range.o microblaze_0/lib/microblaze_init_icache_range.o microb
TRACE::2024-11-18.23:20:51::SCWMssOS::laze_0/lib/microblaze_interrupt_handler.o microblaze_0/lib/microblaze_interrupts_g.o microblaze_0/lib/microblaze_invalidate_cac
TRACE::2024-11-18.23:20:51::SCWMssOS::he_ext.o microblaze_0/lib/microblaze_invalidate_cache_ext_range.o microblaze_0/lib/microblaze_invalidate_dcache.o microblaze_0/
TRACE::2024-11-18.23:20:51::SCWMssOS::lib/microblaze_invalidate_dcache_range.o microblaze_0/lib/microblaze_invalidate_icache.o microblaze_0/lib/microblaze_invalidate
TRACE::2024-11-18.23:20:51::SCWMssOS::_icache_range.o microblaze_0/lib/microblaze_scrub.o microblaze_0/lib/microblaze_selftest.o microblaze_0/lib/microblaze_sleep.o 
TRACE::2024-11-18.23:20:51::SCWMssOS::microblaze_0/lib/microblaze_update_dcache.o microblaze_0/lib/microblaze_update_icache.o microblaze_0/lib/outbyte.o microblaze_0
TRACE::2024-11-18.23:20:51::SCWMssOS::/lib/print.o microblaze_0/lib/pvr.o microblaze_0/lib/xbram.o microblaze_0/lib/xbram_g.o microblaze_0/lib/xbram_intr.o microblaz
TRACE::2024-11-18.23:20:51::SCWMssOS::e_0/lib/xbram_selftest.o microblaze_0/lib/xbram_sinit.o microblaze_0/lib/xgpio.o microblaze_0/lib/xgpio_extra.o microblaze_0/li
TRACE::2024-11-18.23:20:51::SCWMssOS::b/xgpio_g.o microblaze_0/lib/xgpio_intr.o microblaze_0/lib/xgpio_selftest.o microblaze_0/lib/xgpio_sinit.o microblaze_0/lib/xil
TRACE::2024-11-18.23:20:51::SCWMssOS::_assert.o microblaze_0/lib/xil_cache.o microblaze_0/lib/xil_clocking.o microblaze_0/lib/xil_exception.o microblaze_0/lib/xil_me
TRACE::2024-11-18.23:20:51::SCWMssOS::m.o microblaze_0/lib/xil_misc_psreset_api.o microblaze_0/lib/xil_printf.o microblaze_0/lib/xil_sleepcommon.o microblaze_0/lib/x
TRACE::2024-11-18.23:20:51::SCWMssOS::il_testcache.o microblaze_0/lib/xil_testio.o microblaze_0/lib/xil_testmem.o microblaze_0/lib/xil_util.o microblaze_0/lib/xintc.
TRACE::2024-11-18.23:20:51::SCWMssOS::o microblaze_0/lib/xintc_g.o microblaze_0/lib/xintc_intr.o microblaze_0/lib/xintc_l.o microblaze_0/lib/xintc_options.o microbla
TRACE::2024-11-18.23:20:51::SCWMssOS::ze_0/lib/xintc_selftest.o microblaze_0/lib/xinterrupt_wrap.o microblaze_0/lib/xio.o microblaze_0/lib/xplatform_info.o microblaz
TRACE::2024-11-18.23:20:51::SCWMssOS::e_0/lib/xspi.o microblaze_0/lib/xspi_g.o microblaze_0/lib/xspi_options.o microblaze_0/lib/xspi_selftest.o microblaze_0/lib/xspi
TRACE::2024-11-18.23:20:51::SCWMssOS::_sinit.o microblaze_0/lib/xspi_stats.o microblaze_0/lib/xtmrctr.o microblaze_0/lib/xtmrctr_g.o microblaze_0/lib/xtmrctr_intr.o 
TRACE::2024-11-18.23:20:51::SCWMssOS::microblaze_0/lib/xtmrctr_l.o microblaze_0/lib/xtmrctr_options.o microblaze_0/lib/xtmrctr_selftest.o microblaze_0/lib/xtmrctr_si
TRACE::2024-11-18.23:20:51::SCWMssOS::nit.o microblaze_0/lib/xtmrctr_stats.o microblaze_0/lib/xuartlite.o microblaze_0/lib/xuartlite_g.o microblaze_0/lib/xuartlite_i
TRACE::2024-11-18.23:20:51::SCWMssOS::ntr.o microblaze_0/lib/xuartlite_l.o microblaze_0/lib/xuartlite_selftest.o microblaze_0/lib/xuartlite_sinit.o microblaze_0/lib/
TRACE::2024-11-18.23:20:51::SCWMssOS::xuartlite_stats.o

TRACE::2024-11-18.23:20:51::SCWMssOS::'Finished building libraries'

TRACE::2024-11-18.23:20:52::SCWMssOS:: Checking if to create the Supporting Applications
TRACE::2024-11-18.23:20:52::SCWMssOS:: No Linux domain exists, trying to generate FSBL 
LOG::2024-11-18.23:20:52::SCWSystem::Completed Processing the domain standalone_microblaze_0
LOG::2024-11-18.23:20:52::SCWSystem::Completed Processing the sysconfig mb_usb_hdmi_top
LOG::2024-11-18.23:20:52::SCWPlatform::Completed generating the artifacts for system configuration mb_usb_hdmi_top
TRACE::2024-11-18.23:20:52::SCWPlatform::Started preparing the platform 
TRACE::2024-11-18.23:20:52::SCWSystem::Writing the bif file for system config mb_usb_hdmi_top
TRACE::2024-11-18.23:20:52::SCWSystem::dir created 
TRACE::2024-11-18.23:20:52::SCWSystem::Writing the bif 
TRACE::2024-11-18.23:20:52::SCWPlatform::Started writing the spfm file 
TRACE::2024-11-18.23:20:52::SCWPlatform::Started writing the xpfm file 
TRACE::2024-11-18.23:20:52::SCWPlatform::Completed generating the platform
TRACE::2024-11-18.23:20:52::SCWMssOS::Saving the mss changes C:/Users/kb40/Desktop/ECE385/labb6/final_proj_sdk/mb_usb_hdmi_top/microblaze_0/standalone_microblaze_0/bsp/system.mss
TRACE::2024-11-18.23:20:52::SCWMssOS::Adding the swdes entry, mss present, able to open swdb C:/Users/kb40/Desktop/ECE385/labb6/final_proj_sdk/mb_usb_hdmi_top/microblaze_0/standalone_microblaze_0/bsp/system.mss with des name system
TRACE::2024-11-18.23:20:52::SCWMssOS::Writing the mss file completed C:/Users/kb40/Desktop/ECE385/labb6/final_proj_sdk/mb_usb_hdmi_top/microblaze_0/standalone_microblaze_0/bsp/system.mss
TRACE::2024-11-18.23:20:52::SCWMssOS::Commit changes completed.
TRACE::2024-11-18.23:20:52::SCWPlatform::Trying to open the hw design at C:/Users/kb40/Desktop/ECE385/labb6/final_proj_sdk/mb_usb_hdmi_top/hw/final_top.xsa
TRACE::2024-11-18.23:20:52::SCWPlatform::DSA given C:/Users/kb40/Desktop/ECE385/labb6/final_proj_sdk/mb_usb_hdmi_top/hw/final_top.xsa
TRACE::2024-11-18.23:20:52::SCWPlatform::DSA absoulate path C:/Users/kb40/Desktop/ECE385/labb6/final_proj_sdk/mb_usb_hdmi_top/hw/final_top.xsa
TRACE::2024-11-18.23:20:52::SCWPlatform::DSA directory C:/Users/kb40/Desktop/ECE385/labb6/final_proj_sdk/mb_usb_hdmi_top/hw
TRACE::2024-11-18.23:20:52::SCWPlatform:: Platform Path C:/Users/kb40/Desktop/ECE385/labb6/final_proj_sdk/mb_usb_hdmi_top/hw/final_top.xsa
TRACE::2024-11-18.23:20:52::SCWPlatform:: Unique name xilinx:::0.0
TRACE::2024-11-18.23:20:52::SCWPlatform::Trying to set the existing hwdb with name mb_usb_hdmi_top_33
TRACE::2024-11-18.23:20:52::SCWPlatform::Opened existing hwdb mb_usb_hdmi_top_33
TRACE::2024-11-18.23:20:52::SCWPlatform::Found the Hw Db part of the input DSA
TRACE::2024-11-18.23:20:52::SCWMssOS::Checking the sw design at  C:/Users/kb40/Desktop/ECE385/labb6/final_proj_sdk/mb_usb_hdmi_top/microblaze_0/standalone_microblaze_0/bsp/system.mss
TRACE::2024-11-18.23:20:52::SCWMssOS::DEBUG:  swdes dump  C:/Users/kb40/Desktop/ECE385/labb6/final_proj_sdk/mb_usb_hdmi_top/microblaze_0/standalone_microblaze_0/bsp/system.mss|system||

TRACE::2024-11-18.23:20:52::SCWMssOS::Sw design exists and opened at  C:/Users/kb40/Desktop/ECE385/labb6/final_proj_sdk/mb_usb_hdmi_top/microblaze_0/standalone_microblaze_0/bsp/system.mss
TRACE::2024-11-18.23:20:52::SCWWriter::formatted JSON is {
	"platformName":	"mb_usb_hdmi_top",
	"sprVersion":	"2.0",
	"mode":	"gui",
	"dsaType":	"Fixed",
	"platformDesc":	"mb_usb_hdmi_top",
	"platHandOff":	"C:/Users/kb40/Desktop/ECE385/labb6/final_top.xsa",
	"platIntHandOff":	"<platformDir>/hw/final_top.xsa",
	"deviceType":	"FPGA",
	"platIsPrebuiltAutogen":	"false",
	"platIsNoBootBsp":	"false",
	"hasFsblMakeHasChanges":	"false",
	"hasPmufwMakeHasChanges":	"false",
	"platPreBuiltFlag":	false,
	"platformSamplesDir":	"",
	"platActiveSys":	"mb_usb_hdmi_top",
	"systems":	[{
			"systemName":	"mb_usb_hdmi_top",
			"systemDesc":	"mb_usb_hdmi_top",
			"sysIsBootAutoGen":	"true",
			"systemDispName":	"mb_usb_hdmi_top",
			"sysActiveDom":	"standalone_microblaze_0",
			"sysDefaultDom":	"standalone_microblaze_0",
			"domains":	[{
					"domainName":	"standalone_microblaze_0",
					"domainDispName":	"standalone_microblaze_0",
					"domainDesc":	"standalone_microblaze_0",
					"processors":	"microblaze_0",
					"os":	"standalone",
					"sdxOs":	"standalone",
					"debugEnable":	"False",
					"domRuntimes":	["cpp"],
					"swRepo":	"",
					"mssOsVer":	"8.0",
					"mssFile":	"",
					"md5Digest":	"304529987e879521ca977c68d163f362",
					"compatibleApp":	"",
					"domType":	"mssDomain",
					"arch":	"32-bit",
					"appSettings":	{
						"appCompilerFlags":	"",
						"appLinkerFlags":	""
					},
					"addedLibs":	[],
					"libOptions":	{
						"libsContainingOptions":	[]
					},
					"prebuiltLibs":	{
						"prebuiltIncPath":	[],
						"prebuiltLibPath":	[]
					},
					"isolation":	{
					}
				}]
		}]
}
KEYINFO::2024-11-18.23:20:52::SCWPlatform::updated the xpfm file.
TRACE::2024-11-18.23:20:52::SCWPlatform::Trying to open the hw design at C:/Users/kb40/Desktop/ECE385/labb6/final_proj_sdk/mb_usb_hdmi_top/hw/final_top.xsa
TRACE::2024-11-18.23:20:52::SCWPlatform::DSA given C:/Users/kb40/Desktop/ECE385/labb6/final_proj_sdk/mb_usb_hdmi_top/hw/final_top.xsa
TRACE::2024-11-18.23:20:52::SCWPlatform::DSA absoulate path C:/Users/kb40/Desktop/ECE385/labb6/final_proj_sdk/mb_usb_hdmi_top/hw/final_top.xsa
TRACE::2024-11-18.23:20:52::SCWPlatform::DSA directory C:/Users/kb40/Desktop/ECE385/labb6/final_proj_sdk/mb_usb_hdmi_top/hw
TRACE::2024-11-18.23:20:52::SCWPlatform:: Platform Path C:/Users/kb40/Desktop/ECE385/labb6/final_proj_sdk/mb_usb_hdmi_top/hw/final_top.xsa
TRACE::2024-11-18.23:20:52::SCWPlatform:: Unique name xilinx:::0.0
TRACE::2024-11-18.23:20:52::SCWPlatform::Trying to set the existing hwdb with name mb_usb_hdmi_top_33
TRACE::2024-11-18.23:20:52::SCWPlatform::Opened existing hwdb mb_usb_hdmi_top_33
TRACE::2024-11-18.23:20:52::SCWPlatform::Found the Hw Db part of the input DSA
TRACE::2024-11-18.23:20:52::SCWMssOS::Checking the sw design at  C:/Users/kb40/Desktop/ECE385/labb6/final_proj_sdk/mb_usb_hdmi_top/microblaze_0/standalone_microblaze_0/bsp/system.mss
TRACE::2024-11-18.23:20:52::SCWMssOS::DEBUG:  swdes dump  C:/Users/kb40/Desktop/ECE385/labb6/final_proj_sdk/mb_usb_hdmi_top/microblaze_0/standalone_microblaze_0/bsp/system.mss|system||

TRACE::2024-11-18.23:20:52::SCWMssOS::Sw design exists and opened at  C:/Users/kb40/Desktop/ECE385/labb6/final_proj_sdk/mb_usb_hdmi_top/microblaze_0/standalone_microblaze_0/bsp/system.mss
TRACE::2024-11-18.23:21:40::SCWPlatform::Clearing the existing platform
TRACE::2024-11-18.23:21:40::SCWSystem::Clearing the existing sysconfig
TRACE::2024-11-18.23:21:40::SCWMssOS::Removing the swdes entry for  C:/Users/kb40/Desktop/ECE385/labb6/final_proj_sdk/mb_usb_hdmi_top/microblaze_0/standalone_microblaze_0/bsp/system.mss
TRACE::2024-11-18.23:21:40::SCWSystem::Clearing the domains completed.
TRACE::2024-11-18.23:21:40::SCWPlatform::Clearing the opened hw db.
TRACE::2024-11-18.23:21:40::SCWPlatform::DSA given C:/Users/kb40/Desktop/ECE385/labb6/final_proj_sdk/mb_usb_hdmi_top/hw/final_top.xsa
TRACE::2024-11-18.23:21:40::SCWPlatform::DSA absoulate path C:/Users/kb40/Desktop/ECE385/labb6/final_proj_sdk/mb_usb_hdmi_top/hw/final_top.xsa
TRACE::2024-11-18.23:21:40::SCWPlatform:: Platform location is C:/Users/kb40/Desktop/ECE385/labb6/final_proj_sdk/mb_usb_hdmi_top/hw
TRACE::2024-11-18.23:21:40::SCWPlatform:: Platform Path C:/Users/kb40/Desktop/ECE385/labb6/final_proj_sdk/mb_usb_hdmi_top/hw/final_top.xsa
TRACE::2024-11-18.23:21:40::SCWPlatform:: Unique name xilinx:::0.0
TRACE::2024-11-18.23:21:40::SCWPlatform::Removing the HwDB with name C:/Users/kb40/Desktop/ECE385/labb6/final_proj_sdk/mb_usb_hdmi_top/hw/final_top.xsa
TRACE::2024-11-18.23:21:40::SCWPlatform::Trying to open the hw design at C:/Users/kb40/Desktop/ECE385/labb6/final_proj_sdk/mb_usb_hdmi_top/hw/final_top.xsa
TRACE::2024-11-18.23:21:40::SCWPlatform::DSA given C:/Users/kb40/Desktop/ECE385/labb6/final_proj_sdk/mb_usb_hdmi_top/hw/final_top.xsa
TRACE::2024-11-18.23:21:40::SCWPlatform::DSA absoulate path C:/Users/kb40/Desktop/ECE385/labb6/final_proj_sdk/mb_usb_hdmi_top/hw/final_top.xsa
TRACE::2024-11-18.23:21:40::SCWPlatform::DSA directory C:/Users/kb40/Desktop/ECE385/labb6/final_proj_sdk/mb_usb_hdmi_top/hw
TRACE::2024-11-18.23:21:40::SCWPlatform:: Platform Path C:/Users/kb40/Desktop/ECE385/labb6/final_proj_sdk/mb_usb_hdmi_top/hw/final_top.xsa
TRACE::2024-11-18.23:21:40::SCWPlatform:: Unique name xilinx:::0.0
TRACE::2024-11-18.23:21:40::SCWPlatform::Do not have an existing db opened. 
TRACE::2024-11-18.23:21:40::SCWPlatform::Opened new HwDB with name mb_usb_hdmi_top_34
TRACE::2024-11-18.23:21:40::SCWReader::Active system found as  mb_usb_hdmi_top
TRACE::2024-11-18.23:21:40::SCWReader::Handling sysconfig mb_usb_hdmi_top
TRACE::2024-11-18.23:21:40::SCWDomain::checking for install qemu data   : 
TRACE::2024-11-18.23:21:40::SCWPlatform::Trying to open the hw design at C:/Users/kb40/Desktop/ECE385/labb6/final_proj_sdk/mb_usb_hdmi_top/hw/final_top.xsa
TRACE::2024-11-18.23:21:40::SCWPlatform::DSA given C:/Users/kb40/Desktop/ECE385/labb6/final_proj_sdk/mb_usb_hdmi_top/hw/final_top.xsa
TRACE::2024-11-18.23:21:40::SCWPlatform::DSA absoulate path C:/Users/kb40/Desktop/ECE385/labb6/final_proj_sdk/mb_usb_hdmi_top/hw/final_top.xsa
TRACE::2024-11-18.23:21:40::SCWPlatform::DSA directory C:/Users/kb40/Desktop/ECE385/labb6/final_proj_sdk/mb_usb_hdmi_top/hw
TRACE::2024-11-18.23:21:40::SCWPlatform:: Platform Path C:/Users/kb40/Desktop/ECE385/labb6/final_proj_sdk/mb_usb_hdmi_top/hw/final_top.xsa
TRACE::2024-11-18.23:21:40::SCWPlatform:: Unique name xilinx:::0.0
TRACE::2024-11-18.23:21:40::SCWPlatform::Trying to set the existing hwdb with name mb_usb_hdmi_top_34
TRACE::2024-11-18.23:21:40::SCWPlatform::Opened existing hwdb mb_usb_hdmi_top_34
TRACE::2024-11-18.23:21:40::SCWPlatform::Found the Hw Db part of the input DSA
TRACE::2024-11-18.23:21:40::SCWPlatform::Trying to open the hw design at C:/Users/kb40/Desktop/ECE385/labb6/final_proj_sdk/mb_usb_hdmi_top/hw/final_top.xsa
TRACE::2024-11-18.23:21:40::SCWPlatform::DSA given C:/Users/kb40/Desktop/ECE385/labb6/final_proj_sdk/mb_usb_hdmi_top/hw/final_top.xsa
TRACE::2024-11-18.23:21:40::SCWPlatform::DSA absoulate path C:/Users/kb40/Desktop/ECE385/labb6/final_proj_sdk/mb_usb_hdmi_top/hw/final_top.xsa
TRACE::2024-11-18.23:21:40::SCWPlatform::DSA directory C:/Users/kb40/Desktop/ECE385/labb6/final_proj_sdk/mb_usb_hdmi_top/hw
TRACE::2024-11-18.23:21:40::SCWPlatform:: Platform Path C:/Users/kb40/Desktop/ECE385/labb6/final_proj_sdk/mb_usb_hdmi_top/hw/final_top.xsa
TRACE::2024-11-18.23:21:40::SCWPlatform:: Unique name xilinx:::0.0
TRACE::2024-11-18.23:21:40::SCWPlatform::Trying to set the existing hwdb with name mb_usb_hdmi_top_34
TRACE::2024-11-18.23:21:40::SCWPlatform::Opened existing hwdb mb_usb_hdmi_top_34
TRACE::2024-11-18.23:21:40::SCWPlatform::Found the Hw Db part of the input DSA
TRACE::2024-11-18.23:21:40::SCWPlatform::Trying to open the hw design at C:/Users/kb40/Desktop/ECE385/labb6/final_proj_sdk/mb_usb_hdmi_top/hw/final_top.xsa
TRACE::2024-11-18.23:21:40::SCWPlatform::DSA given C:/Users/kb40/Desktop/ECE385/labb6/final_proj_sdk/mb_usb_hdmi_top/hw/final_top.xsa
TRACE::2024-11-18.23:21:40::SCWPlatform::DSA absoulate path C:/Users/kb40/Desktop/ECE385/labb6/final_proj_sdk/mb_usb_hdmi_top/hw/final_top.xsa
TRACE::2024-11-18.23:21:40::SCWPlatform::DSA directory C:/Users/kb40/Desktop/ECE385/labb6/final_proj_sdk/mb_usb_hdmi_top/hw
TRACE::2024-11-18.23:21:40::SCWPlatform:: Platform Path C:/Users/kb40/Desktop/ECE385/labb6/final_proj_sdk/mb_usb_hdmi_top/hw/final_top.xsa
TRACE::2024-11-18.23:21:40::SCWPlatform:: Unique name xilinx:::0.0
TRACE::2024-11-18.23:21:40::SCWPlatform::Trying to set the existing hwdb with name mb_usb_hdmi_top_34
TRACE::2024-11-18.23:21:40::SCWPlatform::Opened existing hwdb mb_usb_hdmi_top_34
TRACE::2024-11-18.23:21:40::SCWPlatform::Found the Hw Db part of the input DSA
TRACE::2024-11-18.23:21:40::SCWPlatform::Trying to open the hw design at C:/Users/kb40/Desktop/ECE385/labb6/final_proj_sdk/mb_usb_hdmi_top/hw/final_top.xsa
TRACE::2024-11-18.23:21:40::SCWPlatform::DSA given C:/Users/kb40/Desktop/ECE385/labb6/final_proj_sdk/mb_usb_hdmi_top/hw/final_top.xsa
TRACE::2024-11-18.23:21:40::SCWPlatform::DSA absoulate path C:/Users/kb40/Desktop/ECE385/labb6/final_proj_sdk/mb_usb_hdmi_top/hw/final_top.xsa
TRACE::2024-11-18.23:21:40::SCWPlatform::DSA directory C:/Users/kb40/Desktop/ECE385/labb6/final_proj_sdk/mb_usb_hdmi_top/hw
TRACE::2024-11-18.23:21:40::SCWPlatform:: Platform Path C:/Users/kb40/Desktop/ECE385/labb6/final_proj_sdk/mb_usb_hdmi_top/hw/final_top.xsa
TRACE::2024-11-18.23:21:40::SCWPlatform:: Unique name xilinx:::0.0
TRACE::2024-11-18.23:21:40::SCWPlatform::Trying to set the existing hwdb with name mb_usb_hdmi_top_34
TRACE::2024-11-18.23:21:40::SCWPlatform::Opened existing hwdb mb_usb_hdmi_top_34
TRACE::2024-11-18.23:21:40::SCWPlatform::Found the Hw Db part of the input DSA
TRACE::2024-11-18.23:21:40::SCWMssOS::Checking the sw design at  C:/Users/kb40/Desktop/ECE385/labb6/final_proj_sdk/mb_usb_hdmi_top/microblaze_0/standalone_microblaze_0/bsp/system.mss
TRACE::2024-11-18.23:21:40::SCWMssOS::DEBUG:  swdes dump  
TRACE::2024-11-18.23:21:40::SCWMssOS::No sw design opened at  C:/Users/kb40/Desktop/ECE385/labb6/final_proj_sdk/mb_usb_hdmi_top/microblaze_0/standalone_microblaze_0/bsp/system.mss
TRACE::2024-11-18.23:21:40::SCWMssOS::mss exists loading the mss file  C:/Users/kb40/Desktop/ECE385/labb6/final_proj_sdk/mb_usb_hdmi_top/microblaze_0/standalone_microblaze_0/bsp/system.mss
TRACE::2024-11-18.23:21:40::SCWMssOS::Opened the sw design from mss  C:/Users/kb40/Desktop/ECE385/labb6/final_proj_sdk/mb_usb_hdmi_top/microblaze_0/standalone_microblaze_0/bsp/system.mss
TRACE::2024-11-18.23:21:40::SCWMssOS::Adding the swdes entry C:/Users/kb40/Desktop/ECE385/labb6/final_proj_sdk/mb_usb_hdmi_top/microblaze_0/standalone_microblaze_0/bsp/system.mss with des name system
TRACE::2024-11-18.23:21:40::SCWMssOS::updating the scw layer about changes
TRACE::2024-11-18.23:21:40::SCWMssOS::Opened the sw design.  C:/Users/kb40/Desktop/ECE385/labb6/final_proj_sdk/mb_usb_hdmi_top/microblaze_0/standalone_microblaze_0/bsp/system.mss
TRACE::2024-11-18.23:21:40::SCWMssOS::Saving the mss changes C:/Users/kb40/Desktop/ECE385/labb6/final_proj_sdk/mb_usb_hdmi_top/microblaze_0/standalone_microblaze_0/bsp/system.mss
TRACE::2024-11-18.23:21:40::SCWMssOS::Found a swdesign opened with the mssfile.
TRACE::2024-11-18.23:21:40::SCWMssOS::Completed writemss as part of save.
TRACE::2024-11-18.23:21:40::SCWMssOS::Commit changes completed.
TRACE::2024-11-18.23:21:40::SCWReader::Adding prebuilt librarypaths as   
TRACE::2024-11-18.23:21:40::SCWReader::Adding prebuilt incpaths  as   
TRACE::2024-11-18.23:21:40::SCWPlatform::Trying to open the hw design at C:/Users/kb40/Desktop/ECE385/labb6/final_proj_sdk/mb_usb_hdmi_top/hw/final_top.xsa
TRACE::2024-11-18.23:21:40::SCWPlatform::DSA given C:/Users/kb40/Desktop/ECE385/labb6/final_proj_sdk/mb_usb_hdmi_top/hw/final_top.xsa
TRACE::2024-11-18.23:21:40::SCWPlatform::DSA absoulate path C:/Users/kb40/Desktop/ECE385/labb6/final_proj_sdk/mb_usb_hdmi_top/hw/final_top.xsa
TRACE::2024-11-18.23:21:40::SCWPlatform::DSA directory C:/Users/kb40/Desktop/ECE385/labb6/final_proj_sdk/mb_usb_hdmi_top/hw
TRACE::2024-11-18.23:21:40::SCWPlatform:: Platform Path C:/Users/kb40/Desktop/ECE385/labb6/final_proj_sdk/mb_usb_hdmi_top/hw/final_top.xsa
TRACE::2024-11-18.23:21:40::SCWPlatform:: Unique name xilinx:::0.0
TRACE::2024-11-18.23:21:40::SCWPlatform::Trying to set the existing hwdb with name mb_usb_hdmi_top_34
TRACE::2024-11-18.23:21:40::SCWPlatform::Opened existing hwdb mb_usb_hdmi_top_34
TRACE::2024-11-18.23:21:40::SCWPlatform::Found the Hw Db part of the input DSA
TRACE::2024-11-18.23:21:40::SCWMssOS::Checking the sw design at  C:/Users/kb40/Desktop/ECE385/labb6/final_proj_sdk/mb_usb_hdmi_top/microblaze_0/standalone_microblaze_0/bsp/system.mss
TRACE::2024-11-18.23:21:40::SCWMssOS::DEBUG:  swdes dump  C:/Users/kb40/Desktop/ECE385/labb6/final_proj_sdk/mb_usb_hdmi_top/microblaze_0/standalone_microblaze_0/bsp/system.mss|system||

TRACE::2024-11-18.23:21:40::SCWMssOS::Sw design exists and opened at  C:/Users/kb40/Desktop/ECE385/labb6/final_proj_sdk/mb_usb_hdmi_top/microblaze_0/standalone_microblaze_0/bsp/system.mss
TRACE::2024-11-18.23:21:40::SCWReader::No isolation master present  
TRACE::2024-11-18.23:21:43::SCWPlatform::DSA given C:/Users/kb40/Desktop/ECE385/labb6/final_proj_sdk/mb_usb_hdmi_top/tempdsa/final_top.xsa
TRACE::2024-11-18.23:21:43::SCWPlatform::DSA absoulate path C:/Users/kb40/Desktop/ECE385/labb6/final_proj_sdk/mb_usb_hdmi_top/tempdsa/final_top.xsa
TRACE::2024-11-18.23:21:43::SCWPlatform:: Platform location is C:/Users/kb40/Desktop/ECE385/labb6/final_proj_sdk/mb_usb_hdmi_top/tempdsa
TRACE::2024-11-18.23:21:43::SCWPlatform:: Platform Path C:/Users/kb40/Desktop/ECE385/labb6/final_proj_sdk/mb_usb_hdmi_top/tempdsa/final_top.xsa
TRACE::2024-11-18.23:21:43::SCWPlatform:: Unique name xilinx:::0.0
TRACE::2024-11-18.23:21:43::SCWPlatform::Found the Hw Db part of the input DSA
TRACE::2024-11-18.23:21:43::SCWMssOS::Doing hw sync for the mss in domain: standalone_microblaze_0
TRACE::2024-11-18.23:21:43::SCWPlatform::Trying to open the hw design at C:/Users/kb40/Desktop/ECE385/labb6/final_proj_sdk/mb_usb_hdmi_top/hw/final_top.xsa
TRACE::2024-11-18.23:21:43::SCWPlatform::DSA given C:/Users/kb40/Desktop/ECE385/labb6/final_proj_sdk/mb_usb_hdmi_top/hw/final_top.xsa
TRACE::2024-11-18.23:21:43::SCWPlatform::DSA absoulate path C:/Users/kb40/Desktop/ECE385/labb6/final_proj_sdk/mb_usb_hdmi_top/hw/final_top.xsa
TRACE::2024-11-18.23:21:43::SCWPlatform::DSA directory C:/Users/kb40/Desktop/ECE385/labb6/final_proj_sdk/mb_usb_hdmi_top/hw
TRACE::2024-11-18.23:21:43::SCWPlatform:: Platform Path C:/Users/kb40/Desktop/ECE385/labb6/final_proj_sdk/mb_usb_hdmi_top/hw/final_top.xsa
TRACE::2024-11-18.23:21:43::SCWPlatform:: Unique name xilinx:::0.0
TRACE::2024-11-18.23:21:43::SCWPlatform::Trying to set the existing hwdb with name mb_usb_hdmi_top_34
TRACE::2024-11-18.23:21:43::SCWPlatform::Opened existing hwdb mb_usb_hdmi_top_34
TRACE::2024-11-18.23:21:43::SCWPlatform::Found the Hw Db part of the input DSA
TRACE::2024-11-18.23:21:43::SCWPlatform::Trying to open the hw design at C:/Users/kb40/Desktop/ECE385/labb6/final_proj_sdk/mb_usb_hdmi_top/hw/final_top.xsa
TRACE::2024-11-18.23:21:43::SCWPlatform::DSA given C:/Users/kb40/Desktop/ECE385/labb6/final_proj_sdk/mb_usb_hdmi_top/hw/final_top.xsa
TRACE::2024-11-18.23:21:43::SCWPlatform::DSA absoulate path C:/Users/kb40/Desktop/ECE385/labb6/final_proj_sdk/mb_usb_hdmi_top/hw/final_top.xsa
TRACE::2024-11-18.23:21:43::SCWPlatform::DSA directory C:/Users/kb40/Desktop/ECE385/labb6/final_proj_sdk/mb_usb_hdmi_top/hw
TRACE::2024-11-18.23:21:43::SCWPlatform:: Platform Path C:/Users/kb40/Desktop/ECE385/labb6/final_proj_sdk/mb_usb_hdmi_top/hw/final_top.xsa
TRACE::2024-11-18.23:21:43::SCWPlatform:: Unique name xilinx:::0.0
TRACE::2024-11-18.23:21:43::SCWPlatform::Trying to set the existing hwdb with name mb_usb_hdmi_top_34
TRACE::2024-11-18.23:21:43::SCWPlatform::Opened existing hwdb mb_usb_hdmi_top_34
TRACE::2024-11-18.23:21:43::SCWPlatform::Found the Hw Db part of the input DSA
TRACE::2024-11-18.23:21:43::SCWMssOS::Checking the sw design at  C:/Users/kb40/Desktop/ECE385/labb6/final_proj_sdk/mb_usb_hdmi_top/microblaze_0/standalone_microblaze_0/bsp/system.mss
TRACE::2024-11-18.23:21:43::SCWMssOS::DEBUG:  swdes dump  C:/Users/kb40/Desktop/ECE385/labb6/final_proj_sdk/mb_usb_hdmi_top/microblaze_0/standalone_microblaze_0/bsp/system.mss|system||

TRACE::2024-11-18.23:21:43::SCWMssOS::Sw design exists and opened at  C:/Users/kb40/Desktop/ECE385/labb6/final_proj_sdk/mb_usb_hdmi_top/microblaze_0/standalone_microblaze_0/bsp/system.mss
TRACE::2024-11-18.23:21:43::SCWPlatform::Trying to open the hw design at C:/Users/kb40/Desktop/ECE385/labb6/final_proj_sdk/mb_usb_hdmi_top/tempdsa/final_top.xsa
TRACE::2024-11-18.23:21:43::SCWPlatform::DSA given C:/Users/kb40/Desktop/ECE385/labb6/final_proj_sdk/mb_usb_hdmi_top/tempdsa/final_top.xsa
TRACE::2024-11-18.23:21:43::SCWPlatform::DSA absoulate path C:/Users/kb40/Desktop/ECE385/labb6/final_proj_sdk/mb_usb_hdmi_top/tempdsa/final_top.xsa
TRACE::2024-11-18.23:21:43::SCWPlatform::DSA directory C:/Users/kb40/Desktop/ECE385/labb6/final_proj_sdk/mb_usb_hdmi_top/tempdsa
TRACE::2024-11-18.23:21:43::SCWPlatform:: Platform Path C:/Users/kb40/Desktop/ECE385/labb6/final_proj_sdk/mb_usb_hdmi_top/tempdsa/final_top.xsa
TRACE::2024-11-18.23:21:43::SCWPlatform:: Unique name xilinx:::0.0
TRACE::2024-11-18.23:21:43::SCWPlatform::update - Opened existing hwdb mb_usb_hdmi_top_35
TRACE::2024-11-18.23:21:43::SCWPlatform::Found the Hw Db part of the input DSA
TRACE::2024-11-18.23:21:43::SCWMssOS::Saving the mss changes C:/Users/kb40/Desktop/ECE385/labb6/final_proj_sdk/mb_usb_hdmi_top/microblaze_0/standalone_microblaze_0/bsp/system.mss
TRACE::2024-11-18.23:21:43::SCWMssOS::Found a swdesign opened with the mssfile.
TRACE::2024-11-18.23:21:43::SCWMssOS::Completed writemss as part of save.
TRACE::2024-11-18.23:21:43::SCWMssOS::Commit changes completed.
TRACE::2024-11-18.23:21:43::SCWMssOS::Completed hw sync for the mss in domain: standalone_microblaze_0
TRACE::2024-11-18.23:21:43::SCWMssOS::Removing the swdes entry for  C:/Users/kb40/Desktop/ECE385/labb6/final_proj_sdk/mb_usb_hdmi_top/microblaze_0/standalone_microblaze_0/bsp/system.mss
TRACE::2024-11-18.23:21:43::SCWPlatform::Trying to open the hw design at C:/Users/kb40/Desktop/ECE385/labb6/final_proj_sdk/mb_usb_hdmi_top/hw/final_top.xsa
TRACE::2024-11-18.23:21:43::SCWPlatform::DSA given C:/Users/kb40/Desktop/ECE385/labb6/final_proj_sdk/mb_usb_hdmi_top/hw/final_top.xsa
TRACE::2024-11-18.23:21:43::SCWPlatform::DSA absoulate path C:/Users/kb40/Desktop/ECE385/labb6/final_proj_sdk/mb_usb_hdmi_top/hw/final_top.xsa
TRACE::2024-11-18.23:21:43::SCWPlatform::DSA directory C:/Users/kb40/Desktop/ECE385/labb6/final_proj_sdk/mb_usb_hdmi_top/hw
TRACE::2024-11-18.23:21:43::SCWPlatform:: Platform Path C:/Users/kb40/Desktop/ECE385/labb6/final_proj_sdk/mb_usb_hdmi_top/hw/final_top.xsa
TRACE::2024-11-18.23:21:43::SCWPlatform:: Unique name xilinx:::0.0
TRACE::2024-11-18.23:21:43::SCWPlatform::Do not have an existing db opened. 
TRACE::2024-11-18.23:21:43::SCWPlatform::Opened new HwDB with name mb_usb_hdmi_top_36
TRACE::2024-11-18.23:21:43::SCWMssOS::Saving the mss changes C:/Users/kb40/Desktop/ECE385/labb6/final_proj_sdk/mb_usb_hdmi_top/microblaze_0/standalone_microblaze_0/bsp/system.mss
TRACE::2024-11-18.23:21:43::SCWMssOS::Adding the swdes entry, mss present, able to open swdb C:/Users/kb40/Desktop/ECE385/labb6/final_proj_sdk/mb_usb_hdmi_top/microblaze_0/standalone_microblaze_0/bsp/system.mss with des name system
TRACE::2024-11-18.23:21:43::SCWMssOS::Writing the mss file completed C:/Users/kb40/Desktop/ECE385/labb6/final_proj_sdk/mb_usb_hdmi_top/microblaze_0/standalone_microblaze_0/bsp/system.mss
TRACE::2024-11-18.23:21:43::SCWMssOS::Commit changes completed.
TRACE::2024-11-18.23:21:43::SCWPlatform::Trying to open the hw design at C:/Users/kb40/Desktop/ECE385/labb6/final_proj_sdk/mb_usb_hdmi_top/hw/final_top.xsa
TRACE::2024-11-18.23:21:43::SCWPlatform::DSA given C:/Users/kb40/Desktop/ECE385/labb6/final_proj_sdk/mb_usb_hdmi_top/hw/final_top.xsa
TRACE::2024-11-18.23:21:43::SCWPlatform::DSA absoulate path C:/Users/kb40/Desktop/ECE385/labb6/final_proj_sdk/mb_usb_hdmi_top/hw/final_top.xsa
TRACE::2024-11-18.23:21:43::SCWPlatform::DSA directory C:/Users/kb40/Desktop/ECE385/labb6/final_proj_sdk/mb_usb_hdmi_top/hw
TRACE::2024-11-18.23:21:43::SCWPlatform:: Platform Path C:/Users/kb40/Desktop/ECE385/labb6/final_proj_sdk/mb_usb_hdmi_top/hw/final_top.xsa
TRACE::2024-11-18.23:21:43::SCWPlatform:: Unique name xilinx:::0.0
TRACE::2024-11-18.23:21:43::SCWPlatform::Trying to set the existing hwdb with name mb_usb_hdmi_top_36
TRACE::2024-11-18.23:21:43::SCWPlatform::Opened existing hwdb mb_usb_hdmi_top_36
TRACE::2024-11-18.23:21:43::SCWPlatform::Found the Hw Db part of the input DSA
TRACE::2024-11-18.23:21:43::SCWMssOS::Checking the sw design at  C:/Users/kb40/Desktop/ECE385/labb6/final_proj_sdk/mb_usb_hdmi_top/microblaze_0/standalone_microblaze_0/bsp/system.mss
TRACE::2024-11-18.23:21:43::SCWMssOS::DEBUG:  swdes dump  C:/Users/kb40/Desktop/ECE385/labb6/final_proj_sdk/mb_usb_hdmi_top/microblaze_0/standalone_microblaze_0/bsp/system.mss|system||

TRACE::2024-11-18.23:21:43::SCWMssOS::Sw design exists and opened at  C:/Users/kb40/Desktop/ECE385/labb6/final_proj_sdk/mb_usb_hdmi_top/microblaze_0/standalone_microblaze_0/bsp/system.mss
TRACE::2024-11-18.23:21:43::SCWWriter::formatted JSON is {
	"platformName":	"mb_usb_hdmi_top",
	"sprVersion":	"2.0",
	"mode":	"gui",
	"dsaType":	"Fixed",
	"platformDesc":	"mb_usb_hdmi_top",
	"platHandOff":	"C:/Users/kb40/Desktop/ECE385/labb6/final_top.xsa",
	"platIntHandOff":	"<platformDir>/hw/final_top.xsa",
	"deviceType":	"FPGA",
	"platIsPrebuiltAutogen":	"false",
	"platIsNoBootBsp":	"false",
	"hasFsblMakeHasChanges":	"false",
	"hasPmufwMakeHasChanges":	"false",
	"platPreBuiltFlag":	false,
	"platformSamplesDir":	"",
	"platActiveSys":	"mb_usb_hdmi_top",
	"systems":	[{
			"systemName":	"mb_usb_hdmi_top",
			"systemDesc":	"mb_usb_hdmi_top",
			"sysIsBootAutoGen":	"true",
			"systemDispName":	"mb_usb_hdmi_top",
			"sysActiveDom":	"standalone_microblaze_0",
			"sysDefaultDom":	"standalone_microblaze_0",
			"domains":	[{
					"domainName":	"standalone_microblaze_0",
					"domainDispName":	"standalone_microblaze_0",
					"domainDesc":	"standalone_microblaze_0",
					"processors":	"microblaze_0",
					"os":	"standalone",
					"sdxOs":	"standalone",
					"debugEnable":	"False",
					"domRuntimes":	["cpp"],
					"swRepo":	"",
					"mssOsVer":	"8.0",
					"mssFile":	"",
					"md5Digest":	"304529987e879521ca977c68d163f3621",
					"compatibleApp":	"",
					"domType":	"mssDomain",
					"arch":	"32-bit",
					"appSettings":	{
						"appCompilerFlags":	"",
						"appLinkerFlags":	""
					},
					"addedLibs":	[],
					"libOptions":	{
						"libsContainingOptions":	[]
					},
					"prebuiltLibs":	{
						"prebuiltIncPath":	[],
						"prebuiltLibPath":	[]
					},
					"isolation":	{
					}
				}]
		}]
}
TRACE::2024-11-18.23:21:52::SCWMssOS::cleaning the bsp 
TRACE::2024-11-18.23:21:52::SCWMssOS::System Command Ran  C: & cd  C:/Users/kb40/Desktop/ECE385/labb6/final_proj_sdk/mb_usb_hdmi_top/microblaze_0/standalone_microblaze_0/bsp & make clean 
TRACE::2024-11-18.23:21:52::SCWMssOS::make -C microblaze_0/libsrc/bram_v4_8/src -s clean 

TRACE::2024-11-18.23:21:52::SCWMssOS::make -C microblaze_0/libsrc/cpu_v2_16/src -s clean 

TRACE::2024-11-18.23:21:52::SCWMssOS::make -C microblaze_0/libsrc/gpio_v4_9/src -s clean 

TRACE::2024-11-18.23:21:53::SCWMssOS::make -C microblaze_0/libsrc/intc_v3_15/src -s clean 

TRACE::2024-11-18.23:21:53::SCWMssOS::make -C microblaze_0/libsrc/spi_v4_9/src -s clean 

TRACE::2024-11-18.23:21:53::SCWMssOS::make -C microblaze_0/libsrc/standalone_v8_0/src -s clean 

TRACE::2024-11-18.23:21:53::SCWMssOS::make -C microblaze_0/libsrc/tmrctr_v4_9/src -s clean 

TRACE::2024-11-18.23:21:54::SCWMssOS::make -C microblaze_0/libsrc/uartlite_v3_7/src -s clean 

TRACE::2024-11-18.23:21:54::SCWMssOS::rm -f microblaze_0/lib/libxil.a

TRACE::2024-11-18.23:21:59::SCWMssOS::cleaning the bsp 
TRACE::2024-11-18.23:21:59::SCWMssOS::System Command Ran  C: & cd  C:/Users/kb40/Desktop/ECE385/labb6/final_proj_sdk/mb_usb_hdmi_top/microblaze_0/standalone_microblaze_0/bsp & make clean 
TRACE::2024-11-18.23:21:59::SCWMssOS::make -C microblaze_0/libsrc/bram_v4_8/src -s clean 

TRACE::2024-11-18.23:21:59::SCWMssOS::make -C microblaze_0/libsrc/cpu_v2_16/src -s clean 

TRACE::2024-11-18.23:21:59::SCWMssOS::make -C microblaze_0/libsrc/gpio_v4_9/src -s clean 

TRACE::2024-11-18.23:21:59::SCWMssOS::make -C microblaze_0/libsrc/intc_v3_15/src -s clean 

TRACE::2024-11-18.23:21:59::SCWMssOS::make -C microblaze_0/libsrc/spi_v4_9/src -s clean 

TRACE::2024-11-18.23:21:59::SCWMssOS::make -C microblaze_0/libsrc/standalone_v8_0/src -s clean 

TRACE::2024-11-18.23:22:00::SCWMssOS::make -C microblaze_0/libsrc/tmrctr_v4_9/src -s clean 

TRACE::2024-11-18.23:22:00::SCWMssOS::make -C microblaze_0/libsrc/uartlite_v3_7/src -s clean 

TRACE::2024-11-18.23:22:00::SCWMssOS::rm -f microblaze_0/lib/libxil.a

LOG::2024-11-18.23:22:13::SCWPlatform::Started generating the artifacts platform mb_usb_hdmi_top
TRACE::2024-11-18.23:22:13::SCWPlatform::Sanity checking of platform is completed
LOG::2024-11-18.23:22:13::SCWPlatform::Started generating the artifacts for system configuration mb_usb_hdmi_top
LOG::2024-11-18.23:22:13::SCWSystem::Checking the domain standalone_microblaze_0
LOG::2024-11-18.23:22:13::SCWSystem::Not a boot domain 
LOG::2024-11-18.23:22:13::SCWSystem::Started Processing the domain standalone_microblaze_0
TRACE::2024-11-18.23:22:13::SCWDomain::Generating domain artifcats
TRACE::2024-11-18.23:22:13::SCWMssOS::Generating standalone artifcats
TRACE::2024-11-18.23:22:13::SCWMssOS:: Copying the user libraries. 
TRACE::2024-11-18.23:22:13::SCWPlatform::Trying to open the hw design at C:/Users/kb40/Desktop/ECE385/labb6/final_proj_sdk/mb_usb_hdmi_top/hw/final_top.xsa
TRACE::2024-11-18.23:22:13::SCWPlatform::DSA given C:/Users/kb40/Desktop/ECE385/labb6/final_proj_sdk/mb_usb_hdmi_top/hw/final_top.xsa
TRACE::2024-11-18.23:22:13::SCWPlatform::DSA absoulate path C:/Users/kb40/Desktop/ECE385/labb6/final_proj_sdk/mb_usb_hdmi_top/hw/final_top.xsa
TRACE::2024-11-18.23:22:13::SCWPlatform::DSA directory C:/Users/kb40/Desktop/ECE385/labb6/final_proj_sdk/mb_usb_hdmi_top/hw
TRACE::2024-11-18.23:22:13::SCWPlatform:: Platform Path C:/Users/kb40/Desktop/ECE385/labb6/final_proj_sdk/mb_usb_hdmi_top/hw/final_top.xsa
TRACE::2024-11-18.23:22:13::SCWPlatform:: Unique name xilinx:::0.0
TRACE::2024-11-18.23:22:13::SCWPlatform::Trying to set the existing hwdb with name mb_usb_hdmi_top_36
TRACE::2024-11-18.23:22:13::SCWPlatform::Opened existing hwdb mb_usb_hdmi_top_36
TRACE::2024-11-18.23:22:13::SCWPlatform::Found the Hw Db part of the input DSA
TRACE::2024-11-18.23:22:13::SCWMssOS::Checking the sw design at  C:/Users/kb40/Desktop/ECE385/labb6/final_proj_sdk/mb_usb_hdmi_top/microblaze_0/standalone_microblaze_0/bsp/system.mss
TRACE::2024-11-18.23:22:13::SCWMssOS::DEBUG:  swdes dump  C:/Users/kb40/Desktop/ECE385/labb6/final_proj_sdk/mb_usb_hdmi_top/microblaze_0/standalone_microblaze_0/bsp/system.mss|system||

TRACE::2024-11-18.23:22:13::SCWMssOS::Sw design exists and opened at  C:/Users/kb40/Desktop/ECE385/labb6/final_proj_sdk/mb_usb_hdmi_top/microblaze_0/standalone_microblaze_0/bsp/system.mss
TRACE::2024-11-18.23:22:13::SCWMssOS::Completed writing the mss file at C:/Users/kb40/Desktop/ECE385/labb6/final_proj_sdk/mb_usb_hdmi_top/microblaze_0/standalone_microblaze_0/bsp
TRACE::2024-11-18.23:22:13::SCWMssOS::Mss edits present, copying mssfile into export location C:/Users/kb40/Desktop/ECE385/labb6/final_proj_sdk/mb_usb_hdmi_top/microblaze_0/standalone_microblaze_0/bsp/system.mss
TRACE::2024-11-18.23:22:13::SCWMssOS::bsp generated is stale removing and regenerating. 
TRACE::2024-11-18.23:22:15::SCWMssOS::doing bsp build ... 
TRACE::2024-11-18.23:22:15::SCWMssOS::System Command Ran  C: & cd  C:/Users/kb40/Desktop/ECE385/labb6/final_proj_sdk/mb_usb_hdmi_top/microblaze_0/standalone_microblaze_0/bsp & make 
TRACE::2024-11-18.23:22:15::SCWMssOS::make --no-print-directory seq_libs

TRACE::2024-11-18.23:22:15::SCWMssOS::'Finished building libraries sequentially.'

TRACE::2024-11-18.23:22:15::SCWMssOS::make -j 10 --no-print-directory par_libs

TRACE::2024-11-18.23:22:15::SCWMssOS::"Running Make include in microblaze_0/libsrc/bram_v4_8/src"

TRACE::2024-11-18.23:22:15::SCWMssOS::make -C microblaze_0/libsrc/bram_v4_8/src -s include  "SHELL=CMD" "COMPILER=mb-gcc" "ASSEMBLER=mb-as" "ARCHIVER=mb-ar" "COMPILE
TRACE::2024-11-18.23:22:15::SCWMssOS::R_FLAGS=  -O2 -c -mcpu=v11.0 -mlittle-endian -mno-xl-reorder -mno-xl-soft-mul -mxl-barrel-shift -mxl-pattern-compare" "EXTRA_CO
TRACE::2024-11-18.23:22:15::SCWMssOS::MPILER_FLAGS=-g -ffunction-sections -fdata-sections -Wall -Wextra -fno-tree-loop-distribute-patterns"

TRACE::2024-11-18.23:22:15::SCWMssOS::"Running Make include in microblaze_0/libsrc/cpu_v2_16/src"

TRACE::2024-11-18.23:22:15::SCWMssOS::"Running Make include in microblaze_0/libsrc/gpio_v4_9/src"

TRACE::2024-11-18.23:22:15::SCWMssOS::make -C microblaze_0/libsrc/cpu_v2_16/src -s include  "SHELL=CMD" "COMPILER=mb-gcc" "ASSEMBLER=mb-as" "ARCHIVER=mb-ar" "COMPILE
TRACE::2024-11-18.23:22:15::SCWMssOS::R_FLAGS=  -O2 -c -mcpu=v11.0 -mlittle-endian -mno-xl-reorder -mno-xl-soft-mul -mxl-barrel-shift -mxl-pattern-compare" "EXTRA_CO
TRACE::2024-11-18.23:22:15::SCWMssOS::MPILER_FLAGS=-g -ffunction-sections -fdata-sections -Wall -Wextra -fno-tree-loop-distribute-patterns"

TRACE::2024-11-18.23:22:15::SCWMssOS::make -C microblaze_0/libsrc/gpio_v4_9/src -s include  "SHELL=CMD" "COMPILER=mb-gcc" "ASSEMBLER=mb-as" "ARCHIVER=mb-ar" "COMPILE
TRACE::2024-11-18.23:22:15::SCWMssOS::R_FLAGS=  -O2 -c -mcpu=v11.0 -mlittle-endian -mno-xl-reorder -mno-xl-soft-mul -mxl-barrel-shift -mxl-pattern-compare" "EXTRA_CO
TRACE::2024-11-18.23:22:15::SCWMssOS::MPILER_FLAGS=-g -ffunction-sections -fdata-sections -Wall -Wextra -fno-tree-loop-distribute-patterns"

TRACE::2024-11-18.23:22:15::SCWMssOS::"Running Make include in microblaze_0/libsrc/intc_v3_15/src"

TRACE::2024-11-18.23:22:15::SCWMssOS::make -C microblaze_0/libsrc/intc_v3_15/src -s include  "SHELL=CMD" "COMPILER=mb-gcc" "ASSEMBLER=mb-as" "ARCHIVER=mb-ar" "COMPIL
TRACE::2024-11-18.23:22:15::SCWMssOS::ER_FLAGS=  -O2 -c -mcpu=v11.0 -mlittle-endian -mno-xl-reorder -mno-xl-soft-mul -mxl-barrel-shift -mxl-pattern-compare" "EXTRA_C
TRACE::2024-11-18.23:22:15::SCWMssOS::OMPILER_FLAGS=-g -ffunction-sections -fdata-sections -Wall -Wextra -fno-tree-loop-distribute-patterns"

TRACE::2024-11-18.23:22:15::SCWMssOS::"Running Make include in microblaze_0/libsrc/spi_v4_9/src"

TRACE::2024-11-18.23:22:15::SCWMssOS::make -C microblaze_0/libsrc/spi_v4_9/src -s include  "SHELL=CMD" "COMPILER=mb-gcc" "ASSEMBLER=mb-as" "ARCHIVER=mb-ar" "COMPILER
TRACE::2024-11-18.23:22:15::SCWMssOS::_FLAGS=  -O2 -c -mcpu=v11.0 -mlittle-endian -mno-xl-reorder -mno-xl-soft-mul -mxl-barrel-shift -mxl-pattern-compare" "EXTRA_COM
TRACE::2024-11-18.23:22:15::SCWMssOS::PILER_FLAGS=-g -ffunction-sections -fdata-sections -Wall -Wextra -fno-tree-loop-distribute-patterns"

TRACE::2024-11-18.23:22:15::SCWMssOS::"Running Make include in microblaze_0/libsrc/standalone_v8_0/src"

TRACE::2024-11-18.23:22:15::SCWMssOS::make -C microblaze_0/libsrc/standalone_v8_0/src -s include  "SHELL=CMD" "COMPILER=mb-gcc" "ASSEMBLER=mb-as" "ARCHIVER=mb-ar" "C
TRACE::2024-11-18.23:22:15::SCWMssOS::OMPILER_FLAGS=  -O2 -c -mcpu=v11.0 -mlittle-endian -mno-xl-reorder -mno-xl-soft-mul -mxl-barrel-shift -mxl-pattern-compare" "EX
TRACE::2024-11-18.23:22:15::SCWMssOS::TRA_COMPILER_FLAGS=-g -ffunction-sections -fdata-sections -Wall -Wextra -fno-tree-loop-distribute-patterns"

TRACE::2024-11-18.23:22:16::SCWMssOS::"Running Make include in microblaze_0/libsrc/tmrctr_v4_9/src"

TRACE::2024-11-18.23:22:16::SCWMssOS::make -C microblaze_0/libsrc/tmrctr_v4_9/src -s include  "SHELL=CMD" "COMPILER=mb-gcc" "ASSEMBLER=mb-as" "ARCHIVER=mb-ar" "COMPI
TRACE::2024-11-18.23:22:16::SCWMssOS::LER_FLAGS=  -O2 -c -mcpu=v11.0 -mlittle-endian -mno-xl-reorder -mno-xl-soft-mul -mxl-barrel-shift -mxl-pattern-compare" "EXTRA_
TRACE::2024-11-18.23:22:16::SCWMssOS::COMPILER_FLAGS=-g -ffunction-sections -fdata-sections -Wall -Wextra -fno-tree-loop-distribute-patterns"

TRACE::2024-11-18.23:22:16::SCWMssOS::"Running Make include in microblaze_0/libsrc/uartlite_v3_7/src"

TRACE::2024-11-18.23:22:16::SCWMssOS::make -C microblaze_0/libsrc/uartlite_v3_7/src -s include  "SHELL=CMD" "COMPILER=mb-gcc" "ASSEMBLER=mb-as" "ARCHIVER=mb-ar" "COM
TRACE::2024-11-18.23:22:16::SCWMssOS::PILER_FLAGS=  -O2 -c -mcpu=v11.0 -mlittle-endian -mno-xl-reorder -mno-xl-soft-mul -mxl-barrel-shift -mxl-pattern-compare" "EXTR
TRACE::2024-11-18.23:22:16::SCWMssOS::A_COMPILER_FLAGS=-g -ffunction-sections -fdata-sections -Wall -Wextra -fno-tree-loop-distribute-patterns"

TRACE::2024-11-18.23:22:16::SCWMssOS::"Running Make libs in microblaze_0/libsrc/bram_v4_8/src"

TRACE::2024-11-18.23:22:16::SCWMssOS::make -C microblaze_0/libsrc/bram_v4_8/src -s libs  "SHELL=CMD" "COMPILER=mb-gcc" "ASSEMBLER=mb-as" "ARCHIVER=mb-ar" "COMPILER_F
TRACE::2024-11-18.23:22:16::SCWMssOS::LAGS=  -O2 -c -mcpu=v11.0 -mlittle-endian -mno-xl-reorder -mno-xl-soft-mul -mxl-barrel-shift -mxl-pattern-compare" "EXTRA_COMPI
TRACE::2024-11-18.23:22:16::SCWMssOS::LER_FLAGS=-g -ffunction-sections -fdata-sections -Wall -Wextra -fno-tree-loop-distribute-patterns"

TRACE::2024-11-18.23:22:16::SCWMssOS::"Running Make libs in microblaze_0/libsrc/cpu_v2_16/src"

TRACE::2024-11-18.23:22:16::SCWMssOS::make -C microblaze_0/libsrc/cpu_v2_16/src -s libs  "SHELL=CMD" "COMPILER=mb-gcc" "ASSEMBLER=mb-as" "ARCHIVER=mb-ar" "COMPILER_F
TRACE::2024-11-18.23:22:16::SCWMssOS::LAGS=  -O2 -c -mcpu=v11.0 -mlittle-endian -mno-xl-reorder -mno-xl-soft-mul -mxl-barrel-shift -mxl-pattern-compare" "EXTRA_COMPI
TRACE::2024-11-18.23:22:16::SCWMssOS::LER_FLAGS=-g -ffunction-sections -fdata-sections -Wall -Wextra -fno-tree-loop-distribute-patterns"

TRACE::2024-11-18.23:22:16::SCWMssOS::"Running Make libs in microblaze_0/libsrc/gpio_v4_9/src"

TRACE::2024-11-18.23:22:16::SCWMssOS::make -C microblaze_0/libsrc/gpio_v4_9/src -s libs  "SHELL=CMD" "COMPILER=mb-gcc" "ASSEMBLER=mb-as" "ARCHIVER=mb-ar" "COMPILER_F
TRACE::2024-11-18.23:22:16::SCWMssOS::LAGS=  -O2 -c -mcpu=v11.0 -mlittle-endian -mno-xl-reorder -mno-xl-soft-mul -mxl-barrel-shift -mxl-pattern-compare" "EXTRA_COMPI
TRACE::2024-11-18.23:22:16::SCWMssOS::LER_FLAGS=-g -ffunction-sections -fdata-sections -Wall -Wextra -fno-tree-loop-distribute-patterns"

TRACE::2024-11-18.23:22:16::SCWMssOS::"Running Make libs in microblaze_0/libsrc/intc_v3_15/src"

TRACE::2024-11-18.23:22:16::SCWMssOS::make -C microblaze_0/libsrc/intc_v3_15/src -s libs  "SHELL=CMD" "COMPILER=mb-gcc" "ASSEMBLER=mb-as" "ARCHIVER=mb-ar" "COMPILER_
TRACE::2024-11-18.23:22:16::SCWMssOS::FLAGS=  -O2 -c -mcpu=v11.0 -mlittle-endian -mno-xl-reorder -mno-xl-soft-mul -mxl-barrel-shift -mxl-pattern-compare" "EXTRA_COMP
TRACE::2024-11-18.23:22:16::SCWMssOS::ILER_FLAGS=-g -ffunction-sections -fdata-sections -Wall -Wextra -fno-tree-loop-distribute-patterns"

TRACE::2024-11-18.23:22:16::SCWMssOS::"Running Make libs in microblaze_0/libsrc/spi_v4_9/src"

TRACE::2024-11-18.23:22:16::SCWMssOS::make -C microblaze_0/libsrc/spi_v4_9/src -s libs  "SHELL=CMD" "COMPILER=mb-gcc" "ASSEMBLER=mb-as" "ARCHIVER=mb-ar" "COMPILER_FL
TRACE::2024-11-18.23:22:16::SCWMssOS::AGS=  -O2 -c -mcpu=v11.0 -mlittle-endian -mno-xl-reorder -mno-xl-soft-mul -mxl-barrel-shift -mxl-pattern-compare" "EXTRA_COMPIL
TRACE::2024-11-18.23:22:16::SCWMssOS::ER_FLAGS=-g -ffunction-sections -fdata-sections -Wall -Wextra -fno-tree-loop-distribute-patterns"

TRACE::2024-11-18.23:22:16::SCWMssOS::"Running Make libs in microblaze_0/libsrc/standalone_v8_0/src"

TRACE::2024-11-18.23:22:16::SCWMssOS::make -C microblaze_0/libsrc/standalone_v8_0/src -s libs  "SHELL=CMD" "COMPILER=mb-gcc" "ASSEMBLER=mb-as" "ARCHIVER=mb-ar" "COMP
TRACE::2024-11-18.23:22:16::SCWMssOS::ILER_FLAGS=  -O2 -c -mcpu=v11.0 -mlittle-endian -mno-xl-reorder -mno-xl-soft-mul -mxl-barrel-shift -mxl-pattern-compare" "EXTRA
TRACE::2024-11-18.23:22:16::SCWMssOS::_COMPILER_FLAGS=-g -ffunction-sections -fdata-sections -Wall -Wextra -fno-tree-loop-distribute-patterns"

TRACE::2024-11-18.23:22:17::SCWMssOS::"Running Make libs in microblaze_0/libsrc/tmrctr_v4_9/src"

TRACE::2024-11-18.23:22:17::SCWMssOS::make -C microblaze_0/libsrc/tmrctr_v4_9/src -s libs  "SHELL=CMD" "COMPILER=mb-gcc" "ASSEMBLER=mb-as" "ARCHIVER=mb-ar" "COMPILER
TRACE::2024-11-18.23:22:17::SCWMssOS::_FLAGS=  -O2 -c -mcpu=v11.0 -mlittle-endian -mno-xl-reorder -mno-xl-soft-mul -mxl-barrel-shift -mxl-pattern-compare" "EXTRA_COM
TRACE::2024-11-18.23:22:17::SCWMssOS::PILER_FLAGS=-g -ffunction-sections -fdata-sections -Wall -Wextra -fno-tree-loop-distribute-patterns"

TRACE::2024-11-18.23:22:17::SCWMssOS::"Running Make libs in microblaze_0/libsrc/uartlite_v3_7/src"

TRACE::2024-11-18.23:22:17::SCWMssOS::make -C microblaze_0/libsrc/uartlite_v3_7/src -s libs  "SHELL=CMD" "COMPILER=mb-gcc" "ASSEMBLER=mb-as" "ARCHIVER=mb-ar" "COMPIL
TRACE::2024-11-18.23:22:17::SCWMssOS::ER_FLAGS=  -O2 -c -mcpu=v11.0 -mlittle-endian -mno-xl-reorder -mno-xl-soft-mul -mxl-barrel-shift -mxl-pattern-compare" "EXTRA_C
TRACE::2024-11-18.23:22:17::SCWMssOS::OMPILER_FLAGS=-g -ffunction-sections -fdata-sections -Wall -Wextra -fno-tree-loop-distribute-patterns"

TRACE::2024-11-18.23:22:20::SCWMssOS::"DEBUG NON_LTO_OBJECTS is ../../../lib/microblaze_interrupt_handler.o"

TRACE::2024-11-18.23:22:20::SCWMssOS::'Finished building libraries parallelly.'

TRACE::2024-11-18.23:22:20::SCWMssOS::make --no-print-directory archive

TRACE::2024-11-18.23:22:20::SCWMssOS::mb-ar -r  microblaze_0/lib/libxil.a microblaze_0/lib/_exit.o microblaze_0/lib/errno.o microblaze_0/lib/fcntl.o microblaze_0/lib
TRACE::2024-11-18.23:22:20::SCWMssOS::/hw_exception_handler.o microblaze_0/lib/inbyte.o microblaze_0/lib/microblaze_disable_dcache.o microblaze_0/lib/microblaze_disa
TRACE::2024-11-18.23:22:20::SCWMssOS::ble_exceptions.o microblaze_0/lib/microblaze_disable_icache.o microblaze_0/lib/microblaze_disable_interrupts.o microblaze_0/lib
TRACE::2024-11-18.23:22:20::SCWMssOS::/microblaze_enable_dcache.o microblaze_0/lib/microblaze_enable_exceptions.o microblaze_0/lib/microblaze_enable_icache.o microbl
TRACE::2024-11-18.23:22:20::SCWMssOS::aze_0/lib/microblaze_enable_interrupts.o microblaze_0/lib/microblaze_exception_handler.o microblaze_0/lib/microblaze_flush_cach
TRACE::2024-11-18.23:22:20::SCWMssOS::e_ext.o microblaze_0/lib/microblaze_flush_cache_ext_range.o microblaze_0/lib/microblaze_flush_dcache.o microblaze_0/lib/microbl
TRACE::2024-11-18.23:22:20::SCWMssOS::aze_flush_dcache_range.o microblaze_0/lib/microblaze_init_dcache_range.o microblaze_0/lib/microblaze_init_icache_range.o microb
TRACE::2024-11-18.23:22:20::SCWMssOS::laze_0/lib/microblaze_interrupt_handler.o microblaze_0/lib/microblaze_interrupts_g.o microblaze_0/lib/microblaze_invalidate_cac
TRACE::2024-11-18.23:22:20::SCWMssOS::he_ext.o microblaze_0/lib/microblaze_invalidate_cache_ext_range.o microblaze_0/lib/microblaze_invalidate_dcache.o microblaze_0/
TRACE::2024-11-18.23:22:20::SCWMssOS::lib/microblaze_invalidate_dcache_range.o microblaze_0/lib/microblaze_invalidate_icache.o microblaze_0/lib/microblaze_invalidate
TRACE::2024-11-18.23:22:20::SCWMssOS::_icache_range.o microblaze_0/lib/microblaze_scrub.o microblaze_0/lib/microblaze_selftest.o microblaze_0/lib/microblaze_sleep.o 
TRACE::2024-11-18.23:22:20::SCWMssOS::microblaze_0/lib/microblaze_update_dcache.o microblaze_0/lib/microblaze_update_icache.o microblaze_0/lib/outbyte.o microblaze_0
TRACE::2024-11-18.23:22:20::SCWMssOS::/lib/print.o microblaze_0/lib/pvr.o microblaze_0/lib/xbram.o microblaze_0/lib/xbram_g.o microblaze_0/lib/xbram_intr.o microblaz
TRACE::2024-11-18.23:22:20::SCWMssOS::e_0/lib/xbram_selftest.o microblaze_0/lib/xbram_sinit.o microblaze_0/lib/xgpio.o microblaze_0/lib/xgpio_extra.o microblaze_0/li
TRACE::2024-11-18.23:22:20::SCWMssOS::b/xgpio_g.o microblaze_0/lib/xgpio_intr.o microblaze_0/lib/xgpio_selftest.o microblaze_0/lib/xgpio_sinit.o microblaze_0/lib/xil
TRACE::2024-11-18.23:22:20::SCWMssOS::_assert.o microblaze_0/lib/xil_cache.o microblaze_0/lib/xil_clocking.o microblaze_0/lib/xil_exception.o microblaze_0/lib/xil_me
TRACE::2024-11-18.23:22:20::SCWMssOS::m.o microblaze_0/lib/xil_misc_psreset_api.o microblaze_0/lib/xil_printf.o microblaze_0/lib/xil_sleepcommon.o microblaze_0/lib/x
TRACE::2024-11-18.23:22:20::SCWMssOS::il_testcache.o microblaze_0/lib/xil_testio.o microblaze_0/lib/xil_testmem.o microblaze_0/lib/xil_util.o microblaze_0/lib/xintc.
TRACE::2024-11-18.23:22:20::SCWMssOS::o microblaze_0/lib/xintc_g.o microblaze_0/lib/xintc_intr.o microblaze_0/lib/xintc_l.o microblaze_0/lib/xintc_options.o microbla
TRACE::2024-11-18.23:22:20::SCWMssOS::ze_0/lib/xintc_selftest.o microblaze_0/lib/xinterrupt_wrap.o microblaze_0/lib/xio.o microblaze_0/lib/xplatform_info.o microblaz
TRACE::2024-11-18.23:22:20::SCWMssOS::e_0/lib/xspi.o microblaze_0/lib/xspi_g.o microblaze_0/lib/xspi_options.o microblaze_0/lib/xspi_selftest.o microblaze_0/lib/xspi
TRACE::2024-11-18.23:22:20::SCWMssOS::_sinit.o microblaze_0/lib/xspi_stats.o microblaze_0/lib/xtmrctr.o microblaze_0/lib/xtmrctr_g.o microblaze_0/lib/xtmrctr_intr.o 
TRACE::2024-11-18.23:22:20::SCWMssOS::microblaze_0/lib/xtmrctr_l.o microblaze_0/lib/xtmrctr_options.o microblaze_0/lib/xtmrctr_selftest.o microblaze_0/lib/xtmrctr_si
TRACE::2024-11-18.23:22:20::SCWMssOS::nit.o microblaze_0/lib/xtmrctr_stats.o microblaze_0/lib/xuartlite.o microblaze_0/lib/xuartlite_g.o microblaze_0/lib/xuartlite_i
TRACE::2024-11-18.23:22:20::SCWMssOS::ntr.o microblaze_0/lib/xuartlite_l.o microblaze_0/lib/xuartlite_selftest.o microblaze_0/lib/xuartlite_sinit.o microblaze_0/lib/
TRACE::2024-11-18.23:22:20::SCWMssOS::xuartlite_stats.o

TRACE::2024-11-18.23:22:20::SCWMssOS::'Finished building libraries'

TRACE::2024-11-18.23:22:21::SCWMssOS:: Checking if to create the Supporting Applications
TRACE::2024-11-18.23:22:21::SCWMssOS:: No Linux domain exists, trying to generate FSBL 
LOG::2024-11-18.23:22:21::SCWSystem::Completed Processing the domain standalone_microblaze_0
LOG::2024-11-18.23:22:21::SCWSystem::Completed Processing the sysconfig mb_usb_hdmi_top
LOG::2024-11-18.23:22:21::SCWPlatform::Completed generating the artifacts for system configuration mb_usb_hdmi_top
TRACE::2024-11-18.23:22:21::SCWPlatform::Started preparing the platform 
TRACE::2024-11-18.23:22:21::SCWSystem::Writing the bif file for system config mb_usb_hdmi_top
TRACE::2024-11-18.23:22:21::SCWSystem::dir created 
TRACE::2024-11-18.23:22:21::SCWSystem::Writing the bif 
TRACE::2024-11-18.23:22:21::SCWPlatform::Started writing the spfm file 
TRACE::2024-11-18.23:22:21::SCWPlatform::Started writing the xpfm file 
TRACE::2024-11-18.23:22:21::SCWPlatform::Completed generating the platform
TRACE::2024-11-18.23:22:21::SCWMssOS::Saving the mss changes C:/Users/kb40/Desktop/ECE385/labb6/final_proj_sdk/mb_usb_hdmi_top/microblaze_0/standalone_microblaze_0/bsp/system.mss
TRACE::2024-11-18.23:22:21::SCWMssOS::Adding the swdes entry, mss present, able to open swdb C:/Users/kb40/Desktop/ECE385/labb6/final_proj_sdk/mb_usb_hdmi_top/microblaze_0/standalone_microblaze_0/bsp/system.mss with des name system
TRACE::2024-11-18.23:22:21::SCWMssOS::Writing the mss file completed C:/Users/kb40/Desktop/ECE385/labb6/final_proj_sdk/mb_usb_hdmi_top/microblaze_0/standalone_microblaze_0/bsp/system.mss
TRACE::2024-11-18.23:22:21::SCWMssOS::Commit changes completed.
TRACE::2024-11-18.23:22:21::SCWPlatform::Trying to open the hw design at C:/Users/kb40/Desktop/ECE385/labb6/final_proj_sdk/mb_usb_hdmi_top/hw/final_top.xsa
TRACE::2024-11-18.23:22:21::SCWPlatform::DSA given C:/Users/kb40/Desktop/ECE385/labb6/final_proj_sdk/mb_usb_hdmi_top/hw/final_top.xsa
TRACE::2024-11-18.23:22:21::SCWPlatform::DSA absoulate path C:/Users/kb40/Desktop/ECE385/labb6/final_proj_sdk/mb_usb_hdmi_top/hw/final_top.xsa
TRACE::2024-11-18.23:22:21::SCWPlatform::DSA directory C:/Users/kb40/Desktop/ECE385/labb6/final_proj_sdk/mb_usb_hdmi_top/hw
TRACE::2024-11-18.23:22:21::SCWPlatform:: Platform Path C:/Users/kb40/Desktop/ECE385/labb6/final_proj_sdk/mb_usb_hdmi_top/hw/final_top.xsa
TRACE::2024-11-18.23:22:21::SCWPlatform:: Unique name xilinx:::0.0
TRACE::2024-11-18.23:22:21::SCWPlatform::Trying to set the existing hwdb with name mb_usb_hdmi_top_36
TRACE::2024-11-18.23:22:21::SCWPlatform::Opened existing hwdb mb_usb_hdmi_top_36
TRACE::2024-11-18.23:22:21::SCWPlatform::Found the Hw Db part of the input DSA
TRACE::2024-11-18.23:22:21::SCWMssOS::Checking the sw design at  C:/Users/kb40/Desktop/ECE385/labb6/final_proj_sdk/mb_usb_hdmi_top/microblaze_0/standalone_microblaze_0/bsp/system.mss
TRACE::2024-11-18.23:22:21::SCWMssOS::DEBUG:  swdes dump  C:/Users/kb40/Desktop/ECE385/labb6/final_proj_sdk/mb_usb_hdmi_top/microblaze_0/standalone_microblaze_0/bsp/system.mss|system||

TRACE::2024-11-18.23:22:21::SCWMssOS::Sw design exists and opened at  C:/Users/kb40/Desktop/ECE385/labb6/final_proj_sdk/mb_usb_hdmi_top/microblaze_0/standalone_microblaze_0/bsp/system.mss
TRACE::2024-11-18.23:22:21::SCWWriter::formatted JSON is {
	"platformName":	"mb_usb_hdmi_top",
	"sprVersion":	"2.0",
	"mode":	"gui",
	"dsaType":	"Fixed",
	"platformDesc":	"mb_usb_hdmi_top",
	"platHandOff":	"C:/Users/kb40/Desktop/ECE385/labb6/final_top.xsa",
	"platIntHandOff":	"<platformDir>/hw/final_top.xsa",
	"deviceType":	"FPGA",
	"platIsPrebuiltAutogen":	"false",
	"platIsNoBootBsp":	"false",
	"hasFsblMakeHasChanges":	"false",
	"hasPmufwMakeHasChanges":	"false",
	"platPreBuiltFlag":	false,
	"platformSamplesDir":	"",
	"platActiveSys":	"mb_usb_hdmi_top",
	"systems":	[{
			"systemName":	"mb_usb_hdmi_top",
			"systemDesc":	"mb_usb_hdmi_top",
			"sysIsBootAutoGen":	"true",
			"systemDispName":	"mb_usb_hdmi_top",
			"sysActiveDom":	"standalone_microblaze_0",
			"sysDefaultDom":	"standalone_microblaze_0",
			"domains":	[{
					"domainName":	"standalone_microblaze_0",
					"domainDispName":	"standalone_microblaze_0",
					"domainDesc":	"standalone_microblaze_0",
					"processors":	"microblaze_0",
					"os":	"standalone",
					"sdxOs":	"standalone",
					"debugEnable":	"False",
					"domRuntimes":	["cpp"],
					"swRepo":	"",
					"mssOsVer":	"8.0",
					"mssFile":	"",
					"md5Digest":	"304529987e879521ca977c68d163f362",
					"compatibleApp":	"",
					"domType":	"mssDomain",
					"arch":	"32-bit",
					"appSettings":	{
						"appCompilerFlags":	"",
						"appLinkerFlags":	""
					},
					"addedLibs":	[],
					"libOptions":	{
						"libsContainingOptions":	[]
					},
					"prebuiltLibs":	{
						"prebuiltIncPath":	[],
						"prebuiltLibPath":	[]
					},
					"isolation":	{
					}
				}]
		}]
}
KEYINFO::2024-11-18.23:22:21::SCWPlatform::updated the xpfm file.
TRACE::2024-11-18.23:22:21::SCWPlatform::Trying to open the hw design at C:/Users/kb40/Desktop/ECE385/labb6/final_proj_sdk/mb_usb_hdmi_top/hw/final_top.xsa
TRACE::2024-11-18.23:22:21::SCWPlatform::DSA given C:/Users/kb40/Desktop/ECE385/labb6/final_proj_sdk/mb_usb_hdmi_top/hw/final_top.xsa
TRACE::2024-11-18.23:22:21::SCWPlatform::DSA absoulate path C:/Users/kb40/Desktop/ECE385/labb6/final_proj_sdk/mb_usb_hdmi_top/hw/final_top.xsa
TRACE::2024-11-18.23:22:21::SCWPlatform::DSA directory C:/Users/kb40/Desktop/ECE385/labb6/final_proj_sdk/mb_usb_hdmi_top/hw
TRACE::2024-11-18.23:22:21::SCWPlatform:: Platform Path C:/Users/kb40/Desktop/ECE385/labb6/final_proj_sdk/mb_usb_hdmi_top/hw/final_top.xsa
TRACE::2024-11-18.23:22:21::SCWPlatform:: Unique name xilinx:::0.0
TRACE::2024-11-18.23:22:21::SCWPlatform::Trying to set the existing hwdb with name mb_usb_hdmi_top_36
TRACE::2024-11-18.23:22:21::SCWPlatform::Opened existing hwdb mb_usb_hdmi_top_36
TRACE::2024-11-18.23:22:21::SCWPlatform::Found the Hw Db part of the input DSA
TRACE::2024-11-18.23:22:21::SCWMssOS::Checking the sw design at  C:/Users/kb40/Desktop/ECE385/labb6/final_proj_sdk/mb_usb_hdmi_top/microblaze_0/standalone_microblaze_0/bsp/system.mss
TRACE::2024-11-18.23:22:21::SCWMssOS::DEBUG:  swdes dump  C:/Users/kb40/Desktop/ECE385/labb6/final_proj_sdk/mb_usb_hdmi_top/microblaze_0/standalone_microblaze_0/bsp/system.mss|system||

TRACE::2024-11-18.23:22:21::SCWMssOS::Sw design exists and opened at  C:/Users/kb40/Desktop/ECE385/labb6/final_proj_sdk/mb_usb_hdmi_top/microblaze_0/standalone_microblaze_0/bsp/system.mss
