Copyright 1986-2022 Xilinx, Inc. All Rights Reserved.
-----------------------------------------------------------------------------------------------------------------------------------------------------------------------------------
| Tool Version : Vivado v.2022.2 (win64) Build 3671981 Fri Oct 14 05:00:03 MDT 2022
| Date         : Mon Dec  9 18:07:40 2024
| Host         : ECEB-3022-11 running 64-bit major release  (build 9200)
| Command      : report_methodology -file mb_usb_hdmi_top_methodology_drc_routed.rpt -pb mb_usb_hdmi_top_methodology_drc_routed.pb -rpx mb_usb_hdmi_top_methodology_drc_routed.rpx
| Design       : mb_usb_hdmi_top
| Device       : xc7s50csga324-1
| Speed File   : -1
| Design State : Fully Routed
-----------------------------------------------------------------------------------------------------------------------------------------------------------------------------------

Report Methodology

Table of Contents
-----------------
1. REPORT SUMMARY
2. REPORT DETAILS

1. REPORT SUMMARY
-----------------
            Netlist: netlist
          Floorplan: design_1
      Design limits: <entire design considered>
             Max violations: <unlimited>
             Violations found: 236
+-----------+------------------+------------------------------------------------------------------+------------+
| Rule      | Severity         | Description                                                      | Violations |
+-----------+------------------+------------------------------------------------------------------+------------+
| TIMING-6  | Critical Warning | No common primary clock between related clocks                   | 1          |
| TIMING-17 | Critical Warning | Non-clocked sequential cell                                      | 53         |
| TIMING-27 | Critical Warning | Invalid primary clock on hierarchical pin                        | 2          |
| CKLD-2    | Warning          | Clock Net has IO Driver, not a Clock Buf, and/or non-Clock loads | 1          |
| DPIR-1    | Warning          | Asynchronous driver check                                        | 43         |
| LUTAR-1   | Warning          | LUT drives async reset alert                                     | 4          |
| TIMING-9  | Warning          | Unknown CDC Logic                                                | 1          |
| TIMING-16 | Warning          | Large setup violation                                            | 120        |
| TIMING-18 | Warning          | Missing input or output delay                                    | 9          |
| TIMING-20 | Warning          | Non-clocked latch                                                | 1          |
| LATCH-1   | Advisory         | Existing latches in the design                                   | 1          |
+-----------+------------------+------------------------------------------------------------------+------------+

2. REPORT DETAILS
-----------------
TIMING-6#1 Critical Warning
No common primary clock between related clocks  
The clocks clk_out1_mb_block_1_clk_wiz_1_0 and clk_out1_clk_wiz_0 are related (timed together) but they have no common primary clock. The design could fail in hardware. To find a timing path between these clocks, run the following command: report_timing -from [get_clocks clk_out1_mb_block_1_clk_wiz_1_0] -to [get_clocks clk_out1_clk_wiz_0]
Related violations: <none>

TIMING-17#1 Critical Warning
Non-clocked sequential cell  
The clock pin HexA/counter_reg[0]/C is not reached by a timing clock
Related violations: <none>

TIMING-17#2 Critical Warning
Non-clocked sequential cell  
The clock pin HexA/counter_reg[10]/C is not reached by a timing clock
Related violations: <none>

TIMING-17#3 Critical Warning
Non-clocked sequential cell  
The clock pin HexA/counter_reg[11]/C is not reached by a timing clock
Related violations: <none>

TIMING-17#4 Critical Warning
Non-clocked sequential cell  
The clock pin HexA/counter_reg[12]/C is not reached by a timing clock
Related violations: <none>

TIMING-17#5 Critical Warning
Non-clocked sequential cell  
The clock pin HexA/counter_reg[13]/C is not reached by a timing clock
Related violations: <none>

TIMING-17#6 Critical Warning
Non-clocked sequential cell  
The clock pin HexA/counter_reg[14]/C is not reached by a timing clock
Related violations: <none>

TIMING-17#7 Critical Warning
Non-clocked sequential cell  
The clock pin HexA/counter_reg[15]/C is not reached by a timing clock
Related violations: <none>

TIMING-17#8 Critical Warning
Non-clocked sequential cell  
The clock pin HexA/counter_reg[16]/C is not reached by a timing clock
Related violations: <none>

TIMING-17#9 Critical Warning
Non-clocked sequential cell  
The clock pin HexA/counter_reg[1]/C is not reached by a timing clock
Related violations: <none>

TIMING-17#10 Critical Warning
Non-clocked sequential cell  
The clock pin HexA/counter_reg[2]/C is not reached by a timing clock
Related violations: <none>

TIMING-17#11 Critical Warning
Non-clocked sequential cell  
The clock pin HexA/counter_reg[3]/C is not reached by a timing clock
Related violations: <none>

TIMING-17#12 Critical Warning
Non-clocked sequential cell  
The clock pin HexA/counter_reg[4]/C is not reached by a timing clock
Related violations: <none>

TIMING-17#13 Critical Warning
Non-clocked sequential cell  
The clock pin HexA/counter_reg[5]/C is not reached by a timing clock
Related violations: <none>

TIMING-17#14 Critical Warning
Non-clocked sequential cell  
The clock pin HexA/counter_reg[6]/C is not reached by a timing clock
Related violations: <none>

TIMING-17#15 Critical Warning
Non-clocked sequential cell  
The clock pin HexA/counter_reg[7]/C is not reached by a timing clock
Related violations: <none>

TIMING-17#16 Critical Warning
Non-clocked sequential cell  
The clock pin HexA/counter_reg[8]/C is not reached by a timing clock
Related violations: <none>

TIMING-17#17 Critical Warning
Non-clocked sequential cell  
The clock pin HexA/counter_reg[9]/C is not reached by a timing clock
Related violations: <none>

TIMING-17#18 Critical Warning
Non-clocked sequential cell  
The clock pin luigi_instance1/LuigiX_reg[1]/C is not reached by a timing clock
Related violations: <none>

TIMING-17#19 Critical Warning
Non-clocked sequential cell  
The clock pin luigi_instance1/LuigiX_reg[2]/C is not reached by a timing clock
Related violations: <none>

TIMING-17#20 Critical Warning
Non-clocked sequential cell  
The clock pin luigi_instance1/LuigiX_reg[3]/C is not reached by a timing clock
Related violations: <none>

TIMING-17#21 Critical Warning
Non-clocked sequential cell  
The clock pin luigi_instance1/LuigiX_reg[4]/C is not reached by a timing clock
Related violations: <none>

TIMING-17#22 Critical Warning
Non-clocked sequential cell  
The clock pin luigi_instance1/LuigiX_reg[5]/C is not reached by a timing clock
Related violations: <none>

TIMING-17#23 Critical Warning
Non-clocked sequential cell  
The clock pin luigi_instance1/LuigiX_reg[6]/C is not reached by a timing clock
Related violations: <none>

TIMING-17#24 Critical Warning
Non-clocked sequential cell  
The clock pin luigi_instance1/LuigiX_reg[7]/C is not reached by a timing clock
Related violations: <none>

TIMING-17#25 Critical Warning
Non-clocked sequential cell  
The clock pin luigi_instance1/LuigiX_reg[8]/C is not reached by a timing clock
Related violations: <none>

TIMING-17#26 Critical Warning
Non-clocked sequential cell  
The clock pin luigi_instance1/LuigiX_reg[9]/C is not reached by a timing clock
Related violations: <none>

TIMING-17#27 Critical Warning
Non-clocked sequential cell  
The clock pin luigi_instance1/LuigiY_reg[1]/C is not reached by a timing clock
Related violations: <none>

TIMING-17#28 Critical Warning
Non-clocked sequential cell  
The clock pin luigi_instance1/LuigiY_reg[2]/C is not reached by a timing clock
Related violations: <none>

TIMING-17#29 Critical Warning
Non-clocked sequential cell  
The clock pin luigi_instance1/LuigiY_reg[3]/C is not reached by a timing clock
Related violations: <none>

TIMING-17#30 Critical Warning
Non-clocked sequential cell  
The clock pin luigi_instance1/LuigiY_reg[4]/C is not reached by a timing clock
Related violations: <none>

TIMING-17#31 Critical Warning
Non-clocked sequential cell  
The clock pin luigi_instance1/LuigiY_reg[5]/C is not reached by a timing clock
Related violations: <none>

TIMING-17#32 Critical Warning
Non-clocked sequential cell  
The clock pin luigi_instance1/LuigiY_reg[6]/C is not reached by a timing clock
Related violations: <none>

TIMING-17#33 Critical Warning
Non-clocked sequential cell  
The clock pin luigi_instance1/LuigiY_reg[7]/C is not reached by a timing clock
Related violations: <none>

TIMING-17#34 Critical Warning
Non-clocked sequential cell  
The clock pin luigi_instance1/LuigiY_reg[8]/C is not reached by a timing clock
Related violations: <none>

TIMING-17#35 Critical Warning
Non-clocked sequential cell  
The clock pin luigi_instance1/LuigiY_reg[9]/C is not reached by a timing clock
Related violations: <none>

TIMING-17#36 Critical Warning
Non-clocked sequential cell  
The clock pin mario_instance/BallX_reg[1]/C is not reached by a timing clock
Related violations: <none>

TIMING-17#37 Critical Warning
Non-clocked sequential cell  
The clock pin mario_instance/BallX_reg[2]/C is not reached by a timing clock
Related violations: <none>

TIMING-17#38 Critical Warning
Non-clocked sequential cell  
The clock pin mario_instance/BallX_reg[3]/C is not reached by a timing clock
Related violations: <none>

TIMING-17#39 Critical Warning
Non-clocked sequential cell  
The clock pin mario_instance/BallX_reg[4]/C is not reached by a timing clock
Related violations: <none>

TIMING-17#40 Critical Warning
Non-clocked sequential cell  
The clock pin mario_instance/BallX_reg[5]/C is not reached by a timing clock
Related violations: <none>

TIMING-17#41 Critical Warning
Non-clocked sequential cell  
The clock pin mario_instance/BallX_reg[6]/C is not reached by a timing clock
Related violations: <none>

TIMING-17#42 Critical Warning
Non-clocked sequential cell  
The clock pin mario_instance/BallX_reg[7]/C is not reached by a timing clock
Related violations: <none>

TIMING-17#43 Critical Warning
Non-clocked sequential cell  
The clock pin mario_instance/BallX_reg[8]/C is not reached by a timing clock
Related violations: <none>

TIMING-17#44 Critical Warning
Non-clocked sequential cell  
The clock pin mario_instance/BallX_reg[9]/C is not reached by a timing clock
Related violations: <none>

TIMING-17#45 Critical Warning
Non-clocked sequential cell  
The clock pin mario_instance/BallY_reg[1]/C is not reached by a timing clock
Related violations: <none>

TIMING-17#46 Critical Warning
Non-clocked sequential cell  
The clock pin mario_instance/BallY_reg[2]/C is not reached by a timing clock
Related violations: <none>

TIMING-17#47 Critical Warning
Non-clocked sequential cell  
The clock pin mario_instance/BallY_reg[3]/C is not reached by a timing clock
Related violations: <none>

TIMING-17#48 Critical Warning
Non-clocked sequential cell  
The clock pin mario_instance/BallY_reg[4]/C is not reached by a timing clock
Related violations: <none>

TIMING-17#49 Critical Warning
Non-clocked sequential cell  
The clock pin mario_instance/BallY_reg[5]/C is not reached by a timing clock
Related violations: <none>

TIMING-17#50 Critical Warning
Non-clocked sequential cell  
The clock pin mario_instance/BallY_reg[6]/C is not reached by a timing clock
Related violations: <none>

TIMING-17#51 Critical Warning
Non-clocked sequential cell  
The clock pin mario_instance/BallY_reg[7]/C is not reached by a timing clock
Related violations: <none>

TIMING-17#52 Critical Warning
Non-clocked sequential cell  
The clock pin mario_instance/BallY_reg[8]/C is not reached by a timing clock
Related violations: <none>

TIMING-17#53 Critical Warning
Non-clocked sequential cell  
The clock pin mario_instance/BallY_reg[9]/C is not reached by a timing clock
Related violations: <none>

TIMING-27#1 Critical Warning
Invalid primary clock on hierarchical pin  
A primary clock clk_wiz/inst/clk_in1 is created on an inappropriate internal pin clk_wiz/inst/clk_in1. It is not recommended to create a primary clock on a hierarchical pin when its driver pin has a fanout connected to multiple clock pins
Related violations: <none>

TIMING-27#2 Critical Warning
Invalid primary clock on hierarchical pin  
A primary clock mb_block_i/mb_block_1_i/clk_wiz_0/inst/clk_in1 is created on an inappropriate internal pin mb_block_i/mb_block_1_i/clk_wiz_0/inst/clk_in1. It is not recommended to create a primary clock on a hierarchical pin when its driver pin has a fanout connected to multiple clock pins
Related violations: <none>

CKLD-2#1 Warning
Clock Net has IO Driver, not a Clock Buf, and/or non-Clock loads  
Clock net Clk_IBUF is directly driven by an IO rather than a Clock Buffer or may be an IO driving a mix of Clock Buffer and non-Clock loads. This connectivity should be reviewed and corrected as appropriate. Driver(s): Clk_IBUF_inst/O, HexA/Clk, clk_wiz/clk_in1, mb_block_i/Clk
Related violations: <none>

DPIR-1#1 Warning
Asynchronous driver check  
DSP color_instance/gameOverIndex input pin color_instance/gameOverIndex/B[0] is connected to registers with an asynchronous reset. This is preventing the possibility of merging these registers in to the DSP Block since the DSP block registers only possess synchronous reset capability.  It is suggested to recode or change these registers to remove the reset or use a synchronous reset to get the best optimization for performance, power and area.
Related violations: <none>

DPIR-1#2 Warning
Asynchronous driver check  
DSP color_instance/gameOverIndex input pin color_instance/gameOverIndex/B[1] is connected to registers with an asynchronous reset. This is preventing the possibility of merging these registers in to the DSP Block since the DSP block registers only possess synchronous reset capability.  It is suggested to recode or change these registers to remove the reset or use a synchronous reset to get the best optimization for performance, power and area.
Related violations: <none>

DPIR-1#3 Warning
Asynchronous driver check  
DSP color_instance/gameOverIndex input pin color_instance/gameOverIndex/B[2] is connected to registers with an asynchronous reset. This is preventing the possibility of merging these registers in to the DSP Block since the DSP block registers only possess synchronous reset capability.  It is suggested to recode or change these registers to remove the reset or use a synchronous reset to get the best optimization for performance, power and area.
Related violations: <none>

DPIR-1#4 Warning
Asynchronous driver check  
DSP color_instance/gameOverIndex input pin color_instance/gameOverIndex/B[3] is connected to registers with an asynchronous reset. This is preventing the possibility of merging these registers in to the DSP Block since the DSP block registers only possess synchronous reset capability.  It is suggested to recode or change these registers to remove the reset or use a synchronous reset to get the best optimization for performance, power and area.
Related violations: <none>

DPIR-1#5 Warning
Asynchronous driver check  
DSP color_instance/gameOverIndex input pin color_instance/gameOverIndex/B[4] is connected to registers with an asynchronous reset. This is preventing the possibility of merging these registers in to the DSP Block since the DSP block registers only possess synchronous reset capability.  It is suggested to recode or change these registers to remove the reset or use a synchronous reset to get the best optimization for performance, power and area.
Related violations: <none>

DPIR-1#6 Warning
Asynchronous driver check  
DSP color_instance/gameOverIndex input pin color_instance/gameOverIndex/B[5] is connected to registers with an asynchronous reset. This is preventing the possibility of merging these registers in to the DSP Block since the DSP block registers only possess synchronous reset capability.  It is suggested to recode or change these registers to remove the reset or use a synchronous reset to get the best optimization for performance, power and area.
Related violations: <none>

DPIR-1#7 Warning
Asynchronous driver check  
DSP color_instance/gameOverIndex input pin color_instance/gameOverIndex/B[6] is connected to registers with an asynchronous reset. This is preventing the possibility of merging these registers in to the DSP Block since the DSP block registers only possess synchronous reset capability.  It is suggested to recode or change these registers to remove the reset or use a synchronous reset to get the best optimization for performance, power and area.
Related violations: <none>

DPIR-1#8 Warning
Asynchronous driver check  
DSP color_instance/gameOverIndex input pin color_instance/gameOverIndex/B[7] is connected to registers with an asynchronous reset. This is preventing the possibility of merging these registers in to the DSP Block since the DSP block registers only possess synchronous reset capability.  It is suggested to recode or change these registers to remove the reset or use a synchronous reset to get the best optimization for performance, power and area.
Related violations: <none>

DPIR-1#9 Warning
Asynchronous driver check  
DSP color_instance/gameOverIndex input pin color_instance/gameOverIndex/B[8] is connected to registers with an asynchronous reset. This is preventing the possibility of merging these registers in to the DSP Block since the DSP block registers only possess synchronous reset capability.  It is suggested to recode or change these registers to remove the reset or use a synchronous reset to get the best optimization for performance, power and area.
Related violations: <none>

DPIR-1#10 Warning
Asynchronous driver check  
DSP color_instance/gameOverIndex input pin color_instance/gameOverIndex/B[9] is connected to registers with an asynchronous reset. This is preventing the possibility of merging these registers in to the DSP Block since the DSP block registers only possess synchronous reset capability.  It is suggested to recode or change these registers to remove the reset or use a synchronous reset to get the best optimization for performance, power and area.
Related violations: <none>

DPIR-1#11 Warning
Asynchronous driver check  
DSP color_instance/gameOverIndex0 input pin color_instance/gameOverIndex0/D[0] is connected to registers with an asynchronous reset. This is preventing the possibility of merging these registers in to the DSP Block since the DSP block registers only possess synchronous reset capability.  It is suggested to recode or change these registers to remove the reset or use a synchronous reset to get the best optimization for performance, power and area.
Related violations: <none>

DPIR-1#12 Warning
Asynchronous driver check  
DSP color_instance/gameOverIndex0 input pin color_instance/gameOverIndex0/D[1] is connected to registers with an asynchronous reset. This is preventing the possibility of merging these registers in to the DSP Block since the DSP block registers only possess synchronous reset capability.  It is suggested to recode or change these registers to remove the reset or use a synchronous reset to get the best optimization for performance, power and area.
Related violations: <none>

DPIR-1#13 Warning
Asynchronous driver check  
DSP color_instance/gameOverIndex0 input pin color_instance/gameOverIndex0/D[2] is connected to registers with an asynchronous reset. This is preventing the possibility of merging these registers in to the DSP Block since the DSP block registers only possess synchronous reset capability.  It is suggested to recode or change these registers to remove the reset or use a synchronous reset to get the best optimization for performance, power and area.
Related violations: <none>

DPIR-1#14 Warning
Asynchronous driver check  
DSP color_instance/gameOverIndex0 input pin color_instance/gameOverIndex0/D[3] is connected to registers with an asynchronous reset. This is preventing the possibility of merging these registers in to the DSP Block since the DSP block registers only possess synchronous reset capability.  It is suggested to recode or change these registers to remove the reset or use a synchronous reset to get the best optimization for performance, power and area.
Related violations: <none>

DPIR-1#15 Warning
Asynchronous driver check  
DSP color_instance/gameOverIndex0 input pin color_instance/gameOverIndex0/D[4] is connected to registers with an asynchronous reset. This is preventing the possibility of merging these registers in to the DSP Block since the DSP block registers only possess synchronous reset capability.  It is suggested to recode or change these registers to remove the reset or use a synchronous reset to get the best optimization for performance, power and area.
Related violations: <none>

DPIR-1#16 Warning
Asynchronous driver check  
DSP color_instance/gameOverIndex0 input pin color_instance/gameOverIndex0/D[5] is connected to registers with an asynchronous reset. This is preventing the possibility of merging these registers in to the DSP Block since the DSP block registers only possess synchronous reset capability.  It is suggested to recode or change these registers to remove the reset or use a synchronous reset to get the best optimization for performance, power and area.
Related violations: <none>

DPIR-1#17 Warning
Asynchronous driver check  
DSP color_instance/gameOverIndex0 input pin color_instance/gameOverIndex0/D[6] is connected to registers with an asynchronous reset. This is preventing the possibility of merging these registers in to the DSP Block since the DSP block registers only possess synchronous reset capability.  It is suggested to recode or change these registers to remove the reset or use a synchronous reset to get the best optimization for performance, power and area.
Related violations: <none>

DPIR-1#18 Warning
Asynchronous driver check  
DSP color_instance/gameOverIndex0 input pin color_instance/gameOverIndex0/D[7] is connected to registers with an asynchronous reset. This is preventing the possibility of merging these registers in to the DSP Block since the DSP block registers only possess synchronous reset capability.  It is suggested to recode or change these registers to remove the reset or use a synchronous reset to get the best optimization for performance, power and area.
Related violations: <none>

DPIR-1#19 Warning
Asynchronous driver check  
DSP color_instance/gameOverIndex0 input pin color_instance/gameOverIndex0/D[8] is connected to registers with an asynchronous reset. This is preventing the possibility of merging these registers in to the DSP Block since the DSP block registers only possess synchronous reset capability.  It is suggested to recode or change these registers to remove the reset or use a synchronous reset to get the best optimization for performance, power and area.
Related violations: <none>

DPIR-1#20 Warning
Asynchronous driver check  
DSP color_instance/gameOverIndex0 input pin color_instance/gameOverIndex0/D[9] is connected to registers with an asynchronous reset. This is preventing the possibility of merging these registers in to the DSP Block since the DSP block registers only possess synchronous reset capability.  It is suggested to recode or change these registers to remove the reset or use a synchronous reset to get the best optimization for performance, power and area.
Related violations: <none>

DPIR-1#21 Warning
Asynchronous driver check  
DSP color_instance/index input pin color_instance/index/A[0] is connected to registers with an asynchronous reset. This is preventing the possibility of merging these registers in to the DSP Block since the DSP block registers only possess synchronous reset capability.  It is suggested to recode or change these registers to remove the reset or use a synchronous reset to get the best optimization for performance, power and area.
Related violations: <none>

DPIR-1#22 Warning
Asynchronous driver check  
DSP color_instance/index input pin color_instance/index/A[1] is connected to registers with an asynchronous reset. This is preventing the possibility of merging these registers in to the DSP Block since the DSP block registers only possess synchronous reset capability.  It is suggested to recode or change these registers to remove the reset or use a synchronous reset to get the best optimization for performance, power and area.
Related violations: <none>

DPIR-1#23 Warning
Asynchronous driver check  
DSP color_instance/index input pin color_instance/index/A[2] is connected to registers with an asynchronous reset. This is preventing the possibility of merging these registers in to the DSP Block since the DSP block registers only possess synchronous reset capability.  It is suggested to recode or change these registers to remove the reset or use a synchronous reset to get the best optimization for performance, power and area.
Related violations: <none>

DPIR-1#24 Warning
Asynchronous driver check  
DSP color_instance/index input pin color_instance/index/A[3] is connected to registers with an asynchronous reset. This is preventing the possibility of merging these registers in to the DSP Block since the DSP block registers only possess synchronous reset capability.  It is suggested to recode or change these registers to remove the reset or use a synchronous reset to get the best optimization for performance, power and area.
Related violations: <none>

DPIR-1#25 Warning
Asynchronous driver check  
DSP color_instance/index input pin color_instance/index/A[4] is connected to registers with an asynchronous reset. This is preventing the possibility of merging these registers in to the DSP Block since the DSP block registers only possess synchronous reset capability.  It is suggested to recode or change these registers to remove the reset or use a synchronous reset to get the best optimization for performance, power and area.
Related violations: <none>

DPIR-1#26 Warning
Asynchronous driver check  
DSP color_instance/index input pin color_instance/index/A[5] is connected to registers with an asynchronous reset. This is preventing the possibility of merging these registers in to the DSP Block since the DSP block registers only possess synchronous reset capability.  It is suggested to recode or change these registers to remove the reset or use a synchronous reset to get the best optimization for performance, power and area.
Related violations: <none>

DPIR-1#27 Warning
Asynchronous driver check  
DSP color_instance/index input pin color_instance/index/A[6] is connected to registers with an asynchronous reset. This is preventing the possibility of merging these registers in to the DSP Block since the DSP block registers only possess synchronous reset capability.  It is suggested to recode or change these registers to remove the reset or use a synchronous reset to get the best optimization for performance, power and area.
Related violations: <none>

DPIR-1#28 Warning
Asynchronous driver check  
DSP color_instance/index input pin color_instance/index/A[7] is connected to registers with an asynchronous reset. This is preventing the possibility of merging these registers in to the DSP Block since the DSP block registers only possess synchronous reset capability.  It is suggested to recode or change these registers to remove the reset or use a synchronous reset to get the best optimization for performance, power and area.
Related violations: <none>

DPIR-1#29 Warning
Asynchronous driver check  
DSP color_instance/index input pin color_instance/index/A[8] is connected to registers with an asynchronous reset. This is preventing the possibility of merging these registers in to the DSP Block since the DSP block registers only possess synchronous reset capability.  It is suggested to recode or change these registers to remove the reset or use a synchronous reset to get the best optimization for performance, power and area.
Related violations: <none>

DPIR-1#30 Warning
Asynchronous driver check  
DSP color_instance/index input pin color_instance/index/A[9] is connected to registers with an asynchronous reset. This is preventing the possibility of merging these registers in to the DSP Block since the DSP block registers only possess synchronous reset capability.  It is suggested to recode or change these registers to remove the reset or use a synchronous reset to get the best optimization for performance, power and area.
Related violations: <none>

DPIR-1#31 Warning
Asynchronous driver check  
DSP color_instance/index input pin color_instance/index/C[0] is connected to registers with an asynchronous reset. This is preventing the possibility of merging these registers in to the DSP Block since the DSP block registers only possess synchronous reset capability.  It is suggested to recode or change these registers to remove the reset or use a synchronous reset to get the best optimization for performance, power and area.
Related violations: <none>

DPIR-1#32 Warning
Asynchronous driver check  
DSP color_instance/index input pin color_instance/index/C[1] is connected to registers with an asynchronous reset. This is preventing the possibility of merging these registers in to the DSP Block since the DSP block registers only possess synchronous reset capability.  It is suggested to recode or change these registers to remove the reset or use a synchronous reset to get the best optimization for performance, power and area.
Related violations: <none>

DPIR-1#33 Warning
Asynchronous driver check  
DSP color_instance/index input pin color_instance/index/C[2] is connected to registers with an asynchronous reset. This is preventing the possibility of merging these registers in to the DSP Block since the DSP block registers only possess synchronous reset capability.  It is suggested to recode or change these registers to remove the reset or use a synchronous reset to get the best optimization for performance, power and area.
Related violations: <none>

DPIR-1#34 Warning
Asynchronous driver check  
DSP color_instance/index input pin color_instance/index/C[3] is connected to registers with an asynchronous reset. This is preventing the possibility of merging these registers in to the DSP Block since the DSP block registers only possess synchronous reset capability.  It is suggested to recode or change these registers to remove the reset or use a synchronous reset to get the best optimization for performance, power and area.
Related violations: <none>

DPIR-1#35 Warning
Asynchronous driver check  
DSP color_instance/index input pin color_instance/index/C[4] is connected to registers with an asynchronous reset. This is preventing the possibility of merging these registers in to the DSP Block since the DSP block registers only possess synchronous reset capability.  It is suggested to recode or change these registers to remove the reset or use a synchronous reset to get the best optimization for performance, power and area.
Related violations: <none>

DPIR-1#36 Warning
Asynchronous driver check  
DSP color_instance/index input pin color_instance/index/C[5] is connected to registers with an asynchronous reset. This is preventing the possibility of merging these registers in to the DSP Block since the DSP block registers only possess synchronous reset capability.  It is suggested to recode or change these registers to remove the reset or use a synchronous reset to get the best optimization for performance, power and area.
Related violations: <none>

DPIR-1#37 Warning
Asynchronous driver check  
DSP color_instance/index input pin color_instance/index/C[6] is connected to registers with an asynchronous reset. This is preventing the possibility of merging these registers in to the DSP Block since the DSP block registers only possess synchronous reset capability.  It is suggested to recode or change these registers to remove the reset or use a synchronous reset to get the best optimization for performance, power and area.
Related violations: <none>

DPIR-1#38 Warning
Asynchronous driver check  
DSP color_instance/index input pin color_instance/index/C[7] is connected to registers with an asynchronous reset. This is preventing the possibility of merging these registers in to the DSP Block since the DSP block registers only possess synchronous reset capability.  It is suggested to recode or change these registers to remove the reset or use a synchronous reset to get the best optimization for performance, power and area.
Related violations: <none>

DPIR-1#39 Warning
Asynchronous driver check  
DSP color_instance/index input pin color_instance/index/C[8] is connected to registers with an asynchronous reset. This is preventing the possibility of merging these registers in to the DSP Block since the DSP block registers only possess synchronous reset capability.  It is suggested to recode or change these registers to remove the reset or use a synchronous reset to get the best optimization for performance, power and area.
Related violations: <none>

DPIR-1#40 Warning
Asynchronous driver check  
DSP color_instance/index input pin color_instance/index/C[9] is connected to registers with an asynchronous reset. This is preventing the possibility of merging these registers in to the DSP Block since the DSP block registers only possess synchronous reset capability.  It is suggested to recode or change these registers to remove the reset or use a synchronous reset to get the best optimization for performance, power and area.
Related violations: <none>

DPIR-1#41 Warning
Asynchronous driver check  
DSP color_instance/read_address00__2 input pin color_instance/read_address00__2/C[0] is connected to registers with an asynchronous reset. This is preventing the possibility of merging these registers in to the DSP Block since the DSP block registers only possess synchronous reset capability.  It is suggested to recode or change these registers to remove the reset or use a synchronous reset to get the best optimization for performance, power and area.
Related violations: <none>

DPIR-1#42 Warning
Asynchronous driver check  
DSP color_instance/read_address0__1 input pin color_instance/read_address0__1/A[0] is connected to registers with an asynchronous reset. This is preventing the possibility of merging these registers in to the DSP Block since the DSP block registers only possess synchronous reset capability.  It is suggested to recode or change these registers to remove the reset or use a synchronous reset to get the best optimization for performance, power and area.
Related violations: <none>

DPIR-1#43 Warning
Asynchronous driver check  
DSP color_instance/read_address0__2 input pin color_instance/read_address0__2/A[0] is connected to registers with an asynchronous reset. This is preventing the possibility of merging these registers in to the DSP Block since the DSP block registers only possess synchronous reset capability.  It is suggested to recode or change these registers to remove the reset or use a synchronous reset to get the best optimization for performance, power and area.
Related violations: <none>

LUTAR-1#1 Warning
LUT drives async reset alert  
LUT cell mb_block_i/mb_block_1_i/mdm_1/U0/MDM_Core_I1/JTAG_CONTROL_I/sel_n_i_2, with 2 or more inputs, drives asynchronous preset/clear pin(s) mb_block_i/mb_block_1_i/mdm_1/U0/MDM_Core_I1/JTAG_CONTROL_I/sel_n_reg/PRE. The LUT may glitch and trigger an unexpected reset, even if it is a properly timed path.
Related violations: <none>

LUTAR-1#2 Warning
LUT drives async reset alert  
LUT cell mb_block_i/mb_block_1_i/microblaze_0/U0/MicroBlaze_Core_I/Area.Core/Implement_Debug_Logic.Master_Core.Debug_Area/Serial_Dbg_Intf.force_stop_cmd_rst_i_i_1, with 2 or more inputs, drives asynchronous preset/clear pin(s) mb_block_i/mb_block_1_i/microblaze_0/U0/MicroBlaze_Core_I/Area.Core/Implement_Debug_Logic.Master_Core.Debug_Area/Serial_Dbg_Intf.force_stop_TClk_reg/CLR. The LUT may glitch and trigger an unexpected reset, even if it is a properly timed path.
Related violations: <none>

LUTAR-1#3 Warning
LUT drives async reset alert  
LUT cell mb_block_i/mb_block_1_i/microblaze_0/U0/MicroBlaze_Core_I/Area.Core/Implement_Debug_Logic.Master_Core.Debug_Area/Serial_Dbg_Intf.normal_stop_cmd_rst_i_i_1, with 2 or more inputs, drives asynchronous preset/clear pin(s) mb_block_i/mb_block_1_i/microblaze_0/U0/MicroBlaze_Core_I/Area.Core/Implement_Debug_Logic.Master_Core.Debug_Area/Serial_Dbg_Intf.normal_stop_TClk_reg/CLR. The LUT may glitch and trigger an unexpected reset, even if it is a properly timed path.
Related violations: <none>

LUTAR-1#4 Warning
LUT drives async reset alert  
LUT cell vga_to_hdmi/inst/encr/oserdes_m_i_1, with 2 or more inputs, drives asynchronous preset/clear pin(s) vga_to_hdmi/inst/encg/dout_reg[9]/CLR,
vga_to_hdmi/inst/encr/cnt_reg[1]/CLR, vga_to_hdmi/inst/encr/cnt_reg[2]/CLR,
vga_to_hdmi/inst/encr/cnt_reg[3]/CLR, vga_to_hdmi/inst/encr/cnt_reg[4]/CLR,
vga_to_hdmi/inst/encr/dout_reg[0]/CLR,
vga_to_hdmi/inst/encr/dout_reg[1]/CLR,
vga_to_hdmi/inst/encr/dout_reg[2]/CLR,
vga_to_hdmi/inst/encr/dout_reg[3]/CLR,
vga_to_hdmi/inst/encr/dout_reg[4]/CLR,
vga_to_hdmi/inst/encr/dout_reg[5]/CLR,
vga_to_hdmi/inst/encr/dout_reg[6]/CLR,
vga_to_hdmi/inst/encr/dout_reg[7]/CLR,
vga_to_hdmi/inst/encr/dout_reg[8]/CLR,
vga_to_hdmi/inst/encr/dout_reg[9]/CLR (the first 15 of 42 listed). The LUT may glitch and trigger an unexpected reset, even if it is a properly timed path.
Related violations: <none>

TIMING-9#1 Warning
Unknown CDC Logic  
One or more asynchronous Clock Domain Crossing has been detected between 2 clock domains through a set_false_path or a set_clock_groups or set_max_delay -datapath_only constraint but no double-registers logic synchronizer has been found on the side of the capture clock. It is recommended to run report_cdc for a complete and detailed CDC coverage. Please consider using XPM_CDC to avoid Critical severities
Related violations: <none>

TIMING-16#1 Warning
Large setup violation  
There is a large setup violation of -2.340 ns between mb_block_i/mb_block_1_i/gpio_usb_keycode/U0/gpio_core_1/Dual.gpio_Data_Out_reg[1]/C (clocked by clk_out1_mb_block_1_clk_wiz_1_0) and color_instance/nolabel_line247/mem_reg_0_0/ADDRBWRADDR[4] (clocked by clk_out1_clk_wiz_0). Large setup violations at the end of those stages might be difficult to fix during the post-placement implementation flow and could be the result of non-optimal XDC constraints or non-optimal design architecture
Related violations: <none>

TIMING-16#2 Warning
Large setup violation  
There is a large setup violation of -2.343 ns between mb_block_i/mb_block_1_i/gpio_usb_keycode/U0/gpio_core_1/Dual.gpio_Data_Out_reg[1]/C (clocked by clk_out1_mb_block_1_clk_wiz_1_0) and color_instance/nolabel_line247/mem_reg_0_0/ADDRBWRADDR[11] (clocked by clk_out1_clk_wiz_0). Large setup violations at the end of those stages might be difficult to fix during the post-placement implementation flow and could be the result of non-optimal XDC constraints or non-optimal design architecture
Related violations: <none>

TIMING-16#3 Warning
Large setup violation  
There is a large setup violation of -2.353 ns between mb_block_i/mb_block_1_i/gpio_usb_keycode/U0/gpio_core_1/Dual.gpio_Data_Out_reg[1]/C (clocked by clk_out1_mb_block_1_clk_wiz_1_0) and color_instance/nolabel_line247/mem_reg_0_0/ADDRBWRADDR[14] (clocked by clk_out1_clk_wiz_0). Large setup violations at the end of those stages might be difficult to fix during the post-placement implementation flow and could be the result of non-optimal XDC constraints or non-optimal design architecture
Related violations: <none>

TIMING-16#4 Warning
Large setup violation  
There is a large setup violation of -2.354 ns between mb_block_i/mb_block_1_i/gpio_usb_keycode/U0/gpio_core_1/Dual.gpio_Data_Out_reg[1]/C (clocked by clk_out1_mb_block_1_clk_wiz_1_0) and color_instance/nolabel_line247/mem_reg_0_0/ADDRBWRADDR[10] (clocked by clk_out1_clk_wiz_0). Large setup violations at the end of those stages might be difficult to fix during the post-placement implementation flow and could be the result of non-optimal XDC constraints or non-optimal design architecture
Related violations: <none>

TIMING-16#5 Warning
Large setup violation  
There is a large setup violation of -2.354 ns between mb_block_i/mb_block_1_i/gpio_usb_keycode/U0/gpio_core_1/Dual.gpio_Data_Out_reg[1]/C (clocked by clk_out1_mb_block_1_clk_wiz_1_0) and color_instance/nolabel_line247/mem_reg_0_0/ADDRBWRADDR[12] (clocked by clk_out1_clk_wiz_0). Large setup violations at the end of those stages might be difficult to fix during the post-placement implementation flow and could be the result of non-optimal XDC constraints or non-optimal design architecture
Related violations: <none>

TIMING-16#6 Warning
Large setup violation  
There is a large setup violation of -2.356 ns between mb_block_i/mb_block_1_i/gpio_usb_keycode/U0/gpio_core_1/Dual.gpio_Data_Out_reg[1]/C (clocked by clk_out1_mb_block_1_clk_wiz_1_0) and color_instance/nolabel_line247/mem_reg_0_0/ADDRBWRADDR[0] (clocked by clk_out1_clk_wiz_0). Large setup violations at the end of those stages might be difficult to fix during the post-placement implementation flow and could be the result of non-optimal XDC constraints or non-optimal design architecture
Related violations: <none>

TIMING-16#7 Warning
Large setup violation  
There is a large setup violation of -2.356 ns between mb_block_i/mb_block_1_i/gpio_usb_keycode/U0/gpio_core_1/Dual.gpio_Data_Out_reg[1]/C (clocked by clk_out1_mb_block_1_clk_wiz_1_0) and color_instance/nolabel_line247/mem_reg_0_0/ADDRBWRADDR[9] (clocked by clk_out1_clk_wiz_0). Large setup violations at the end of those stages might be difficult to fix during the post-placement implementation flow and could be the result of non-optimal XDC constraints or non-optimal design architecture
Related violations: <none>

TIMING-16#8 Warning
Large setup violation  
There is a large setup violation of -2.357 ns between mb_block_i/mb_block_1_i/gpio_usb_keycode/U0/gpio_core_1/Dual.gpio_Data_Out_reg[1]/C (clocked by clk_out1_mb_block_1_clk_wiz_1_0) and color_instance/nolabel_line247/mem_reg_0_0/ADDRBWRADDR[1] (clocked by clk_out1_clk_wiz_0). Large setup violations at the end of those stages might be difficult to fix during the post-placement implementation flow and could be the result of non-optimal XDC constraints or non-optimal design architecture
Related violations: <none>

TIMING-16#9 Warning
Large setup violation  
There is a large setup violation of -2.360 ns between mb_block_i/mb_block_1_i/gpio_usb_keycode/U0/gpio_core_1/Dual.gpio_Data_Out_reg[1]/C (clocked by clk_out1_mb_block_1_clk_wiz_1_0) and color_instance/nolabel_line247/mem_reg_0_0/ADDRBWRADDR[2] (clocked by clk_out1_clk_wiz_0). Large setup violations at the end of those stages might be difficult to fix during the post-placement implementation flow and could be the result of non-optimal XDC constraints or non-optimal design architecture
Related violations: <none>

TIMING-16#10 Warning
Large setup violation  
There is a large setup violation of -2.380 ns between mb_block_i/mb_block_1_i/gpio_usb_keycode/U0/gpio_core_1/Dual.gpio_Data_Out_reg[1]/C (clocked by clk_out1_mb_block_1_clk_wiz_1_0) and color_instance/nolabel_line247/mem_reg_0_3/ADDRBWRADDR[13] (clocked by clk_out1_clk_wiz_0). Large setup violations at the end of those stages might be difficult to fix during the post-placement implementation flow and could be the result of non-optimal XDC constraints or non-optimal design architecture
Related violations: <none>

TIMING-16#11 Warning
Large setup violation  
There is a large setup violation of -2.382 ns between mb_block_i/mb_block_1_i/gpio_usb_keycode/U0/gpio_core_1/Dual.gpio_Data_Out_reg[1]/C (clocked by clk_out1_mb_block_1_clk_wiz_1_0) and color_instance/nolabel_line247/mem_reg_0_1/ADDRBWRADDR[2] (clocked by clk_out1_clk_wiz_0). Large setup violations at the end of those stages might be difficult to fix during the post-placement implementation flow and could be the result of non-optimal XDC constraints or non-optimal design architecture
Related violations: <none>

TIMING-16#12 Warning
Large setup violation  
There is a large setup violation of -2.391 ns between mb_block_i/mb_block_1_i/gpio_usb_keycode/U0/gpio_core_1/Dual.gpio_Data_Out_reg[1]/C (clocked by clk_out1_mb_block_1_clk_wiz_1_0) and color_instance/nolabel_line247/mem_reg_0_1/ADDRBWRADDR[7] (clocked by clk_out1_clk_wiz_0). Large setup violations at the end of those stages might be difficult to fix during the post-placement implementation flow and could be the result of non-optimal XDC constraints or non-optimal design architecture
Related violations: <none>

TIMING-16#13 Warning
Large setup violation  
There is a large setup violation of -2.407 ns between mb_block_i/mb_block_1_i/gpio_usb_keycode/U0/gpio_core_1/Dual.gpio_Data_Out_reg[1]/C (clocked by clk_out1_mb_block_1_clk_wiz_1_0) and color_instance/nolabel_line247/mem_reg_0_1/ADDRBWRADDR[10] (clocked by clk_out1_clk_wiz_0). Large setup violations at the end of those stages might be difficult to fix during the post-placement implementation flow and could be the result of non-optimal XDC constraints or non-optimal design architecture
Related violations: <none>

TIMING-16#14 Warning
Large setup violation  
There is a large setup violation of -2.407 ns between mb_block_i/mb_block_1_i/gpio_usb_keycode/U0/gpio_core_1/Dual.gpio_Data_Out_reg[1]/C (clocked by clk_out1_mb_block_1_clk_wiz_1_0) and color_instance/nolabel_line247/mem_reg_0_1/ADDRBWRADDR[5] (clocked by clk_out1_clk_wiz_0). Large setup violations at the end of those stages might be difficult to fix during the post-placement implementation flow and could be the result of non-optimal XDC constraints or non-optimal design architecture
Related violations: <none>

TIMING-16#15 Warning
Large setup violation  
There is a large setup violation of -2.412 ns between mb_block_i/mb_block_1_i/gpio_usb_keycode/U0/gpio_core_1/Dual.gpio_Data_Out_reg[1]/C (clocked by clk_out1_mb_block_1_clk_wiz_1_0) and color_instance/nolabel_line247/mem_reg_0_3/ADDRBWRADDR[10] (clocked by clk_out1_clk_wiz_0). Large setup violations at the end of those stages might be difficult to fix during the post-placement implementation flow and could be the result of non-optimal XDC constraints or non-optimal design architecture
Related violations: <none>

TIMING-16#16 Warning
Large setup violation  
There is a large setup violation of -2.412 ns between mb_block_i/mb_block_1_i/gpio_usb_keycode/U0/gpio_core_1/Dual.gpio_Data_Out_reg[1]/C (clocked by clk_out1_mb_block_1_clk_wiz_1_0) and color_instance/nolabel_line247/mem_reg_0_3/ADDRBWRADDR[12] (clocked by clk_out1_clk_wiz_0). Large setup violations at the end of those stages might be difficult to fix during the post-placement implementation flow and could be the result of non-optimal XDC constraints or non-optimal design architecture
Related violations: <none>

TIMING-16#17 Warning
Large setup violation  
There is a large setup violation of -2.415 ns between mb_block_i/mb_block_1_i/gpio_usb_keycode/U0/gpio_core_1/Dual.gpio_Data_Out_reg[1]/C (clocked by clk_out1_mb_block_1_clk_wiz_1_0) and color_instance/nolabel_line247/mem_reg_0_3/ADDRBWRADDR[4] (clocked by clk_out1_clk_wiz_0). Large setup violations at the end of those stages might be difficult to fix during the post-placement implementation flow and could be the result of non-optimal XDC constraints or non-optimal design architecture
Related violations: <none>

TIMING-16#18 Warning
Large setup violation  
There is a large setup violation of -2.484 ns between mb_block_i/mb_block_1_i/gpio_usb_keycode/U0/gpio_core_1/Dual.gpio_Data_Out_reg[1]/C (clocked by clk_out1_mb_block_1_clk_wiz_1_0) and color_instance/nolabel_line247/mem_reg_0_0/ADDRBWRADDR[7] (clocked by clk_out1_clk_wiz_0). Large setup violations at the end of those stages might be difficult to fix during the post-placement implementation flow and could be the result of non-optimal XDC constraints or non-optimal design architecture
Related violations: <none>

TIMING-16#19 Warning
Large setup violation  
There is a large setup violation of -2.494 ns between mb_block_i/mb_block_1_i/gpio_usb_keycode/U0/gpio_core_1/Dual.gpio_Data_Out_reg[1]/C (clocked by clk_out1_mb_block_1_clk_wiz_1_0) and color_instance/nolabel_line247/mem_reg_0_0/ADDRBWRADDR[13] (clocked by clk_out1_clk_wiz_0). Large setup violations at the end of those stages might be difficult to fix during the post-placement implementation flow and could be the result of non-optimal XDC constraints or non-optimal design architecture
Related violations: <none>

TIMING-16#20 Warning
Large setup violation  
There is a large setup violation of -2.497 ns between mb_block_i/mb_block_1_i/gpio_usb_keycode/U0/gpio_core_1/Dual.gpio_Data_Out_reg[1]/C (clocked by clk_out1_mb_block_1_clk_wiz_1_0) and color_instance/nolabel_line247/mem_reg_0_0/ADDRBWRADDR[6] (clocked by clk_out1_clk_wiz_0). Large setup violations at the end of those stages might be difficult to fix during the post-placement implementation flow and could be the result of non-optimal XDC constraints or non-optimal design architecture
Related violations: <none>

TIMING-16#21 Warning
Large setup violation  
There is a large setup violation of -2.499 ns between mb_block_i/mb_block_1_i/gpio_usb_keycode/U0/gpio_core_1/Dual.gpio_Data_Out_reg[1]/C (clocked by clk_out1_mb_block_1_clk_wiz_1_0) and color_instance/nolabel_line247/mem_reg_0_1/ADDRBWRADDR[3] (clocked by clk_out1_clk_wiz_0). Large setup violations at the end of those stages might be difficult to fix during the post-placement implementation flow and could be the result of non-optimal XDC constraints or non-optimal design architecture
Related violations: <none>

TIMING-16#22 Warning
Large setup violation  
There is a large setup violation of -2.500 ns between mb_block_i/mb_block_1_i/gpio_usb_keycode/U0/gpio_core_1/Dual.gpio_Data_Out_reg[1]/C (clocked by clk_out1_mb_block_1_clk_wiz_1_0) and color_instance/nolabel_line247/mem_reg_0_0/ADDRBWRADDR[8] (clocked by clk_out1_clk_wiz_0). Large setup violations at the end of those stages might be difficult to fix during the post-placement implementation flow and could be the result of non-optimal XDC constraints or non-optimal design architecture
Related violations: <none>

TIMING-16#23 Warning
Large setup violation  
There is a large setup violation of -2.505 ns between mb_block_i/mb_block_1_i/gpio_usb_keycode/U0/gpio_core_1/Dual.gpio_Data_Out_reg[1]/C (clocked by clk_out1_mb_block_1_clk_wiz_1_0) and color_instance/nolabel_line247/mem_reg_0_0/ADDRBWRADDR[3] (clocked by clk_out1_clk_wiz_0). Large setup violations at the end of those stages might be difficult to fix during the post-placement implementation flow and could be the result of non-optimal XDC constraints or non-optimal design architecture
Related violations: <none>

TIMING-16#24 Warning
Large setup violation  
There is a large setup violation of -2.521 ns between mb_block_i/mb_block_1_i/gpio_usb_keycode/U0/gpio_core_1/Dual.gpio_Data_Out_reg[1]/C (clocked by clk_out1_mb_block_1_clk_wiz_1_0) and color_instance/nolabel_line247/mem_reg_0_1/ADDRBWRADDR[11] (clocked by clk_out1_clk_wiz_0). Large setup violations at the end of those stages might be difficult to fix during the post-placement implementation flow and could be the result of non-optimal XDC constraints or non-optimal design architecture
Related violations: <none>

TIMING-16#25 Warning
Large setup violation  
There is a large setup violation of -2.521 ns between mb_block_i/mb_block_1_i/gpio_usb_keycode/U0/gpio_core_1/Dual.gpio_Data_Out_reg[1]/C (clocked by clk_out1_mb_block_1_clk_wiz_1_0) and color_instance/nolabel_line247/mem_reg_0_3/ADDRBWRADDR[9] (clocked by clk_out1_clk_wiz_0). Large setup violations at the end of those stages might be difficult to fix during the post-placement implementation flow and could be the result of non-optimal XDC constraints or non-optimal design architecture
Related violations: <none>

TIMING-16#26 Warning
Large setup violation  
There is a large setup violation of -2.528 ns between mb_block_i/mb_block_1_i/gpio_usb_keycode/U0/gpio_core_1/Dual.gpio_Data_Out_reg[1]/C (clocked by clk_out1_mb_block_1_clk_wiz_1_0) and color_instance/nolabel_line247/mem_reg_0_1/ADDRBWRADDR[1] (clocked by clk_out1_clk_wiz_0). Large setup violations at the end of those stages might be difficult to fix during the post-placement implementation flow and could be the result of non-optimal XDC constraints or non-optimal design architecture
Related violations: <none>

TIMING-16#27 Warning
Large setup violation  
There is a large setup violation of -2.533 ns between mb_block_i/mb_block_1_i/gpio_usb_keycode/U0/gpio_core_1/Dual.gpio_Data_Out_reg[1]/C (clocked by clk_out1_mb_block_1_clk_wiz_1_0) and color_instance/nolabel_line247/mem_reg_0_1/ADDRBWRADDR[9] (clocked by clk_out1_clk_wiz_0). Large setup violations at the end of those stages might be difficult to fix during the post-placement implementation flow and could be the result of non-optimal XDC constraints or non-optimal design architecture
Related violations: <none>

TIMING-16#28 Warning
Large setup violation  
There is a large setup violation of -2.535 ns between mb_block_i/mb_block_1_i/gpio_usb_keycode/U0/gpio_core_1/Dual.gpio_Data_Out_reg[1]/C (clocked by clk_out1_mb_block_1_clk_wiz_1_0) and color_instance/nolabel_line247/mem_reg_0_1/ADDRBWRADDR[12] (clocked by clk_out1_clk_wiz_0). Large setup violations at the end of those stages might be difficult to fix during the post-placement implementation flow and could be the result of non-optimal XDC constraints or non-optimal design architecture
Related violations: <none>

TIMING-16#29 Warning
Large setup violation  
There is a large setup violation of -2.537 ns between mb_block_i/mb_block_1_i/gpio_usb_keycode/U0/gpio_core_1/Dual.gpio_Data_Out_reg[1]/C (clocked by clk_out1_mb_block_1_clk_wiz_1_0) and color_instance/nolabel_line247/mem_reg_0_1/ADDRBWRADDR[8] (clocked by clk_out1_clk_wiz_0). Large setup violations at the end of those stages might be difficult to fix during the post-placement implementation flow and could be the result of non-optimal XDC constraints or non-optimal design architecture
Related violations: <none>

TIMING-16#30 Warning
Large setup violation  
There is a large setup violation of -2.540 ns between mb_block_i/mb_block_1_i/gpio_usb_keycode/U0/gpio_core_1/Dual.gpio_Data_Out_reg[1]/C (clocked by clk_out1_mb_block_1_clk_wiz_1_0) and color_instance/nolabel_line247/mem_reg_0_1/ADDRBWRADDR[4] (clocked by clk_out1_clk_wiz_0). Large setup violations at the end of those stages might be difficult to fix during the post-placement implementation flow and could be the result of non-optimal XDC constraints or non-optimal design architecture
Related violations: <none>

TIMING-16#31 Warning
Large setup violation  
There is a large setup violation of -2.543 ns between mb_block_i/mb_block_1_i/gpio_usb_keycode/U0/gpio_core_1/Dual.gpio_Data_Out_reg[1]/C (clocked by clk_out1_mb_block_1_clk_wiz_1_0) and color_instance/nolabel_line247/mem_reg_0_1/ADDRBWRADDR[14] (clocked by clk_out1_clk_wiz_0). Large setup violations at the end of those stages might be difficult to fix during the post-placement implementation flow and could be the result of non-optimal XDC constraints or non-optimal design architecture
Related violations: <none>

TIMING-16#32 Warning
Large setup violation  
There is a large setup violation of -2.550 ns between mb_block_i/mb_block_1_i/gpio_usb_keycode/U0/gpio_core_1/Dual.gpio_Data_Out_reg[1]/C (clocked by clk_out1_mb_block_1_clk_wiz_1_0) and color_instance/nolabel_line247/mem_reg_0_0/ADDRBWRADDR[5] (clocked by clk_out1_clk_wiz_0). Large setup violations at the end of those stages might be difficult to fix during the post-placement implementation flow and could be the result of non-optimal XDC constraints or non-optimal design architecture
Related violations: <none>

TIMING-16#33 Warning
Large setup violation  
There is a large setup violation of -2.552 ns between mb_block_i/mb_block_1_i/gpio_usb_keycode/U0/gpio_core_1/Dual.gpio_Data_Out_reg[1]/C (clocked by clk_out1_mb_block_1_clk_wiz_1_0) and color_instance/nolabel_line247/mem_reg_0_3/ADDRBWRADDR[8] (clocked by clk_out1_clk_wiz_0). Large setup violations at the end of those stages might be difficult to fix during the post-placement implementation flow and could be the result of non-optimal XDC constraints or non-optimal design architecture
Related violations: <none>

TIMING-16#34 Warning
Large setup violation  
There is a large setup violation of -2.553 ns between mb_block_i/mb_block_1_i/gpio_usb_keycode/U0/gpio_core_1/Dual.gpio_Data_Out_reg[1]/C (clocked by clk_out1_mb_block_1_clk_wiz_1_0) and color_instance/nolabel_line247/mem_reg_0_3/ADDRBWRADDR[7] (clocked by clk_out1_clk_wiz_0). Large setup violations at the end of those stages might be difficult to fix during the post-placement implementation flow and could be the result of non-optimal XDC constraints or non-optimal design architecture
Related violations: <none>

TIMING-16#35 Warning
Large setup violation  
There is a large setup violation of -2.554 ns between mb_block_i/mb_block_1_i/gpio_usb_keycode/U0/gpio_core_1/Dual.gpio_Data_Out_reg[1]/C (clocked by clk_out1_mb_block_1_clk_wiz_1_0) and color_instance/nolabel_line247/mem_reg_0_3/ADDRBWRADDR[14] (clocked by clk_out1_clk_wiz_0). Large setup violations at the end of those stages might be difficult to fix during the post-placement implementation flow and could be the result of non-optimal XDC constraints or non-optimal design architecture
Related violations: <none>

TIMING-16#36 Warning
Large setup violation  
There is a large setup violation of -2.557 ns between mb_block_i/mb_block_1_i/gpio_usb_keycode/U0/gpio_core_1/Dual.gpio_Data_Out_reg[1]/C (clocked by clk_out1_mb_block_1_clk_wiz_1_0) and color_instance/nolabel_line247/mem_reg_0_3/ADDRBWRADDR[6] (clocked by clk_out1_clk_wiz_0). Large setup violations at the end of those stages might be difficult to fix during the post-placement implementation flow and could be the result of non-optimal XDC constraints or non-optimal design architecture
Related violations: <none>

TIMING-16#37 Warning
Large setup violation  
There is a large setup violation of -2.560 ns between mb_block_i/mb_block_1_i/gpio_usb_keycode/U0/gpio_core_1/Dual.gpio_Data_Out_reg[1]/C (clocked by clk_out1_mb_block_1_clk_wiz_1_0) and color_instance/nolabel_line247/mem_reg_0_1/ADDRBWRADDR[6] (clocked by clk_out1_clk_wiz_0). Large setup violations at the end of those stages might be difficult to fix during the post-placement implementation flow and could be the result of non-optimal XDC constraints or non-optimal design architecture
Related violations: <none>

TIMING-16#38 Warning
Large setup violation  
There is a large setup violation of -2.568 ns between mb_block_i/mb_block_1_i/gpio_usb_keycode/U0/gpio_core_1/Dual.gpio_Data_Out_reg[1]/C (clocked by clk_out1_mb_block_1_clk_wiz_1_0) and color_instance/nolabel_line247/mem_reg_0_3/ADDRBWRADDR[11] (clocked by clk_out1_clk_wiz_0). Large setup violations at the end of those stages might be difficult to fix during the post-placement implementation flow and could be the result of non-optimal XDC constraints or non-optimal design architecture
Related violations: <none>

TIMING-16#39 Warning
Large setup violation  
There is a large setup violation of -2.600 ns between mb_block_i/mb_block_1_i/gpio_usb_keycode/U0/gpio_core_1/Dual.gpio_Data_Out_reg[1]/C (clocked by clk_out1_mb_block_1_clk_wiz_1_0) and color_instance/nolabel_line247/mem_reg_0_2/ADDRBWRADDR[14] (clocked by clk_out1_clk_wiz_0). Large setup violations at the end of those stages might be difficult to fix during the post-placement implementation flow and could be the result of non-optimal XDC constraints or non-optimal design architecture
Related violations: <none>

TIMING-16#40 Warning
Large setup violation  
There is a large setup violation of -2.601 ns between mb_block_i/mb_block_1_i/gpio_usb_keycode/U0/gpio_core_1/Dual.gpio_Data_Out_reg[1]/C (clocked by clk_out1_mb_block_1_clk_wiz_1_0) and color_instance/nolabel_line247/mem_reg_0_1/ADDRBWRADDR[0] (clocked by clk_out1_clk_wiz_0). Large setup violations at the end of those stages might be difficult to fix during the post-placement implementation flow and could be the result of non-optimal XDC constraints or non-optimal design architecture
Related violations: <none>

TIMING-16#41 Warning
Large setup violation  
There is a large setup violation of -2.606 ns between mb_block_i/mb_block_1_i/gpio_usb_keycode/U0/gpio_core_1/Dual.gpio_Data_Out_reg[1]/C (clocked by clk_out1_mb_block_1_clk_wiz_1_0) and color_instance/nolabel_line247/mem_reg_0_3/ADDRBWRADDR[0] (clocked by clk_out1_clk_wiz_0). Large setup violations at the end of those stages might be difficult to fix during the post-placement implementation flow and could be the result of non-optimal XDC constraints or non-optimal design architecture
Related violations: <none>

TIMING-16#42 Warning
Large setup violation  
There is a large setup violation of -2.609 ns between mb_block_i/mb_block_1_i/gpio_usb_keycode/U0/gpio_core_1/Dual.gpio_Data_Out_reg[1]/C (clocked by clk_out1_mb_block_1_clk_wiz_1_0) and color_instance/nolabel_line247/mem_reg_0_2/ADDRBWRADDR[1] (clocked by clk_out1_clk_wiz_0). Large setup violations at the end of those stages might be difficult to fix during the post-placement implementation flow and could be the result of non-optimal XDC constraints or non-optimal design architecture
Related violations: <none>

TIMING-16#43 Warning
Large setup violation  
There is a large setup violation of -2.616 ns between mb_block_i/mb_block_1_i/gpio_usb_keycode/U0/gpio_core_1/Dual.gpio_Data_Out_reg[1]/C (clocked by clk_out1_mb_block_1_clk_wiz_1_0) and color_instance/nolabel_line247/mem_reg_0_2/ADDRBWRADDR[8] (clocked by clk_out1_clk_wiz_0). Large setup violations at the end of those stages might be difficult to fix during the post-placement implementation flow and could be the result of non-optimal XDC constraints or non-optimal design architecture
Related violations: <none>

TIMING-16#44 Warning
Large setup violation  
There is a large setup violation of -2.620 ns between mb_block_i/mb_block_1_i/gpio_usb_keycode/U0/gpio_core_1/Dual.gpio_Data_Out_reg[1]/C (clocked by clk_out1_mb_block_1_clk_wiz_1_0) and color_instance/nolabel_line247/mem_reg_0_2/ADDRBWRADDR[2] (clocked by clk_out1_clk_wiz_0). Large setup violations at the end of those stages might be difficult to fix during the post-placement implementation flow and could be the result of non-optimal XDC constraints or non-optimal design architecture
Related violations: <none>

TIMING-16#45 Warning
Large setup violation  
There is a large setup violation of -2.652 ns between mb_block_i/mb_block_1_i/gpio_usb_keycode/U0/gpio_core_1/Dual.gpio_Data_Out_reg[1]/C (clocked by clk_out1_mb_block_1_clk_wiz_1_0) and color_instance/nolabel_line247/mem_reg_0_3/ADDRBWRADDR[3] (clocked by clk_out1_clk_wiz_0). Large setup violations at the end of those stages might be difficult to fix during the post-placement implementation flow and could be the result of non-optimal XDC constraints or non-optimal design architecture
Related violations: <none>

TIMING-16#46 Warning
Large setup violation  
There is a large setup violation of -2.678 ns between mb_block_i/mb_block_1_i/gpio_usb_keycode/U0/gpio_core_1/Dual.gpio_Data_Out_reg[1]/C (clocked by clk_out1_mb_block_1_clk_wiz_1_0) and color_instance/nolabel_line247/mem_reg_0_3/ADDRBWRADDR[1] (clocked by clk_out1_clk_wiz_0). Large setup violations at the end of those stages might be difficult to fix during the post-placement implementation flow and could be the result of non-optimal XDC constraints or non-optimal design architecture
Related violations: <none>

TIMING-16#47 Warning
Large setup violation  
There is a large setup violation of -2.681 ns between mb_block_i/mb_block_1_i/gpio_usb_keycode/U0/gpio_core_1/Dual.gpio_Data_Out_reg[1]/C (clocked by clk_out1_mb_block_1_clk_wiz_1_0) and color_instance/nolabel_line247/mem_reg_0_3/ADDRBWRADDR[2] (clocked by clk_out1_clk_wiz_0). Large setup violations at the end of those stages might be difficult to fix during the post-placement implementation flow and could be the result of non-optimal XDC constraints or non-optimal design architecture
Related violations: <none>

TIMING-16#48 Warning
Large setup violation  
There is a large setup violation of -2.681 ns between mb_block_i/mb_block_1_i/gpio_usb_keycode/U0/gpio_core_1/Dual.gpio_Data_Out_reg[1]/C (clocked by clk_out1_mb_block_1_clk_wiz_1_0) and color_instance/nolabel_line247/mem_reg_0_3/ADDRBWRADDR[5] (clocked by clk_out1_clk_wiz_0). Large setup violations at the end of those stages might be difficult to fix during the post-placement implementation flow and could be the result of non-optimal XDC constraints or non-optimal design architecture
Related violations: <none>

TIMING-16#49 Warning
Large setup violation  
There is a large setup violation of -2.687 ns between mb_block_i/mb_block_1_i/gpio_usb_keycode/U0/gpio_core_1/Dual.gpio_Data_Out_reg[1]/C (clocked by clk_out1_mb_block_1_clk_wiz_1_0) and color_instance/nolabel_line247/mem_reg_0_1/ADDRBWRADDR[13] (clocked by clk_out1_clk_wiz_0). Large setup violations at the end of those stages might be difficult to fix during the post-placement implementation flow and could be the result of non-optimal XDC constraints or non-optimal design architecture
Related violations: <none>

TIMING-16#50 Warning
Large setup violation  
There is a large setup violation of -2.742 ns between mb_block_i/mb_block_1_i/gpio_usb_keycode/U0/gpio_core_1/Dual.gpio_Data_Out_reg[1]/C (clocked by clk_out1_mb_block_1_clk_wiz_1_0) and color_instance/nolabel_line247/mem_reg_0_2/ADDRBWRADDR[0] (clocked by clk_out1_clk_wiz_0). Large setup violations at the end of those stages might be difficult to fix during the post-placement implementation flow and could be the result of non-optimal XDC constraints or non-optimal design architecture
Related violations: <none>

TIMING-16#51 Warning
Large setup violation  
There is a large setup violation of -2.746 ns between mb_block_i/mb_block_1_i/gpio_usb_keycode/U0/gpio_core_1/Dual.gpio_Data_Out_reg[1]/C (clocked by clk_out1_mb_block_1_clk_wiz_1_0) and color_instance/nolabel_line247/mem_reg_0_2/ADDRBWRADDR[5] (clocked by clk_out1_clk_wiz_0). Large setup violations at the end of those stages might be difficult to fix during the post-placement implementation flow and could be the result of non-optimal XDC constraints or non-optimal design architecture
Related violations: <none>

TIMING-16#52 Warning
Large setup violation  
There is a large setup violation of -2.749 ns between mb_block_i/mb_block_1_i/gpio_usb_keycode/U0/gpio_core_1/Dual.gpio_Data_Out_reg[1]/C (clocked by clk_out1_mb_block_1_clk_wiz_1_0) and color_instance/nolabel_line247/mem_reg_0_2/ADDRBWRADDR[11] (clocked by clk_out1_clk_wiz_0). Large setup violations at the end of those stages might be difficult to fix during the post-placement implementation flow and could be the result of non-optimal XDC constraints or non-optimal design architecture
Related violations: <none>

TIMING-16#53 Warning
Large setup violation  
There is a large setup violation of -2.749 ns between mb_block_i/mb_block_1_i/gpio_usb_keycode/U0/gpio_core_1/Dual.gpio_Data_Out_reg[1]/C (clocked by clk_out1_mb_block_1_clk_wiz_1_0) and color_instance/nolabel_line247/mem_reg_0_2/ADDRBWRADDR[12] (clocked by clk_out1_clk_wiz_0). Large setup violations at the end of those stages might be difficult to fix during the post-placement implementation flow and could be the result of non-optimal XDC constraints or non-optimal design architecture
Related violations: <none>

TIMING-16#54 Warning
Large setup violation  
There is a large setup violation of -2.757 ns between mb_block_i/mb_block_1_i/gpio_usb_keycode/U0/gpio_core_1/Dual.gpio_Data_Out_reg[1]/C (clocked by clk_out1_mb_block_1_clk_wiz_1_0) and color_instance/nolabel_line247/mem_reg_0_2/ADDRBWRADDR[10] (clocked by clk_out1_clk_wiz_0). Large setup violations at the end of those stages might be difficult to fix during the post-placement implementation flow and could be the result of non-optimal XDC constraints or non-optimal design architecture
Related violations: <none>

TIMING-16#55 Warning
Large setup violation  
There is a large setup violation of -2.760 ns between mb_block_i/mb_block_1_i/gpio_usb_keycode/U0/gpio_core_1/Dual.gpio_Data_Out_reg[1]/C (clocked by clk_out1_mb_block_1_clk_wiz_1_0) and color_instance/nolabel_line247/mem_reg_0_2/ADDRBWRADDR[3] (clocked by clk_out1_clk_wiz_0). Large setup violations at the end of those stages might be difficult to fix during the post-placement implementation flow and could be the result of non-optimal XDC constraints or non-optimal design architecture
Related violations: <none>

TIMING-16#56 Warning
Large setup violation  
There is a large setup violation of -2.760 ns between mb_block_i/mb_block_1_i/gpio_usb_keycode/U0/gpio_core_1/Dual.gpio_Data_Out_reg[1]/C (clocked by clk_out1_mb_block_1_clk_wiz_1_0) and color_instance/nolabel_line247/mem_reg_0_2/ADDRBWRADDR[6] (clocked by clk_out1_clk_wiz_0). Large setup violations at the end of those stages might be difficult to fix during the post-placement implementation flow and could be the result of non-optimal XDC constraints or non-optimal design architecture
Related violations: <none>

TIMING-16#57 Warning
Large setup violation  
There is a large setup violation of -2.793 ns between mb_block_i/mb_block_1_i/gpio_usb_keycode/U0/gpio_core_1/Dual.gpio_Data_Out_reg[1]/C (clocked by clk_out1_mb_block_1_clk_wiz_1_0) and color_instance/nolabel_line247/mem_reg_0_2/ADDRBWRADDR[4] (clocked by clk_out1_clk_wiz_0). Large setup violations at the end of those stages might be difficult to fix during the post-placement implementation flow and could be the result of non-optimal XDC constraints or non-optimal design architecture
Related violations: <none>

TIMING-16#58 Warning
Large setup violation  
There is a large setup violation of -2.818 ns between mb_block_i/mb_block_1_i/gpio_usb_keycode/U0/gpio_core_1/Dual.gpio_Data_Out_reg[1]/C (clocked by clk_out1_mb_block_1_clk_wiz_1_0) and color_instance/nolabel_line247/mem_reg_0_2/ADDRBWRADDR[13] (clocked by clk_out1_clk_wiz_0). Large setup violations at the end of those stages might be difficult to fix during the post-placement implementation flow and could be the result of non-optimal XDC constraints or non-optimal design architecture
Related violations: <none>

TIMING-16#59 Warning
Large setup violation  
There is a large setup violation of -2.863 ns between mb_block_i/mb_block_1_i/gpio_usb_keycode/U0/gpio_core_1/Dual.gpio_Data_Out_reg[1]/C (clocked by clk_out1_mb_block_1_clk_wiz_1_0) and color_instance/nolabel_line247/mem_reg_0_2/ADDRBWRADDR[9] (clocked by clk_out1_clk_wiz_0). Large setup violations at the end of those stages might be difficult to fix during the post-placement implementation flow and could be the result of non-optimal XDC constraints or non-optimal design architecture
Related violations: <none>

TIMING-16#60 Warning
Large setup violation  
There is a large setup violation of -2.892 ns between mb_block_i/mb_block_1_i/gpio_usb_keycode/U0/gpio_core_1/Dual.gpio_Data_Out_reg[13]/C (clocked by clk_out1_mb_block_1_clk_wiz_1_0) and color_instance/nolabel_line211/mem_reg_0_2/ADDRBWRADDR[0] (clocked by clk_out1_clk_wiz_0). Large setup violations at the end of those stages might be difficult to fix during the post-placement implementation flow and could be the result of non-optimal XDC constraints or non-optimal design architecture
Related violations: <none>

TIMING-16#61 Warning
Large setup violation  
There is a large setup violation of -2.895 ns between mb_block_i/mb_block_1_i/gpio_usb_keycode/U0/gpio_core_1/Dual.gpio_Data_Out_reg[1]/C (clocked by clk_out1_mb_block_1_clk_wiz_1_0) and color_instance/nolabel_line247/mem_reg_0_2/ADDRBWRADDR[7] (clocked by clk_out1_clk_wiz_0). Large setup violations at the end of those stages might be difficult to fix during the post-placement implementation flow and could be the result of non-optimal XDC constraints or non-optimal design architecture
Related violations: <none>

TIMING-16#62 Warning
Large setup violation  
There is a large setup violation of -2.903 ns between mb_block_i/mb_block_1_i/gpio_usb_keycode/U0/gpio_core_1/Dual.gpio_Data_Out_reg[13]/C (clocked by clk_out1_mb_block_1_clk_wiz_1_0) and color_instance/nolabel_line211/mem_reg_0_2/ADDRBWRADDR[12] (clocked by clk_out1_clk_wiz_0). Large setup violations at the end of those stages might be difficult to fix during the post-placement implementation flow and could be the result of non-optimal XDC constraints or non-optimal design architecture
Related violations: <none>

TIMING-16#63 Warning
Large setup violation  
There is a large setup violation of -2.903 ns between mb_block_i/mb_block_1_i/gpio_usb_keycode/U0/gpio_core_1/Dual.gpio_Data_Out_reg[13]/C (clocked by clk_out1_mb_block_1_clk_wiz_1_0) and color_instance/nolabel_line211/mem_reg_0_2/ADDRBWRADDR[4] (clocked by clk_out1_clk_wiz_0). Large setup violations at the end of those stages might be difficult to fix during the post-placement implementation flow and could be the result of non-optimal XDC constraints or non-optimal design architecture
Related violations: <none>

TIMING-16#64 Warning
Large setup violation  
There is a large setup violation of -2.904 ns between mb_block_i/mb_block_1_i/gpio_usb_keycode/U0/gpio_core_1/Dual.gpio_Data_Out_reg[13]/C (clocked by clk_out1_mb_block_1_clk_wiz_1_0) and color_instance/nolabel_line211/mem_reg_0_2/ADDRBWRADDR[14] (clocked by clk_out1_clk_wiz_0). Large setup violations at the end of those stages might be difficult to fix during the post-placement implementation flow and could be the result of non-optimal XDC constraints or non-optimal design architecture
Related violations: <none>

TIMING-16#65 Warning
Large setup violation  
There is a large setup violation of -2.907 ns between mb_block_i/mb_block_1_i/gpio_usb_keycode/U0/gpio_core_1/Dual.gpio_Data_Out_reg[13]/C (clocked by clk_out1_mb_block_1_clk_wiz_1_0) and color_instance/nolabel_line211/mem_reg_0_2/ADDRBWRADDR[11] (clocked by clk_out1_clk_wiz_0). Large setup violations at the end of those stages might be difficult to fix during the post-placement implementation flow and could be the result of non-optimal XDC constraints or non-optimal design architecture
Related violations: <none>

TIMING-16#66 Warning
Large setup violation  
There is a large setup violation of -2.919 ns between mb_block_i/mb_block_1_i/gpio_usb_keycode/U0/gpio_core_1/Dual.gpio_Data_Out_reg[13]/C (clocked by clk_out1_mb_block_1_clk_wiz_1_0) and color_instance/nolabel_line211/mem_reg_0_2/ADDRBWRADDR[1] (clocked by clk_out1_clk_wiz_0). Large setup violations at the end of those stages might be difficult to fix during the post-placement implementation flow and could be the result of non-optimal XDC constraints or non-optimal design architecture
Related violations: <none>

TIMING-16#67 Warning
Large setup violation  
There is a large setup violation of -2.919 ns between mb_block_i/mb_block_1_i/gpio_usb_keycode/U0/gpio_core_1/Dual.gpio_Data_Out_reg[13]/C (clocked by clk_out1_mb_block_1_clk_wiz_1_0) and color_instance/nolabel_line211/mem_reg_0_2/ADDRBWRADDR[2] (clocked by clk_out1_clk_wiz_0). Large setup violations at the end of those stages might be difficult to fix during the post-placement implementation flow and could be the result of non-optimal XDC constraints or non-optimal design architecture
Related violations: <none>

TIMING-16#68 Warning
Large setup violation  
There is a large setup violation of -2.921 ns between mb_block_i/mb_block_1_i/gpio_usb_keycode/U0/gpio_core_1/Dual.gpio_Data_Out_reg[13]/C (clocked by clk_out1_mb_block_1_clk_wiz_1_0) and color_instance/nolabel_line211/mem_reg_0_2/ADDRBWRADDR[9] (clocked by clk_out1_clk_wiz_0). Large setup violations at the end of those stages might be difficult to fix during the post-placement implementation flow and could be the result of non-optimal XDC constraints or non-optimal design architecture
Related violations: <none>

TIMING-16#69 Warning
Large setup violation  
There is a large setup violation of -2.952 ns between mb_block_i/mb_block_1_i/gpio_usb_keycode/U0/gpio_core_1/Dual.gpio_Data_Out_reg[13]/C (clocked by clk_out1_mb_block_1_clk_wiz_1_0) and color_instance/nolabel_line211/mem_reg_0_0/ADDRBWRADDR[14] (clocked by clk_out1_clk_wiz_0). Large setup violations at the end of those stages might be difficult to fix during the post-placement implementation flow and could be the result of non-optimal XDC constraints or non-optimal design architecture
Related violations: <none>

TIMING-16#70 Warning
Large setup violation  
There is a large setup violation of -2.981 ns between mb_block_i/mb_block_1_i/gpio_usb_keycode/U0/gpio_core_1/Dual.gpio_Data_Out_reg[13]/C (clocked by clk_out1_mb_block_1_clk_wiz_1_0) and color_instance/nolabel_line211/mem_reg_0_1/ADDRBWRADDR[9] (clocked by clk_out1_clk_wiz_0). Large setup violations at the end of those stages might be difficult to fix during the post-placement implementation flow and could be the result of non-optimal XDC constraints or non-optimal design architecture
Related violations: <none>

TIMING-16#71 Warning
Large setup violation  
There is a large setup violation of -3.036 ns between mb_block_i/mb_block_1_i/gpio_usb_keycode/U0/gpio_core_1/Dual.gpio_Data_Out_reg[13]/C (clocked by clk_out1_mb_block_1_clk_wiz_1_0) and color_instance/nolabel_line211/mem_reg_0_2/ADDRBWRADDR[10] (clocked by clk_out1_clk_wiz_0). Large setup violations at the end of those stages might be difficult to fix during the post-placement implementation flow and could be the result of non-optimal XDC constraints or non-optimal design architecture
Related violations: <none>

TIMING-16#72 Warning
Large setup violation  
There is a large setup violation of -3.041 ns between mb_block_i/mb_block_1_i/gpio_usb_keycode/U0/gpio_core_1/Dual.gpio_Data_Out_reg[13]/C (clocked by clk_out1_mb_block_1_clk_wiz_1_0) and color_instance/nolabel_line211/mem_reg_0_2/ADDRBWRADDR[7] (clocked by clk_out1_clk_wiz_0). Large setup violations at the end of those stages might be difficult to fix during the post-placement implementation flow and could be the result of non-optimal XDC constraints or non-optimal design architecture
Related violations: <none>

TIMING-16#73 Warning
Large setup violation  
There is a large setup violation of -3.047 ns between mb_block_i/mb_block_1_i/gpio_usb_keycode/U0/gpio_core_1/Dual.gpio_Data_Out_reg[13]/C (clocked by clk_out1_mb_block_1_clk_wiz_1_0) and color_instance/nolabel_line211/mem_reg_0_2/ADDRBWRADDR[8] (clocked by clk_out1_clk_wiz_0). Large setup violations at the end of those stages might be difficult to fix during the post-placement implementation flow and could be the result of non-optimal XDC constraints or non-optimal design architecture
Related violations: <none>

TIMING-16#74 Warning
Large setup violation  
There is a large setup violation of -3.051 ns between mb_block_i/mb_block_1_i/gpio_usb_keycode/U0/gpio_core_1/Dual.gpio_Data_Out_reg[13]/C (clocked by clk_out1_mb_block_1_clk_wiz_1_0) and color_instance/nolabel_line211/mem_reg_0_2/ADDRBWRADDR[6] (clocked by clk_out1_clk_wiz_0). Large setup violations at the end of those stages might be difficult to fix during the post-placement implementation flow and could be the result of non-optimal XDC constraints or non-optimal design architecture
Related violations: <none>

TIMING-16#75 Warning
Large setup violation  
There is a large setup violation of -3.052 ns between mb_block_i/mb_block_1_i/gpio_usb_keycode/U0/gpio_core_1/Dual.gpio_Data_Out_reg[13]/C (clocked by clk_out1_mb_block_1_clk_wiz_1_0) and color_instance/nolabel_line211/mem_reg_0_2/ADDRBWRADDR[5] (clocked by clk_out1_clk_wiz_0). Large setup violations at the end of those stages might be difficult to fix during the post-placement implementation flow and could be the result of non-optimal XDC constraints or non-optimal design architecture
Related violations: <none>

TIMING-16#76 Warning
Large setup violation  
There is a large setup violation of -3.055 ns between mb_block_i/mb_block_1_i/gpio_usb_keycode/U0/gpio_core_1/Dual.gpio_Data_Out_reg[13]/C (clocked by clk_out1_mb_block_1_clk_wiz_1_0) and color_instance/nolabel_line211/mem_reg_0_2/ADDRBWRADDR[13] (clocked by clk_out1_clk_wiz_0). Large setup violations at the end of those stages might be difficult to fix during the post-placement implementation flow and could be the result of non-optimal XDC constraints or non-optimal design architecture
Related violations: <none>

TIMING-16#77 Warning
Large setup violation  
There is a large setup violation of -3.063 ns between mb_block_i/mb_block_1_i/gpio_usb_keycode/U0/gpio_core_1/Dual.gpio_Data_Out_reg[13]/C (clocked by clk_out1_mb_block_1_clk_wiz_1_0) and color_instance/nolabel_line211/mem_reg_0_0/ADDRBWRADDR[0] (clocked by clk_out1_clk_wiz_0). Large setup violations at the end of those stages might be difficult to fix during the post-placement implementation flow and could be the result of non-optimal XDC constraints or non-optimal design architecture
Related violations: <none>

TIMING-16#78 Warning
Large setup violation  
There is a large setup violation of -3.074 ns between mb_block_i/mb_block_1_i/gpio_usb_keycode/U0/gpio_core_1/Dual.gpio_Data_Out_reg[13]/C (clocked by clk_out1_mb_block_1_clk_wiz_1_0) and color_instance/nolabel_line211/mem_reg_0_0/ADDRBWRADDR[12] (clocked by clk_out1_clk_wiz_0). Large setup violations at the end of those stages might be difficult to fix during the post-placement implementation flow and could be the result of non-optimal XDC constraints or non-optimal design architecture
Related violations: <none>

TIMING-16#79 Warning
Large setup violation  
There is a large setup violation of -3.074 ns between mb_block_i/mb_block_1_i/gpio_usb_keycode/U0/gpio_core_1/Dual.gpio_Data_Out_reg[13]/C (clocked by clk_out1_mb_block_1_clk_wiz_1_0) and color_instance/nolabel_line211/mem_reg_0_0/ADDRBWRADDR[4] (clocked by clk_out1_clk_wiz_0). Large setup violations at the end of those stages might be difficult to fix during the post-placement implementation flow and could be the result of non-optimal XDC constraints or non-optimal design architecture
Related violations: <none>

TIMING-16#80 Warning
Large setup violation  
There is a large setup violation of -3.078 ns between mb_block_i/mb_block_1_i/gpio_usb_keycode/U0/gpio_core_1/Dual.gpio_Data_Out_reg[13]/C (clocked by clk_out1_mb_block_1_clk_wiz_1_0) and color_instance/nolabel_line211/mem_reg_0_0/ADDRBWRADDR[11] (clocked by clk_out1_clk_wiz_0). Large setup violations at the end of those stages might be difficult to fix during the post-placement implementation flow and could be the result of non-optimal XDC constraints or non-optimal design architecture
Related violations: <none>

TIMING-16#81 Warning
Large setup violation  
There is a large setup violation of -3.083 ns between mb_block_i/mb_block_1_i/gpio_usb_keycode/U0/gpio_core_1/Dual.gpio_Data_Out_reg[13]/C (clocked by clk_out1_mb_block_1_clk_wiz_1_0) and color_instance/nolabel_line211/mem_reg_0_0/ADDRBWRADDR[10] (clocked by clk_out1_clk_wiz_0). Large setup violations at the end of those stages might be difficult to fix during the post-placement implementation flow and could be the result of non-optimal XDC constraints or non-optimal design architecture
Related violations: <none>

TIMING-16#82 Warning
Large setup violation  
There is a large setup violation of -3.083 ns between mb_block_i/mb_block_1_i/gpio_usb_keycode/U0/gpio_core_1/Dual.gpio_Data_Out_reg[13]/C (clocked by clk_out1_mb_block_1_clk_wiz_1_0) and color_instance/nolabel_line211/mem_reg_0_2/ADDRBWRADDR[3] (clocked by clk_out1_clk_wiz_0). Large setup violations at the end of those stages might be difficult to fix during the post-placement implementation flow and could be the result of non-optimal XDC constraints or non-optimal design architecture
Related violations: <none>

TIMING-16#83 Warning
Large setup violation  
There is a large setup violation of -3.084 ns between mb_block_i/mb_block_1_i/gpio_usb_keycode/U0/gpio_core_1/Dual.gpio_Data_Out_reg[13]/C (clocked by clk_out1_mb_block_1_clk_wiz_1_0) and color_instance/nolabel_line211/mem_reg_0_0/ADDRBWRADDR[7] (clocked by clk_out1_clk_wiz_0). Large setup violations at the end of those stages might be difficult to fix during the post-placement implementation flow and could be the result of non-optimal XDC constraints or non-optimal design architecture
Related violations: <none>

TIMING-16#84 Warning
Large setup violation  
There is a large setup violation of -3.087 ns between mb_block_i/mb_block_1_i/gpio_usb_keycode/U0/gpio_core_1/Dual.gpio_Data_Out_reg[13]/C (clocked by clk_out1_mb_block_1_clk_wiz_1_0) and color_instance/nolabel_line211/mem_reg_0_0/ADDRBWRADDR[1] (clocked by clk_out1_clk_wiz_0). Large setup violations at the end of those stages might be difficult to fix during the post-placement implementation flow and could be the result of non-optimal XDC constraints or non-optimal design architecture
Related violations: <none>

TIMING-16#85 Warning
Large setup violation  
There is a large setup violation of -3.091 ns between mb_block_i/mb_block_1_i/gpio_usb_keycode/U0/gpio_core_1/Dual.gpio_Data_Out_reg[13]/C (clocked by clk_out1_mb_block_1_clk_wiz_1_0) and color_instance/nolabel_line211/mem_reg_0_0/ADDRBWRADDR[2] (clocked by clk_out1_clk_wiz_0). Large setup violations at the end of those stages might be difficult to fix during the post-placement implementation flow and could be the result of non-optimal XDC constraints or non-optimal design architecture
Related violations: <none>

TIMING-16#86 Warning
Large setup violation  
There is a large setup violation of -3.091 ns between mb_block_i/mb_block_1_i/gpio_usb_keycode/U0/gpio_core_1/Dual.gpio_Data_Out_reg[13]/C (clocked by clk_out1_mb_block_1_clk_wiz_1_0) and color_instance/nolabel_line211/mem_reg_0_0/ADDRBWRADDR[8] (clocked by clk_out1_clk_wiz_0). Large setup violations at the end of those stages might be difficult to fix during the post-placement implementation flow and could be the result of non-optimal XDC constraints or non-optimal design architecture
Related violations: <none>

TIMING-16#87 Warning
Large setup violation  
There is a large setup violation of -3.094 ns between mb_block_i/mb_block_1_i/gpio_usb_keycode/U0/gpio_core_1/Dual.gpio_Data_Out_reg[13]/C (clocked by clk_out1_mb_block_1_clk_wiz_1_0) and color_instance/nolabel_line211/mem_reg_0_0/ADDRBWRADDR[6] (clocked by clk_out1_clk_wiz_0). Large setup violations at the end of those stages might be difficult to fix during the post-placement implementation flow and could be the result of non-optimal XDC constraints or non-optimal design architecture
Related violations: <none>

TIMING-16#88 Warning
Large setup violation  
There is a large setup violation of -3.095 ns between mb_block_i/mb_block_1_i/gpio_usb_keycode/U0/gpio_core_1/Dual.gpio_Data_Out_reg[13]/C (clocked by clk_out1_mb_block_1_clk_wiz_1_0) and color_instance/nolabel_line211/mem_reg_0_1/ADDRBWRADDR[3] (clocked by clk_out1_clk_wiz_0). Large setup violations at the end of those stages might be difficult to fix during the post-placement implementation flow and could be the result of non-optimal XDC constraints or non-optimal design architecture
Related violations: <none>

TIMING-16#89 Warning
Large setup violation  
There is a large setup violation of -3.098 ns between mb_block_i/mb_block_1_i/gpio_usb_keycode/U0/gpio_core_1/Dual.gpio_Data_Out_reg[13]/C (clocked by clk_out1_mb_block_1_clk_wiz_1_0) and color_instance/nolabel_line211/mem_reg_0_0/ADDRBWRADDR[5] (clocked by clk_out1_clk_wiz_0). Large setup violations at the end of those stages might be difficult to fix during the post-placement implementation flow and could be the result of non-optimal XDC constraints or non-optimal design architecture
Related violations: <none>

TIMING-16#90 Warning
Large setup violation  
There is a large setup violation of -3.104 ns between mb_block_i/mb_block_1_i/gpio_usb_keycode/U0/gpio_core_1/Dual.gpio_Data_Out_reg[13]/C (clocked by clk_out1_mb_block_1_clk_wiz_1_0) and color_instance/nolabel_line211/mem_reg_0_0/ADDRBWRADDR[9] (clocked by clk_out1_clk_wiz_0). Large setup violations at the end of those stages might be difficult to fix during the post-placement implementation flow and could be the result of non-optimal XDC constraints or non-optimal design architecture
Related violations: <none>

TIMING-16#91 Warning
Large setup violation  
There is a large setup violation of -3.107 ns between mb_block_i/mb_block_1_i/gpio_usb_keycode/U0/gpio_core_1/Dual.gpio_Data_Out_reg[13]/C (clocked by clk_out1_mb_block_1_clk_wiz_1_0) and color_instance/nolabel_line211/mem_reg_0_1/ADDRBWRADDR[7] (clocked by clk_out1_clk_wiz_0). Large setup violations at the end of those stages might be difficult to fix during the post-placement implementation flow and could be the result of non-optimal XDC constraints or non-optimal design architecture
Related violations: <none>

TIMING-16#92 Warning
Large setup violation  
There is a large setup violation of -3.109 ns between mb_block_i/mb_block_1_i/gpio_usb_keycode/U0/gpio_core_1/Dual.gpio_Data_Out_reg[13]/C (clocked by clk_out1_mb_block_1_clk_wiz_1_0) and color_instance/nolabel_line211/mem_reg_0_1/ADDRBWRADDR[1] (clocked by clk_out1_clk_wiz_0). Large setup violations at the end of those stages might be difficult to fix during the post-placement implementation flow and could be the result of non-optimal XDC constraints or non-optimal design architecture
Related violations: <none>

TIMING-16#93 Warning
Large setup violation  
There is a large setup violation of -3.110 ns between mb_block_i/mb_block_1_i/gpio_usb_keycode/U0/gpio_core_1/Dual.gpio_Data_Out_reg[13]/C (clocked by clk_out1_mb_block_1_clk_wiz_1_0) and color_instance/nolabel_line211/mem_reg_0_1/ADDRBWRADDR[5] (clocked by clk_out1_clk_wiz_0). Large setup violations at the end of those stages might be difficult to fix during the post-placement implementation flow and could be the result of non-optimal XDC constraints or non-optimal design architecture
Related violations: <none>

TIMING-16#94 Warning
Large setup violation  
There is a large setup violation of -3.126 ns between mb_block_i/mb_block_1_i/gpio_usb_keycode/U0/gpio_core_1/Dual.gpio_Data_Out_reg[13]/C (clocked by clk_out1_mb_block_1_clk_wiz_1_0) and color_instance/nolabel_line211/mem_reg_0_1/ADDRBWRADDR[6] (clocked by clk_out1_clk_wiz_0). Large setup violations at the end of those stages might be difficult to fix during the post-placement implementation flow and could be the result of non-optimal XDC constraints or non-optimal design architecture
Related violations: <none>

TIMING-16#95 Warning
Large setup violation  
There is a large setup violation of -3.127 ns between mb_block_i/mb_block_1_i/gpio_usb_keycode/U0/gpio_core_1/Dual.gpio_Data_Out_reg[13]/C (clocked by clk_out1_mb_block_1_clk_wiz_1_0) and color_instance/nolabel_line211/mem_reg_0_0/ADDRBWRADDR[3] (clocked by clk_out1_clk_wiz_0). Large setup violations at the end of those stages might be difficult to fix during the post-placement implementation flow and could be the result of non-optimal XDC constraints or non-optimal design architecture
Related violations: <none>

TIMING-16#96 Warning
Large setup violation  
There is a large setup violation of -3.127 ns between mb_block_i/mb_block_1_i/gpio_usb_keycode/U0/gpio_core_1/Dual.gpio_Data_Out_reg[13]/C (clocked by clk_out1_mb_block_1_clk_wiz_1_0) and color_instance/nolabel_line211/mem_reg_0_1/ADDRBWRADDR[12] (clocked by clk_out1_clk_wiz_0). Large setup violations at the end of those stages might be difficult to fix during the post-placement implementation flow and could be the result of non-optimal XDC constraints or non-optimal design architecture
Related violations: <none>

TIMING-16#97 Warning
Large setup violation  
There is a large setup violation of -3.127 ns between mb_block_i/mb_block_1_i/gpio_usb_keycode/U0/gpio_core_1/Dual.gpio_Data_Out_reg[13]/C (clocked by clk_out1_mb_block_1_clk_wiz_1_0) and color_instance/nolabel_line211/mem_reg_0_1/ADDRBWRADDR[4] (clocked by clk_out1_clk_wiz_0). Large setup violations at the end of those stages might be difficult to fix during the post-placement implementation flow and could be the result of non-optimal XDC constraints or non-optimal design architecture
Related violations: <none>

TIMING-16#98 Warning
Large setup violation  
There is a large setup violation of -3.130 ns between mb_block_i/mb_block_1_i/gpio_usb_keycode/U0/gpio_core_1/Dual.gpio_Data_Out_reg[13]/C (clocked by clk_out1_mb_block_1_clk_wiz_1_0) and color_instance/nolabel_line211/mem_reg_0_1/ADDRBWRADDR[10] (clocked by clk_out1_clk_wiz_0). Large setup violations at the end of those stages might be difficult to fix during the post-placement implementation flow and could be the result of non-optimal XDC constraints or non-optimal design architecture
Related violations: <none>

TIMING-16#99 Warning
Large setup violation  
There is a large setup violation of -3.132 ns between mb_block_i/mb_block_1_i/gpio_usb_keycode/U0/gpio_core_1/Dual.gpio_Data_Out_reg[13]/C (clocked by clk_out1_mb_block_1_clk_wiz_1_0) and color_instance/nolabel_line211/mem_reg_0_1/ADDRBWRADDR[0] (clocked by clk_out1_clk_wiz_0). Large setup violations at the end of those stages might be difficult to fix during the post-placement implementation flow and could be the result of non-optimal XDC constraints or non-optimal design architecture
Related violations: <none>

TIMING-16#100 Warning
Large setup violation  
There is a large setup violation of -3.132 ns between mb_block_i/mb_block_1_i/gpio_usb_keycode/U0/gpio_core_1/Dual.gpio_Data_Out_reg[13]/C (clocked by clk_out1_mb_block_1_clk_wiz_1_0) and color_instance/nolabel_line211/mem_reg_0_3/ADDRBWRADDR[9] (clocked by clk_out1_clk_wiz_0). Large setup violations at the end of those stages might be difficult to fix during the post-placement implementation flow and could be the result of non-optimal XDC constraints or non-optimal design architecture
Related violations: <none>

TIMING-16#101 Warning
Large setup violation  
There is a large setup violation of -3.134 ns between mb_block_i/mb_block_1_i/gpio_usb_keycode/U0/gpio_core_1/Dual.gpio_Data_Out_reg[13]/C (clocked by clk_out1_mb_block_1_clk_wiz_1_0) and color_instance/nolabel_line211/mem_reg_0_3/ADDRBWRADDR[12] (clocked by clk_out1_clk_wiz_0). Large setup violations at the end of those stages might be difficult to fix during the post-placement implementation flow and could be the result of non-optimal XDC constraints or non-optimal design architecture
Related violations: <none>

TIMING-16#102 Warning
Large setup violation  
There is a large setup violation of -3.134 ns between mb_block_i/mb_block_1_i/gpio_usb_keycode/U0/gpio_core_1/Dual.gpio_Data_Out_reg[13]/C (clocked by clk_out1_mb_block_1_clk_wiz_1_0) and color_instance/nolabel_line211/mem_reg_0_3/ADDRBWRADDR[4] (clocked by clk_out1_clk_wiz_0). Large setup violations at the end of those stages might be difficult to fix during the post-placement implementation flow and could be the result of non-optimal XDC constraints or non-optimal design architecture
Related violations: <none>

TIMING-16#103 Warning
Large setup violation  
There is a large setup violation of -3.134 ns between mb_block_i/mb_block_1_i/gpio_usb_keycode/U0/gpio_core_1/Dual.gpio_Data_Out_reg[13]/C (clocked by clk_out1_mb_block_1_clk_wiz_1_0) and color_instance/nolabel_line211/mem_reg_0_3/ADDRBWRADDR[8] (clocked by clk_out1_clk_wiz_0). Large setup violations at the end of those stages might be difficult to fix during the post-placement implementation flow and could be the result of non-optimal XDC constraints or non-optimal design architecture
Related violations: <none>

TIMING-16#104 Warning
Large setup violation  
There is a large setup violation of -3.135 ns between mb_block_i/mb_block_1_i/gpio_usb_keycode/U0/gpio_core_1/Dual.gpio_Data_Out_reg[13]/C (clocked by clk_out1_mb_block_1_clk_wiz_1_0) and color_instance/nolabel_line211/mem_reg_0_1/ADDRBWRADDR[14] (clocked by clk_out1_clk_wiz_0). Large setup violations at the end of those stages might be difficult to fix during the post-placement implementation flow and could be the result of non-optimal XDC constraints or non-optimal design architecture
Related violations: <none>

TIMING-16#105 Warning
Large setup violation  
There is a large setup violation of -3.135 ns between mb_block_i/mb_block_1_i/gpio_usb_keycode/U0/gpio_core_1/Dual.gpio_Data_Out_reg[13]/C (clocked by clk_out1_mb_block_1_clk_wiz_1_0) and color_instance/nolabel_line211/mem_reg_0_1/ADDRBWRADDR[2] (clocked by clk_out1_clk_wiz_0). Large setup violations at the end of those stages might be difficult to fix during the post-placement implementation flow and could be the result of non-optimal XDC constraints or non-optimal design architecture
Related violations: <none>

TIMING-16#106 Warning
Large setup violation  
There is a large setup violation of -3.137 ns between mb_block_i/mb_block_1_i/gpio_usb_keycode/U0/gpio_core_1/Dual.gpio_Data_Out_reg[13]/C (clocked by clk_out1_mb_block_1_clk_wiz_1_0) and color_instance/nolabel_line211/mem_reg_0_3/ADDRBWRADDR[10] (clocked by clk_out1_clk_wiz_0). Large setup violations at the end of those stages might be difficult to fix during the post-placement implementation flow and could be the result of non-optimal XDC constraints or non-optimal design architecture
Related violations: <none>

TIMING-16#107 Warning
Large setup violation  
There is a large setup violation of -3.138 ns between mb_block_i/mb_block_1_i/gpio_usb_keycode/U0/gpio_core_1/Dual.gpio_Data_Out_reg[13]/C (clocked by clk_out1_mb_block_1_clk_wiz_1_0) and color_instance/nolabel_line211/mem_reg_0_1/ADDRBWRADDR[11] (clocked by clk_out1_clk_wiz_0). Large setup violations at the end of those stages might be difficult to fix during the post-placement implementation flow and could be the result of non-optimal XDC constraints or non-optimal design architecture
Related violations: <none>

TIMING-16#108 Warning
Large setup violation  
There is a large setup violation of -3.138 ns between mb_block_i/mb_block_1_i/gpio_usb_keycode/U0/gpio_core_1/Dual.gpio_Data_Out_reg[13]/C (clocked by clk_out1_mb_block_1_clk_wiz_1_0) and color_instance/nolabel_line211/mem_reg_0_3/ADDRBWRADDR[14] (clocked by clk_out1_clk_wiz_0). Large setup violations at the end of those stages might be difficult to fix during the post-placement implementation flow and could be the result of non-optimal XDC constraints or non-optimal design architecture
Related violations: <none>

TIMING-16#109 Warning
Large setup violation  
There is a large setup violation of -3.141 ns between mb_block_i/mb_block_1_i/gpio_usb_keycode/U0/gpio_core_1/Dual.gpio_Data_Out_reg[13]/C (clocked by clk_out1_mb_block_1_clk_wiz_1_0) and color_instance/nolabel_line211/mem_reg_0_3/ADDRBWRADDR[1] (clocked by clk_out1_clk_wiz_0). Large setup violations at the end of those stages might be difficult to fix during the post-placement implementation flow and could be the result of non-optimal XDC constraints or non-optimal design architecture
Related violations: <none>

TIMING-16#110 Warning
Large setup violation  
There is a large setup violation of -3.145 ns between mb_block_i/mb_block_1_i/gpio_usb_keycode/U0/gpio_core_1/Dual.gpio_Data_Out_reg[13]/C (clocked by clk_out1_mb_block_1_clk_wiz_1_0) and color_instance/nolabel_line211/mem_reg_0_3/ADDRBWRADDR[2] (clocked by clk_out1_clk_wiz_0). Large setup violations at the end of those stages might be difficult to fix during the post-placement implementation flow and could be the result of non-optimal XDC constraints or non-optimal design architecture
Related violations: <none>

TIMING-16#111 Warning
Large setup violation  
There is a large setup violation of -3.148 ns between mb_block_i/mb_block_1_i/gpio_usb_keycode/U0/gpio_core_1/Dual.gpio_Data_Out_reg[13]/C (clocked by clk_out1_mb_block_1_clk_wiz_1_0) and color_instance/nolabel_line211/mem_reg_0_3/ADDRBWRADDR[11] (clocked by clk_out1_clk_wiz_0). Large setup violations at the end of those stages might be difficult to fix during the post-placement implementation flow and could be the result of non-optimal XDC constraints or non-optimal design architecture
Related violations: <none>

TIMING-16#112 Warning
Large setup violation  
There is a large setup violation of -3.168 ns between mb_block_i/mb_block_1_i/gpio_usb_keycode/U0/gpio_core_1/Dual.gpio_Data_Out_reg[13]/C (clocked by clk_out1_mb_block_1_clk_wiz_1_0) and color_instance/nolabel_line211/mem_reg_0_3/ADDRBWRADDR[7] (clocked by clk_out1_clk_wiz_0). Large setup violations at the end of those stages might be difficult to fix during the post-placement implementation flow and could be the result of non-optimal XDC constraints or non-optimal design architecture
Related violations: <none>

TIMING-16#113 Warning
Large setup violation  
There is a large setup violation of -3.181 ns between mb_block_i/mb_block_1_i/gpio_usb_keycode/U0/gpio_core_1/Dual.gpio_Data_Out_reg[13]/C (clocked by clk_out1_mb_block_1_clk_wiz_1_0) and color_instance/nolabel_line211/mem_reg_0_3/ADDRBWRADDR[5] (clocked by clk_out1_clk_wiz_0). Large setup violations at the end of those stages might be difficult to fix during the post-placement implementation flow and could be the result of non-optimal XDC constraints or non-optimal design architecture
Related violations: <none>

TIMING-16#114 Warning
Large setup violation  
There is a large setup violation of -3.191 ns between mb_block_i/mb_block_1_i/gpio_usb_keycode/U0/gpio_core_1/Dual.gpio_Data_Out_reg[13]/C (clocked by clk_out1_mb_block_1_clk_wiz_1_0) and color_instance/nolabel_line211/mem_reg_0_3/ADDRBWRADDR[13] (clocked by clk_out1_clk_wiz_0). Large setup violations at the end of those stages might be difficult to fix during the post-placement implementation flow and could be the result of non-optimal XDC constraints or non-optimal design architecture
Related violations: <none>

TIMING-16#115 Warning
Large setup violation  
There is a large setup violation of -3.216 ns between mb_block_i/mb_block_1_i/gpio_usb_keycode/U0/gpio_core_1/Dual.gpio_Data_Out_reg[13]/C (clocked by clk_out1_mb_block_1_clk_wiz_1_0) and color_instance/nolabel_line211/mem_reg_0_0/ADDRBWRADDR[13] (clocked by clk_out1_clk_wiz_0). Large setup violations at the end of those stages might be difficult to fix during the post-placement implementation flow and could be the result of non-optimal XDC constraints or non-optimal design architecture
Related violations: <none>

TIMING-16#116 Warning
Large setup violation  
There is a large setup violation of -3.247 ns between mb_block_i/mb_block_1_i/gpio_usb_keycode/U0/gpio_core_1/Dual.gpio_Data_Out_reg[13]/C (clocked by clk_out1_mb_block_1_clk_wiz_1_0) and color_instance/nolabel_line211/mem_reg_0_1/ADDRBWRADDR[8] (clocked by clk_out1_clk_wiz_0). Large setup violations at the end of those stages might be difficult to fix during the post-placement implementation flow and could be the result of non-optimal XDC constraints or non-optimal design architecture
Related violations: <none>

TIMING-16#117 Warning
Large setup violation  
There is a large setup violation of -3.263 ns between mb_block_i/mb_block_1_i/gpio_usb_keycode/U0/gpio_core_1/Dual.gpio_Data_Out_reg[13]/C (clocked by clk_out1_mb_block_1_clk_wiz_1_0) and color_instance/nolabel_line211/mem_reg_0_3/ADDRBWRADDR[6] (clocked by clk_out1_clk_wiz_0). Large setup violations at the end of those stages might be difficult to fix during the post-placement implementation flow and could be the result of non-optimal XDC constraints or non-optimal design architecture
Related violations: <none>

TIMING-16#118 Warning
Large setup violation  
There is a large setup violation of -3.267 ns between mb_block_i/mb_block_1_i/gpio_usb_keycode/U0/gpio_core_1/Dual.gpio_Data_Out_reg[13]/C (clocked by clk_out1_mb_block_1_clk_wiz_1_0) and color_instance/nolabel_line211/mem_reg_0_1/ADDRBWRADDR[13] (clocked by clk_out1_clk_wiz_0). Large setup violations at the end of those stages might be difficult to fix during the post-placement implementation flow and could be the result of non-optimal XDC constraints or non-optimal design architecture
Related violations: <none>

TIMING-16#119 Warning
Large setup violation  
There is a large setup violation of -3.273 ns between mb_block_i/mb_block_1_i/gpio_usb_keycode/U0/gpio_core_1/Dual.gpio_Data_Out_reg[13]/C (clocked by clk_out1_mb_block_1_clk_wiz_1_0) and color_instance/nolabel_line211/mem_reg_0_3/ADDRBWRADDR[0] (clocked by clk_out1_clk_wiz_0). Large setup violations at the end of those stages might be difficult to fix during the post-placement implementation flow and could be the result of non-optimal XDC constraints or non-optimal design architecture
Related violations: <none>

TIMING-16#120 Warning
Large setup violation  
There is a large setup violation of -3.282 ns between mb_block_i/mb_block_1_i/gpio_usb_keycode/U0/gpio_core_1/Dual.gpio_Data_Out_reg[13]/C (clocked by clk_out1_mb_block_1_clk_wiz_1_0) and color_instance/nolabel_line211/mem_reg_0_3/ADDRBWRADDR[3] (clocked by clk_out1_clk_wiz_0). Large setup violations at the end of those stages might be difficult to fix during the post-placement implementation flow and could be the result of non-optimal XDC constraints or non-optimal design architecture
Related violations: <none>

TIMING-18#1 Warning
Missing input or output delay  
An input delay is missing on gpio_usb_int_tri_i[0] relative to clock(s) mb_block_i/mb_block_1_i/clk_wiz_0/inst/clk_in1
Related violations: <none>

TIMING-18#2 Warning
Missing input or output delay  
An input delay is missing on reset_rtl_0 relative to clock(s) mb_block_i/mb_block_1_i/clk_wiz_0/inst/clk_in1
Related violations: <none>

TIMING-18#3 Warning
Missing input or output delay  
An input delay is missing on uart_rtl_0_rxd relative to clock(s) mb_block_i/mb_block_1_i/clk_wiz_0/inst/clk_in1
Related violations: <none>

TIMING-18#4 Warning
Missing input or output delay  
An input delay is missing on usb_spi_miso relative to clock(s) mb_block_i/mb_block_1_i/clk_wiz_0/inst/clk_in1
Related violations: <none>

TIMING-18#5 Warning
Missing input or output delay  
An output delay is missing on gpio_usb_rst_tri_o relative to clock(s) mb_block_i/mb_block_1_i/clk_wiz_0/inst/clk_in1
Related violations: <none>

TIMING-18#6 Warning
Missing input or output delay  
An output delay is missing on uart_rtl_0_txd relative to clock(s) mb_block_i/mb_block_1_i/clk_wiz_0/inst/clk_in1
Related violations: <none>

TIMING-18#7 Warning
Missing input or output delay  
An output delay is missing on usb_spi_mosi relative to clock(s) mb_block_i/mb_block_1_i/clk_wiz_0/inst/clk_in1
Related violations: <none>

TIMING-18#8 Warning
Missing input or output delay  
An output delay is missing on usb_spi_sclk relative to clock(s) mb_block_i/mb_block_1_i/clk_wiz_0/inst/clk_in1
Related violations: <none>

TIMING-18#9 Warning
Missing input or output delay  
An output delay is missing on usb_spi_ss relative to clock(s) mb_block_i/mb_block_1_i/clk_wiz_0/inst/clk_in1
Related violations: <none>

TIMING-20#1 Warning
Non-clocked latch  
The latch color_instance/game_over_reg cannot be properly analyzed as its control pin color_instance/game_over_reg/G is not reached by a timing clock
Related violations: <none>

LATCH-1#1 Advisory
Existing latches in the design  
There are 1 latches found in the design. Inferred latches are often the result of HDL coding mistakes, such as incomplete if or case statements.
Related violations: <none>


