TRACE::2024-11-07.03:25:32::SCWPlatform::Trying to open the hw design at C:/Users/realk/Desktop/ece385/ECE385/lab7_2/lab7_2_sdk/mb_usb_hdmi_top/hw/mb_usb_hdmi_top.xsa
TRACE::2024-11-07.03:25:32::SCWPlatform::DSA given C:/Users/realk/Desktop/ece385/ECE385/lab7_2/lab7_2_sdk/mb_usb_hdmi_top/hw/mb_usb_hdmi_top.xsa
TRACE::2024-11-07.03:25:32::SCWPlatform::DSA absoulate path C:/Users/realk/Desktop/ece385/ECE385/lab7_2/lab7_2_sdk/mb_usb_hdmi_top/hw/mb_usb_hdmi_top.xsa
TRACE::2024-11-07.03:25:32::SCWPlatform::DSA directory C:/Users/realk/Desktop/ece385/ECE385/lab7_2/lab7_2_sdk/mb_usb_hdmi_top/hw
TRACE::2024-11-07.03:25:32::SCWPlatform:: Platform Path C:/Users/realk/Desktop/ece385/ECE385/lab7_2/lab7_2_sdk/mb_usb_hdmi_top/hw/mb_usb_hdmi_top.xsa
TRACE::2024-11-07.03:25:32::SCWPlatform:: Unique name xilinx:::0.0
TRACE::2024-11-07.03:25:32::SCWPlatform::Do not have an existing db opened. 
TRACE::2024-11-07.03:25:32::SCWPlatform::Opened new HwDB with name mb_usb_hdmi_top_0
TRACE::2024-11-07.03:25:32::SCWWriter::formatted JSON is {
	"platformName":	"mb_usb_hdmi_top",
	"sprVersion":	"2.0",
	"mode":	"gui",
	"dsaType":	"Fixed",
	"platformDesc":	"mb_usb_hdmi_top",
	"platHandOff":	"C:/Users/realk/Desktop/ece385/ECE385/lab7_2/mb_usb_hdmi_top.xsa",
	"platIntHandOff":	"<platformDir>/hw/mb_usb_hdmi_top.xsa",
	"deviceType":	"FPGA",
	"platIsPrebuiltAutogen":	"false",
	"platIsNoBootBsp":	"false",
	"hasFsblMakeHasChanges":	"false",
	"hasPmufwMakeHasChanges":	"false",
	"platPreBuiltFlag":	false,
	"platformSamplesDir":	""
}
TRACE::2024-11-07.03:25:32::SCWWriter::formatted JSON is {
	"platformName":	"mb_usb_hdmi_top",
	"sprVersion":	"2.0",
	"mode":	"gui",
	"dsaType":	"Fixed",
	"platformDesc":	"mb_usb_hdmi_top",
	"platHandOff":	"C:/Users/realk/Desktop/ece385/ECE385/lab7_2/mb_usb_hdmi_top.xsa",
	"platIntHandOff":	"<platformDir>/hw/mb_usb_hdmi_top.xsa",
	"deviceType":	"FPGA",
	"platIsPrebuiltAutogen":	"false",
	"platIsNoBootBsp":	"false",
	"hasFsblMakeHasChanges":	"false",
	"hasPmufwMakeHasChanges":	"false",
	"platPreBuiltFlag":	false,
	"platformSamplesDir":	"",
	"platActiveSys":	"mb_usb_hdmi_top",
	"systems":	[{
			"systemName":	"mb_usb_hdmi_top",
			"systemDesc":	"mb_usb_hdmi_top",
			"sysIsBootAutoGen":	"true",
			"systemDispName":	"mb_usb_hdmi_top"
		}]
}
TRACE::2024-11-07.03:25:32::SCWPlatform::Boot application domains not present, creating them
TRACE::2024-11-07.03:25:32::SCWPlatform::Pure FPGA device, no boot application will be created.
TRACE::2024-11-07.03:25:32::SCWWriter::formatted JSON is {
	"platformName":	"mb_usb_hdmi_top",
	"sprVersion":	"2.0",
	"mode":	"gui",
	"dsaType":	"Fixed",
	"platformDesc":	"mb_usb_hdmi_top",
	"platHandOff":	"C:/Users/realk/Desktop/ece385/ECE385/lab7_2/mb_usb_hdmi_top.xsa",
	"platIntHandOff":	"<platformDir>/hw/mb_usb_hdmi_top.xsa",
	"deviceType":	"FPGA",
	"platIsPrebuiltAutogen":	"false",
	"platIsNoBootBsp":	"false",
	"hasFsblMakeHasChanges":	"false",
	"hasPmufwMakeHasChanges":	"false",
	"platPreBuiltFlag":	false,
	"platformSamplesDir":	"",
	"platActiveSys":	"mb_usb_hdmi_top",
	"systems":	[{
			"systemName":	"mb_usb_hdmi_top",
			"systemDesc":	"mb_usb_hdmi_top",
			"sysIsBootAutoGen":	"true",
			"systemDispName":	"mb_usb_hdmi_top"
		}]
}
TRACE::2024-11-07.03:25:32::SCWWriter::formatted JSON is {
	"platformName":	"mb_usb_hdmi_top",
	"sprVersion":	"2.0",
	"mode":	"gui",
	"dsaType":	"Fixed",
	"platformDesc":	"mb_usb_hdmi_top",
	"platHandOff":	"C:/Users/realk/Desktop/ece385/ECE385/lab7_2/mb_usb_hdmi_top.xsa",
	"platIntHandOff":	"<platformDir>/hw/mb_usb_hdmi_top.xsa",
	"deviceType":	"FPGA",
	"platIsPrebuiltAutogen":	"false",
	"platIsNoBootBsp":	"false",
	"hasFsblMakeHasChanges":	"false",
	"hasPmufwMakeHasChanges":	"false",
	"platPreBuiltFlag":	false,
	"platformSamplesDir":	"",
	"platActiveSys":	"mb_usb_hdmi_top",
	"systems":	[{
			"systemName":	"mb_usb_hdmi_top",
			"systemDesc":	"mb_usb_hdmi_top",
			"sysIsBootAutoGen":	"true",
			"systemDispName":	"mb_usb_hdmi_top"
		}]
}
TRACE::2024-11-07.03:25:32::SCWPlatform::Trying to open the hw design at C:/Users/realk/Desktop/ece385/ECE385/lab7_2/lab7_2_sdk/mb_usb_hdmi_top/hw/mb_usb_hdmi_top.xsa
TRACE::2024-11-07.03:25:32::SCWPlatform::DSA given C:/Users/realk/Desktop/ece385/ECE385/lab7_2/lab7_2_sdk/mb_usb_hdmi_top/hw/mb_usb_hdmi_top.xsa
TRACE::2024-11-07.03:25:32::SCWPlatform::DSA absoulate path C:/Users/realk/Desktop/ece385/ECE385/lab7_2/lab7_2_sdk/mb_usb_hdmi_top/hw/mb_usb_hdmi_top.xsa
TRACE::2024-11-07.03:25:32::SCWPlatform::DSA directory C:/Users/realk/Desktop/ece385/ECE385/lab7_2/lab7_2_sdk/mb_usb_hdmi_top/hw
TRACE::2024-11-07.03:25:32::SCWPlatform:: Platform Path C:/Users/realk/Desktop/ece385/ECE385/lab7_2/lab7_2_sdk/mb_usb_hdmi_top/hw/mb_usb_hdmi_top.xsa
TRACE::2024-11-07.03:25:32::SCWPlatform:: Unique name xilinx:::0.0
TRACE::2024-11-07.03:25:32::SCWPlatform::Trying to set the existing hwdb with name mb_usb_hdmi_top_0
TRACE::2024-11-07.03:25:32::SCWPlatform::Opened existing hwdb mb_usb_hdmi_top_0
TRACE::2024-11-07.03:25:32::SCWPlatform::Found the Hw Db part of the input DSA
TRACE::2024-11-07.03:25:32::SCWPlatform::Trying to open the hw design at C:/Users/realk/Desktop/ece385/ECE385/lab7_2/lab7_2_sdk/mb_usb_hdmi_top/hw/mb_usb_hdmi_top.xsa
TRACE::2024-11-07.03:25:32::SCWPlatform::DSA given C:/Users/realk/Desktop/ece385/ECE385/lab7_2/lab7_2_sdk/mb_usb_hdmi_top/hw/mb_usb_hdmi_top.xsa
TRACE::2024-11-07.03:25:32::SCWPlatform::DSA absoulate path C:/Users/realk/Desktop/ece385/ECE385/lab7_2/lab7_2_sdk/mb_usb_hdmi_top/hw/mb_usb_hdmi_top.xsa
TRACE::2024-11-07.03:25:32::SCWPlatform::DSA directory C:/Users/realk/Desktop/ece385/ECE385/lab7_2/lab7_2_sdk/mb_usb_hdmi_top/hw
TRACE::2024-11-07.03:25:32::SCWPlatform:: Platform Path C:/Users/realk/Desktop/ece385/ECE385/lab7_2/lab7_2_sdk/mb_usb_hdmi_top/hw/mb_usb_hdmi_top.xsa
TRACE::2024-11-07.03:25:32::SCWPlatform:: Unique name xilinx:::0.0
TRACE::2024-11-07.03:25:32::SCWPlatform::Trying to set the existing hwdb with name mb_usb_hdmi_top_0
TRACE::2024-11-07.03:25:32::SCWPlatform::Opened existing hwdb mb_usb_hdmi_top_0
TRACE::2024-11-07.03:25:32::SCWPlatform::Found the Hw Db part of the input DSA
TRACE::2024-11-07.03:25:32::SCWDomain::checking for install qemu data   : 
TRACE::2024-11-07.03:25:32::SCWPlatform::Trying to open the hw design at C:/Users/realk/Desktop/ece385/ECE385/lab7_2/lab7_2_sdk/mb_usb_hdmi_top/hw/mb_usb_hdmi_top.xsa
TRACE::2024-11-07.03:25:32::SCWPlatform::DSA given C:/Users/realk/Desktop/ece385/ECE385/lab7_2/lab7_2_sdk/mb_usb_hdmi_top/hw/mb_usb_hdmi_top.xsa
TRACE::2024-11-07.03:25:32::SCWPlatform::DSA absoulate path C:/Users/realk/Desktop/ece385/ECE385/lab7_2/lab7_2_sdk/mb_usb_hdmi_top/hw/mb_usb_hdmi_top.xsa
TRACE::2024-11-07.03:25:32::SCWPlatform::DSA directory C:/Users/realk/Desktop/ece385/ECE385/lab7_2/lab7_2_sdk/mb_usb_hdmi_top/hw
TRACE::2024-11-07.03:25:32::SCWPlatform:: Platform Path C:/Users/realk/Desktop/ece385/ECE385/lab7_2/lab7_2_sdk/mb_usb_hdmi_top/hw/mb_usb_hdmi_top.xsa
TRACE::2024-11-07.03:25:32::SCWPlatform:: Unique name xilinx:::0.0
TRACE::2024-11-07.03:25:32::SCWPlatform::Trying to set the existing hwdb with name mb_usb_hdmi_top_0
TRACE::2024-11-07.03:25:32::SCWPlatform::Opened existing hwdb mb_usb_hdmi_top_0
TRACE::2024-11-07.03:25:32::SCWPlatform::Found the Hw Db part of the input DSA
TRACE::2024-11-07.03:25:32::SCWPlatform::Trying to open the hw design at C:/Users/realk/Desktop/ece385/ECE385/lab7_2/lab7_2_sdk/mb_usb_hdmi_top/hw/mb_usb_hdmi_top.xsa
TRACE::2024-11-07.03:25:32::SCWPlatform::DSA given C:/Users/realk/Desktop/ece385/ECE385/lab7_2/lab7_2_sdk/mb_usb_hdmi_top/hw/mb_usb_hdmi_top.xsa
TRACE::2024-11-07.03:25:32::SCWPlatform::DSA absoulate path C:/Users/realk/Desktop/ece385/ECE385/lab7_2/lab7_2_sdk/mb_usb_hdmi_top/hw/mb_usb_hdmi_top.xsa
TRACE::2024-11-07.03:25:32::SCWPlatform::DSA directory C:/Users/realk/Desktop/ece385/ECE385/lab7_2/lab7_2_sdk/mb_usb_hdmi_top/hw
TRACE::2024-11-07.03:25:32::SCWPlatform:: Platform Path C:/Users/realk/Desktop/ece385/ECE385/lab7_2/lab7_2_sdk/mb_usb_hdmi_top/hw/mb_usb_hdmi_top.xsa
TRACE::2024-11-07.03:25:32::SCWPlatform:: Unique name xilinx:::0.0
TRACE::2024-11-07.03:25:32::SCWPlatform::Trying to set the existing hwdb with name mb_usb_hdmi_top_0
TRACE::2024-11-07.03:25:32::SCWPlatform::Opened existing hwdb mb_usb_hdmi_top_0
TRACE::2024-11-07.03:25:32::SCWPlatform::Found the Hw Db part of the input DSA
TRACE::2024-11-07.03:25:32::SCWPlatform::Trying to open the hw design at C:/Users/realk/Desktop/ece385/ECE385/lab7_2/lab7_2_sdk/mb_usb_hdmi_top/hw/mb_usb_hdmi_top.xsa
TRACE::2024-11-07.03:25:32::SCWPlatform::DSA given C:/Users/realk/Desktop/ece385/ECE385/lab7_2/lab7_2_sdk/mb_usb_hdmi_top/hw/mb_usb_hdmi_top.xsa
TRACE::2024-11-07.03:25:32::SCWPlatform::DSA absoulate path C:/Users/realk/Desktop/ece385/ECE385/lab7_2/lab7_2_sdk/mb_usb_hdmi_top/hw/mb_usb_hdmi_top.xsa
TRACE::2024-11-07.03:25:32::SCWPlatform::DSA directory C:/Users/realk/Desktop/ece385/ECE385/lab7_2/lab7_2_sdk/mb_usb_hdmi_top/hw
TRACE::2024-11-07.03:25:32::SCWPlatform:: Platform Path C:/Users/realk/Desktop/ece385/ECE385/lab7_2/lab7_2_sdk/mb_usb_hdmi_top/hw/mb_usb_hdmi_top.xsa
TRACE::2024-11-07.03:25:32::SCWPlatform:: Unique name xilinx:::0.0
TRACE::2024-11-07.03:25:32::SCWPlatform::Trying to set the existing hwdb with name mb_usb_hdmi_top_0
TRACE::2024-11-07.03:25:32::SCWPlatform::Opened existing hwdb mb_usb_hdmi_top_0
TRACE::2024-11-07.03:25:32::SCWPlatform::Found the Hw Db part of the input DSA
TRACE::2024-11-07.03:25:32::SCWMssOS::Checking the sw design at  C:/Users/realk/Desktop/ece385/ECE385/lab7_2/lab7_2_sdk/mb_usb_hdmi_top/microblaze_0/standalone_microblaze_0/bsp/system.mss
TRACE::2024-11-07.03:25:32::SCWMssOS::DEBUG:  swdes dump  
TRACE::2024-11-07.03:25:32::SCWMssOS::No sw design opened at  C:/Users/realk/Desktop/ece385/ECE385/lab7_2/lab7_2_sdk/mb_usb_hdmi_top/microblaze_0/standalone_microblaze_0/bsp/system.mss
TRACE::2024-11-07.03:25:32::SCWMssOS::mss does not exists at C:/Users/realk/Desktop/ece385/ECE385/lab7_2/lab7_2_sdk/mb_usb_hdmi_top/microblaze_0/standalone_microblaze_0/bsp/system.mss
TRACE::2024-11-07.03:25:32::SCWMssOS::Creating sw design at  C:/Users/realk/Desktop/ece385/ECE385/lab7_2/lab7_2_sdk/mb_usb_hdmi_top/microblaze_0/standalone_microblaze_0/bsp/system.mss
TRACE::2024-11-07.03:25:32::SCWMssOS::Adding the swdes entry, created swdb C:/Users/realk/Desktop/ece385/ECE385/lab7_2/lab7_2_sdk/mb_usb_hdmi_top/microblaze_0/standalone_microblaze_0/bsp/system.mss with des name C:/Users/realk/Desktop/ece385/ECE385/lab7_2/lab7_2_sdk/mb_usb_hdmi_top/microblaze_0/standalone_microblaze_0/bsp/system.mss
TRACE::2024-11-07.03:25:32::SCWMssOS::updating the scw layer changes to swdes at   C:/Users/realk/Desktop/ece385/ECE385/lab7_2/lab7_2_sdk/mb_usb_hdmi_top/microblaze_0/standalone_microblaze_0/bsp/system.mss
TRACE::2024-11-07.03:25:32::SCWMssOS::Writing mss at C:/Users/realk/Desktop/ece385/ECE385/lab7_2/lab7_2_sdk/mb_usb_hdmi_top/microblaze_0/standalone_microblaze_0/bsp/system.mss
TRACE::2024-11-07.03:25:32::SCWMssOS::Completed writing the mss file at C:/Users/realk/Desktop/ece385/ECE385/lab7_2/lab7_2_sdk/mb_usb_hdmi_top/microblaze_0/standalone_microblaze_0/bsp
TRACE::2024-11-07.03:25:32::SCWMssOS::Picking up changes from newly written mss file into SCW Layer. 
TRACE::2024-11-07.03:25:32::SCWMssOS::Updated the changes from newly written mss file into SCW Layer. 
TRACE::2024-11-07.03:25:32::SCWMssOS::Completed writing the mss file at C:/Users/realk/Desktop/ece385/ECE385/lab7_2/lab7_2_sdk/mb_usb_hdmi_top/microblaze_0/standalone_microblaze_0/bsp
TRACE::2024-11-07.03:25:32::SCWMssOS::Forcing BSP Sources regeneration.
TRACE::2024-11-07.03:25:33::SCWMssOS::Saving the mss changes C:/Users/realk/Desktop/ece385/ECE385/lab7_2/lab7_2_sdk/mb_usb_hdmi_top/microblaze_0/standalone_microblaze_0/bsp/system.mss
TRACE::2024-11-07.03:25:33::SCWMssOS::Adding the swdes entry, mss present, able to open swdb C:/Users/realk/Desktop/ece385/ECE385/lab7_2/lab7_2_sdk/mb_usb_hdmi_top/microblaze_0/standalone_microblaze_0/bsp/system.mss with des name system
TRACE::2024-11-07.03:25:33::SCWMssOS::Writing the mss file completed C:/Users/realk/Desktop/ece385/ECE385/lab7_2/lab7_2_sdk/mb_usb_hdmi_top/microblaze_0/standalone_microblaze_0/bsp/system.mss
TRACE::2024-11-07.03:25:33::SCWMssOS::Commit changes completed.
TRACE::2024-11-07.03:25:33::SCWPlatform::Trying to open the hw design at C:/Users/realk/Desktop/ece385/ECE385/lab7_2/lab7_2_sdk/mb_usb_hdmi_top/hw/mb_usb_hdmi_top.xsa
TRACE::2024-11-07.03:25:33::SCWPlatform::DSA given C:/Users/realk/Desktop/ece385/ECE385/lab7_2/lab7_2_sdk/mb_usb_hdmi_top/hw/mb_usb_hdmi_top.xsa
TRACE::2024-11-07.03:25:33::SCWPlatform::DSA absoulate path C:/Users/realk/Desktop/ece385/ECE385/lab7_2/lab7_2_sdk/mb_usb_hdmi_top/hw/mb_usb_hdmi_top.xsa
TRACE::2024-11-07.03:25:33::SCWPlatform::DSA directory C:/Users/realk/Desktop/ece385/ECE385/lab7_2/lab7_2_sdk/mb_usb_hdmi_top/hw
TRACE::2024-11-07.03:25:33::SCWPlatform:: Platform Path C:/Users/realk/Desktop/ece385/ECE385/lab7_2/lab7_2_sdk/mb_usb_hdmi_top/hw/mb_usb_hdmi_top.xsa
TRACE::2024-11-07.03:25:33::SCWPlatform:: Unique name xilinx:::0.0
TRACE::2024-11-07.03:25:33::SCWPlatform::Trying to set the existing hwdb with name mb_usb_hdmi_top_0
TRACE::2024-11-07.03:25:33::SCWPlatform::Opened existing hwdb mb_usb_hdmi_top_0
TRACE::2024-11-07.03:25:33::SCWPlatform::Found the Hw Db part of the input DSA
TRACE::2024-11-07.03:25:33::SCWMssOS::Checking the sw design at  C:/Users/realk/Desktop/ece385/ECE385/lab7_2/lab7_2_sdk/mb_usb_hdmi_top/microblaze_0/standalone_microblaze_0/bsp/system.mss
TRACE::2024-11-07.03:25:33::SCWMssOS::DEBUG:  swdes dump  C:/Users/realk/Desktop/ece385/ECE385/lab7_2/lab7_2_sdk/mb_usb_hdmi_top/microblaze_0/standalone_microblaze_0/bsp/system.mss|system||

TRACE::2024-11-07.03:25:33::SCWMssOS::Sw design exists and opened at  C:/Users/realk/Desktop/ece385/ECE385/lab7_2/lab7_2_sdk/mb_usb_hdmi_top/microblaze_0/standalone_microblaze_0/bsp/system.mss
TRACE::2024-11-07.03:25:33::SCWPlatform::Trying to open the hw design at C:/Users/realk/Desktop/ece385/ECE385/lab7_2/lab7_2_sdk/mb_usb_hdmi_top/hw/mb_usb_hdmi_top.xsa
TRACE::2024-11-07.03:25:33::SCWPlatform::DSA given C:/Users/realk/Desktop/ece385/ECE385/lab7_2/lab7_2_sdk/mb_usb_hdmi_top/hw/mb_usb_hdmi_top.xsa
TRACE::2024-11-07.03:25:33::SCWPlatform::DSA absoulate path C:/Users/realk/Desktop/ece385/ECE385/lab7_2/lab7_2_sdk/mb_usb_hdmi_top/hw/mb_usb_hdmi_top.xsa
TRACE::2024-11-07.03:25:33::SCWPlatform::DSA directory C:/Users/realk/Desktop/ece385/ECE385/lab7_2/lab7_2_sdk/mb_usb_hdmi_top/hw
TRACE::2024-11-07.03:25:33::SCWPlatform:: Platform Path C:/Users/realk/Desktop/ece385/ECE385/lab7_2/lab7_2_sdk/mb_usb_hdmi_top/hw/mb_usb_hdmi_top.xsa
TRACE::2024-11-07.03:25:33::SCWPlatform:: Unique name xilinx:::0.0
TRACE::2024-11-07.03:25:33::SCWPlatform::Trying to set the existing hwdb with name mb_usb_hdmi_top_0
TRACE::2024-11-07.03:25:33::SCWPlatform::Opened existing hwdb mb_usb_hdmi_top_0
TRACE::2024-11-07.03:25:33::SCWPlatform::Found the Hw Db part of the input DSA
TRACE::2024-11-07.03:25:33::SCWMssOS::Checking the sw design at  C:/Users/realk/Desktop/ece385/ECE385/lab7_2/lab7_2_sdk/mb_usb_hdmi_top/microblaze_0/standalone_microblaze_0/bsp/system.mss
TRACE::2024-11-07.03:25:33::SCWMssOS::DEBUG:  swdes dump  C:/Users/realk/Desktop/ece385/ECE385/lab7_2/lab7_2_sdk/mb_usb_hdmi_top/microblaze_0/standalone_microblaze_0/bsp/system.mss|system||

TRACE::2024-11-07.03:25:33::SCWMssOS::Sw design exists and opened at  C:/Users/realk/Desktop/ece385/ECE385/lab7_2/lab7_2_sdk/mb_usb_hdmi_top/microblaze_0/standalone_microblaze_0/bsp/system.mss
TRACE::2024-11-07.03:25:33::SCWPlatform::Trying to open the hw design at C:/Users/realk/Desktop/ece385/ECE385/lab7_2/lab7_2_sdk/mb_usb_hdmi_top/hw/mb_usb_hdmi_top.xsa
TRACE::2024-11-07.03:25:33::SCWPlatform::DSA given C:/Users/realk/Desktop/ece385/ECE385/lab7_2/lab7_2_sdk/mb_usb_hdmi_top/hw/mb_usb_hdmi_top.xsa
TRACE::2024-11-07.03:25:33::SCWPlatform::DSA absoulate path C:/Users/realk/Desktop/ece385/ECE385/lab7_2/lab7_2_sdk/mb_usb_hdmi_top/hw/mb_usb_hdmi_top.xsa
TRACE::2024-11-07.03:25:33::SCWPlatform::DSA directory C:/Users/realk/Desktop/ece385/ECE385/lab7_2/lab7_2_sdk/mb_usb_hdmi_top/hw
TRACE::2024-11-07.03:25:33::SCWPlatform:: Platform Path C:/Users/realk/Desktop/ece385/ECE385/lab7_2/lab7_2_sdk/mb_usb_hdmi_top/hw/mb_usb_hdmi_top.xsa
TRACE::2024-11-07.03:25:33::SCWPlatform:: Unique name xilinx:::0.0
TRACE::2024-11-07.03:25:33::SCWPlatform::Trying to set the existing hwdb with name mb_usb_hdmi_top_0
TRACE::2024-11-07.03:25:33::SCWPlatform::Opened existing hwdb mb_usb_hdmi_top_0
TRACE::2024-11-07.03:25:33::SCWPlatform::Found the Hw Db part of the input DSA
TRACE::2024-11-07.03:25:33::SCWMssOS::Checking the sw design at  C:/Users/realk/Desktop/ece385/ECE385/lab7_2/lab7_2_sdk/mb_usb_hdmi_top/microblaze_0/standalone_microblaze_0/bsp/system.mss
TRACE::2024-11-07.03:25:33::SCWMssOS::DEBUG:  swdes dump  C:/Users/realk/Desktop/ece385/ECE385/lab7_2/lab7_2_sdk/mb_usb_hdmi_top/microblaze_0/standalone_microblaze_0/bsp/system.mss|system||

TRACE::2024-11-07.03:25:33::SCWMssOS::Sw design exists and opened at  C:/Users/realk/Desktop/ece385/ECE385/lab7_2/lab7_2_sdk/mb_usb_hdmi_top/microblaze_0/standalone_microblaze_0/bsp/system.mss
TRACE::2024-11-07.03:25:33::SCWWriter::formatted JSON is {
	"platformName":	"mb_usb_hdmi_top",
	"sprVersion":	"2.0",
	"mode":	"gui",
	"dsaType":	"Fixed",
	"platformDesc":	"mb_usb_hdmi_top",
	"platHandOff":	"C:/Users/realk/Desktop/ece385/ECE385/lab7_2/mb_usb_hdmi_top.xsa",
	"platIntHandOff":	"<platformDir>/hw/mb_usb_hdmi_top.xsa",
	"deviceType":	"FPGA",
	"platIsPrebuiltAutogen":	"false",
	"platIsNoBootBsp":	"false",
	"hasFsblMakeHasChanges":	"false",
	"hasPmufwMakeHasChanges":	"false",
	"platPreBuiltFlag":	false,
	"platformSamplesDir":	"",
	"platActiveSys":	"mb_usb_hdmi_top",
	"systems":	[{
			"systemName":	"mb_usb_hdmi_top",
			"systemDesc":	"mb_usb_hdmi_top",
			"sysIsBootAutoGen":	"true",
			"systemDispName":	"mb_usb_hdmi_top",
			"sysActiveDom":	"standalone_microblaze_0",
			"sysDefaultDom":	"standalone_microblaze_0",
			"domains":	[{
					"domainName":	"standalone_microblaze_0",
					"domainDispName":	"standalone_microblaze_0",
					"domainDesc":	"standalone_microblaze_0",
					"processors":	"microblaze_0",
					"os":	"standalone",
					"sdxOs":	"standalone",
					"debugEnable":	"False",
					"domRuntimes":	["cpp"],
					"swRepo":	"",
					"mssOsVer":	"8.0",
					"mssFile":	"",
					"md5Digest":	"5422c1e5be4ae93f4de8c50507402f2a",
					"compatibleApp":	"hello_world",
					"domType":	"mssDomain",
					"arch":	"32-bit",
					"appSettings":	{
						"appCompilerFlags":	"",
						"appLinkerFlags":	""
					},
					"addedLibs":	[],
					"libOptions":	{
						"libsContainingOptions":	[]
					},
					"prebuiltLibs":	{
						"prebuiltIncPath":	[],
						"prebuiltLibPath":	[]
					},
					"isolation":	{
					}
				}]
		}]
}
LOG::2024-11-07.03:25:33::SCWPlatform::Started generating the artifacts platform mb_usb_hdmi_top
TRACE::2024-11-07.03:25:33::SCWPlatform::Sanity checking of platform is completed
LOG::2024-11-07.03:25:33::SCWPlatform::Started generating the artifacts for system configuration mb_usb_hdmi_top
LOG::2024-11-07.03:25:33::SCWSystem::Checking the domain standalone_microblaze_0
LOG::2024-11-07.03:25:33::SCWSystem::Not a boot domain 
LOG::2024-11-07.03:25:33::SCWSystem::Started Processing the domain standalone_microblaze_0
TRACE::2024-11-07.03:25:33::SCWDomain::Generating domain artifcats
TRACE::2024-11-07.03:25:33::SCWMssOS::Generating standalone artifcats
TRACE::2024-11-07.03:25:33::SCWMssOS:: Copying the user libraries. 
TRACE::2024-11-07.03:25:33::SCWPlatform::Trying to open the hw design at C:/Users/realk/Desktop/ece385/ECE385/lab7_2/lab7_2_sdk/mb_usb_hdmi_top/hw/mb_usb_hdmi_top.xsa
TRACE::2024-11-07.03:25:33::SCWPlatform::DSA given C:/Users/realk/Desktop/ece385/ECE385/lab7_2/lab7_2_sdk/mb_usb_hdmi_top/hw/mb_usb_hdmi_top.xsa
TRACE::2024-11-07.03:25:33::SCWPlatform::DSA absoulate path C:/Users/realk/Desktop/ece385/ECE385/lab7_2/lab7_2_sdk/mb_usb_hdmi_top/hw/mb_usb_hdmi_top.xsa
TRACE::2024-11-07.03:25:33::SCWPlatform::DSA directory C:/Users/realk/Desktop/ece385/ECE385/lab7_2/lab7_2_sdk/mb_usb_hdmi_top/hw
TRACE::2024-11-07.03:25:33::SCWPlatform:: Platform Path C:/Users/realk/Desktop/ece385/ECE385/lab7_2/lab7_2_sdk/mb_usb_hdmi_top/hw/mb_usb_hdmi_top.xsa
TRACE::2024-11-07.03:25:33::SCWPlatform:: Unique name xilinx:::0.0
TRACE::2024-11-07.03:25:33::SCWPlatform::Trying to set the existing hwdb with name mb_usb_hdmi_top_0
TRACE::2024-11-07.03:25:33::SCWPlatform::Opened existing hwdb mb_usb_hdmi_top_0
TRACE::2024-11-07.03:25:33::SCWPlatform::Found the Hw Db part of the input DSA
TRACE::2024-11-07.03:25:33::SCWMssOS::Checking the sw design at  C:/Users/realk/Desktop/ece385/ECE385/lab7_2/lab7_2_sdk/mb_usb_hdmi_top/microblaze_0/standalone_microblaze_0/bsp/system.mss
TRACE::2024-11-07.03:25:33::SCWMssOS::DEBUG:  swdes dump  C:/Users/realk/Desktop/ece385/ECE385/lab7_2/lab7_2_sdk/mb_usb_hdmi_top/microblaze_0/standalone_microblaze_0/bsp/system.mss|system||

TRACE::2024-11-07.03:25:33::SCWMssOS::Sw design exists and opened at  C:/Users/realk/Desktop/ece385/ECE385/lab7_2/lab7_2_sdk/mb_usb_hdmi_top/microblaze_0/standalone_microblaze_0/bsp/system.mss
TRACE::2024-11-07.03:25:33::SCWMssOS::Completed writing the mss file at C:/Users/realk/Desktop/ece385/ECE385/lab7_2/lab7_2_sdk/mb_usb_hdmi_top/microblaze_0/standalone_microblaze_0/bsp
TRACE::2024-11-07.03:25:33::SCWMssOS::Mss edits present, copying mssfile into export location C:/Users/realk/Desktop/ece385/ECE385/lab7_2/lab7_2_sdk/mb_usb_hdmi_top/microblaze_0/standalone_microblaze_0/bsp/system.mss
TRACE::2024-11-07.03:25:33::SCWMssOS::bsp generated is upto date with the mss file. Skipping bsp generation.
TRACE::2024-11-07.03:25:33::SCWMssOS::BSP is already built. skipping the bsp build ... 
TRACE::2024-11-07.03:25:33::SCWDomain::Skipping the build for domain :  standalone_microblaze_0
TRACE::2024-11-07.03:25:33::SCWMssOS::skipping the bsp build ... 
TRACE::2024-11-07.03:25:33::SCWMssOS::Copying to export directory.
TRACE::2024-11-07.03:25:34::SCWMssOS:: Checking if to create the Supporting Applications
TRACE::2024-11-07.03:25:34::SCWMssOS:: No Linux domain exists, trying to generate FSBL 
LOG::2024-11-07.03:25:34::SCWSystem::Completed Processing the domain standalone_microblaze_0
LOG::2024-11-07.03:25:34::SCWSystem::Completed Processing the sysconfig mb_usb_hdmi_top
LOG::2024-11-07.03:25:34::SCWPlatform::Completed generating the artifacts for system configuration mb_usb_hdmi_top
TRACE::2024-11-07.03:25:34::SCWPlatform::Started preparing the platform 
TRACE::2024-11-07.03:25:34::SCWSystem::Writing the bif file for system config mb_usb_hdmi_top
TRACE::2024-11-07.03:25:34::SCWSystem::dir created 
TRACE::2024-11-07.03:25:34::SCWSystem::Writing the bif 
TRACE::2024-11-07.03:25:34::SCWPlatform::Started writing the spfm file 
TRACE::2024-11-07.03:25:34::SCWPlatform::Started writing the xpfm file 
TRACE::2024-11-07.03:25:34::SCWPlatform::Completed generating the platform
TRACE::2024-11-07.03:25:34::SCWMssOS::Saving the mss changes C:/Users/realk/Desktop/ece385/ECE385/lab7_2/lab7_2_sdk/mb_usb_hdmi_top/microblaze_0/standalone_microblaze_0/bsp/system.mss
TRACE::2024-11-07.03:25:34::SCWMssOS::Found a swdesign opened with the mssfile.
TRACE::2024-11-07.03:25:34::SCWMssOS::Completed writemss as part of save.
TRACE::2024-11-07.03:25:34::SCWMssOS::Commit changes completed.
TRACE::2024-11-07.03:25:34::SCWPlatform::Trying to open the hw design at C:/Users/realk/Desktop/ece385/ECE385/lab7_2/lab7_2_sdk/mb_usb_hdmi_top/hw/mb_usb_hdmi_top.xsa
TRACE::2024-11-07.03:25:34::SCWPlatform::DSA given C:/Users/realk/Desktop/ece385/ECE385/lab7_2/lab7_2_sdk/mb_usb_hdmi_top/hw/mb_usb_hdmi_top.xsa
TRACE::2024-11-07.03:25:34::SCWPlatform::DSA absoulate path C:/Users/realk/Desktop/ece385/ECE385/lab7_2/lab7_2_sdk/mb_usb_hdmi_top/hw/mb_usb_hdmi_top.xsa
TRACE::2024-11-07.03:25:34::SCWPlatform::DSA directory C:/Users/realk/Desktop/ece385/ECE385/lab7_2/lab7_2_sdk/mb_usb_hdmi_top/hw
TRACE::2024-11-07.03:25:34::SCWPlatform:: Platform Path C:/Users/realk/Desktop/ece385/ECE385/lab7_2/lab7_2_sdk/mb_usb_hdmi_top/hw/mb_usb_hdmi_top.xsa
TRACE::2024-11-07.03:25:34::SCWPlatform:: Unique name xilinx:::0.0
TRACE::2024-11-07.03:25:34::SCWPlatform::Trying to set the existing hwdb with name mb_usb_hdmi_top_0
TRACE::2024-11-07.03:25:34::SCWPlatform::Opened existing hwdb mb_usb_hdmi_top_0
TRACE::2024-11-07.03:25:34::SCWPlatform::Found the Hw Db part of the input DSA
TRACE::2024-11-07.03:25:34::SCWMssOS::Checking the sw design at  C:/Users/realk/Desktop/ece385/ECE385/lab7_2/lab7_2_sdk/mb_usb_hdmi_top/microblaze_0/standalone_microblaze_0/bsp/system.mss
TRACE::2024-11-07.03:25:34::SCWMssOS::DEBUG:  swdes dump  C:/Users/realk/Desktop/ece385/ECE385/lab7_2/lab7_2_sdk/mb_usb_hdmi_top/microblaze_0/standalone_microblaze_0/bsp/system.mss|system||

TRACE::2024-11-07.03:25:34::SCWMssOS::Sw design exists and opened at  C:/Users/realk/Desktop/ece385/ECE385/lab7_2/lab7_2_sdk/mb_usb_hdmi_top/microblaze_0/standalone_microblaze_0/bsp/system.mss
TRACE::2024-11-07.03:25:34::SCWPlatform::Trying to open the hw design at C:/Users/realk/Desktop/ece385/ECE385/lab7_2/lab7_2_sdk/mb_usb_hdmi_top/hw/mb_usb_hdmi_top.xsa
TRACE::2024-11-07.03:25:34::SCWPlatform::DSA given C:/Users/realk/Desktop/ece385/ECE385/lab7_2/lab7_2_sdk/mb_usb_hdmi_top/hw/mb_usb_hdmi_top.xsa
TRACE::2024-11-07.03:25:34::SCWPlatform::DSA absoulate path C:/Users/realk/Desktop/ece385/ECE385/lab7_2/lab7_2_sdk/mb_usb_hdmi_top/hw/mb_usb_hdmi_top.xsa
TRACE::2024-11-07.03:25:34::SCWPlatform::DSA directory C:/Users/realk/Desktop/ece385/ECE385/lab7_2/lab7_2_sdk/mb_usb_hdmi_top/hw
TRACE::2024-11-07.03:25:34::SCWPlatform:: Platform Path C:/Users/realk/Desktop/ece385/ECE385/lab7_2/lab7_2_sdk/mb_usb_hdmi_top/hw/mb_usb_hdmi_top.xsa
TRACE::2024-11-07.03:25:34::SCWPlatform:: Unique name xilinx:::0.0
TRACE::2024-11-07.03:25:34::SCWPlatform::Trying to set the existing hwdb with name mb_usb_hdmi_top_0
TRACE::2024-11-07.03:25:34::SCWPlatform::Opened existing hwdb mb_usb_hdmi_top_0
TRACE::2024-11-07.03:25:34::SCWPlatform::Found the Hw Db part of the input DSA
TRACE::2024-11-07.03:25:34::SCWMssOS::Checking the sw design at  C:/Users/realk/Desktop/ece385/ECE385/lab7_2/lab7_2_sdk/mb_usb_hdmi_top/microblaze_0/standalone_microblaze_0/bsp/system.mss
TRACE::2024-11-07.03:25:34::SCWMssOS::DEBUG:  swdes dump  C:/Users/realk/Desktop/ece385/ECE385/lab7_2/lab7_2_sdk/mb_usb_hdmi_top/microblaze_0/standalone_microblaze_0/bsp/system.mss|system||

TRACE::2024-11-07.03:25:34::SCWMssOS::Sw design exists and opened at  C:/Users/realk/Desktop/ece385/ECE385/lab7_2/lab7_2_sdk/mb_usb_hdmi_top/microblaze_0/standalone_microblaze_0/bsp/system.mss
TRACE::2024-11-07.03:25:34::SCWPlatform::Trying to open the hw design at C:/Users/realk/Desktop/ece385/ECE385/lab7_2/lab7_2_sdk/mb_usb_hdmi_top/hw/mb_usb_hdmi_top.xsa
TRACE::2024-11-07.03:25:34::SCWPlatform::DSA given C:/Users/realk/Desktop/ece385/ECE385/lab7_2/lab7_2_sdk/mb_usb_hdmi_top/hw/mb_usb_hdmi_top.xsa
TRACE::2024-11-07.03:25:34::SCWPlatform::DSA absoulate path C:/Users/realk/Desktop/ece385/ECE385/lab7_2/lab7_2_sdk/mb_usb_hdmi_top/hw/mb_usb_hdmi_top.xsa
TRACE::2024-11-07.03:25:34::SCWPlatform::DSA directory C:/Users/realk/Desktop/ece385/ECE385/lab7_2/lab7_2_sdk/mb_usb_hdmi_top/hw
TRACE::2024-11-07.03:25:34::SCWPlatform:: Platform Path C:/Users/realk/Desktop/ece385/ECE385/lab7_2/lab7_2_sdk/mb_usb_hdmi_top/hw/mb_usb_hdmi_top.xsa
TRACE::2024-11-07.03:25:34::SCWPlatform:: Unique name xilinx:::0.0
TRACE::2024-11-07.03:25:34::SCWPlatform::Trying to set the existing hwdb with name mb_usb_hdmi_top_0
TRACE::2024-11-07.03:25:34::SCWPlatform::Opened existing hwdb mb_usb_hdmi_top_0
TRACE::2024-11-07.03:25:34::SCWPlatform::Found the Hw Db part of the input DSA
TRACE::2024-11-07.03:25:34::SCWMssOS::Checking the sw design at  C:/Users/realk/Desktop/ece385/ECE385/lab7_2/lab7_2_sdk/mb_usb_hdmi_top/microblaze_0/standalone_microblaze_0/bsp/system.mss
TRACE::2024-11-07.03:25:34::SCWMssOS::DEBUG:  swdes dump  C:/Users/realk/Desktop/ece385/ECE385/lab7_2/lab7_2_sdk/mb_usb_hdmi_top/microblaze_0/standalone_microblaze_0/bsp/system.mss|system||

TRACE::2024-11-07.03:25:34::SCWMssOS::Sw design exists and opened at  C:/Users/realk/Desktop/ece385/ECE385/lab7_2/lab7_2_sdk/mb_usb_hdmi_top/microblaze_0/standalone_microblaze_0/bsp/system.mss
TRACE::2024-11-07.03:25:34::SCWWriter::formatted JSON is {
	"platformName":	"mb_usb_hdmi_top",
	"sprVersion":	"2.0",
	"mode":	"gui",
	"dsaType":	"Fixed",
	"platformDesc":	"mb_usb_hdmi_top",
	"platHandOff":	"C:/Users/realk/Desktop/ece385/ECE385/lab7_2/mb_usb_hdmi_top.xsa",
	"platIntHandOff":	"<platformDir>/hw/mb_usb_hdmi_top.xsa",
	"deviceType":	"FPGA",
	"platIsPrebuiltAutogen":	"false",
	"platIsNoBootBsp":	"false",
	"hasFsblMakeHasChanges":	"false",
	"hasPmufwMakeHasChanges":	"false",
	"platPreBuiltFlag":	false,
	"platformSamplesDir":	"",
	"platActiveSys":	"mb_usb_hdmi_top",
	"systems":	[{
			"systemName":	"mb_usb_hdmi_top",
			"systemDesc":	"mb_usb_hdmi_top",
			"sysIsBootAutoGen":	"true",
			"systemDispName":	"mb_usb_hdmi_top",
			"sysActiveDom":	"standalone_microblaze_0",
			"sysDefaultDom":	"standalone_microblaze_0",
			"domains":	[{
					"domainName":	"standalone_microblaze_0",
					"domainDispName":	"standalone_microblaze_0",
					"domainDesc":	"standalone_microblaze_0",
					"processors":	"microblaze_0",
					"os":	"standalone",
					"sdxOs":	"standalone",
					"debugEnable":	"False",
					"domRuntimes":	["cpp"],
					"swRepo":	"",
					"mssOsVer":	"8.0",
					"mssFile":	"",
					"md5Digest":	"5422c1e5be4ae93f4de8c50507402f2a",
					"compatibleApp":	"hello_world",
					"domType":	"mssDomain",
					"arch":	"32-bit",
					"appSettings":	{
						"appCompilerFlags":	"",
						"appLinkerFlags":	""
					},
					"addedLibs":	[],
					"libOptions":	{
						"libsContainingOptions":	[]
					},
					"prebuiltLibs":	{
						"prebuiltIncPath":	[],
						"prebuiltLibPath":	[]
					},
					"isolation":	{
					}
				}]
		}]
}
KEYINFO::2024-11-07.03:25:34::SCWPlatform::updated the xpfm file.
TRACE::2024-11-07.03:25:34::SCWPlatform::Trying to open the hw design at C:/Users/realk/Desktop/ece385/ECE385/lab7_2/lab7_2_sdk/mb_usb_hdmi_top/hw/mb_usb_hdmi_top.xsa
TRACE::2024-11-07.03:25:34::SCWPlatform::DSA given C:/Users/realk/Desktop/ece385/ECE385/lab7_2/lab7_2_sdk/mb_usb_hdmi_top/hw/mb_usb_hdmi_top.xsa
TRACE::2024-11-07.03:25:34::SCWPlatform::DSA absoulate path C:/Users/realk/Desktop/ece385/ECE385/lab7_2/lab7_2_sdk/mb_usb_hdmi_top/hw/mb_usb_hdmi_top.xsa
TRACE::2024-11-07.03:25:34::SCWPlatform::DSA directory C:/Users/realk/Desktop/ece385/ECE385/lab7_2/lab7_2_sdk/mb_usb_hdmi_top/hw
TRACE::2024-11-07.03:25:34::SCWPlatform:: Platform Path C:/Users/realk/Desktop/ece385/ECE385/lab7_2/lab7_2_sdk/mb_usb_hdmi_top/hw/mb_usb_hdmi_top.xsa
TRACE::2024-11-07.03:25:34::SCWPlatform:: Unique name xilinx:::0.0
TRACE::2024-11-07.03:25:34::SCWPlatform::Trying to set the existing hwdb with name mb_usb_hdmi_top_0
TRACE::2024-11-07.03:25:34::SCWPlatform::Opened existing hwdb mb_usb_hdmi_top_0
TRACE::2024-11-07.03:25:34::SCWPlatform::Found the Hw Db part of the input DSA
TRACE::2024-11-07.03:25:34::SCWMssOS::Checking the sw design at  C:/Users/realk/Desktop/ece385/ECE385/lab7_2/lab7_2_sdk/mb_usb_hdmi_top/microblaze_0/standalone_microblaze_0/bsp/system.mss
TRACE::2024-11-07.03:25:34::SCWMssOS::DEBUG:  swdes dump  C:/Users/realk/Desktop/ece385/ECE385/lab7_2/lab7_2_sdk/mb_usb_hdmi_top/microblaze_0/standalone_microblaze_0/bsp/system.mss|system||

TRACE::2024-11-07.03:25:34::SCWMssOS::Sw design exists and opened at  C:/Users/realk/Desktop/ece385/ECE385/lab7_2/lab7_2_sdk/mb_usb_hdmi_top/microblaze_0/standalone_microblaze_0/bsp/system.mss
TRACE::2024-11-07.03:25:34::SCWMssOS::Saving the mss changes C:/Users/realk/Desktop/ece385/ECE385/lab7_2/lab7_2_sdk/mb_usb_hdmi_top/microblaze_0/standalone_microblaze_0/bsp/system.mss
TRACE::2024-11-07.03:25:34::SCWMssOS::Found a swdesign opened with the mssfile.
TRACE::2024-11-07.03:25:34::SCWMssOS::Completed writemss as part of save.
TRACE::2024-11-07.03:25:34::SCWMssOS::Commit changes completed.
TRACE::2024-11-07.03:25:34::SCWPlatform::Trying to open the hw design at C:/Users/realk/Desktop/ece385/ECE385/lab7_2/lab7_2_sdk/mb_usb_hdmi_top/hw/mb_usb_hdmi_top.xsa
TRACE::2024-11-07.03:25:34::SCWPlatform::DSA given C:/Users/realk/Desktop/ece385/ECE385/lab7_2/lab7_2_sdk/mb_usb_hdmi_top/hw/mb_usb_hdmi_top.xsa
TRACE::2024-11-07.03:25:34::SCWPlatform::DSA absoulate path C:/Users/realk/Desktop/ece385/ECE385/lab7_2/lab7_2_sdk/mb_usb_hdmi_top/hw/mb_usb_hdmi_top.xsa
TRACE::2024-11-07.03:25:34::SCWPlatform::DSA directory C:/Users/realk/Desktop/ece385/ECE385/lab7_2/lab7_2_sdk/mb_usb_hdmi_top/hw
TRACE::2024-11-07.03:25:34::SCWPlatform:: Platform Path C:/Users/realk/Desktop/ece385/ECE385/lab7_2/lab7_2_sdk/mb_usb_hdmi_top/hw/mb_usb_hdmi_top.xsa
TRACE::2024-11-07.03:25:34::SCWPlatform:: Unique name xilinx:::0.0
TRACE::2024-11-07.03:25:34::SCWPlatform::Trying to set the existing hwdb with name mb_usb_hdmi_top_0
TRACE::2024-11-07.03:25:34::SCWPlatform::Opened existing hwdb mb_usb_hdmi_top_0
TRACE::2024-11-07.03:25:34::SCWPlatform::Found the Hw Db part of the input DSA
TRACE::2024-11-07.03:25:34::SCWMssOS::Checking the sw design at  C:/Users/realk/Desktop/ece385/ECE385/lab7_2/lab7_2_sdk/mb_usb_hdmi_top/microblaze_0/standalone_microblaze_0/bsp/system.mss
TRACE::2024-11-07.03:25:34::SCWMssOS::DEBUG:  swdes dump  C:/Users/realk/Desktop/ece385/ECE385/lab7_2/lab7_2_sdk/mb_usb_hdmi_top/microblaze_0/standalone_microblaze_0/bsp/system.mss|system||

TRACE::2024-11-07.03:25:34::SCWMssOS::Sw design exists and opened at  C:/Users/realk/Desktop/ece385/ECE385/lab7_2/lab7_2_sdk/mb_usb_hdmi_top/microblaze_0/standalone_microblaze_0/bsp/system.mss
TRACE::2024-11-07.03:25:34::SCWPlatform::Trying to open the hw design at C:/Users/realk/Desktop/ece385/ECE385/lab7_2/lab7_2_sdk/mb_usb_hdmi_top/hw/mb_usb_hdmi_top.xsa
TRACE::2024-11-07.03:25:34::SCWPlatform::DSA given C:/Users/realk/Desktop/ece385/ECE385/lab7_2/lab7_2_sdk/mb_usb_hdmi_top/hw/mb_usb_hdmi_top.xsa
TRACE::2024-11-07.03:25:34::SCWPlatform::DSA absoulate path C:/Users/realk/Desktop/ece385/ECE385/lab7_2/lab7_2_sdk/mb_usb_hdmi_top/hw/mb_usb_hdmi_top.xsa
TRACE::2024-11-07.03:25:34::SCWPlatform::DSA directory C:/Users/realk/Desktop/ece385/ECE385/lab7_2/lab7_2_sdk/mb_usb_hdmi_top/hw
TRACE::2024-11-07.03:25:34::SCWPlatform:: Platform Path C:/Users/realk/Desktop/ece385/ECE385/lab7_2/lab7_2_sdk/mb_usb_hdmi_top/hw/mb_usb_hdmi_top.xsa
TRACE::2024-11-07.03:25:34::SCWPlatform:: Unique name xilinx:::0.0
TRACE::2024-11-07.03:25:34::SCWPlatform::Trying to set the existing hwdb with name mb_usb_hdmi_top_0
TRACE::2024-11-07.03:25:34::SCWPlatform::Opened existing hwdb mb_usb_hdmi_top_0
TRACE::2024-11-07.03:25:34::SCWPlatform::Found the Hw Db part of the input DSA
TRACE::2024-11-07.03:25:34::SCWMssOS::Checking the sw design at  C:/Users/realk/Desktop/ece385/ECE385/lab7_2/lab7_2_sdk/mb_usb_hdmi_top/microblaze_0/standalone_microblaze_0/bsp/system.mss
TRACE::2024-11-07.03:25:34::SCWMssOS::DEBUG:  swdes dump  C:/Users/realk/Desktop/ece385/ECE385/lab7_2/lab7_2_sdk/mb_usb_hdmi_top/microblaze_0/standalone_microblaze_0/bsp/system.mss|system||

TRACE::2024-11-07.03:25:34::SCWMssOS::Sw design exists and opened at  C:/Users/realk/Desktop/ece385/ECE385/lab7_2/lab7_2_sdk/mb_usb_hdmi_top/microblaze_0/standalone_microblaze_0/bsp/system.mss
TRACE::2024-11-07.03:25:34::SCWPlatform::Trying to open the hw design at C:/Users/realk/Desktop/ece385/ECE385/lab7_2/lab7_2_sdk/mb_usb_hdmi_top/hw/mb_usb_hdmi_top.xsa
TRACE::2024-11-07.03:25:34::SCWPlatform::DSA given C:/Users/realk/Desktop/ece385/ECE385/lab7_2/lab7_2_sdk/mb_usb_hdmi_top/hw/mb_usb_hdmi_top.xsa
TRACE::2024-11-07.03:25:34::SCWPlatform::DSA absoulate path C:/Users/realk/Desktop/ece385/ECE385/lab7_2/lab7_2_sdk/mb_usb_hdmi_top/hw/mb_usb_hdmi_top.xsa
TRACE::2024-11-07.03:25:34::SCWPlatform::DSA directory C:/Users/realk/Desktop/ece385/ECE385/lab7_2/lab7_2_sdk/mb_usb_hdmi_top/hw
TRACE::2024-11-07.03:25:34::SCWPlatform:: Platform Path C:/Users/realk/Desktop/ece385/ECE385/lab7_2/lab7_2_sdk/mb_usb_hdmi_top/hw/mb_usb_hdmi_top.xsa
TRACE::2024-11-07.03:25:34::SCWPlatform:: Unique name xilinx:::0.0
TRACE::2024-11-07.03:25:34::SCWPlatform::Trying to set the existing hwdb with name mb_usb_hdmi_top_0
TRACE::2024-11-07.03:25:34::SCWPlatform::Opened existing hwdb mb_usb_hdmi_top_0
TRACE::2024-11-07.03:25:34::SCWPlatform::Found the Hw Db part of the input DSA
TRACE::2024-11-07.03:25:34::SCWMssOS::Checking the sw design at  C:/Users/realk/Desktop/ece385/ECE385/lab7_2/lab7_2_sdk/mb_usb_hdmi_top/microblaze_0/standalone_microblaze_0/bsp/system.mss
TRACE::2024-11-07.03:25:34::SCWMssOS::DEBUG:  swdes dump  C:/Users/realk/Desktop/ece385/ECE385/lab7_2/lab7_2_sdk/mb_usb_hdmi_top/microblaze_0/standalone_microblaze_0/bsp/system.mss|system||

TRACE::2024-11-07.03:25:34::SCWMssOS::Sw design exists and opened at  C:/Users/realk/Desktop/ece385/ECE385/lab7_2/lab7_2_sdk/mb_usb_hdmi_top/microblaze_0/standalone_microblaze_0/bsp/system.mss
TRACE::2024-11-07.03:25:34::SCWWriter::formatted JSON is {
	"platformName":	"mb_usb_hdmi_top",
	"sprVersion":	"2.0",
	"mode":	"gui",
	"dsaType":	"Fixed",
	"platformDesc":	"mb_usb_hdmi_top",
	"platHandOff":	"C:/Users/realk/Desktop/ece385/ECE385/lab7_2/mb_usb_hdmi_top.xsa",
	"platIntHandOff":	"<platformDir>/hw/mb_usb_hdmi_top.xsa",
	"deviceType":	"FPGA",
	"platIsPrebuiltAutogen":	"false",
	"platIsNoBootBsp":	"false",
	"hasFsblMakeHasChanges":	"false",
	"hasPmufwMakeHasChanges":	"false",
	"platPreBuiltFlag":	false,
	"platformSamplesDir":	"",
	"platActiveSys":	"mb_usb_hdmi_top",
	"systems":	[{
			"systemName":	"mb_usb_hdmi_top",
			"systemDesc":	"mb_usb_hdmi_top",
			"sysIsBootAutoGen":	"true",
			"systemDispName":	"mb_usb_hdmi_top",
			"sysActiveDom":	"standalone_microblaze_0",
			"sysDefaultDom":	"standalone_microblaze_0",
			"domains":	[{
					"domainName":	"standalone_microblaze_0",
					"domainDispName":	"standalone_microblaze_0",
					"domainDesc":	"standalone_microblaze_0",
					"processors":	"microblaze_0",
					"os":	"standalone",
					"sdxOs":	"standalone",
					"debugEnable":	"False",
					"domRuntimes":	["cpp"],
					"swRepo":	"",
					"mssOsVer":	"8.0",
					"mssFile":	"",
					"md5Digest":	"5422c1e5be4ae93f4de8c50507402f2a",
					"compatibleApp":	"hello_world",
					"domType":	"mssDomain",
					"arch":	"32-bit",
					"appSettings":	{
						"appCompilerFlags":	"",
						"appLinkerFlags":	""
					},
					"addedLibs":	[],
					"libOptions":	{
						"libsContainingOptions":	[]
					},
					"prebuiltLibs":	{
						"prebuiltIncPath":	[],
						"prebuiltLibPath":	[]
					},
					"isolation":	{
					}
				}]
		}]
}
TRACE::2024-11-07.03:25:34::SCWPlatform::Trying to open the hw design at C:/Users/realk/Desktop/ece385/ECE385/lab7_2/lab7_2_sdk/mb_usb_hdmi_top/hw/mb_usb_hdmi_top.xsa
TRACE::2024-11-07.03:25:34::SCWPlatform::DSA given C:/Users/realk/Desktop/ece385/ECE385/lab7_2/lab7_2_sdk/mb_usb_hdmi_top/hw/mb_usb_hdmi_top.xsa
TRACE::2024-11-07.03:25:34::SCWPlatform::DSA absoulate path C:/Users/realk/Desktop/ece385/ECE385/lab7_2/lab7_2_sdk/mb_usb_hdmi_top/hw/mb_usb_hdmi_top.xsa
TRACE::2024-11-07.03:25:34::SCWPlatform::DSA directory C:/Users/realk/Desktop/ece385/ECE385/lab7_2/lab7_2_sdk/mb_usb_hdmi_top/hw
TRACE::2024-11-07.03:25:34::SCWPlatform:: Platform Path C:/Users/realk/Desktop/ece385/ECE385/lab7_2/lab7_2_sdk/mb_usb_hdmi_top/hw/mb_usb_hdmi_top.xsa
TRACE::2024-11-07.03:25:34::SCWPlatform:: Unique name xilinx:::0.0
TRACE::2024-11-07.03:25:34::SCWPlatform::Trying to set the existing hwdb with name mb_usb_hdmi_top_0
TRACE::2024-11-07.03:25:34::SCWPlatform::Opened existing hwdb mb_usb_hdmi_top_0
TRACE::2024-11-07.03:25:34::SCWPlatform::Found the Hw Db part of the input DSA
TRACE::2024-11-07.03:25:34::SCWMssOS::Checking the sw design at  C:/Users/realk/Desktop/ece385/ECE385/lab7_2/lab7_2_sdk/mb_usb_hdmi_top/microblaze_0/standalone_microblaze_0/bsp/system.mss
TRACE::2024-11-07.03:25:34::SCWMssOS::DEBUG:  swdes dump  C:/Users/realk/Desktop/ece385/ECE385/lab7_2/lab7_2_sdk/mb_usb_hdmi_top/microblaze_0/standalone_microblaze_0/bsp/system.mss|system||

TRACE::2024-11-07.03:25:34::SCWMssOS::Sw design exists and opened at  C:/Users/realk/Desktop/ece385/ECE385/lab7_2/lab7_2_sdk/mb_usb_hdmi_top/microblaze_0/standalone_microblaze_0/bsp/system.mss
TRACE::2024-11-07.03:25:34::SCWPlatform::Trying to open the hw design at C:/Users/realk/Desktop/ece385/ECE385/lab7_2/lab7_2_sdk/mb_usb_hdmi_top/hw/mb_usb_hdmi_top.xsa
TRACE::2024-11-07.03:25:34::SCWPlatform::DSA given C:/Users/realk/Desktop/ece385/ECE385/lab7_2/lab7_2_sdk/mb_usb_hdmi_top/hw/mb_usb_hdmi_top.xsa
TRACE::2024-11-07.03:25:34::SCWPlatform::DSA absoulate path C:/Users/realk/Desktop/ece385/ECE385/lab7_2/lab7_2_sdk/mb_usb_hdmi_top/hw/mb_usb_hdmi_top.xsa
TRACE::2024-11-07.03:25:34::SCWPlatform::DSA directory C:/Users/realk/Desktop/ece385/ECE385/lab7_2/lab7_2_sdk/mb_usb_hdmi_top/hw
TRACE::2024-11-07.03:25:34::SCWPlatform:: Platform Path C:/Users/realk/Desktop/ece385/ECE385/lab7_2/lab7_2_sdk/mb_usb_hdmi_top/hw/mb_usb_hdmi_top.xsa
TRACE::2024-11-07.03:25:34::SCWPlatform:: Unique name xilinx:::0.0
TRACE::2024-11-07.03:25:34::SCWPlatform::Trying to set the existing hwdb with name mb_usb_hdmi_top_0
TRACE::2024-11-07.03:25:34::SCWPlatform::Opened existing hwdb mb_usb_hdmi_top_0
TRACE::2024-11-07.03:25:34::SCWPlatform::Found the Hw Db part of the input DSA
TRACE::2024-11-07.03:25:34::SCWMssOS::Checking the sw design at  C:/Users/realk/Desktop/ece385/ECE385/lab7_2/lab7_2_sdk/mb_usb_hdmi_top/microblaze_0/standalone_microblaze_0/bsp/system.mss
TRACE::2024-11-07.03:25:34::SCWMssOS::DEBUG:  swdes dump  C:/Users/realk/Desktop/ece385/ECE385/lab7_2/lab7_2_sdk/mb_usb_hdmi_top/microblaze_0/standalone_microblaze_0/bsp/system.mss|system||

TRACE::2024-11-07.03:25:34::SCWMssOS::Sw design exists and opened at  C:/Users/realk/Desktop/ece385/ECE385/lab7_2/lab7_2_sdk/mb_usb_hdmi_top/microblaze_0/standalone_microblaze_0/bsp/system.mss
TRACE::2024-11-07.03:25:34::SCWMssOS::Saving the mss changes C:/Users/realk/Desktop/ece385/ECE385/lab7_2/lab7_2_sdk/mb_usb_hdmi_top/microblaze_0/standalone_microblaze_0/bsp/system.mss
TRACE::2024-11-07.03:25:34::SCWMssOS::Found a swdesign opened with the mssfile.
TRACE::2024-11-07.03:25:34::SCWMssOS::Completed writemss as part of save.
TRACE::2024-11-07.03:25:34::SCWMssOS::Commit changes completed.
TRACE::2024-11-07.03:25:34::SCWPlatform::Trying to open the hw design at C:/Users/realk/Desktop/ece385/ECE385/lab7_2/lab7_2_sdk/mb_usb_hdmi_top/hw/mb_usb_hdmi_top.xsa
TRACE::2024-11-07.03:25:34::SCWPlatform::DSA given C:/Users/realk/Desktop/ece385/ECE385/lab7_2/lab7_2_sdk/mb_usb_hdmi_top/hw/mb_usb_hdmi_top.xsa
TRACE::2024-11-07.03:25:34::SCWPlatform::DSA absoulate path C:/Users/realk/Desktop/ece385/ECE385/lab7_2/lab7_2_sdk/mb_usb_hdmi_top/hw/mb_usb_hdmi_top.xsa
TRACE::2024-11-07.03:25:34::SCWPlatform::DSA directory C:/Users/realk/Desktop/ece385/ECE385/lab7_2/lab7_2_sdk/mb_usb_hdmi_top/hw
TRACE::2024-11-07.03:25:34::SCWPlatform:: Platform Path C:/Users/realk/Desktop/ece385/ECE385/lab7_2/lab7_2_sdk/mb_usb_hdmi_top/hw/mb_usb_hdmi_top.xsa
TRACE::2024-11-07.03:25:34::SCWPlatform:: Unique name xilinx:::0.0
TRACE::2024-11-07.03:25:34::SCWPlatform::Trying to set the existing hwdb with name mb_usb_hdmi_top_0
TRACE::2024-11-07.03:25:34::SCWPlatform::Opened existing hwdb mb_usb_hdmi_top_0
TRACE::2024-11-07.03:25:34::SCWPlatform::Found the Hw Db part of the input DSA
TRACE::2024-11-07.03:25:34::SCWMssOS::Checking the sw design at  C:/Users/realk/Desktop/ece385/ECE385/lab7_2/lab7_2_sdk/mb_usb_hdmi_top/microblaze_0/standalone_microblaze_0/bsp/system.mss
TRACE::2024-11-07.03:25:34::SCWMssOS::DEBUG:  swdes dump  C:/Users/realk/Desktop/ece385/ECE385/lab7_2/lab7_2_sdk/mb_usb_hdmi_top/microblaze_0/standalone_microblaze_0/bsp/system.mss|system||

TRACE::2024-11-07.03:25:34::SCWMssOS::Sw design exists and opened at  C:/Users/realk/Desktop/ece385/ECE385/lab7_2/lab7_2_sdk/mb_usb_hdmi_top/microblaze_0/standalone_microblaze_0/bsp/system.mss
TRACE::2024-11-07.03:25:34::SCWPlatform::Trying to open the hw design at C:/Users/realk/Desktop/ece385/ECE385/lab7_2/lab7_2_sdk/mb_usb_hdmi_top/hw/mb_usb_hdmi_top.xsa
TRACE::2024-11-07.03:25:34::SCWPlatform::DSA given C:/Users/realk/Desktop/ece385/ECE385/lab7_2/lab7_2_sdk/mb_usb_hdmi_top/hw/mb_usb_hdmi_top.xsa
TRACE::2024-11-07.03:25:34::SCWPlatform::DSA absoulate path C:/Users/realk/Desktop/ece385/ECE385/lab7_2/lab7_2_sdk/mb_usb_hdmi_top/hw/mb_usb_hdmi_top.xsa
TRACE::2024-11-07.03:25:34::SCWPlatform::DSA directory C:/Users/realk/Desktop/ece385/ECE385/lab7_2/lab7_2_sdk/mb_usb_hdmi_top/hw
TRACE::2024-11-07.03:25:34::SCWPlatform:: Platform Path C:/Users/realk/Desktop/ece385/ECE385/lab7_2/lab7_2_sdk/mb_usb_hdmi_top/hw/mb_usb_hdmi_top.xsa
TRACE::2024-11-07.03:25:34::SCWPlatform:: Unique name xilinx:::0.0
TRACE::2024-11-07.03:25:34::SCWPlatform::Trying to set the existing hwdb with name mb_usb_hdmi_top_0
TRACE::2024-11-07.03:25:34::SCWPlatform::Opened existing hwdb mb_usb_hdmi_top_0
TRACE::2024-11-07.03:25:34::SCWPlatform::Found the Hw Db part of the input DSA
TRACE::2024-11-07.03:25:34::SCWMssOS::Checking the sw design at  C:/Users/realk/Desktop/ece385/ECE385/lab7_2/lab7_2_sdk/mb_usb_hdmi_top/microblaze_0/standalone_microblaze_0/bsp/system.mss
TRACE::2024-11-07.03:25:34::SCWMssOS::DEBUG:  swdes dump  C:/Users/realk/Desktop/ece385/ECE385/lab7_2/lab7_2_sdk/mb_usb_hdmi_top/microblaze_0/standalone_microblaze_0/bsp/system.mss|system||

TRACE::2024-11-07.03:25:34::SCWMssOS::Sw design exists and opened at  C:/Users/realk/Desktop/ece385/ECE385/lab7_2/lab7_2_sdk/mb_usb_hdmi_top/microblaze_0/standalone_microblaze_0/bsp/system.mss
TRACE::2024-11-07.03:25:34::SCWPlatform::Trying to open the hw design at C:/Users/realk/Desktop/ece385/ECE385/lab7_2/lab7_2_sdk/mb_usb_hdmi_top/hw/mb_usb_hdmi_top.xsa
TRACE::2024-11-07.03:25:34::SCWPlatform::DSA given C:/Users/realk/Desktop/ece385/ECE385/lab7_2/lab7_2_sdk/mb_usb_hdmi_top/hw/mb_usb_hdmi_top.xsa
TRACE::2024-11-07.03:25:34::SCWPlatform::DSA absoulate path C:/Users/realk/Desktop/ece385/ECE385/lab7_2/lab7_2_sdk/mb_usb_hdmi_top/hw/mb_usb_hdmi_top.xsa
TRACE::2024-11-07.03:25:34::SCWPlatform::DSA directory C:/Users/realk/Desktop/ece385/ECE385/lab7_2/lab7_2_sdk/mb_usb_hdmi_top/hw
TRACE::2024-11-07.03:25:34::SCWPlatform:: Platform Path C:/Users/realk/Desktop/ece385/ECE385/lab7_2/lab7_2_sdk/mb_usb_hdmi_top/hw/mb_usb_hdmi_top.xsa
TRACE::2024-11-07.03:25:34::SCWPlatform:: Unique name xilinx:::0.0
TRACE::2024-11-07.03:25:34::SCWPlatform::Trying to set the existing hwdb with name mb_usb_hdmi_top_0
TRACE::2024-11-07.03:25:34::SCWPlatform::Opened existing hwdb mb_usb_hdmi_top_0
TRACE::2024-11-07.03:25:34::SCWPlatform::Found the Hw Db part of the input DSA
TRACE::2024-11-07.03:25:34::SCWMssOS::Checking the sw design at  C:/Users/realk/Desktop/ece385/ECE385/lab7_2/lab7_2_sdk/mb_usb_hdmi_top/microblaze_0/standalone_microblaze_0/bsp/system.mss
TRACE::2024-11-07.03:25:34::SCWMssOS::DEBUG:  swdes dump  C:/Users/realk/Desktop/ece385/ECE385/lab7_2/lab7_2_sdk/mb_usb_hdmi_top/microblaze_0/standalone_microblaze_0/bsp/system.mss|system||

TRACE::2024-11-07.03:25:34::SCWMssOS::Sw design exists and opened at  C:/Users/realk/Desktop/ece385/ECE385/lab7_2/lab7_2_sdk/mb_usb_hdmi_top/microblaze_0/standalone_microblaze_0/bsp/system.mss
TRACE::2024-11-07.03:25:34::SCWWriter::formatted JSON is {
	"platformName":	"mb_usb_hdmi_top",
	"sprVersion":	"2.0",
	"mode":	"gui",
	"dsaType":	"Fixed",
	"platformDesc":	"mb_usb_hdmi_top",
	"platHandOff":	"C:/Users/realk/Desktop/ece385/ECE385/lab7_2/mb_usb_hdmi_top.xsa",
	"platIntHandOff":	"<platformDir>/hw/mb_usb_hdmi_top.xsa",
	"deviceType":	"FPGA",
	"platIsPrebuiltAutogen":	"false",
	"platIsNoBootBsp":	"false",
	"hasFsblMakeHasChanges":	"false",
	"hasPmufwMakeHasChanges":	"false",
	"platPreBuiltFlag":	false,
	"platformSamplesDir":	"",
	"platActiveSys":	"mb_usb_hdmi_top",
	"systems":	[{
			"systemName":	"mb_usb_hdmi_top",
			"systemDesc":	"mb_usb_hdmi_top",
			"sysIsBootAutoGen":	"true",
			"systemDispName":	"mb_usb_hdmi_top",
			"sysActiveDom":	"standalone_microblaze_0",
			"sysDefaultDom":	"standalone_microblaze_0",
			"domains":	[{
					"domainName":	"standalone_microblaze_0",
					"domainDispName":	"standalone_microblaze_0",
					"domainDesc":	"standalone_microblaze_0",
					"processors":	"microblaze_0",
					"os":	"standalone",
					"sdxOs":	"standalone",
					"debugEnable":	"False",
					"domRuntimes":	["cpp"],
					"swRepo":	"",
					"mssOsVer":	"8.0",
					"mssFile":	"",
					"md5Digest":	"5422c1e5be4ae93f4de8c50507402f2a",
					"compatibleApp":	"hello_world",
					"domType":	"mssDomain",
					"arch":	"32-bit",
					"appSettings":	{
						"appCompilerFlags":	"",
						"appLinkerFlags":	""
					},
					"addedLibs":	[],
					"libOptions":	{
						"libsContainingOptions":	[]
					},
					"prebuiltLibs":	{
						"prebuiltIncPath":	[],
						"prebuiltLibPath":	[]
					},
					"isolation":	{
					}
				}]
		}]
}
LOG::2024-11-07.03:25:34::SCWPlatform::Started generating the artifacts platform mb_usb_hdmi_top
TRACE::2024-11-07.03:25:34::SCWPlatform::Sanity checking of platform is completed
LOG::2024-11-07.03:25:34::SCWPlatform::Started generating the artifacts for system configuration mb_usb_hdmi_top
LOG::2024-11-07.03:25:34::SCWSystem::Started Processing the domain standalone_microblaze_0
TRACE::2024-11-07.03:25:34::SCWDomain::Generating domain artifcats
TRACE::2024-11-07.03:25:34::SCWMssOS::Generating standalone artifcats
TRACE::2024-11-07.03:25:34::SCWMssOS:: Copying the user libraries. 
TRACE::2024-11-07.03:25:34::SCWPlatform::Trying to open the hw design at C:/Users/realk/Desktop/ece385/ECE385/lab7_2/lab7_2_sdk/mb_usb_hdmi_top/hw/mb_usb_hdmi_top.xsa
TRACE::2024-11-07.03:25:34::SCWPlatform::DSA given C:/Users/realk/Desktop/ece385/ECE385/lab7_2/lab7_2_sdk/mb_usb_hdmi_top/hw/mb_usb_hdmi_top.xsa
TRACE::2024-11-07.03:25:34::SCWPlatform::DSA absoulate path C:/Users/realk/Desktop/ece385/ECE385/lab7_2/lab7_2_sdk/mb_usb_hdmi_top/hw/mb_usb_hdmi_top.xsa
TRACE::2024-11-07.03:25:34::SCWPlatform::DSA directory C:/Users/realk/Desktop/ece385/ECE385/lab7_2/lab7_2_sdk/mb_usb_hdmi_top/hw
TRACE::2024-11-07.03:25:34::SCWPlatform:: Platform Path C:/Users/realk/Desktop/ece385/ECE385/lab7_2/lab7_2_sdk/mb_usb_hdmi_top/hw/mb_usb_hdmi_top.xsa
TRACE::2024-11-07.03:25:34::SCWPlatform:: Unique name xilinx:::0.0
TRACE::2024-11-07.03:25:34::SCWPlatform::Trying to set the existing hwdb with name mb_usb_hdmi_top_0
TRACE::2024-11-07.03:25:34::SCWPlatform::Opened existing hwdb mb_usb_hdmi_top_0
TRACE::2024-11-07.03:25:34::SCWPlatform::Found the Hw Db part of the input DSA
TRACE::2024-11-07.03:25:34::SCWMssOS::Checking the sw design at  C:/Users/realk/Desktop/ece385/ECE385/lab7_2/lab7_2_sdk/mb_usb_hdmi_top/microblaze_0/standalone_microblaze_0/bsp/system.mss
TRACE::2024-11-07.03:25:34::SCWMssOS::DEBUG:  swdes dump  C:/Users/realk/Desktop/ece385/ECE385/lab7_2/lab7_2_sdk/mb_usb_hdmi_top/microblaze_0/standalone_microblaze_0/bsp/system.mss|system||

TRACE::2024-11-07.03:25:34::SCWMssOS::Sw design exists and opened at  C:/Users/realk/Desktop/ece385/ECE385/lab7_2/lab7_2_sdk/mb_usb_hdmi_top/microblaze_0/standalone_microblaze_0/bsp/system.mss
TRACE::2024-11-07.03:25:34::SCWMssOS::Completed writing the mss file at C:/Users/realk/Desktop/ece385/ECE385/lab7_2/lab7_2_sdk/mb_usb_hdmi_top/microblaze_0/standalone_microblaze_0/bsp
TRACE::2024-11-07.03:25:34::SCWMssOS::Mss edits present, copying mssfile into export location C:/Users/realk/Desktop/ece385/ECE385/lab7_2/lab7_2_sdk/mb_usb_hdmi_top/microblaze_0/standalone_microblaze_0/bsp/system.mss
TRACE::2024-11-07.03:25:34::SCWMssOS::bsp generated is upto date with the mss file. Skipping bsp generation.
TRACE::2024-11-07.03:25:34::SCWMssOS::BSP is already built. skipping the bsp build ... 
TRACE::2024-11-07.03:25:34::SCWDomain::Building the domain as part of full build :  standalone_microblaze_0
TRACE::2024-11-07.03:25:34::SCWMssOS::skipping the bsp build ... 
TRACE::2024-11-07.03:25:34::SCWMssOS::Copying to export directory.
TRACE::2024-11-07.03:25:34::SCWMssOS:: Checking if to create the Supporting Applications
TRACE::2024-11-07.03:25:34::SCWMssOS:: No Linux domain exists, trying to generate FSBL 
LOG::2024-11-07.03:25:34::SCWSystem::Completed Processing the domain standalone_microblaze_0
LOG::2024-11-07.03:25:34::SCWSystem::Completed Processing the sysconfig mb_usb_hdmi_top
LOG::2024-11-07.03:25:34::SCWPlatform::Completed generating the artifacts for system configuration mb_usb_hdmi_top
TRACE::2024-11-07.03:25:34::SCWPlatform::Started preparing the platform 
TRACE::2024-11-07.03:25:34::SCWSystem::Writing the bif file for system config mb_usb_hdmi_top
TRACE::2024-11-07.03:25:34::SCWSystem::dir created 
TRACE::2024-11-07.03:25:34::SCWSystem::Writing the bif 
TRACE::2024-11-07.03:25:34::SCWPlatform::Started writing the spfm file 
TRACE::2024-11-07.03:25:34::SCWPlatform::Started writing the xpfm file 
TRACE::2024-11-07.03:25:34::SCWPlatform::Completed generating the platform
TRACE::2024-11-07.03:25:34::SCWMssOS::Saving the mss changes C:/Users/realk/Desktop/ece385/ECE385/lab7_2/lab7_2_sdk/mb_usb_hdmi_top/microblaze_0/standalone_microblaze_0/bsp/system.mss
TRACE::2024-11-07.03:25:34::SCWMssOS::Found a swdesign opened with the mssfile.
TRACE::2024-11-07.03:25:34::SCWMssOS::Completed writemss as part of save.
TRACE::2024-11-07.03:25:34::SCWMssOS::Commit changes completed.
TRACE::2024-11-07.03:25:34::SCWPlatform::Trying to open the hw design at C:/Users/realk/Desktop/ece385/ECE385/lab7_2/lab7_2_sdk/mb_usb_hdmi_top/hw/mb_usb_hdmi_top.xsa
TRACE::2024-11-07.03:25:34::SCWPlatform::DSA given C:/Users/realk/Desktop/ece385/ECE385/lab7_2/lab7_2_sdk/mb_usb_hdmi_top/hw/mb_usb_hdmi_top.xsa
TRACE::2024-11-07.03:25:34::SCWPlatform::DSA absoulate path C:/Users/realk/Desktop/ece385/ECE385/lab7_2/lab7_2_sdk/mb_usb_hdmi_top/hw/mb_usb_hdmi_top.xsa
TRACE::2024-11-07.03:25:34::SCWPlatform::DSA directory C:/Users/realk/Desktop/ece385/ECE385/lab7_2/lab7_2_sdk/mb_usb_hdmi_top/hw
TRACE::2024-11-07.03:25:34::SCWPlatform:: Platform Path C:/Users/realk/Desktop/ece385/ECE385/lab7_2/lab7_2_sdk/mb_usb_hdmi_top/hw/mb_usb_hdmi_top.xsa
TRACE::2024-11-07.03:25:34::SCWPlatform:: Unique name xilinx:::0.0
TRACE::2024-11-07.03:25:34::SCWPlatform::Trying to set the existing hwdb with name mb_usb_hdmi_top_0
TRACE::2024-11-07.03:25:34::SCWPlatform::Opened existing hwdb mb_usb_hdmi_top_0
TRACE::2024-11-07.03:25:34::SCWPlatform::Found the Hw Db part of the input DSA
TRACE::2024-11-07.03:25:34::SCWMssOS::Checking the sw design at  C:/Users/realk/Desktop/ece385/ECE385/lab7_2/lab7_2_sdk/mb_usb_hdmi_top/microblaze_0/standalone_microblaze_0/bsp/system.mss
TRACE::2024-11-07.03:25:34::SCWMssOS::DEBUG:  swdes dump  C:/Users/realk/Desktop/ece385/ECE385/lab7_2/lab7_2_sdk/mb_usb_hdmi_top/microblaze_0/standalone_microblaze_0/bsp/system.mss|system||

TRACE::2024-11-07.03:25:34::SCWMssOS::Sw design exists and opened at  C:/Users/realk/Desktop/ece385/ECE385/lab7_2/lab7_2_sdk/mb_usb_hdmi_top/microblaze_0/standalone_microblaze_0/bsp/system.mss
TRACE::2024-11-07.03:25:34::SCWPlatform::Trying to open the hw design at C:/Users/realk/Desktop/ece385/ECE385/lab7_2/lab7_2_sdk/mb_usb_hdmi_top/hw/mb_usb_hdmi_top.xsa
TRACE::2024-11-07.03:25:34::SCWPlatform::DSA given C:/Users/realk/Desktop/ece385/ECE385/lab7_2/lab7_2_sdk/mb_usb_hdmi_top/hw/mb_usb_hdmi_top.xsa
TRACE::2024-11-07.03:25:34::SCWPlatform::DSA absoulate path C:/Users/realk/Desktop/ece385/ECE385/lab7_2/lab7_2_sdk/mb_usb_hdmi_top/hw/mb_usb_hdmi_top.xsa
TRACE::2024-11-07.03:25:34::SCWPlatform::DSA directory C:/Users/realk/Desktop/ece385/ECE385/lab7_2/lab7_2_sdk/mb_usb_hdmi_top/hw
TRACE::2024-11-07.03:25:34::SCWPlatform:: Platform Path C:/Users/realk/Desktop/ece385/ECE385/lab7_2/lab7_2_sdk/mb_usb_hdmi_top/hw/mb_usb_hdmi_top.xsa
TRACE::2024-11-07.03:25:34::SCWPlatform:: Unique name xilinx:::0.0
TRACE::2024-11-07.03:25:34::SCWPlatform::Trying to set the existing hwdb with name mb_usb_hdmi_top_0
TRACE::2024-11-07.03:25:34::SCWPlatform::Opened existing hwdb mb_usb_hdmi_top_0
TRACE::2024-11-07.03:25:34::SCWPlatform::Found the Hw Db part of the input DSA
TRACE::2024-11-07.03:25:34::SCWMssOS::Checking the sw design at  C:/Users/realk/Desktop/ece385/ECE385/lab7_2/lab7_2_sdk/mb_usb_hdmi_top/microblaze_0/standalone_microblaze_0/bsp/system.mss
TRACE::2024-11-07.03:25:34::SCWMssOS::DEBUG:  swdes dump  C:/Users/realk/Desktop/ece385/ECE385/lab7_2/lab7_2_sdk/mb_usb_hdmi_top/microblaze_0/standalone_microblaze_0/bsp/system.mss|system||

TRACE::2024-11-07.03:25:34::SCWMssOS::Sw design exists and opened at  C:/Users/realk/Desktop/ece385/ECE385/lab7_2/lab7_2_sdk/mb_usb_hdmi_top/microblaze_0/standalone_microblaze_0/bsp/system.mss
TRACE::2024-11-07.03:25:34::SCWPlatform::Trying to open the hw design at C:/Users/realk/Desktop/ece385/ECE385/lab7_2/lab7_2_sdk/mb_usb_hdmi_top/hw/mb_usb_hdmi_top.xsa
TRACE::2024-11-07.03:25:34::SCWPlatform::DSA given C:/Users/realk/Desktop/ece385/ECE385/lab7_2/lab7_2_sdk/mb_usb_hdmi_top/hw/mb_usb_hdmi_top.xsa
TRACE::2024-11-07.03:25:34::SCWPlatform::DSA absoulate path C:/Users/realk/Desktop/ece385/ECE385/lab7_2/lab7_2_sdk/mb_usb_hdmi_top/hw/mb_usb_hdmi_top.xsa
TRACE::2024-11-07.03:25:34::SCWPlatform::DSA directory C:/Users/realk/Desktop/ece385/ECE385/lab7_2/lab7_2_sdk/mb_usb_hdmi_top/hw
TRACE::2024-11-07.03:25:34::SCWPlatform:: Platform Path C:/Users/realk/Desktop/ece385/ECE385/lab7_2/lab7_2_sdk/mb_usb_hdmi_top/hw/mb_usb_hdmi_top.xsa
TRACE::2024-11-07.03:25:34::SCWPlatform:: Unique name xilinx:::0.0
TRACE::2024-11-07.03:25:34::SCWPlatform::Trying to set the existing hwdb with name mb_usb_hdmi_top_0
TRACE::2024-11-07.03:25:34::SCWPlatform::Opened existing hwdb mb_usb_hdmi_top_0
TRACE::2024-11-07.03:25:34::SCWPlatform::Found the Hw Db part of the input DSA
TRACE::2024-11-07.03:25:34::SCWMssOS::Checking the sw design at  C:/Users/realk/Desktop/ece385/ECE385/lab7_2/lab7_2_sdk/mb_usb_hdmi_top/microblaze_0/standalone_microblaze_0/bsp/system.mss
TRACE::2024-11-07.03:25:34::SCWMssOS::DEBUG:  swdes dump  C:/Users/realk/Desktop/ece385/ECE385/lab7_2/lab7_2_sdk/mb_usb_hdmi_top/microblaze_0/standalone_microblaze_0/bsp/system.mss|system||

TRACE::2024-11-07.03:25:34::SCWMssOS::Sw design exists and opened at  C:/Users/realk/Desktop/ece385/ECE385/lab7_2/lab7_2_sdk/mb_usb_hdmi_top/microblaze_0/standalone_microblaze_0/bsp/system.mss
TRACE::2024-11-07.03:25:34::SCWWriter::formatted JSON is {
	"platformName":	"mb_usb_hdmi_top",
	"sprVersion":	"2.0",
	"mode":	"gui",
	"dsaType":	"Fixed",
	"platformDesc":	"mb_usb_hdmi_top",
	"platHandOff":	"C:/Users/realk/Desktop/ece385/ECE385/lab7_2/mb_usb_hdmi_top.xsa",
	"platIntHandOff":	"<platformDir>/hw/mb_usb_hdmi_top.xsa",
	"deviceType":	"FPGA",
	"platIsPrebuiltAutogen":	"false",
	"platIsNoBootBsp":	"false",
	"hasFsblMakeHasChanges":	"false",
	"hasPmufwMakeHasChanges":	"false",
	"platPreBuiltFlag":	false,
	"platformSamplesDir":	"",
	"platActiveSys":	"mb_usb_hdmi_top",
	"systems":	[{
			"systemName":	"mb_usb_hdmi_top",
			"systemDesc":	"mb_usb_hdmi_top",
			"sysIsBootAutoGen":	"true",
			"systemDispName":	"mb_usb_hdmi_top",
			"sysActiveDom":	"standalone_microblaze_0",
			"sysDefaultDom":	"standalone_microblaze_0",
			"domains":	[{
					"domainName":	"standalone_microblaze_0",
					"domainDispName":	"standalone_microblaze_0",
					"domainDesc":	"standalone_microblaze_0",
					"processors":	"microblaze_0",
					"os":	"standalone",
					"sdxOs":	"standalone",
					"debugEnable":	"False",
					"domRuntimes":	["cpp"],
					"swRepo":	"",
					"mssOsVer":	"8.0",
					"mssFile":	"",
					"md5Digest":	"5422c1e5be4ae93f4de8c50507402f2a",
					"compatibleApp":	"hello_world",
					"domType":	"mssDomain",
					"arch":	"32-bit",
					"appSettings":	{
						"appCompilerFlags":	"",
						"appLinkerFlags":	""
					},
					"addedLibs":	[],
					"libOptions":	{
						"libsContainingOptions":	[]
					},
					"prebuiltLibs":	{
						"prebuiltIncPath":	[],
						"prebuiltLibPath":	[]
					},
					"isolation":	{
					}
				}]
		}]
}
KEYINFO::2024-11-07.03:25:34::SCWPlatform::updated the xpfm file.
LOG::2024-11-07.03:30:25::SCWPlatform::Started generating the artifacts platform mb_usb_hdmi_top
TRACE::2024-11-07.03:30:25::SCWPlatform::Sanity checking of platform is completed
LOG::2024-11-07.03:30:25::SCWPlatform::Started generating the artifacts for system configuration mb_usb_hdmi_top
LOG::2024-11-07.03:30:25::SCWSystem::Checking the domain standalone_microblaze_0
LOG::2024-11-07.03:30:25::SCWSystem::Not a boot domain 
LOG::2024-11-07.03:30:25::SCWSystem::Started Processing the domain standalone_microblaze_0
TRACE::2024-11-07.03:30:25::SCWDomain::Generating domain artifcats
TRACE::2024-11-07.03:30:25::SCWMssOS::Generating standalone artifcats
TRACE::2024-11-07.03:30:25::SCWMssOS:: Copying the user libraries. 
TRACE::2024-11-07.03:30:25::SCWPlatform::Trying to open the hw design at C:/Users/realk/Desktop/ece385/ECE385/lab7_2/lab7_2_sdk/mb_usb_hdmi_top/hw/mb_usb_hdmi_top.xsa
TRACE::2024-11-07.03:30:25::SCWPlatform::DSA given C:/Users/realk/Desktop/ece385/ECE385/lab7_2/lab7_2_sdk/mb_usb_hdmi_top/hw/mb_usb_hdmi_top.xsa
TRACE::2024-11-07.03:30:25::SCWPlatform::DSA absoulate path C:/Users/realk/Desktop/ece385/ECE385/lab7_2/lab7_2_sdk/mb_usb_hdmi_top/hw/mb_usb_hdmi_top.xsa
TRACE::2024-11-07.03:30:25::SCWPlatform::DSA directory C:/Users/realk/Desktop/ece385/ECE385/lab7_2/lab7_2_sdk/mb_usb_hdmi_top/hw
TRACE::2024-11-07.03:30:25::SCWPlatform:: Platform Path C:/Users/realk/Desktop/ece385/ECE385/lab7_2/lab7_2_sdk/mb_usb_hdmi_top/hw/mb_usb_hdmi_top.xsa
TRACE::2024-11-07.03:30:25::SCWPlatform:: Unique name xilinx:::0.0
TRACE::2024-11-07.03:30:25::SCWPlatform::Trying to set the existing hwdb with name mb_usb_hdmi_top_0
TRACE::2024-11-07.03:30:25::SCWPlatform::Opened existing hwdb mb_usb_hdmi_top_0
TRACE::2024-11-07.03:30:25::SCWPlatform::Found the Hw Db part of the input DSA
TRACE::2024-11-07.03:30:25::SCWMssOS::Checking the sw design at  C:/Users/realk/Desktop/ece385/ECE385/lab7_2/lab7_2_sdk/mb_usb_hdmi_top/microblaze_0/standalone_microblaze_0/bsp/system.mss
TRACE::2024-11-07.03:30:25::SCWMssOS::DEBUG:  swdes dump  C:/Users/realk/Desktop/ece385/ECE385/lab7_2/lab7_2_sdk/mb_usb_hdmi_top/microblaze_0/standalone_microblaze_0/bsp/system.mss|system||

TRACE::2024-11-07.03:30:25::SCWMssOS::Sw design exists and opened at  C:/Users/realk/Desktop/ece385/ECE385/lab7_2/lab7_2_sdk/mb_usb_hdmi_top/microblaze_0/standalone_microblaze_0/bsp/system.mss
TRACE::2024-11-07.03:30:25::SCWMssOS::Completed writing the mss file at C:/Users/realk/Desktop/ece385/ECE385/lab7_2/lab7_2_sdk/mb_usb_hdmi_top/microblaze_0/standalone_microblaze_0/bsp
TRACE::2024-11-07.03:30:25::SCWMssOS::Mss edits present, copying mssfile into export location C:/Users/realk/Desktop/ece385/ECE385/lab7_2/lab7_2_sdk/mb_usb_hdmi_top/microblaze_0/standalone_microblaze_0/bsp/system.mss
TRACE::2024-11-07.03:30:26::SCWMssOS::bsp generated is upto date with the mss file. Skipping bsp generation.
TRACE::2024-11-07.03:30:26::SCWMssOS::BSP is already built. skipping the bsp build ... 
TRACE::2024-11-07.03:30:26::SCWDomain::Building the domain as part of full build :  standalone_microblaze_0
TRACE::2024-11-07.03:30:26::SCWMssOS::doing bsp build ... 
TRACE::2024-11-07.03:30:26::SCWMssOS::System Command Ran  C: & cd  C:/Users/realk/Desktop/ece385/ECE385/lab7_2/lab7_2_sdk/mb_usb_hdmi_top/microblaze_0/standalone_microblaze_0/bsp & make 
TRACE::2024-11-07.03:30:26::SCWMssOS::make --no-print-directory seq_libs

TRACE::2024-11-07.03:30:26::SCWMssOS::'Finished building libraries sequentially.'

TRACE::2024-11-07.03:30:26::SCWMssOS::make -j 14 --no-print-directory par_libs

TRACE::2024-11-07.03:30:26::SCWMssOS::"Running Make include in microblaze_0/libsrc/bram_v4_8/src"

TRACE::2024-11-07.03:30:26::SCWMssOS::make -C microblaze_0/libsrc/bram_v4_8/src -s include  "SHELL=CMD" "COMPILER=mb-gcc" "ASSEMBLER=mb-as" "ARCHIVER=mb-ar" "COMPILE
TRACE::2024-11-07.03:30:26::SCWMssOS::R_FLAGS=  -O2 -c -mcpu=v11.0 -mlittle-endian -mno-xl-reorder -mno-xl-soft-mul -mxl-barrel-shift -mxl-pattern-compare" "EXTRA_CO
TRACE::2024-11-07.03:30:26::SCWMssOS::MPILER_FLAGS=-g -ffunction-sections -fdata-sections -Wall -Wextra -fno-tree-loop-distribute-patterns"

TRACE::2024-11-07.03:30:26::SCWMssOS::"Running Make include in microblaze_0/libsrc/cpu_v2_16/src"

TRACE::2024-11-07.03:30:26::SCWMssOS::make -C microblaze_0/libsrc/cpu_v2_16/src -s include  "SHELL=CMD" "COMPILER=mb-gcc" "ASSEMBLER=mb-as" "ARCHIVER=mb-ar" "COMPILE
TRACE::2024-11-07.03:30:26::SCWMssOS::R_FLAGS=  -O2 -c -mcpu=v11.0 -mlittle-endian -mno-xl-reorder -mno-xl-soft-mul -mxl-barrel-shift -mxl-pattern-compare" "EXTRA_CO
TRACE::2024-11-07.03:30:26::SCWMssOS::MPILER_FLAGS=-g -ffunction-sections -fdata-sections -Wall -Wextra -fno-tree-loop-distribute-patterns"

TRACE::2024-11-07.03:30:26::SCWMssOS::"Running Make include in microblaze_0/libsrc/intc_v3_15/src"

TRACE::2024-11-07.03:30:26::SCWMssOS::make -C microblaze_0/libsrc/intc_v3_15/src -s include  "SHELL=CMD" "COMPILER=mb-gcc" "ASSEMBLER=mb-as" "ARCHIVER=mb-ar" "COMPIL
TRACE::2024-11-07.03:30:26::SCWMssOS::ER_FLAGS=  -O2 -c -mcpu=v11.0 -mlittle-endian -mno-xl-reorder -mno-xl-soft-mul -mxl-barrel-shift -mxl-pattern-compare" "EXTRA_C
TRACE::2024-11-07.03:30:26::SCWMssOS::OMPILER_FLAGS=-g -ffunction-sections -fdata-sections -Wall -Wextra -fno-tree-loop-distribute-patterns"

TRACE::2024-11-07.03:30:26::SCWMssOS::"Running Make include in microblaze_0/libsrc/standalone_v8_0/src"

TRACE::2024-11-07.03:30:26::SCWMssOS::make -C microblaze_0/libsrc/standalone_v8_0/src -s include  "SHELL=CMD" "COMPILER=mb-gcc" "ASSEMBLER=mb-as" "ARCHIVER=mb-ar" "C
TRACE::2024-11-07.03:30:26::SCWMssOS::OMPILER_FLAGS=  -O2 -c -mcpu=v11.0 -mlittle-endian -mno-xl-reorder -mno-xl-soft-mul -mxl-barrel-shift -mxl-pattern-compare" "EX
TRACE::2024-11-07.03:30:26::SCWMssOS::TRA_COMPILER_FLAGS=-g -ffunction-sections -fdata-sections -Wall -Wextra -fno-tree-loop-distribute-patterns"

TRACE::2024-11-07.03:30:26::SCWMssOS::"Running Make include in microblaze_0/libsrc/uartlite_v3_7/src"

TRACE::2024-11-07.03:30:26::SCWMssOS::make -C microblaze_0/libsrc/uartlite_v3_7/src -s include  "SHELL=CMD" "COMPILER=mb-gcc" "ASSEMBLER=mb-as" "ARCHIVER=mb-ar" "COM
TRACE::2024-11-07.03:30:26::SCWMssOS::PILER_FLAGS=  -O2 -c -mcpu=v11.0 -mlittle-endian -mno-xl-reorder -mno-xl-soft-mul -mxl-barrel-shift -mxl-pattern-compare" "EXTR
TRACE::2024-11-07.03:30:26::SCWMssOS::A_COMPILER_FLAGS=-g -ffunction-sections -fdata-sections -Wall -Wextra -fno-tree-loop-distribute-patterns"

TRACE::2024-11-07.03:30:26::SCWMssOS::"Running Make libs in microblaze_0/libsrc/bram_v4_8/src"

TRACE::2024-11-07.03:30:26::SCWMssOS::make -C microblaze_0/libsrc/bram_v4_8/src -s libs  "SHELL=CMD" "COMPILER=mb-gcc" "ASSEMBLER=mb-as" "ARCHIVER=mb-ar" "COMPILER_F
TRACE::2024-11-07.03:30:26::SCWMssOS::LAGS=  -O2 -c -mcpu=v11.0 -mlittle-endian -mno-xl-reorder -mno-xl-soft-mul -mxl-barrel-shift -mxl-pattern-compare" "EXTRA_COMPI
TRACE::2024-11-07.03:30:26::SCWMssOS::LER_FLAGS=-g -ffunction-sections -fdata-sections -Wall -Wextra -fno-tree-loop-distribute-patterns"

TRACE::2024-11-07.03:30:26::SCWMssOS::"Running Make libs in microblaze_0/libsrc/cpu_v2_16/src"

TRACE::2024-11-07.03:30:26::SCWMssOS::make -C microblaze_0/libsrc/cpu_v2_16/src -s libs  "SHELL=CMD" "COMPILER=mb-gcc" "ASSEMBLER=mb-as" "ARCHIVER=mb-ar" "COMPILER_F
TRACE::2024-11-07.03:30:26::SCWMssOS::LAGS=  -O2 -c -mcpu=v11.0 -mlittle-endian -mno-xl-reorder -mno-xl-soft-mul -mxl-barrel-shift -mxl-pattern-compare" "EXTRA_COMPI
TRACE::2024-11-07.03:30:26::SCWMssOS::LER_FLAGS=-g -ffunction-sections -fdata-sections -Wall -Wextra -fno-tree-loop-distribute-patterns"

TRACE::2024-11-07.03:30:26::SCWMssOS::"Running Make libs in microblaze_0/libsrc/intc_v3_15/src"

TRACE::2024-11-07.03:30:26::SCWMssOS::make -C microblaze_0/libsrc/intc_v3_15/src -s libs  "SHELL=CMD" "COMPILER=mb-gcc" "ASSEMBLER=mb-as" "ARCHIVER=mb-ar" "COMPILER_
TRACE::2024-11-07.03:30:26::SCWMssOS::FLAGS=  -O2 -c -mcpu=v11.0 -mlittle-endian -mno-xl-reorder -mno-xl-soft-mul -mxl-barrel-shift -mxl-pattern-compare" "EXTRA_COMP
TRACE::2024-11-07.03:30:26::SCWMssOS::ILER_FLAGS=-g -ffunction-sections -fdata-sections -Wall -Wextra -fno-tree-loop-distribute-patterns"

TRACE::2024-11-07.03:30:26::SCWMssOS::"Running Make libs in microblaze_0/libsrc/standalone_v8_0/src"

TRACE::2024-11-07.03:30:26::SCWMssOS::make -C microblaze_0/libsrc/standalone_v8_0/src -s libs  "SHELL=CMD" "COMPILER=mb-gcc" "ASSEMBLER=mb-as" "ARCHIVER=mb-ar" "COMP
TRACE::2024-11-07.03:30:26::SCWMssOS::ILER_FLAGS=  -O2 -c -mcpu=v11.0 -mlittle-endian -mno-xl-reorder -mno-xl-soft-mul -mxl-barrel-shift -mxl-pattern-compare" "EXTRA
TRACE::2024-11-07.03:30:26::SCWMssOS::_COMPILER_FLAGS=-g -ffunction-sections -fdata-sections -Wall -Wextra -fno-tree-loop-distribute-patterns"

TRACE::2024-11-07.03:30:26::SCWMssOS::"Running Make libs in microblaze_0/libsrc/uartlite_v3_7/src"

TRACE::2024-11-07.03:30:26::SCWMssOS::make -C microblaze_0/libsrc/uartlite_v3_7/src -s libs  "SHELL=CMD" "COMPILER=mb-gcc" "ASSEMBLER=mb-as" "ARCHIVER=mb-ar" "COMPIL
TRACE::2024-11-07.03:30:26::SCWMssOS::ER_FLAGS=  -O2 -c -mcpu=v11.0 -mlittle-endian -mno-xl-reorder -mno-xl-soft-mul -mxl-barrel-shift -mxl-pattern-compare" "EXTRA_C
TRACE::2024-11-07.03:30:26::SCWMssOS::OMPILER_FLAGS=-g -ffunction-sections -fdata-sections -Wall -Wextra -fno-tree-loop-distribute-patterns"

TRACE::2024-11-07.03:30:28::SCWMssOS::"DEBUG NON_LTO_OBJECTS is ../../../lib/microblaze_interrupt_handler.o"

TRACE::2024-11-07.03:30:28::SCWMssOS::'Finished building libraries parallelly.'

TRACE::2024-11-07.03:30:28::SCWMssOS::make --no-print-directory archive

TRACE::2024-11-07.03:30:28::SCWMssOS::mb-ar -r  microblaze_0/lib/libxil.a microblaze_0/lib/_exit.o microblaze_0/lib/errno.o microblaze_0/lib/fcntl.o microblaze_0/lib
TRACE::2024-11-07.03:30:28::SCWMssOS::/hw_exception_handler.o microblaze_0/lib/inbyte.o microblaze_0/lib/microblaze_disable_dcache.o microblaze_0/lib/microblaze_disa
TRACE::2024-11-07.03:30:28::SCWMssOS::ble_exceptions.o microblaze_0/lib/microblaze_disable_icache.o microblaze_0/lib/microblaze_disable_interrupts.o microblaze_0/lib
TRACE::2024-11-07.03:30:28::SCWMssOS::/microblaze_enable_dcache.o microblaze_0/lib/microblaze_enable_exceptions.o microblaze_0/lib/microblaze_enable_icache.o microbl
TRACE::2024-11-07.03:30:28::SCWMssOS::aze_0/lib/microblaze_enable_interrupts.o microblaze_0/lib/microblaze_exception_handler.o microblaze_0/lib/microblaze_flush_cach
TRACE::2024-11-07.03:30:28::SCWMssOS::e_ext.o microblaze_0/lib/microblaze_flush_cache_ext_range.o microblaze_0/lib/microblaze_flush_dcache.o microblaze_0/lib/microbl
TRACE::2024-11-07.03:30:28::SCWMssOS::aze_flush_dcache_range.o microblaze_0/lib/microblaze_init_dcache_range.o microblaze_0/lib/microblaze_init_icache_range.o microb
TRACE::2024-11-07.03:30:28::SCWMssOS::laze_0/lib/microblaze_interrupt_handler.o microblaze_0/lib/microblaze_interrupts_g.o microblaze_0/lib/microblaze_invalidate_cac
TRACE::2024-11-07.03:30:28::SCWMssOS::he_ext.o microblaze_0/lib/microblaze_invalidate_cache_ext_range.o microblaze_0/lib/microblaze_invalidate_dcache.o microblaze_0/
TRACE::2024-11-07.03:30:28::SCWMssOS::lib/microblaze_invalidate_dcache_range.o microblaze_0/lib/microblaze_invalidate_icache.o microblaze_0/lib/microblaze_invalidate
TRACE::2024-11-07.03:30:28::SCWMssOS::_icache_range.o microblaze_0/lib/microblaze_scrub.o microblaze_0/lib/microblaze_selftest.o microblaze_0/lib/microblaze_sleep.o 
TRACE::2024-11-07.03:30:28::SCWMssOS::microblaze_0/lib/microblaze_update_dcache.o microblaze_0/lib/microblaze_update_icache.o microblaze_0/lib/outbyte.o microblaze_0
TRACE::2024-11-07.03:30:28::SCWMssOS::/lib/print.o microblaze_0/lib/pvr.o microblaze_0/lib/xbram.o microblaze_0/lib/xbram_g.o microblaze_0/lib/xbram_intr.o microblaz
TRACE::2024-11-07.03:30:28::SCWMssOS::e_0/lib/xbram_selftest.o microblaze_0/lib/xbram_sinit.o microblaze_0/lib/xil_assert.o microblaze_0/lib/xil_cache.o microblaze_0
TRACE::2024-11-07.03:30:28::SCWMssOS::/lib/xil_clocking.o microblaze_0/lib/xil_exception.o microblaze_0/lib/xil_mem.o microblaze_0/lib/xil_misc_psreset_api.o microbl
TRACE::2024-11-07.03:30:28::SCWMssOS::aze_0/lib/xil_printf.o microblaze_0/lib/xil_sleepcommon.o microblaze_0/lib/xil_testcache.o microblaze_0/lib/xil_testio.o microb
TRACE::2024-11-07.03:30:28::SCWMssOS::laze_0/lib/xil_testmem.o microblaze_0/lib/xil_util.o microblaze_0/lib/xintc.o microblaze_0/lib/xintc_g.o microblaze_0/lib/xintc
TRACE::2024-11-07.03:30:28::SCWMssOS::_intr.o microblaze_0/lib/xintc_l.o microblaze_0/lib/xintc_options.o microblaze_0/lib/xintc_selftest.o microblaze_0/lib/xinterru
TRACE::2024-11-07.03:30:28::SCWMssOS::pt_wrap.o microblaze_0/lib/xio.o microblaze_0/lib/xplatform_info.o microblaze_0/lib/xuartlite.o microblaze_0/lib/xuartlite_g.o 
TRACE::2024-11-07.03:30:28::SCWMssOS::microblaze_0/lib/xuartlite_intr.o microblaze_0/lib/xuartlite_l.o microblaze_0/lib/xuartlite_selftest.o microblaze_0/lib/xuartli
TRACE::2024-11-07.03:30:28::SCWMssOS::te_sinit.o microblaze_0/lib/xuartlite_stats.o

TRACE::2024-11-07.03:30:28::SCWMssOS::'Finished building libraries'

TRACE::2024-11-07.03:30:28::SCWMssOS::Copying to export directory.
TRACE::2024-11-07.03:30:28::SCWMssOS:: Checking if to create the Supporting Applications
TRACE::2024-11-07.03:30:28::SCWMssOS:: No Linux domain exists, trying to generate FSBL 
LOG::2024-11-07.03:30:28::SCWSystem::Completed Processing the domain standalone_microblaze_0
LOG::2024-11-07.03:30:28::SCWSystem::Completed Processing the sysconfig mb_usb_hdmi_top
LOG::2024-11-07.03:30:28::SCWPlatform::Completed generating the artifacts for system configuration mb_usb_hdmi_top
TRACE::2024-11-07.03:30:28::SCWPlatform::Started preparing the platform 
TRACE::2024-11-07.03:30:28::SCWSystem::Writing the bif file for system config mb_usb_hdmi_top
TRACE::2024-11-07.03:30:28::SCWSystem::dir created 
TRACE::2024-11-07.03:30:28::SCWSystem::Writing the bif 
TRACE::2024-11-07.03:30:28::SCWPlatform::Started writing the spfm file 
TRACE::2024-11-07.03:30:28::SCWPlatform::Started writing the xpfm file 
TRACE::2024-11-07.03:30:28::SCWPlatform::Completed generating the platform
TRACE::2024-11-07.03:30:28::SCWMssOS::Saving the mss changes C:/Users/realk/Desktop/ece385/ECE385/lab7_2/lab7_2_sdk/mb_usb_hdmi_top/microblaze_0/standalone_microblaze_0/bsp/system.mss
TRACE::2024-11-07.03:30:28::SCWMssOS::Found a swdesign opened with the mssfile.
TRACE::2024-11-07.03:30:28::SCWMssOS::Completed writemss as part of save.
TRACE::2024-11-07.03:30:28::SCWMssOS::Commit changes completed.
TRACE::2024-11-07.03:30:28::SCWPlatform::Trying to open the hw design at C:/Users/realk/Desktop/ece385/ECE385/lab7_2/lab7_2_sdk/mb_usb_hdmi_top/hw/mb_usb_hdmi_top.xsa
TRACE::2024-11-07.03:30:28::SCWPlatform::DSA given C:/Users/realk/Desktop/ece385/ECE385/lab7_2/lab7_2_sdk/mb_usb_hdmi_top/hw/mb_usb_hdmi_top.xsa
TRACE::2024-11-07.03:30:28::SCWPlatform::DSA absoulate path C:/Users/realk/Desktop/ece385/ECE385/lab7_2/lab7_2_sdk/mb_usb_hdmi_top/hw/mb_usb_hdmi_top.xsa
TRACE::2024-11-07.03:30:28::SCWPlatform::DSA directory C:/Users/realk/Desktop/ece385/ECE385/lab7_2/lab7_2_sdk/mb_usb_hdmi_top/hw
TRACE::2024-11-07.03:30:28::SCWPlatform:: Platform Path C:/Users/realk/Desktop/ece385/ECE385/lab7_2/lab7_2_sdk/mb_usb_hdmi_top/hw/mb_usb_hdmi_top.xsa
TRACE::2024-11-07.03:30:28::SCWPlatform:: Unique name xilinx:::0.0
TRACE::2024-11-07.03:30:28::SCWPlatform::Trying to set the existing hwdb with name mb_usb_hdmi_top_0
TRACE::2024-11-07.03:30:28::SCWPlatform::Opened existing hwdb mb_usb_hdmi_top_0
TRACE::2024-11-07.03:30:28::SCWPlatform::Found the Hw Db part of the input DSA
TRACE::2024-11-07.03:30:28::SCWMssOS::Checking the sw design at  C:/Users/realk/Desktop/ece385/ECE385/lab7_2/lab7_2_sdk/mb_usb_hdmi_top/microblaze_0/standalone_microblaze_0/bsp/system.mss
TRACE::2024-11-07.03:30:28::SCWMssOS::DEBUG:  swdes dump  C:/Users/realk/Desktop/ece385/ECE385/lab7_2/lab7_2_sdk/mb_usb_hdmi_top/microblaze_0/standalone_microblaze_0/bsp/system.mss|system||

TRACE::2024-11-07.03:30:28::SCWMssOS::Sw design exists and opened at  C:/Users/realk/Desktop/ece385/ECE385/lab7_2/lab7_2_sdk/mb_usb_hdmi_top/microblaze_0/standalone_microblaze_0/bsp/system.mss
TRACE::2024-11-07.03:30:28::SCWPlatform::Trying to open the hw design at C:/Users/realk/Desktop/ece385/ECE385/lab7_2/lab7_2_sdk/mb_usb_hdmi_top/hw/mb_usb_hdmi_top.xsa
TRACE::2024-11-07.03:30:28::SCWPlatform::DSA given C:/Users/realk/Desktop/ece385/ECE385/lab7_2/lab7_2_sdk/mb_usb_hdmi_top/hw/mb_usb_hdmi_top.xsa
TRACE::2024-11-07.03:30:28::SCWPlatform::DSA absoulate path C:/Users/realk/Desktop/ece385/ECE385/lab7_2/lab7_2_sdk/mb_usb_hdmi_top/hw/mb_usb_hdmi_top.xsa
TRACE::2024-11-07.03:30:28::SCWPlatform::DSA directory C:/Users/realk/Desktop/ece385/ECE385/lab7_2/lab7_2_sdk/mb_usb_hdmi_top/hw
TRACE::2024-11-07.03:30:28::SCWPlatform:: Platform Path C:/Users/realk/Desktop/ece385/ECE385/lab7_2/lab7_2_sdk/mb_usb_hdmi_top/hw/mb_usb_hdmi_top.xsa
TRACE::2024-11-07.03:30:28::SCWPlatform:: Unique name xilinx:::0.0
TRACE::2024-11-07.03:30:28::SCWPlatform::Trying to set the existing hwdb with name mb_usb_hdmi_top_0
TRACE::2024-11-07.03:30:28::SCWPlatform::Opened existing hwdb mb_usb_hdmi_top_0
TRACE::2024-11-07.03:30:28::SCWPlatform::Found the Hw Db part of the input DSA
TRACE::2024-11-07.03:30:28::SCWMssOS::Checking the sw design at  C:/Users/realk/Desktop/ece385/ECE385/lab7_2/lab7_2_sdk/mb_usb_hdmi_top/microblaze_0/standalone_microblaze_0/bsp/system.mss
TRACE::2024-11-07.03:30:28::SCWMssOS::DEBUG:  swdes dump  C:/Users/realk/Desktop/ece385/ECE385/lab7_2/lab7_2_sdk/mb_usb_hdmi_top/microblaze_0/standalone_microblaze_0/bsp/system.mss|system||

TRACE::2024-11-07.03:30:28::SCWMssOS::Sw design exists and opened at  C:/Users/realk/Desktop/ece385/ECE385/lab7_2/lab7_2_sdk/mb_usb_hdmi_top/microblaze_0/standalone_microblaze_0/bsp/system.mss
TRACE::2024-11-07.03:30:28::SCWPlatform::Trying to open the hw design at C:/Users/realk/Desktop/ece385/ECE385/lab7_2/lab7_2_sdk/mb_usb_hdmi_top/hw/mb_usb_hdmi_top.xsa
TRACE::2024-11-07.03:30:28::SCWPlatform::DSA given C:/Users/realk/Desktop/ece385/ECE385/lab7_2/lab7_2_sdk/mb_usb_hdmi_top/hw/mb_usb_hdmi_top.xsa
TRACE::2024-11-07.03:30:28::SCWPlatform::DSA absoulate path C:/Users/realk/Desktop/ece385/ECE385/lab7_2/lab7_2_sdk/mb_usb_hdmi_top/hw/mb_usb_hdmi_top.xsa
TRACE::2024-11-07.03:30:28::SCWPlatform::DSA directory C:/Users/realk/Desktop/ece385/ECE385/lab7_2/lab7_2_sdk/mb_usb_hdmi_top/hw
TRACE::2024-11-07.03:30:28::SCWPlatform:: Platform Path C:/Users/realk/Desktop/ece385/ECE385/lab7_2/lab7_2_sdk/mb_usb_hdmi_top/hw/mb_usb_hdmi_top.xsa
TRACE::2024-11-07.03:30:28::SCWPlatform:: Unique name xilinx:::0.0
TRACE::2024-11-07.03:30:28::SCWPlatform::Trying to set the existing hwdb with name mb_usb_hdmi_top_0
TRACE::2024-11-07.03:30:28::SCWPlatform::Opened existing hwdb mb_usb_hdmi_top_0
TRACE::2024-11-07.03:30:28::SCWPlatform::Found the Hw Db part of the input DSA
TRACE::2024-11-07.03:30:28::SCWMssOS::Checking the sw design at  C:/Users/realk/Desktop/ece385/ECE385/lab7_2/lab7_2_sdk/mb_usb_hdmi_top/microblaze_0/standalone_microblaze_0/bsp/system.mss
TRACE::2024-11-07.03:30:28::SCWMssOS::DEBUG:  swdes dump  C:/Users/realk/Desktop/ece385/ECE385/lab7_2/lab7_2_sdk/mb_usb_hdmi_top/microblaze_0/standalone_microblaze_0/bsp/system.mss|system||

TRACE::2024-11-07.03:30:28::SCWMssOS::Sw design exists and opened at  C:/Users/realk/Desktop/ece385/ECE385/lab7_2/lab7_2_sdk/mb_usb_hdmi_top/microblaze_0/standalone_microblaze_0/bsp/system.mss
TRACE::2024-11-07.03:30:28::SCWWriter::formatted JSON is {
	"platformName":	"mb_usb_hdmi_top",
	"sprVersion":	"2.0",
	"mode":	"gui",
	"dsaType":	"Fixed",
	"platformDesc":	"mb_usb_hdmi_top",
	"platHandOff":	"C:/Users/realk/Desktop/ece385/ECE385/lab7_2/mb_usb_hdmi_top.xsa",
	"platIntHandOff":	"<platformDir>/hw/mb_usb_hdmi_top.xsa",
	"deviceType":	"FPGA",
	"platIsPrebuiltAutogen":	"false",
	"platIsNoBootBsp":	"false",
	"hasFsblMakeHasChanges":	"false",
	"hasPmufwMakeHasChanges":	"false",
	"platPreBuiltFlag":	false,
	"platformSamplesDir":	"",
	"platActiveSys":	"mb_usb_hdmi_top",
	"systems":	[{
			"systemName":	"mb_usb_hdmi_top",
			"systemDesc":	"mb_usb_hdmi_top",
			"sysIsBootAutoGen":	"true",
			"systemDispName":	"mb_usb_hdmi_top",
			"sysActiveDom":	"standalone_microblaze_0",
			"sysDefaultDom":	"standalone_microblaze_0",
			"domains":	[{
					"domainName":	"standalone_microblaze_0",
					"domainDispName":	"standalone_microblaze_0",
					"domainDesc":	"standalone_microblaze_0",
					"processors":	"microblaze_0",
					"os":	"standalone",
					"sdxOs":	"standalone",
					"debugEnable":	"False",
					"domRuntimes":	["cpp"],
					"swRepo":	"",
					"mssOsVer":	"8.0",
					"mssFile":	"",
					"md5Digest":	"5422c1e5be4ae93f4de8c50507402f2a",
					"compatibleApp":	"hello_world",
					"domType":	"mssDomain",
					"arch":	"32-bit",
					"appSettings":	{
						"appCompilerFlags":	"",
						"appLinkerFlags":	""
					},
					"addedLibs":	[],
					"libOptions":	{
						"libsContainingOptions":	[]
					},
					"prebuiltLibs":	{
						"prebuiltIncPath":	[],
						"prebuiltLibPath":	[]
					},
					"isolation":	{
					}
				}]
		}]
}
KEYINFO::2024-11-07.03:30:28::SCWPlatform::updated the xpfm file.
TRACE::2024-11-07.03:30:29::SCWPlatform::Trying to open the hw design at C:/Users/realk/Desktop/ece385/ECE385/lab7_2/lab7_2_sdk/mb_usb_hdmi_top/hw/mb_usb_hdmi_top.xsa
TRACE::2024-11-07.03:30:29::SCWPlatform::DSA given C:/Users/realk/Desktop/ece385/ECE385/lab7_2/lab7_2_sdk/mb_usb_hdmi_top/hw/mb_usb_hdmi_top.xsa
TRACE::2024-11-07.03:30:29::SCWPlatform::DSA absoulate path C:/Users/realk/Desktop/ece385/ECE385/lab7_2/lab7_2_sdk/mb_usb_hdmi_top/hw/mb_usb_hdmi_top.xsa
TRACE::2024-11-07.03:30:29::SCWPlatform::DSA directory C:/Users/realk/Desktop/ece385/ECE385/lab7_2/lab7_2_sdk/mb_usb_hdmi_top/hw
TRACE::2024-11-07.03:30:29::SCWPlatform:: Platform Path C:/Users/realk/Desktop/ece385/ECE385/lab7_2/lab7_2_sdk/mb_usb_hdmi_top/hw/mb_usb_hdmi_top.xsa
TRACE::2024-11-07.03:30:29::SCWPlatform:: Unique name xilinx:::0.0
TRACE::2024-11-07.03:30:29::SCWPlatform::Trying to set the existing hwdb with name mb_usb_hdmi_top_0
TRACE::2024-11-07.03:30:29::SCWPlatform::Opened existing hwdb mb_usb_hdmi_top_0
TRACE::2024-11-07.03:30:29::SCWPlatform::Found the Hw Db part of the input DSA
TRACE::2024-11-07.03:30:29::SCWMssOS::Checking the sw design at  C:/Users/realk/Desktop/ece385/ECE385/lab7_2/lab7_2_sdk/mb_usb_hdmi_top/microblaze_0/standalone_microblaze_0/bsp/system.mss
TRACE::2024-11-07.03:30:29::SCWMssOS::DEBUG:  swdes dump  C:/Users/realk/Desktop/ece385/ECE385/lab7_2/lab7_2_sdk/mb_usb_hdmi_top/microblaze_0/standalone_microblaze_0/bsp/system.mss|system||

TRACE::2024-11-07.03:30:29::SCWMssOS::Sw design exists and opened at  C:/Users/realk/Desktop/ece385/ECE385/lab7_2/lab7_2_sdk/mb_usb_hdmi_top/microblaze_0/standalone_microblaze_0/bsp/system.mss
TRACE::2024-11-07.05:19:32::SCWPlatform::Clearing the existing platform
TRACE::2024-11-07.05:19:32::SCWSystem::Clearing the existing sysconfig
TRACE::2024-11-07.05:19:32::SCWMssOS::Removing the swdes entry for  C:/Users/realk/Desktop/ece385/ECE385/lab7_2/lab7_2_sdk/mb_usb_hdmi_top/microblaze_0/standalone_microblaze_0/bsp/system.mss
TRACE::2024-11-07.05:19:32::SCWSystem::Clearing the domains completed.
TRACE::2024-11-07.05:19:32::SCWPlatform::Clearing the opened hw db.
TRACE::2024-11-07.05:19:32::SCWPlatform::DSA given C:/Users/realk/Desktop/ece385/ECE385/lab7_2/lab7_2_sdk/mb_usb_hdmi_top/hw/mb_usb_hdmi_top.xsa
TRACE::2024-11-07.05:19:32::SCWPlatform::DSA absoulate path C:/Users/realk/Desktop/ece385/ECE385/lab7_2/lab7_2_sdk/mb_usb_hdmi_top/hw/mb_usb_hdmi_top.xsa
TRACE::2024-11-07.05:19:32::SCWPlatform:: Platform location is C:/Users/realk/Desktop/ece385/ECE385/lab7_2/lab7_2_sdk/mb_usb_hdmi_top/hw
TRACE::2024-11-07.05:19:32::SCWPlatform:: Platform Path C:/Users/realk/Desktop/ece385/ECE385/lab7_2/lab7_2_sdk/mb_usb_hdmi_top/hw/mb_usb_hdmi_top.xsa
TRACE::2024-11-07.05:19:32::SCWPlatform:: Unique name xilinx:::0.0
TRACE::2024-11-07.05:19:32::SCWPlatform::Removing the HwDB with name C:/Users/realk/Desktop/ece385/ECE385/lab7_2/lab7_2_sdk/mb_usb_hdmi_top/hw/mb_usb_hdmi_top.xsa
TRACE::2024-11-07.05:19:32::SCWPlatform::Trying to open the hw design at C:/Users/realk/Desktop/ece385/ECE385/lab7_2/lab7_2_sdk/mb_usb_hdmi_top/hw/mb_usb_hdmi_top.xsa
TRACE::2024-11-07.05:19:32::SCWPlatform::DSA given C:/Users/realk/Desktop/ece385/ECE385/lab7_2/lab7_2_sdk/mb_usb_hdmi_top/hw/mb_usb_hdmi_top.xsa
TRACE::2024-11-07.05:19:32::SCWPlatform::DSA absoulate path C:/Users/realk/Desktop/ece385/ECE385/lab7_2/lab7_2_sdk/mb_usb_hdmi_top/hw/mb_usb_hdmi_top.xsa
TRACE::2024-11-07.05:19:32::SCWPlatform::DSA directory C:/Users/realk/Desktop/ece385/ECE385/lab7_2/lab7_2_sdk/mb_usb_hdmi_top/hw
TRACE::2024-11-07.05:19:32::SCWPlatform:: Platform Path C:/Users/realk/Desktop/ece385/ECE385/lab7_2/lab7_2_sdk/mb_usb_hdmi_top/hw/mb_usb_hdmi_top.xsa
TRACE::2024-11-07.05:19:32::SCWPlatform:: Unique name xilinx:::0.0
TRACE::2024-11-07.05:19:32::SCWPlatform::Do not have an existing db opened. 
TRACE::2024-11-07.05:19:32::SCWPlatform::Opened new HwDB with name mb_usb_hdmi_top_2
TRACE::2024-11-07.05:19:32::SCWReader::Active system found as  mb_usb_hdmi_top
TRACE::2024-11-07.05:19:32::SCWReader::Handling sysconfig mb_usb_hdmi_top
TRACE::2024-11-07.05:19:32::SCWDomain::checking for install qemu data   : 
TRACE::2024-11-07.05:19:32::SCWPlatform::Trying to open the hw design at C:/Users/realk/Desktop/ece385/ECE385/lab7_2/lab7_2_sdk/mb_usb_hdmi_top/hw/mb_usb_hdmi_top.xsa
TRACE::2024-11-07.05:19:32::SCWPlatform::DSA given C:/Users/realk/Desktop/ece385/ECE385/lab7_2/lab7_2_sdk/mb_usb_hdmi_top/hw/mb_usb_hdmi_top.xsa
TRACE::2024-11-07.05:19:32::SCWPlatform::DSA absoulate path C:/Users/realk/Desktop/ece385/ECE385/lab7_2/lab7_2_sdk/mb_usb_hdmi_top/hw/mb_usb_hdmi_top.xsa
TRACE::2024-11-07.05:19:32::SCWPlatform::DSA directory C:/Users/realk/Desktop/ece385/ECE385/lab7_2/lab7_2_sdk/mb_usb_hdmi_top/hw
TRACE::2024-11-07.05:19:32::SCWPlatform:: Platform Path C:/Users/realk/Desktop/ece385/ECE385/lab7_2/lab7_2_sdk/mb_usb_hdmi_top/hw/mb_usb_hdmi_top.xsa
TRACE::2024-11-07.05:19:32::SCWPlatform:: Unique name xilinx:::0.0
TRACE::2024-11-07.05:19:32::SCWPlatform::Trying to set the existing hwdb with name mb_usb_hdmi_top_2
TRACE::2024-11-07.05:19:32::SCWPlatform::Opened existing hwdb mb_usb_hdmi_top_2
TRACE::2024-11-07.05:19:32::SCWPlatform::Found the Hw Db part of the input DSA
TRACE::2024-11-07.05:19:32::SCWPlatform::Trying to open the hw design at C:/Users/realk/Desktop/ece385/ECE385/lab7_2/lab7_2_sdk/mb_usb_hdmi_top/hw/mb_usb_hdmi_top.xsa
TRACE::2024-11-07.05:19:32::SCWPlatform::DSA given C:/Users/realk/Desktop/ece385/ECE385/lab7_2/lab7_2_sdk/mb_usb_hdmi_top/hw/mb_usb_hdmi_top.xsa
TRACE::2024-11-07.05:19:32::SCWPlatform::DSA absoulate path C:/Users/realk/Desktop/ece385/ECE385/lab7_2/lab7_2_sdk/mb_usb_hdmi_top/hw/mb_usb_hdmi_top.xsa
TRACE::2024-11-07.05:19:32::SCWPlatform::DSA directory C:/Users/realk/Desktop/ece385/ECE385/lab7_2/lab7_2_sdk/mb_usb_hdmi_top/hw
TRACE::2024-11-07.05:19:32::SCWPlatform:: Platform Path C:/Users/realk/Desktop/ece385/ECE385/lab7_2/lab7_2_sdk/mb_usb_hdmi_top/hw/mb_usb_hdmi_top.xsa
TRACE::2024-11-07.05:19:32::SCWPlatform:: Unique name xilinx:::0.0
TRACE::2024-11-07.05:19:32::SCWPlatform::Trying to set the existing hwdb with name mb_usb_hdmi_top_2
TRACE::2024-11-07.05:19:32::SCWPlatform::Opened existing hwdb mb_usb_hdmi_top_2
TRACE::2024-11-07.05:19:32::SCWPlatform::Found the Hw Db part of the input DSA
TRACE::2024-11-07.05:19:32::SCWPlatform::Trying to open the hw design at C:/Users/realk/Desktop/ece385/ECE385/lab7_2/lab7_2_sdk/mb_usb_hdmi_top/hw/mb_usb_hdmi_top.xsa
TRACE::2024-11-07.05:19:32::SCWPlatform::DSA given C:/Users/realk/Desktop/ece385/ECE385/lab7_2/lab7_2_sdk/mb_usb_hdmi_top/hw/mb_usb_hdmi_top.xsa
TRACE::2024-11-07.05:19:32::SCWPlatform::DSA absoulate path C:/Users/realk/Desktop/ece385/ECE385/lab7_2/lab7_2_sdk/mb_usb_hdmi_top/hw/mb_usb_hdmi_top.xsa
TRACE::2024-11-07.05:19:32::SCWPlatform::DSA directory C:/Users/realk/Desktop/ece385/ECE385/lab7_2/lab7_2_sdk/mb_usb_hdmi_top/hw
TRACE::2024-11-07.05:19:32::SCWPlatform:: Platform Path C:/Users/realk/Desktop/ece385/ECE385/lab7_2/lab7_2_sdk/mb_usb_hdmi_top/hw/mb_usb_hdmi_top.xsa
TRACE::2024-11-07.05:19:32::SCWPlatform:: Unique name xilinx:::0.0
TRACE::2024-11-07.05:19:32::SCWPlatform::Trying to set the existing hwdb with name mb_usb_hdmi_top_2
TRACE::2024-11-07.05:19:32::SCWPlatform::Opened existing hwdb mb_usb_hdmi_top_2
TRACE::2024-11-07.05:19:32::SCWPlatform::Found the Hw Db part of the input DSA
TRACE::2024-11-07.05:19:32::SCWPlatform::Trying to open the hw design at C:/Users/realk/Desktop/ece385/ECE385/lab7_2/lab7_2_sdk/mb_usb_hdmi_top/hw/mb_usb_hdmi_top.xsa
TRACE::2024-11-07.05:19:32::SCWPlatform::DSA given C:/Users/realk/Desktop/ece385/ECE385/lab7_2/lab7_2_sdk/mb_usb_hdmi_top/hw/mb_usb_hdmi_top.xsa
TRACE::2024-11-07.05:19:32::SCWPlatform::DSA absoulate path C:/Users/realk/Desktop/ece385/ECE385/lab7_2/lab7_2_sdk/mb_usb_hdmi_top/hw/mb_usb_hdmi_top.xsa
TRACE::2024-11-07.05:19:32::SCWPlatform::DSA directory C:/Users/realk/Desktop/ece385/ECE385/lab7_2/lab7_2_sdk/mb_usb_hdmi_top/hw
TRACE::2024-11-07.05:19:32::SCWPlatform:: Platform Path C:/Users/realk/Desktop/ece385/ECE385/lab7_2/lab7_2_sdk/mb_usb_hdmi_top/hw/mb_usb_hdmi_top.xsa
TRACE::2024-11-07.05:19:32::SCWPlatform:: Unique name xilinx:::0.0
TRACE::2024-11-07.05:19:32::SCWPlatform::Trying to set the existing hwdb with name mb_usb_hdmi_top_2
TRACE::2024-11-07.05:19:32::SCWPlatform::Opened existing hwdb mb_usb_hdmi_top_2
TRACE::2024-11-07.05:19:32::SCWPlatform::Found the Hw Db part of the input DSA
TRACE::2024-11-07.05:19:32::SCWMssOS::Checking the sw design at  C:/Users/realk/Desktop/ece385/ECE385/lab7_2/lab7_2_sdk/mb_usb_hdmi_top/microblaze_0/standalone_microblaze_0/bsp/system.mss
TRACE::2024-11-07.05:19:32::SCWMssOS::DEBUG:  swdes dump  
TRACE::2024-11-07.05:19:32::SCWMssOS::No sw design opened at  C:/Users/realk/Desktop/ece385/ECE385/lab7_2/lab7_2_sdk/mb_usb_hdmi_top/microblaze_0/standalone_microblaze_0/bsp/system.mss
TRACE::2024-11-07.05:19:32::SCWMssOS::mss exists loading the mss file  C:/Users/realk/Desktop/ece385/ECE385/lab7_2/lab7_2_sdk/mb_usb_hdmi_top/microblaze_0/standalone_microblaze_0/bsp/system.mss
TRACE::2024-11-07.05:19:32::SCWMssOS::Opened the sw design from mss  C:/Users/realk/Desktop/ece385/ECE385/lab7_2/lab7_2_sdk/mb_usb_hdmi_top/microblaze_0/standalone_microblaze_0/bsp/system.mss
TRACE::2024-11-07.05:19:32::SCWMssOS::Adding the swdes entry C:/Users/realk/Desktop/ece385/ECE385/lab7_2/lab7_2_sdk/mb_usb_hdmi_top/microblaze_0/standalone_microblaze_0/bsp/system.mss with des name system
TRACE::2024-11-07.05:19:32::SCWMssOS::updating the scw layer about changes
TRACE::2024-11-07.05:19:32::SCWMssOS::Opened the sw design.  C:/Users/realk/Desktop/ece385/ECE385/lab7_2/lab7_2_sdk/mb_usb_hdmi_top/microblaze_0/standalone_microblaze_0/bsp/system.mss
TRACE::2024-11-07.05:19:32::SCWMssOS::Saving the mss changes C:/Users/realk/Desktop/ece385/ECE385/lab7_2/lab7_2_sdk/mb_usb_hdmi_top/microblaze_0/standalone_microblaze_0/bsp/system.mss
TRACE::2024-11-07.05:19:32::SCWMssOS::Found a swdesign opened with the mssfile.
TRACE::2024-11-07.05:19:32::SCWMssOS::Completed writemss as part of save.
TRACE::2024-11-07.05:19:32::SCWMssOS::Commit changes completed.
TRACE::2024-11-07.05:19:32::SCWReader::Adding prebuilt librarypaths as   
TRACE::2024-11-07.05:19:32::SCWReader::Adding prebuilt incpaths  as   
TRACE::2024-11-07.05:19:32::SCWPlatform::Trying to open the hw design at C:/Users/realk/Desktop/ece385/ECE385/lab7_2/lab7_2_sdk/mb_usb_hdmi_top/hw/mb_usb_hdmi_top.xsa
TRACE::2024-11-07.05:19:32::SCWPlatform::DSA given C:/Users/realk/Desktop/ece385/ECE385/lab7_2/lab7_2_sdk/mb_usb_hdmi_top/hw/mb_usb_hdmi_top.xsa
TRACE::2024-11-07.05:19:32::SCWPlatform::DSA absoulate path C:/Users/realk/Desktop/ece385/ECE385/lab7_2/lab7_2_sdk/mb_usb_hdmi_top/hw/mb_usb_hdmi_top.xsa
TRACE::2024-11-07.05:19:32::SCWPlatform::DSA directory C:/Users/realk/Desktop/ece385/ECE385/lab7_2/lab7_2_sdk/mb_usb_hdmi_top/hw
TRACE::2024-11-07.05:19:32::SCWPlatform:: Platform Path C:/Users/realk/Desktop/ece385/ECE385/lab7_2/lab7_2_sdk/mb_usb_hdmi_top/hw/mb_usb_hdmi_top.xsa
TRACE::2024-11-07.05:19:32::SCWPlatform:: Unique name xilinx:::0.0
TRACE::2024-11-07.05:19:32::SCWPlatform::Trying to set the existing hwdb with name mb_usb_hdmi_top_2
TRACE::2024-11-07.05:19:32::SCWPlatform::Opened existing hwdb mb_usb_hdmi_top_2
TRACE::2024-11-07.05:19:32::SCWPlatform::Found the Hw Db part of the input DSA
TRACE::2024-11-07.05:19:32::SCWMssOS::Checking the sw design at  C:/Users/realk/Desktop/ece385/ECE385/lab7_2/lab7_2_sdk/mb_usb_hdmi_top/microblaze_0/standalone_microblaze_0/bsp/system.mss
TRACE::2024-11-07.05:19:32::SCWMssOS::DEBUG:  swdes dump  C:/Users/realk/Desktop/ece385/ECE385/lab7_2/lab7_2_sdk/mb_usb_hdmi_top/microblaze_0/standalone_microblaze_0/bsp/system.mss|system||

TRACE::2024-11-07.05:19:32::SCWMssOS::Sw design exists and opened at  C:/Users/realk/Desktop/ece385/ECE385/lab7_2/lab7_2_sdk/mb_usb_hdmi_top/microblaze_0/standalone_microblaze_0/bsp/system.mss
TRACE::2024-11-07.05:19:32::SCWReader::No isolation master present  
TRACE::2024-11-07.05:19:36::SCWPlatform::DSA given C:/Users/realk/Desktop/ece385/ECE385/lab7_2/lab7_2_sdk/mb_usb_hdmi_top/tempdsa/mb_usb_hdmi_top.xsa
TRACE::2024-11-07.05:19:36::SCWPlatform::DSA absoulate path C:/Users/realk/Desktop/ece385/ECE385/lab7_2/lab7_2_sdk/mb_usb_hdmi_top/tempdsa/mb_usb_hdmi_top.xsa
TRACE::2024-11-07.05:19:36::SCWPlatform:: Platform location is C:/Users/realk/Desktop/ece385/ECE385/lab7_2/lab7_2_sdk/mb_usb_hdmi_top/tempdsa
TRACE::2024-11-07.05:19:36::SCWPlatform:: Platform Path C:/Users/realk/Desktop/ece385/ECE385/lab7_2/lab7_2_sdk/mb_usb_hdmi_top/tempdsa/mb_usb_hdmi_top.xsa
TRACE::2024-11-07.05:19:36::SCWPlatform:: Unique name xilinx:::0.0
TRACE::2024-11-07.05:19:36::SCWPlatform::Found the Hw Db part of the input DSA
TRACE::2024-11-07.05:19:36::SCWMssOS::Doing hw sync for the mss in domain: standalone_microblaze_0
TRACE::2024-11-07.05:19:36::SCWPlatform::Trying to open the hw design at C:/Users/realk/Desktop/ece385/ECE385/lab7_2/lab7_2_sdk/mb_usb_hdmi_top/hw/mb_usb_hdmi_top.xsa
TRACE::2024-11-07.05:19:36::SCWPlatform::DSA given C:/Users/realk/Desktop/ece385/ECE385/lab7_2/lab7_2_sdk/mb_usb_hdmi_top/hw/mb_usb_hdmi_top.xsa
TRACE::2024-11-07.05:19:36::SCWPlatform::DSA absoulate path C:/Users/realk/Desktop/ece385/ECE385/lab7_2/lab7_2_sdk/mb_usb_hdmi_top/hw/mb_usb_hdmi_top.xsa
TRACE::2024-11-07.05:19:36::SCWPlatform::DSA directory C:/Users/realk/Desktop/ece385/ECE385/lab7_2/lab7_2_sdk/mb_usb_hdmi_top/hw
TRACE::2024-11-07.05:19:36::SCWPlatform:: Platform Path C:/Users/realk/Desktop/ece385/ECE385/lab7_2/lab7_2_sdk/mb_usb_hdmi_top/hw/mb_usb_hdmi_top.xsa
TRACE::2024-11-07.05:19:36::SCWPlatform:: Unique name xilinx:::0.0
TRACE::2024-11-07.05:19:36::SCWPlatform::Trying to set the existing hwdb with name mb_usb_hdmi_top_2
TRACE::2024-11-07.05:19:36::SCWPlatform::Opened existing hwdb mb_usb_hdmi_top_2
TRACE::2024-11-07.05:19:36::SCWPlatform::Found the Hw Db part of the input DSA
TRACE::2024-11-07.05:19:36::SCWPlatform::Trying to open the hw design at C:/Users/realk/Desktop/ece385/ECE385/lab7_2/lab7_2_sdk/mb_usb_hdmi_top/hw/mb_usb_hdmi_top.xsa
TRACE::2024-11-07.05:19:36::SCWPlatform::DSA given C:/Users/realk/Desktop/ece385/ECE385/lab7_2/lab7_2_sdk/mb_usb_hdmi_top/hw/mb_usb_hdmi_top.xsa
TRACE::2024-11-07.05:19:36::SCWPlatform::DSA absoulate path C:/Users/realk/Desktop/ece385/ECE385/lab7_2/lab7_2_sdk/mb_usb_hdmi_top/hw/mb_usb_hdmi_top.xsa
TRACE::2024-11-07.05:19:36::SCWPlatform::DSA directory C:/Users/realk/Desktop/ece385/ECE385/lab7_2/lab7_2_sdk/mb_usb_hdmi_top/hw
TRACE::2024-11-07.05:19:36::SCWPlatform:: Platform Path C:/Users/realk/Desktop/ece385/ECE385/lab7_2/lab7_2_sdk/mb_usb_hdmi_top/hw/mb_usb_hdmi_top.xsa
TRACE::2024-11-07.05:19:36::SCWPlatform:: Unique name xilinx:::0.0
TRACE::2024-11-07.05:19:36::SCWPlatform::Trying to set the existing hwdb with name mb_usb_hdmi_top_2
TRACE::2024-11-07.05:19:36::SCWPlatform::Opened existing hwdb mb_usb_hdmi_top_2
TRACE::2024-11-07.05:19:36::SCWPlatform::Found the Hw Db part of the input DSA
TRACE::2024-11-07.05:19:36::SCWMssOS::Checking the sw design at  C:/Users/realk/Desktop/ece385/ECE385/lab7_2/lab7_2_sdk/mb_usb_hdmi_top/microblaze_0/standalone_microblaze_0/bsp/system.mss
TRACE::2024-11-07.05:19:36::SCWMssOS::DEBUG:  swdes dump  C:/Users/realk/Desktop/ece385/ECE385/lab7_2/lab7_2_sdk/mb_usb_hdmi_top/microblaze_0/standalone_microblaze_0/bsp/system.mss|system||

TRACE::2024-11-07.05:19:36::SCWMssOS::Sw design exists and opened at  C:/Users/realk/Desktop/ece385/ECE385/lab7_2/lab7_2_sdk/mb_usb_hdmi_top/microblaze_0/standalone_microblaze_0/bsp/system.mss
TRACE::2024-11-07.05:19:36::SCWPlatform::Trying to open the hw design at C:/Users/realk/Desktop/ece385/ECE385/lab7_2/lab7_2_sdk/mb_usb_hdmi_top/tempdsa/mb_usb_hdmi_top.xsa
TRACE::2024-11-07.05:19:36::SCWPlatform::DSA given C:/Users/realk/Desktop/ece385/ECE385/lab7_2/lab7_2_sdk/mb_usb_hdmi_top/tempdsa/mb_usb_hdmi_top.xsa
TRACE::2024-11-07.05:19:36::SCWPlatform::DSA absoulate path C:/Users/realk/Desktop/ece385/ECE385/lab7_2/lab7_2_sdk/mb_usb_hdmi_top/tempdsa/mb_usb_hdmi_top.xsa
TRACE::2024-11-07.05:19:36::SCWPlatform::DSA directory C:/Users/realk/Desktop/ece385/ECE385/lab7_2/lab7_2_sdk/mb_usb_hdmi_top/tempdsa
TRACE::2024-11-07.05:19:36::SCWPlatform:: Platform Path C:/Users/realk/Desktop/ece385/ECE385/lab7_2/lab7_2_sdk/mb_usb_hdmi_top/tempdsa/mb_usb_hdmi_top.xsa
TRACE::2024-11-07.05:19:36::SCWPlatform:: Unique name xilinx:::0.0
TRACE::2024-11-07.05:19:36::SCWPlatform::update - Opened existing hwdb mb_usb_hdmi_top_3
TRACE::2024-11-07.05:19:36::SCWPlatform::Found the Hw Db part of the input DSA
TRACE::2024-11-07.05:19:36::SCWMssOS::Saving the mss changes C:/Users/realk/Desktop/ece385/ECE385/lab7_2/lab7_2_sdk/mb_usb_hdmi_top/microblaze_0/standalone_microblaze_0/bsp/system.mss
TRACE::2024-11-07.05:19:36::SCWMssOS::Found a swdesign opened with the mssfile.
TRACE::2024-11-07.05:19:36::SCWMssOS::Completed writemss as part of save.
TRACE::2024-11-07.05:19:36::SCWMssOS::Commit changes completed.
TRACE::2024-11-07.05:19:36::SCWMssOS::Completed hw sync for the mss in domain: standalone_microblaze_0
TRACE::2024-11-07.05:19:36::SCWMssOS::Removing the swdes entry for  C:/Users/realk/Desktop/ece385/ECE385/lab7_2/lab7_2_sdk/mb_usb_hdmi_top/microblaze_0/standalone_microblaze_0/bsp/system.mss
TRACE::2024-11-07.05:19:36::SCWPlatform::Trying to open the hw design at C:/Users/realk/Desktop/ece385/ECE385/lab7_2/lab7_2_sdk/mb_usb_hdmi_top/hw/mb_usb_hdmi_top.xsa
TRACE::2024-11-07.05:19:36::SCWPlatform::DSA given C:/Users/realk/Desktop/ece385/ECE385/lab7_2/lab7_2_sdk/mb_usb_hdmi_top/hw/mb_usb_hdmi_top.xsa
TRACE::2024-11-07.05:19:36::SCWPlatform::DSA absoulate path C:/Users/realk/Desktop/ece385/ECE385/lab7_2/lab7_2_sdk/mb_usb_hdmi_top/hw/mb_usb_hdmi_top.xsa
TRACE::2024-11-07.05:19:36::SCWPlatform::DSA directory C:/Users/realk/Desktop/ece385/ECE385/lab7_2/lab7_2_sdk/mb_usb_hdmi_top/hw
TRACE::2024-11-07.05:19:36::SCWPlatform:: Platform Path C:/Users/realk/Desktop/ece385/ECE385/lab7_2/lab7_2_sdk/mb_usb_hdmi_top/hw/mb_usb_hdmi_top.xsa
TRACE::2024-11-07.05:19:36::SCWPlatform:: Unique name xilinx:::0.0
TRACE::2024-11-07.05:19:36::SCWPlatform::Do not have an existing db opened. 
TRACE::2024-11-07.05:19:37::SCWPlatform::Opened new HwDB with name mb_usb_hdmi_top_4
TRACE::2024-11-07.05:19:37::SCWMssOS::Saving the mss changes C:/Users/realk/Desktop/ece385/ECE385/lab7_2/lab7_2_sdk/mb_usb_hdmi_top/microblaze_0/standalone_microblaze_0/bsp/system.mss
TRACE::2024-11-07.05:19:37::SCWMssOS::Adding the swdes entry, mss present, able to open swdb C:/Users/realk/Desktop/ece385/ECE385/lab7_2/lab7_2_sdk/mb_usb_hdmi_top/microblaze_0/standalone_microblaze_0/bsp/system.mss with des name system
TRACE::2024-11-07.05:19:37::SCWMssOS::Writing the mss file completed C:/Users/realk/Desktop/ece385/ECE385/lab7_2/lab7_2_sdk/mb_usb_hdmi_top/microblaze_0/standalone_microblaze_0/bsp/system.mss
TRACE::2024-11-07.05:19:37::SCWMssOS::Commit changes completed.
TRACE::2024-11-07.05:19:37::SCWPlatform::Trying to open the hw design at C:/Users/realk/Desktop/ece385/ECE385/lab7_2/lab7_2_sdk/mb_usb_hdmi_top/hw/mb_usb_hdmi_top.xsa
TRACE::2024-11-07.05:19:37::SCWPlatform::DSA given C:/Users/realk/Desktop/ece385/ECE385/lab7_2/lab7_2_sdk/mb_usb_hdmi_top/hw/mb_usb_hdmi_top.xsa
TRACE::2024-11-07.05:19:37::SCWPlatform::DSA absoulate path C:/Users/realk/Desktop/ece385/ECE385/lab7_2/lab7_2_sdk/mb_usb_hdmi_top/hw/mb_usb_hdmi_top.xsa
TRACE::2024-11-07.05:19:37::SCWPlatform::DSA directory C:/Users/realk/Desktop/ece385/ECE385/lab7_2/lab7_2_sdk/mb_usb_hdmi_top/hw
TRACE::2024-11-07.05:19:37::SCWPlatform:: Platform Path C:/Users/realk/Desktop/ece385/ECE385/lab7_2/lab7_2_sdk/mb_usb_hdmi_top/hw/mb_usb_hdmi_top.xsa
TRACE::2024-11-07.05:19:37::SCWPlatform:: Unique name xilinx:::0.0
TRACE::2024-11-07.05:19:37::SCWPlatform::Trying to set the existing hwdb with name mb_usb_hdmi_top_4
TRACE::2024-11-07.05:19:37::SCWPlatform::Opened existing hwdb mb_usb_hdmi_top_4
TRACE::2024-11-07.05:19:37::SCWPlatform::Found the Hw Db part of the input DSA
TRACE::2024-11-07.05:19:37::SCWMssOS::Checking the sw design at  C:/Users/realk/Desktop/ece385/ECE385/lab7_2/lab7_2_sdk/mb_usb_hdmi_top/microblaze_0/standalone_microblaze_0/bsp/system.mss
TRACE::2024-11-07.05:19:37::SCWMssOS::DEBUG:  swdes dump  C:/Users/realk/Desktop/ece385/ECE385/lab7_2/lab7_2_sdk/mb_usb_hdmi_top/microblaze_0/standalone_microblaze_0/bsp/system.mss|system||

TRACE::2024-11-07.05:19:37::SCWMssOS::Sw design exists and opened at  C:/Users/realk/Desktop/ece385/ECE385/lab7_2/lab7_2_sdk/mb_usb_hdmi_top/microblaze_0/standalone_microblaze_0/bsp/system.mss
TRACE::2024-11-07.05:19:37::SCWWriter::formatted JSON is {
	"platformName":	"mb_usb_hdmi_top",
	"sprVersion":	"2.0",
	"mode":	"gui",
	"dsaType":	"Fixed",
	"platformDesc":	"mb_usb_hdmi_top",
	"platHandOff":	"C:/Users/realk/Desktop/ece385/ECE385/lab7_2/mb_usb_hdmi_top.xsa",
	"platIntHandOff":	"<platformDir>/hw/mb_usb_hdmi_top.xsa",
	"deviceType":	"FPGA",
	"platIsPrebuiltAutogen":	"false",
	"platIsNoBootBsp":	"false",
	"hasFsblMakeHasChanges":	"false",
	"hasPmufwMakeHasChanges":	"false",
	"platPreBuiltFlag":	false,
	"platformSamplesDir":	"",
	"platActiveSys":	"mb_usb_hdmi_top",
	"systems":	[{
			"systemName":	"mb_usb_hdmi_top",
			"systemDesc":	"mb_usb_hdmi_top",
			"sysIsBootAutoGen":	"true",
			"systemDispName":	"mb_usb_hdmi_top",
			"sysActiveDom":	"standalone_microblaze_0",
			"sysDefaultDom":	"standalone_microblaze_0",
			"domains":	[{
					"domainName":	"standalone_microblaze_0",
					"domainDispName":	"standalone_microblaze_0",
					"domainDesc":	"standalone_microblaze_0",
					"processors":	"microblaze_0",
					"os":	"standalone",
					"sdxOs":	"standalone",
					"debugEnable":	"False",
					"domRuntimes":	["cpp"],
					"swRepo":	"",
					"mssOsVer":	"8.0",
					"mssFile":	"",
					"md5Digest":	"5422c1e5be4ae93f4de8c50507402f2a1",
					"compatibleApp":	"",
					"domType":	"mssDomain",
					"arch":	"32-bit",
					"appSettings":	{
						"appCompilerFlags":	"",
						"appLinkerFlags":	""
					},
					"addedLibs":	[],
					"libOptions":	{
						"libsContainingOptions":	[]
					},
					"prebuiltLibs":	{
						"prebuiltIncPath":	[],
						"prebuiltLibPath":	[]
					},
					"isolation":	{
					}
				}]
		}]
}
LOG::2024-11-07.05:19:49::SCWPlatform::Started generating the artifacts platform mb_usb_hdmi_top
TRACE::2024-11-07.05:19:49::SCWPlatform::Sanity checking of platform is completed
LOG::2024-11-07.05:19:49::SCWPlatform::Started generating the artifacts for system configuration mb_usb_hdmi_top
LOG::2024-11-07.05:19:49::SCWSystem::Checking the domain standalone_microblaze_0
LOG::2024-11-07.05:19:49::SCWSystem::Not a boot domain 
LOG::2024-11-07.05:19:49::SCWSystem::Started Processing the domain standalone_microblaze_0
TRACE::2024-11-07.05:19:49::SCWDomain::Generating domain artifcats
TRACE::2024-11-07.05:19:49::SCWMssOS::Generating standalone artifcats
TRACE::2024-11-07.05:19:49::SCWMssOS:: Copying the user libraries. 
TRACE::2024-11-07.05:19:49::SCWPlatform::Trying to open the hw design at C:/Users/realk/Desktop/ece385/ECE385/lab7_2/lab7_2_sdk/mb_usb_hdmi_top/hw/mb_usb_hdmi_top.xsa
TRACE::2024-11-07.05:19:49::SCWPlatform::DSA given C:/Users/realk/Desktop/ece385/ECE385/lab7_2/lab7_2_sdk/mb_usb_hdmi_top/hw/mb_usb_hdmi_top.xsa
TRACE::2024-11-07.05:19:49::SCWPlatform::DSA absoulate path C:/Users/realk/Desktop/ece385/ECE385/lab7_2/lab7_2_sdk/mb_usb_hdmi_top/hw/mb_usb_hdmi_top.xsa
TRACE::2024-11-07.05:19:49::SCWPlatform::DSA directory C:/Users/realk/Desktop/ece385/ECE385/lab7_2/lab7_2_sdk/mb_usb_hdmi_top/hw
TRACE::2024-11-07.05:19:49::SCWPlatform:: Platform Path C:/Users/realk/Desktop/ece385/ECE385/lab7_2/lab7_2_sdk/mb_usb_hdmi_top/hw/mb_usb_hdmi_top.xsa
TRACE::2024-11-07.05:19:49::SCWPlatform:: Unique name xilinx:::0.0
TRACE::2024-11-07.05:19:49::SCWPlatform::Trying to set the existing hwdb with name mb_usb_hdmi_top_4
TRACE::2024-11-07.05:19:49::SCWPlatform::Opened existing hwdb mb_usb_hdmi_top_4
TRACE::2024-11-07.05:19:49::SCWPlatform::Found the Hw Db part of the input DSA
TRACE::2024-11-07.05:19:49::SCWMssOS::Checking the sw design at  C:/Users/realk/Desktop/ece385/ECE385/lab7_2/lab7_2_sdk/mb_usb_hdmi_top/microblaze_0/standalone_microblaze_0/bsp/system.mss
TRACE::2024-11-07.05:19:49::SCWMssOS::DEBUG:  swdes dump  C:/Users/realk/Desktop/ece385/ECE385/lab7_2/lab7_2_sdk/mb_usb_hdmi_top/microblaze_0/standalone_microblaze_0/bsp/system.mss|system||

TRACE::2024-11-07.05:19:49::SCWMssOS::Sw design exists and opened at  C:/Users/realk/Desktop/ece385/ECE385/lab7_2/lab7_2_sdk/mb_usb_hdmi_top/microblaze_0/standalone_microblaze_0/bsp/system.mss
TRACE::2024-11-07.05:19:49::SCWMssOS::Completed writing the mss file at C:/Users/realk/Desktop/ece385/ECE385/lab7_2/lab7_2_sdk/mb_usb_hdmi_top/microblaze_0/standalone_microblaze_0/bsp
TRACE::2024-11-07.05:19:49::SCWMssOS::Mss edits present, copying mssfile into export location C:/Users/realk/Desktop/ece385/ECE385/lab7_2/lab7_2_sdk/mb_usb_hdmi_top/microblaze_0/standalone_microblaze_0/bsp/system.mss
TRACE::2024-11-07.05:19:49::SCWMssOS::bsp generated is stale removing and regenerating. 
TRACE::2024-11-07.05:19:50::SCWMssOS::doing bsp build ... 
TRACE::2024-11-07.05:19:50::SCWMssOS::System Command Ran  C: & cd  C:/Users/realk/Desktop/ece385/ECE385/lab7_2/lab7_2_sdk/mb_usb_hdmi_top/microblaze_0/standalone_microblaze_0/bsp & make 
TRACE::2024-11-07.05:19:50::SCWMssOS::make --no-print-directory seq_libs

TRACE::2024-11-07.05:19:50::SCWMssOS::'Finished building libraries sequentially.'

TRACE::2024-11-07.05:19:50::SCWMssOS::make -j 14 --no-print-directory par_libs

TRACE::2024-11-07.05:19:50::SCWMssOS::"Running Make include in microblaze_0/libsrc/bram_v4_8/src"

TRACE::2024-11-07.05:19:50::SCWMssOS::make -C microblaze_0/libsrc/bram_v4_8/src -s include  "SHELL=CMD" "COMPILER=mb-gcc" "ASSEMBLER=mb-as" "ARCHIVER=mb-ar" "COMPILE
TRACE::2024-11-07.05:19:50::SCWMssOS::R_FLAGS=  -O2 -c -mcpu=v11.0 -mlittle-endian -mno-xl-reorder -mno-xl-soft-mul -mxl-barrel-shift -mxl-pattern-compare" "EXTRA_CO
TRACE::2024-11-07.05:19:50::SCWMssOS::MPILER_FLAGS=-g -ffunction-sections -fdata-sections -Wall -Wextra -fno-tree-loop-distribute-patterns"

TRACE::2024-11-07.05:19:50::SCWMssOS::"Running Make include in microblaze_0/libsrc/cpu_v2_16/src"

TRACE::2024-11-07.05:19:50::SCWMssOS::make -C microblaze_0/libsrc/cpu_v2_16/src -s include  "SHELL=CMD" "COMPILER=mb-gcc" "ASSEMBLER=mb-as" "ARCHIVER=mb-ar" "COMPILE
TRACE::2024-11-07.05:19:50::SCWMssOS::R_FLAGS=  -O2 -c -mcpu=v11.0 -mlittle-endian -mno-xl-reorder -mno-xl-soft-mul -mxl-barrel-shift -mxl-pattern-compare" "EXTRA_CO
TRACE::2024-11-07.05:19:50::SCWMssOS::MPILER_FLAGS=-g -ffunction-sections -fdata-sections -Wall -Wextra -fno-tree-loop-distribute-patterns"

TRACE::2024-11-07.05:19:50::SCWMssOS::"Running Make include in microblaze_0/libsrc/intc_v3_15/src"

TRACE::2024-11-07.05:19:51::SCWMssOS::make -C microblaze_0/libsrc/intc_v3_15/src -s include  "SHELL=CMD" "COMPILER=mb-gcc" "ASSEMBLER=mb-as" "ARCHIVER=mb-ar" "COMPIL
TRACE::2024-11-07.05:19:51::SCWMssOS::ER_FLAGS=  -O2 -c -mcpu=v11.0 -mlittle-endian -mno-xl-reorder -mno-xl-soft-mul -mxl-barrel-shift -mxl-pattern-compare" "EXTRA_C
TRACE::2024-11-07.05:19:51::SCWMssOS::OMPILER_FLAGS=-g -ffunction-sections -fdata-sections -Wall -Wextra -fno-tree-loop-distribute-patterns"

TRACE::2024-11-07.05:19:51::SCWMssOS::"Running Make include in microblaze_0/libsrc/standalone_v8_0/src"

TRACE::2024-11-07.05:19:51::SCWMssOS::make -C microblaze_0/libsrc/standalone_v8_0/src -s include  "SHELL=CMD" "COMPILER=mb-gcc" "ASSEMBLER=mb-as" "ARCHIVER=mb-ar" "C
TRACE::2024-11-07.05:19:51::SCWMssOS::OMPILER_FLAGS=  -O2 -c -mcpu=v11.0 -mlittle-endian -mno-xl-reorder -mno-xl-soft-mul -mxl-barrel-shift -mxl-pattern-compare" "EX
TRACE::2024-11-07.05:19:51::SCWMssOS::TRA_COMPILER_FLAGS=-g -ffunction-sections -fdata-sections -Wall -Wextra -fno-tree-loop-distribute-patterns"

TRACE::2024-11-07.05:19:51::SCWMssOS::"Running Make include in microblaze_0/libsrc/uartlite_v3_7/src"

TRACE::2024-11-07.05:19:51::SCWMssOS::make -C microblaze_0/libsrc/uartlite_v3_7/src -s include  "SHELL=CMD" "COMPILER=mb-gcc" "ASSEMBLER=mb-as" "ARCHIVER=mb-ar" "COM
TRACE::2024-11-07.05:19:51::SCWMssOS::PILER_FLAGS=  -O2 -c -mcpu=v11.0 -mlittle-endian -mno-xl-reorder -mno-xl-soft-mul -mxl-barrel-shift -mxl-pattern-compare" "EXTR
TRACE::2024-11-07.05:19:51::SCWMssOS::A_COMPILER_FLAGS=-g -ffunction-sections -fdata-sections -Wall -Wextra -fno-tree-loop-distribute-patterns"

TRACE::2024-11-07.05:19:51::SCWMssOS::"Running Make libs in microblaze_0/libsrc/bram_v4_8/src"

TRACE::2024-11-07.05:19:51::SCWMssOS::make -C microblaze_0/libsrc/bram_v4_8/src -s libs  "SHELL=CMD" "COMPILER=mb-gcc" "ASSEMBLER=mb-as" "ARCHIVER=mb-ar" "COMPILER_F
TRACE::2024-11-07.05:19:51::SCWMssOS::LAGS=  -O2 -c -mcpu=v11.0 -mlittle-endian -mno-xl-reorder -mno-xl-soft-mul -mxl-barrel-shift -mxl-pattern-compare" "EXTRA_COMPI
TRACE::2024-11-07.05:19:51::SCWMssOS::LER_FLAGS=-g -ffunction-sections -fdata-sections -Wall -Wextra -fno-tree-loop-distribute-patterns"

TRACE::2024-11-07.05:19:51::SCWMssOS::"Running Make libs in microblaze_0/libsrc/cpu_v2_16/src"

TRACE::2024-11-07.05:19:51::SCWMssOS::make -C microblaze_0/libsrc/cpu_v2_16/src -s libs  "SHELL=CMD" "COMPILER=mb-gcc" "ASSEMBLER=mb-as" "ARCHIVER=mb-ar" "COMPILER_F
TRACE::2024-11-07.05:19:51::SCWMssOS::LAGS=  -O2 -c -mcpu=v11.0 -mlittle-endian -mno-xl-reorder -mno-xl-soft-mul -mxl-barrel-shift -mxl-pattern-compare" "EXTRA_COMPI
TRACE::2024-11-07.05:19:51::SCWMssOS::LER_FLAGS=-g -ffunction-sections -fdata-sections -Wall -Wextra -fno-tree-loop-distribute-patterns"

TRACE::2024-11-07.05:19:51::SCWMssOS::"Running Make libs in microblaze_0/libsrc/intc_v3_15/src"

TRACE::2024-11-07.05:19:51::SCWMssOS::make -C microblaze_0/libsrc/intc_v3_15/src -s libs  "SHELL=CMD" "COMPILER=mb-gcc" "ASSEMBLER=mb-as" "ARCHIVER=mb-ar" "COMPILER_
TRACE::2024-11-07.05:19:51::SCWMssOS::FLAGS=  -O2 -c -mcpu=v11.0 -mlittle-endian -mno-xl-reorder -mno-xl-soft-mul -mxl-barrel-shift -mxl-pattern-compare" "EXTRA_COMP
TRACE::2024-11-07.05:19:51::SCWMssOS::ILER_FLAGS=-g -ffunction-sections -fdata-sections -Wall -Wextra -fno-tree-loop-distribute-patterns"

TRACE::2024-11-07.05:19:51::SCWMssOS::"Running Make libs in microblaze_0/libsrc/standalone_v8_0/src"

TRACE::2024-11-07.05:19:51::SCWMssOS::make -C microblaze_0/libsrc/standalone_v8_0/src -s libs  "SHELL=CMD" "COMPILER=mb-gcc" "ASSEMBLER=mb-as" "ARCHIVER=mb-ar" "COMP
TRACE::2024-11-07.05:19:51::SCWMssOS::ILER_FLAGS=  -O2 -c -mcpu=v11.0 -mlittle-endian -mno-xl-reorder -mno-xl-soft-mul -mxl-barrel-shift -mxl-pattern-compare" "EXTRA
TRACE::2024-11-07.05:19:51::SCWMssOS::_COMPILER_FLAGS=-g -ffunction-sections -fdata-sections -Wall -Wextra -fno-tree-loop-distribute-patterns"

TRACE::2024-11-07.05:19:51::SCWMssOS::"Running Make libs in microblaze_0/libsrc/uartlite_v3_7/src"

TRACE::2024-11-07.05:19:51::SCWMssOS::make -C microblaze_0/libsrc/uartlite_v3_7/src -s libs  "SHELL=CMD" "COMPILER=mb-gcc" "ASSEMBLER=mb-as" "ARCHIVER=mb-ar" "COMPIL
TRACE::2024-11-07.05:19:51::SCWMssOS::ER_FLAGS=  -O2 -c -mcpu=v11.0 -mlittle-endian -mno-xl-reorder -mno-xl-soft-mul -mxl-barrel-shift -mxl-pattern-compare" "EXTRA_C
TRACE::2024-11-07.05:19:51::SCWMssOS::OMPILER_FLAGS=-g -ffunction-sections -fdata-sections -Wall -Wextra -fno-tree-loop-distribute-patterns"

TRACE::2024-11-07.05:19:53::SCWMssOS::"DEBUG NON_LTO_OBJECTS is ../../../lib/microblaze_interrupt_handler.o"

TRACE::2024-11-07.05:19:53::SCWMssOS::'Finished building libraries parallelly.'

TRACE::2024-11-07.05:19:53::SCWMssOS::make --no-print-directory archive

TRACE::2024-11-07.05:19:53::SCWMssOS::mb-ar -r  microblaze_0/lib/libxil.a microblaze_0/lib/_exit.o microblaze_0/lib/errno.o microblaze_0/lib/fcntl.o microblaze_0/lib
TRACE::2024-11-07.05:19:53::SCWMssOS::/hw_exception_handler.o microblaze_0/lib/inbyte.o microblaze_0/lib/microblaze_disable_dcache.o microblaze_0/lib/microblaze_disa
TRACE::2024-11-07.05:19:53::SCWMssOS::ble_exceptions.o microblaze_0/lib/microblaze_disable_icache.o microblaze_0/lib/microblaze_disable_interrupts.o microblaze_0/lib
TRACE::2024-11-07.05:19:53::SCWMssOS::/microblaze_enable_dcache.o microblaze_0/lib/microblaze_enable_exceptions.o microblaze_0/lib/microblaze_enable_icache.o microbl
TRACE::2024-11-07.05:19:53::SCWMssOS::aze_0/lib/microblaze_enable_interrupts.o microblaze_0/lib/microblaze_exception_handler.o microblaze_0/lib/microblaze_flush_cach
TRACE::2024-11-07.05:19:53::SCWMssOS::e_ext.o microblaze_0/lib/microblaze_flush_cache_ext_range.o microblaze_0/lib/microblaze_flush_dcache.o microblaze_0/lib/microbl
TRACE::2024-11-07.05:19:53::SCWMssOS::aze_flush_dcache_range.o microblaze_0/lib/microblaze_init_dcache_range.o microblaze_0/lib/microblaze_init_icache_range.o microb
TRACE::2024-11-07.05:19:53::SCWMssOS::laze_0/lib/microblaze_interrupt_handler.o microblaze_0/lib/microblaze_interrupts_g.o microblaze_0/lib/microblaze_invalidate_cac
TRACE::2024-11-07.05:19:53::SCWMssOS::he_ext.o microblaze_0/lib/microblaze_invalidate_cache_ext_range.o microblaze_0/lib/microblaze_invalidate_dcache.o microblaze_0/
TRACE::2024-11-07.05:19:53::SCWMssOS::lib/microblaze_invalidate_dcache_range.o microblaze_0/lib/microblaze_invalidate_icache.o microblaze_0/lib/microblaze_invalidate
TRACE::2024-11-07.05:19:53::SCWMssOS::_icache_range.o microblaze_0/lib/microblaze_scrub.o microblaze_0/lib/microblaze_selftest.o microblaze_0/lib/microblaze_sleep.o 
TRACE::2024-11-07.05:19:53::SCWMssOS::microblaze_0/lib/microblaze_update_dcache.o microblaze_0/lib/microblaze_update_icache.o microblaze_0/lib/outbyte.o microblaze_0
TRACE::2024-11-07.05:19:53::SCWMssOS::/lib/print.o microblaze_0/lib/pvr.o microblaze_0/lib/xbram.o microblaze_0/lib/xbram_g.o microblaze_0/lib/xbram_intr.o microblaz
TRACE::2024-11-07.05:19:53::SCWMssOS::e_0/lib/xbram_selftest.o microblaze_0/lib/xbram_sinit.o microblaze_0/lib/xil_assert.o microblaze_0/lib/xil_cache.o microblaze_0
TRACE::2024-11-07.05:19:53::SCWMssOS::/lib/xil_clocking.o microblaze_0/lib/xil_exception.o microblaze_0/lib/xil_mem.o microblaze_0/lib/xil_misc_psreset_api.o microbl
TRACE::2024-11-07.05:19:53::SCWMssOS::aze_0/lib/xil_printf.o microblaze_0/lib/xil_sleepcommon.o microblaze_0/lib/xil_testcache.o microblaze_0/lib/xil_testio.o microb
TRACE::2024-11-07.05:19:53::SCWMssOS::laze_0/lib/xil_testmem.o microblaze_0/lib/xil_util.o microblaze_0/lib/xintc.o microblaze_0/lib/xintc_g.o microblaze_0/lib/xintc
TRACE::2024-11-07.05:19:53::SCWMssOS::_intr.o microblaze_0/lib/xintc_l.o microblaze_0/lib/xintc_options.o microblaze_0/lib/xintc_selftest.o microblaze_0/lib/xinterru
TRACE::2024-11-07.05:19:53::SCWMssOS::pt_wrap.o microblaze_0/lib/xio.o microblaze_0/lib/xplatform_info.o microblaze_0/lib/xuartlite.o microblaze_0/lib/xuartlite_g.o 
TRACE::2024-11-07.05:19:53::SCWMssOS::microblaze_0/lib/xuartlite_intr.o microblaze_0/lib/xuartlite_l.o microblaze_0/lib/xuartlite_selftest.o microblaze_0/lib/xuartli
TRACE::2024-11-07.05:19:53::SCWMssOS::te_sinit.o microblaze_0/lib/xuartlite_stats.o

TRACE::2024-11-07.05:19:53::SCWMssOS::'Finished building libraries'

TRACE::2024-11-07.05:19:53::SCWMssOS:: Checking if to create the Supporting Applications
TRACE::2024-11-07.05:19:53::SCWMssOS:: No Linux domain exists, trying to generate FSBL 
LOG::2024-11-07.05:19:53::SCWSystem::Completed Processing the domain standalone_microblaze_0
LOG::2024-11-07.05:19:53::SCWSystem::Completed Processing the sysconfig mb_usb_hdmi_top
LOG::2024-11-07.05:19:53::SCWPlatform::Completed generating the artifacts for system configuration mb_usb_hdmi_top
TRACE::2024-11-07.05:19:53::SCWPlatform::Started preparing the platform 
TRACE::2024-11-07.05:19:53::SCWSystem::Writing the bif file for system config mb_usb_hdmi_top
TRACE::2024-11-07.05:19:53::SCWSystem::dir created 
TRACE::2024-11-07.05:19:53::SCWSystem::Writing the bif 
TRACE::2024-11-07.05:19:53::SCWPlatform::Started writing the spfm file 
TRACE::2024-11-07.05:19:53::SCWPlatform::Started writing the xpfm file 
TRACE::2024-11-07.05:19:53::SCWPlatform::Completed generating the platform
TRACE::2024-11-07.05:19:53::SCWMssOS::Saving the mss changes C:/Users/realk/Desktop/ece385/ECE385/lab7_2/lab7_2_sdk/mb_usb_hdmi_top/microblaze_0/standalone_microblaze_0/bsp/system.mss
TRACE::2024-11-07.05:19:53::SCWMssOS::Adding the swdes entry, mss present, able to open swdb C:/Users/realk/Desktop/ece385/ECE385/lab7_2/lab7_2_sdk/mb_usb_hdmi_top/microblaze_0/standalone_microblaze_0/bsp/system.mss with des name system
TRACE::2024-11-07.05:19:53::SCWMssOS::Writing the mss file completed C:/Users/realk/Desktop/ece385/ECE385/lab7_2/lab7_2_sdk/mb_usb_hdmi_top/microblaze_0/standalone_microblaze_0/bsp/system.mss
TRACE::2024-11-07.05:19:53::SCWMssOS::Commit changes completed.
TRACE::2024-11-07.05:19:53::SCWPlatform::Trying to open the hw design at C:/Users/realk/Desktop/ece385/ECE385/lab7_2/lab7_2_sdk/mb_usb_hdmi_top/hw/mb_usb_hdmi_top.xsa
TRACE::2024-11-07.05:19:53::SCWPlatform::DSA given C:/Users/realk/Desktop/ece385/ECE385/lab7_2/lab7_2_sdk/mb_usb_hdmi_top/hw/mb_usb_hdmi_top.xsa
TRACE::2024-11-07.05:19:53::SCWPlatform::DSA absoulate path C:/Users/realk/Desktop/ece385/ECE385/lab7_2/lab7_2_sdk/mb_usb_hdmi_top/hw/mb_usb_hdmi_top.xsa
TRACE::2024-11-07.05:19:53::SCWPlatform::DSA directory C:/Users/realk/Desktop/ece385/ECE385/lab7_2/lab7_2_sdk/mb_usb_hdmi_top/hw
TRACE::2024-11-07.05:19:53::SCWPlatform:: Platform Path C:/Users/realk/Desktop/ece385/ECE385/lab7_2/lab7_2_sdk/mb_usb_hdmi_top/hw/mb_usb_hdmi_top.xsa
TRACE::2024-11-07.05:19:53::SCWPlatform:: Unique name xilinx:::0.0
TRACE::2024-11-07.05:19:53::SCWPlatform::Trying to set the existing hwdb with name mb_usb_hdmi_top_4
TRACE::2024-11-07.05:19:53::SCWPlatform::Opened existing hwdb mb_usb_hdmi_top_4
TRACE::2024-11-07.05:19:53::SCWPlatform::Found the Hw Db part of the input DSA
TRACE::2024-11-07.05:19:53::SCWMssOS::Checking the sw design at  C:/Users/realk/Desktop/ece385/ECE385/lab7_2/lab7_2_sdk/mb_usb_hdmi_top/microblaze_0/standalone_microblaze_0/bsp/system.mss
TRACE::2024-11-07.05:19:53::SCWMssOS::DEBUG:  swdes dump  C:/Users/realk/Desktop/ece385/ECE385/lab7_2/lab7_2_sdk/mb_usb_hdmi_top/microblaze_0/standalone_microblaze_0/bsp/system.mss|system||

TRACE::2024-11-07.05:19:53::SCWMssOS::Sw design exists and opened at  C:/Users/realk/Desktop/ece385/ECE385/lab7_2/lab7_2_sdk/mb_usb_hdmi_top/microblaze_0/standalone_microblaze_0/bsp/system.mss
TRACE::2024-11-07.05:19:53::SCWWriter::formatted JSON is {
	"platformName":	"mb_usb_hdmi_top",
	"sprVersion":	"2.0",
	"mode":	"gui",
	"dsaType":	"Fixed",
	"platformDesc":	"mb_usb_hdmi_top",
	"platHandOff":	"C:/Users/realk/Desktop/ece385/ECE385/lab7_2/mb_usb_hdmi_top.xsa",
	"platIntHandOff":	"<platformDir>/hw/mb_usb_hdmi_top.xsa",
	"deviceType":	"FPGA",
	"platIsPrebuiltAutogen":	"false",
	"platIsNoBootBsp":	"false",
	"hasFsblMakeHasChanges":	"false",
	"hasPmufwMakeHasChanges":	"false",
	"platPreBuiltFlag":	false,
	"platformSamplesDir":	"",
	"platActiveSys":	"mb_usb_hdmi_top",
	"systems":	[{
			"systemName":	"mb_usb_hdmi_top",
			"systemDesc":	"mb_usb_hdmi_top",
			"sysIsBootAutoGen":	"true",
			"systemDispName":	"mb_usb_hdmi_top",
			"sysActiveDom":	"standalone_microblaze_0",
			"sysDefaultDom":	"standalone_microblaze_0",
			"domains":	[{
					"domainName":	"standalone_microblaze_0",
					"domainDispName":	"standalone_microblaze_0",
					"domainDesc":	"standalone_microblaze_0",
					"processors":	"microblaze_0",
					"os":	"standalone",
					"sdxOs":	"standalone",
					"debugEnable":	"False",
					"domRuntimes":	["cpp"],
					"swRepo":	"",
					"mssOsVer":	"8.0",
					"mssFile":	"",
					"md5Digest":	"5422c1e5be4ae93f4de8c50507402f2a",
					"compatibleApp":	"",
					"domType":	"mssDomain",
					"arch":	"32-bit",
					"appSettings":	{
						"appCompilerFlags":	"",
						"appLinkerFlags":	""
					},
					"addedLibs":	[],
					"libOptions":	{
						"libsContainingOptions":	[]
					},
					"prebuiltLibs":	{
						"prebuiltIncPath":	[],
						"prebuiltLibPath":	[]
					},
					"isolation":	{
					}
				}]
		}]
}
KEYINFO::2024-11-07.05:19:53::SCWPlatform::updated the xpfm file.
TRACE::2024-11-07.05:19:54::SCWPlatform::Trying to open the hw design at C:/Users/realk/Desktop/ece385/ECE385/lab7_2/lab7_2_sdk/mb_usb_hdmi_top/hw/mb_usb_hdmi_top.xsa
TRACE::2024-11-07.05:19:54::SCWPlatform::DSA given C:/Users/realk/Desktop/ece385/ECE385/lab7_2/lab7_2_sdk/mb_usb_hdmi_top/hw/mb_usb_hdmi_top.xsa
TRACE::2024-11-07.05:19:54::SCWPlatform::DSA absoulate path C:/Users/realk/Desktop/ece385/ECE385/lab7_2/lab7_2_sdk/mb_usb_hdmi_top/hw/mb_usb_hdmi_top.xsa
TRACE::2024-11-07.05:19:54::SCWPlatform::DSA directory C:/Users/realk/Desktop/ece385/ECE385/lab7_2/lab7_2_sdk/mb_usb_hdmi_top/hw
TRACE::2024-11-07.05:19:54::SCWPlatform:: Platform Path C:/Users/realk/Desktop/ece385/ECE385/lab7_2/lab7_2_sdk/mb_usb_hdmi_top/hw/mb_usb_hdmi_top.xsa
TRACE::2024-11-07.05:19:54::SCWPlatform:: Unique name xilinx:::0.0
TRACE::2024-11-07.05:19:54::SCWPlatform::Trying to set the existing hwdb with name mb_usb_hdmi_top_4
TRACE::2024-11-07.05:19:54::SCWPlatform::Opened existing hwdb mb_usb_hdmi_top_4
TRACE::2024-11-07.05:19:54::SCWPlatform::Found the Hw Db part of the input DSA
TRACE::2024-11-07.05:19:54::SCWMssOS::Checking the sw design at  C:/Users/realk/Desktop/ece385/ECE385/lab7_2/lab7_2_sdk/mb_usb_hdmi_top/microblaze_0/standalone_microblaze_0/bsp/system.mss
TRACE::2024-11-07.05:19:54::SCWMssOS::DEBUG:  swdes dump  C:/Users/realk/Desktop/ece385/ECE385/lab7_2/lab7_2_sdk/mb_usb_hdmi_top/microblaze_0/standalone_microblaze_0/bsp/system.mss|system||

TRACE::2024-11-07.05:19:54::SCWMssOS::Sw design exists and opened at  C:/Users/realk/Desktop/ece385/ECE385/lab7_2/lab7_2_sdk/mb_usb_hdmi_top/microblaze_0/standalone_microblaze_0/bsp/system.mss
TRACE::2024-11-07.05:28:00::SCWPlatform::Clearing the existing platform
TRACE::2024-11-07.05:28:00::SCWSystem::Clearing the existing sysconfig
TRACE::2024-11-07.05:28:00::SCWMssOS::Removing the swdes entry for  C:/Users/realk/Desktop/ece385/ECE385/lab7_2/lab7_2_sdk/mb_usb_hdmi_top/microblaze_0/standalone_microblaze_0/bsp/system.mss
TRACE::2024-11-07.05:28:00::SCWSystem::Clearing the domains completed.
TRACE::2024-11-07.05:28:00::SCWPlatform::Clearing the opened hw db.
TRACE::2024-11-07.05:28:00::SCWPlatform::DSA given C:/Users/realk/Desktop/ece385/ECE385/lab7_2/lab7_2_sdk/mb_usb_hdmi_top/hw/mb_usb_hdmi_top.xsa
TRACE::2024-11-07.05:28:00::SCWPlatform::DSA absoulate path C:/Users/realk/Desktop/ece385/ECE385/lab7_2/lab7_2_sdk/mb_usb_hdmi_top/hw/mb_usb_hdmi_top.xsa
TRACE::2024-11-07.05:28:00::SCWPlatform:: Platform location is C:/Users/realk/Desktop/ece385/ECE385/lab7_2/lab7_2_sdk/mb_usb_hdmi_top/hw
TRACE::2024-11-07.05:28:00::SCWPlatform:: Platform Path C:/Users/realk/Desktop/ece385/ECE385/lab7_2/lab7_2_sdk/mb_usb_hdmi_top/hw/mb_usb_hdmi_top.xsa
TRACE::2024-11-07.05:28:00::SCWPlatform:: Unique name xilinx:::0.0
TRACE::2024-11-07.05:28:00::SCWPlatform::Removing the HwDB with name C:/Users/realk/Desktop/ece385/ECE385/lab7_2/lab7_2_sdk/mb_usb_hdmi_top/hw/mb_usb_hdmi_top.xsa
TRACE::2024-11-07.05:28:00::SCWPlatform::Trying to open the hw design at C:/Users/realk/Desktop/ece385/ECE385/lab7_2/lab7_2_sdk/mb_usb_hdmi_top/hw/mb_usb_hdmi_top.xsa
TRACE::2024-11-07.05:28:00::SCWPlatform::DSA given C:/Users/realk/Desktop/ece385/ECE385/lab7_2/lab7_2_sdk/mb_usb_hdmi_top/hw/mb_usb_hdmi_top.xsa
TRACE::2024-11-07.05:28:00::SCWPlatform::DSA absoulate path C:/Users/realk/Desktop/ece385/ECE385/lab7_2/lab7_2_sdk/mb_usb_hdmi_top/hw/mb_usb_hdmi_top.xsa
TRACE::2024-11-07.05:28:00::SCWPlatform::DSA directory C:/Users/realk/Desktop/ece385/ECE385/lab7_2/lab7_2_sdk/mb_usb_hdmi_top/hw
TRACE::2024-11-07.05:28:00::SCWPlatform:: Platform Path C:/Users/realk/Desktop/ece385/ECE385/lab7_2/lab7_2_sdk/mb_usb_hdmi_top/hw/mb_usb_hdmi_top.xsa
TRACE::2024-11-07.05:28:00::SCWPlatform:: Unique name xilinx:::0.0
TRACE::2024-11-07.05:28:00::SCWPlatform::Do not have an existing db opened. 
TRACE::2024-11-07.05:28:00::SCWPlatform::Opened new HwDB with name mb_usb_hdmi_top_6
TRACE::2024-11-07.05:28:00::SCWReader::Active system found as  mb_usb_hdmi_top
TRACE::2024-11-07.05:28:00::SCWReader::Handling sysconfig mb_usb_hdmi_top
TRACE::2024-11-07.05:28:00::SCWDomain::checking for install qemu data   : 
TRACE::2024-11-07.05:28:00::SCWPlatform::Trying to open the hw design at C:/Users/realk/Desktop/ece385/ECE385/lab7_2/lab7_2_sdk/mb_usb_hdmi_top/hw/mb_usb_hdmi_top.xsa
TRACE::2024-11-07.05:28:00::SCWPlatform::DSA given C:/Users/realk/Desktop/ece385/ECE385/lab7_2/lab7_2_sdk/mb_usb_hdmi_top/hw/mb_usb_hdmi_top.xsa
TRACE::2024-11-07.05:28:00::SCWPlatform::DSA absoulate path C:/Users/realk/Desktop/ece385/ECE385/lab7_2/lab7_2_sdk/mb_usb_hdmi_top/hw/mb_usb_hdmi_top.xsa
TRACE::2024-11-07.05:28:00::SCWPlatform::DSA directory C:/Users/realk/Desktop/ece385/ECE385/lab7_2/lab7_2_sdk/mb_usb_hdmi_top/hw
TRACE::2024-11-07.05:28:00::SCWPlatform:: Platform Path C:/Users/realk/Desktop/ece385/ECE385/lab7_2/lab7_2_sdk/mb_usb_hdmi_top/hw/mb_usb_hdmi_top.xsa
TRACE::2024-11-07.05:28:00::SCWPlatform:: Unique name xilinx:::0.0
TRACE::2024-11-07.05:28:00::SCWPlatform::Trying to set the existing hwdb with name mb_usb_hdmi_top_6
TRACE::2024-11-07.05:28:00::SCWPlatform::Opened existing hwdb mb_usb_hdmi_top_6
TRACE::2024-11-07.05:28:00::SCWPlatform::Found the Hw Db part of the input DSA
TRACE::2024-11-07.05:28:00::SCWPlatform::Trying to open the hw design at C:/Users/realk/Desktop/ece385/ECE385/lab7_2/lab7_2_sdk/mb_usb_hdmi_top/hw/mb_usb_hdmi_top.xsa
TRACE::2024-11-07.05:28:00::SCWPlatform::DSA given C:/Users/realk/Desktop/ece385/ECE385/lab7_2/lab7_2_sdk/mb_usb_hdmi_top/hw/mb_usb_hdmi_top.xsa
TRACE::2024-11-07.05:28:00::SCWPlatform::DSA absoulate path C:/Users/realk/Desktop/ece385/ECE385/lab7_2/lab7_2_sdk/mb_usb_hdmi_top/hw/mb_usb_hdmi_top.xsa
TRACE::2024-11-07.05:28:00::SCWPlatform::DSA directory C:/Users/realk/Desktop/ece385/ECE385/lab7_2/lab7_2_sdk/mb_usb_hdmi_top/hw
TRACE::2024-11-07.05:28:00::SCWPlatform:: Platform Path C:/Users/realk/Desktop/ece385/ECE385/lab7_2/lab7_2_sdk/mb_usb_hdmi_top/hw/mb_usb_hdmi_top.xsa
TRACE::2024-11-07.05:28:00::SCWPlatform:: Unique name xilinx:::0.0
TRACE::2024-11-07.05:28:00::SCWPlatform::Trying to set the existing hwdb with name mb_usb_hdmi_top_6
TRACE::2024-11-07.05:28:00::SCWPlatform::Opened existing hwdb mb_usb_hdmi_top_6
TRACE::2024-11-07.05:28:00::SCWPlatform::Found the Hw Db part of the input DSA
TRACE::2024-11-07.05:28:00::SCWPlatform::Trying to open the hw design at C:/Users/realk/Desktop/ece385/ECE385/lab7_2/lab7_2_sdk/mb_usb_hdmi_top/hw/mb_usb_hdmi_top.xsa
TRACE::2024-11-07.05:28:00::SCWPlatform::DSA given C:/Users/realk/Desktop/ece385/ECE385/lab7_2/lab7_2_sdk/mb_usb_hdmi_top/hw/mb_usb_hdmi_top.xsa
TRACE::2024-11-07.05:28:00::SCWPlatform::DSA absoulate path C:/Users/realk/Desktop/ece385/ECE385/lab7_2/lab7_2_sdk/mb_usb_hdmi_top/hw/mb_usb_hdmi_top.xsa
TRACE::2024-11-07.05:28:00::SCWPlatform::DSA directory C:/Users/realk/Desktop/ece385/ECE385/lab7_2/lab7_2_sdk/mb_usb_hdmi_top/hw
TRACE::2024-11-07.05:28:00::SCWPlatform:: Platform Path C:/Users/realk/Desktop/ece385/ECE385/lab7_2/lab7_2_sdk/mb_usb_hdmi_top/hw/mb_usb_hdmi_top.xsa
TRACE::2024-11-07.05:28:00::SCWPlatform:: Unique name xilinx:::0.0
TRACE::2024-11-07.05:28:00::SCWPlatform::Trying to set the existing hwdb with name mb_usb_hdmi_top_6
TRACE::2024-11-07.05:28:00::SCWPlatform::Opened existing hwdb mb_usb_hdmi_top_6
TRACE::2024-11-07.05:28:00::SCWPlatform::Found the Hw Db part of the input DSA
TRACE::2024-11-07.05:28:00::SCWPlatform::Trying to open the hw design at C:/Users/realk/Desktop/ece385/ECE385/lab7_2/lab7_2_sdk/mb_usb_hdmi_top/hw/mb_usb_hdmi_top.xsa
TRACE::2024-11-07.05:28:00::SCWPlatform::DSA given C:/Users/realk/Desktop/ece385/ECE385/lab7_2/lab7_2_sdk/mb_usb_hdmi_top/hw/mb_usb_hdmi_top.xsa
TRACE::2024-11-07.05:28:00::SCWPlatform::DSA absoulate path C:/Users/realk/Desktop/ece385/ECE385/lab7_2/lab7_2_sdk/mb_usb_hdmi_top/hw/mb_usb_hdmi_top.xsa
TRACE::2024-11-07.05:28:00::SCWPlatform::DSA directory C:/Users/realk/Desktop/ece385/ECE385/lab7_2/lab7_2_sdk/mb_usb_hdmi_top/hw
TRACE::2024-11-07.05:28:00::SCWPlatform:: Platform Path C:/Users/realk/Desktop/ece385/ECE385/lab7_2/lab7_2_sdk/mb_usb_hdmi_top/hw/mb_usb_hdmi_top.xsa
TRACE::2024-11-07.05:28:00::SCWPlatform:: Unique name xilinx:::0.0
TRACE::2024-11-07.05:28:00::SCWPlatform::Trying to set the existing hwdb with name mb_usb_hdmi_top_6
TRACE::2024-11-07.05:28:00::SCWPlatform::Opened existing hwdb mb_usb_hdmi_top_6
TRACE::2024-11-07.05:28:00::SCWPlatform::Found the Hw Db part of the input DSA
TRACE::2024-11-07.05:28:00::SCWMssOS::Checking the sw design at  C:/Users/realk/Desktop/ece385/ECE385/lab7_2/lab7_2_sdk/mb_usb_hdmi_top/microblaze_0/standalone_microblaze_0/bsp/system.mss
TRACE::2024-11-07.05:28:00::SCWMssOS::DEBUG:  swdes dump  
TRACE::2024-11-07.05:28:00::SCWMssOS::No sw design opened at  C:/Users/realk/Desktop/ece385/ECE385/lab7_2/lab7_2_sdk/mb_usb_hdmi_top/microblaze_0/standalone_microblaze_0/bsp/system.mss
TRACE::2024-11-07.05:28:00::SCWMssOS::mss exists loading the mss file  C:/Users/realk/Desktop/ece385/ECE385/lab7_2/lab7_2_sdk/mb_usb_hdmi_top/microblaze_0/standalone_microblaze_0/bsp/system.mss
TRACE::2024-11-07.05:28:00::SCWMssOS::Opened the sw design from mss  C:/Users/realk/Desktop/ece385/ECE385/lab7_2/lab7_2_sdk/mb_usb_hdmi_top/microblaze_0/standalone_microblaze_0/bsp/system.mss
TRACE::2024-11-07.05:28:00::SCWMssOS::Adding the swdes entry C:/Users/realk/Desktop/ece385/ECE385/lab7_2/lab7_2_sdk/mb_usb_hdmi_top/microblaze_0/standalone_microblaze_0/bsp/system.mss with des name system
TRACE::2024-11-07.05:28:00::SCWMssOS::updating the scw layer about changes
TRACE::2024-11-07.05:28:00::SCWMssOS::Opened the sw design.  C:/Users/realk/Desktop/ece385/ECE385/lab7_2/lab7_2_sdk/mb_usb_hdmi_top/microblaze_0/standalone_microblaze_0/bsp/system.mss
TRACE::2024-11-07.05:28:00::SCWMssOS::Saving the mss changes C:/Users/realk/Desktop/ece385/ECE385/lab7_2/lab7_2_sdk/mb_usb_hdmi_top/microblaze_0/standalone_microblaze_0/bsp/system.mss
TRACE::2024-11-07.05:28:00::SCWMssOS::Found a swdesign opened with the mssfile.
TRACE::2024-11-07.05:28:00::SCWMssOS::Completed writemss as part of save.
TRACE::2024-11-07.05:28:00::SCWMssOS::Commit changes completed.
TRACE::2024-11-07.05:28:00::SCWReader::Adding prebuilt librarypaths as   
TRACE::2024-11-07.05:28:00::SCWReader::Adding prebuilt incpaths  as   
TRACE::2024-11-07.05:28:00::SCWPlatform::Trying to open the hw design at C:/Users/realk/Desktop/ece385/ECE385/lab7_2/lab7_2_sdk/mb_usb_hdmi_top/hw/mb_usb_hdmi_top.xsa
TRACE::2024-11-07.05:28:00::SCWPlatform::DSA given C:/Users/realk/Desktop/ece385/ECE385/lab7_2/lab7_2_sdk/mb_usb_hdmi_top/hw/mb_usb_hdmi_top.xsa
TRACE::2024-11-07.05:28:00::SCWPlatform::DSA absoulate path C:/Users/realk/Desktop/ece385/ECE385/lab7_2/lab7_2_sdk/mb_usb_hdmi_top/hw/mb_usb_hdmi_top.xsa
TRACE::2024-11-07.05:28:00::SCWPlatform::DSA directory C:/Users/realk/Desktop/ece385/ECE385/lab7_2/lab7_2_sdk/mb_usb_hdmi_top/hw
TRACE::2024-11-07.05:28:00::SCWPlatform:: Platform Path C:/Users/realk/Desktop/ece385/ECE385/lab7_2/lab7_2_sdk/mb_usb_hdmi_top/hw/mb_usb_hdmi_top.xsa
TRACE::2024-11-07.05:28:00::SCWPlatform:: Unique name xilinx:::0.0
TRACE::2024-11-07.05:28:00::SCWPlatform::Trying to set the existing hwdb with name mb_usb_hdmi_top_6
TRACE::2024-11-07.05:28:00::SCWPlatform::Opened existing hwdb mb_usb_hdmi_top_6
TRACE::2024-11-07.05:28:00::SCWPlatform::Found the Hw Db part of the input DSA
TRACE::2024-11-07.05:28:00::SCWMssOS::Checking the sw design at  C:/Users/realk/Desktop/ece385/ECE385/lab7_2/lab7_2_sdk/mb_usb_hdmi_top/microblaze_0/standalone_microblaze_0/bsp/system.mss
TRACE::2024-11-07.05:28:00::SCWMssOS::DEBUG:  swdes dump  C:/Users/realk/Desktop/ece385/ECE385/lab7_2/lab7_2_sdk/mb_usb_hdmi_top/microblaze_0/standalone_microblaze_0/bsp/system.mss|system||

TRACE::2024-11-07.05:28:00::SCWMssOS::Sw design exists and opened at  C:/Users/realk/Desktop/ece385/ECE385/lab7_2/lab7_2_sdk/mb_usb_hdmi_top/microblaze_0/standalone_microblaze_0/bsp/system.mss
TRACE::2024-11-07.05:28:00::SCWReader::No isolation master present  
TRACE::2024-11-07.05:28:07::SCWPlatform::DSA given C:/Users/realk/Desktop/ece385/ECE385/lab7_2/lab7_2_sdk/mb_usb_hdmi_top/tempdsa/mb_usb_hdmi_top.xsa
TRACE::2024-11-07.05:28:07::SCWPlatform::DSA absoulate path C:/Users/realk/Desktop/ece385/ECE385/lab7_2/lab7_2_sdk/mb_usb_hdmi_top/tempdsa/mb_usb_hdmi_top.xsa
TRACE::2024-11-07.05:28:07::SCWPlatform:: Platform location is C:/Users/realk/Desktop/ece385/ECE385/lab7_2/lab7_2_sdk/mb_usb_hdmi_top/tempdsa
TRACE::2024-11-07.05:28:07::SCWPlatform:: Platform Path C:/Users/realk/Desktop/ece385/ECE385/lab7_2/lab7_2_sdk/mb_usb_hdmi_top/tempdsa/mb_usb_hdmi_top.xsa
TRACE::2024-11-07.05:28:07::SCWPlatform:: Unique name xilinx:::0.0
TRACE::2024-11-07.05:28:07::SCWPlatform::Found the Hw Db part of the input DSA
TRACE::2024-11-07.05:28:07::SCWMssOS::Doing hw sync for the mss in domain: standalone_microblaze_0
TRACE::2024-11-07.05:28:07::SCWPlatform::Trying to open the hw design at C:/Users/realk/Desktop/ece385/ECE385/lab7_2/lab7_2_sdk/mb_usb_hdmi_top/hw/mb_usb_hdmi_top.xsa
TRACE::2024-11-07.05:28:07::SCWPlatform::DSA given C:/Users/realk/Desktop/ece385/ECE385/lab7_2/lab7_2_sdk/mb_usb_hdmi_top/hw/mb_usb_hdmi_top.xsa
TRACE::2024-11-07.05:28:07::SCWPlatform::DSA absoulate path C:/Users/realk/Desktop/ece385/ECE385/lab7_2/lab7_2_sdk/mb_usb_hdmi_top/hw/mb_usb_hdmi_top.xsa
TRACE::2024-11-07.05:28:07::SCWPlatform::DSA directory C:/Users/realk/Desktop/ece385/ECE385/lab7_2/lab7_2_sdk/mb_usb_hdmi_top/hw
TRACE::2024-11-07.05:28:07::SCWPlatform:: Platform Path C:/Users/realk/Desktop/ece385/ECE385/lab7_2/lab7_2_sdk/mb_usb_hdmi_top/hw/mb_usb_hdmi_top.xsa
TRACE::2024-11-07.05:28:07::SCWPlatform:: Unique name xilinx:::0.0
TRACE::2024-11-07.05:28:07::SCWPlatform::Trying to set the existing hwdb with name mb_usb_hdmi_top_6
TRACE::2024-11-07.05:28:07::SCWPlatform::Opened existing hwdb mb_usb_hdmi_top_6
TRACE::2024-11-07.05:28:07::SCWPlatform::Found the Hw Db part of the input DSA
TRACE::2024-11-07.05:28:07::SCWPlatform::Trying to open the hw design at C:/Users/realk/Desktop/ece385/ECE385/lab7_2/lab7_2_sdk/mb_usb_hdmi_top/hw/mb_usb_hdmi_top.xsa
TRACE::2024-11-07.05:28:07::SCWPlatform::DSA given C:/Users/realk/Desktop/ece385/ECE385/lab7_2/lab7_2_sdk/mb_usb_hdmi_top/hw/mb_usb_hdmi_top.xsa
TRACE::2024-11-07.05:28:07::SCWPlatform::DSA absoulate path C:/Users/realk/Desktop/ece385/ECE385/lab7_2/lab7_2_sdk/mb_usb_hdmi_top/hw/mb_usb_hdmi_top.xsa
TRACE::2024-11-07.05:28:07::SCWPlatform::DSA directory C:/Users/realk/Desktop/ece385/ECE385/lab7_2/lab7_2_sdk/mb_usb_hdmi_top/hw
TRACE::2024-11-07.05:28:07::SCWPlatform:: Platform Path C:/Users/realk/Desktop/ece385/ECE385/lab7_2/lab7_2_sdk/mb_usb_hdmi_top/hw/mb_usb_hdmi_top.xsa
TRACE::2024-11-07.05:28:07::SCWPlatform:: Unique name xilinx:::0.0
TRACE::2024-11-07.05:28:07::SCWPlatform::Trying to set the existing hwdb with name mb_usb_hdmi_top_6
TRACE::2024-11-07.05:28:07::SCWPlatform::Opened existing hwdb mb_usb_hdmi_top_6
TRACE::2024-11-07.05:28:07::SCWPlatform::Found the Hw Db part of the input DSA
TRACE::2024-11-07.05:28:07::SCWMssOS::Checking the sw design at  C:/Users/realk/Desktop/ece385/ECE385/lab7_2/lab7_2_sdk/mb_usb_hdmi_top/microblaze_0/standalone_microblaze_0/bsp/system.mss
TRACE::2024-11-07.05:28:07::SCWMssOS::DEBUG:  swdes dump  C:/Users/realk/Desktop/ece385/ECE385/lab7_2/lab7_2_sdk/mb_usb_hdmi_top/microblaze_0/standalone_microblaze_0/bsp/system.mss|system||

TRACE::2024-11-07.05:28:07::SCWMssOS::Sw design exists and opened at  C:/Users/realk/Desktop/ece385/ECE385/lab7_2/lab7_2_sdk/mb_usb_hdmi_top/microblaze_0/standalone_microblaze_0/bsp/system.mss
TRACE::2024-11-07.05:28:07::SCWPlatform::Trying to open the hw design at C:/Users/realk/Desktop/ece385/ECE385/lab7_2/lab7_2_sdk/mb_usb_hdmi_top/tempdsa/mb_usb_hdmi_top.xsa
TRACE::2024-11-07.05:28:07::SCWPlatform::DSA given C:/Users/realk/Desktop/ece385/ECE385/lab7_2/lab7_2_sdk/mb_usb_hdmi_top/tempdsa/mb_usb_hdmi_top.xsa
TRACE::2024-11-07.05:28:07::SCWPlatform::DSA absoulate path C:/Users/realk/Desktop/ece385/ECE385/lab7_2/lab7_2_sdk/mb_usb_hdmi_top/tempdsa/mb_usb_hdmi_top.xsa
TRACE::2024-11-07.05:28:07::SCWPlatform::DSA directory C:/Users/realk/Desktop/ece385/ECE385/lab7_2/lab7_2_sdk/mb_usb_hdmi_top/tempdsa
TRACE::2024-11-07.05:28:07::SCWPlatform:: Platform Path C:/Users/realk/Desktop/ece385/ECE385/lab7_2/lab7_2_sdk/mb_usb_hdmi_top/tempdsa/mb_usb_hdmi_top.xsa
TRACE::2024-11-07.05:28:07::SCWPlatform:: Unique name xilinx:::0.0
TRACE::2024-11-07.05:28:07::SCWPlatform::update - Opened existing hwdb mb_usb_hdmi_top_7
TRACE::2024-11-07.05:28:07::SCWPlatform::Found the Hw Db part of the input DSA
TRACE::2024-11-07.05:28:07::SCWMssOS::Saving the mss changes C:/Users/realk/Desktop/ece385/ECE385/lab7_2/lab7_2_sdk/mb_usb_hdmi_top/microblaze_0/standalone_microblaze_0/bsp/system.mss
TRACE::2024-11-07.05:28:07::SCWMssOS::Found a swdesign opened with the mssfile.
TRACE::2024-11-07.05:28:07::SCWMssOS::Completed writemss as part of save.
TRACE::2024-11-07.05:28:07::SCWMssOS::Commit changes completed.
TRACE::2024-11-07.05:28:07::SCWMssOS::Completed hw sync for the mss in domain: standalone_microblaze_0
TRACE::2024-11-07.05:28:07::SCWMssOS::Removing the swdes entry for  C:/Users/realk/Desktop/ece385/ECE385/lab7_2/lab7_2_sdk/mb_usb_hdmi_top/microblaze_0/standalone_microblaze_0/bsp/system.mss
TRACE::2024-11-07.05:28:07::SCWPlatform::Trying to open the hw design at C:/Users/realk/Desktop/ece385/ECE385/lab7_2/lab7_2_sdk/mb_usb_hdmi_top/hw/mb_usb_hdmi_top.xsa
TRACE::2024-11-07.05:28:07::SCWPlatform::DSA given C:/Users/realk/Desktop/ece385/ECE385/lab7_2/lab7_2_sdk/mb_usb_hdmi_top/hw/mb_usb_hdmi_top.xsa
TRACE::2024-11-07.05:28:07::SCWPlatform::DSA absoulate path C:/Users/realk/Desktop/ece385/ECE385/lab7_2/lab7_2_sdk/mb_usb_hdmi_top/hw/mb_usb_hdmi_top.xsa
TRACE::2024-11-07.05:28:07::SCWPlatform::DSA directory C:/Users/realk/Desktop/ece385/ECE385/lab7_2/lab7_2_sdk/mb_usb_hdmi_top/hw
TRACE::2024-11-07.05:28:07::SCWPlatform:: Platform Path C:/Users/realk/Desktop/ece385/ECE385/lab7_2/lab7_2_sdk/mb_usb_hdmi_top/hw/mb_usb_hdmi_top.xsa
TRACE::2024-11-07.05:28:07::SCWPlatform:: Unique name xilinx:::0.0
TRACE::2024-11-07.05:28:07::SCWPlatform::Do not have an existing db opened. 
TRACE::2024-11-07.05:28:07::SCWPlatform::Opened new HwDB with name mb_usb_hdmi_top_8
TRACE::2024-11-07.05:28:07::SCWMssOS::Saving the mss changes C:/Users/realk/Desktop/ece385/ECE385/lab7_2/lab7_2_sdk/mb_usb_hdmi_top/microblaze_0/standalone_microblaze_0/bsp/system.mss
TRACE::2024-11-07.05:28:07::SCWMssOS::Adding the swdes entry, mss present, able to open swdb C:/Users/realk/Desktop/ece385/ECE385/lab7_2/lab7_2_sdk/mb_usb_hdmi_top/microblaze_0/standalone_microblaze_0/bsp/system.mss with des name system
TRACE::2024-11-07.05:28:07::SCWMssOS::Writing the mss file completed C:/Users/realk/Desktop/ece385/ECE385/lab7_2/lab7_2_sdk/mb_usb_hdmi_top/microblaze_0/standalone_microblaze_0/bsp/system.mss
TRACE::2024-11-07.05:28:07::SCWMssOS::Commit changes completed.
TRACE::2024-11-07.05:28:07::SCWPlatform::Trying to open the hw design at C:/Users/realk/Desktop/ece385/ECE385/lab7_2/lab7_2_sdk/mb_usb_hdmi_top/hw/mb_usb_hdmi_top.xsa
TRACE::2024-11-07.05:28:07::SCWPlatform::DSA given C:/Users/realk/Desktop/ece385/ECE385/lab7_2/lab7_2_sdk/mb_usb_hdmi_top/hw/mb_usb_hdmi_top.xsa
TRACE::2024-11-07.05:28:07::SCWPlatform::DSA absoulate path C:/Users/realk/Desktop/ece385/ECE385/lab7_2/lab7_2_sdk/mb_usb_hdmi_top/hw/mb_usb_hdmi_top.xsa
TRACE::2024-11-07.05:28:07::SCWPlatform::DSA directory C:/Users/realk/Desktop/ece385/ECE385/lab7_2/lab7_2_sdk/mb_usb_hdmi_top/hw
TRACE::2024-11-07.05:28:07::SCWPlatform:: Platform Path C:/Users/realk/Desktop/ece385/ECE385/lab7_2/lab7_2_sdk/mb_usb_hdmi_top/hw/mb_usb_hdmi_top.xsa
TRACE::2024-11-07.05:28:07::SCWPlatform:: Unique name xilinx:::0.0
TRACE::2024-11-07.05:28:07::SCWPlatform::Trying to set the existing hwdb with name mb_usb_hdmi_top_8
TRACE::2024-11-07.05:28:07::SCWPlatform::Opened existing hwdb mb_usb_hdmi_top_8
TRACE::2024-11-07.05:28:07::SCWPlatform::Found the Hw Db part of the input DSA
TRACE::2024-11-07.05:28:07::SCWMssOS::Checking the sw design at  C:/Users/realk/Desktop/ece385/ECE385/lab7_2/lab7_2_sdk/mb_usb_hdmi_top/microblaze_0/standalone_microblaze_0/bsp/system.mss
TRACE::2024-11-07.05:28:07::SCWMssOS::DEBUG:  swdes dump  C:/Users/realk/Desktop/ece385/ECE385/lab7_2/lab7_2_sdk/mb_usb_hdmi_top/microblaze_0/standalone_microblaze_0/bsp/system.mss|system||

TRACE::2024-11-07.05:28:07::SCWMssOS::Sw design exists and opened at  C:/Users/realk/Desktop/ece385/ECE385/lab7_2/lab7_2_sdk/mb_usb_hdmi_top/microblaze_0/standalone_microblaze_0/bsp/system.mss
TRACE::2024-11-07.05:28:07::SCWWriter::formatted JSON is {
	"platformName":	"mb_usb_hdmi_top",
	"sprVersion":	"2.0",
	"mode":	"gui",
	"dsaType":	"Fixed",
	"platformDesc":	"mb_usb_hdmi_top",
	"platHandOff":	"C:/Users/realk/Desktop/ece385/ECE385/lab7_2/mb_usb_hdmi_top.xsa",
	"platIntHandOff":	"<platformDir>/hw/mb_usb_hdmi_top.xsa",
	"deviceType":	"FPGA",
	"platIsPrebuiltAutogen":	"false",
	"platIsNoBootBsp":	"false",
	"hasFsblMakeHasChanges":	"false",
	"hasPmufwMakeHasChanges":	"false",
	"platPreBuiltFlag":	false,
	"platformSamplesDir":	"",
	"platActiveSys":	"mb_usb_hdmi_top",
	"systems":	[{
			"systemName":	"mb_usb_hdmi_top",
			"systemDesc":	"mb_usb_hdmi_top",
			"sysIsBootAutoGen":	"true",
			"systemDispName":	"mb_usb_hdmi_top",
			"sysActiveDom":	"standalone_microblaze_0",
			"sysDefaultDom":	"standalone_microblaze_0",
			"domains":	[{
					"domainName":	"standalone_microblaze_0",
					"domainDispName":	"standalone_microblaze_0",
					"domainDesc":	"standalone_microblaze_0",
					"processors":	"microblaze_0",
					"os":	"standalone",
					"sdxOs":	"standalone",
					"debugEnable":	"False",
					"domRuntimes":	["cpp"],
					"swRepo":	"",
					"mssOsVer":	"8.0",
					"mssFile":	"",
					"md5Digest":	"5422c1e5be4ae93f4de8c50507402f2a1",
					"compatibleApp":	"",
					"domType":	"mssDomain",
					"arch":	"32-bit",
					"appSettings":	{
						"appCompilerFlags":	"",
						"appLinkerFlags":	""
					},
					"addedLibs":	[],
					"libOptions":	{
						"libsContainingOptions":	[]
					},
					"prebuiltLibs":	{
						"prebuiltIncPath":	[],
						"prebuiltLibPath":	[]
					},
					"isolation":	{
					}
				}]
		}]
}
LOG::2024-11-07.05:28:20::SCWPlatform::Started generating the artifacts platform mb_usb_hdmi_top
TRACE::2024-11-07.05:28:20::SCWPlatform::Sanity checking of platform is completed
LOG::2024-11-07.05:28:21::SCWPlatform::Started generating the artifacts for system configuration mb_usb_hdmi_top
LOG::2024-11-07.05:28:21::SCWSystem::Checking the domain standalone_microblaze_0
LOG::2024-11-07.05:28:21::SCWSystem::Not a boot domain 
LOG::2024-11-07.05:28:21::SCWSystem::Started Processing the domain standalone_microblaze_0
TRACE::2024-11-07.05:28:21::SCWDomain::Generating domain artifcats
TRACE::2024-11-07.05:28:21::SCWMssOS::Generating standalone artifcats
TRACE::2024-11-07.05:28:21::SCWMssOS:: Copying the user libraries. 
TRACE::2024-11-07.05:28:21::SCWPlatform::Trying to open the hw design at C:/Users/realk/Desktop/ece385/ECE385/lab7_2/lab7_2_sdk/mb_usb_hdmi_top/hw/mb_usb_hdmi_top.xsa
TRACE::2024-11-07.05:28:21::SCWPlatform::DSA given C:/Users/realk/Desktop/ece385/ECE385/lab7_2/lab7_2_sdk/mb_usb_hdmi_top/hw/mb_usb_hdmi_top.xsa
TRACE::2024-11-07.05:28:21::SCWPlatform::DSA absoulate path C:/Users/realk/Desktop/ece385/ECE385/lab7_2/lab7_2_sdk/mb_usb_hdmi_top/hw/mb_usb_hdmi_top.xsa
TRACE::2024-11-07.05:28:21::SCWPlatform::DSA directory C:/Users/realk/Desktop/ece385/ECE385/lab7_2/lab7_2_sdk/mb_usb_hdmi_top/hw
TRACE::2024-11-07.05:28:21::SCWPlatform:: Platform Path C:/Users/realk/Desktop/ece385/ECE385/lab7_2/lab7_2_sdk/mb_usb_hdmi_top/hw/mb_usb_hdmi_top.xsa
TRACE::2024-11-07.05:28:21::SCWPlatform:: Unique name xilinx:::0.0
TRACE::2024-11-07.05:28:21::SCWPlatform::Trying to set the existing hwdb with name mb_usb_hdmi_top_8
TRACE::2024-11-07.05:28:21::SCWPlatform::Opened existing hwdb mb_usb_hdmi_top_8
TRACE::2024-11-07.05:28:21::SCWPlatform::Found the Hw Db part of the input DSA
TRACE::2024-11-07.05:28:21::SCWMssOS::Checking the sw design at  C:/Users/realk/Desktop/ece385/ECE385/lab7_2/lab7_2_sdk/mb_usb_hdmi_top/microblaze_0/standalone_microblaze_0/bsp/system.mss
TRACE::2024-11-07.05:28:21::SCWMssOS::DEBUG:  swdes dump  C:/Users/realk/Desktop/ece385/ECE385/lab7_2/lab7_2_sdk/mb_usb_hdmi_top/microblaze_0/standalone_microblaze_0/bsp/system.mss|system||

TRACE::2024-11-07.05:28:21::SCWMssOS::Sw design exists and opened at  C:/Users/realk/Desktop/ece385/ECE385/lab7_2/lab7_2_sdk/mb_usb_hdmi_top/microblaze_0/standalone_microblaze_0/bsp/system.mss
TRACE::2024-11-07.05:28:21::SCWMssOS::Completed writing the mss file at C:/Users/realk/Desktop/ece385/ECE385/lab7_2/lab7_2_sdk/mb_usb_hdmi_top/microblaze_0/standalone_microblaze_0/bsp
TRACE::2024-11-07.05:28:21::SCWMssOS::Mss edits present, copying mssfile into export location C:/Users/realk/Desktop/ece385/ECE385/lab7_2/lab7_2_sdk/mb_usb_hdmi_top/microblaze_0/standalone_microblaze_0/bsp/system.mss
TRACE::2024-11-07.05:28:21::SCWMssOS::bsp generated is stale removing and regenerating. 
TRACE::2024-11-07.05:28:23::SCWMssOS::doing bsp build ... 
TRACE::2024-11-07.05:28:23::SCWMssOS::System Command Ran  C: & cd  C:/Users/realk/Desktop/ece385/ECE385/lab7_2/lab7_2_sdk/mb_usb_hdmi_top/microblaze_0/standalone_microblaze_0/bsp & make 
TRACE::2024-11-07.05:28:23::SCWMssOS::make --no-print-directory seq_libs

TRACE::2024-11-07.05:28:23::SCWMssOS::'Finished building libraries sequentially.'

TRACE::2024-11-07.05:28:23::SCWMssOS::make -j 14 --no-print-directory par_libs

TRACE::2024-11-07.05:28:23::SCWMssOS::"Running Make include in microblaze_0/libsrc/bram_v4_8/src"

TRACE::2024-11-07.05:28:23::SCWMssOS::make -C microblaze_0/libsrc/bram_v4_8/src -s include  "SHELL=CMD" "COMPILER=mb-gcc" "ASSEMBLER=mb-as" "ARCHIVER=mb-ar" "COMPILE
TRACE::2024-11-07.05:28:23::SCWMssOS::R_FLAGS=  -O2 -c -mcpu=v11.0 -mlittle-endian -mno-xl-reorder -mno-xl-soft-mul -mxl-barrel-shift -mxl-pattern-compare" "EXTRA_CO
TRACE::2024-11-07.05:28:23::SCWMssOS::MPILER_FLAGS=-g -ffunction-sections -fdata-sections -Wall -Wextra -fno-tree-loop-distribute-patterns"

TRACE::2024-11-07.05:28:23::SCWMssOS::"Running Make include in microblaze_0/libsrc/cpu_v2_16/src"

TRACE::2024-11-07.05:28:23::SCWMssOS::make -C microblaze_0/libsrc/cpu_v2_16/src -s include  "SHELL=CMD" "COMPILER=mb-gcc" "ASSEMBLER=mb-as" "ARCHIVER=mb-ar" "COMPILE
TRACE::2024-11-07.05:28:23::SCWMssOS::R_FLAGS=  -O2 -c -mcpu=v11.0 -mlittle-endian -mno-xl-reorder -mno-xl-soft-mul -mxl-barrel-shift -mxl-pattern-compare" "EXTRA_CO
TRACE::2024-11-07.05:28:23::SCWMssOS::MPILER_FLAGS=-g -ffunction-sections -fdata-sections -Wall -Wextra -fno-tree-loop-distribute-patterns"

TRACE::2024-11-07.05:28:23::SCWMssOS::"Running Make include in microblaze_0/libsrc/intc_v3_15/src"

TRACE::2024-11-07.05:28:23::SCWMssOS::make -C microblaze_0/libsrc/intc_v3_15/src -s include  "SHELL=CMD" "COMPILER=mb-gcc" "ASSEMBLER=mb-as" "ARCHIVER=mb-ar" "COMPIL
TRACE::2024-11-07.05:28:23::SCWMssOS::ER_FLAGS=  -O2 -c -mcpu=v11.0 -mlittle-endian -mno-xl-reorder -mno-xl-soft-mul -mxl-barrel-shift -mxl-pattern-compare" "EXTRA_C
TRACE::2024-11-07.05:28:23::SCWMssOS::OMPILER_FLAGS=-g -ffunction-sections -fdata-sections -Wall -Wextra -fno-tree-loop-distribute-patterns"

TRACE::2024-11-07.05:28:23::SCWMssOS::"Running Make include in microblaze_0/libsrc/standalone_v8_0/src"

TRACE::2024-11-07.05:28:23::SCWMssOS::make -C microblaze_0/libsrc/standalone_v8_0/src -s include  "SHELL=CMD" "COMPILER=mb-gcc" "ASSEMBLER=mb-as" "ARCHIVER=mb-ar" "C
TRACE::2024-11-07.05:28:23::SCWMssOS::OMPILER_FLAGS=  -O2 -c -mcpu=v11.0 -mlittle-endian -mno-xl-reorder -mno-xl-soft-mul -mxl-barrel-shift -mxl-pattern-compare" "EX
TRACE::2024-11-07.05:28:23::SCWMssOS::TRA_COMPILER_FLAGS=-g -ffunction-sections -fdata-sections -Wall -Wextra -fno-tree-loop-distribute-patterns"

TRACE::2024-11-07.05:28:23::SCWMssOS::"Running Make include in microblaze_0/libsrc/uartlite_v3_7/src"

TRACE::2024-11-07.05:28:23::SCWMssOS::make -C microblaze_0/libsrc/uartlite_v3_7/src -s include  "SHELL=CMD" "COMPILER=mb-gcc" "ASSEMBLER=mb-as" "ARCHIVER=mb-ar" "COM
TRACE::2024-11-07.05:28:23::SCWMssOS::PILER_FLAGS=  -O2 -c -mcpu=v11.0 -mlittle-endian -mno-xl-reorder -mno-xl-soft-mul -mxl-barrel-shift -mxl-pattern-compare" "EXTR
TRACE::2024-11-07.05:28:23::SCWMssOS::A_COMPILER_FLAGS=-g -ffunction-sections -fdata-sections -Wall -Wextra -fno-tree-loop-distribute-patterns"

TRACE::2024-11-07.05:28:24::SCWMssOS::"Running Make libs in microblaze_0/libsrc/bram_v4_8/src"

TRACE::2024-11-07.05:28:24::SCWMssOS::make -C microblaze_0/libsrc/bram_v4_8/src -s libs  "SHELL=CMD" "COMPILER=mb-gcc" "ASSEMBLER=mb-as" "ARCHIVER=mb-ar" "COMPILER_F
TRACE::2024-11-07.05:28:24::SCWMssOS::LAGS=  -O2 -c -mcpu=v11.0 -mlittle-endian -mno-xl-reorder -mno-xl-soft-mul -mxl-barrel-shift -mxl-pattern-compare" "EXTRA_COMPI
TRACE::2024-11-07.05:28:24::SCWMssOS::LER_FLAGS=-g -ffunction-sections -fdata-sections -Wall -Wextra -fno-tree-loop-distribute-patterns"

TRACE::2024-11-07.05:28:24::SCWMssOS::"Running Make libs in microblaze_0/libsrc/cpu_v2_16/src"

TRACE::2024-11-07.05:28:24::SCWMssOS::make -C microblaze_0/libsrc/cpu_v2_16/src -s libs  "SHELL=CMD" "COMPILER=mb-gcc" "ASSEMBLER=mb-as" "ARCHIVER=mb-ar" "COMPILER_F
TRACE::2024-11-07.05:28:24::SCWMssOS::LAGS=  -O2 -c -mcpu=v11.0 -mlittle-endian -mno-xl-reorder -mno-xl-soft-mul -mxl-barrel-shift -mxl-pattern-compare" "EXTRA_COMPI
TRACE::2024-11-07.05:28:24::SCWMssOS::LER_FLAGS=-g -ffunction-sections -fdata-sections -Wall -Wextra -fno-tree-loop-distribute-patterns"

TRACE::2024-11-07.05:28:25::SCWMssOS::"Running Make libs in microblaze_0/libsrc/intc_v3_15/src"

TRACE::2024-11-07.05:28:25::SCWMssOS::make -C microblaze_0/libsrc/intc_v3_15/src -s libs  "SHELL=CMD" "COMPILER=mb-gcc" "ASSEMBLER=mb-as" "ARCHIVER=mb-ar" "COMPILER_
TRACE::2024-11-07.05:28:25::SCWMssOS::FLAGS=  -O2 -c -mcpu=v11.0 -mlittle-endian -mno-xl-reorder -mno-xl-soft-mul -mxl-barrel-shift -mxl-pattern-compare" "EXTRA_COMP
TRACE::2024-11-07.05:28:25::SCWMssOS::ILER_FLAGS=-g -ffunction-sections -fdata-sections -Wall -Wextra -fno-tree-loop-distribute-patterns"

TRACE::2024-11-07.05:28:25::SCWMssOS::"Running Make libs in microblaze_0/libsrc/standalone_v8_0/src"

TRACE::2024-11-07.05:28:25::SCWMssOS::make -C microblaze_0/libsrc/standalone_v8_0/src -s libs  "SHELL=CMD" "COMPILER=mb-gcc" "ASSEMBLER=mb-as" "ARCHIVER=mb-ar" "COMP
TRACE::2024-11-07.05:28:25::SCWMssOS::ILER_FLAGS=  -O2 -c -mcpu=v11.0 -mlittle-endian -mno-xl-reorder -mno-xl-soft-mul -mxl-barrel-shift -mxl-pattern-compare" "EXTRA
TRACE::2024-11-07.05:28:25::SCWMssOS::_COMPILER_FLAGS=-g -ffunction-sections -fdata-sections -Wall -Wextra -fno-tree-loop-distribute-patterns"

TRACE::2024-11-07.05:28:25::SCWMssOS::"Running Make libs in microblaze_0/libsrc/uartlite_v3_7/src"

TRACE::2024-11-07.05:28:25::SCWMssOS::make -C microblaze_0/libsrc/uartlite_v3_7/src -s libs  "SHELL=CMD" "COMPILER=mb-gcc" "ASSEMBLER=mb-as" "ARCHIVER=mb-ar" "COMPIL
TRACE::2024-11-07.05:28:25::SCWMssOS::ER_FLAGS=  -O2 -c -mcpu=v11.0 -mlittle-endian -mno-xl-reorder -mno-xl-soft-mul -mxl-barrel-shift -mxl-pattern-compare" "EXTRA_C
TRACE::2024-11-07.05:28:25::SCWMssOS::OMPILER_FLAGS=-g -ffunction-sections -fdata-sections -Wall -Wextra -fno-tree-loop-distribute-patterns"

TRACE::2024-11-07.05:28:31::SCWMssOS::"DEBUG NON_LTO_OBJECTS is ../../../lib/microblaze_interrupt_handler.o"

TRACE::2024-11-07.05:28:31::SCWMssOS::'Finished building libraries parallelly.'

TRACE::2024-11-07.05:28:31::SCWMssOS::make --no-print-directory archive

TRACE::2024-11-07.05:28:31::SCWMssOS::mb-ar -r  microblaze_0/lib/libxil.a microblaze_0/lib/_exit.o microblaze_0/lib/errno.o microblaze_0/lib/fcntl.o microblaze_0/lib
TRACE::2024-11-07.05:28:31::SCWMssOS::/hw_exception_handler.o microblaze_0/lib/inbyte.o microblaze_0/lib/microblaze_disable_dcache.o microblaze_0/lib/microblaze_disa
TRACE::2024-11-07.05:28:31::SCWMssOS::ble_exceptions.o microblaze_0/lib/microblaze_disable_icache.o microblaze_0/lib/microblaze_disable_interrupts.o microblaze_0/lib
TRACE::2024-11-07.05:28:31::SCWMssOS::/microblaze_enable_dcache.o microblaze_0/lib/microblaze_enable_exceptions.o microblaze_0/lib/microblaze_enable_icache.o microbl
TRACE::2024-11-07.05:28:31::SCWMssOS::aze_0/lib/microblaze_enable_interrupts.o microblaze_0/lib/microblaze_exception_handler.o microblaze_0/lib/microblaze_flush_cach
TRACE::2024-11-07.05:28:31::SCWMssOS::e_ext.o microblaze_0/lib/microblaze_flush_cache_ext_range.o microblaze_0/lib/microblaze_flush_dcache.o microblaze_0/lib/microbl
TRACE::2024-11-07.05:28:31::SCWMssOS::aze_flush_dcache_range.o microblaze_0/lib/microblaze_init_dcache_range.o microblaze_0/lib/microblaze_init_icache_range.o microb
TRACE::2024-11-07.05:28:31::SCWMssOS::laze_0/lib/microblaze_interrupt_handler.o microblaze_0/lib/microblaze_interrupts_g.o microblaze_0/lib/microblaze_invalidate_cac
TRACE::2024-11-07.05:28:31::SCWMssOS::he_ext.o microblaze_0/lib/microblaze_invalidate_cache_ext_range.o microblaze_0/lib/microblaze_invalidate_dcache.o microblaze_0/
TRACE::2024-11-07.05:28:31::SCWMssOS::lib/microblaze_invalidate_dcache_range.o microblaze_0/lib/microblaze_invalidate_icache.o microblaze_0/lib/microblaze_invalidate
TRACE::2024-11-07.05:28:31::SCWMssOS::_icache_range.o microblaze_0/lib/microblaze_scrub.o microblaze_0/lib/microblaze_selftest.o microblaze_0/lib/microblaze_sleep.o 
TRACE::2024-11-07.05:28:31::SCWMssOS::microblaze_0/lib/microblaze_update_dcache.o microblaze_0/lib/microblaze_update_icache.o microblaze_0/lib/outbyte.o microblaze_0
TRACE::2024-11-07.05:28:31::SCWMssOS::/lib/print.o microblaze_0/lib/pvr.o microblaze_0/lib/xbram.o microblaze_0/lib/xbram_g.o microblaze_0/lib/xbram_intr.o microblaz
TRACE::2024-11-07.05:28:31::SCWMssOS::e_0/lib/xbram_selftest.o microblaze_0/lib/xbram_sinit.o microblaze_0/lib/xil_assert.o microblaze_0/lib/xil_cache.o microblaze_0
TRACE::2024-11-07.05:28:31::SCWMssOS::/lib/xil_clocking.o microblaze_0/lib/xil_exception.o microblaze_0/lib/xil_mem.o microblaze_0/lib/xil_misc_psreset_api.o microbl
TRACE::2024-11-07.05:28:31::SCWMssOS::aze_0/lib/xil_printf.o microblaze_0/lib/xil_sleepcommon.o microblaze_0/lib/xil_testcache.o microblaze_0/lib/xil_testio.o microb
TRACE::2024-11-07.05:28:31::SCWMssOS::laze_0/lib/xil_testmem.o microblaze_0/lib/xil_util.o microblaze_0/lib/xintc.o microblaze_0/lib/xintc_g.o microblaze_0/lib/xintc
TRACE::2024-11-07.05:28:31::SCWMssOS::_intr.o microblaze_0/lib/xintc_l.o microblaze_0/lib/xintc_options.o microblaze_0/lib/xintc_selftest.o microblaze_0/lib/xinterru
TRACE::2024-11-07.05:28:31::SCWMssOS::pt_wrap.o microblaze_0/lib/xio.o microblaze_0/lib/xplatform_info.o microblaze_0/lib/xuartlite.o microblaze_0/lib/xuartlite_g.o 
TRACE::2024-11-07.05:28:31::SCWMssOS::microblaze_0/lib/xuartlite_intr.o microblaze_0/lib/xuartlite_l.o microblaze_0/lib/xuartlite_selftest.o microblaze_0/lib/xuartli
TRACE::2024-11-07.05:28:31::SCWMssOS::te_sinit.o microblaze_0/lib/xuartlite_stats.o

TRACE::2024-11-07.05:28:31::SCWMssOS::'Finished building libraries'

TRACE::2024-11-07.05:28:32::SCWMssOS:: Checking if to create the Supporting Applications
TRACE::2024-11-07.05:28:32::SCWMssOS:: No Linux domain exists, trying to generate FSBL 
LOG::2024-11-07.05:28:32::SCWSystem::Completed Processing the domain standalone_microblaze_0
LOG::2024-11-07.05:28:32::SCWSystem::Completed Processing the sysconfig mb_usb_hdmi_top
LOG::2024-11-07.05:28:32::SCWPlatform::Completed generating the artifacts for system configuration mb_usb_hdmi_top
TRACE::2024-11-07.05:28:32::SCWPlatform::Started preparing the platform 
TRACE::2024-11-07.05:28:32::SCWSystem::Writing the bif file for system config mb_usb_hdmi_top
TRACE::2024-11-07.05:28:32::SCWSystem::dir created 
TRACE::2024-11-07.05:28:32::SCWSystem::Writing the bif 
TRACE::2024-11-07.05:28:32::SCWPlatform::Started writing the spfm file 
TRACE::2024-11-07.05:28:32::SCWPlatform::Started writing the xpfm file 
TRACE::2024-11-07.05:28:32::SCWPlatform::Completed generating the platform
TRACE::2024-11-07.05:28:32::SCWMssOS::Saving the mss changes C:/Users/realk/Desktop/ece385/ECE385/lab7_2/lab7_2_sdk/mb_usb_hdmi_top/microblaze_0/standalone_microblaze_0/bsp/system.mss
TRACE::2024-11-07.05:28:32::SCWMssOS::Adding the swdes entry, mss present, able to open swdb C:/Users/realk/Desktop/ece385/ECE385/lab7_2/lab7_2_sdk/mb_usb_hdmi_top/microblaze_0/standalone_microblaze_0/bsp/system.mss with des name system
TRACE::2024-11-07.05:28:32::SCWMssOS::Writing the mss file completed C:/Users/realk/Desktop/ece385/ECE385/lab7_2/lab7_2_sdk/mb_usb_hdmi_top/microblaze_0/standalone_microblaze_0/bsp/system.mss
TRACE::2024-11-07.05:28:32::SCWMssOS::Commit changes completed.
TRACE::2024-11-07.05:28:32::SCWPlatform::Trying to open the hw design at C:/Users/realk/Desktop/ece385/ECE385/lab7_2/lab7_2_sdk/mb_usb_hdmi_top/hw/mb_usb_hdmi_top.xsa
TRACE::2024-11-07.05:28:32::SCWPlatform::DSA given C:/Users/realk/Desktop/ece385/ECE385/lab7_2/lab7_2_sdk/mb_usb_hdmi_top/hw/mb_usb_hdmi_top.xsa
TRACE::2024-11-07.05:28:32::SCWPlatform::DSA absoulate path C:/Users/realk/Desktop/ece385/ECE385/lab7_2/lab7_2_sdk/mb_usb_hdmi_top/hw/mb_usb_hdmi_top.xsa
TRACE::2024-11-07.05:28:32::SCWPlatform::DSA directory C:/Users/realk/Desktop/ece385/ECE385/lab7_2/lab7_2_sdk/mb_usb_hdmi_top/hw
TRACE::2024-11-07.05:28:32::SCWPlatform:: Platform Path C:/Users/realk/Desktop/ece385/ECE385/lab7_2/lab7_2_sdk/mb_usb_hdmi_top/hw/mb_usb_hdmi_top.xsa
TRACE::2024-11-07.05:28:32::SCWPlatform:: Unique name xilinx:::0.0
TRACE::2024-11-07.05:28:32::SCWPlatform::Trying to set the existing hwdb with name mb_usb_hdmi_top_8
TRACE::2024-11-07.05:28:32::SCWPlatform::Opened existing hwdb mb_usb_hdmi_top_8
TRACE::2024-11-07.05:28:32::SCWPlatform::Found the Hw Db part of the input DSA
TRACE::2024-11-07.05:28:32::SCWMssOS::Checking the sw design at  C:/Users/realk/Desktop/ece385/ECE385/lab7_2/lab7_2_sdk/mb_usb_hdmi_top/microblaze_0/standalone_microblaze_0/bsp/system.mss
TRACE::2024-11-07.05:28:32::SCWMssOS::DEBUG:  swdes dump  C:/Users/realk/Desktop/ece385/ECE385/lab7_2/lab7_2_sdk/mb_usb_hdmi_top/microblaze_0/standalone_microblaze_0/bsp/system.mss|system||

TRACE::2024-11-07.05:28:32::SCWMssOS::Sw design exists and opened at  C:/Users/realk/Desktop/ece385/ECE385/lab7_2/lab7_2_sdk/mb_usb_hdmi_top/microblaze_0/standalone_microblaze_0/bsp/system.mss
TRACE::2024-11-07.05:28:32::SCWWriter::formatted JSON is {
	"platformName":	"mb_usb_hdmi_top",
	"sprVersion":	"2.0",
	"mode":	"gui",
	"dsaType":	"Fixed",
	"platformDesc":	"mb_usb_hdmi_top",
	"platHandOff":	"C:/Users/realk/Desktop/ece385/ECE385/lab7_2/mb_usb_hdmi_top.xsa",
	"platIntHandOff":	"<platformDir>/hw/mb_usb_hdmi_top.xsa",
	"deviceType":	"FPGA",
	"platIsPrebuiltAutogen":	"false",
	"platIsNoBootBsp":	"false",
	"hasFsblMakeHasChanges":	"false",
	"hasPmufwMakeHasChanges":	"false",
	"platPreBuiltFlag":	false,
	"platformSamplesDir":	"",
	"platActiveSys":	"mb_usb_hdmi_top",
	"systems":	[{
			"systemName":	"mb_usb_hdmi_top",
			"systemDesc":	"mb_usb_hdmi_top",
			"sysIsBootAutoGen":	"true",
			"systemDispName":	"mb_usb_hdmi_top",
			"sysActiveDom":	"standalone_microblaze_0",
			"sysDefaultDom":	"standalone_microblaze_0",
			"domains":	[{
					"domainName":	"standalone_microblaze_0",
					"domainDispName":	"standalone_microblaze_0",
					"domainDesc":	"standalone_microblaze_0",
					"processors":	"microblaze_0",
					"os":	"standalone",
					"sdxOs":	"standalone",
					"debugEnable":	"False",
					"domRuntimes":	["cpp"],
					"swRepo":	"",
					"mssOsVer":	"8.0",
					"mssFile":	"",
					"md5Digest":	"5422c1e5be4ae93f4de8c50507402f2a",
					"compatibleApp":	"",
					"domType":	"mssDomain",
					"arch":	"32-bit",
					"appSettings":	{
						"appCompilerFlags":	"",
						"appLinkerFlags":	""
					},
					"addedLibs":	[],
					"libOptions":	{
						"libsContainingOptions":	[]
					},
					"prebuiltLibs":	{
						"prebuiltIncPath":	[],
						"prebuiltLibPath":	[]
					},
					"isolation":	{
					}
				}]
		}]
}
KEYINFO::2024-11-07.05:28:32::SCWPlatform::updated the xpfm file.
TRACE::2024-11-07.05:28:34::SCWPlatform::Trying to open the hw design at C:/Users/realk/Desktop/ece385/ECE385/lab7_2/lab7_2_sdk/mb_usb_hdmi_top/hw/mb_usb_hdmi_top.xsa
TRACE::2024-11-07.05:28:34::SCWPlatform::DSA given C:/Users/realk/Desktop/ece385/ECE385/lab7_2/lab7_2_sdk/mb_usb_hdmi_top/hw/mb_usb_hdmi_top.xsa
TRACE::2024-11-07.05:28:34::SCWPlatform::DSA absoulate path C:/Users/realk/Desktop/ece385/ECE385/lab7_2/lab7_2_sdk/mb_usb_hdmi_top/hw/mb_usb_hdmi_top.xsa
TRACE::2024-11-07.05:28:34::SCWPlatform::DSA directory C:/Users/realk/Desktop/ece385/ECE385/lab7_2/lab7_2_sdk/mb_usb_hdmi_top/hw
TRACE::2024-11-07.05:28:34::SCWPlatform:: Platform Path C:/Users/realk/Desktop/ece385/ECE385/lab7_2/lab7_2_sdk/mb_usb_hdmi_top/hw/mb_usb_hdmi_top.xsa
TRACE::2024-11-07.05:28:34::SCWPlatform:: Unique name xilinx:::0.0
TRACE::2024-11-07.05:28:34::SCWPlatform::Trying to set the existing hwdb with name mb_usb_hdmi_top_8
TRACE::2024-11-07.05:28:34::SCWPlatform::Opened existing hwdb mb_usb_hdmi_top_8
TRACE::2024-11-07.05:28:34::SCWPlatform::Found the Hw Db part of the input DSA
TRACE::2024-11-07.05:28:34::SCWMssOS::Checking the sw design at  C:/Users/realk/Desktop/ece385/ECE385/lab7_2/lab7_2_sdk/mb_usb_hdmi_top/microblaze_0/standalone_microblaze_0/bsp/system.mss
TRACE::2024-11-07.05:28:34::SCWMssOS::DEBUG:  swdes dump  C:/Users/realk/Desktop/ece385/ECE385/lab7_2/lab7_2_sdk/mb_usb_hdmi_top/microblaze_0/standalone_microblaze_0/bsp/system.mss|system||

TRACE::2024-11-07.05:28:34::SCWMssOS::Sw design exists and opened at  C:/Users/realk/Desktop/ece385/ECE385/lab7_2/lab7_2_sdk/mb_usb_hdmi_top/microblaze_0/standalone_microblaze_0/bsp/system.mss
TRACE::2024-11-07.19:40:53::SCWPlatform::Clearing the existing platform
TRACE::2024-11-07.19:40:53::SCWSystem::Clearing the existing sysconfig
TRACE::2024-11-07.19:40:53::SCWMssOS::Removing the swdes entry for  C:/Users/realk/Desktop/ece385/ECE385/lab7_2/lab7_2_sdk/mb_usb_hdmi_top/microblaze_0/standalone_microblaze_0/bsp/system.mss
TRACE::2024-11-07.19:40:53::SCWSystem::Clearing the domains completed.
TRACE::2024-11-07.19:40:53::SCWPlatform::Clearing the opened hw db.
TRACE::2024-11-07.19:40:53::SCWPlatform::DSA given C:/Users/realk/Desktop/ece385/ECE385/lab7_2/lab7_2_sdk/mb_usb_hdmi_top/hw/mb_usb_hdmi_top.xsa
TRACE::2024-11-07.19:40:53::SCWPlatform::DSA absoulate path C:/Users/realk/Desktop/ece385/ECE385/lab7_2/lab7_2_sdk/mb_usb_hdmi_top/hw/mb_usb_hdmi_top.xsa
TRACE::2024-11-07.19:40:53::SCWPlatform:: Platform location is C:/Users/realk/Desktop/ece385/ECE385/lab7_2/lab7_2_sdk/mb_usb_hdmi_top/hw
TRACE::2024-11-07.19:40:53::SCWPlatform:: Platform Path C:/Users/realk/Desktop/ece385/ECE385/lab7_2/lab7_2_sdk/mb_usb_hdmi_top/hw/mb_usb_hdmi_top.xsa
TRACE::2024-11-07.19:40:53::SCWPlatform:: Unique name xilinx:::0.0
TRACE::2024-11-07.19:40:53::SCWPlatform::Removing the HwDB with name C:/Users/realk/Desktop/ece385/ECE385/lab7_2/lab7_2_sdk/mb_usb_hdmi_top/hw/mb_usb_hdmi_top.xsa
TRACE::2024-11-07.19:40:53::SCWPlatform::Trying to open the hw design at C:/Users/realk/Desktop/ece385/ECE385/lab7_2/lab7_2_sdk/mb_usb_hdmi_top/hw/mb_usb_hdmi_top.xsa
TRACE::2024-11-07.19:40:53::SCWPlatform::DSA given C:/Users/realk/Desktop/ece385/ECE385/lab7_2/lab7_2_sdk/mb_usb_hdmi_top/hw/mb_usb_hdmi_top.xsa
TRACE::2024-11-07.19:40:53::SCWPlatform::DSA absoulate path C:/Users/realk/Desktop/ece385/ECE385/lab7_2/lab7_2_sdk/mb_usb_hdmi_top/hw/mb_usb_hdmi_top.xsa
TRACE::2024-11-07.19:40:53::SCWPlatform::DSA directory C:/Users/realk/Desktop/ece385/ECE385/lab7_2/lab7_2_sdk/mb_usb_hdmi_top/hw
TRACE::2024-11-07.19:40:53::SCWPlatform:: Platform Path C:/Users/realk/Desktop/ece385/ECE385/lab7_2/lab7_2_sdk/mb_usb_hdmi_top/hw/mb_usb_hdmi_top.xsa
TRACE::2024-11-07.19:40:53::SCWPlatform:: Unique name xilinx:::0.0
TRACE::2024-11-07.19:40:53::SCWPlatform::Do not have an existing db opened. 
TRACE::2024-11-07.19:40:54::SCWPlatform::Opened new HwDB with name mb_usb_hdmi_top_11
TRACE::2024-11-07.19:40:54::SCWReader::Active system found as  mb_usb_hdmi_top
TRACE::2024-11-07.19:40:54::SCWReader::Handling sysconfig mb_usb_hdmi_top
TRACE::2024-11-07.19:40:54::SCWDomain::checking for install qemu data   : 
TRACE::2024-11-07.19:40:54::SCWPlatform::Trying to open the hw design at C:/Users/realk/Desktop/ece385/ECE385/lab7_2/lab7_2_sdk/mb_usb_hdmi_top/hw/mb_usb_hdmi_top.xsa
TRACE::2024-11-07.19:40:54::SCWPlatform::DSA given C:/Users/realk/Desktop/ece385/ECE385/lab7_2/lab7_2_sdk/mb_usb_hdmi_top/hw/mb_usb_hdmi_top.xsa
TRACE::2024-11-07.19:40:54::SCWPlatform::DSA absoulate path C:/Users/realk/Desktop/ece385/ECE385/lab7_2/lab7_2_sdk/mb_usb_hdmi_top/hw/mb_usb_hdmi_top.xsa
TRACE::2024-11-07.19:40:54::SCWPlatform::DSA directory C:/Users/realk/Desktop/ece385/ECE385/lab7_2/lab7_2_sdk/mb_usb_hdmi_top/hw
TRACE::2024-11-07.19:40:54::SCWPlatform:: Platform Path C:/Users/realk/Desktop/ece385/ECE385/lab7_2/lab7_2_sdk/mb_usb_hdmi_top/hw/mb_usb_hdmi_top.xsa
TRACE::2024-11-07.19:40:54::SCWPlatform:: Unique name xilinx:::0.0
TRACE::2024-11-07.19:40:54::SCWPlatform::Trying to set the existing hwdb with name mb_usb_hdmi_top_11
TRACE::2024-11-07.19:40:54::SCWPlatform::Opened existing hwdb mb_usb_hdmi_top_11
TRACE::2024-11-07.19:40:54::SCWPlatform::Found the Hw Db part of the input DSA
TRACE::2024-11-07.19:40:54::SCWPlatform::Trying to open the hw design at C:/Users/realk/Desktop/ece385/ECE385/lab7_2/lab7_2_sdk/mb_usb_hdmi_top/hw/mb_usb_hdmi_top.xsa
TRACE::2024-11-07.19:40:54::SCWPlatform::DSA given C:/Users/realk/Desktop/ece385/ECE385/lab7_2/lab7_2_sdk/mb_usb_hdmi_top/hw/mb_usb_hdmi_top.xsa
TRACE::2024-11-07.19:40:54::SCWPlatform::DSA absoulate path C:/Users/realk/Desktop/ece385/ECE385/lab7_2/lab7_2_sdk/mb_usb_hdmi_top/hw/mb_usb_hdmi_top.xsa
TRACE::2024-11-07.19:40:54::SCWPlatform::DSA directory C:/Users/realk/Desktop/ece385/ECE385/lab7_2/lab7_2_sdk/mb_usb_hdmi_top/hw
TRACE::2024-11-07.19:40:54::SCWPlatform:: Platform Path C:/Users/realk/Desktop/ece385/ECE385/lab7_2/lab7_2_sdk/mb_usb_hdmi_top/hw/mb_usb_hdmi_top.xsa
TRACE::2024-11-07.19:40:54::SCWPlatform:: Unique name xilinx:::0.0
TRACE::2024-11-07.19:40:54::SCWPlatform::Trying to set the existing hwdb with name mb_usb_hdmi_top_11
TRACE::2024-11-07.19:40:54::SCWPlatform::Opened existing hwdb mb_usb_hdmi_top_11
TRACE::2024-11-07.19:40:54::SCWPlatform::Found the Hw Db part of the input DSA
TRACE::2024-11-07.19:40:54::SCWPlatform::Trying to open the hw design at C:/Users/realk/Desktop/ece385/ECE385/lab7_2/lab7_2_sdk/mb_usb_hdmi_top/hw/mb_usb_hdmi_top.xsa
TRACE::2024-11-07.19:40:54::SCWPlatform::DSA given C:/Users/realk/Desktop/ece385/ECE385/lab7_2/lab7_2_sdk/mb_usb_hdmi_top/hw/mb_usb_hdmi_top.xsa
TRACE::2024-11-07.19:40:54::SCWPlatform::DSA absoulate path C:/Users/realk/Desktop/ece385/ECE385/lab7_2/lab7_2_sdk/mb_usb_hdmi_top/hw/mb_usb_hdmi_top.xsa
TRACE::2024-11-07.19:40:54::SCWPlatform::DSA directory C:/Users/realk/Desktop/ece385/ECE385/lab7_2/lab7_2_sdk/mb_usb_hdmi_top/hw
TRACE::2024-11-07.19:40:54::SCWPlatform:: Platform Path C:/Users/realk/Desktop/ece385/ECE385/lab7_2/lab7_2_sdk/mb_usb_hdmi_top/hw/mb_usb_hdmi_top.xsa
TRACE::2024-11-07.19:40:54::SCWPlatform:: Unique name xilinx:::0.0
TRACE::2024-11-07.19:40:54::SCWPlatform::Trying to set the existing hwdb with name mb_usb_hdmi_top_11
TRACE::2024-11-07.19:40:54::SCWPlatform::Opened existing hwdb mb_usb_hdmi_top_11
TRACE::2024-11-07.19:40:54::SCWPlatform::Found the Hw Db part of the input DSA
TRACE::2024-11-07.19:40:54::SCWPlatform::Trying to open the hw design at C:/Users/realk/Desktop/ece385/ECE385/lab7_2/lab7_2_sdk/mb_usb_hdmi_top/hw/mb_usb_hdmi_top.xsa
TRACE::2024-11-07.19:40:54::SCWPlatform::DSA given C:/Users/realk/Desktop/ece385/ECE385/lab7_2/lab7_2_sdk/mb_usb_hdmi_top/hw/mb_usb_hdmi_top.xsa
TRACE::2024-11-07.19:40:54::SCWPlatform::DSA absoulate path C:/Users/realk/Desktop/ece385/ECE385/lab7_2/lab7_2_sdk/mb_usb_hdmi_top/hw/mb_usb_hdmi_top.xsa
TRACE::2024-11-07.19:40:54::SCWPlatform::DSA directory C:/Users/realk/Desktop/ece385/ECE385/lab7_2/lab7_2_sdk/mb_usb_hdmi_top/hw
TRACE::2024-11-07.19:40:54::SCWPlatform:: Platform Path C:/Users/realk/Desktop/ece385/ECE385/lab7_2/lab7_2_sdk/mb_usb_hdmi_top/hw/mb_usb_hdmi_top.xsa
TRACE::2024-11-07.19:40:54::SCWPlatform:: Unique name xilinx:::0.0
TRACE::2024-11-07.19:40:54::SCWPlatform::Trying to set the existing hwdb with name mb_usb_hdmi_top_11
TRACE::2024-11-07.19:40:54::SCWPlatform::Opened existing hwdb mb_usb_hdmi_top_11
TRACE::2024-11-07.19:40:54::SCWPlatform::Found the Hw Db part of the input DSA
TRACE::2024-11-07.19:40:54::SCWMssOS::Checking the sw design at  C:/Users/realk/Desktop/ece385/ECE385/lab7_2/lab7_2_sdk/mb_usb_hdmi_top/microblaze_0/standalone_microblaze_0/bsp/system.mss
TRACE::2024-11-07.19:40:54::SCWMssOS::DEBUG:  swdes dump  
TRACE::2024-11-07.19:40:54::SCWMssOS::No sw design opened at  C:/Users/realk/Desktop/ece385/ECE385/lab7_2/lab7_2_sdk/mb_usb_hdmi_top/microblaze_0/standalone_microblaze_0/bsp/system.mss
TRACE::2024-11-07.19:40:54::SCWMssOS::mss exists loading the mss file  C:/Users/realk/Desktop/ece385/ECE385/lab7_2/lab7_2_sdk/mb_usb_hdmi_top/microblaze_0/standalone_microblaze_0/bsp/system.mss
TRACE::2024-11-07.19:40:54::SCWMssOS::Opened the sw design from mss  C:/Users/realk/Desktop/ece385/ECE385/lab7_2/lab7_2_sdk/mb_usb_hdmi_top/microblaze_0/standalone_microblaze_0/bsp/system.mss
TRACE::2024-11-07.19:40:54::SCWMssOS::Adding the swdes entry C:/Users/realk/Desktop/ece385/ECE385/lab7_2/lab7_2_sdk/mb_usb_hdmi_top/microblaze_0/standalone_microblaze_0/bsp/system.mss with des name system
TRACE::2024-11-07.19:40:54::SCWMssOS::updating the scw layer about changes
TRACE::2024-11-07.19:40:54::SCWMssOS::Opened the sw design.  C:/Users/realk/Desktop/ece385/ECE385/lab7_2/lab7_2_sdk/mb_usb_hdmi_top/microblaze_0/standalone_microblaze_0/bsp/system.mss
TRACE::2024-11-07.19:40:54::SCWMssOS::Saving the mss changes C:/Users/realk/Desktop/ece385/ECE385/lab7_2/lab7_2_sdk/mb_usb_hdmi_top/microblaze_0/standalone_microblaze_0/bsp/system.mss
TRACE::2024-11-07.19:40:54::SCWMssOS::Found a swdesign opened with the mssfile.
TRACE::2024-11-07.19:40:54::SCWMssOS::Completed writemss as part of save.
TRACE::2024-11-07.19:40:54::SCWMssOS::Commit changes completed.
TRACE::2024-11-07.19:40:54::SCWReader::Adding prebuilt librarypaths as   
TRACE::2024-11-07.19:40:54::SCWReader::Adding prebuilt incpaths  as   
TRACE::2024-11-07.19:40:54::SCWPlatform::Trying to open the hw design at C:/Users/realk/Desktop/ece385/ECE385/lab7_2/lab7_2_sdk/mb_usb_hdmi_top/hw/mb_usb_hdmi_top.xsa
TRACE::2024-11-07.19:40:54::SCWPlatform::DSA given C:/Users/realk/Desktop/ece385/ECE385/lab7_2/lab7_2_sdk/mb_usb_hdmi_top/hw/mb_usb_hdmi_top.xsa
TRACE::2024-11-07.19:40:54::SCWPlatform::DSA absoulate path C:/Users/realk/Desktop/ece385/ECE385/lab7_2/lab7_2_sdk/mb_usb_hdmi_top/hw/mb_usb_hdmi_top.xsa
TRACE::2024-11-07.19:40:54::SCWPlatform::DSA directory C:/Users/realk/Desktop/ece385/ECE385/lab7_2/lab7_2_sdk/mb_usb_hdmi_top/hw
TRACE::2024-11-07.19:40:54::SCWPlatform:: Platform Path C:/Users/realk/Desktop/ece385/ECE385/lab7_2/lab7_2_sdk/mb_usb_hdmi_top/hw/mb_usb_hdmi_top.xsa
TRACE::2024-11-07.19:40:54::SCWPlatform:: Unique name xilinx:::0.0
TRACE::2024-11-07.19:40:54::SCWPlatform::Trying to set the existing hwdb with name mb_usb_hdmi_top_11
TRACE::2024-11-07.19:40:54::SCWPlatform::Opened existing hwdb mb_usb_hdmi_top_11
TRACE::2024-11-07.19:40:54::SCWPlatform::Found the Hw Db part of the input DSA
TRACE::2024-11-07.19:40:54::SCWMssOS::Checking the sw design at  C:/Users/realk/Desktop/ece385/ECE385/lab7_2/lab7_2_sdk/mb_usb_hdmi_top/microblaze_0/standalone_microblaze_0/bsp/system.mss
TRACE::2024-11-07.19:40:54::SCWMssOS::DEBUG:  swdes dump  C:/Users/realk/Desktop/ece385/ECE385/lab7_2/lab7_2_sdk/mb_usb_hdmi_top/microblaze_0/standalone_microblaze_0/bsp/system.mss|system||

TRACE::2024-11-07.19:40:54::SCWMssOS::Sw design exists and opened at  C:/Users/realk/Desktop/ece385/ECE385/lab7_2/lab7_2_sdk/mb_usb_hdmi_top/microblaze_0/standalone_microblaze_0/bsp/system.mss
TRACE::2024-11-07.19:40:54::SCWReader::No isolation master present  
TRACE::2024-11-07.19:41:06::SCWPlatform::DSA given C:/Users/realk/Desktop/ece385/ECE385/lab7_2/lab7_2_sdk/mb_usb_hdmi_top/tempdsa/mb_usb_hdmi_top.xsa
TRACE::2024-11-07.19:41:06::SCWPlatform::DSA absoulate path C:/Users/realk/Desktop/ece385/ECE385/lab7_2/lab7_2_sdk/mb_usb_hdmi_top/tempdsa/mb_usb_hdmi_top.xsa
TRACE::2024-11-07.19:41:06::SCWPlatform:: Platform location is C:/Users/realk/Desktop/ece385/ECE385/lab7_2/lab7_2_sdk/mb_usb_hdmi_top/tempdsa
TRACE::2024-11-07.19:41:06::SCWPlatform:: Platform Path C:/Users/realk/Desktop/ece385/ECE385/lab7_2/lab7_2_sdk/mb_usb_hdmi_top/tempdsa/mb_usb_hdmi_top.xsa
TRACE::2024-11-07.19:41:06::SCWPlatform:: Unique name xilinx:::0.0
TRACE::2024-11-07.19:41:06::SCWPlatform::Found the Hw Db part of the input DSA
TRACE::2024-11-07.19:41:06::SCWMssOS::Doing hw sync for the mss in domain: standalone_microblaze_0
TRACE::2024-11-07.19:41:06::SCWPlatform::Trying to open the hw design at C:/Users/realk/Desktop/ece385/ECE385/lab7_2/lab7_2_sdk/mb_usb_hdmi_top/hw/mb_usb_hdmi_top.xsa
TRACE::2024-11-07.19:41:06::SCWPlatform::DSA given C:/Users/realk/Desktop/ece385/ECE385/lab7_2/lab7_2_sdk/mb_usb_hdmi_top/hw/mb_usb_hdmi_top.xsa
TRACE::2024-11-07.19:41:06::SCWPlatform::DSA absoulate path C:/Users/realk/Desktop/ece385/ECE385/lab7_2/lab7_2_sdk/mb_usb_hdmi_top/hw/mb_usb_hdmi_top.xsa
TRACE::2024-11-07.19:41:06::SCWPlatform::DSA directory C:/Users/realk/Desktop/ece385/ECE385/lab7_2/lab7_2_sdk/mb_usb_hdmi_top/hw
TRACE::2024-11-07.19:41:06::SCWPlatform:: Platform Path C:/Users/realk/Desktop/ece385/ECE385/lab7_2/lab7_2_sdk/mb_usb_hdmi_top/hw/mb_usb_hdmi_top.xsa
TRACE::2024-11-07.19:41:06::SCWPlatform:: Unique name xilinx:::0.0
TRACE::2024-11-07.19:41:06::SCWPlatform::Trying to set the existing hwdb with name mb_usb_hdmi_top_11
TRACE::2024-11-07.19:41:06::SCWPlatform::Opened existing hwdb mb_usb_hdmi_top_11
TRACE::2024-11-07.19:41:06::SCWPlatform::Found the Hw Db part of the input DSA
TRACE::2024-11-07.19:41:06::SCWPlatform::Trying to open the hw design at C:/Users/realk/Desktop/ece385/ECE385/lab7_2/lab7_2_sdk/mb_usb_hdmi_top/hw/mb_usb_hdmi_top.xsa
TRACE::2024-11-07.19:41:06::SCWPlatform::DSA given C:/Users/realk/Desktop/ece385/ECE385/lab7_2/lab7_2_sdk/mb_usb_hdmi_top/hw/mb_usb_hdmi_top.xsa
TRACE::2024-11-07.19:41:06::SCWPlatform::DSA absoulate path C:/Users/realk/Desktop/ece385/ECE385/lab7_2/lab7_2_sdk/mb_usb_hdmi_top/hw/mb_usb_hdmi_top.xsa
TRACE::2024-11-07.19:41:06::SCWPlatform::DSA directory C:/Users/realk/Desktop/ece385/ECE385/lab7_2/lab7_2_sdk/mb_usb_hdmi_top/hw
TRACE::2024-11-07.19:41:06::SCWPlatform:: Platform Path C:/Users/realk/Desktop/ece385/ECE385/lab7_2/lab7_2_sdk/mb_usb_hdmi_top/hw/mb_usb_hdmi_top.xsa
TRACE::2024-11-07.19:41:06::SCWPlatform:: Unique name xilinx:::0.0
TRACE::2024-11-07.19:41:06::SCWPlatform::Trying to set the existing hwdb with name mb_usb_hdmi_top_11
TRACE::2024-11-07.19:41:06::SCWPlatform::Opened existing hwdb mb_usb_hdmi_top_11
TRACE::2024-11-07.19:41:06::SCWPlatform::Found the Hw Db part of the input DSA
TRACE::2024-11-07.19:41:06::SCWMssOS::Checking the sw design at  C:/Users/realk/Desktop/ece385/ECE385/lab7_2/lab7_2_sdk/mb_usb_hdmi_top/microblaze_0/standalone_microblaze_0/bsp/system.mss
TRACE::2024-11-07.19:41:06::SCWMssOS::DEBUG:  swdes dump  C:/Users/realk/Desktop/ece385/ECE385/lab7_2/lab7_2_sdk/mb_usb_hdmi_top/microblaze_0/standalone_microblaze_0/bsp/system.mss|system||

TRACE::2024-11-07.19:41:06::SCWMssOS::Sw design exists and opened at  C:/Users/realk/Desktop/ece385/ECE385/lab7_2/lab7_2_sdk/mb_usb_hdmi_top/microblaze_0/standalone_microblaze_0/bsp/system.mss
TRACE::2024-11-07.19:41:06::SCWPlatform::Trying to open the hw design at C:/Users/realk/Desktop/ece385/ECE385/lab7_2/lab7_2_sdk/mb_usb_hdmi_top/tempdsa/mb_usb_hdmi_top.xsa
TRACE::2024-11-07.19:41:06::SCWPlatform::DSA given C:/Users/realk/Desktop/ece385/ECE385/lab7_2/lab7_2_sdk/mb_usb_hdmi_top/tempdsa/mb_usb_hdmi_top.xsa
TRACE::2024-11-07.19:41:06::SCWPlatform::DSA absoulate path C:/Users/realk/Desktop/ece385/ECE385/lab7_2/lab7_2_sdk/mb_usb_hdmi_top/tempdsa/mb_usb_hdmi_top.xsa
TRACE::2024-11-07.19:41:06::SCWPlatform::DSA directory C:/Users/realk/Desktop/ece385/ECE385/lab7_2/lab7_2_sdk/mb_usb_hdmi_top/tempdsa
TRACE::2024-11-07.19:41:06::SCWPlatform:: Platform Path C:/Users/realk/Desktop/ece385/ECE385/lab7_2/lab7_2_sdk/mb_usb_hdmi_top/tempdsa/mb_usb_hdmi_top.xsa
TRACE::2024-11-07.19:41:06::SCWPlatform:: Unique name xilinx:::0.0
TRACE::2024-11-07.19:41:06::SCWPlatform::update - Opened existing hwdb mb_usb_hdmi_top_12
TRACE::2024-11-07.19:41:06::SCWPlatform::Found the Hw Db part of the input DSA
TRACE::2024-11-07.19:41:06::SCWMssOS::Saving the mss changes C:/Users/realk/Desktop/ece385/ECE385/lab7_2/lab7_2_sdk/mb_usb_hdmi_top/microblaze_0/standalone_microblaze_0/bsp/system.mss
TRACE::2024-11-07.19:41:06::SCWMssOS::Found a swdesign opened with the mssfile.
TRACE::2024-11-07.19:41:06::SCWMssOS::Completed writemss as part of save.
TRACE::2024-11-07.19:41:06::SCWMssOS::Commit changes completed.
TRACE::2024-11-07.19:41:06::SCWMssOS::Completed hw sync for the mss in domain: standalone_microblaze_0
TRACE::2024-11-07.19:41:06::SCWMssOS::Removing the swdes entry for  C:/Users/realk/Desktop/ece385/ECE385/lab7_2/lab7_2_sdk/mb_usb_hdmi_top/microblaze_0/standalone_microblaze_0/bsp/system.mss
TRACE::2024-11-07.19:41:06::SCWPlatform::Trying to open the hw design at C:/Users/realk/Desktop/ece385/ECE385/lab7_2/lab7_2_sdk/mb_usb_hdmi_top/hw/mb_usb_hdmi_top.xsa
TRACE::2024-11-07.19:41:06::SCWPlatform::DSA given C:/Users/realk/Desktop/ece385/ECE385/lab7_2/lab7_2_sdk/mb_usb_hdmi_top/hw/mb_usb_hdmi_top.xsa
TRACE::2024-11-07.19:41:06::SCWPlatform::DSA absoulate path C:/Users/realk/Desktop/ece385/ECE385/lab7_2/lab7_2_sdk/mb_usb_hdmi_top/hw/mb_usb_hdmi_top.xsa
TRACE::2024-11-07.19:41:06::SCWPlatform::DSA directory C:/Users/realk/Desktop/ece385/ECE385/lab7_2/lab7_2_sdk/mb_usb_hdmi_top/hw
TRACE::2024-11-07.19:41:06::SCWPlatform:: Platform Path C:/Users/realk/Desktop/ece385/ECE385/lab7_2/lab7_2_sdk/mb_usb_hdmi_top/hw/mb_usb_hdmi_top.xsa
TRACE::2024-11-07.19:41:06::SCWPlatform:: Unique name xilinx:::0.0
TRACE::2024-11-07.19:41:06::SCWPlatform::Do not have an existing db opened. 
TRACE::2024-11-07.19:41:06::SCWPlatform::Opened new HwDB with name mb_usb_hdmi_top_13
TRACE::2024-11-07.19:41:06::SCWMssOS::Saving the mss changes C:/Users/realk/Desktop/ece385/ECE385/lab7_2/lab7_2_sdk/mb_usb_hdmi_top/microblaze_0/standalone_microblaze_0/bsp/system.mss
TRACE::2024-11-07.19:41:06::SCWMssOS::Adding the swdes entry, mss present, able to open swdb C:/Users/realk/Desktop/ece385/ECE385/lab7_2/lab7_2_sdk/mb_usb_hdmi_top/microblaze_0/standalone_microblaze_0/bsp/system.mss with des name system
TRACE::2024-11-07.19:41:06::SCWMssOS::Writing the mss file completed C:/Users/realk/Desktop/ece385/ECE385/lab7_2/lab7_2_sdk/mb_usb_hdmi_top/microblaze_0/standalone_microblaze_0/bsp/system.mss
TRACE::2024-11-07.19:41:06::SCWMssOS::Commit changes completed.
TRACE::2024-11-07.19:41:06::SCWPlatform::Trying to open the hw design at C:/Users/realk/Desktop/ece385/ECE385/lab7_2/lab7_2_sdk/mb_usb_hdmi_top/hw/mb_usb_hdmi_top.xsa
TRACE::2024-11-07.19:41:06::SCWPlatform::DSA given C:/Users/realk/Desktop/ece385/ECE385/lab7_2/lab7_2_sdk/mb_usb_hdmi_top/hw/mb_usb_hdmi_top.xsa
TRACE::2024-11-07.19:41:06::SCWPlatform::DSA absoulate path C:/Users/realk/Desktop/ece385/ECE385/lab7_2/lab7_2_sdk/mb_usb_hdmi_top/hw/mb_usb_hdmi_top.xsa
TRACE::2024-11-07.19:41:06::SCWPlatform::DSA directory C:/Users/realk/Desktop/ece385/ECE385/lab7_2/lab7_2_sdk/mb_usb_hdmi_top/hw
TRACE::2024-11-07.19:41:06::SCWPlatform:: Platform Path C:/Users/realk/Desktop/ece385/ECE385/lab7_2/lab7_2_sdk/mb_usb_hdmi_top/hw/mb_usb_hdmi_top.xsa
TRACE::2024-11-07.19:41:06::SCWPlatform:: Unique name xilinx:::0.0
TRACE::2024-11-07.19:41:06::SCWPlatform::Trying to set the existing hwdb with name mb_usb_hdmi_top_13
TRACE::2024-11-07.19:41:06::SCWPlatform::Opened existing hwdb mb_usb_hdmi_top_13
TRACE::2024-11-07.19:41:06::SCWPlatform::Found the Hw Db part of the input DSA
TRACE::2024-11-07.19:41:06::SCWMssOS::Checking the sw design at  C:/Users/realk/Desktop/ece385/ECE385/lab7_2/lab7_2_sdk/mb_usb_hdmi_top/microblaze_0/standalone_microblaze_0/bsp/system.mss
TRACE::2024-11-07.19:41:06::SCWMssOS::DEBUG:  swdes dump  C:/Users/realk/Desktop/ece385/ECE385/lab7_2/lab7_2_sdk/mb_usb_hdmi_top/microblaze_0/standalone_microblaze_0/bsp/system.mss|system||

TRACE::2024-11-07.19:41:06::SCWMssOS::Sw design exists and opened at  C:/Users/realk/Desktop/ece385/ECE385/lab7_2/lab7_2_sdk/mb_usb_hdmi_top/microblaze_0/standalone_microblaze_0/bsp/system.mss
TRACE::2024-11-07.19:41:06::SCWWriter::formatted JSON is {
	"platformName":	"mb_usb_hdmi_top",
	"sprVersion":	"2.0",
	"mode":	"gui",
	"dsaType":	"Fixed",
	"platformDesc":	"mb_usb_hdmi_top",
	"platHandOff":	"C:/Users/realk/Desktop/ece385/ECE385/lab7_2/mb_usb_hdmi_top.xsa",
	"platIntHandOff":	"<platformDir>/hw/mb_usb_hdmi_top.xsa",
	"deviceType":	"FPGA",
	"platIsPrebuiltAutogen":	"false",
	"platIsNoBootBsp":	"false",
	"hasFsblMakeHasChanges":	"false",
	"hasPmufwMakeHasChanges":	"false",
	"platPreBuiltFlag":	false,
	"platformSamplesDir":	"",
	"platActiveSys":	"mb_usb_hdmi_top",
	"systems":	[{
			"systemName":	"mb_usb_hdmi_top",
			"systemDesc":	"mb_usb_hdmi_top",
			"sysIsBootAutoGen":	"true",
			"systemDispName":	"mb_usb_hdmi_top",
			"sysActiveDom":	"standalone_microblaze_0",
			"sysDefaultDom":	"standalone_microblaze_0",
			"domains":	[{
					"domainName":	"standalone_microblaze_0",
					"domainDispName":	"standalone_microblaze_0",
					"domainDesc":	"standalone_microblaze_0",
					"processors":	"microblaze_0",
					"os":	"standalone",
					"sdxOs":	"standalone",
					"debugEnable":	"False",
					"domRuntimes":	["cpp"],
					"swRepo":	"",
					"mssOsVer":	"8.0",
					"mssFile":	"",
					"md5Digest":	"5422c1e5be4ae93f4de8c50507402f2a1",
					"compatibleApp":	"",
					"domType":	"mssDomain",
					"arch":	"32-bit",
					"appSettings":	{
						"appCompilerFlags":	"",
						"appLinkerFlags":	""
					},
					"addedLibs":	[],
					"libOptions":	{
						"libsContainingOptions":	[]
					},
					"prebuiltLibs":	{
						"prebuiltIncPath":	[],
						"prebuiltLibPath":	[]
					},
					"isolation":	{
					}
				}]
		}]
}
LOG::2024-11-07.19:48:15::SCWPlatform::Started generating the artifacts platform mb_usb_hdmi_top
TRACE::2024-11-07.19:48:15::SCWPlatform::Sanity checking of platform is completed
LOG::2024-11-07.19:48:15::SCWPlatform::Started generating the artifacts for system configuration mb_usb_hdmi_top
LOG::2024-11-07.19:48:15::SCWSystem::Checking the domain standalone_microblaze_0
LOG::2024-11-07.19:48:15::SCWSystem::Not a boot domain 
LOG::2024-11-07.19:48:15::SCWSystem::Started Processing the domain standalone_microblaze_0
TRACE::2024-11-07.19:48:15::SCWDomain::Generating domain artifcats
TRACE::2024-11-07.19:48:15::SCWMssOS::Generating standalone artifcats
TRACE::2024-11-07.19:48:15::SCWMssOS:: Copying the user libraries. 
TRACE::2024-11-07.19:48:15::SCWPlatform::Trying to open the hw design at C:/Users/realk/Desktop/ece385/ECE385/lab7_2/lab7_2_sdk/mb_usb_hdmi_top/hw/mb_usb_hdmi_top.xsa
TRACE::2024-11-07.19:48:15::SCWPlatform::DSA given C:/Users/realk/Desktop/ece385/ECE385/lab7_2/lab7_2_sdk/mb_usb_hdmi_top/hw/mb_usb_hdmi_top.xsa
TRACE::2024-11-07.19:48:15::SCWPlatform::DSA absoulate path C:/Users/realk/Desktop/ece385/ECE385/lab7_2/lab7_2_sdk/mb_usb_hdmi_top/hw/mb_usb_hdmi_top.xsa
TRACE::2024-11-07.19:48:15::SCWPlatform::DSA directory C:/Users/realk/Desktop/ece385/ECE385/lab7_2/lab7_2_sdk/mb_usb_hdmi_top/hw
TRACE::2024-11-07.19:48:15::SCWPlatform:: Platform Path C:/Users/realk/Desktop/ece385/ECE385/lab7_2/lab7_2_sdk/mb_usb_hdmi_top/hw/mb_usb_hdmi_top.xsa
TRACE::2024-11-07.19:48:15::SCWPlatform:: Unique name xilinx:::0.0
TRACE::2024-11-07.19:48:15::SCWPlatform::Trying to set the existing hwdb with name mb_usb_hdmi_top_13
TRACE::2024-11-07.19:48:15::SCWPlatform::Opened existing hwdb mb_usb_hdmi_top_13
TRACE::2024-11-07.19:48:15::SCWPlatform::Found the Hw Db part of the input DSA
TRACE::2024-11-07.19:48:15::SCWMssOS::Checking the sw design at  C:/Users/realk/Desktop/ece385/ECE385/lab7_2/lab7_2_sdk/mb_usb_hdmi_top/microblaze_0/standalone_microblaze_0/bsp/system.mss
TRACE::2024-11-07.19:48:15::SCWMssOS::DEBUG:  swdes dump  C:/Users/realk/Desktop/ece385/ECE385/lab7_2/lab7_2_sdk/mb_usb_hdmi_top/microblaze_0/standalone_microblaze_0/bsp/system.mss|system||

TRACE::2024-11-07.19:48:15::SCWMssOS::Sw design exists and opened at  C:/Users/realk/Desktop/ece385/ECE385/lab7_2/lab7_2_sdk/mb_usb_hdmi_top/microblaze_0/standalone_microblaze_0/bsp/system.mss
TRACE::2024-11-07.19:48:15::SCWMssOS::Completed writing the mss file at C:/Users/realk/Desktop/ece385/ECE385/lab7_2/lab7_2_sdk/mb_usb_hdmi_top/microblaze_0/standalone_microblaze_0/bsp
TRACE::2024-11-07.19:48:15::SCWMssOS::Mss edits present, copying mssfile into export location C:/Users/realk/Desktop/ece385/ECE385/lab7_2/lab7_2_sdk/mb_usb_hdmi_top/microblaze_0/standalone_microblaze_0/bsp/system.mss
TRACE::2024-11-07.19:48:15::SCWMssOS::bsp generated is stale removing and regenerating. 
TRACE::2024-11-07.19:48:18::SCWMssOS::doing bsp build ... 
TRACE::2024-11-07.19:48:18::SCWMssOS::System Command Ran  C: & cd  C:/Users/realk/Desktop/ece385/ECE385/lab7_2/lab7_2_sdk/mb_usb_hdmi_top/microblaze_0/standalone_microblaze_0/bsp & make 
TRACE::2024-11-07.19:48:19::SCWMssOS::make --no-print-directory seq_libs

TRACE::2024-11-07.19:48:19::SCWMssOS::'Finished building libraries sequentially.'

TRACE::2024-11-07.19:48:19::SCWMssOS::make -j 14 --no-print-directory par_libs

TRACE::2024-11-07.19:48:19::SCWMssOS::"Running Make include in microblaze_0/libsrc/bram_v4_8/src"

TRACE::2024-11-07.19:48:19::SCWMssOS::make -C microblaze_0/libsrc/bram_v4_8/src -s include  "SHELL=CMD" "COMPILER=mb-gcc" "ASSEMBLER=mb-as" "ARCHIVER=mb-ar" "COMPILE
TRACE::2024-11-07.19:48:19::SCWMssOS::R_FLAGS=  -O2 -c -mcpu=v11.0 -mlittle-endian -mno-xl-reorder -mno-xl-soft-mul -mxl-barrel-shift -mxl-pattern-compare" "EXTRA_CO
TRACE::2024-11-07.19:48:19::SCWMssOS::MPILER_FLAGS=-g -ffunction-sections -fdata-sections -Wall -Wextra -fno-tree-loop-distribute-patterns"

TRACE::2024-11-07.19:48:19::SCWMssOS::"Running Make include in microblaze_0/libsrc/cpu_v2_16/src"

TRACE::2024-11-07.19:48:19::SCWMssOS::make -C microblaze_0/libsrc/cpu_v2_16/src -s include  "SHELL=CMD" "COMPILER=mb-gcc" "ASSEMBLER=mb-as" "ARCHIVER=mb-ar" "COMPILE
TRACE::2024-11-07.19:48:19::SCWMssOS::R_FLAGS=  -O2 -c -mcpu=v11.0 -mlittle-endian -mno-xl-reorder -mno-xl-soft-mul -mxl-barrel-shift -mxl-pattern-compare" "EXTRA_CO
TRACE::2024-11-07.19:48:19::SCWMssOS::MPILER_FLAGS=-g -ffunction-sections -fdata-sections -Wall -Wextra -fno-tree-loop-distribute-patterns"

TRACE::2024-11-07.19:48:19::SCWMssOS::"Running Make include in microblaze_0/libsrc/intc_v3_15/src"

TRACE::2024-11-07.19:48:19::SCWMssOS::make -C microblaze_0/libsrc/intc_v3_15/src -s include  "SHELL=CMD" "COMPILER=mb-gcc" "ASSEMBLER=mb-as" "ARCHIVER=mb-ar" "COMPIL
TRACE::2024-11-07.19:48:19::SCWMssOS::ER_FLAGS=  -O2 -c -mcpu=v11.0 -mlittle-endian -mno-xl-reorder -mno-xl-soft-mul -mxl-barrel-shift -mxl-pattern-compare" "EXTRA_C
TRACE::2024-11-07.19:48:19::SCWMssOS::OMPILER_FLAGS=-g -ffunction-sections -fdata-sections -Wall -Wextra -fno-tree-loop-distribute-patterns"

TRACE::2024-11-07.19:48:19::SCWMssOS::"Running Make include in microblaze_0/libsrc/standalone_v8_0/src"

TRACE::2024-11-07.19:48:19::SCWMssOS::make -C microblaze_0/libsrc/standalone_v8_0/src -s include  "SHELL=CMD" "COMPILER=mb-gcc" "ASSEMBLER=mb-as" "ARCHIVER=mb-ar" "C
TRACE::2024-11-07.19:48:19::SCWMssOS::OMPILER_FLAGS=  -O2 -c -mcpu=v11.0 -mlittle-endian -mno-xl-reorder -mno-xl-soft-mul -mxl-barrel-shift -mxl-pattern-compare" "EX
TRACE::2024-11-07.19:48:19::SCWMssOS::TRA_COMPILER_FLAGS=-g -ffunction-sections -fdata-sections -Wall -Wextra -fno-tree-loop-distribute-patterns"

TRACE::2024-11-07.19:48:19::SCWMssOS::"Running Make include in microblaze_0/libsrc/uartlite_v3_7/src"

TRACE::2024-11-07.19:48:19::SCWMssOS::make -C microblaze_0/libsrc/uartlite_v3_7/src -s include  "SHELL=CMD" "COMPILER=mb-gcc" "ASSEMBLER=mb-as" "ARCHIVER=mb-ar" "COM
TRACE::2024-11-07.19:48:19::SCWMssOS::PILER_FLAGS=  -O2 -c -mcpu=v11.0 -mlittle-endian -mno-xl-reorder -mno-xl-soft-mul -mxl-barrel-shift -mxl-pattern-compare" "EXTR
TRACE::2024-11-07.19:48:19::SCWMssOS::A_COMPILER_FLAGS=-g -ffunction-sections -fdata-sections -Wall -Wextra -fno-tree-loop-distribute-patterns"

TRACE::2024-11-07.19:48:20::SCWMssOS::"Running Make libs in microblaze_0/libsrc/bram_v4_8/src"

TRACE::2024-11-07.19:48:20::SCWMssOS::make -C microblaze_0/libsrc/bram_v4_8/src -s libs  "SHELL=CMD" "COMPILER=mb-gcc" "ASSEMBLER=mb-as" "ARCHIVER=mb-ar" "COMPILER_F
TRACE::2024-11-07.19:48:20::SCWMssOS::LAGS=  -O2 -c -mcpu=v11.0 -mlittle-endian -mno-xl-reorder -mno-xl-soft-mul -mxl-barrel-shift -mxl-pattern-compare" "EXTRA_COMPI
TRACE::2024-11-07.19:48:20::SCWMssOS::LER_FLAGS=-g -ffunction-sections -fdata-sections -Wall -Wextra -fno-tree-loop-distribute-patterns"

TRACE::2024-11-07.19:48:20::SCWMssOS::"Running Make libs in microblaze_0/libsrc/cpu_v2_16/src"

TRACE::2024-11-07.19:48:20::SCWMssOS::make -C microblaze_0/libsrc/cpu_v2_16/src -s libs  "SHELL=CMD" "COMPILER=mb-gcc" "ASSEMBLER=mb-as" "ARCHIVER=mb-ar" "COMPILER_F
TRACE::2024-11-07.19:48:20::SCWMssOS::LAGS=  -O2 -c -mcpu=v11.0 -mlittle-endian -mno-xl-reorder -mno-xl-soft-mul -mxl-barrel-shift -mxl-pattern-compare" "EXTRA_COMPI
TRACE::2024-11-07.19:48:20::SCWMssOS::LER_FLAGS=-g -ffunction-sections -fdata-sections -Wall -Wextra -fno-tree-loop-distribute-patterns"

TRACE::2024-11-07.19:48:20::SCWMssOS::"Running Make libs in microblaze_0/libsrc/intc_v3_15/src"

TRACE::2024-11-07.19:48:20::SCWMssOS::make -C microblaze_0/libsrc/intc_v3_15/src -s libs  "SHELL=CMD" "COMPILER=mb-gcc" "ASSEMBLER=mb-as" "ARCHIVER=mb-ar" "COMPILER_
TRACE::2024-11-07.19:48:20::SCWMssOS::FLAGS=  -O2 -c -mcpu=v11.0 -mlittle-endian -mno-xl-reorder -mno-xl-soft-mul -mxl-barrel-shift -mxl-pattern-compare" "EXTRA_COMP
TRACE::2024-11-07.19:48:20::SCWMssOS::ILER_FLAGS=-g -ffunction-sections -fdata-sections -Wall -Wextra -fno-tree-loop-distribute-patterns"

TRACE::2024-11-07.19:48:20::SCWMssOS::"Running Make libs in microblaze_0/libsrc/standalone_v8_0/src"

TRACE::2024-11-07.19:48:20::SCWMssOS::make -C microblaze_0/libsrc/standalone_v8_0/src -s libs  "SHELL=CMD" "COMPILER=mb-gcc" "ASSEMBLER=mb-as" "ARCHIVER=mb-ar" "COMP
TRACE::2024-11-07.19:48:20::SCWMssOS::ILER_FLAGS=  -O2 -c -mcpu=v11.0 -mlittle-endian -mno-xl-reorder -mno-xl-soft-mul -mxl-barrel-shift -mxl-pattern-compare" "EXTRA
TRACE::2024-11-07.19:48:20::SCWMssOS::_COMPILER_FLAGS=-g -ffunction-sections -fdata-sections -Wall -Wextra -fno-tree-loop-distribute-patterns"

TRACE::2024-11-07.19:48:20::SCWMssOS::"Running Make libs in microblaze_0/libsrc/uartlite_v3_7/src"

TRACE::2024-11-07.19:48:20::SCWMssOS::make -C microblaze_0/libsrc/uartlite_v3_7/src -s libs  "SHELL=CMD" "COMPILER=mb-gcc" "ASSEMBLER=mb-as" "ARCHIVER=mb-ar" "COMPIL
TRACE::2024-11-07.19:48:20::SCWMssOS::ER_FLAGS=  -O2 -c -mcpu=v11.0 -mlittle-endian -mno-xl-reorder -mno-xl-soft-mul -mxl-barrel-shift -mxl-pattern-compare" "EXTRA_C
TRACE::2024-11-07.19:48:20::SCWMssOS::OMPILER_FLAGS=-g -ffunction-sections -fdata-sections -Wall -Wextra -fno-tree-loop-distribute-patterns"

TRACE::2024-11-07.19:48:27::SCWMssOS::"DEBUG NON_LTO_OBJECTS is ../../../lib/microblaze_interrupt_handler.o"

TRACE::2024-11-07.19:48:27::SCWMssOS::'Finished building libraries parallelly.'

TRACE::2024-11-07.19:48:27::SCWMssOS::make --no-print-directory archive

TRACE::2024-11-07.19:48:27::SCWMssOS::mb-ar -r  microblaze_0/lib/libxil.a microblaze_0/lib/_exit.o microblaze_0/lib/errno.o microblaze_0/lib/fcntl.o microblaze_0/lib
TRACE::2024-11-07.19:48:27::SCWMssOS::/hw_exception_handler.o microblaze_0/lib/inbyte.o microblaze_0/lib/microblaze_disable_dcache.o microblaze_0/lib/microblaze_disa
TRACE::2024-11-07.19:48:27::SCWMssOS::ble_exceptions.o microblaze_0/lib/microblaze_disable_icache.o microblaze_0/lib/microblaze_disable_interrupts.o microblaze_0/lib
TRACE::2024-11-07.19:48:27::SCWMssOS::/microblaze_enable_dcache.o microblaze_0/lib/microblaze_enable_exceptions.o microblaze_0/lib/microblaze_enable_icache.o microbl
TRACE::2024-11-07.19:48:27::SCWMssOS::aze_0/lib/microblaze_enable_interrupts.o microblaze_0/lib/microblaze_exception_handler.o microblaze_0/lib/microblaze_flush_cach
TRACE::2024-11-07.19:48:27::SCWMssOS::e_ext.o microblaze_0/lib/microblaze_flush_cache_ext_range.o microblaze_0/lib/microblaze_flush_dcache.o microblaze_0/lib/microbl
TRACE::2024-11-07.19:48:27::SCWMssOS::aze_flush_dcache_range.o microblaze_0/lib/microblaze_init_dcache_range.o microblaze_0/lib/microblaze_init_icache_range.o microb
TRACE::2024-11-07.19:48:27::SCWMssOS::laze_0/lib/microblaze_interrupt_handler.o microblaze_0/lib/microblaze_interrupts_g.o microblaze_0/lib/microblaze_invalidate_cac
TRACE::2024-11-07.19:48:27::SCWMssOS::he_ext.o microblaze_0/lib/microblaze_invalidate_cache_ext_range.o microblaze_0/lib/microblaze_invalidate_dcache.o microblaze_0/
TRACE::2024-11-07.19:48:27::SCWMssOS::lib/microblaze_invalidate_dcache_range.o microblaze_0/lib/microblaze_invalidate_icache.o microblaze_0/lib/microblaze_invalidate
TRACE::2024-11-07.19:48:27::SCWMssOS::_icache_range.o microblaze_0/lib/microblaze_scrub.o microblaze_0/lib/microblaze_selftest.o microblaze_0/lib/microblaze_sleep.o 
TRACE::2024-11-07.19:48:27::SCWMssOS::microblaze_0/lib/microblaze_update_dcache.o microblaze_0/lib/microblaze_update_icache.o microblaze_0/lib/outbyte.o microblaze_0
TRACE::2024-11-07.19:48:27::SCWMssOS::/lib/print.o microblaze_0/lib/pvr.o microblaze_0/lib/xbram.o microblaze_0/lib/xbram_g.o microblaze_0/lib/xbram_intr.o microblaz
TRACE::2024-11-07.19:48:27::SCWMssOS::e_0/lib/xbram_selftest.o microblaze_0/lib/xbram_sinit.o microblaze_0/lib/xil_assert.o microblaze_0/lib/xil_cache.o microblaze_0
TRACE::2024-11-07.19:48:27::SCWMssOS::/lib/xil_clocking.o microblaze_0/lib/xil_exception.o microblaze_0/lib/xil_mem.o microblaze_0/lib/xil_misc_psreset_api.o microbl
TRACE::2024-11-07.19:48:27::SCWMssOS::aze_0/lib/xil_printf.o microblaze_0/lib/xil_sleepcommon.o microblaze_0/lib/xil_testcache.o microblaze_0/lib/xil_testio.o microb
TRACE::2024-11-07.19:48:27::SCWMssOS::laze_0/lib/xil_testmem.o microblaze_0/lib/xil_util.o microblaze_0/lib/xintc.o microblaze_0/lib/xintc_g.o microblaze_0/lib/xintc
TRACE::2024-11-07.19:48:27::SCWMssOS::_intr.o microblaze_0/lib/xintc_l.o microblaze_0/lib/xintc_options.o microblaze_0/lib/xintc_selftest.o microblaze_0/lib/xinterru
TRACE::2024-11-07.19:48:27::SCWMssOS::pt_wrap.o microblaze_0/lib/xio.o microblaze_0/lib/xplatform_info.o microblaze_0/lib/xuartlite.o microblaze_0/lib/xuartlite_g.o 
TRACE::2024-11-07.19:48:27::SCWMssOS::microblaze_0/lib/xuartlite_intr.o microblaze_0/lib/xuartlite_l.o microblaze_0/lib/xuartlite_selftest.o microblaze_0/lib/xuartli
TRACE::2024-11-07.19:48:27::SCWMssOS::te_sinit.o microblaze_0/lib/xuartlite_stats.o

TRACE::2024-11-07.19:48:28::SCWMssOS::'Finished building libraries'

TRACE::2024-11-07.19:48:28::SCWMssOS:: Checking if to create the Supporting Applications
TRACE::2024-11-07.19:48:28::SCWMssOS:: No Linux domain exists, trying to generate FSBL 
LOG::2024-11-07.19:48:28::SCWSystem::Completed Processing the domain standalone_microblaze_0
LOG::2024-11-07.19:48:28::SCWSystem::Completed Processing the sysconfig mb_usb_hdmi_top
LOG::2024-11-07.19:48:28::SCWPlatform::Completed generating the artifacts for system configuration mb_usb_hdmi_top
TRACE::2024-11-07.19:48:28::SCWPlatform::Started preparing the platform 
TRACE::2024-11-07.19:48:28::SCWSystem::Writing the bif file for system config mb_usb_hdmi_top
TRACE::2024-11-07.19:48:28::SCWSystem::dir created 
TRACE::2024-11-07.19:48:28::SCWSystem::Writing the bif 
TRACE::2024-11-07.19:48:28::SCWPlatform::Started writing the spfm file 
TRACE::2024-11-07.19:48:28::SCWPlatform::Started writing the xpfm file 
TRACE::2024-11-07.19:48:29::SCWPlatform::Completed generating the platform
TRACE::2024-11-07.19:48:29::SCWMssOS::Saving the mss changes C:/Users/realk/Desktop/ece385/ECE385/lab7_2/lab7_2_sdk/mb_usb_hdmi_top/microblaze_0/standalone_microblaze_0/bsp/system.mss
TRACE::2024-11-07.19:48:29::SCWMssOS::Adding the swdes entry, mss present, able to open swdb C:/Users/realk/Desktop/ece385/ECE385/lab7_2/lab7_2_sdk/mb_usb_hdmi_top/microblaze_0/standalone_microblaze_0/bsp/system.mss with des name system
TRACE::2024-11-07.19:48:29::SCWMssOS::Writing the mss file completed C:/Users/realk/Desktop/ece385/ECE385/lab7_2/lab7_2_sdk/mb_usb_hdmi_top/microblaze_0/standalone_microblaze_0/bsp/system.mss
TRACE::2024-11-07.19:48:29::SCWMssOS::Commit changes completed.
TRACE::2024-11-07.19:48:29::SCWPlatform::Trying to open the hw design at C:/Users/realk/Desktop/ece385/ECE385/lab7_2/lab7_2_sdk/mb_usb_hdmi_top/hw/mb_usb_hdmi_top.xsa
TRACE::2024-11-07.19:48:29::SCWPlatform::DSA given C:/Users/realk/Desktop/ece385/ECE385/lab7_2/lab7_2_sdk/mb_usb_hdmi_top/hw/mb_usb_hdmi_top.xsa
TRACE::2024-11-07.19:48:29::SCWPlatform::DSA absoulate path C:/Users/realk/Desktop/ece385/ECE385/lab7_2/lab7_2_sdk/mb_usb_hdmi_top/hw/mb_usb_hdmi_top.xsa
TRACE::2024-11-07.19:48:29::SCWPlatform::DSA directory C:/Users/realk/Desktop/ece385/ECE385/lab7_2/lab7_2_sdk/mb_usb_hdmi_top/hw
TRACE::2024-11-07.19:48:29::SCWPlatform:: Platform Path C:/Users/realk/Desktop/ece385/ECE385/lab7_2/lab7_2_sdk/mb_usb_hdmi_top/hw/mb_usb_hdmi_top.xsa
TRACE::2024-11-07.19:48:29::SCWPlatform:: Unique name xilinx:::0.0
TRACE::2024-11-07.19:48:29::SCWPlatform::Trying to set the existing hwdb with name mb_usb_hdmi_top_13
TRACE::2024-11-07.19:48:29::SCWPlatform::Opened existing hwdb mb_usb_hdmi_top_13
TRACE::2024-11-07.19:48:29::SCWPlatform::Found the Hw Db part of the input DSA
TRACE::2024-11-07.19:48:29::SCWMssOS::Checking the sw design at  C:/Users/realk/Desktop/ece385/ECE385/lab7_2/lab7_2_sdk/mb_usb_hdmi_top/microblaze_0/standalone_microblaze_0/bsp/system.mss
TRACE::2024-11-07.19:48:29::SCWMssOS::DEBUG:  swdes dump  C:/Users/realk/Desktop/ece385/ECE385/lab7_2/lab7_2_sdk/mb_usb_hdmi_top/microblaze_0/standalone_microblaze_0/bsp/system.mss|system||

TRACE::2024-11-07.19:48:29::SCWMssOS::Sw design exists and opened at  C:/Users/realk/Desktop/ece385/ECE385/lab7_2/lab7_2_sdk/mb_usb_hdmi_top/microblaze_0/standalone_microblaze_0/bsp/system.mss
TRACE::2024-11-07.19:48:29::SCWWriter::formatted JSON is {
	"platformName":	"mb_usb_hdmi_top",
	"sprVersion":	"2.0",
	"mode":	"gui",
	"dsaType":	"Fixed",
	"platformDesc":	"mb_usb_hdmi_top",
	"platHandOff":	"C:/Users/realk/Desktop/ece385/ECE385/lab7_2/mb_usb_hdmi_top.xsa",
	"platIntHandOff":	"<platformDir>/hw/mb_usb_hdmi_top.xsa",
	"deviceType":	"FPGA",
	"platIsPrebuiltAutogen":	"false",
	"platIsNoBootBsp":	"false",
	"hasFsblMakeHasChanges":	"false",
	"hasPmufwMakeHasChanges":	"false",
	"platPreBuiltFlag":	false,
	"platformSamplesDir":	"",
	"platActiveSys":	"mb_usb_hdmi_top",
	"systems":	[{
			"systemName":	"mb_usb_hdmi_top",
			"systemDesc":	"mb_usb_hdmi_top",
			"sysIsBootAutoGen":	"true",
			"systemDispName":	"mb_usb_hdmi_top",
			"sysActiveDom":	"standalone_microblaze_0",
			"sysDefaultDom":	"standalone_microblaze_0",
			"domains":	[{
					"domainName":	"standalone_microblaze_0",
					"domainDispName":	"standalone_microblaze_0",
					"domainDesc":	"standalone_microblaze_0",
					"processors":	"microblaze_0",
					"os":	"standalone",
					"sdxOs":	"standalone",
					"debugEnable":	"False",
					"domRuntimes":	["cpp"],
					"swRepo":	"",
					"mssOsVer":	"8.0",
					"mssFile":	"",
					"md5Digest":	"5422c1e5be4ae93f4de8c50507402f2a",
					"compatibleApp":	"",
					"domType":	"mssDomain",
					"arch":	"32-bit",
					"appSettings":	{
						"appCompilerFlags":	"",
						"appLinkerFlags":	""
					},
					"addedLibs":	[],
					"libOptions":	{
						"libsContainingOptions":	[]
					},
					"prebuiltLibs":	{
						"prebuiltIncPath":	[],
						"prebuiltLibPath":	[]
					},
					"isolation":	{
					}
				}]
		}]
}
KEYINFO::2024-11-07.19:48:29::SCWPlatform::updated the xpfm file.
TRACE::2024-11-07.19:48:31::SCWPlatform::Trying to open the hw design at C:/Users/realk/Desktop/ece385/ECE385/lab7_2/lab7_2_sdk/mb_usb_hdmi_top/hw/mb_usb_hdmi_top.xsa
TRACE::2024-11-07.19:48:31::SCWPlatform::DSA given C:/Users/realk/Desktop/ece385/ECE385/lab7_2/lab7_2_sdk/mb_usb_hdmi_top/hw/mb_usb_hdmi_top.xsa
TRACE::2024-11-07.19:48:31::SCWPlatform::DSA absoulate path C:/Users/realk/Desktop/ece385/ECE385/lab7_2/lab7_2_sdk/mb_usb_hdmi_top/hw/mb_usb_hdmi_top.xsa
TRACE::2024-11-07.19:48:31::SCWPlatform::DSA directory C:/Users/realk/Desktop/ece385/ECE385/lab7_2/lab7_2_sdk/mb_usb_hdmi_top/hw
TRACE::2024-11-07.19:48:31::SCWPlatform:: Platform Path C:/Users/realk/Desktop/ece385/ECE385/lab7_2/lab7_2_sdk/mb_usb_hdmi_top/hw/mb_usb_hdmi_top.xsa
TRACE::2024-11-07.19:48:31::SCWPlatform:: Unique name xilinx:::0.0
TRACE::2024-11-07.19:48:31::SCWPlatform::Trying to set the existing hwdb with name mb_usb_hdmi_top_13
TRACE::2024-11-07.19:48:31::SCWPlatform::Opened existing hwdb mb_usb_hdmi_top_13
TRACE::2024-11-07.19:48:31::SCWPlatform::Found the Hw Db part of the input DSA
TRACE::2024-11-07.19:48:31::SCWMssOS::Checking the sw design at  C:/Users/realk/Desktop/ece385/ECE385/lab7_2/lab7_2_sdk/mb_usb_hdmi_top/microblaze_0/standalone_microblaze_0/bsp/system.mss
TRACE::2024-11-07.19:48:31::SCWMssOS::DEBUG:  swdes dump  C:/Users/realk/Desktop/ece385/ECE385/lab7_2/lab7_2_sdk/mb_usb_hdmi_top/microblaze_0/standalone_microblaze_0/bsp/system.mss|system||

TRACE::2024-11-07.19:48:31::SCWMssOS::Sw design exists and opened at  C:/Users/realk/Desktop/ece385/ECE385/lab7_2/lab7_2_sdk/mb_usb_hdmi_top/microblaze_0/standalone_microblaze_0/bsp/system.mss
TRACE::2024-11-07.21:17:01::SCWPlatform::Clearing the existing platform
TRACE::2024-11-07.21:17:01::SCWSystem::Clearing the existing sysconfig
TRACE::2024-11-07.21:17:01::SCWMssOS::Removing the swdes entry for  C:/Users/realk/Desktop/ece385/ECE385/lab7_2/lab7_2_sdk/mb_usb_hdmi_top/microblaze_0/standalone_microblaze_0/bsp/system.mss
TRACE::2024-11-07.21:17:01::SCWSystem::Clearing the domains completed.
TRACE::2024-11-07.21:17:01::SCWPlatform::Clearing the opened hw db.
TRACE::2024-11-07.21:17:01::SCWPlatform::DSA given C:/Users/realk/Desktop/ece385/ECE385/lab7_2/lab7_2_sdk/mb_usb_hdmi_top/hw/mb_usb_hdmi_top.xsa
TRACE::2024-11-07.21:17:01::SCWPlatform::DSA absoulate path C:/Users/realk/Desktop/ece385/ECE385/lab7_2/lab7_2_sdk/mb_usb_hdmi_top/hw/mb_usb_hdmi_top.xsa
TRACE::2024-11-07.21:17:01::SCWPlatform:: Platform location is C:/Users/realk/Desktop/ece385/ECE385/lab7_2/lab7_2_sdk/mb_usb_hdmi_top/hw
TRACE::2024-11-07.21:17:01::SCWPlatform:: Platform Path C:/Users/realk/Desktop/ece385/ECE385/lab7_2/lab7_2_sdk/mb_usb_hdmi_top/hw/mb_usb_hdmi_top.xsa
TRACE::2024-11-07.21:17:01::SCWPlatform:: Unique name xilinx:::0.0
TRACE::2024-11-07.21:17:01::SCWPlatform::Removing the HwDB with name C:/Users/realk/Desktop/ece385/ECE385/lab7_2/lab7_2_sdk/mb_usb_hdmi_top/hw/mb_usb_hdmi_top.xsa
TRACE::2024-11-07.21:17:01::SCWPlatform::Trying to open the hw design at C:/Users/realk/Desktop/ece385/ECE385/lab7_2/lab7_2_sdk/mb_usb_hdmi_top/hw/mb_usb_hdmi_top.xsa
TRACE::2024-11-07.21:17:01::SCWPlatform::DSA given C:/Users/realk/Desktop/ece385/ECE385/lab7_2/lab7_2_sdk/mb_usb_hdmi_top/hw/mb_usb_hdmi_top.xsa
TRACE::2024-11-07.21:17:01::SCWPlatform::DSA absoulate path C:/Users/realk/Desktop/ece385/ECE385/lab7_2/lab7_2_sdk/mb_usb_hdmi_top/hw/mb_usb_hdmi_top.xsa
TRACE::2024-11-07.21:17:01::SCWPlatform::DSA directory C:/Users/realk/Desktop/ece385/ECE385/lab7_2/lab7_2_sdk/mb_usb_hdmi_top/hw
TRACE::2024-11-07.21:17:01::SCWPlatform:: Platform Path C:/Users/realk/Desktop/ece385/ECE385/lab7_2/lab7_2_sdk/mb_usb_hdmi_top/hw/mb_usb_hdmi_top.xsa
TRACE::2024-11-07.21:17:01::SCWPlatform:: Unique name xilinx:::0.0
TRACE::2024-11-07.21:17:01::SCWPlatform::Do not have an existing db opened. 
TRACE::2024-11-07.21:17:02::SCWPlatform::Opened new HwDB with name mb_usb_hdmi_top_15
TRACE::2024-11-07.21:17:02::SCWReader::Active system found as  mb_usb_hdmi_top
TRACE::2024-11-07.21:17:02::SCWReader::Handling sysconfig mb_usb_hdmi_top
TRACE::2024-11-07.21:17:02::SCWDomain::checking for install qemu data   : 
TRACE::2024-11-07.21:17:02::SCWPlatform::Trying to open the hw design at C:/Users/realk/Desktop/ece385/ECE385/lab7_2/lab7_2_sdk/mb_usb_hdmi_top/hw/mb_usb_hdmi_top.xsa
TRACE::2024-11-07.21:17:02::SCWPlatform::DSA given C:/Users/realk/Desktop/ece385/ECE385/lab7_2/lab7_2_sdk/mb_usb_hdmi_top/hw/mb_usb_hdmi_top.xsa
TRACE::2024-11-07.21:17:02::SCWPlatform::DSA absoulate path C:/Users/realk/Desktop/ece385/ECE385/lab7_2/lab7_2_sdk/mb_usb_hdmi_top/hw/mb_usb_hdmi_top.xsa
TRACE::2024-11-07.21:17:02::SCWPlatform::DSA directory C:/Users/realk/Desktop/ece385/ECE385/lab7_2/lab7_2_sdk/mb_usb_hdmi_top/hw
TRACE::2024-11-07.21:17:02::SCWPlatform:: Platform Path C:/Users/realk/Desktop/ece385/ECE385/lab7_2/lab7_2_sdk/mb_usb_hdmi_top/hw/mb_usb_hdmi_top.xsa
TRACE::2024-11-07.21:17:02::SCWPlatform:: Unique name xilinx:::0.0
TRACE::2024-11-07.21:17:02::SCWPlatform::Trying to set the existing hwdb with name mb_usb_hdmi_top_15
TRACE::2024-11-07.21:17:02::SCWPlatform::Opened existing hwdb mb_usb_hdmi_top_15
TRACE::2024-11-07.21:17:02::SCWPlatform::Found the Hw Db part of the input DSA
TRACE::2024-11-07.21:17:02::SCWPlatform::Trying to open the hw design at C:/Users/realk/Desktop/ece385/ECE385/lab7_2/lab7_2_sdk/mb_usb_hdmi_top/hw/mb_usb_hdmi_top.xsa
TRACE::2024-11-07.21:17:02::SCWPlatform::DSA given C:/Users/realk/Desktop/ece385/ECE385/lab7_2/lab7_2_sdk/mb_usb_hdmi_top/hw/mb_usb_hdmi_top.xsa
TRACE::2024-11-07.21:17:02::SCWPlatform::DSA absoulate path C:/Users/realk/Desktop/ece385/ECE385/lab7_2/lab7_2_sdk/mb_usb_hdmi_top/hw/mb_usb_hdmi_top.xsa
TRACE::2024-11-07.21:17:02::SCWPlatform::DSA directory C:/Users/realk/Desktop/ece385/ECE385/lab7_2/lab7_2_sdk/mb_usb_hdmi_top/hw
TRACE::2024-11-07.21:17:02::SCWPlatform:: Platform Path C:/Users/realk/Desktop/ece385/ECE385/lab7_2/lab7_2_sdk/mb_usb_hdmi_top/hw/mb_usb_hdmi_top.xsa
TRACE::2024-11-07.21:17:02::SCWPlatform:: Unique name xilinx:::0.0
TRACE::2024-11-07.21:17:02::SCWPlatform::Trying to set the existing hwdb with name mb_usb_hdmi_top_15
TRACE::2024-11-07.21:17:02::SCWPlatform::Opened existing hwdb mb_usb_hdmi_top_15
TRACE::2024-11-07.21:17:02::SCWPlatform::Found the Hw Db part of the input DSA
TRACE::2024-11-07.21:17:02::SCWPlatform::Trying to open the hw design at C:/Users/realk/Desktop/ece385/ECE385/lab7_2/lab7_2_sdk/mb_usb_hdmi_top/hw/mb_usb_hdmi_top.xsa
TRACE::2024-11-07.21:17:02::SCWPlatform::DSA given C:/Users/realk/Desktop/ece385/ECE385/lab7_2/lab7_2_sdk/mb_usb_hdmi_top/hw/mb_usb_hdmi_top.xsa
TRACE::2024-11-07.21:17:02::SCWPlatform::DSA absoulate path C:/Users/realk/Desktop/ece385/ECE385/lab7_2/lab7_2_sdk/mb_usb_hdmi_top/hw/mb_usb_hdmi_top.xsa
TRACE::2024-11-07.21:17:02::SCWPlatform::DSA directory C:/Users/realk/Desktop/ece385/ECE385/lab7_2/lab7_2_sdk/mb_usb_hdmi_top/hw
TRACE::2024-11-07.21:17:02::SCWPlatform:: Platform Path C:/Users/realk/Desktop/ece385/ECE385/lab7_2/lab7_2_sdk/mb_usb_hdmi_top/hw/mb_usb_hdmi_top.xsa
TRACE::2024-11-07.21:17:02::SCWPlatform:: Unique name xilinx:::0.0
TRACE::2024-11-07.21:17:02::SCWPlatform::Trying to set the existing hwdb with name mb_usb_hdmi_top_15
TRACE::2024-11-07.21:17:02::SCWPlatform::Opened existing hwdb mb_usb_hdmi_top_15
TRACE::2024-11-07.21:17:02::SCWPlatform::Found the Hw Db part of the input DSA
TRACE::2024-11-07.21:17:02::SCWPlatform::Trying to open the hw design at C:/Users/realk/Desktop/ece385/ECE385/lab7_2/lab7_2_sdk/mb_usb_hdmi_top/hw/mb_usb_hdmi_top.xsa
TRACE::2024-11-07.21:17:02::SCWPlatform::DSA given C:/Users/realk/Desktop/ece385/ECE385/lab7_2/lab7_2_sdk/mb_usb_hdmi_top/hw/mb_usb_hdmi_top.xsa
TRACE::2024-11-07.21:17:02::SCWPlatform::DSA absoulate path C:/Users/realk/Desktop/ece385/ECE385/lab7_2/lab7_2_sdk/mb_usb_hdmi_top/hw/mb_usb_hdmi_top.xsa
TRACE::2024-11-07.21:17:02::SCWPlatform::DSA directory C:/Users/realk/Desktop/ece385/ECE385/lab7_2/lab7_2_sdk/mb_usb_hdmi_top/hw
TRACE::2024-11-07.21:17:02::SCWPlatform:: Platform Path C:/Users/realk/Desktop/ece385/ECE385/lab7_2/lab7_2_sdk/mb_usb_hdmi_top/hw/mb_usb_hdmi_top.xsa
TRACE::2024-11-07.21:17:02::SCWPlatform:: Unique name xilinx:::0.0
TRACE::2024-11-07.21:17:02::SCWPlatform::Trying to set the existing hwdb with name mb_usb_hdmi_top_15
TRACE::2024-11-07.21:17:02::SCWPlatform::Opened existing hwdb mb_usb_hdmi_top_15
TRACE::2024-11-07.21:17:02::SCWPlatform::Found the Hw Db part of the input DSA
TRACE::2024-11-07.21:17:02::SCWMssOS::Checking the sw design at  C:/Users/realk/Desktop/ece385/ECE385/lab7_2/lab7_2_sdk/mb_usb_hdmi_top/microblaze_0/standalone_microblaze_0/bsp/system.mss
TRACE::2024-11-07.21:17:02::SCWMssOS::DEBUG:  swdes dump  
TRACE::2024-11-07.21:17:02::SCWMssOS::No sw design opened at  C:/Users/realk/Desktop/ece385/ECE385/lab7_2/lab7_2_sdk/mb_usb_hdmi_top/microblaze_0/standalone_microblaze_0/bsp/system.mss
TRACE::2024-11-07.21:17:02::SCWMssOS::mss exists loading the mss file  C:/Users/realk/Desktop/ece385/ECE385/lab7_2/lab7_2_sdk/mb_usb_hdmi_top/microblaze_0/standalone_microblaze_0/bsp/system.mss
TRACE::2024-11-07.21:17:02::SCWMssOS::Opened the sw design from mss  C:/Users/realk/Desktop/ece385/ECE385/lab7_2/lab7_2_sdk/mb_usb_hdmi_top/microblaze_0/standalone_microblaze_0/bsp/system.mss
TRACE::2024-11-07.21:17:02::SCWMssOS::Adding the swdes entry C:/Users/realk/Desktop/ece385/ECE385/lab7_2/lab7_2_sdk/mb_usb_hdmi_top/microblaze_0/standalone_microblaze_0/bsp/system.mss with des name system
TRACE::2024-11-07.21:17:02::SCWMssOS::updating the scw layer about changes
TRACE::2024-11-07.21:17:02::SCWMssOS::Opened the sw design.  C:/Users/realk/Desktop/ece385/ECE385/lab7_2/lab7_2_sdk/mb_usb_hdmi_top/microblaze_0/standalone_microblaze_0/bsp/system.mss
TRACE::2024-11-07.21:17:02::SCWMssOS::Saving the mss changes C:/Users/realk/Desktop/ece385/ECE385/lab7_2/lab7_2_sdk/mb_usb_hdmi_top/microblaze_0/standalone_microblaze_0/bsp/system.mss
TRACE::2024-11-07.21:17:02::SCWMssOS::Found a swdesign opened with the mssfile.
TRACE::2024-11-07.21:17:02::SCWMssOS::Completed writemss as part of save.
TRACE::2024-11-07.21:17:02::SCWMssOS::Commit changes completed.
TRACE::2024-11-07.21:17:02::SCWReader::Adding prebuilt librarypaths as   
TRACE::2024-11-07.21:17:02::SCWReader::Adding prebuilt incpaths  as   
TRACE::2024-11-07.21:17:02::SCWPlatform::Trying to open the hw design at C:/Users/realk/Desktop/ece385/ECE385/lab7_2/lab7_2_sdk/mb_usb_hdmi_top/hw/mb_usb_hdmi_top.xsa
TRACE::2024-11-07.21:17:02::SCWPlatform::DSA given C:/Users/realk/Desktop/ece385/ECE385/lab7_2/lab7_2_sdk/mb_usb_hdmi_top/hw/mb_usb_hdmi_top.xsa
TRACE::2024-11-07.21:17:02::SCWPlatform::DSA absoulate path C:/Users/realk/Desktop/ece385/ECE385/lab7_2/lab7_2_sdk/mb_usb_hdmi_top/hw/mb_usb_hdmi_top.xsa
TRACE::2024-11-07.21:17:02::SCWPlatform::DSA directory C:/Users/realk/Desktop/ece385/ECE385/lab7_2/lab7_2_sdk/mb_usb_hdmi_top/hw
TRACE::2024-11-07.21:17:02::SCWPlatform:: Platform Path C:/Users/realk/Desktop/ece385/ECE385/lab7_2/lab7_2_sdk/mb_usb_hdmi_top/hw/mb_usb_hdmi_top.xsa
TRACE::2024-11-07.21:17:02::SCWPlatform:: Unique name xilinx:::0.0
TRACE::2024-11-07.21:17:02::SCWPlatform::Trying to set the existing hwdb with name mb_usb_hdmi_top_15
TRACE::2024-11-07.21:17:02::SCWPlatform::Opened existing hwdb mb_usb_hdmi_top_15
TRACE::2024-11-07.21:17:02::SCWPlatform::Found the Hw Db part of the input DSA
TRACE::2024-11-07.21:17:02::SCWMssOS::Checking the sw design at  C:/Users/realk/Desktop/ece385/ECE385/lab7_2/lab7_2_sdk/mb_usb_hdmi_top/microblaze_0/standalone_microblaze_0/bsp/system.mss
TRACE::2024-11-07.21:17:02::SCWMssOS::DEBUG:  swdes dump  C:/Users/realk/Desktop/ece385/ECE385/lab7_2/lab7_2_sdk/mb_usb_hdmi_top/microblaze_0/standalone_microblaze_0/bsp/system.mss|system||

TRACE::2024-11-07.21:17:02::SCWMssOS::Sw design exists and opened at  C:/Users/realk/Desktop/ece385/ECE385/lab7_2/lab7_2_sdk/mb_usb_hdmi_top/microblaze_0/standalone_microblaze_0/bsp/system.mss
TRACE::2024-11-07.21:17:02::SCWReader::No isolation master present  
TRACE::2024-11-07.21:17:07::SCWPlatform::DSA given C:/Users/realk/Desktop/ece385/ECE385/lab7_2/lab7_2_sdk/mb_usb_hdmi_top/tempdsa/mb_usb_hdmi_top.xsa
TRACE::2024-11-07.21:17:07::SCWPlatform::DSA absoulate path C:/Users/realk/Desktop/ece385/ECE385/lab7_2/lab7_2_sdk/mb_usb_hdmi_top/tempdsa/mb_usb_hdmi_top.xsa
TRACE::2024-11-07.21:17:07::SCWPlatform:: Platform location is C:/Users/realk/Desktop/ece385/ECE385/lab7_2/lab7_2_sdk/mb_usb_hdmi_top/tempdsa
TRACE::2024-11-07.21:17:07::SCWPlatform:: Platform Path C:/Users/realk/Desktop/ece385/ECE385/lab7_2/lab7_2_sdk/mb_usb_hdmi_top/tempdsa/mb_usb_hdmi_top.xsa
TRACE::2024-11-07.21:17:07::SCWPlatform:: Unique name xilinx:::0.0
TRACE::2024-11-07.21:17:07::SCWPlatform::Found the Hw Db part of the input DSA
TRACE::2024-11-07.21:17:07::SCWMssOS::Doing hw sync for the mss in domain: standalone_microblaze_0
TRACE::2024-11-07.21:17:07::SCWPlatform::Trying to open the hw design at C:/Users/realk/Desktop/ece385/ECE385/lab7_2/lab7_2_sdk/mb_usb_hdmi_top/hw/mb_usb_hdmi_top.xsa
TRACE::2024-11-07.21:17:07::SCWPlatform::DSA given C:/Users/realk/Desktop/ece385/ECE385/lab7_2/lab7_2_sdk/mb_usb_hdmi_top/hw/mb_usb_hdmi_top.xsa
TRACE::2024-11-07.21:17:07::SCWPlatform::DSA absoulate path C:/Users/realk/Desktop/ece385/ECE385/lab7_2/lab7_2_sdk/mb_usb_hdmi_top/hw/mb_usb_hdmi_top.xsa
TRACE::2024-11-07.21:17:07::SCWPlatform::DSA directory C:/Users/realk/Desktop/ece385/ECE385/lab7_2/lab7_2_sdk/mb_usb_hdmi_top/hw
TRACE::2024-11-07.21:17:07::SCWPlatform:: Platform Path C:/Users/realk/Desktop/ece385/ECE385/lab7_2/lab7_2_sdk/mb_usb_hdmi_top/hw/mb_usb_hdmi_top.xsa
TRACE::2024-11-07.21:17:07::SCWPlatform:: Unique name xilinx:::0.0
TRACE::2024-11-07.21:17:07::SCWPlatform::Trying to set the existing hwdb with name mb_usb_hdmi_top_15
TRACE::2024-11-07.21:17:07::SCWPlatform::Opened existing hwdb mb_usb_hdmi_top_15
TRACE::2024-11-07.21:17:07::SCWPlatform::Found the Hw Db part of the input DSA
TRACE::2024-11-07.21:17:07::SCWPlatform::Trying to open the hw design at C:/Users/realk/Desktop/ece385/ECE385/lab7_2/lab7_2_sdk/mb_usb_hdmi_top/hw/mb_usb_hdmi_top.xsa
TRACE::2024-11-07.21:17:07::SCWPlatform::DSA given C:/Users/realk/Desktop/ece385/ECE385/lab7_2/lab7_2_sdk/mb_usb_hdmi_top/hw/mb_usb_hdmi_top.xsa
TRACE::2024-11-07.21:17:07::SCWPlatform::DSA absoulate path C:/Users/realk/Desktop/ece385/ECE385/lab7_2/lab7_2_sdk/mb_usb_hdmi_top/hw/mb_usb_hdmi_top.xsa
TRACE::2024-11-07.21:17:07::SCWPlatform::DSA directory C:/Users/realk/Desktop/ece385/ECE385/lab7_2/lab7_2_sdk/mb_usb_hdmi_top/hw
TRACE::2024-11-07.21:17:07::SCWPlatform:: Platform Path C:/Users/realk/Desktop/ece385/ECE385/lab7_2/lab7_2_sdk/mb_usb_hdmi_top/hw/mb_usb_hdmi_top.xsa
TRACE::2024-11-07.21:17:07::SCWPlatform:: Unique name xilinx:::0.0
TRACE::2024-11-07.21:17:07::SCWPlatform::Trying to set the existing hwdb with name mb_usb_hdmi_top_15
TRACE::2024-11-07.21:17:07::SCWPlatform::Opened existing hwdb mb_usb_hdmi_top_15
TRACE::2024-11-07.21:17:07::SCWPlatform::Found the Hw Db part of the input DSA
TRACE::2024-11-07.21:17:07::SCWMssOS::Checking the sw design at  C:/Users/realk/Desktop/ece385/ECE385/lab7_2/lab7_2_sdk/mb_usb_hdmi_top/microblaze_0/standalone_microblaze_0/bsp/system.mss
TRACE::2024-11-07.21:17:07::SCWMssOS::DEBUG:  swdes dump  C:/Users/realk/Desktop/ece385/ECE385/lab7_2/lab7_2_sdk/mb_usb_hdmi_top/microblaze_0/standalone_microblaze_0/bsp/system.mss|system||

TRACE::2024-11-07.21:17:07::SCWMssOS::Sw design exists and opened at  C:/Users/realk/Desktop/ece385/ECE385/lab7_2/lab7_2_sdk/mb_usb_hdmi_top/microblaze_0/standalone_microblaze_0/bsp/system.mss
TRACE::2024-11-07.21:17:07::SCWPlatform::Trying to open the hw design at C:/Users/realk/Desktop/ece385/ECE385/lab7_2/lab7_2_sdk/mb_usb_hdmi_top/tempdsa/mb_usb_hdmi_top.xsa
TRACE::2024-11-07.21:17:07::SCWPlatform::DSA given C:/Users/realk/Desktop/ece385/ECE385/lab7_2/lab7_2_sdk/mb_usb_hdmi_top/tempdsa/mb_usb_hdmi_top.xsa
TRACE::2024-11-07.21:17:07::SCWPlatform::DSA absoulate path C:/Users/realk/Desktop/ece385/ECE385/lab7_2/lab7_2_sdk/mb_usb_hdmi_top/tempdsa/mb_usb_hdmi_top.xsa
TRACE::2024-11-07.21:17:07::SCWPlatform::DSA directory C:/Users/realk/Desktop/ece385/ECE385/lab7_2/lab7_2_sdk/mb_usb_hdmi_top/tempdsa
TRACE::2024-11-07.21:17:07::SCWPlatform:: Platform Path C:/Users/realk/Desktop/ece385/ECE385/lab7_2/lab7_2_sdk/mb_usb_hdmi_top/tempdsa/mb_usb_hdmi_top.xsa
TRACE::2024-11-07.21:17:07::SCWPlatform:: Unique name xilinx:::0.0
TRACE::2024-11-07.21:17:07::SCWPlatform::update - Opened existing hwdb mb_usb_hdmi_top_16
TRACE::2024-11-07.21:17:07::SCWPlatform::Found the Hw Db part of the input DSA
TRACE::2024-11-07.21:17:07::SCWMssOS::Saving the mss changes C:/Users/realk/Desktop/ece385/ECE385/lab7_2/lab7_2_sdk/mb_usb_hdmi_top/microblaze_0/standalone_microblaze_0/bsp/system.mss
TRACE::2024-11-07.21:17:07::SCWMssOS::Found a swdesign opened with the mssfile.
TRACE::2024-11-07.21:17:07::SCWMssOS::Completed writemss as part of save.
TRACE::2024-11-07.21:17:07::SCWMssOS::Commit changes completed.
TRACE::2024-11-07.21:17:07::SCWMssOS::Completed hw sync for the mss in domain: standalone_microblaze_0
TRACE::2024-11-07.21:17:07::SCWMssOS::Removing the swdes entry for  C:/Users/realk/Desktop/ece385/ECE385/lab7_2/lab7_2_sdk/mb_usb_hdmi_top/microblaze_0/standalone_microblaze_0/bsp/system.mss
TRACE::2024-11-07.21:17:07::SCWPlatform::Trying to open the hw design at C:/Users/realk/Desktop/ece385/ECE385/lab7_2/lab7_2_sdk/mb_usb_hdmi_top/hw/mb_usb_hdmi_top.xsa
TRACE::2024-11-07.21:17:07::SCWPlatform::DSA given C:/Users/realk/Desktop/ece385/ECE385/lab7_2/lab7_2_sdk/mb_usb_hdmi_top/hw/mb_usb_hdmi_top.xsa
TRACE::2024-11-07.21:17:07::SCWPlatform::DSA absoulate path C:/Users/realk/Desktop/ece385/ECE385/lab7_2/lab7_2_sdk/mb_usb_hdmi_top/hw/mb_usb_hdmi_top.xsa
TRACE::2024-11-07.21:17:07::SCWPlatform::DSA directory C:/Users/realk/Desktop/ece385/ECE385/lab7_2/lab7_2_sdk/mb_usb_hdmi_top/hw
TRACE::2024-11-07.21:17:07::SCWPlatform:: Platform Path C:/Users/realk/Desktop/ece385/ECE385/lab7_2/lab7_2_sdk/mb_usb_hdmi_top/hw/mb_usb_hdmi_top.xsa
TRACE::2024-11-07.21:17:07::SCWPlatform:: Unique name xilinx:::0.0
TRACE::2024-11-07.21:17:07::SCWPlatform::Do not have an existing db opened. 
TRACE::2024-11-07.21:17:08::SCWPlatform::Opened new HwDB with name mb_usb_hdmi_top_17
TRACE::2024-11-07.21:17:08::SCWMssOS::Saving the mss changes C:/Users/realk/Desktop/ece385/ECE385/lab7_2/lab7_2_sdk/mb_usb_hdmi_top/microblaze_0/standalone_microblaze_0/bsp/system.mss
TRACE::2024-11-07.21:17:08::SCWMssOS::Adding the swdes entry, mss present, able to open swdb C:/Users/realk/Desktop/ece385/ECE385/lab7_2/lab7_2_sdk/mb_usb_hdmi_top/microblaze_0/standalone_microblaze_0/bsp/system.mss with des name system
TRACE::2024-11-07.21:17:08::SCWMssOS::Writing the mss file completed C:/Users/realk/Desktop/ece385/ECE385/lab7_2/lab7_2_sdk/mb_usb_hdmi_top/microblaze_0/standalone_microblaze_0/bsp/system.mss
TRACE::2024-11-07.21:17:08::SCWMssOS::Commit changes completed.
TRACE::2024-11-07.21:17:08::SCWPlatform::Trying to open the hw design at C:/Users/realk/Desktop/ece385/ECE385/lab7_2/lab7_2_sdk/mb_usb_hdmi_top/hw/mb_usb_hdmi_top.xsa
TRACE::2024-11-07.21:17:08::SCWPlatform::DSA given C:/Users/realk/Desktop/ece385/ECE385/lab7_2/lab7_2_sdk/mb_usb_hdmi_top/hw/mb_usb_hdmi_top.xsa
TRACE::2024-11-07.21:17:08::SCWPlatform::DSA absoulate path C:/Users/realk/Desktop/ece385/ECE385/lab7_2/lab7_2_sdk/mb_usb_hdmi_top/hw/mb_usb_hdmi_top.xsa
TRACE::2024-11-07.21:17:08::SCWPlatform::DSA directory C:/Users/realk/Desktop/ece385/ECE385/lab7_2/lab7_2_sdk/mb_usb_hdmi_top/hw
TRACE::2024-11-07.21:17:08::SCWPlatform:: Platform Path C:/Users/realk/Desktop/ece385/ECE385/lab7_2/lab7_2_sdk/mb_usb_hdmi_top/hw/mb_usb_hdmi_top.xsa
TRACE::2024-11-07.21:17:08::SCWPlatform:: Unique name xilinx:::0.0
TRACE::2024-11-07.21:17:08::SCWPlatform::Trying to set the existing hwdb with name mb_usb_hdmi_top_17
TRACE::2024-11-07.21:17:08::SCWPlatform::Opened existing hwdb mb_usb_hdmi_top_17
TRACE::2024-11-07.21:17:08::SCWPlatform::Found the Hw Db part of the input DSA
TRACE::2024-11-07.21:17:08::SCWMssOS::Checking the sw design at  C:/Users/realk/Desktop/ece385/ECE385/lab7_2/lab7_2_sdk/mb_usb_hdmi_top/microblaze_0/standalone_microblaze_0/bsp/system.mss
TRACE::2024-11-07.21:17:08::SCWMssOS::DEBUG:  swdes dump  C:/Users/realk/Desktop/ece385/ECE385/lab7_2/lab7_2_sdk/mb_usb_hdmi_top/microblaze_0/standalone_microblaze_0/bsp/system.mss|system||

TRACE::2024-11-07.21:17:08::SCWMssOS::Sw design exists and opened at  C:/Users/realk/Desktop/ece385/ECE385/lab7_2/lab7_2_sdk/mb_usb_hdmi_top/microblaze_0/standalone_microblaze_0/bsp/system.mss
TRACE::2024-11-07.21:17:08::SCWWriter::formatted JSON is {
	"platformName":	"mb_usb_hdmi_top",
	"sprVersion":	"2.0",
	"mode":	"gui",
	"dsaType":	"Fixed",
	"platformDesc":	"mb_usb_hdmi_top",
	"platHandOff":	"C:/Users/realk/Desktop/ece385/ECE385/lab7_2/mb_usb_hdmi_top.xsa",
	"platIntHandOff":	"<platformDir>/hw/mb_usb_hdmi_top.xsa",
	"deviceType":	"FPGA",
	"platIsPrebuiltAutogen":	"false",
	"platIsNoBootBsp":	"false",
	"hasFsblMakeHasChanges":	"false",
	"hasPmufwMakeHasChanges":	"false",
	"platPreBuiltFlag":	false,
	"platformSamplesDir":	"",
	"platActiveSys":	"mb_usb_hdmi_top",
	"systems":	[{
			"systemName":	"mb_usb_hdmi_top",
			"systemDesc":	"mb_usb_hdmi_top",
			"sysIsBootAutoGen":	"true",
			"systemDispName":	"mb_usb_hdmi_top",
			"sysActiveDom":	"standalone_microblaze_0",
			"sysDefaultDom":	"standalone_microblaze_0",
			"domains":	[{
					"domainName":	"standalone_microblaze_0",
					"domainDispName":	"standalone_microblaze_0",
					"domainDesc":	"standalone_microblaze_0",
					"processors":	"microblaze_0",
					"os":	"standalone",
					"sdxOs":	"standalone",
					"debugEnable":	"False",
					"domRuntimes":	["cpp"],
					"swRepo":	"",
					"mssOsVer":	"8.0",
					"mssFile":	"",
					"md5Digest":	"5422c1e5be4ae93f4de8c50507402f2a1",
					"compatibleApp":	"",
					"domType":	"mssDomain",
					"arch":	"32-bit",
					"appSettings":	{
						"appCompilerFlags":	"",
						"appLinkerFlags":	""
					},
					"addedLibs":	[],
					"libOptions":	{
						"libsContainingOptions":	[]
					},
					"prebuiltLibs":	{
						"prebuiltIncPath":	[],
						"prebuiltLibPath":	[]
					},
					"isolation":	{
					}
				}]
		}]
}
LOG::2024-11-07.21:18:07::SCWPlatform::Started generating the artifacts platform mb_usb_hdmi_top
TRACE::2024-11-07.21:18:07::SCWPlatform::Sanity checking of platform is completed
LOG::2024-11-07.21:18:08::SCWPlatform::Started generating the artifacts for system configuration mb_usb_hdmi_top
LOG::2024-11-07.21:18:08::SCWSystem::Checking the domain standalone_microblaze_0
LOG::2024-11-07.21:18:08::SCWSystem::Not a boot domain 
LOG::2024-11-07.21:18:08::SCWSystem::Started Processing the domain standalone_microblaze_0
TRACE::2024-11-07.21:18:08::SCWDomain::Generating domain artifcats
TRACE::2024-11-07.21:18:08::SCWMssOS::Generating standalone artifcats
TRACE::2024-11-07.21:18:08::SCWMssOS:: Copying the user libraries. 
TRACE::2024-11-07.21:18:08::SCWPlatform::Trying to open the hw design at C:/Users/realk/Desktop/ece385/ECE385/lab7_2/lab7_2_sdk/mb_usb_hdmi_top/hw/mb_usb_hdmi_top.xsa
TRACE::2024-11-07.21:18:08::SCWPlatform::DSA given C:/Users/realk/Desktop/ece385/ECE385/lab7_2/lab7_2_sdk/mb_usb_hdmi_top/hw/mb_usb_hdmi_top.xsa
TRACE::2024-11-07.21:18:08::SCWPlatform::DSA absoulate path C:/Users/realk/Desktop/ece385/ECE385/lab7_2/lab7_2_sdk/mb_usb_hdmi_top/hw/mb_usb_hdmi_top.xsa
TRACE::2024-11-07.21:18:08::SCWPlatform::DSA directory C:/Users/realk/Desktop/ece385/ECE385/lab7_2/lab7_2_sdk/mb_usb_hdmi_top/hw
TRACE::2024-11-07.21:18:08::SCWPlatform:: Platform Path C:/Users/realk/Desktop/ece385/ECE385/lab7_2/lab7_2_sdk/mb_usb_hdmi_top/hw/mb_usb_hdmi_top.xsa
TRACE::2024-11-07.21:18:08::SCWPlatform:: Unique name xilinx:::0.0
TRACE::2024-11-07.21:18:08::SCWPlatform::Trying to set the existing hwdb with name mb_usb_hdmi_top_17
TRACE::2024-11-07.21:18:08::SCWPlatform::Opened existing hwdb mb_usb_hdmi_top_17
TRACE::2024-11-07.21:18:08::SCWPlatform::Found the Hw Db part of the input DSA
TRACE::2024-11-07.21:18:08::SCWMssOS::Checking the sw design at  C:/Users/realk/Desktop/ece385/ECE385/lab7_2/lab7_2_sdk/mb_usb_hdmi_top/microblaze_0/standalone_microblaze_0/bsp/system.mss
TRACE::2024-11-07.21:18:08::SCWMssOS::DEBUG:  swdes dump  C:/Users/realk/Desktop/ece385/ECE385/lab7_2/lab7_2_sdk/mb_usb_hdmi_top/microblaze_0/standalone_microblaze_0/bsp/system.mss|system||

TRACE::2024-11-07.21:18:08::SCWMssOS::Sw design exists and opened at  C:/Users/realk/Desktop/ece385/ECE385/lab7_2/lab7_2_sdk/mb_usb_hdmi_top/microblaze_0/standalone_microblaze_0/bsp/system.mss
TRACE::2024-11-07.21:18:08::SCWMssOS::Completed writing the mss file at C:/Users/realk/Desktop/ece385/ECE385/lab7_2/lab7_2_sdk/mb_usb_hdmi_top/microblaze_0/standalone_microblaze_0/bsp
TRACE::2024-11-07.21:18:08::SCWMssOS::Mss edits present, copying mssfile into export location C:/Users/realk/Desktop/ece385/ECE385/lab7_2/lab7_2_sdk/mb_usb_hdmi_top/microblaze_0/standalone_microblaze_0/bsp/system.mss
TRACE::2024-11-07.21:18:08::SCWMssOS::bsp generated is stale removing and regenerating. 
TRACE::2024-11-07.21:18:11::SCWMssOS::doing bsp build ... 
TRACE::2024-11-07.21:18:11::SCWMssOS::System Command Ran  C: & cd  C:/Users/realk/Desktop/ece385/ECE385/lab7_2/lab7_2_sdk/mb_usb_hdmi_top/microblaze_0/standalone_microblaze_0/bsp & make 
TRACE::2024-11-07.21:18:11::SCWMssOS::make --no-print-directory seq_libs

TRACE::2024-11-07.21:18:11::SCWMssOS::'Finished building libraries sequentially.'

TRACE::2024-11-07.21:18:11::SCWMssOS::make -j 14 --no-print-directory par_libs

TRACE::2024-11-07.21:18:11::SCWMssOS::"Running Make include in microblaze_0/libsrc/bram_v4_8/src"

TRACE::2024-11-07.21:18:11::SCWMssOS::make -C microblaze_0/libsrc/bram_v4_8/src -s include  "SHELL=CMD" "COMPILER=mb-gcc" "ASSEMBLER=mb-as" "ARCHIVER=mb-ar" "COMPILE
TRACE::2024-11-07.21:18:11::SCWMssOS::R_FLAGS=  -O2 -c -mcpu=v11.0 -mlittle-endian -mno-xl-reorder -mno-xl-soft-mul -mxl-barrel-shift -mxl-pattern-compare" "EXTRA_CO
TRACE::2024-11-07.21:18:11::SCWMssOS::MPILER_FLAGS=-g -ffunction-sections -fdata-sections -Wall -Wextra -fno-tree-loop-distribute-patterns"

TRACE::2024-11-07.21:18:11::SCWMssOS::"Running Make include in microblaze_0/libsrc/cpu_v2_16/src"

TRACE::2024-11-07.21:18:11::SCWMssOS::make -C microblaze_0/libsrc/cpu_v2_16/src -s include  "SHELL=CMD" "COMPILER=mb-gcc" "ASSEMBLER=mb-as" "ARCHIVER=mb-ar" "COMPILE
TRACE::2024-11-07.21:18:11::SCWMssOS::R_FLAGS=  -O2 -c -mcpu=v11.0 -mlittle-endian -mno-xl-reorder -mno-xl-soft-mul -mxl-barrel-shift -mxl-pattern-compare" "EXTRA_CO
TRACE::2024-11-07.21:18:11::SCWMssOS::MPILER_FLAGS=-g -ffunction-sections -fdata-sections -Wall -Wextra -fno-tree-loop-distribute-patterns"

TRACE::2024-11-07.21:18:11::SCWMssOS::"Running Make include in microblaze_0/libsrc/intc_v3_15/src"

TRACE::2024-11-07.21:18:11::SCWMssOS::make -C microblaze_0/libsrc/intc_v3_15/src -s include  "SHELL=CMD" "COMPILER=mb-gcc" "ASSEMBLER=mb-as" "ARCHIVER=mb-ar" "COMPIL
TRACE::2024-11-07.21:18:11::SCWMssOS::ER_FLAGS=  -O2 -c -mcpu=v11.0 -mlittle-endian -mno-xl-reorder -mno-xl-soft-mul -mxl-barrel-shift -mxl-pattern-compare" "EXTRA_C
TRACE::2024-11-07.21:18:11::SCWMssOS::OMPILER_FLAGS=-g -ffunction-sections -fdata-sections -Wall -Wextra -fno-tree-loop-distribute-patterns"

TRACE::2024-11-07.21:18:11::SCWMssOS::"Running Make include in microblaze_0/libsrc/standalone_v8_0/src"

TRACE::2024-11-07.21:18:11::SCWMssOS::make -C microblaze_0/libsrc/standalone_v8_0/src -s include  "SHELL=CMD" "COMPILER=mb-gcc" "ASSEMBLER=mb-as" "ARCHIVER=mb-ar" "C
TRACE::2024-11-07.21:18:11::SCWMssOS::OMPILER_FLAGS=  -O2 -c -mcpu=v11.0 -mlittle-endian -mno-xl-reorder -mno-xl-soft-mul -mxl-barrel-shift -mxl-pattern-compare" "EX
TRACE::2024-11-07.21:18:11::SCWMssOS::TRA_COMPILER_FLAGS=-g -ffunction-sections -fdata-sections -Wall -Wextra -fno-tree-loop-distribute-patterns"

TRACE::2024-11-07.21:18:11::SCWMssOS::"Running Make include in microblaze_0/libsrc/uartlite_v3_7/src"

TRACE::2024-11-07.21:18:11::SCWMssOS::make -C microblaze_0/libsrc/uartlite_v3_7/src -s include  "SHELL=CMD" "COMPILER=mb-gcc" "ASSEMBLER=mb-as" "ARCHIVER=mb-ar" "COM
TRACE::2024-11-07.21:18:11::SCWMssOS::PILER_FLAGS=  -O2 -c -mcpu=v11.0 -mlittle-endian -mno-xl-reorder -mno-xl-soft-mul -mxl-barrel-shift -mxl-pattern-compare" "EXTR
TRACE::2024-11-07.21:18:11::SCWMssOS::A_COMPILER_FLAGS=-g -ffunction-sections -fdata-sections -Wall -Wextra -fno-tree-loop-distribute-patterns"

TRACE::2024-11-07.21:18:12::SCWMssOS::"Running Make libs in microblaze_0/libsrc/bram_v4_8/src"

TRACE::2024-11-07.21:18:12::SCWMssOS::make -C microblaze_0/libsrc/bram_v4_8/src -s libs  "SHELL=CMD" "COMPILER=mb-gcc" "ASSEMBLER=mb-as" "ARCHIVER=mb-ar" "COMPILER_F
TRACE::2024-11-07.21:18:12::SCWMssOS::LAGS=  -O2 -c -mcpu=v11.0 -mlittle-endian -mno-xl-reorder -mno-xl-soft-mul -mxl-barrel-shift -mxl-pattern-compare" "EXTRA_COMPI
TRACE::2024-11-07.21:18:12::SCWMssOS::LER_FLAGS=-g -ffunction-sections -fdata-sections -Wall -Wextra -fno-tree-loop-distribute-patterns"

TRACE::2024-11-07.21:18:12::SCWMssOS::"Running Make libs in microblaze_0/libsrc/cpu_v2_16/src"

TRACE::2024-11-07.21:18:12::SCWMssOS::make -C microblaze_0/libsrc/cpu_v2_16/src -s libs  "SHELL=CMD" "COMPILER=mb-gcc" "ASSEMBLER=mb-as" "ARCHIVER=mb-ar" "COMPILER_F
TRACE::2024-11-07.21:18:12::SCWMssOS::LAGS=  -O2 -c -mcpu=v11.0 -mlittle-endian -mno-xl-reorder -mno-xl-soft-mul -mxl-barrel-shift -mxl-pattern-compare" "EXTRA_COMPI
TRACE::2024-11-07.21:18:12::SCWMssOS::LER_FLAGS=-g -ffunction-sections -fdata-sections -Wall -Wextra -fno-tree-loop-distribute-patterns"

TRACE::2024-11-07.21:18:12::SCWMssOS::"Running Make libs in microblaze_0/libsrc/intc_v3_15/src"

TRACE::2024-11-07.21:18:12::SCWMssOS::make -C microblaze_0/libsrc/intc_v3_15/src -s libs  "SHELL=CMD" "COMPILER=mb-gcc" "ASSEMBLER=mb-as" "ARCHIVER=mb-ar" "COMPILER_
TRACE::2024-11-07.21:18:12::SCWMssOS::FLAGS=  -O2 -c -mcpu=v11.0 -mlittle-endian -mno-xl-reorder -mno-xl-soft-mul -mxl-barrel-shift -mxl-pattern-compare" "EXTRA_COMP
TRACE::2024-11-07.21:18:12::SCWMssOS::ILER_FLAGS=-g -ffunction-sections -fdata-sections -Wall -Wextra -fno-tree-loop-distribute-patterns"

TRACE::2024-11-07.21:18:12::SCWMssOS::"Running Make libs in microblaze_0/libsrc/standalone_v8_0/src"

TRACE::2024-11-07.21:18:12::SCWMssOS::make -C microblaze_0/libsrc/standalone_v8_0/src -s libs  "SHELL=CMD" "COMPILER=mb-gcc" "ASSEMBLER=mb-as" "ARCHIVER=mb-ar" "COMP
TRACE::2024-11-07.21:18:12::SCWMssOS::ILER_FLAGS=  -O2 -c -mcpu=v11.0 -mlittle-endian -mno-xl-reorder -mno-xl-soft-mul -mxl-barrel-shift -mxl-pattern-compare" "EXTRA
TRACE::2024-11-07.21:18:12::SCWMssOS::_COMPILER_FLAGS=-g -ffunction-sections -fdata-sections -Wall -Wextra -fno-tree-loop-distribute-patterns"

TRACE::2024-11-07.21:18:12::SCWMssOS::"Running Make libs in microblaze_0/libsrc/uartlite_v3_7/src"

TRACE::2024-11-07.21:18:12::SCWMssOS::make -C microblaze_0/libsrc/uartlite_v3_7/src -s libs  "SHELL=CMD" "COMPILER=mb-gcc" "ASSEMBLER=mb-as" "ARCHIVER=mb-ar" "COMPIL
TRACE::2024-11-07.21:18:12::SCWMssOS::ER_FLAGS=  -O2 -c -mcpu=v11.0 -mlittle-endian -mno-xl-reorder -mno-xl-soft-mul -mxl-barrel-shift -mxl-pattern-compare" "EXTRA_C
TRACE::2024-11-07.21:18:12::SCWMssOS::OMPILER_FLAGS=-g -ffunction-sections -fdata-sections -Wall -Wextra -fno-tree-loop-distribute-patterns"

TRACE::2024-11-07.21:18:17::SCWMssOS::"DEBUG NON_LTO_OBJECTS is ../../../lib/microblaze_interrupt_handler.o"

TRACE::2024-11-07.21:18:17::SCWMssOS::'Finished building libraries parallelly.'

TRACE::2024-11-07.21:18:17::SCWMssOS::make --no-print-directory archive

TRACE::2024-11-07.21:18:17::SCWMssOS::mb-ar -r  microblaze_0/lib/libxil.a microblaze_0/lib/_exit.o microblaze_0/lib/errno.o microblaze_0/lib/fcntl.o microblaze_0/lib
TRACE::2024-11-07.21:18:17::SCWMssOS::/hw_exception_handler.o microblaze_0/lib/inbyte.o microblaze_0/lib/microblaze_disable_dcache.o microblaze_0/lib/microblaze_disa
TRACE::2024-11-07.21:18:17::SCWMssOS::ble_exceptions.o microblaze_0/lib/microblaze_disable_icache.o microblaze_0/lib/microblaze_disable_interrupts.o microblaze_0/lib
TRACE::2024-11-07.21:18:17::SCWMssOS::/microblaze_enable_dcache.o microblaze_0/lib/microblaze_enable_exceptions.o microblaze_0/lib/microblaze_enable_icache.o microbl
TRACE::2024-11-07.21:18:17::SCWMssOS::aze_0/lib/microblaze_enable_interrupts.o microblaze_0/lib/microblaze_exception_handler.o microblaze_0/lib/microblaze_flush_cach
TRACE::2024-11-07.21:18:17::SCWMssOS::e_ext.o microblaze_0/lib/microblaze_flush_cache_ext_range.o microblaze_0/lib/microblaze_flush_dcache.o microblaze_0/lib/microbl
TRACE::2024-11-07.21:18:17::SCWMssOS::aze_flush_dcache_range.o microblaze_0/lib/microblaze_init_dcache_range.o microblaze_0/lib/microblaze_init_icache_range.o microb
TRACE::2024-11-07.21:18:17::SCWMssOS::laze_0/lib/microblaze_interrupt_handler.o microblaze_0/lib/microblaze_interrupts_g.o microblaze_0/lib/microblaze_invalidate_cac
TRACE::2024-11-07.21:18:17::SCWMssOS::he_ext.o microblaze_0/lib/microblaze_invalidate_cache_ext_range.o microblaze_0/lib/microblaze_invalidate_dcache.o microblaze_0/
TRACE::2024-11-07.21:18:17::SCWMssOS::lib/microblaze_invalidate_dcache_range.o microblaze_0/lib/microblaze_invalidate_icache.o microblaze_0/lib/microblaze_invalidate
TRACE::2024-11-07.21:18:17::SCWMssOS::_icache_range.o microblaze_0/lib/microblaze_scrub.o microblaze_0/lib/microblaze_selftest.o microblaze_0/lib/microblaze_sleep.o 
TRACE::2024-11-07.21:18:17::SCWMssOS::microblaze_0/lib/microblaze_update_dcache.o microblaze_0/lib/microblaze_update_icache.o microblaze_0/lib/outbyte.o microblaze_0
TRACE::2024-11-07.21:18:17::SCWMssOS::/lib/print.o microblaze_0/lib/pvr.o microblaze_0/lib/xbram.o microblaze_0/lib/xbram_g.o microblaze_0/lib/xbram_intr.o microblaz
TRACE::2024-11-07.21:18:17::SCWMssOS::e_0/lib/xbram_selftest.o microblaze_0/lib/xbram_sinit.o microblaze_0/lib/xil_assert.o microblaze_0/lib/xil_cache.o microblaze_0
TRACE::2024-11-07.21:18:17::SCWMssOS::/lib/xil_clocking.o microblaze_0/lib/xil_exception.o microblaze_0/lib/xil_mem.o microblaze_0/lib/xil_misc_psreset_api.o microbl
TRACE::2024-11-07.21:18:17::SCWMssOS::aze_0/lib/xil_printf.o microblaze_0/lib/xil_sleepcommon.o microblaze_0/lib/xil_testcache.o microblaze_0/lib/xil_testio.o microb
TRACE::2024-11-07.21:18:17::SCWMssOS::laze_0/lib/xil_testmem.o microblaze_0/lib/xil_util.o microblaze_0/lib/xintc.o microblaze_0/lib/xintc_g.o microblaze_0/lib/xintc
TRACE::2024-11-07.21:18:17::SCWMssOS::_intr.o microblaze_0/lib/xintc_l.o microblaze_0/lib/xintc_options.o microblaze_0/lib/xintc_selftest.o microblaze_0/lib/xinterru
TRACE::2024-11-07.21:18:17::SCWMssOS::pt_wrap.o microblaze_0/lib/xio.o microblaze_0/lib/xplatform_info.o microblaze_0/lib/xuartlite.o microblaze_0/lib/xuartlite_g.o 
TRACE::2024-11-07.21:18:17::SCWMssOS::microblaze_0/lib/xuartlite_intr.o microblaze_0/lib/xuartlite_l.o microblaze_0/lib/xuartlite_selftest.o microblaze_0/lib/xuartli
TRACE::2024-11-07.21:18:17::SCWMssOS::te_sinit.o microblaze_0/lib/xuartlite_stats.o

TRACE::2024-11-07.21:18:17::SCWMssOS::'Finished building libraries'

TRACE::2024-11-07.21:18:18::SCWMssOS:: Checking if to create the Supporting Applications
TRACE::2024-11-07.21:18:18::SCWMssOS:: No Linux domain exists, trying to generate FSBL 
LOG::2024-11-07.21:18:18::SCWSystem::Completed Processing the domain standalone_microblaze_0
LOG::2024-11-07.21:18:18::SCWSystem::Completed Processing the sysconfig mb_usb_hdmi_top
LOG::2024-11-07.21:18:18::SCWPlatform::Completed generating the artifacts for system configuration mb_usb_hdmi_top
TRACE::2024-11-07.21:18:18::SCWPlatform::Started preparing the platform 
TRACE::2024-11-07.21:18:18::SCWSystem::Writing the bif file for system config mb_usb_hdmi_top
TRACE::2024-11-07.21:18:18::SCWSystem::dir created 
TRACE::2024-11-07.21:18:18::SCWSystem::Writing the bif 
TRACE::2024-11-07.21:18:18::SCWPlatform::Started writing the spfm file 
TRACE::2024-11-07.21:18:18::SCWPlatform::Started writing the xpfm file 
TRACE::2024-11-07.21:18:18::SCWPlatform::Completed generating the platform
TRACE::2024-11-07.21:18:18::SCWMssOS::Saving the mss changes C:/Users/realk/Desktop/ece385/ECE385/lab7_2/lab7_2_sdk/mb_usb_hdmi_top/microblaze_0/standalone_microblaze_0/bsp/system.mss
TRACE::2024-11-07.21:18:18::SCWMssOS::Adding the swdes entry, mss present, able to open swdb C:/Users/realk/Desktop/ece385/ECE385/lab7_2/lab7_2_sdk/mb_usb_hdmi_top/microblaze_0/standalone_microblaze_0/bsp/system.mss with des name system
TRACE::2024-11-07.21:18:18::SCWMssOS::Writing the mss file completed C:/Users/realk/Desktop/ece385/ECE385/lab7_2/lab7_2_sdk/mb_usb_hdmi_top/microblaze_0/standalone_microblaze_0/bsp/system.mss
TRACE::2024-11-07.21:18:18::SCWMssOS::Commit changes completed.
TRACE::2024-11-07.21:18:18::SCWPlatform::Trying to open the hw design at C:/Users/realk/Desktop/ece385/ECE385/lab7_2/lab7_2_sdk/mb_usb_hdmi_top/hw/mb_usb_hdmi_top.xsa
TRACE::2024-11-07.21:18:18::SCWPlatform::DSA given C:/Users/realk/Desktop/ece385/ECE385/lab7_2/lab7_2_sdk/mb_usb_hdmi_top/hw/mb_usb_hdmi_top.xsa
TRACE::2024-11-07.21:18:18::SCWPlatform::DSA absoulate path C:/Users/realk/Desktop/ece385/ECE385/lab7_2/lab7_2_sdk/mb_usb_hdmi_top/hw/mb_usb_hdmi_top.xsa
TRACE::2024-11-07.21:18:18::SCWPlatform::DSA directory C:/Users/realk/Desktop/ece385/ECE385/lab7_2/lab7_2_sdk/mb_usb_hdmi_top/hw
TRACE::2024-11-07.21:18:18::SCWPlatform:: Platform Path C:/Users/realk/Desktop/ece385/ECE385/lab7_2/lab7_2_sdk/mb_usb_hdmi_top/hw/mb_usb_hdmi_top.xsa
TRACE::2024-11-07.21:18:18::SCWPlatform:: Unique name xilinx:::0.0
TRACE::2024-11-07.21:18:18::SCWPlatform::Trying to set the existing hwdb with name mb_usb_hdmi_top_17
TRACE::2024-11-07.21:18:18::SCWPlatform::Opened existing hwdb mb_usb_hdmi_top_17
TRACE::2024-11-07.21:18:18::SCWPlatform::Found the Hw Db part of the input DSA
TRACE::2024-11-07.21:18:18::SCWMssOS::Checking the sw design at  C:/Users/realk/Desktop/ece385/ECE385/lab7_2/lab7_2_sdk/mb_usb_hdmi_top/microblaze_0/standalone_microblaze_0/bsp/system.mss
TRACE::2024-11-07.21:18:18::SCWMssOS::DEBUG:  swdes dump  C:/Users/realk/Desktop/ece385/ECE385/lab7_2/lab7_2_sdk/mb_usb_hdmi_top/microblaze_0/standalone_microblaze_0/bsp/system.mss|system||

TRACE::2024-11-07.21:18:18::SCWMssOS::Sw design exists and opened at  C:/Users/realk/Desktop/ece385/ECE385/lab7_2/lab7_2_sdk/mb_usb_hdmi_top/microblaze_0/standalone_microblaze_0/bsp/system.mss
TRACE::2024-11-07.21:18:18::SCWWriter::formatted JSON is {
	"platformName":	"mb_usb_hdmi_top",
	"sprVersion":	"2.0",
	"mode":	"gui",
	"dsaType":	"Fixed",
	"platformDesc":	"mb_usb_hdmi_top",
	"platHandOff":	"C:/Users/realk/Desktop/ece385/ECE385/lab7_2/mb_usb_hdmi_top.xsa",
	"platIntHandOff":	"<platformDir>/hw/mb_usb_hdmi_top.xsa",
	"deviceType":	"FPGA",
	"platIsPrebuiltAutogen":	"false",
	"platIsNoBootBsp":	"false",
	"hasFsblMakeHasChanges":	"false",
	"hasPmufwMakeHasChanges":	"false",
	"platPreBuiltFlag":	false,
	"platformSamplesDir":	"",
	"platActiveSys":	"mb_usb_hdmi_top",
	"systems":	[{
			"systemName":	"mb_usb_hdmi_top",
			"systemDesc":	"mb_usb_hdmi_top",
			"sysIsBootAutoGen":	"true",
			"systemDispName":	"mb_usb_hdmi_top",
			"sysActiveDom":	"standalone_microblaze_0",
			"sysDefaultDom":	"standalone_microblaze_0",
			"domains":	[{
					"domainName":	"standalone_microblaze_0",
					"domainDispName":	"standalone_microblaze_0",
					"domainDesc":	"standalone_microblaze_0",
					"processors":	"microblaze_0",
					"os":	"standalone",
					"sdxOs":	"standalone",
					"debugEnable":	"False",
					"domRuntimes":	["cpp"],
					"swRepo":	"",
					"mssOsVer":	"8.0",
					"mssFile":	"",
					"md5Digest":	"5422c1e5be4ae93f4de8c50507402f2a",
					"compatibleApp":	"",
					"domType":	"mssDomain",
					"arch":	"32-bit",
					"appSettings":	{
						"appCompilerFlags":	"",
						"appLinkerFlags":	""
					},
					"addedLibs":	[],
					"libOptions":	{
						"libsContainingOptions":	[]
					},
					"prebuiltLibs":	{
						"prebuiltIncPath":	[],
						"prebuiltLibPath":	[]
					},
					"isolation":	{
					}
				}]
		}]
}
KEYINFO::2024-11-07.21:18:18::SCWPlatform::updated the xpfm file.
TRACE::2024-11-07.21:18:19::SCWPlatform::Trying to open the hw design at C:/Users/realk/Desktop/ece385/ECE385/lab7_2/lab7_2_sdk/mb_usb_hdmi_top/hw/mb_usb_hdmi_top.xsa
TRACE::2024-11-07.21:18:19::SCWPlatform::DSA given C:/Users/realk/Desktop/ece385/ECE385/lab7_2/lab7_2_sdk/mb_usb_hdmi_top/hw/mb_usb_hdmi_top.xsa
TRACE::2024-11-07.21:18:19::SCWPlatform::DSA absoulate path C:/Users/realk/Desktop/ece385/ECE385/lab7_2/lab7_2_sdk/mb_usb_hdmi_top/hw/mb_usb_hdmi_top.xsa
TRACE::2024-11-07.21:18:19::SCWPlatform::DSA directory C:/Users/realk/Desktop/ece385/ECE385/lab7_2/lab7_2_sdk/mb_usb_hdmi_top/hw
TRACE::2024-11-07.21:18:19::SCWPlatform:: Platform Path C:/Users/realk/Desktop/ece385/ECE385/lab7_2/lab7_2_sdk/mb_usb_hdmi_top/hw/mb_usb_hdmi_top.xsa
TRACE::2024-11-07.21:18:19::SCWPlatform:: Unique name xilinx:::0.0
TRACE::2024-11-07.21:18:19::SCWPlatform::Trying to set the existing hwdb with name mb_usb_hdmi_top_17
TRACE::2024-11-07.21:18:19::SCWPlatform::Opened existing hwdb mb_usb_hdmi_top_17
TRACE::2024-11-07.21:18:19::SCWPlatform::Found the Hw Db part of the input DSA
TRACE::2024-11-07.21:18:19::SCWMssOS::Checking the sw design at  C:/Users/realk/Desktop/ece385/ECE385/lab7_2/lab7_2_sdk/mb_usb_hdmi_top/microblaze_0/standalone_microblaze_0/bsp/system.mss
TRACE::2024-11-07.21:18:19::SCWMssOS::DEBUG:  swdes dump  C:/Users/realk/Desktop/ece385/ECE385/lab7_2/lab7_2_sdk/mb_usb_hdmi_top/microblaze_0/standalone_microblaze_0/bsp/system.mss|system||

TRACE::2024-11-07.21:18:19::SCWMssOS::Sw design exists and opened at  C:/Users/realk/Desktop/ece385/ECE385/lab7_2/lab7_2_sdk/mb_usb_hdmi_top/microblaze_0/standalone_microblaze_0/bsp/system.mss
TRACE::2024-11-07.21:29:50::SCWPlatform::Clearing the existing platform
TRACE::2024-11-07.21:29:50::SCWSystem::Clearing the existing sysconfig
TRACE::2024-11-07.21:29:50::SCWMssOS::Removing the swdes entry for  C:/Users/realk/Desktop/ece385/ECE385/lab7_2/lab7_2_sdk/mb_usb_hdmi_top/microblaze_0/standalone_microblaze_0/bsp/system.mss
TRACE::2024-11-07.21:29:50::SCWSystem::Clearing the domains completed.
TRACE::2024-11-07.21:29:50::SCWPlatform::Clearing the opened hw db.
TRACE::2024-11-07.21:29:50::SCWPlatform::DSA given C:/Users/realk/Desktop/ece385/ECE385/lab7_2/lab7_2_sdk/mb_usb_hdmi_top/hw/mb_usb_hdmi_top.xsa
TRACE::2024-11-07.21:29:50::SCWPlatform::DSA absoulate path C:/Users/realk/Desktop/ece385/ECE385/lab7_2/lab7_2_sdk/mb_usb_hdmi_top/hw/mb_usb_hdmi_top.xsa
TRACE::2024-11-07.21:29:50::SCWPlatform:: Platform location is C:/Users/realk/Desktop/ece385/ECE385/lab7_2/lab7_2_sdk/mb_usb_hdmi_top/hw
TRACE::2024-11-07.21:29:50::SCWPlatform:: Platform Path C:/Users/realk/Desktop/ece385/ECE385/lab7_2/lab7_2_sdk/mb_usb_hdmi_top/hw/mb_usb_hdmi_top.xsa
TRACE::2024-11-07.21:29:50::SCWPlatform:: Unique name xilinx:::0.0
TRACE::2024-11-07.21:29:50::SCWPlatform::Removing the HwDB with name C:/Users/realk/Desktop/ece385/ECE385/lab7_2/lab7_2_sdk/mb_usb_hdmi_top/hw/mb_usb_hdmi_top.xsa
TRACE::2024-11-07.21:29:50::SCWPlatform::Trying to open the hw design at C:/Users/realk/Desktop/ece385/ECE385/lab7_2/lab7_2_sdk/mb_usb_hdmi_top/hw/mb_usb_hdmi_top.xsa
TRACE::2024-11-07.21:29:50::SCWPlatform::DSA given C:/Users/realk/Desktop/ece385/ECE385/lab7_2/lab7_2_sdk/mb_usb_hdmi_top/hw/mb_usb_hdmi_top.xsa
TRACE::2024-11-07.21:29:50::SCWPlatform::DSA absoulate path C:/Users/realk/Desktop/ece385/ECE385/lab7_2/lab7_2_sdk/mb_usb_hdmi_top/hw/mb_usb_hdmi_top.xsa
TRACE::2024-11-07.21:29:50::SCWPlatform::DSA directory C:/Users/realk/Desktop/ece385/ECE385/lab7_2/lab7_2_sdk/mb_usb_hdmi_top/hw
TRACE::2024-11-07.21:29:50::SCWPlatform:: Platform Path C:/Users/realk/Desktop/ece385/ECE385/lab7_2/lab7_2_sdk/mb_usb_hdmi_top/hw/mb_usb_hdmi_top.xsa
TRACE::2024-11-07.21:29:50::SCWPlatform:: Unique name xilinx:::0.0
TRACE::2024-11-07.21:29:50::SCWPlatform::Do not have an existing db opened. 
TRACE::2024-11-07.21:29:50::SCWPlatform::Opened new HwDB with name mb_usb_hdmi_top_19
TRACE::2024-11-07.21:29:50::SCWReader::Active system found as  mb_usb_hdmi_top
TRACE::2024-11-07.21:29:50::SCWReader::Handling sysconfig mb_usb_hdmi_top
TRACE::2024-11-07.21:29:50::SCWDomain::checking for install qemu data   : 
TRACE::2024-11-07.21:29:50::SCWPlatform::Trying to open the hw design at C:/Users/realk/Desktop/ece385/ECE385/lab7_2/lab7_2_sdk/mb_usb_hdmi_top/hw/mb_usb_hdmi_top.xsa
TRACE::2024-11-07.21:29:50::SCWPlatform::DSA given C:/Users/realk/Desktop/ece385/ECE385/lab7_2/lab7_2_sdk/mb_usb_hdmi_top/hw/mb_usb_hdmi_top.xsa
TRACE::2024-11-07.21:29:50::SCWPlatform::DSA absoulate path C:/Users/realk/Desktop/ece385/ECE385/lab7_2/lab7_2_sdk/mb_usb_hdmi_top/hw/mb_usb_hdmi_top.xsa
TRACE::2024-11-07.21:29:50::SCWPlatform::DSA directory C:/Users/realk/Desktop/ece385/ECE385/lab7_2/lab7_2_sdk/mb_usb_hdmi_top/hw
TRACE::2024-11-07.21:29:50::SCWPlatform:: Platform Path C:/Users/realk/Desktop/ece385/ECE385/lab7_2/lab7_2_sdk/mb_usb_hdmi_top/hw/mb_usb_hdmi_top.xsa
TRACE::2024-11-07.21:29:50::SCWPlatform:: Unique name xilinx:::0.0
TRACE::2024-11-07.21:29:50::SCWPlatform::Trying to set the existing hwdb with name mb_usb_hdmi_top_19
TRACE::2024-11-07.21:29:50::SCWPlatform::Opened existing hwdb mb_usb_hdmi_top_19
TRACE::2024-11-07.21:29:50::SCWPlatform::Found the Hw Db part of the input DSA
TRACE::2024-11-07.21:29:50::SCWPlatform::Trying to open the hw design at C:/Users/realk/Desktop/ece385/ECE385/lab7_2/lab7_2_sdk/mb_usb_hdmi_top/hw/mb_usb_hdmi_top.xsa
TRACE::2024-11-07.21:29:50::SCWPlatform::DSA given C:/Users/realk/Desktop/ece385/ECE385/lab7_2/lab7_2_sdk/mb_usb_hdmi_top/hw/mb_usb_hdmi_top.xsa
TRACE::2024-11-07.21:29:50::SCWPlatform::DSA absoulate path C:/Users/realk/Desktop/ece385/ECE385/lab7_2/lab7_2_sdk/mb_usb_hdmi_top/hw/mb_usb_hdmi_top.xsa
TRACE::2024-11-07.21:29:50::SCWPlatform::DSA directory C:/Users/realk/Desktop/ece385/ECE385/lab7_2/lab7_2_sdk/mb_usb_hdmi_top/hw
TRACE::2024-11-07.21:29:50::SCWPlatform:: Platform Path C:/Users/realk/Desktop/ece385/ECE385/lab7_2/lab7_2_sdk/mb_usb_hdmi_top/hw/mb_usb_hdmi_top.xsa
TRACE::2024-11-07.21:29:50::SCWPlatform:: Unique name xilinx:::0.0
TRACE::2024-11-07.21:29:50::SCWPlatform::Trying to set the existing hwdb with name mb_usb_hdmi_top_19
TRACE::2024-11-07.21:29:50::SCWPlatform::Opened existing hwdb mb_usb_hdmi_top_19
TRACE::2024-11-07.21:29:50::SCWPlatform::Found the Hw Db part of the input DSA
TRACE::2024-11-07.21:29:50::SCWPlatform::Trying to open the hw design at C:/Users/realk/Desktop/ece385/ECE385/lab7_2/lab7_2_sdk/mb_usb_hdmi_top/hw/mb_usb_hdmi_top.xsa
TRACE::2024-11-07.21:29:50::SCWPlatform::DSA given C:/Users/realk/Desktop/ece385/ECE385/lab7_2/lab7_2_sdk/mb_usb_hdmi_top/hw/mb_usb_hdmi_top.xsa
TRACE::2024-11-07.21:29:50::SCWPlatform::DSA absoulate path C:/Users/realk/Desktop/ece385/ECE385/lab7_2/lab7_2_sdk/mb_usb_hdmi_top/hw/mb_usb_hdmi_top.xsa
TRACE::2024-11-07.21:29:50::SCWPlatform::DSA directory C:/Users/realk/Desktop/ece385/ECE385/lab7_2/lab7_2_sdk/mb_usb_hdmi_top/hw
TRACE::2024-11-07.21:29:50::SCWPlatform:: Platform Path C:/Users/realk/Desktop/ece385/ECE385/lab7_2/lab7_2_sdk/mb_usb_hdmi_top/hw/mb_usb_hdmi_top.xsa
TRACE::2024-11-07.21:29:50::SCWPlatform:: Unique name xilinx:::0.0
TRACE::2024-11-07.21:29:50::SCWPlatform::Trying to set the existing hwdb with name mb_usb_hdmi_top_19
TRACE::2024-11-07.21:29:50::SCWPlatform::Opened existing hwdb mb_usb_hdmi_top_19
TRACE::2024-11-07.21:29:50::SCWPlatform::Found the Hw Db part of the input DSA
TRACE::2024-11-07.21:29:50::SCWPlatform::Trying to open the hw design at C:/Users/realk/Desktop/ece385/ECE385/lab7_2/lab7_2_sdk/mb_usb_hdmi_top/hw/mb_usb_hdmi_top.xsa
TRACE::2024-11-07.21:29:50::SCWPlatform::DSA given C:/Users/realk/Desktop/ece385/ECE385/lab7_2/lab7_2_sdk/mb_usb_hdmi_top/hw/mb_usb_hdmi_top.xsa
TRACE::2024-11-07.21:29:50::SCWPlatform::DSA absoulate path C:/Users/realk/Desktop/ece385/ECE385/lab7_2/lab7_2_sdk/mb_usb_hdmi_top/hw/mb_usb_hdmi_top.xsa
TRACE::2024-11-07.21:29:50::SCWPlatform::DSA directory C:/Users/realk/Desktop/ece385/ECE385/lab7_2/lab7_2_sdk/mb_usb_hdmi_top/hw
TRACE::2024-11-07.21:29:50::SCWPlatform:: Platform Path C:/Users/realk/Desktop/ece385/ECE385/lab7_2/lab7_2_sdk/mb_usb_hdmi_top/hw/mb_usb_hdmi_top.xsa
TRACE::2024-11-07.21:29:50::SCWPlatform:: Unique name xilinx:::0.0
TRACE::2024-11-07.21:29:50::SCWPlatform::Trying to set the existing hwdb with name mb_usb_hdmi_top_19
TRACE::2024-11-07.21:29:50::SCWPlatform::Opened existing hwdb mb_usb_hdmi_top_19
TRACE::2024-11-07.21:29:50::SCWPlatform::Found the Hw Db part of the input DSA
TRACE::2024-11-07.21:29:50::SCWMssOS::Checking the sw design at  C:/Users/realk/Desktop/ece385/ECE385/lab7_2/lab7_2_sdk/mb_usb_hdmi_top/microblaze_0/standalone_microblaze_0/bsp/system.mss
TRACE::2024-11-07.21:29:50::SCWMssOS::DEBUG:  swdes dump  
TRACE::2024-11-07.21:29:50::SCWMssOS::No sw design opened at  C:/Users/realk/Desktop/ece385/ECE385/lab7_2/lab7_2_sdk/mb_usb_hdmi_top/microblaze_0/standalone_microblaze_0/bsp/system.mss
TRACE::2024-11-07.21:29:50::SCWMssOS::mss exists loading the mss file  C:/Users/realk/Desktop/ece385/ECE385/lab7_2/lab7_2_sdk/mb_usb_hdmi_top/microblaze_0/standalone_microblaze_0/bsp/system.mss
TRACE::2024-11-07.21:29:50::SCWMssOS::Opened the sw design from mss  C:/Users/realk/Desktop/ece385/ECE385/lab7_2/lab7_2_sdk/mb_usb_hdmi_top/microblaze_0/standalone_microblaze_0/bsp/system.mss
TRACE::2024-11-07.21:29:50::SCWMssOS::Adding the swdes entry C:/Users/realk/Desktop/ece385/ECE385/lab7_2/lab7_2_sdk/mb_usb_hdmi_top/microblaze_0/standalone_microblaze_0/bsp/system.mss with des name system
TRACE::2024-11-07.21:29:50::SCWMssOS::updating the scw layer about changes
TRACE::2024-11-07.21:29:50::SCWMssOS::Opened the sw design.  C:/Users/realk/Desktop/ece385/ECE385/lab7_2/lab7_2_sdk/mb_usb_hdmi_top/microblaze_0/standalone_microblaze_0/bsp/system.mss
TRACE::2024-11-07.21:29:50::SCWMssOS::Saving the mss changes C:/Users/realk/Desktop/ece385/ECE385/lab7_2/lab7_2_sdk/mb_usb_hdmi_top/microblaze_0/standalone_microblaze_0/bsp/system.mss
TRACE::2024-11-07.21:29:50::SCWMssOS::Found a swdesign opened with the mssfile.
TRACE::2024-11-07.21:29:50::SCWMssOS::Completed writemss as part of save.
TRACE::2024-11-07.21:29:50::SCWMssOS::Commit changes completed.
TRACE::2024-11-07.21:29:50::SCWReader::Adding prebuilt librarypaths as   
TRACE::2024-11-07.21:29:50::SCWReader::Adding prebuilt incpaths  as   
TRACE::2024-11-07.21:29:50::SCWPlatform::Trying to open the hw design at C:/Users/realk/Desktop/ece385/ECE385/lab7_2/lab7_2_sdk/mb_usb_hdmi_top/hw/mb_usb_hdmi_top.xsa
TRACE::2024-11-07.21:29:50::SCWPlatform::DSA given C:/Users/realk/Desktop/ece385/ECE385/lab7_2/lab7_2_sdk/mb_usb_hdmi_top/hw/mb_usb_hdmi_top.xsa
TRACE::2024-11-07.21:29:50::SCWPlatform::DSA absoulate path C:/Users/realk/Desktop/ece385/ECE385/lab7_2/lab7_2_sdk/mb_usb_hdmi_top/hw/mb_usb_hdmi_top.xsa
TRACE::2024-11-07.21:29:50::SCWPlatform::DSA directory C:/Users/realk/Desktop/ece385/ECE385/lab7_2/lab7_2_sdk/mb_usb_hdmi_top/hw
TRACE::2024-11-07.21:29:50::SCWPlatform:: Platform Path C:/Users/realk/Desktop/ece385/ECE385/lab7_2/lab7_2_sdk/mb_usb_hdmi_top/hw/mb_usb_hdmi_top.xsa
TRACE::2024-11-07.21:29:50::SCWPlatform:: Unique name xilinx:::0.0
TRACE::2024-11-07.21:29:50::SCWPlatform::Trying to set the existing hwdb with name mb_usb_hdmi_top_19
TRACE::2024-11-07.21:29:50::SCWPlatform::Opened existing hwdb mb_usb_hdmi_top_19
TRACE::2024-11-07.21:29:50::SCWPlatform::Found the Hw Db part of the input DSA
TRACE::2024-11-07.21:29:50::SCWMssOS::Checking the sw design at  C:/Users/realk/Desktop/ece385/ECE385/lab7_2/lab7_2_sdk/mb_usb_hdmi_top/microblaze_0/standalone_microblaze_0/bsp/system.mss
TRACE::2024-11-07.21:29:50::SCWMssOS::DEBUG:  swdes dump  C:/Users/realk/Desktop/ece385/ECE385/lab7_2/lab7_2_sdk/mb_usb_hdmi_top/microblaze_0/standalone_microblaze_0/bsp/system.mss|system||

TRACE::2024-11-07.21:29:50::SCWMssOS::Sw design exists and opened at  C:/Users/realk/Desktop/ece385/ECE385/lab7_2/lab7_2_sdk/mb_usb_hdmi_top/microblaze_0/standalone_microblaze_0/bsp/system.mss
TRACE::2024-11-07.21:29:50::SCWReader::No isolation master present  
TRACE::2024-11-07.21:29:53::SCWPlatform::DSA given C:/Users/realk/Desktop/ece385/ECE385/lab7_2/lab7_2_sdk/mb_usb_hdmi_top/tempdsa/mb_usb_hdmi_top.xsa
TRACE::2024-11-07.21:29:53::SCWPlatform::DSA absoulate path C:/Users/realk/Desktop/ece385/ECE385/lab7_2/lab7_2_sdk/mb_usb_hdmi_top/tempdsa/mb_usb_hdmi_top.xsa
TRACE::2024-11-07.21:29:53::SCWPlatform:: Platform location is C:/Users/realk/Desktop/ece385/ECE385/lab7_2/lab7_2_sdk/mb_usb_hdmi_top/tempdsa
TRACE::2024-11-07.21:29:53::SCWPlatform:: Platform Path C:/Users/realk/Desktop/ece385/ECE385/lab7_2/lab7_2_sdk/mb_usb_hdmi_top/tempdsa/mb_usb_hdmi_top.xsa
TRACE::2024-11-07.21:29:53::SCWPlatform:: Unique name xilinx:::0.0
TRACE::2024-11-07.21:29:53::SCWPlatform::Found the Hw Db part of the input DSA
TRACE::2024-11-07.21:29:53::SCWMssOS::Doing hw sync for the mss in domain: standalone_microblaze_0
TRACE::2024-11-07.21:29:53::SCWPlatform::Trying to open the hw design at C:/Users/realk/Desktop/ece385/ECE385/lab7_2/lab7_2_sdk/mb_usb_hdmi_top/hw/mb_usb_hdmi_top.xsa
TRACE::2024-11-07.21:29:53::SCWPlatform::DSA given C:/Users/realk/Desktop/ece385/ECE385/lab7_2/lab7_2_sdk/mb_usb_hdmi_top/hw/mb_usb_hdmi_top.xsa
TRACE::2024-11-07.21:29:53::SCWPlatform::DSA absoulate path C:/Users/realk/Desktop/ece385/ECE385/lab7_2/lab7_2_sdk/mb_usb_hdmi_top/hw/mb_usb_hdmi_top.xsa
TRACE::2024-11-07.21:29:53::SCWPlatform::DSA directory C:/Users/realk/Desktop/ece385/ECE385/lab7_2/lab7_2_sdk/mb_usb_hdmi_top/hw
TRACE::2024-11-07.21:29:53::SCWPlatform:: Platform Path C:/Users/realk/Desktop/ece385/ECE385/lab7_2/lab7_2_sdk/mb_usb_hdmi_top/hw/mb_usb_hdmi_top.xsa
TRACE::2024-11-07.21:29:53::SCWPlatform:: Unique name xilinx:::0.0
TRACE::2024-11-07.21:29:53::SCWPlatform::Trying to set the existing hwdb with name mb_usb_hdmi_top_19
TRACE::2024-11-07.21:29:53::SCWPlatform::Opened existing hwdb mb_usb_hdmi_top_19
TRACE::2024-11-07.21:29:53::SCWPlatform::Found the Hw Db part of the input DSA
TRACE::2024-11-07.21:29:53::SCWPlatform::Trying to open the hw design at C:/Users/realk/Desktop/ece385/ECE385/lab7_2/lab7_2_sdk/mb_usb_hdmi_top/hw/mb_usb_hdmi_top.xsa
TRACE::2024-11-07.21:29:53::SCWPlatform::DSA given C:/Users/realk/Desktop/ece385/ECE385/lab7_2/lab7_2_sdk/mb_usb_hdmi_top/hw/mb_usb_hdmi_top.xsa
TRACE::2024-11-07.21:29:53::SCWPlatform::DSA absoulate path C:/Users/realk/Desktop/ece385/ECE385/lab7_2/lab7_2_sdk/mb_usb_hdmi_top/hw/mb_usb_hdmi_top.xsa
TRACE::2024-11-07.21:29:53::SCWPlatform::DSA directory C:/Users/realk/Desktop/ece385/ECE385/lab7_2/lab7_2_sdk/mb_usb_hdmi_top/hw
TRACE::2024-11-07.21:29:53::SCWPlatform:: Platform Path C:/Users/realk/Desktop/ece385/ECE385/lab7_2/lab7_2_sdk/mb_usb_hdmi_top/hw/mb_usb_hdmi_top.xsa
TRACE::2024-11-07.21:29:53::SCWPlatform:: Unique name xilinx:::0.0
TRACE::2024-11-07.21:29:53::SCWPlatform::Trying to set the existing hwdb with name mb_usb_hdmi_top_19
TRACE::2024-11-07.21:29:53::SCWPlatform::Opened existing hwdb mb_usb_hdmi_top_19
TRACE::2024-11-07.21:29:53::SCWPlatform::Found the Hw Db part of the input DSA
TRACE::2024-11-07.21:29:53::SCWMssOS::Checking the sw design at  C:/Users/realk/Desktop/ece385/ECE385/lab7_2/lab7_2_sdk/mb_usb_hdmi_top/microblaze_0/standalone_microblaze_0/bsp/system.mss
TRACE::2024-11-07.21:29:53::SCWMssOS::DEBUG:  swdes dump  C:/Users/realk/Desktop/ece385/ECE385/lab7_2/lab7_2_sdk/mb_usb_hdmi_top/microblaze_0/standalone_microblaze_0/bsp/system.mss|system||

TRACE::2024-11-07.21:29:53::SCWMssOS::Sw design exists and opened at  C:/Users/realk/Desktop/ece385/ECE385/lab7_2/lab7_2_sdk/mb_usb_hdmi_top/microblaze_0/standalone_microblaze_0/bsp/system.mss
TRACE::2024-11-07.21:29:53::SCWPlatform::Trying to open the hw design at C:/Users/realk/Desktop/ece385/ECE385/lab7_2/lab7_2_sdk/mb_usb_hdmi_top/tempdsa/mb_usb_hdmi_top.xsa
TRACE::2024-11-07.21:29:53::SCWPlatform::DSA given C:/Users/realk/Desktop/ece385/ECE385/lab7_2/lab7_2_sdk/mb_usb_hdmi_top/tempdsa/mb_usb_hdmi_top.xsa
TRACE::2024-11-07.21:29:53::SCWPlatform::DSA absoulate path C:/Users/realk/Desktop/ece385/ECE385/lab7_2/lab7_2_sdk/mb_usb_hdmi_top/tempdsa/mb_usb_hdmi_top.xsa
TRACE::2024-11-07.21:29:53::SCWPlatform::DSA directory C:/Users/realk/Desktop/ece385/ECE385/lab7_2/lab7_2_sdk/mb_usb_hdmi_top/tempdsa
TRACE::2024-11-07.21:29:53::SCWPlatform:: Platform Path C:/Users/realk/Desktop/ece385/ECE385/lab7_2/lab7_2_sdk/mb_usb_hdmi_top/tempdsa/mb_usb_hdmi_top.xsa
TRACE::2024-11-07.21:29:53::SCWPlatform:: Unique name xilinx:::0.0
TRACE::2024-11-07.21:29:53::SCWPlatform::update - Opened existing hwdb mb_usb_hdmi_top_20
TRACE::2024-11-07.21:29:53::SCWPlatform::Found the Hw Db part of the input DSA
TRACE::2024-11-07.21:29:53::SCWMssOS::Saving the mss changes C:/Users/realk/Desktop/ece385/ECE385/lab7_2/lab7_2_sdk/mb_usb_hdmi_top/microblaze_0/standalone_microblaze_0/bsp/system.mss
TRACE::2024-11-07.21:29:53::SCWMssOS::Found a swdesign opened with the mssfile.
TRACE::2024-11-07.21:29:53::SCWMssOS::Completed writemss as part of save.
TRACE::2024-11-07.21:29:53::SCWMssOS::Commit changes completed.
TRACE::2024-11-07.21:29:53::SCWMssOS::Completed hw sync for the mss in domain: standalone_microblaze_0
TRACE::2024-11-07.21:29:53::SCWMssOS::Removing the swdes entry for  C:/Users/realk/Desktop/ece385/ECE385/lab7_2/lab7_2_sdk/mb_usb_hdmi_top/microblaze_0/standalone_microblaze_0/bsp/system.mss
TRACE::2024-11-07.21:29:53::SCWPlatform::Trying to open the hw design at C:/Users/realk/Desktop/ece385/ECE385/lab7_2/lab7_2_sdk/mb_usb_hdmi_top/hw/mb_usb_hdmi_top.xsa
TRACE::2024-11-07.21:29:53::SCWPlatform::DSA given C:/Users/realk/Desktop/ece385/ECE385/lab7_2/lab7_2_sdk/mb_usb_hdmi_top/hw/mb_usb_hdmi_top.xsa
TRACE::2024-11-07.21:29:53::SCWPlatform::DSA absoulate path C:/Users/realk/Desktop/ece385/ECE385/lab7_2/lab7_2_sdk/mb_usb_hdmi_top/hw/mb_usb_hdmi_top.xsa
TRACE::2024-11-07.21:29:53::SCWPlatform::DSA directory C:/Users/realk/Desktop/ece385/ECE385/lab7_2/lab7_2_sdk/mb_usb_hdmi_top/hw
TRACE::2024-11-07.21:29:53::SCWPlatform:: Platform Path C:/Users/realk/Desktop/ece385/ECE385/lab7_2/lab7_2_sdk/mb_usb_hdmi_top/hw/mb_usb_hdmi_top.xsa
TRACE::2024-11-07.21:29:53::SCWPlatform:: Unique name xilinx:::0.0
TRACE::2024-11-07.21:29:53::SCWPlatform::Do not have an existing db opened. 
TRACE::2024-11-07.21:29:53::SCWPlatform::Opened new HwDB with name mb_usb_hdmi_top_21
TRACE::2024-11-07.21:29:53::SCWMssOS::Saving the mss changes C:/Users/realk/Desktop/ece385/ECE385/lab7_2/lab7_2_sdk/mb_usb_hdmi_top/microblaze_0/standalone_microblaze_0/bsp/system.mss
TRACE::2024-11-07.21:29:53::SCWMssOS::Adding the swdes entry, mss present, able to open swdb C:/Users/realk/Desktop/ece385/ECE385/lab7_2/lab7_2_sdk/mb_usb_hdmi_top/microblaze_0/standalone_microblaze_0/bsp/system.mss with des name system
TRACE::2024-11-07.21:29:53::SCWMssOS::Writing the mss file completed C:/Users/realk/Desktop/ece385/ECE385/lab7_2/lab7_2_sdk/mb_usb_hdmi_top/microblaze_0/standalone_microblaze_0/bsp/system.mss
TRACE::2024-11-07.21:29:53::SCWMssOS::Commit changes completed.
TRACE::2024-11-07.21:29:53::SCWPlatform::Trying to open the hw design at C:/Users/realk/Desktop/ece385/ECE385/lab7_2/lab7_2_sdk/mb_usb_hdmi_top/hw/mb_usb_hdmi_top.xsa
TRACE::2024-11-07.21:29:53::SCWPlatform::DSA given C:/Users/realk/Desktop/ece385/ECE385/lab7_2/lab7_2_sdk/mb_usb_hdmi_top/hw/mb_usb_hdmi_top.xsa
TRACE::2024-11-07.21:29:53::SCWPlatform::DSA absoulate path C:/Users/realk/Desktop/ece385/ECE385/lab7_2/lab7_2_sdk/mb_usb_hdmi_top/hw/mb_usb_hdmi_top.xsa
TRACE::2024-11-07.21:29:53::SCWPlatform::DSA directory C:/Users/realk/Desktop/ece385/ECE385/lab7_2/lab7_2_sdk/mb_usb_hdmi_top/hw
TRACE::2024-11-07.21:29:53::SCWPlatform:: Platform Path C:/Users/realk/Desktop/ece385/ECE385/lab7_2/lab7_2_sdk/mb_usb_hdmi_top/hw/mb_usb_hdmi_top.xsa
TRACE::2024-11-07.21:29:53::SCWPlatform:: Unique name xilinx:::0.0
TRACE::2024-11-07.21:29:53::SCWPlatform::Trying to set the existing hwdb with name mb_usb_hdmi_top_21
TRACE::2024-11-07.21:29:53::SCWPlatform::Opened existing hwdb mb_usb_hdmi_top_21
TRACE::2024-11-07.21:29:53::SCWPlatform::Found the Hw Db part of the input DSA
TRACE::2024-11-07.21:29:53::SCWMssOS::Checking the sw design at  C:/Users/realk/Desktop/ece385/ECE385/lab7_2/lab7_2_sdk/mb_usb_hdmi_top/microblaze_0/standalone_microblaze_0/bsp/system.mss
TRACE::2024-11-07.21:29:53::SCWMssOS::DEBUG:  swdes dump  C:/Users/realk/Desktop/ece385/ECE385/lab7_2/lab7_2_sdk/mb_usb_hdmi_top/microblaze_0/standalone_microblaze_0/bsp/system.mss|system||

TRACE::2024-11-07.21:29:53::SCWMssOS::Sw design exists and opened at  C:/Users/realk/Desktop/ece385/ECE385/lab7_2/lab7_2_sdk/mb_usb_hdmi_top/microblaze_0/standalone_microblaze_0/bsp/system.mss
TRACE::2024-11-07.21:29:53::SCWWriter::formatted JSON is {
	"platformName":	"mb_usb_hdmi_top",
	"sprVersion":	"2.0",
	"mode":	"gui",
	"dsaType":	"Fixed",
	"platformDesc":	"mb_usb_hdmi_top",
	"platHandOff":	"C:/Users/realk/Desktop/ece385/ECE385/lab7_2/mb_usb_hdmi_top.xsa",
	"platIntHandOff":	"<platformDir>/hw/mb_usb_hdmi_top.xsa",
	"deviceType":	"FPGA",
	"platIsPrebuiltAutogen":	"false",
	"platIsNoBootBsp":	"false",
	"hasFsblMakeHasChanges":	"false",
	"hasPmufwMakeHasChanges":	"false",
	"platPreBuiltFlag":	false,
	"platformSamplesDir":	"",
	"platActiveSys":	"mb_usb_hdmi_top",
	"systems":	[{
			"systemName":	"mb_usb_hdmi_top",
			"systemDesc":	"mb_usb_hdmi_top",
			"sysIsBootAutoGen":	"true",
			"systemDispName":	"mb_usb_hdmi_top",
			"sysActiveDom":	"standalone_microblaze_0",
			"sysDefaultDom":	"standalone_microblaze_0",
			"domains":	[{
					"domainName":	"standalone_microblaze_0",
					"domainDispName":	"standalone_microblaze_0",
					"domainDesc":	"standalone_microblaze_0",
					"processors":	"microblaze_0",
					"os":	"standalone",
					"sdxOs":	"standalone",
					"debugEnable":	"False",
					"domRuntimes":	["cpp"],
					"swRepo":	"",
					"mssOsVer":	"8.0",
					"mssFile":	"",
					"md5Digest":	"5422c1e5be4ae93f4de8c50507402f2a1",
					"compatibleApp":	"",
					"domType":	"mssDomain",
					"arch":	"32-bit",
					"appSettings":	{
						"appCompilerFlags":	"",
						"appLinkerFlags":	""
					},
					"addedLibs":	[],
					"libOptions":	{
						"libsContainingOptions":	[]
					},
					"prebuiltLibs":	{
						"prebuiltIncPath":	[],
						"prebuiltLibPath":	[]
					},
					"isolation":	{
					}
				}]
		}]
}
LOG::2024-11-07.21:30:07::SCWPlatform::Started generating the artifacts platform mb_usb_hdmi_top
TRACE::2024-11-07.21:30:07::SCWPlatform::Sanity checking of platform is completed
LOG::2024-11-07.21:30:07::SCWPlatform::Started generating the artifacts for system configuration mb_usb_hdmi_top
LOG::2024-11-07.21:30:07::SCWSystem::Checking the domain standalone_microblaze_0
LOG::2024-11-07.21:30:07::SCWSystem::Not a boot domain 
LOG::2024-11-07.21:30:07::SCWSystem::Started Processing the domain standalone_microblaze_0
TRACE::2024-11-07.21:30:07::SCWDomain::Generating domain artifcats
TRACE::2024-11-07.21:30:07::SCWMssOS::Generating standalone artifcats
TRACE::2024-11-07.21:30:07::SCWMssOS:: Copying the user libraries. 
TRACE::2024-11-07.21:30:07::SCWPlatform::Trying to open the hw design at C:/Users/realk/Desktop/ece385/ECE385/lab7_2/lab7_2_sdk/mb_usb_hdmi_top/hw/mb_usb_hdmi_top.xsa
TRACE::2024-11-07.21:30:07::SCWPlatform::DSA given C:/Users/realk/Desktop/ece385/ECE385/lab7_2/lab7_2_sdk/mb_usb_hdmi_top/hw/mb_usb_hdmi_top.xsa
TRACE::2024-11-07.21:30:07::SCWPlatform::DSA absoulate path C:/Users/realk/Desktop/ece385/ECE385/lab7_2/lab7_2_sdk/mb_usb_hdmi_top/hw/mb_usb_hdmi_top.xsa
TRACE::2024-11-07.21:30:07::SCWPlatform::DSA directory C:/Users/realk/Desktop/ece385/ECE385/lab7_2/lab7_2_sdk/mb_usb_hdmi_top/hw
TRACE::2024-11-07.21:30:07::SCWPlatform:: Platform Path C:/Users/realk/Desktop/ece385/ECE385/lab7_2/lab7_2_sdk/mb_usb_hdmi_top/hw/mb_usb_hdmi_top.xsa
TRACE::2024-11-07.21:30:07::SCWPlatform:: Unique name xilinx:::0.0
TRACE::2024-11-07.21:30:07::SCWPlatform::Trying to set the existing hwdb with name mb_usb_hdmi_top_21
TRACE::2024-11-07.21:30:07::SCWPlatform::Opened existing hwdb mb_usb_hdmi_top_21
TRACE::2024-11-07.21:30:07::SCWPlatform::Found the Hw Db part of the input DSA
TRACE::2024-11-07.21:30:07::SCWMssOS::Checking the sw design at  C:/Users/realk/Desktop/ece385/ECE385/lab7_2/lab7_2_sdk/mb_usb_hdmi_top/microblaze_0/standalone_microblaze_0/bsp/system.mss
TRACE::2024-11-07.21:30:07::SCWMssOS::DEBUG:  swdes dump  C:/Users/realk/Desktop/ece385/ECE385/lab7_2/lab7_2_sdk/mb_usb_hdmi_top/microblaze_0/standalone_microblaze_0/bsp/system.mss|system||

TRACE::2024-11-07.21:30:07::SCWMssOS::Sw design exists and opened at  C:/Users/realk/Desktop/ece385/ECE385/lab7_2/lab7_2_sdk/mb_usb_hdmi_top/microblaze_0/standalone_microblaze_0/bsp/system.mss
TRACE::2024-11-07.21:30:07::SCWMssOS::Completed writing the mss file at C:/Users/realk/Desktop/ece385/ECE385/lab7_2/lab7_2_sdk/mb_usb_hdmi_top/microblaze_0/standalone_microblaze_0/bsp
TRACE::2024-11-07.21:30:07::SCWMssOS::Mss edits present, copying mssfile into export location C:/Users/realk/Desktop/ece385/ECE385/lab7_2/lab7_2_sdk/mb_usb_hdmi_top/microblaze_0/standalone_microblaze_0/bsp/system.mss
TRACE::2024-11-07.21:30:07::SCWMssOS::bsp generated is stale removing and regenerating. 
TRACE::2024-11-07.21:30:09::SCWMssOS::doing bsp build ... 
TRACE::2024-11-07.21:30:09::SCWMssOS::System Command Ran  C: & cd  C:/Users/realk/Desktop/ece385/ECE385/lab7_2/lab7_2_sdk/mb_usb_hdmi_top/microblaze_0/standalone_microblaze_0/bsp & make 
TRACE::2024-11-07.21:30:09::SCWMssOS::make --no-print-directory seq_libs

TRACE::2024-11-07.21:30:09::SCWMssOS::'Finished building libraries sequentially.'

TRACE::2024-11-07.21:30:09::SCWMssOS::make -j 14 --no-print-directory par_libs

TRACE::2024-11-07.21:30:09::SCWMssOS::"Running Make include in microblaze_0/libsrc/bram_v4_8/src"

TRACE::2024-11-07.21:30:09::SCWMssOS::make -C microblaze_0/libsrc/bram_v4_8/src -s include  "SHELL=CMD" "COMPILER=mb-gcc" "ASSEMBLER=mb-as" "ARCHIVER=mb-ar" "COMPILE
TRACE::2024-11-07.21:30:09::SCWMssOS::R_FLAGS=  -O2 -c -mcpu=v11.0 -mlittle-endian -mno-xl-reorder -mno-xl-soft-mul -mxl-barrel-shift -mxl-pattern-compare" "EXTRA_CO
TRACE::2024-11-07.21:30:09::SCWMssOS::MPILER_FLAGS=-g -ffunction-sections -fdata-sections -Wall -Wextra -fno-tree-loop-distribute-patterns"

TRACE::2024-11-07.21:30:09::SCWMssOS::"Running Make include in microblaze_0/libsrc/cpu_v2_16/src"

TRACE::2024-11-07.21:30:09::SCWMssOS::make -C microblaze_0/libsrc/cpu_v2_16/src -s include  "SHELL=CMD" "COMPILER=mb-gcc" "ASSEMBLER=mb-as" "ARCHIVER=mb-ar" "COMPILE
TRACE::2024-11-07.21:30:09::SCWMssOS::R_FLAGS=  -O2 -c -mcpu=v11.0 -mlittle-endian -mno-xl-reorder -mno-xl-soft-mul -mxl-barrel-shift -mxl-pattern-compare" "EXTRA_CO
TRACE::2024-11-07.21:30:09::SCWMssOS::MPILER_FLAGS=-g -ffunction-sections -fdata-sections -Wall -Wextra -fno-tree-loop-distribute-patterns"

TRACE::2024-11-07.21:30:09::SCWMssOS::"Running Make include in microblaze_0/libsrc/intc_v3_15/src"

TRACE::2024-11-07.21:30:09::SCWMssOS::make -C microblaze_0/libsrc/intc_v3_15/src -s include  "SHELL=CMD" "COMPILER=mb-gcc" "ASSEMBLER=mb-as" "ARCHIVER=mb-ar" "COMPIL
TRACE::2024-11-07.21:30:09::SCWMssOS::ER_FLAGS=  -O2 -c -mcpu=v11.0 -mlittle-endian -mno-xl-reorder -mno-xl-soft-mul -mxl-barrel-shift -mxl-pattern-compare" "EXTRA_C
TRACE::2024-11-07.21:30:09::SCWMssOS::OMPILER_FLAGS=-g -ffunction-sections -fdata-sections -Wall -Wextra -fno-tree-loop-distribute-patterns"

TRACE::2024-11-07.21:30:09::SCWMssOS::"Running Make include in microblaze_0/libsrc/standalone_v8_0/src"

TRACE::2024-11-07.21:30:09::SCWMssOS::make -C microblaze_0/libsrc/standalone_v8_0/src -s include  "SHELL=CMD" "COMPILER=mb-gcc" "ASSEMBLER=mb-as" "ARCHIVER=mb-ar" "C
TRACE::2024-11-07.21:30:09::SCWMssOS::OMPILER_FLAGS=  -O2 -c -mcpu=v11.0 -mlittle-endian -mno-xl-reorder -mno-xl-soft-mul -mxl-barrel-shift -mxl-pattern-compare" "EX
TRACE::2024-11-07.21:30:09::SCWMssOS::TRA_COMPILER_FLAGS=-g -ffunction-sections -fdata-sections -Wall -Wextra -fno-tree-loop-distribute-patterns"

TRACE::2024-11-07.21:30:09::SCWMssOS::"Running Make include in microblaze_0/libsrc/uartlite_v3_7/src"

TRACE::2024-11-07.21:30:09::SCWMssOS::make -C microblaze_0/libsrc/uartlite_v3_7/src -s include  "SHELL=CMD" "COMPILER=mb-gcc" "ASSEMBLER=mb-as" "ARCHIVER=mb-ar" "COM
TRACE::2024-11-07.21:30:09::SCWMssOS::PILER_FLAGS=  -O2 -c -mcpu=v11.0 -mlittle-endian -mno-xl-reorder -mno-xl-soft-mul -mxl-barrel-shift -mxl-pattern-compare" "EXTR
TRACE::2024-11-07.21:30:09::SCWMssOS::A_COMPILER_FLAGS=-g -ffunction-sections -fdata-sections -Wall -Wextra -fno-tree-loop-distribute-patterns"

TRACE::2024-11-07.21:30:10::SCWMssOS::"Running Make libs in microblaze_0/libsrc/bram_v4_8/src"

TRACE::2024-11-07.21:30:10::SCWMssOS::make -C microblaze_0/libsrc/bram_v4_8/src -s libs  "SHELL=CMD" "COMPILER=mb-gcc" "ASSEMBLER=mb-as" "ARCHIVER=mb-ar" "COMPILER_F
TRACE::2024-11-07.21:30:10::SCWMssOS::LAGS=  -O2 -c -mcpu=v11.0 -mlittle-endian -mno-xl-reorder -mno-xl-soft-mul -mxl-barrel-shift -mxl-pattern-compare" "EXTRA_COMPI
TRACE::2024-11-07.21:30:10::SCWMssOS::LER_FLAGS=-g -ffunction-sections -fdata-sections -Wall -Wextra -fno-tree-loop-distribute-patterns"

TRACE::2024-11-07.21:30:10::SCWMssOS::"Running Make libs in microblaze_0/libsrc/cpu_v2_16/src"

TRACE::2024-11-07.21:30:10::SCWMssOS::make -C microblaze_0/libsrc/cpu_v2_16/src -s libs  "SHELL=CMD" "COMPILER=mb-gcc" "ASSEMBLER=mb-as" "ARCHIVER=mb-ar" "COMPILER_F
TRACE::2024-11-07.21:30:10::SCWMssOS::LAGS=  -O2 -c -mcpu=v11.0 -mlittle-endian -mno-xl-reorder -mno-xl-soft-mul -mxl-barrel-shift -mxl-pattern-compare" "EXTRA_COMPI
TRACE::2024-11-07.21:30:10::SCWMssOS::LER_FLAGS=-g -ffunction-sections -fdata-sections -Wall -Wextra -fno-tree-loop-distribute-patterns"

TRACE::2024-11-07.21:30:10::SCWMssOS::"Running Make libs in microblaze_0/libsrc/intc_v3_15/src"

TRACE::2024-11-07.21:30:10::SCWMssOS::make -C microblaze_0/libsrc/intc_v3_15/src -s libs  "SHELL=CMD" "COMPILER=mb-gcc" "ASSEMBLER=mb-as" "ARCHIVER=mb-ar" "COMPILER_
TRACE::2024-11-07.21:30:10::SCWMssOS::FLAGS=  -O2 -c -mcpu=v11.0 -mlittle-endian -mno-xl-reorder -mno-xl-soft-mul -mxl-barrel-shift -mxl-pattern-compare" "EXTRA_COMP
TRACE::2024-11-07.21:30:10::SCWMssOS::ILER_FLAGS=-g -ffunction-sections -fdata-sections -Wall -Wextra -fno-tree-loop-distribute-patterns"

TRACE::2024-11-07.21:30:10::SCWMssOS::"Running Make libs in microblaze_0/libsrc/standalone_v8_0/src"

TRACE::2024-11-07.21:30:10::SCWMssOS::make -C microblaze_0/libsrc/standalone_v8_0/src -s libs  "SHELL=CMD" "COMPILER=mb-gcc" "ASSEMBLER=mb-as" "ARCHIVER=mb-ar" "COMP
TRACE::2024-11-07.21:30:10::SCWMssOS::ILER_FLAGS=  -O2 -c -mcpu=v11.0 -mlittle-endian -mno-xl-reorder -mno-xl-soft-mul -mxl-barrel-shift -mxl-pattern-compare" "EXTRA
TRACE::2024-11-07.21:30:10::SCWMssOS::_COMPILER_FLAGS=-g -ffunction-sections -fdata-sections -Wall -Wextra -fno-tree-loop-distribute-patterns"

TRACE::2024-11-07.21:30:10::SCWMssOS::"Running Make libs in microblaze_0/libsrc/uartlite_v3_7/src"

TRACE::2024-11-07.21:30:10::SCWMssOS::make -C microblaze_0/libsrc/uartlite_v3_7/src -s libs  "SHELL=CMD" "COMPILER=mb-gcc" "ASSEMBLER=mb-as" "ARCHIVER=mb-ar" "COMPIL
TRACE::2024-11-07.21:30:10::SCWMssOS::ER_FLAGS=  -O2 -c -mcpu=v11.0 -mlittle-endian -mno-xl-reorder -mno-xl-soft-mul -mxl-barrel-shift -mxl-pattern-compare" "EXTRA_C
TRACE::2024-11-07.21:30:10::SCWMssOS::OMPILER_FLAGS=-g -ffunction-sections -fdata-sections -Wall -Wextra -fno-tree-loop-distribute-patterns"

TRACE::2024-11-07.21:30:14::SCWMssOS::"DEBUG NON_LTO_OBJECTS is ../../../lib/microblaze_interrupt_handler.o"

TRACE::2024-11-07.21:30:14::SCWMssOS::'Finished building libraries parallelly.'

TRACE::2024-11-07.21:30:14::SCWMssOS::make --no-print-directory archive

TRACE::2024-11-07.21:30:14::SCWMssOS::mb-ar -r  microblaze_0/lib/libxil.a microblaze_0/lib/_exit.o microblaze_0/lib/errno.o microblaze_0/lib/fcntl.o microblaze_0/lib
TRACE::2024-11-07.21:30:14::SCWMssOS::/hw_exception_handler.o microblaze_0/lib/inbyte.o microblaze_0/lib/microblaze_disable_dcache.o microblaze_0/lib/microblaze_disa
TRACE::2024-11-07.21:30:14::SCWMssOS::ble_exceptions.o microblaze_0/lib/microblaze_disable_icache.o microblaze_0/lib/microblaze_disable_interrupts.o microblaze_0/lib
TRACE::2024-11-07.21:30:14::SCWMssOS::/microblaze_enable_dcache.o microblaze_0/lib/microblaze_enable_exceptions.o microblaze_0/lib/microblaze_enable_icache.o microbl
TRACE::2024-11-07.21:30:14::SCWMssOS::aze_0/lib/microblaze_enable_interrupts.o microblaze_0/lib/microblaze_exception_handler.o microblaze_0/lib/microblaze_flush_cach
TRACE::2024-11-07.21:30:14::SCWMssOS::e_ext.o microblaze_0/lib/microblaze_flush_cache_ext_range.o microblaze_0/lib/microblaze_flush_dcache.o microblaze_0/lib/microbl
TRACE::2024-11-07.21:30:14::SCWMssOS::aze_flush_dcache_range.o microblaze_0/lib/microblaze_init_dcache_range.o microblaze_0/lib/microblaze_init_icache_range.o microb
TRACE::2024-11-07.21:30:14::SCWMssOS::laze_0/lib/microblaze_interrupt_handler.o microblaze_0/lib/microblaze_interrupts_g.o microblaze_0/lib/microblaze_invalidate_cac
TRACE::2024-11-07.21:30:14::SCWMssOS::he_ext.o microblaze_0/lib/microblaze_invalidate_cache_ext_range.o microblaze_0/lib/microblaze_invalidate_dcache.o microblaze_0/
TRACE::2024-11-07.21:30:14::SCWMssOS::lib/microblaze_invalidate_dcache_range.o microblaze_0/lib/microblaze_invalidate_icache.o microblaze_0/lib/microblaze_invalidate
TRACE::2024-11-07.21:30:14::SCWMssOS::_icache_range.o microblaze_0/lib/microblaze_scrub.o microblaze_0/lib/microblaze_selftest.o microblaze_0/lib/microblaze_sleep.o 
TRACE::2024-11-07.21:30:14::SCWMssOS::microblaze_0/lib/microblaze_update_dcache.o microblaze_0/lib/microblaze_update_icache.o microblaze_0/lib/outbyte.o microblaze_0
TRACE::2024-11-07.21:30:14::SCWMssOS::/lib/print.o microblaze_0/lib/pvr.o microblaze_0/lib/xbram.o microblaze_0/lib/xbram_g.o microblaze_0/lib/xbram_intr.o microblaz
TRACE::2024-11-07.21:30:14::SCWMssOS::e_0/lib/xbram_selftest.o microblaze_0/lib/xbram_sinit.o microblaze_0/lib/xil_assert.o microblaze_0/lib/xil_cache.o microblaze_0
TRACE::2024-11-07.21:30:14::SCWMssOS::/lib/xil_clocking.o microblaze_0/lib/xil_exception.o microblaze_0/lib/xil_mem.o microblaze_0/lib/xil_misc_psreset_api.o microbl
TRACE::2024-11-07.21:30:14::SCWMssOS::aze_0/lib/xil_printf.o microblaze_0/lib/xil_sleepcommon.o microblaze_0/lib/xil_testcache.o microblaze_0/lib/xil_testio.o microb
TRACE::2024-11-07.21:30:14::SCWMssOS::laze_0/lib/xil_testmem.o microblaze_0/lib/xil_util.o microblaze_0/lib/xintc.o microblaze_0/lib/xintc_g.o microblaze_0/lib/xintc
TRACE::2024-11-07.21:30:14::SCWMssOS::_intr.o microblaze_0/lib/xintc_l.o microblaze_0/lib/xintc_options.o microblaze_0/lib/xintc_selftest.o microblaze_0/lib/xinterru
TRACE::2024-11-07.21:30:14::SCWMssOS::pt_wrap.o microblaze_0/lib/xio.o microblaze_0/lib/xplatform_info.o microblaze_0/lib/xuartlite.o microblaze_0/lib/xuartlite_g.o 
TRACE::2024-11-07.21:30:14::SCWMssOS::microblaze_0/lib/xuartlite_intr.o microblaze_0/lib/xuartlite_l.o microblaze_0/lib/xuartlite_selftest.o microblaze_0/lib/xuartli
TRACE::2024-11-07.21:30:14::SCWMssOS::te_sinit.o microblaze_0/lib/xuartlite_stats.o

TRACE::2024-11-07.21:30:14::SCWMssOS::'Finished building libraries'

TRACE::2024-11-07.21:30:15::SCWMssOS:: Checking if to create the Supporting Applications
TRACE::2024-11-07.21:30:15::SCWMssOS:: No Linux domain exists, trying to generate FSBL 
LOG::2024-11-07.21:30:15::SCWSystem::Completed Processing the domain standalone_microblaze_0
LOG::2024-11-07.21:30:15::SCWSystem::Completed Processing the sysconfig mb_usb_hdmi_top
LOG::2024-11-07.21:30:15::SCWPlatform::Completed generating the artifacts for system configuration mb_usb_hdmi_top
TRACE::2024-11-07.21:30:15::SCWPlatform::Started preparing the platform 
TRACE::2024-11-07.21:30:15::SCWSystem::Writing the bif file for system config mb_usb_hdmi_top
TRACE::2024-11-07.21:30:15::SCWSystem::dir created 
TRACE::2024-11-07.21:30:15::SCWSystem::Writing the bif 
TRACE::2024-11-07.21:30:15::SCWPlatform::Started writing the spfm file 
TRACE::2024-11-07.21:30:15::SCWPlatform::Started writing the xpfm file 
TRACE::2024-11-07.21:30:15::SCWPlatform::Completed generating the platform
TRACE::2024-11-07.21:30:15::SCWMssOS::Saving the mss changes C:/Users/realk/Desktop/ece385/ECE385/lab7_2/lab7_2_sdk/mb_usb_hdmi_top/microblaze_0/standalone_microblaze_0/bsp/system.mss
TRACE::2024-11-07.21:30:15::SCWMssOS::Adding the swdes entry, mss present, able to open swdb C:/Users/realk/Desktop/ece385/ECE385/lab7_2/lab7_2_sdk/mb_usb_hdmi_top/microblaze_0/standalone_microblaze_0/bsp/system.mss with des name system
TRACE::2024-11-07.21:30:15::SCWMssOS::Writing the mss file completed C:/Users/realk/Desktop/ece385/ECE385/lab7_2/lab7_2_sdk/mb_usb_hdmi_top/microblaze_0/standalone_microblaze_0/bsp/system.mss
TRACE::2024-11-07.21:30:15::SCWMssOS::Commit changes completed.
TRACE::2024-11-07.21:30:15::SCWPlatform::Trying to open the hw design at C:/Users/realk/Desktop/ece385/ECE385/lab7_2/lab7_2_sdk/mb_usb_hdmi_top/hw/mb_usb_hdmi_top.xsa
TRACE::2024-11-07.21:30:15::SCWPlatform::DSA given C:/Users/realk/Desktop/ece385/ECE385/lab7_2/lab7_2_sdk/mb_usb_hdmi_top/hw/mb_usb_hdmi_top.xsa
TRACE::2024-11-07.21:30:15::SCWPlatform::DSA absoulate path C:/Users/realk/Desktop/ece385/ECE385/lab7_2/lab7_2_sdk/mb_usb_hdmi_top/hw/mb_usb_hdmi_top.xsa
TRACE::2024-11-07.21:30:15::SCWPlatform::DSA directory C:/Users/realk/Desktop/ece385/ECE385/lab7_2/lab7_2_sdk/mb_usb_hdmi_top/hw
TRACE::2024-11-07.21:30:15::SCWPlatform:: Platform Path C:/Users/realk/Desktop/ece385/ECE385/lab7_2/lab7_2_sdk/mb_usb_hdmi_top/hw/mb_usb_hdmi_top.xsa
TRACE::2024-11-07.21:30:15::SCWPlatform:: Unique name xilinx:::0.0
TRACE::2024-11-07.21:30:15::SCWPlatform::Trying to set the existing hwdb with name mb_usb_hdmi_top_21
TRACE::2024-11-07.21:30:15::SCWPlatform::Opened existing hwdb mb_usb_hdmi_top_21
TRACE::2024-11-07.21:30:15::SCWPlatform::Found the Hw Db part of the input DSA
TRACE::2024-11-07.21:30:15::SCWMssOS::Checking the sw design at  C:/Users/realk/Desktop/ece385/ECE385/lab7_2/lab7_2_sdk/mb_usb_hdmi_top/microblaze_0/standalone_microblaze_0/bsp/system.mss
TRACE::2024-11-07.21:30:15::SCWMssOS::DEBUG:  swdes dump  C:/Users/realk/Desktop/ece385/ECE385/lab7_2/lab7_2_sdk/mb_usb_hdmi_top/microblaze_0/standalone_microblaze_0/bsp/system.mss|system||

TRACE::2024-11-07.21:30:15::SCWMssOS::Sw design exists and opened at  C:/Users/realk/Desktop/ece385/ECE385/lab7_2/lab7_2_sdk/mb_usb_hdmi_top/microblaze_0/standalone_microblaze_0/bsp/system.mss
TRACE::2024-11-07.21:30:15::SCWWriter::formatted JSON is {
	"platformName":	"mb_usb_hdmi_top",
	"sprVersion":	"2.0",
	"mode":	"gui",
	"dsaType":	"Fixed",
	"platformDesc":	"mb_usb_hdmi_top",
	"platHandOff":	"C:/Users/realk/Desktop/ece385/ECE385/lab7_2/mb_usb_hdmi_top.xsa",
	"platIntHandOff":	"<platformDir>/hw/mb_usb_hdmi_top.xsa",
	"deviceType":	"FPGA",
	"platIsPrebuiltAutogen":	"false",
	"platIsNoBootBsp":	"false",
	"hasFsblMakeHasChanges":	"false",
	"hasPmufwMakeHasChanges":	"false",
	"platPreBuiltFlag":	false,
	"platformSamplesDir":	"",
	"platActiveSys":	"mb_usb_hdmi_top",
	"systems":	[{
			"systemName":	"mb_usb_hdmi_top",
			"systemDesc":	"mb_usb_hdmi_top",
			"sysIsBootAutoGen":	"true",
			"systemDispName":	"mb_usb_hdmi_top",
			"sysActiveDom":	"standalone_microblaze_0",
			"sysDefaultDom":	"standalone_microblaze_0",
			"domains":	[{
					"domainName":	"standalone_microblaze_0",
					"domainDispName":	"standalone_microblaze_0",
					"domainDesc":	"standalone_microblaze_0",
					"processors":	"microblaze_0",
					"os":	"standalone",
					"sdxOs":	"standalone",
					"debugEnable":	"False",
					"domRuntimes":	["cpp"],
					"swRepo":	"",
					"mssOsVer":	"8.0",
					"mssFile":	"",
					"md5Digest":	"5422c1e5be4ae93f4de8c50507402f2a",
					"compatibleApp":	"",
					"domType":	"mssDomain",
					"arch":	"32-bit",
					"appSettings":	{
						"appCompilerFlags":	"",
						"appLinkerFlags":	""
					},
					"addedLibs":	[],
					"libOptions":	{
						"libsContainingOptions":	[]
					},
					"prebuiltLibs":	{
						"prebuiltIncPath":	[],
						"prebuiltLibPath":	[]
					},
					"isolation":	{
					}
				}]
		}]
}
KEYINFO::2024-11-07.21:30:15::SCWPlatform::updated the xpfm file.
TRACE::2024-11-07.21:30:16::SCWPlatform::Trying to open the hw design at C:/Users/realk/Desktop/ece385/ECE385/lab7_2/lab7_2_sdk/mb_usb_hdmi_top/hw/mb_usb_hdmi_top.xsa
TRACE::2024-11-07.21:30:16::SCWPlatform::DSA given C:/Users/realk/Desktop/ece385/ECE385/lab7_2/lab7_2_sdk/mb_usb_hdmi_top/hw/mb_usb_hdmi_top.xsa
TRACE::2024-11-07.21:30:16::SCWPlatform::DSA absoulate path C:/Users/realk/Desktop/ece385/ECE385/lab7_2/lab7_2_sdk/mb_usb_hdmi_top/hw/mb_usb_hdmi_top.xsa
TRACE::2024-11-07.21:30:16::SCWPlatform::DSA directory C:/Users/realk/Desktop/ece385/ECE385/lab7_2/lab7_2_sdk/mb_usb_hdmi_top/hw
TRACE::2024-11-07.21:30:16::SCWPlatform:: Platform Path C:/Users/realk/Desktop/ece385/ECE385/lab7_2/lab7_2_sdk/mb_usb_hdmi_top/hw/mb_usb_hdmi_top.xsa
TRACE::2024-11-07.21:30:16::SCWPlatform:: Unique name xilinx:::0.0
TRACE::2024-11-07.21:30:16::SCWPlatform::Trying to set the existing hwdb with name mb_usb_hdmi_top_21
TRACE::2024-11-07.21:30:16::SCWPlatform::Opened existing hwdb mb_usb_hdmi_top_21
TRACE::2024-11-07.21:30:16::SCWPlatform::Found the Hw Db part of the input DSA
TRACE::2024-11-07.21:30:16::SCWMssOS::Checking the sw design at  C:/Users/realk/Desktop/ece385/ECE385/lab7_2/lab7_2_sdk/mb_usb_hdmi_top/microblaze_0/standalone_microblaze_0/bsp/system.mss
TRACE::2024-11-07.21:30:16::SCWMssOS::DEBUG:  swdes dump  C:/Users/realk/Desktop/ece385/ECE385/lab7_2/lab7_2_sdk/mb_usb_hdmi_top/microblaze_0/standalone_microblaze_0/bsp/system.mss|system||

TRACE::2024-11-07.21:30:16::SCWMssOS::Sw design exists and opened at  C:/Users/realk/Desktop/ece385/ECE385/lab7_2/lab7_2_sdk/mb_usb_hdmi_top/microblaze_0/standalone_microblaze_0/bsp/system.mss
