TRACE::2024-10-23.19:13:29::SCWPlatform::Trying to open the hw design at C:/Users/realk/Desktop/labb6/reallab6part2_sdk/mb_usb_hdmi_top/hw/mb_usb_hdmi_top.xsa
TRACE::2024-10-23.19:13:29::SCWPlatform::DSA given C:/Users/realk/Desktop/labb6/reallab6part2_sdk/mb_usb_hdmi_top/hw/mb_usb_hdmi_top.xsa
TRACE::2024-10-23.19:13:29::SCWPlatform::DSA absoulate path C:/Users/realk/Desktop/labb6/reallab6part2_sdk/mb_usb_hdmi_top/hw/mb_usb_hdmi_top.xsa
TRACE::2024-10-23.19:13:29::SCWPlatform::DSA directory C:/Users/realk/Desktop/labb6/reallab6part2_sdk/mb_usb_hdmi_top/hw
TRACE::2024-10-23.19:13:29::SCWPlatform:: Platform Path C:/Users/realk/Desktop/labb6/reallab6part2_sdk/mb_usb_hdmi_top/hw/mb_usb_hdmi_top.xsa
TRACE::2024-10-23.19:13:29::SCWPlatform:: Unique name xilinx:::0.0
TRACE::2024-10-23.19:13:29::SCWPlatform::Do not have an existing db opened. 
TRACE::2024-10-23.19:13:29::SCWPlatform::Opened new HwDB with name mb_usb_hdmi_top_0
TRACE::2024-10-23.19:13:29::SCWWriter::formatted JSON is {
	"platformName":	"mb_usb_hdmi_top",
	"sprVersion":	"2.0",
	"mode":	"gui",
	"dsaType":	"Fixed",
	"platformDesc":	"mb_usb_hdmi_top",
	"platHandOff":	"C:/Users/realk/Desktop/labb6/mb_usb_hdmi_top.xsa",
	"platIntHandOff":	"<platformDir>/hw/mb_usb_hdmi_top.xsa",
	"deviceType":	"FPGA",
	"platIsPrebuiltAutogen":	"false",
	"platIsNoBootBsp":	"false",
	"hasFsblMakeHasChanges":	"false",
	"hasPmufwMakeHasChanges":	"false",
	"platPreBuiltFlag":	false,
	"platformSamplesDir":	""
}
TRACE::2024-10-23.19:13:29::SCWWriter::formatted JSON is {
	"platformName":	"mb_usb_hdmi_top",
	"sprVersion":	"2.0",
	"mode":	"gui",
	"dsaType":	"Fixed",
	"platformDesc":	"mb_usb_hdmi_top",
	"platHandOff":	"C:/Users/realk/Desktop/labb6/mb_usb_hdmi_top.xsa",
	"platIntHandOff":	"<platformDir>/hw/mb_usb_hdmi_top.xsa",
	"deviceType":	"FPGA",
	"platIsPrebuiltAutogen":	"false",
	"platIsNoBootBsp":	"false",
	"hasFsblMakeHasChanges":	"false",
	"hasPmufwMakeHasChanges":	"false",
	"platPreBuiltFlag":	false,
	"platformSamplesDir":	"",
	"platActiveSys":	"mb_usb_hdmi_top",
	"systems":	[{
			"systemName":	"mb_usb_hdmi_top",
			"systemDesc":	"mb_usb_hdmi_top",
			"sysIsBootAutoGen":	"true",
			"systemDispName":	"mb_usb_hdmi_top"
		}]
}
TRACE::2024-10-23.19:13:29::SCWPlatform::Boot application domains not present, creating them
TRACE::2024-10-23.19:13:29::SCWPlatform::Pure FPGA device, no boot application will be created.
TRACE::2024-10-23.19:13:29::SCWWriter::formatted JSON is {
	"platformName":	"mb_usb_hdmi_top",
	"sprVersion":	"2.0",
	"mode":	"gui",
	"dsaType":	"Fixed",
	"platformDesc":	"mb_usb_hdmi_top",
	"platHandOff":	"C:/Users/realk/Desktop/labb6/mb_usb_hdmi_top.xsa",
	"platIntHandOff":	"<platformDir>/hw/mb_usb_hdmi_top.xsa",
	"deviceType":	"FPGA",
	"platIsPrebuiltAutogen":	"false",
	"platIsNoBootBsp":	"false",
	"hasFsblMakeHasChanges":	"false",
	"hasPmufwMakeHasChanges":	"false",
	"platPreBuiltFlag":	false,
	"platformSamplesDir":	"",
	"platActiveSys":	"mb_usb_hdmi_top",
	"systems":	[{
			"systemName":	"mb_usb_hdmi_top",
			"systemDesc":	"mb_usb_hdmi_top",
			"sysIsBootAutoGen":	"true",
			"systemDispName":	"mb_usb_hdmi_top"
		}]
}
TRACE::2024-10-23.19:13:29::SCWWriter::formatted JSON is {
	"platformName":	"mb_usb_hdmi_top",
	"sprVersion":	"2.0",
	"mode":	"gui",
	"dsaType":	"Fixed",
	"platformDesc":	"mb_usb_hdmi_top",
	"platHandOff":	"C:/Users/realk/Desktop/labb6/mb_usb_hdmi_top.xsa",
	"platIntHandOff":	"<platformDir>/hw/mb_usb_hdmi_top.xsa",
	"deviceType":	"FPGA",
	"platIsPrebuiltAutogen":	"false",
	"platIsNoBootBsp":	"false",
	"hasFsblMakeHasChanges":	"false",
	"hasPmufwMakeHasChanges":	"false",
	"platPreBuiltFlag":	false,
	"platformSamplesDir":	"",
	"platActiveSys":	"mb_usb_hdmi_top",
	"systems":	[{
			"systemName":	"mb_usb_hdmi_top",
			"systemDesc":	"mb_usb_hdmi_top",
			"sysIsBootAutoGen":	"true",
			"systemDispName":	"mb_usb_hdmi_top"
		}]
}
TRACE::2024-10-23.19:13:29::SCWPlatform::Trying to open the hw design at C:/Users/realk/Desktop/labb6/reallab6part2_sdk/mb_usb_hdmi_top/hw/mb_usb_hdmi_top.xsa
TRACE::2024-10-23.19:13:29::SCWPlatform::DSA given C:/Users/realk/Desktop/labb6/reallab6part2_sdk/mb_usb_hdmi_top/hw/mb_usb_hdmi_top.xsa
TRACE::2024-10-23.19:13:29::SCWPlatform::DSA absoulate path C:/Users/realk/Desktop/labb6/reallab6part2_sdk/mb_usb_hdmi_top/hw/mb_usb_hdmi_top.xsa
TRACE::2024-10-23.19:13:29::SCWPlatform::DSA directory C:/Users/realk/Desktop/labb6/reallab6part2_sdk/mb_usb_hdmi_top/hw
TRACE::2024-10-23.19:13:29::SCWPlatform:: Platform Path C:/Users/realk/Desktop/labb6/reallab6part2_sdk/mb_usb_hdmi_top/hw/mb_usb_hdmi_top.xsa
TRACE::2024-10-23.19:13:29::SCWPlatform:: Unique name xilinx:::0.0
TRACE::2024-10-23.19:13:29::SCWPlatform::Trying to set the existing hwdb with name mb_usb_hdmi_top_0
TRACE::2024-10-23.19:13:29::SCWPlatform::Opened existing hwdb mb_usb_hdmi_top_0
TRACE::2024-10-23.19:13:29::SCWPlatform::Found the Hw Db part of the input DSA
TRACE::2024-10-23.19:13:29::SCWPlatform::Trying to open the hw design at C:/Users/realk/Desktop/labb6/reallab6part2_sdk/mb_usb_hdmi_top/hw/mb_usb_hdmi_top.xsa
TRACE::2024-10-23.19:13:29::SCWPlatform::DSA given C:/Users/realk/Desktop/labb6/reallab6part2_sdk/mb_usb_hdmi_top/hw/mb_usb_hdmi_top.xsa
TRACE::2024-10-23.19:13:29::SCWPlatform::DSA absoulate path C:/Users/realk/Desktop/labb6/reallab6part2_sdk/mb_usb_hdmi_top/hw/mb_usb_hdmi_top.xsa
TRACE::2024-10-23.19:13:29::SCWPlatform::DSA directory C:/Users/realk/Desktop/labb6/reallab6part2_sdk/mb_usb_hdmi_top/hw
TRACE::2024-10-23.19:13:29::SCWPlatform:: Platform Path C:/Users/realk/Desktop/labb6/reallab6part2_sdk/mb_usb_hdmi_top/hw/mb_usb_hdmi_top.xsa
TRACE::2024-10-23.19:13:29::SCWPlatform:: Unique name xilinx:::0.0
TRACE::2024-10-23.19:13:29::SCWPlatform::Trying to set the existing hwdb with name mb_usb_hdmi_top_0
TRACE::2024-10-23.19:13:29::SCWPlatform::Opened existing hwdb mb_usb_hdmi_top_0
TRACE::2024-10-23.19:13:29::SCWPlatform::Found the Hw Db part of the input DSA
TRACE::2024-10-23.19:13:29::SCWDomain::checking for install qemu data   : 
TRACE::2024-10-23.19:13:29::SCWPlatform::Trying to open the hw design at C:/Users/realk/Desktop/labb6/reallab6part2_sdk/mb_usb_hdmi_top/hw/mb_usb_hdmi_top.xsa
TRACE::2024-10-23.19:13:29::SCWPlatform::DSA given C:/Users/realk/Desktop/labb6/reallab6part2_sdk/mb_usb_hdmi_top/hw/mb_usb_hdmi_top.xsa
TRACE::2024-10-23.19:13:29::SCWPlatform::DSA absoulate path C:/Users/realk/Desktop/labb6/reallab6part2_sdk/mb_usb_hdmi_top/hw/mb_usb_hdmi_top.xsa
TRACE::2024-10-23.19:13:29::SCWPlatform::DSA directory C:/Users/realk/Desktop/labb6/reallab6part2_sdk/mb_usb_hdmi_top/hw
TRACE::2024-10-23.19:13:29::SCWPlatform:: Platform Path C:/Users/realk/Desktop/labb6/reallab6part2_sdk/mb_usb_hdmi_top/hw/mb_usb_hdmi_top.xsa
TRACE::2024-10-23.19:13:29::SCWPlatform:: Unique name xilinx:::0.0
TRACE::2024-10-23.19:13:29::SCWPlatform::Trying to set the existing hwdb with name mb_usb_hdmi_top_0
TRACE::2024-10-23.19:13:29::SCWPlatform::Opened existing hwdb mb_usb_hdmi_top_0
TRACE::2024-10-23.19:13:29::SCWPlatform::Found the Hw Db part of the input DSA
TRACE::2024-10-23.19:13:29::SCWPlatform::Trying to open the hw design at C:/Users/realk/Desktop/labb6/reallab6part2_sdk/mb_usb_hdmi_top/hw/mb_usb_hdmi_top.xsa
TRACE::2024-10-23.19:13:29::SCWPlatform::DSA given C:/Users/realk/Desktop/labb6/reallab6part2_sdk/mb_usb_hdmi_top/hw/mb_usb_hdmi_top.xsa
TRACE::2024-10-23.19:13:29::SCWPlatform::DSA absoulate path C:/Users/realk/Desktop/labb6/reallab6part2_sdk/mb_usb_hdmi_top/hw/mb_usb_hdmi_top.xsa
TRACE::2024-10-23.19:13:29::SCWPlatform::DSA directory C:/Users/realk/Desktop/labb6/reallab6part2_sdk/mb_usb_hdmi_top/hw
TRACE::2024-10-23.19:13:29::SCWPlatform:: Platform Path C:/Users/realk/Desktop/labb6/reallab6part2_sdk/mb_usb_hdmi_top/hw/mb_usb_hdmi_top.xsa
TRACE::2024-10-23.19:13:29::SCWPlatform:: Unique name xilinx:::0.0
TRACE::2024-10-23.19:13:29::SCWPlatform::Trying to set the existing hwdb with name mb_usb_hdmi_top_0
TRACE::2024-10-23.19:13:29::SCWPlatform::Opened existing hwdb mb_usb_hdmi_top_0
TRACE::2024-10-23.19:13:29::SCWPlatform::Found the Hw Db part of the input DSA
TRACE::2024-10-23.19:13:29::SCWPlatform::Trying to open the hw design at C:/Users/realk/Desktop/labb6/reallab6part2_sdk/mb_usb_hdmi_top/hw/mb_usb_hdmi_top.xsa
TRACE::2024-10-23.19:13:29::SCWPlatform::DSA given C:/Users/realk/Desktop/labb6/reallab6part2_sdk/mb_usb_hdmi_top/hw/mb_usb_hdmi_top.xsa
TRACE::2024-10-23.19:13:29::SCWPlatform::DSA absoulate path C:/Users/realk/Desktop/labb6/reallab6part2_sdk/mb_usb_hdmi_top/hw/mb_usb_hdmi_top.xsa
TRACE::2024-10-23.19:13:29::SCWPlatform::DSA directory C:/Users/realk/Desktop/labb6/reallab6part2_sdk/mb_usb_hdmi_top/hw
TRACE::2024-10-23.19:13:29::SCWPlatform:: Platform Path C:/Users/realk/Desktop/labb6/reallab6part2_sdk/mb_usb_hdmi_top/hw/mb_usb_hdmi_top.xsa
TRACE::2024-10-23.19:13:29::SCWPlatform:: Unique name xilinx:::0.0
TRACE::2024-10-23.19:13:29::SCWPlatform::Trying to set the existing hwdb with name mb_usb_hdmi_top_0
TRACE::2024-10-23.19:13:29::SCWPlatform::Opened existing hwdb mb_usb_hdmi_top_0
TRACE::2024-10-23.19:13:29::SCWPlatform::Found the Hw Db part of the input DSA
TRACE::2024-10-23.19:13:29::SCWMssOS::Checking the sw design at  C:/Users/realk/Desktop/labb6/reallab6part2_sdk/mb_usb_hdmi_top/microblaze_0/standalone_microblaze_0/bsp/system.mss
TRACE::2024-10-23.19:13:29::SCWMssOS::DEBUG:  swdes dump  
TRACE::2024-10-23.19:13:29::SCWMssOS::No sw design opened at  C:/Users/realk/Desktop/labb6/reallab6part2_sdk/mb_usb_hdmi_top/microblaze_0/standalone_microblaze_0/bsp/system.mss
TRACE::2024-10-23.19:13:29::SCWMssOS::mss does not exists at C:/Users/realk/Desktop/labb6/reallab6part2_sdk/mb_usb_hdmi_top/microblaze_0/standalone_microblaze_0/bsp/system.mss
TRACE::2024-10-23.19:13:29::SCWMssOS::Creating sw design at  C:/Users/realk/Desktop/labb6/reallab6part2_sdk/mb_usb_hdmi_top/microblaze_0/standalone_microblaze_0/bsp/system.mss
TRACE::2024-10-23.19:13:29::SCWMssOS::Adding the swdes entry, created swdb C:/Users/realk/Desktop/labb6/reallab6part2_sdk/mb_usb_hdmi_top/microblaze_0/standalone_microblaze_0/bsp/system.mss with des name C:/Users/realk/Desktop/labb6/reallab6part2_sdk/mb_usb_hdmi_top/microblaze_0/standalone_microblaze_0/bsp/system.mss
TRACE::2024-10-23.19:13:29::SCWMssOS::updating the scw layer changes to swdes at   C:/Users/realk/Desktop/labb6/reallab6part2_sdk/mb_usb_hdmi_top/microblaze_0/standalone_microblaze_0/bsp/system.mss
TRACE::2024-10-23.19:13:29::SCWMssOS::Writing mss at C:/Users/realk/Desktop/labb6/reallab6part2_sdk/mb_usb_hdmi_top/microblaze_0/standalone_microblaze_0/bsp/system.mss
TRACE::2024-10-23.19:13:29::SCWMssOS::Completed writing the mss file at C:/Users/realk/Desktop/labb6/reallab6part2_sdk/mb_usb_hdmi_top/microblaze_0/standalone_microblaze_0/bsp
TRACE::2024-10-23.19:13:29::SCWMssOS::Picking up changes from newly written mss file into SCW Layer. 
TRACE::2024-10-23.19:13:29::SCWMssOS::Updated the changes from newly written mss file into SCW Layer. 
TRACE::2024-10-23.19:13:29::SCWMssOS::Completed writing the mss file at C:/Users/realk/Desktop/labb6/reallab6part2_sdk/mb_usb_hdmi_top/microblaze_0/standalone_microblaze_0/bsp
TRACE::2024-10-23.19:13:29::SCWMssOS::Forcing BSP Sources regeneration.
TRACE::2024-10-23.19:13:31::SCWMssOS::Saving the mss changes C:/Users/realk/Desktop/labb6/reallab6part2_sdk/mb_usb_hdmi_top/microblaze_0/standalone_microblaze_0/bsp/system.mss
TRACE::2024-10-23.19:13:31::SCWMssOS::Adding the swdes entry, mss present, able to open swdb C:/Users/realk/Desktop/labb6/reallab6part2_sdk/mb_usb_hdmi_top/microblaze_0/standalone_microblaze_0/bsp/system.mss with des name system
TRACE::2024-10-23.19:13:31::SCWMssOS::Writing the mss file completed C:/Users/realk/Desktop/labb6/reallab6part2_sdk/mb_usb_hdmi_top/microblaze_0/standalone_microblaze_0/bsp/system.mss
TRACE::2024-10-23.19:13:31::SCWMssOS::Commit changes completed.
TRACE::2024-10-23.19:13:31::SCWPlatform::Trying to open the hw design at C:/Users/realk/Desktop/labb6/reallab6part2_sdk/mb_usb_hdmi_top/hw/mb_usb_hdmi_top.xsa
TRACE::2024-10-23.19:13:31::SCWPlatform::DSA given C:/Users/realk/Desktop/labb6/reallab6part2_sdk/mb_usb_hdmi_top/hw/mb_usb_hdmi_top.xsa
TRACE::2024-10-23.19:13:31::SCWPlatform::DSA absoulate path C:/Users/realk/Desktop/labb6/reallab6part2_sdk/mb_usb_hdmi_top/hw/mb_usb_hdmi_top.xsa
TRACE::2024-10-23.19:13:31::SCWPlatform::DSA directory C:/Users/realk/Desktop/labb6/reallab6part2_sdk/mb_usb_hdmi_top/hw
TRACE::2024-10-23.19:13:31::SCWPlatform:: Platform Path C:/Users/realk/Desktop/labb6/reallab6part2_sdk/mb_usb_hdmi_top/hw/mb_usb_hdmi_top.xsa
TRACE::2024-10-23.19:13:31::SCWPlatform:: Unique name xilinx:::0.0
TRACE::2024-10-23.19:13:31::SCWPlatform::Trying to set the existing hwdb with name mb_usb_hdmi_top_0
TRACE::2024-10-23.19:13:31::SCWPlatform::Opened existing hwdb mb_usb_hdmi_top_0
TRACE::2024-10-23.19:13:31::SCWPlatform::Found the Hw Db part of the input DSA
TRACE::2024-10-23.19:13:31::SCWMssOS::Checking the sw design at  C:/Users/realk/Desktop/labb6/reallab6part2_sdk/mb_usb_hdmi_top/microblaze_0/standalone_microblaze_0/bsp/system.mss
TRACE::2024-10-23.19:13:31::SCWMssOS::DEBUG:  swdes dump  C:/Users/realk/Desktop/labb6/reallab6part2_sdk/mb_usb_hdmi_top/microblaze_0/standalone_microblaze_0/bsp/system.mss|system||

TRACE::2024-10-23.19:13:31::SCWMssOS::Sw design exists and opened at  C:/Users/realk/Desktop/labb6/reallab6part2_sdk/mb_usb_hdmi_top/microblaze_0/standalone_microblaze_0/bsp/system.mss
TRACE::2024-10-23.19:13:31::SCWPlatform::Trying to open the hw design at C:/Users/realk/Desktop/labb6/reallab6part2_sdk/mb_usb_hdmi_top/hw/mb_usb_hdmi_top.xsa
TRACE::2024-10-23.19:13:31::SCWPlatform::DSA given C:/Users/realk/Desktop/labb6/reallab6part2_sdk/mb_usb_hdmi_top/hw/mb_usb_hdmi_top.xsa
TRACE::2024-10-23.19:13:31::SCWPlatform::DSA absoulate path C:/Users/realk/Desktop/labb6/reallab6part2_sdk/mb_usb_hdmi_top/hw/mb_usb_hdmi_top.xsa
TRACE::2024-10-23.19:13:31::SCWPlatform::DSA directory C:/Users/realk/Desktop/labb6/reallab6part2_sdk/mb_usb_hdmi_top/hw
TRACE::2024-10-23.19:13:31::SCWPlatform:: Platform Path C:/Users/realk/Desktop/labb6/reallab6part2_sdk/mb_usb_hdmi_top/hw/mb_usb_hdmi_top.xsa
TRACE::2024-10-23.19:13:31::SCWPlatform:: Unique name xilinx:::0.0
TRACE::2024-10-23.19:13:31::SCWPlatform::Trying to set the existing hwdb with name mb_usb_hdmi_top_0
TRACE::2024-10-23.19:13:31::SCWPlatform::Opened existing hwdb mb_usb_hdmi_top_0
TRACE::2024-10-23.19:13:31::SCWPlatform::Found the Hw Db part of the input DSA
TRACE::2024-10-23.19:13:31::SCWMssOS::Checking the sw design at  C:/Users/realk/Desktop/labb6/reallab6part2_sdk/mb_usb_hdmi_top/microblaze_0/standalone_microblaze_0/bsp/system.mss
TRACE::2024-10-23.19:13:31::SCWMssOS::DEBUG:  swdes dump  C:/Users/realk/Desktop/labb6/reallab6part2_sdk/mb_usb_hdmi_top/microblaze_0/standalone_microblaze_0/bsp/system.mss|system||

TRACE::2024-10-23.19:13:31::SCWMssOS::Sw design exists and opened at  C:/Users/realk/Desktop/labb6/reallab6part2_sdk/mb_usb_hdmi_top/microblaze_0/standalone_microblaze_0/bsp/system.mss
TRACE::2024-10-23.19:13:31::SCWPlatform::Trying to open the hw design at C:/Users/realk/Desktop/labb6/reallab6part2_sdk/mb_usb_hdmi_top/hw/mb_usb_hdmi_top.xsa
TRACE::2024-10-23.19:13:31::SCWPlatform::DSA given C:/Users/realk/Desktop/labb6/reallab6part2_sdk/mb_usb_hdmi_top/hw/mb_usb_hdmi_top.xsa
TRACE::2024-10-23.19:13:31::SCWPlatform::DSA absoulate path C:/Users/realk/Desktop/labb6/reallab6part2_sdk/mb_usb_hdmi_top/hw/mb_usb_hdmi_top.xsa
TRACE::2024-10-23.19:13:31::SCWPlatform::DSA directory C:/Users/realk/Desktop/labb6/reallab6part2_sdk/mb_usb_hdmi_top/hw
TRACE::2024-10-23.19:13:31::SCWPlatform:: Platform Path C:/Users/realk/Desktop/labb6/reallab6part2_sdk/mb_usb_hdmi_top/hw/mb_usb_hdmi_top.xsa
TRACE::2024-10-23.19:13:31::SCWPlatform:: Unique name xilinx:::0.0
TRACE::2024-10-23.19:13:31::SCWPlatform::Trying to set the existing hwdb with name mb_usb_hdmi_top_0
TRACE::2024-10-23.19:13:31::SCWPlatform::Opened existing hwdb mb_usb_hdmi_top_0
TRACE::2024-10-23.19:13:31::SCWPlatform::Found the Hw Db part of the input DSA
TRACE::2024-10-23.19:13:31::SCWMssOS::Checking the sw design at  C:/Users/realk/Desktop/labb6/reallab6part2_sdk/mb_usb_hdmi_top/microblaze_0/standalone_microblaze_0/bsp/system.mss
TRACE::2024-10-23.19:13:31::SCWMssOS::DEBUG:  swdes dump  C:/Users/realk/Desktop/labb6/reallab6part2_sdk/mb_usb_hdmi_top/microblaze_0/standalone_microblaze_0/bsp/system.mss|system||

TRACE::2024-10-23.19:13:31::SCWMssOS::Sw design exists and opened at  C:/Users/realk/Desktop/labb6/reallab6part2_sdk/mb_usb_hdmi_top/microblaze_0/standalone_microblaze_0/bsp/system.mss
TRACE::2024-10-23.19:13:31::SCWWriter::formatted JSON is {
	"platformName":	"mb_usb_hdmi_top",
	"sprVersion":	"2.0",
	"mode":	"gui",
	"dsaType":	"Fixed",
	"platformDesc":	"mb_usb_hdmi_top",
	"platHandOff":	"C:/Users/realk/Desktop/labb6/mb_usb_hdmi_top.xsa",
	"platIntHandOff":	"<platformDir>/hw/mb_usb_hdmi_top.xsa",
	"deviceType":	"FPGA",
	"platIsPrebuiltAutogen":	"false",
	"platIsNoBootBsp":	"false",
	"hasFsblMakeHasChanges":	"false",
	"hasPmufwMakeHasChanges":	"false",
	"platPreBuiltFlag":	false,
	"platformSamplesDir":	"",
	"platActiveSys":	"mb_usb_hdmi_top",
	"systems":	[{
			"systemName":	"mb_usb_hdmi_top",
			"systemDesc":	"mb_usb_hdmi_top",
			"sysIsBootAutoGen":	"true",
			"systemDispName":	"mb_usb_hdmi_top",
			"sysActiveDom":	"standalone_microblaze_0",
			"sysDefaultDom":	"standalone_microblaze_0",
			"domains":	[{
					"domainName":	"standalone_microblaze_0",
					"domainDispName":	"standalone_microblaze_0",
					"domainDesc":	"standalone_microblaze_0",
					"processors":	"microblaze_0",
					"os":	"standalone",
					"sdxOs":	"standalone",
					"debugEnable":	"False",
					"domRuntimes":	["cpp"],
					"swRepo":	"",
					"mssOsVer":	"8.0",
					"mssFile":	"",
					"md5Digest":	"304529987e879521ca977c68d163f362",
					"compatibleApp":	"hello_world",
					"domType":	"mssDomain",
					"arch":	"32-bit",
					"appSettings":	{
						"appCompilerFlags":	"",
						"appLinkerFlags":	""
					},
					"addedLibs":	[],
					"libOptions":	{
						"libsContainingOptions":	[]
					},
					"prebuiltLibs":	{
						"prebuiltIncPath":	[],
						"prebuiltLibPath":	[]
					},
					"isolation":	{
					}
				}]
		}]
}
LOG::2024-10-23.19:13:31::SCWPlatform::Started generating the artifacts platform mb_usb_hdmi_top
TRACE::2024-10-23.19:13:31::SCWPlatform::Sanity checking of platform is completed
LOG::2024-10-23.19:13:31::SCWPlatform::Started generating the artifacts for system configuration mb_usb_hdmi_top
LOG::2024-10-23.19:13:31::SCWSystem::Checking the domain standalone_microblaze_0
LOG::2024-10-23.19:13:31::SCWSystem::Not a boot domain 
LOG::2024-10-23.19:13:31::SCWSystem::Started Processing the domain standalone_microblaze_0
TRACE::2024-10-23.19:13:31::SCWDomain::Generating domain artifcats
TRACE::2024-10-23.19:13:31::SCWMssOS::Generating standalone artifcats
TRACE::2024-10-23.19:13:31::SCWMssOS:: Copying the user libraries. 
TRACE::2024-10-23.19:13:31::SCWPlatform::Trying to open the hw design at C:/Users/realk/Desktop/labb6/reallab6part2_sdk/mb_usb_hdmi_top/hw/mb_usb_hdmi_top.xsa
TRACE::2024-10-23.19:13:31::SCWPlatform::DSA given C:/Users/realk/Desktop/labb6/reallab6part2_sdk/mb_usb_hdmi_top/hw/mb_usb_hdmi_top.xsa
TRACE::2024-10-23.19:13:31::SCWPlatform::DSA absoulate path C:/Users/realk/Desktop/labb6/reallab6part2_sdk/mb_usb_hdmi_top/hw/mb_usb_hdmi_top.xsa
TRACE::2024-10-23.19:13:31::SCWPlatform::DSA directory C:/Users/realk/Desktop/labb6/reallab6part2_sdk/mb_usb_hdmi_top/hw
TRACE::2024-10-23.19:13:31::SCWPlatform:: Platform Path C:/Users/realk/Desktop/labb6/reallab6part2_sdk/mb_usb_hdmi_top/hw/mb_usb_hdmi_top.xsa
TRACE::2024-10-23.19:13:31::SCWPlatform:: Unique name xilinx:::0.0
TRACE::2024-10-23.19:13:31::SCWPlatform::Trying to set the existing hwdb with name mb_usb_hdmi_top_0
TRACE::2024-10-23.19:13:31::SCWPlatform::Opened existing hwdb mb_usb_hdmi_top_0
TRACE::2024-10-23.19:13:31::SCWPlatform::Found the Hw Db part of the input DSA
TRACE::2024-10-23.19:13:31::SCWMssOS::Checking the sw design at  C:/Users/realk/Desktop/labb6/reallab6part2_sdk/mb_usb_hdmi_top/microblaze_0/standalone_microblaze_0/bsp/system.mss
TRACE::2024-10-23.19:13:31::SCWMssOS::DEBUG:  swdes dump  C:/Users/realk/Desktop/labb6/reallab6part2_sdk/mb_usb_hdmi_top/microblaze_0/standalone_microblaze_0/bsp/system.mss|system||

TRACE::2024-10-23.19:13:31::SCWMssOS::Sw design exists and opened at  C:/Users/realk/Desktop/labb6/reallab6part2_sdk/mb_usb_hdmi_top/microblaze_0/standalone_microblaze_0/bsp/system.mss
TRACE::2024-10-23.19:13:31::SCWMssOS::Completed writing the mss file at C:/Users/realk/Desktop/labb6/reallab6part2_sdk/mb_usb_hdmi_top/microblaze_0/standalone_microblaze_0/bsp
TRACE::2024-10-23.19:13:31::SCWMssOS::Mss edits present, copying mssfile into export location C:/Users/realk/Desktop/labb6/reallab6part2_sdk/mb_usb_hdmi_top/microblaze_0/standalone_microblaze_0/bsp/system.mss
TRACE::2024-10-23.19:13:31::SCWMssOS::bsp generated is upto date with the mss file. Skipping bsp generation.
TRACE::2024-10-23.19:13:31::SCWMssOS::BSP is already built. skipping the bsp build ... 
TRACE::2024-10-23.19:13:31::SCWDomain::Skipping the build for domain :  standalone_microblaze_0
TRACE::2024-10-23.19:13:31::SCWMssOS::skipping the bsp build ... 
TRACE::2024-10-23.19:13:31::SCWMssOS::Copying to export directory.
TRACE::2024-10-23.19:13:31::SCWMssOS:: Checking if to create the Supporting Applications
TRACE::2024-10-23.19:13:31::SCWMssOS:: No Linux domain exists, trying to generate FSBL 
LOG::2024-10-23.19:13:31::SCWSystem::Completed Processing the domain standalone_microblaze_0
LOG::2024-10-23.19:13:31::SCWSystem::Completed Processing the sysconfig mb_usb_hdmi_top
LOG::2024-10-23.19:13:31::SCWPlatform::Completed generating the artifacts for system configuration mb_usb_hdmi_top
TRACE::2024-10-23.19:13:31::SCWPlatform::Started preparing the platform 
TRACE::2024-10-23.19:13:31::SCWSystem::Writing the bif file for system config mb_usb_hdmi_top
TRACE::2024-10-23.19:13:31::SCWSystem::dir created 
TRACE::2024-10-23.19:13:31::SCWSystem::Writing the bif 
TRACE::2024-10-23.19:13:31::SCWPlatform::Started writing the spfm file 
TRACE::2024-10-23.19:13:31::SCWPlatform::Started writing the xpfm file 
TRACE::2024-10-23.19:13:31::SCWPlatform::Completed generating the platform
TRACE::2024-10-23.19:13:31::SCWMssOS::Saving the mss changes C:/Users/realk/Desktop/labb6/reallab6part2_sdk/mb_usb_hdmi_top/microblaze_0/standalone_microblaze_0/bsp/system.mss
TRACE::2024-10-23.19:13:31::SCWMssOS::Found a swdesign opened with the mssfile.
TRACE::2024-10-23.19:13:31::SCWMssOS::Completed writemss as part of save.
TRACE::2024-10-23.19:13:31::SCWMssOS::Commit changes completed.
TRACE::2024-10-23.19:13:31::SCWPlatform::Trying to open the hw design at C:/Users/realk/Desktop/labb6/reallab6part2_sdk/mb_usb_hdmi_top/hw/mb_usb_hdmi_top.xsa
TRACE::2024-10-23.19:13:31::SCWPlatform::DSA given C:/Users/realk/Desktop/labb6/reallab6part2_sdk/mb_usb_hdmi_top/hw/mb_usb_hdmi_top.xsa
TRACE::2024-10-23.19:13:31::SCWPlatform::DSA absoulate path C:/Users/realk/Desktop/labb6/reallab6part2_sdk/mb_usb_hdmi_top/hw/mb_usb_hdmi_top.xsa
TRACE::2024-10-23.19:13:31::SCWPlatform::DSA directory C:/Users/realk/Desktop/labb6/reallab6part2_sdk/mb_usb_hdmi_top/hw
TRACE::2024-10-23.19:13:31::SCWPlatform:: Platform Path C:/Users/realk/Desktop/labb6/reallab6part2_sdk/mb_usb_hdmi_top/hw/mb_usb_hdmi_top.xsa
TRACE::2024-10-23.19:13:31::SCWPlatform:: Unique name xilinx:::0.0
TRACE::2024-10-23.19:13:31::SCWPlatform::Trying to set the existing hwdb with name mb_usb_hdmi_top_0
TRACE::2024-10-23.19:13:31::SCWPlatform::Opened existing hwdb mb_usb_hdmi_top_0
TRACE::2024-10-23.19:13:31::SCWPlatform::Found the Hw Db part of the input DSA
TRACE::2024-10-23.19:13:31::SCWMssOS::Checking the sw design at  C:/Users/realk/Desktop/labb6/reallab6part2_sdk/mb_usb_hdmi_top/microblaze_0/standalone_microblaze_0/bsp/system.mss
TRACE::2024-10-23.19:13:31::SCWMssOS::DEBUG:  swdes dump  C:/Users/realk/Desktop/labb6/reallab6part2_sdk/mb_usb_hdmi_top/microblaze_0/standalone_microblaze_0/bsp/system.mss|system||

TRACE::2024-10-23.19:13:31::SCWMssOS::Sw design exists and opened at  C:/Users/realk/Desktop/labb6/reallab6part2_sdk/mb_usb_hdmi_top/microblaze_0/standalone_microblaze_0/bsp/system.mss
TRACE::2024-10-23.19:13:31::SCWPlatform::Trying to open the hw design at C:/Users/realk/Desktop/labb6/reallab6part2_sdk/mb_usb_hdmi_top/hw/mb_usb_hdmi_top.xsa
TRACE::2024-10-23.19:13:31::SCWPlatform::DSA given C:/Users/realk/Desktop/labb6/reallab6part2_sdk/mb_usb_hdmi_top/hw/mb_usb_hdmi_top.xsa
TRACE::2024-10-23.19:13:31::SCWPlatform::DSA absoulate path C:/Users/realk/Desktop/labb6/reallab6part2_sdk/mb_usb_hdmi_top/hw/mb_usb_hdmi_top.xsa
TRACE::2024-10-23.19:13:31::SCWPlatform::DSA directory C:/Users/realk/Desktop/labb6/reallab6part2_sdk/mb_usb_hdmi_top/hw
TRACE::2024-10-23.19:13:31::SCWPlatform:: Platform Path C:/Users/realk/Desktop/labb6/reallab6part2_sdk/mb_usb_hdmi_top/hw/mb_usb_hdmi_top.xsa
TRACE::2024-10-23.19:13:31::SCWPlatform:: Unique name xilinx:::0.0
TRACE::2024-10-23.19:13:31::SCWPlatform::Trying to set the existing hwdb with name mb_usb_hdmi_top_0
TRACE::2024-10-23.19:13:31::SCWPlatform::Opened existing hwdb mb_usb_hdmi_top_0
TRACE::2024-10-23.19:13:31::SCWPlatform::Found the Hw Db part of the input DSA
TRACE::2024-10-23.19:13:31::SCWMssOS::Checking the sw design at  C:/Users/realk/Desktop/labb6/reallab6part2_sdk/mb_usb_hdmi_top/microblaze_0/standalone_microblaze_0/bsp/system.mss
TRACE::2024-10-23.19:13:31::SCWMssOS::DEBUG:  swdes dump  C:/Users/realk/Desktop/labb6/reallab6part2_sdk/mb_usb_hdmi_top/microblaze_0/standalone_microblaze_0/bsp/system.mss|system||

TRACE::2024-10-23.19:13:31::SCWMssOS::Sw design exists and opened at  C:/Users/realk/Desktop/labb6/reallab6part2_sdk/mb_usb_hdmi_top/microblaze_0/standalone_microblaze_0/bsp/system.mss
TRACE::2024-10-23.19:13:31::SCWPlatform::Trying to open the hw design at C:/Users/realk/Desktop/labb6/reallab6part2_sdk/mb_usb_hdmi_top/hw/mb_usb_hdmi_top.xsa
TRACE::2024-10-23.19:13:31::SCWPlatform::DSA given C:/Users/realk/Desktop/labb6/reallab6part2_sdk/mb_usb_hdmi_top/hw/mb_usb_hdmi_top.xsa
TRACE::2024-10-23.19:13:31::SCWPlatform::DSA absoulate path C:/Users/realk/Desktop/labb6/reallab6part2_sdk/mb_usb_hdmi_top/hw/mb_usb_hdmi_top.xsa
TRACE::2024-10-23.19:13:31::SCWPlatform::DSA directory C:/Users/realk/Desktop/labb6/reallab6part2_sdk/mb_usb_hdmi_top/hw
TRACE::2024-10-23.19:13:31::SCWPlatform:: Platform Path C:/Users/realk/Desktop/labb6/reallab6part2_sdk/mb_usb_hdmi_top/hw/mb_usb_hdmi_top.xsa
TRACE::2024-10-23.19:13:31::SCWPlatform:: Unique name xilinx:::0.0
TRACE::2024-10-23.19:13:31::SCWPlatform::Trying to set the existing hwdb with name mb_usb_hdmi_top_0
TRACE::2024-10-23.19:13:31::SCWPlatform::Opened existing hwdb mb_usb_hdmi_top_0
TRACE::2024-10-23.19:13:31::SCWPlatform::Found the Hw Db part of the input DSA
TRACE::2024-10-23.19:13:31::SCWMssOS::Checking the sw design at  C:/Users/realk/Desktop/labb6/reallab6part2_sdk/mb_usb_hdmi_top/microblaze_0/standalone_microblaze_0/bsp/system.mss
TRACE::2024-10-23.19:13:31::SCWMssOS::DEBUG:  swdes dump  C:/Users/realk/Desktop/labb6/reallab6part2_sdk/mb_usb_hdmi_top/microblaze_0/standalone_microblaze_0/bsp/system.mss|system||

TRACE::2024-10-23.19:13:31::SCWMssOS::Sw design exists and opened at  C:/Users/realk/Desktop/labb6/reallab6part2_sdk/mb_usb_hdmi_top/microblaze_0/standalone_microblaze_0/bsp/system.mss
TRACE::2024-10-23.19:13:31::SCWWriter::formatted JSON is {
	"platformName":	"mb_usb_hdmi_top",
	"sprVersion":	"2.0",
	"mode":	"gui",
	"dsaType":	"Fixed",
	"platformDesc":	"mb_usb_hdmi_top",
	"platHandOff":	"C:/Users/realk/Desktop/labb6/mb_usb_hdmi_top.xsa",
	"platIntHandOff":	"<platformDir>/hw/mb_usb_hdmi_top.xsa",
	"deviceType":	"FPGA",
	"platIsPrebuiltAutogen":	"false",
	"platIsNoBootBsp":	"false",
	"hasFsblMakeHasChanges":	"false",
	"hasPmufwMakeHasChanges":	"false",
	"platPreBuiltFlag":	false,
	"platformSamplesDir":	"",
	"platActiveSys":	"mb_usb_hdmi_top",
	"systems":	[{
			"systemName":	"mb_usb_hdmi_top",
			"systemDesc":	"mb_usb_hdmi_top",
			"sysIsBootAutoGen":	"true",
			"systemDispName":	"mb_usb_hdmi_top",
			"sysActiveDom":	"standalone_microblaze_0",
			"sysDefaultDom":	"standalone_microblaze_0",
			"domains":	[{
					"domainName":	"standalone_microblaze_0",
					"domainDispName":	"standalone_microblaze_0",
					"domainDesc":	"standalone_microblaze_0",
					"processors":	"microblaze_0",
					"os":	"standalone",
					"sdxOs":	"standalone",
					"debugEnable":	"False",
					"domRuntimes":	["cpp"],
					"swRepo":	"",
					"mssOsVer":	"8.0",
					"mssFile":	"",
					"md5Digest":	"304529987e879521ca977c68d163f362",
					"compatibleApp":	"hello_world",
					"domType":	"mssDomain",
					"arch":	"32-bit",
					"appSettings":	{
						"appCompilerFlags":	"",
						"appLinkerFlags":	""
					},
					"addedLibs":	[],
					"libOptions":	{
						"libsContainingOptions":	[]
					},
					"prebuiltLibs":	{
						"prebuiltIncPath":	[],
						"prebuiltLibPath":	[]
					},
					"isolation":	{
					}
				}]
		}]
}
KEYINFO::2024-10-23.19:13:31::SCWPlatform::updated the xpfm file.
TRACE::2024-10-23.19:13:32::SCWPlatform::Trying to open the hw design at C:/Users/realk/Desktop/labb6/reallab6part2_sdk/mb_usb_hdmi_top/hw/mb_usb_hdmi_top.xsa
TRACE::2024-10-23.19:13:32::SCWPlatform::DSA given C:/Users/realk/Desktop/labb6/reallab6part2_sdk/mb_usb_hdmi_top/hw/mb_usb_hdmi_top.xsa
TRACE::2024-10-23.19:13:32::SCWPlatform::DSA absoulate path C:/Users/realk/Desktop/labb6/reallab6part2_sdk/mb_usb_hdmi_top/hw/mb_usb_hdmi_top.xsa
TRACE::2024-10-23.19:13:32::SCWPlatform::DSA directory C:/Users/realk/Desktop/labb6/reallab6part2_sdk/mb_usb_hdmi_top/hw
TRACE::2024-10-23.19:13:32::SCWPlatform:: Platform Path C:/Users/realk/Desktop/labb6/reallab6part2_sdk/mb_usb_hdmi_top/hw/mb_usb_hdmi_top.xsa
TRACE::2024-10-23.19:13:32::SCWPlatform:: Unique name xilinx:::0.0
TRACE::2024-10-23.19:13:32::SCWPlatform::Trying to set the existing hwdb with name mb_usb_hdmi_top_0
TRACE::2024-10-23.19:13:32::SCWPlatform::Opened existing hwdb mb_usb_hdmi_top_0
TRACE::2024-10-23.19:13:32::SCWPlatform::Found the Hw Db part of the input DSA
TRACE::2024-10-23.19:13:32::SCWMssOS::Checking the sw design at  C:/Users/realk/Desktop/labb6/reallab6part2_sdk/mb_usb_hdmi_top/microblaze_0/standalone_microblaze_0/bsp/system.mss
TRACE::2024-10-23.19:13:32::SCWMssOS::DEBUG:  swdes dump  C:/Users/realk/Desktop/labb6/reallab6part2_sdk/mb_usb_hdmi_top/microblaze_0/standalone_microblaze_0/bsp/system.mss|system||

TRACE::2024-10-23.19:13:32::SCWMssOS::Sw design exists and opened at  C:/Users/realk/Desktop/labb6/reallab6part2_sdk/mb_usb_hdmi_top/microblaze_0/standalone_microblaze_0/bsp/system.mss
TRACE::2024-10-23.19:13:32::SCWMssOS::Saving the mss changes C:/Users/realk/Desktop/labb6/reallab6part2_sdk/mb_usb_hdmi_top/microblaze_0/standalone_microblaze_0/bsp/system.mss
TRACE::2024-10-23.19:13:32::SCWMssOS::Found a swdesign opened with the mssfile.
TRACE::2024-10-23.19:13:32::SCWMssOS::Completed writemss as part of save.
TRACE::2024-10-23.19:13:32::SCWMssOS::Commit changes completed.
TRACE::2024-10-23.19:13:32::SCWPlatform::Trying to open the hw design at C:/Users/realk/Desktop/labb6/reallab6part2_sdk/mb_usb_hdmi_top/hw/mb_usb_hdmi_top.xsa
TRACE::2024-10-23.19:13:32::SCWPlatform::DSA given C:/Users/realk/Desktop/labb6/reallab6part2_sdk/mb_usb_hdmi_top/hw/mb_usb_hdmi_top.xsa
TRACE::2024-10-23.19:13:32::SCWPlatform::DSA absoulate path C:/Users/realk/Desktop/labb6/reallab6part2_sdk/mb_usb_hdmi_top/hw/mb_usb_hdmi_top.xsa
TRACE::2024-10-23.19:13:32::SCWPlatform::DSA directory C:/Users/realk/Desktop/labb6/reallab6part2_sdk/mb_usb_hdmi_top/hw
TRACE::2024-10-23.19:13:32::SCWPlatform:: Platform Path C:/Users/realk/Desktop/labb6/reallab6part2_sdk/mb_usb_hdmi_top/hw/mb_usb_hdmi_top.xsa
TRACE::2024-10-23.19:13:32::SCWPlatform:: Unique name xilinx:::0.0
TRACE::2024-10-23.19:13:32::SCWPlatform::Trying to set the existing hwdb with name mb_usb_hdmi_top_0
TRACE::2024-10-23.19:13:32::SCWPlatform::Opened existing hwdb mb_usb_hdmi_top_0
TRACE::2024-10-23.19:13:32::SCWPlatform::Found the Hw Db part of the input DSA
TRACE::2024-10-23.19:13:32::SCWMssOS::Checking the sw design at  C:/Users/realk/Desktop/labb6/reallab6part2_sdk/mb_usb_hdmi_top/microblaze_0/standalone_microblaze_0/bsp/system.mss
TRACE::2024-10-23.19:13:32::SCWMssOS::DEBUG:  swdes dump  C:/Users/realk/Desktop/labb6/reallab6part2_sdk/mb_usb_hdmi_top/microblaze_0/standalone_microblaze_0/bsp/system.mss|system||

TRACE::2024-10-23.19:13:32::SCWMssOS::Sw design exists and opened at  C:/Users/realk/Desktop/labb6/reallab6part2_sdk/mb_usb_hdmi_top/microblaze_0/standalone_microblaze_0/bsp/system.mss
TRACE::2024-10-23.19:13:32::SCWPlatform::Trying to open the hw design at C:/Users/realk/Desktop/labb6/reallab6part2_sdk/mb_usb_hdmi_top/hw/mb_usb_hdmi_top.xsa
TRACE::2024-10-23.19:13:32::SCWPlatform::DSA given C:/Users/realk/Desktop/labb6/reallab6part2_sdk/mb_usb_hdmi_top/hw/mb_usb_hdmi_top.xsa
TRACE::2024-10-23.19:13:32::SCWPlatform::DSA absoulate path C:/Users/realk/Desktop/labb6/reallab6part2_sdk/mb_usb_hdmi_top/hw/mb_usb_hdmi_top.xsa
TRACE::2024-10-23.19:13:32::SCWPlatform::DSA directory C:/Users/realk/Desktop/labb6/reallab6part2_sdk/mb_usb_hdmi_top/hw
TRACE::2024-10-23.19:13:32::SCWPlatform:: Platform Path C:/Users/realk/Desktop/labb6/reallab6part2_sdk/mb_usb_hdmi_top/hw/mb_usb_hdmi_top.xsa
TRACE::2024-10-23.19:13:32::SCWPlatform:: Unique name xilinx:::0.0
TRACE::2024-10-23.19:13:32::SCWPlatform::Trying to set the existing hwdb with name mb_usb_hdmi_top_0
TRACE::2024-10-23.19:13:32::SCWPlatform::Opened existing hwdb mb_usb_hdmi_top_0
TRACE::2024-10-23.19:13:32::SCWPlatform::Found the Hw Db part of the input DSA
TRACE::2024-10-23.19:13:32::SCWMssOS::Checking the sw design at  C:/Users/realk/Desktop/labb6/reallab6part2_sdk/mb_usb_hdmi_top/microblaze_0/standalone_microblaze_0/bsp/system.mss
TRACE::2024-10-23.19:13:32::SCWMssOS::DEBUG:  swdes dump  C:/Users/realk/Desktop/labb6/reallab6part2_sdk/mb_usb_hdmi_top/microblaze_0/standalone_microblaze_0/bsp/system.mss|system||

TRACE::2024-10-23.19:13:32::SCWMssOS::Sw design exists and opened at  C:/Users/realk/Desktop/labb6/reallab6part2_sdk/mb_usb_hdmi_top/microblaze_0/standalone_microblaze_0/bsp/system.mss
TRACE::2024-10-23.19:13:32::SCWPlatform::Trying to open the hw design at C:/Users/realk/Desktop/labb6/reallab6part2_sdk/mb_usb_hdmi_top/hw/mb_usb_hdmi_top.xsa
TRACE::2024-10-23.19:13:32::SCWPlatform::DSA given C:/Users/realk/Desktop/labb6/reallab6part2_sdk/mb_usb_hdmi_top/hw/mb_usb_hdmi_top.xsa
TRACE::2024-10-23.19:13:32::SCWPlatform::DSA absoulate path C:/Users/realk/Desktop/labb6/reallab6part2_sdk/mb_usb_hdmi_top/hw/mb_usb_hdmi_top.xsa
TRACE::2024-10-23.19:13:32::SCWPlatform::DSA directory C:/Users/realk/Desktop/labb6/reallab6part2_sdk/mb_usb_hdmi_top/hw
TRACE::2024-10-23.19:13:32::SCWPlatform:: Platform Path C:/Users/realk/Desktop/labb6/reallab6part2_sdk/mb_usb_hdmi_top/hw/mb_usb_hdmi_top.xsa
TRACE::2024-10-23.19:13:32::SCWPlatform:: Unique name xilinx:::0.0
TRACE::2024-10-23.19:13:32::SCWPlatform::Trying to set the existing hwdb with name mb_usb_hdmi_top_0
TRACE::2024-10-23.19:13:32::SCWPlatform::Opened existing hwdb mb_usb_hdmi_top_0
TRACE::2024-10-23.19:13:32::SCWPlatform::Found the Hw Db part of the input DSA
TRACE::2024-10-23.19:13:32::SCWMssOS::Checking the sw design at  C:/Users/realk/Desktop/labb6/reallab6part2_sdk/mb_usb_hdmi_top/microblaze_0/standalone_microblaze_0/bsp/system.mss
TRACE::2024-10-23.19:13:32::SCWMssOS::DEBUG:  swdes dump  C:/Users/realk/Desktop/labb6/reallab6part2_sdk/mb_usb_hdmi_top/microblaze_0/standalone_microblaze_0/bsp/system.mss|system||

TRACE::2024-10-23.19:13:32::SCWMssOS::Sw design exists and opened at  C:/Users/realk/Desktop/labb6/reallab6part2_sdk/mb_usb_hdmi_top/microblaze_0/standalone_microblaze_0/bsp/system.mss
TRACE::2024-10-23.19:13:32::SCWWriter::formatted JSON is {
	"platformName":	"mb_usb_hdmi_top",
	"sprVersion":	"2.0",
	"mode":	"gui",
	"dsaType":	"Fixed",
	"platformDesc":	"mb_usb_hdmi_top",
	"platHandOff":	"C:/Users/realk/Desktop/labb6/mb_usb_hdmi_top.xsa",
	"platIntHandOff":	"<platformDir>/hw/mb_usb_hdmi_top.xsa",
	"deviceType":	"FPGA",
	"platIsPrebuiltAutogen":	"false",
	"platIsNoBootBsp":	"false",
	"hasFsblMakeHasChanges":	"false",
	"hasPmufwMakeHasChanges":	"false",
	"platPreBuiltFlag":	false,
	"platformSamplesDir":	"",
	"platActiveSys":	"mb_usb_hdmi_top",
	"systems":	[{
			"systemName":	"mb_usb_hdmi_top",
			"systemDesc":	"mb_usb_hdmi_top",
			"sysIsBootAutoGen":	"true",
			"systemDispName":	"mb_usb_hdmi_top",
			"sysActiveDom":	"standalone_microblaze_0",
			"sysDefaultDom":	"standalone_microblaze_0",
			"domains":	[{
					"domainName":	"standalone_microblaze_0",
					"domainDispName":	"standalone_microblaze_0",
					"domainDesc":	"standalone_microblaze_0",
					"processors":	"microblaze_0",
					"os":	"standalone",
					"sdxOs":	"standalone",
					"debugEnable":	"False",
					"domRuntimes":	["cpp"],
					"swRepo":	"",
					"mssOsVer":	"8.0",
					"mssFile":	"",
					"md5Digest":	"304529987e879521ca977c68d163f362",
					"compatibleApp":	"hello_world",
					"domType":	"mssDomain",
					"arch":	"32-bit",
					"appSettings":	{
						"appCompilerFlags":	"",
						"appLinkerFlags":	""
					},
					"addedLibs":	[],
					"libOptions":	{
						"libsContainingOptions":	[]
					},
					"prebuiltLibs":	{
						"prebuiltIncPath":	[],
						"prebuiltLibPath":	[]
					},
					"isolation":	{
					}
				}]
		}]
}
TRACE::2024-10-23.19:13:32::SCWPlatform::Trying to open the hw design at C:/Users/realk/Desktop/labb6/reallab6part2_sdk/mb_usb_hdmi_top/hw/mb_usb_hdmi_top.xsa
TRACE::2024-10-23.19:13:32::SCWPlatform::DSA given C:/Users/realk/Desktop/labb6/reallab6part2_sdk/mb_usb_hdmi_top/hw/mb_usb_hdmi_top.xsa
TRACE::2024-10-23.19:13:32::SCWPlatform::DSA absoulate path C:/Users/realk/Desktop/labb6/reallab6part2_sdk/mb_usb_hdmi_top/hw/mb_usb_hdmi_top.xsa
TRACE::2024-10-23.19:13:32::SCWPlatform::DSA directory C:/Users/realk/Desktop/labb6/reallab6part2_sdk/mb_usb_hdmi_top/hw
TRACE::2024-10-23.19:13:32::SCWPlatform:: Platform Path C:/Users/realk/Desktop/labb6/reallab6part2_sdk/mb_usb_hdmi_top/hw/mb_usb_hdmi_top.xsa
TRACE::2024-10-23.19:13:32::SCWPlatform:: Unique name xilinx:::0.0
TRACE::2024-10-23.19:13:32::SCWPlatform::Trying to set the existing hwdb with name mb_usb_hdmi_top_0
TRACE::2024-10-23.19:13:32::SCWPlatform::Opened existing hwdb mb_usb_hdmi_top_0
TRACE::2024-10-23.19:13:32::SCWPlatform::Found the Hw Db part of the input DSA
TRACE::2024-10-23.19:13:32::SCWMssOS::Checking the sw design at  C:/Users/realk/Desktop/labb6/reallab6part2_sdk/mb_usb_hdmi_top/microblaze_0/standalone_microblaze_0/bsp/system.mss
TRACE::2024-10-23.19:13:32::SCWMssOS::DEBUG:  swdes dump  C:/Users/realk/Desktop/labb6/reallab6part2_sdk/mb_usb_hdmi_top/microblaze_0/standalone_microblaze_0/bsp/system.mss|system||

TRACE::2024-10-23.19:13:32::SCWMssOS::Sw design exists and opened at  C:/Users/realk/Desktop/labb6/reallab6part2_sdk/mb_usb_hdmi_top/microblaze_0/standalone_microblaze_0/bsp/system.mss
TRACE::2024-10-23.19:13:32::SCWPlatform::Trying to open the hw design at C:/Users/realk/Desktop/labb6/reallab6part2_sdk/mb_usb_hdmi_top/hw/mb_usb_hdmi_top.xsa
TRACE::2024-10-23.19:13:32::SCWPlatform::DSA given C:/Users/realk/Desktop/labb6/reallab6part2_sdk/mb_usb_hdmi_top/hw/mb_usb_hdmi_top.xsa
TRACE::2024-10-23.19:13:32::SCWPlatform::DSA absoulate path C:/Users/realk/Desktop/labb6/reallab6part2_sdk/mb_usb_hdmi_top/hw/mb_usb_hdmi_top.xsa
TRACE::2024-10-23.19:13:32::SCWPlatform::DSA directory C:/Users/realk/Desktop/labb6/reallab6part2_sdk/mb_usb_hdmi_top/hw
TRACE::2024-10-23.19:13:32::SCWPlatform:: Platform Path C:/Users/realk/Desktop/labb6/reallab6part2_sdk/mb_usb_hdmi_top/hw/mb_usb_hdmi_top.xsa
TRACE::2024-10-23.19:13:32::SCWPlatform:: Unique name xilinx:::0.0
TRACE::2024-10-23.19:13:32::SCWPlatform::Trying to set the existing hwdb with name mb_usb_hdmi_top_0
TRACE::2024-10-23.19:13:32::SCWPlatform::Opened existing hwdb mb_usb_hdmi_top_0
TRACE::2024-10-23.19:13:32::SCWPlatform::Found the Hw Db part of the input DSA
TRACE::2024-10-23.19:13:32::SCWMssOS::Checking the sw design at  C:/Users/realk/Desktop/labb6/reallab6part2_sdk/mb_usb_hdmi_top/microblaze_0/standalone_microblaze_0/bsp/system.mss
TRACE::2024-10-23.19:13:32::SCWMssOS::DEBUG:  swdes dump  C:/Users/realk/Desktop/labb6/reallab6part2_sdk/mb_usb_hdmi_top/microblaze_0/standalone_microblaze_0/bsp/system.mss|system||

TRACE::2024-10-23.19:13:32::SCWMssOS::Sw design exists and opened at  C:/Users/realk/Desktop/labb6/reallab6part2_sdk/mb_usb_hdmi_top/microblaze_0/standalone_microblaze_0/bsp/system.mss
TRACE::2024-10-23.19:13:32::SCWMssOS::Saving the mss changes C:/Users/realk/Desktop/labb6/reallab6part2_sdk/mb_usb_hdmi_top/microblaze_0/standalone_microblaze_0/bsp/system.mss
TRACE::2024-10-23.19:13:32::SCWMssOS::Found a swdesign opened with the mssfile.
TRACE::2024-10-23.19:13:32::SCWMssOS::Completed writemss as part of save.
TRACE::2024-10-23.19:13:32::SCWMssOS::Commit changes completed.
TRACE::2024-10-23.19:13:32::SCWPlatform::Trying to open the hw design at C:/Users/realk/Desktop/labb6/reallab6part2_sdk/mb_usb_hdmi_top/hw/mb_usb_hdmi_top.xsa
TRACE::2024-10-23.19:13:32::SCWPlatform::DSA given C:/Users/realk/Desktop/labb6/reallab6part2_sdk/mb_usb_hdmi_top/hw/mb_usb_hdmi_top.xsa
TRACE::2024-10-23.19:13:32::SCWPlatform::DSA absoulate path C:/Users/realk/Desktop/labb6/reallab6part2_sdk/mb_usb_hdmi_top/hw/mb_usb_hdmi_top.xsa
TRACE::2024-10-23.19:13:32::SCWPlatform::DSA directory C:/Users/realk/Desktop/labb6/reallab6part2_sdk/mb_usb_hdmi_top/hw
TRACE::2024-10-23.19:13:32::SCWPlatform:: Platform Path C:/Users/realk/Desktop/labb6/reallab6part2_sdk/mb_usb_hdmi_top/hw/mb_usb_hdmi_top.xsa
TRACE::2024-10-23.19:13:32::SCWPlatform:: Unique name xilinx:::0.0
TRACE::2024-10-23.19:13:32::SCWPlatform::Trying to set the existing hwdb with name mb_usb_hdmi_top_0
TRACE::2024-10-23.19:13:32::SCWPlatform::Opened existing hwdb mb_usb_hdmi_top_0
TRACE::2024-10-23.19:13:32::SCWPlatform::Found the Hw Db part of the input DSA
TRACE::2024-10-23.19:13:32::SCWMssOS::Checking the sw design at  C:/Users/realk/Desktop/labb6/reallab6part2_sdk/mb_usb_hdmi_top/microblaze_0/standalone_microblaze_0/bsp/system.mss
TRACE::2024-10-23.19:13:32::SCWMssOS::DEBUG:  swdes dump  C:/Users/realk/Desktop/labb6/reallab6part2_sdk/mb_usb_hdmi_top/microblaze_0/standalone_microblaze_0/bsp/system.mss|system||

TRACE::2024-10-23.19:13:32::SCWMssOS::Sw design exists and opened at  C:/Users/realk/Desktop/labb6/reallab6part2_sdk/mb_usb_hdmi_top/microblaze_0/standalone_microblaze_0/bsp/system.mss
TRACE::2024-10-23.19:13:32::SCWPlatform::Trying to open the hw design at C:/Users/realk/Desktop/labb6/reallab6part2_sdk/mb_usb_hdmi_top/hw/mb_usb_hdmi_top.xsa
TRACE::2024-10-23.19:13:32::SCWPlatform::DSA given C:/Users/realk/Desktop/labb6/reallab6part2_sdk/mb_usb_hdmi_top/hw/mb_usb_hdmi_top.xsa
TRACE::2024-10-23.19:13:32::SCWPlatform::DSA absoulate path C:/Users/realk/Desktop/labb6/reallab6part2_sdk/mb_usb_hdmi_top/hw/mb_usb_hdmi_top.xsa
TRACE::2024-10-23.19:13:32::SCWPlatform::DSA directory C:/Users/realk/Desktop/labb6/reallab6part2_sdk/mb_usb_hdmi_top/hw
TRACE::2024-10-23.19:13:32::SCWPlatform:: Platform Path C:/Users/realk/Desktop/labb6/reallab6part2_sdk/mb_usb_hdmi_top/hw/mb_usb_hdmi_top.xsa
TRACE::2024-10-23.19:13:32::SCWPlatform:: Unique name xilinx:::0.0
TRACE::2024-10-23.19:13:32::SCWPlatform::Trying to set the existing hwdb with name mb_usb_hdmi_top_0
TRACE::2024-10-23.19:13:32::SCWPlatform::Opened existing hwdb mb_usb_hdmi_top_0
TRACE::2024-10-23.19:13:32::SCWPlatform::Found the Hw Db part of the input DSA
TRACE::2024-10-23.19:13:32::SCWMssOS::Checking the sw design at  C:/Users/realk/Desktop/labb6/reallab6part2_sdk/mb_usb_hdmi_top/microblaze_0/standalone_microblaze_0/bsp/system.mss
TRACE::2024-10-23.19:13:32::SCWMssOS::DEBUG:  swdes dump  C:/Users/realk/Desktop/labb6/reallab6part2_sdk/mb_usb_hdmi_top/microblaze_0/standalone_microblaze_0/bsp/system.mss|system||

TRACE::2024-10-23.19:13:32::SCWMssOS::Sw design exists and opened at  C:/Users/realk/Desktop/labb6/reallab6part2_sdk/mb_usb_hdmi_top/microblaze_0/standalone_microblaze_0/bsp/system.mss
TRACE::2024-10-23.19:13:32::SCWPlatform::Trying to open the hw design at C:/Users/realk/Desktop/labb6/reallab6part2_sdk/mb_usb_hdmi_top/hw/mb_usb_hdmi_top.xsa
TRACE::2024-10-23.19:13:32::SCWPlatform::DSA given C:/Users/realk/Desktop/labb6/reallab6part2_sdk/mb_usb_hdmi_top/hw/mb_usb_hdmi_top.xsa
TRACE::2024-10-23.19:13:32::SCWPlatform::DSA absoulate path C:/Users/realk/Desktop/labb6/reallab6part2_sdk/mb_usb_hdmi_top/hw/mb_usb_hdmi_top.xsa
TRACE::2024-10-23.19:13:32::SCWPlatform::DSA directory C:/Users/realk/Desktop/labb6/reallab6part2_sdk/mb_usb_hdmi_top/hw
TRACE::2024-10-23.19:13:32::SCWPlatform:: Platform Path C:/Users/realk/Desktop/labb6/reallab6part2_sdk/mb_usb_hdmi_top/hw/mb_usb_hdmi_top.xsa
TRACE::2024-10-23.19:13:32::SCWPlatform:: Unique name xilinx:::0.0
TRACE::2024-10-23.19:13:32::SCWPlatform::Trying to set the existing hwdb with name mb_usb_hdmi_top_0
TRACE::2024-10-23.19:13:32::SCWPlatform::Opened existing hwdb mb_usb_hdmi_top_0
TRACE::2024-10-23.19:13:32::SCWPlatform::Found the Hw Db part of the input DSA
TRACE::2024-10-23.19:13:32::SCWMssOS::Checking the sw design at  C:/Users/realk/Desktop/labb6/reallab6part2_sdk/mb_usb_hdmi_top/microblaze_0/standalone_microblaze_0/bsp/system.mss
TRACE::2024-10-23.19:13:32::SCWMssOS::DEBUG:  swdes dump  C:/Users/realk/Desktop/labb6/reallab6part2_sdk/mb_usb_hdmi_top/microblaze_0/standalone_microblaze_0/bsp/system.mss|system||

TRACE::2024-10-23.19:13:32::SCWMssOS::Sw design exists and opened at  C:/Users/realk/Desktop/labb6/reallab6part2_sdk/mb_usb_hdmi_top/microblaze_0/standalone_microblaze_0/bsp/system.mss
TRACE::2024-10-23.19:13:32::SCWWriter::formatted JSON is {
	"platformName":	"mb_usb_hdmi_top",
	"sprVersion":	"2.0",
	"mode":	"gui",
	"dsaType":	"Fixed",
	"platformDesc":	"mb_usb_hdmi_top",
	"platHandOff":	"C:/Users/realk/Desktop/labb6/mb_usb_hdmi_top.xsa",
	"platIntHandOff":	"<platformDir>/hw/mb_usb_hdmi_top.xsa",
	"deviceType":	"FPGA",
	"platIsPrebuiltAutogen":	"false",
	"platIsNoBootBsp":	"false",
	"hasFsblMakeHasChanges":	"false",
	"hasPmufwMakeHasChanges":	"false",
	"platPreBuiltFlag":	false,
	"platformSamplesDir":	"",
	"platActiveSys":	"mb_usb_hdmi_top",
	"systems":	[{
			"systemName":	"mb_usb_hdmi_top",
			"systemDesc":	"mb_usb_hdmi_top",
			"sysIsBootAutoGen":	"true",
			"systemDispName":	"mb_usb_hdmi_top",
			"sysActiveDom":	"standalone_microblaze_0",
			"sysDefaultDom":	"standalone_microblaze_0",
			"domains":	[{
					"domainName":	"standalone_microblaze_0",
					"domainDispName":	"standalone_microblaze_0",
					"domainDesc":	"standalone_microblaze_0",
					"processors":	"microblaze_0",
					"os":	"standalone",
					"sdxOs":	"standalone",
					"debugEnable":	"False",
					"domRuntimes":	["cpp"],
					"swRepo":	"",
					"mssOsVer":	"8.0",
					"mssFile":	"",
					"md5Digest":	"304529987e879521ca977c68d163f362",
					"compatibleApp":	"hello_world",
					"domType":	"mssDomain",
					"arch":	"32-bit",
					"appSettings":	{
						"appCompilerFlags":	"",
						"appLinkerFlags":	""
					},
					"addedLibs":	[],
					"libOptions":	{
						"libsContainingOptions":	[]
					},
					"prebuiltLibs":	{
						"prebuiltIncPath":	[],
						"prebuiltLibPath":	[]
					},
					"isolation":	{
					}
				}]
		}]
}
LOG::2024-10-23.19:13:32::SCWPlatform::Started generating the artifacts platform mb_usb_hdmi_top
TRACE::2024-10-23.19:13:32::SCWPlatform::Sanity checking of platform is completed
LOG::2024-10-23.19:13:32::SCWPlatform::Started generating the artifacts for system configuration mb_usb_hdmi_top
LOG::2024-10-23.19:13:32::SCWSystem::Started Processing the domain standalone_microblaze_0
TRACE::2024-10-23.19:13:32::SCWDomain::Generating domain artifcats
TRACE::2024-10-23.19:13:32::SCWMssOS::Generating standalone artifcats
TRACE::2024-10-23.19:13:32::SCWMssOS:: Copying the user libraries. 
TRACE::2024-10-23.19:13:32::SCWPlatform::Trying to open the hw design at C:/Users/realk/Desktop/labb6/reallab6part2_sdk/mb_usb_hdmi_top/hw/mb_usb_hdmi_top.xsa
TRACE::2024-10-23.19:13:32::SCWPlatform::DSA given C:/Users/realk/Desktop/labb6/reallab6part2_sdk/mb_usb_hdmi_top/hw/mb_usb_hdmi_top.xsa
TRACE::2024-10-23.19:13:32::SCWPlatform::DSA absoulate path C:/Users/realk/Desktop/labb6/reallab6part2_sdk/mb_usb_hdmi_top/hw/mb_usb_hdmi_top.xsa
TRACE::2024-10-23.19:13:32::SCWPlatform::DSA directory C:/Users/realk/Desktop/labb6/reallab6part2_sdk/mb_usb_hdmi_top/hw
TRACE::2024-10-23.19:13:32::SCWPlatform:: Platform Path C:/Users/realk/Desktop/labb6/reallab6part2_sdk/mb_usb_hdmi_top/hw/mb_usb_hdmi_top.xsa
TRACE::2024-10-23.19:13:32::SCWPlatform:: Unique name xilinx:::0.0
TRACE::2024-10-23.19:13:32::SCWPlatform::Trying to set the existing hwdb with name mb_usb_hdmi_top_0
TRACE::2024-10-23.19:13:32::SCWPlatform::Opened existing hwdb mb_usb_hdmi_top_0
TRACE::2024-10-23.19:13:32::SCWPlatform::Found the Hw Db part of the input DSA
TRACE::2024-10-23.19:13:32::SCWMssOS::Checking the sw design at  C:/Users/realk/Desktop/labb6/reallab6part2_sdk/mb_usb_hdmi_top/microblaze_0/standalone_microblaze_0/bsp/system.mss
TRACE::2024-10-23.19:13:32::SCWMssOS::DEBUG:  swdes dump  C:/Users/realk/Desktop/labb6/reallab6part2_sdk/mb_usb_hdmi_top/microblaze_0/standalone_microblaze_0/bsp/system.mss|system||

TRACE::2024-10-23.19:13:32::SCWMssOS::Sw design exists and opened at  C:/Users/realk/Desktop/labb6/reallab6part2_sdk/mb_usb_hdmi_top/microblaze_0/standalone_microblaze_0/bsp/system.mss
TRACE::2024-10-23.19:13:32::SCWMssOS::Completed writing the mss file at C:/Users/realk/Desktop/labb6/reallab6part2_sdk/mb_usb_hdmi_top/microblaze_0/standalone_microblaze_0/bsp
TRACE::2024-10-23.19:13:32::SCWMssOS::Mss edits present, copying mssfile into export location C:/Users/realk/Desktop/labb6/reallab6part2_sdk/mb_usb_hdmi_top/microblaze_0/standalone_microblaze_0/bsp/system.mss
TRACE::2024-10-23.19:13:32::SCWMssOS::bsp generated is upto date with the mss file. Skipping bsp generation.
TRACE::2024-10-23.19:13:32::SCWMssOS::BSP is already built. skipping the bsp build ... 
TRACE::2024-10-23.19:13:32::SCWDomain::Building the domain as part of full build :  standalone_microblaze_0
TRACE::2024-10-23.19:13:32::SCWMssOS::skipping the bsp build ... 
TRACE::2024-10-23.19:13:32::SCWMssOS::Copying to export directory.
TRACE::2024-10-23.19:13:32::SCWMssOS:: Checking if to create the Supporting Applications
TRACE::2024-10-23.19:13:32::SCWMssOS:: No Linux domain exists, trying to generate FSBL 
LOG::2024-10-23.19:13:32::SCWSystem::Completed Processing the domain standalone_microblaze_0
LOG::2024-10-23.19:13:32::SCWSystem::Completed Processing the sysconfig mb_usb_hdmi_top
LOG::2024-10-23.19:13:32::SCWPlatform::Completed generating the artifacts for system configuration mb_usb_hdmi_top
TRACE::2024-10-23.19:13:32::SCWPlatform::Started preparing the platform 
TRACE::2024-10-23.19:13:32::SCWSystem::Writing the bif file for system config mb_usb_hdmi_top
TRACE::2024-10-23.19:13:32::SCWSystem::dir created 
TRACE::2024-10-23.19:13:32::SCWSystem::Writing the bif 
TRACE::2024-10-23.19:13:32::SCWPlatform::Started writing the spfm file 
TRACE::2024-10-23.19:13:32::SCWPlatform::Started writing the xpfm file 
TRACE::2024-10-23.19:13:32::SCWPlatform::Completed generating the platform
TRACE::2024-10-23.19:13:32::SCWMssOS::Saving the mss changes C:/Users/realk/Desktop/labb6/reallab6part2_sdk/mb_usb_hdmi_top/microblaze_0/standalone_microblaze_0/bsp/system.mss
TRACE::2024-10-23.19:13:32::SCWMssOS::Found a swdesign opened with the mssfile.
TRACE::2024-10-23.19:13:32::SCWMssOS::Completed writemss as part of save.
TRACE::2024-10-23.19:13:32::SCWMssOS::Commit changes completed.
TRACE::2024-10-23.19:13:32::SCWPlatform::Trying to open the hw design at C:/Users/realk/Desktop/labb6/reallab6part2_sdk/mb_usb_hdmi_top/hw/mb_usb_hdmi_top.xsa
TRACE::2024-10-23.19:13:32::SCWPlatform::DSA given C:/Users/realk/Desktop/labb6/reallab6part2_sdk/mb_usb_hdmi_top/hw/mb_usb_hdmi_top.xsa
TRACE::2024-10-23.19:13:32::SCWPlatform::DSA absoulate path C:/Users/realk/Desktop/labb6/reallab6part2_sdk/mb_usb_hdmi_top/hw/mb_usb_hdmi_top.xsa
TRACE::2024-10-23.19:13:32::SCWPlatform::DSA directory C:/Users/realk/Desktop/labb6/reallab6part2_sdk/mb_usb_hdmi_top/hw
TRACE::2024-10-23.19:13:32::SCWPlatform:: Platform Path C:/Users/realk/Desktop/labb6/reallab6part2_sdk/mb_usb_hdmi_top/hw/mb_usb_hdmi_top.xsa
TRACE::2024-10-23.19:13:32::SCWPlatform:: Unique name xilinx:::0.0
TRACE::2024-10-23.19:13:32::SCWPlatform::Trying to set the existing hwdb with name mb_usb_hdmi_top_0
TRACE::2024-10-23.19:13:32::SCWPlatform::Opened existing hwdb mb_usb_hdmi_top_0
TRACE::2024-10-23.19:13:32::SCWPlatform::Found the Hw Db part of the input DSA
TRACE::2024-10-23.19:13:32::SCWMssOS::Checking the sw design at  C:/Users/realk/Desktop/labb6/reallab6part2_sdk/mb_usb_hdmi_top/microblaze_0/standalone_microblaze_0/bsp/system.mss
TRACE::2024-10-23.19:13:32::SCWMssOS::DEBUG:  swdes dump  C:/Users/realk/Desktop/labb6/reallab6part2_sdk/mb_usb_hdmi_top/microblaze_0/standalone_microblaze_0/bsp/system.mss|system||

TRACE::2024-10-23.19:13:32::SCWMssOS::Sw design exists and opened at  C:/Users/realk/Desktop/labb6/reallab6part2_sdk/mb_usb_hdmi_top/microblaze_0/standalone_microblaze_0/bsp/system.mss
TRACE::2024-10-23.19:13:32::SCWPlatform::Trying to open the hw design at C:/Users/realk/Desktop/labb6/reallab6part2_sdk/mb_usb_hdmi_top/hw/mb_usb_hdmi_top.xsa
TRACE::2024-10-23.19:13:32::SCWPlatform::DSA given C:/Users/realk/Desktop/labb6/reallab6part2_sdk/mb_usb_hdmi_top/hw/mb_usb_hdmi_top.xsa
TRACE::2024-10-23.19:13:32::SCWPlatform::DSA absoulate path C:/Users/realk/Desktop/labb6/reallab6part2_sdk/mb_usb_hdmi_top/hw/mb_usb_hdmi_top.xsa
TRACE::2024-10-23.19:13:32::SCWPlatform::DSA directory C:/Users/realk/Desktop/labb6/reallab6part2_sdk/mb_usb_hdmi_top/hw
TRACE::2024-10-23.19:13:32::SCWPlatform:: Platform Path C:/Users/realk/Desktop/labb6/reallab6part2_sdk/mb_usb_hdmi_top/hw/mb_usb_hdmi_top.xsa
TRACE::2024-10-23.19:13:32::SCWPlatform:: Unique name xilinx:::0.0
TRACE::2024-10-23.19:13:32::SCWPlatform::Trying to set the existing hwdb with name mb_usb_hdmi_top_0
TRACE::2024-10-23.19:13:32::SCWPlatform::Opened existing hwdb mb_usb_hdmi_top_0
TRACE::2024-10-23.19:13:32::SCWPlatform::Found the Hw Db part of the input DSA
TRACE::2024-10-23.19:13:32::SCWMssOS::Checking the sw design at  C:/Users/realk/Desktop/labb6/reallab6part2_sdk/mb_usb_hdmi_top/microblaze_0/standalone_microblaze_0/bsp/system.mss
TRACE::2024-10-23.19:13:32::SCWMssOS::DEBUG:  swdes dump  C:/Users/realk/Desktop/labb6/reallab6part2_sdk/mb_usb_hdmi_top/microblaze_0/standalone_microblaze_0/bsp/system.mss|system||

TRACE::2024-10-23.19:13:32::SCWMssOS::Sw design exists and opened at  C:/Users/realk/Desktop/labb6/reallab6part2_sdk/mb_usb_hdmi_top/microblaze_0/standalone_microblaze_0/bsp/system.mss
TRACE::2024-10-23.19:13:32::SCWPlatform::Trying to open the hw design at C:/Users/realk/Desktop/labb6/reallab6part2_sdk/mb_usb_hdmi_top/hw/mb_usb_hdmi_top.xsa
TRACE::2024-10-23.19:13:32::SCWPlatform::DSA given C:/Users/realk/Desktop/labb6/reallab6part2_sdk/mb_usb_hdmi_top/hw/mb_usb_hdmi_top.xsa
TRACE::2024-10-23.19:13:32::SCWPlatform::DSA absoulate path C:/Users/realk/Desktop/labb6/reallab6part2_sdk/mb_usb_hdmi_top/hw/mb_usb_hdmi_top.xsa
TRACE::2024-10-23.19:13:32::SCWPlatform::DSA directory C:/Users/realk/Desktop/labb6/reallab6part2_sdk/mb_usb_hdmi_top/hw
TRACE::2024-10-23.19:13:32::SCWPlatform:: Platform Path C:/Users/realk/Desktop/labb6/reallab6part2_sdk/mb_usb_hdmi_top/hw/mb_usb_hdmi_top.xsa
TRACE::2024-10-23.19:13:32::SCWPlatform:: Unique name xilinx:::0.0
TRACE::2024-10-23.19:13:32::SCWPlatform::Trying to set the existing hwdb with name mb_usb_hdmi_top_0
TRACE::2024-10-23.19:13:32::SCWPlatform::Opened existing hwdb mb_usb_hdmi_top_0
TRACE::2024-10-23.19:13:32::SCWPlatform::Found the Hw Db part of the input DSA
TRACE::2024-10-23.19:13:32::SCWMssOS::Checking the sw design at  C:/Users/realk/Desktop/labb6/reallab6part2_sdk/mb_usb_hdmi_top/microblaze_0/standalone_microblaze_0/bsp/system.mss
TRACE::2024-10-23.19:13:32::SCWMssOS::DEBUG:  swdes dump  C:/Users/realk/Desktop/labb6/reallab6part2_sdk/mb_usb_hdmi_top/microblaze_0/standalone_microblaze_0/bsp/system.mss|system||

TRACE::2024-10-23.19:13:32::SCWMssOS::Sw design exists and opened at  C:/Users/realk/Desktop/labb6/reallab6part2_sdk/mb_usb_hdmi_top/microblaze_0/standalone_microblaze_0/bsp/system.mss
TRACE::2024-10-23.19:13:32::SCWWriter::formatted JSON is {
	"platformName":	"mb_usb_hdmi_top",
	"sprVersion":	"2.0",
	"mode":	"gui",
	"dsaType":	"Fixed",
	"platformDesc":	"mb_usb_hdmi_top",
	"platHandOff":	"C:/Users/realk/Desktop/labb6/mb_usb_hdmi_top.xsa",
	"platIntHandOff":	"<platformDir>/hw/mb_usb_hdmi_top.xsa",
	"deviceType":	"FPGA",
	"platIsPrebuiltAutogen":	"false",
	"platIsNoBootBsp":	"false",
	"hasFsblMakeHasChanges":	"false",
	"hasPmufwMakeHasChanges":	"false",
	"platPreBuiltFlag":	false,
	"platformSamplesDir":	"",
	"platActiveSys":	"mb_usb_hdmi_top",
	"systems":	[{
			"systemName":	"mb_usb_hdmi_top",
			"systemDesc":	"mb_usb_hdmi_top",
			"sysIsBootAutoGen":	"true",
			"systemDispName":	"mb_usb_hdmi_top",
			"sysActiveDom":	"standalone_microblaze_0",
			"sysDefaultDom":	"standalone_microblaze_0",
			"domains":	[{
					"domainName":	"standalone_microblaze_0",
					"domainDispName":	"standalone_microblaze_0",
					"domainDesc":	"standalone_microblaze_0",
					"processors":	"microblaze_0",
					"os":	"standalone",
					"sdxOs":	"standalone",
					"debugEnable":	"False",
					"domRuntimes":	["cpp"],
					"swRepo":	"",
					"mssOsVer":	"8.0",
					"mssFile":	"",
					"md5Digest":	"304529987e879521ca977c68d163f362",
					"compatibleApp":	"hello_world",
					"domType":	"mssDomain",
					"arch":	"32-bit",
					"appSettings":	{
						"appCompilerFlags":	"",
						"appLinkerFlags":	""
					},
					"addedLibs":	[],
					"libOptions":	{
						"libsContainingOptions":	[]
					},
					"prebuiltLibs":	{
						"prebuiltIncPath":	[],
						"prebuiltLibPath":	[]
					},
					"isolation":	{
					}
				}]
		}]
}
KEYINFO::2024-10-23.19:13:32::SCWPlatform::updated the xpfm file.
LOG::2024-10-24.02:05:55::SCWPlatform::Started generating the artifacts platform mb_usb_hdmi_top
TRACE::2024-10-24.02:05:55::SCWPlatform::Sanity checking of platform is completed
LOG::2024-10-24.02:05:56::SCWPlatform::Started generating the artifacts for system configuration mb_usb_hdmi_top
LOG::2024-10-24.02:05:56::SCWSystem::Checking the domain standalone_microblaze_0
LOG::2024-10-24.02:05:56::SCWSystem::Not a boot domain 
LOG::2024-10-24.02:05:56::SCWSystem::Started Processing the domain standalone_microblaze_0
TRACE::2024-10-24.02:05:56::SCWDomain::Generating domain artifcats
TRACE::2024-10-24.02:05:56::SCWMssOS::Generating standalone artifcats
TRACE::2024-10-24.02:05:56::SCWMssOS:: Copying the user libraries. 
TRACE::2024-10-24.02:05:56::SCWPlatform::Trying to open the hw design at C:/Users/realk/Desktop/labb6/reallab6part2_sdk/mb_usb_hdmi_top/hw/mb_usb_hdmi_top.xsa
TRACE::2024-10-24.02:05:56::SCWPlatform::DSA given C:/Users/realk/Desktop/labb6/reallab6part2_sdk/mb_usb_hdmi_top/hw/mb_usb_hdmi_top.xsa
TRACE::2024-10-24.02:05:56::SCWPlatform::DSA absoulate path C:/Users/realk/Desktop/labb6/reallab6part2_sdk/mb_usb_hdmi_top/hw/mb_usb_hdmi_top.xsa
TRACE::2024-10-24.02:05:56::SCWPlatform::DSA directory C:/Users/realk/Desktop/labb6/reallab6part2_sdk/mb_usb_hdmi_top/hw
TRACE::2024-10-24.02:05:56::SCWPlatform:: Platform Path C:/Users/realk/Desktop/labb6/reallab6part2_sdk/mb_usb_hdmi_top/hw/mb_usb_hdmi_top.xsa
TRACE::2024-10-24.02:05:56::SCWPlatform:: Unique name xilinx:::0.0
TRACE::2024-10-24.02:05:56::SCWPlatform::Trying to set the existing hwdb with name mb_usb_hdmi_top_0
TRACE::2024-10-24.02:05:56::SCWPlatform::Opened existing hwdb mb_usb_hdmi_top_0
TRACE::2024-10-24.02:05:56::SCWPlatform::Found the Hw Db part of the input DSA
TRACE::2024-10-24.02:05:56::SCWMssOS::Checking the sw design at  C:/Users/realk/Desktop/labb6/reallab6part2_sdk/mb_usb_hdmi_top/microblaze_0/standalone_microblaze_0/bsp/system.mss
TRACE::2024-10-24.02:05:56::SCWMssOS::DEBUG:  swdes dump  C:/Users/realk/Desktop/labb6/reallab6part2_sdk/mb_usb_hdmi_top/microblaze_0/standalone_microblaze_0/bsp/system.mss|system||

TRACE::2024-10-24.02:05:56::SCWMssOS::Sw design exists and opened at  C:/Users/realk/Desktop/labb6/reallab6part2_sdk/mb_usb_hdmi_top/microblaze_0/standalone_microblaze_0/bsp/system.mss
TRACE::2024-10-24.02:05:56::SCWMssOS::Completed writing the mss file at C:/Users/realk/Desktop/labb6/reallab6part2_sdk/mb_usb_hdmi_top/microblaze_0/standalone_microblaze_0/bsp
TRACE::2024-10-24.02:05:56::SCWMssOS::Mss edits present, copying mssfile into export location C:/Users/realk/Desktop/labb6/reallab6part2_sdk/mb_usb_hdmi_top/microblaze_0/standalone_microblaze_0/bsp/system.mss
TRACE::2024-10-24.02:05:56::SCWMssOS::bsp generated is upto date with the mss file. Skipping bsp generation.
TRACE::2024-10-24.02:05:56::SCWMssOS::BSP is already built. skipping the bsp build ... 
TRACE::2024-10-24.02:05:56::SCWDomain::Building the domain as part of full build :  standalone_microblaze_0
TRACE::2024-10-24.02:05:56::SCWMssOS::doing bsp build ... 
TRACE::2024-10-24.02:05:56::SCWMssOS::System Command Ran  C: & cd  C:/Users/realk/Desktop/labb6/reallab6part2_sdk/mb_usb_hdmi_top/microblaze_0/standalone_microblaze_0/bsp & make 
TRACE::2024-10-24.02:05:56::SCWMssOS::make --no-print-directory seq_libs

TRACE::2024-10-24.02:05:56::SCWMssOS::'Finished building libraries sequentially.'

TRACE::2024-10-24.02:05:56::SCWMssOS::make -j 14 --no-print-directory par_libs

TRACE::2024-10-24.02:05:56::SCWMssOS::"Running Make include in microblaze_0/libsrc/bram_v4_8/src"

TRACE::2024-10-24.02:05:56::SCWMssOS::make -C microblaze_0/libsrc/bram_v4_8/src -s include  "SHELL=CMD" "COMPILER=mb-gcc" "ASSEMBLER=mb-as" "ARCHIVER=mb-ar" "COMPILE
TRACE::2024-10-24.02:05:56::SCWMssOS::R_FLAGS=  -O2 -c -mcpu=v11.0 -mlittle-endian -mno-xl-reorder -mno-xl-soft-mul -mxl-barrel-shift -mxl-pattern-compare" "EXTRA_CO
TRACE::2024-10-24.02:05:56::SCWMssOS::MPILER_FLAGS=-g -ffunction-sections -fdata-sections -Wall -Wextra -fno-tree-loop-distribute-patterns"

TRACE::2024-10-24.02:05:56::SCWMssOS::"Running Make include in microblaze_0/libsrc/cpu_v2_16/src"

TRACE::2024-10-24.02:05:56::SCWMssOS::make -C microblaze_0/libsrc/cpu_v2_16/src -s include  "SHELL=CMD" "COMPILER=mb-gcc" "ASSEMBLER=mb-as" "ARCHIVER=mb-ar" "COMPILE
TRACE::2024-10-24.02:05:56::SCWMssOS::R_FLAGS=  -O2 -c -mcpu=v11.0 -mlittle-endian -mno-xl-reorder -mno-xl-soft-mul -mxl-barrel-shift -mxl-pattern-compare" "EXTRA_CO
TRACE::2024-10-24.02:05:56::SCWMssOS::MPILER_FLAGS=-g -ffunction-sections -fdata-sections -Wall -Wextra -fno-tree-loop-distribute-patterns"

TRACE::2024-10-24.02:05:56::SCWMssOS::"Running Make include in microblaze_0/libsrc/gpio_v4_9/src"

TRACE::2024-10-24.02:05:56::SCWMssOS::make -C microblaze_0/libsrc/gpio_v4_9/src -s include  "SHELL=CMD" "COMPILER=mb-gcc" "ASSEMBLER=mb-as" "ARCHIVER=mb-ar" "COMPILE
TRACE::2024-10-24.02:05:56::SCWMssOS::R_FLAGS=  -O2 -c -mcpu=v11.0 -mlittle-endian -mno-xl-reorder -mno-xl-soft-mul -mxl-barrel-shift -mxl-pattern-compare" "EXTRA_CO
TRACE::2024-10-24.02:05:56::SCWMssOS::MPILER_FLAGS=-g -ffunction-sections -fdata-sections -Wall -Wextra -fno-tree-loop-distribute-patterns"

TRACE::2024-10-24.02:05:56::SCWMssOS::"Running Make include in microblaze_0/libsrc/intc_v3_15/src"

TRACE::2024-10-24.02:05:56::SCWMssOS::make -C microblaze_0/libsrc/intc_v3_15/src -s include  "SHELL=CMD" "COMPILER=mb-gcc" "ASSEMBLER=mb-as" "ARCHIVER=mb-ar" "COMPIL
TRACE::2024-10-24.02:05:56::SCWMssOS::ER_FLAGS=  -O2 -c -mcpu=v11.0 -mlittle-endian -mno-xl-reorder -mno-xl-soft-mul -mxl-barrel-shift -mxl-pattern-compare" "EXTRA_C
TRACE::2024-10-24.02:05:56::SCWMssOS::OMPILER_FLAGS=-g -ffunction-sections -fdata-sections -Wall -Wextra -fno-tree-loop-distribute-patterns"

TRACE::2024-10-24.02:05:56::SCWMssOS::"Running Make include in microblaze_0/libsrc/spi_v4_9/src"

TRACE::2024-10-24.02:05:56::SCWMssOS::make -C microblaze_0/libsrc/spi_v4_9/src -s include  "SHELL=CMD" "COMPILER=mb-gcc" "ASSEMBLER=mb-as" "ARCHIVER=mb-ar" "COMPILER
TRACE::2024-10-24.02:05:56::SCWMssOS::_FLAGS=  -O2 -c -mcpu=v11.0 -mlittle-endian -mno-xl-reorder -mno-xl-soft-mul -mxl-barrel-shift -mxl-pattern-compare" "EXTRA_COM
TRACE::2024-10-24.02:05:56::SCWMssOS::PILER_FLAGS=-g -ffunction-sections -fdata-sections -Wall -Wextra -fno-tree-loop-distribute-patterns"

TRACE::2024-10-24.02:05:56::SCWMssOS::"Running Make include in microblaze_0/libsrc/standalone_v8_0/src"

TRACE::2024-10-24.02:05:56::SCWMssOS::make -C microblaze_0/libsrc/standalone_v8_0/src -s include  "SHELL=CMD" "COMPILER=mb-gcc" "ASSEMBLER=mb-as" "ARCHIVER=mb-ar" "C
TRACE::2024-10-24.02:05:56::SCWMssOS::OMPILER_FLAGS=  -O2 -c -mcpu=v11.0 -mlittle-endian -mno-xl-reorder -mno-xl-soft-mul -mxl-barrel-shift -mxl-pattern-compare" "EX
TRACE::2024-10-24.02:05:56::SCWMssOS::TRA_COMPILER_FLAGS=-g -ffunction-sections -fdata-sections -Wall -Wextra -fno-tree-loop-distribute-patterns"

TRACE::2024-10-24.02:05:56::SCWMssOS::"Running Make include in microblaze_0/libsrc/tmrctr_v4_9/src"

TRACE::2024-10-24.02:05:56::SCWMssOS::make -C microblaze_0/libsrc/tmrctr_v4_9/src -s include  "SHELL=CMD" "COMPILER=mb-gcc" "ASSEMBLER=mb-as" "ARCHIVER=mb-ar" "COMPI
TRACE::2024-10-24.02:05:56::SCWMssOS::LER_FLAGS=  -O2 -c -mcpu=v11.0 -mlittle-endian -mno-xl-reorder -mno-xl-soft-mul -mxl-barrel-shift -mxl-pattern-compare" "EXTRA_
TRACE::2024-10-24.02:05:56::SCWMssOS::COMPILER_FLAGS=-g -ffunction-sections -fdata-sections -Wall -Wextra -fno-tree-loop-distribute-patterns"

TRACE::2024-10-24.02:05:56::SCWMssOS::"Running Make include in microblaze_0/libsrc/uartlite_v3_7/src"

TRACE::2024-10-24.02:05:56::SCWMssOS::make -C microblaze_0/libsrc/uartlite_v3_7/src -s include  "SHELL=CMD" "COMPILER=mb-gcc" "ASSEMBLER=mb-as" "ARCHIVER=mb-ar" "COM
TRACE::2024-10-24.02:05:56::SCWMssOS::PILER_FLAGS=  -O2 -c -mcpu=v11.0 -mlittle-endian -mno-xl-reorder -mno-xl-soft-mul -mxl-barrel-shift -mxl-pattern-compare" "EXTR
TRACE::2024-10-24.02:05:56::SCWMssOS::A_COMPILER_FLAGS=-g -ffunction-sections -fdata-sections -Wall -Wextra -fno-tree-loop-distribute-patterns"

TRACE::2024-10-24.02:05:57::SCWMssOS::"Running Make libs in microblaze_0/libsrc/bram_v4_8/src"

TRACE::2024-10-24.02:05:57::SCWMssOS::make -C microblaze_0/libsrc/bram_v4_8/src -s libs  "SHELL=CMD" "COMPILER=mb-gcc" "ASSEMBLER=mb-as" "ARCHIVER=mb-ar" "COMPILER_F
TRACE::2024-10-24.02:05:57::SCWMssOS::LAGS=  -O2 -c -mcpu=v11.0 -mlittle-endian -mno-xl-reorder -mno-xl-soft-mul -mxl-barrel-shift -mxl-pattern-compare" "EXTRA_COMPI
TRACE::2024-10-24.02:05:57::SCWMssOS::LER_FLAGS=-g -ffunction-sections -fdata-sections -Wall -Wextra -fno-tree-loop-distribute-patterns"

TRACE::2024-10-24.02:05:57::SCWMssOS::"Running Make libs in microblaze_0/libsrc/cpu_v2_16/src"

TRACE::2024-10-24.02:05:57::SCWMssOS::make -C microblaze_0/libsrc/cpu_v2_16/src -s libs  "SHELL=CMD" "COMPILER=mb-gcc" "ASSEMBLER=mb-as" "ARCHIVER=mb-ar" "COMPILER_F
TRACE::2024-10-24.02:05:57::SCWMssOS::LAGS=  -O2 -c -mcpu=v11.0 -mlittle-endian -mno-xl-reorder -mno-xl-soft-mul -mxl-barrel-shift -mxl-pattern-compare" "EXTRA_COMPI
TRACE::2024-10-24.02:05:57::SCWMssOS::LER_FLAGS=-g -ffunction-sections -fdata-sections -Wall -Wextra -fno-tree-loop-distribute-patterns"

TRACE::2024-10-24.02:05:57::SCWMssOS::"Running Make libs in microblaze_0/libsrc/gpio_v4_9/src"

TRACE::2024-10-24.02:05:57::SCWMssOS::make -C microblaze_0/libsrc/gpio_v4_9/src -s libs  "SHELL=CMD" "COMPILER=mb-gcc" "ASSEMBLER=mb-as" "ARCHIVER=mb-ar" "COMPILER_F
TRACE::2024-10-24.02:05:57::SCWMssOS::LAGS=  -O2 -c -mcpu=v11.0 -mlittle-endian -mno-xl-reorder -mno-xl-soft-mul -mxl-barrel-shift -mxl-pattern-compare" "EXTRA_COMPI
TRACE::2024-10-24.02:05:57::SCWMssOS::LER_FLAGS=-g -ffunction-sections -fdata-sections -Wall -Wextra -fno-tree-loop-distribute-patterns"

TRACE::2024-10-24.02:05:57::SCWMssOS::"Running Make libs in microblaze_0/libsrc/intc_v3_15/src"

TRACE::2024-10-24.02:05:57::SCWMssOS::make -C microblaze_0/libsrc/intc_v3_15/src -s libs  "SHELL=CMD" "COMPILER=mb-gcc" "ASSEMBLER=mb-as" "ARCHIVER=mb-ar" "COMPILER_
TRACE::2024-10-24.02:05:57::SCWMssOS::FLAGS=  -O2 -c -mcpu=v11.0 -mlittle-endian -mno-xl-reorder -mno-xl-soft-mul -mxl-barrel-shift -mxl-pattern-compare" "EXTRA_COMP
TRACE::2024-10-24.02:05:57::SCWMssOS::ILER_FLAGS=-g -ffunction-sections -fdata-sections -Wall -Wextra -fno-tree-loop-distribute-patterns"

TRACE::2024-10-24.02:05:57::SCWMssOS::"Running Make libs in microblaze_0/libsrc/spi_v4_9/src"

TRACE::2024-10-24.02:05:57::SCWMssOS::make -C microblaze_0/libsrc/spi_v4_9/src -s libs  "SHELL=CMD" "COMPILER=mb-gcc" "ASSEMBLER=mb-as" "ARCHIVER=mb-ar" "COMPILER_FL
TRACE::2024-10-24.02:05:57::SCWMssOS::AGS=  -O2 -c -mcpu=v11.0 -mlittle-endian -mno-xl-reorder -mno-xl-soft-mul -mxl-barrel-shift -mxl-pattern-compare" "EXTRA_COMPIL
TRACE::2024-10-24.02:05:57::SCWMssOS::ER_FLAGS=-g -ffunction-sections -fdata-sections -Wall -Wextra -fno-tree-loop-distribute-patterns"

TRACE::2024-10-24.02:05:57::SCWMssOS::"Running Make libs in microblaze_0/libsrc/standalone_v8_0/src"

TRACE::2024-10-24.02:05:57::SCWMssOS::make -C microblaze_0/libsrc/standalone_v8_0/src -s libs  "SHELL=CMD" "COMPILER=mb-gcc" "ASSEMBLER=mb-as" "ARCHIVER=mb-ar" "COMP
TRACE::2024-10-24.02:05:57::SCWMssOS::ILER_FLAGS=  -O2 -c -mcpu=v11.0 -mlittle-endian -mno-xl-reorder -mno-xl-soft-mul -mxl-barrel-shift -mxl-pattern-compare" "EXTRA
TRACE::2024-10-24.02:05:57::SCWMssOS::_COMPILER_FLAGS=-g -ffunction-sections -fdata-sections -Wall -Wextra -fno-tree-loop-distribute-patterns"

TRACE::2024-10-24.02:05:57::SCWMssOS::"Running Make libs in microblaze_0/libsrc/tmrctr_v4_9/src"

TRACE::2024-10-24.02:05:57::SCWMssOS::make -C microblaze_0/libsrc/tmrctr_v4_9/src -s libs  "SHELL=CMD" "COMPILER=mb-gcc" "ASSEMBLER=mb-as" "ARCHIVER=mb-ar" "COMPILER
TRACE::2024-10-24.02:05:57::SCWMssOS::_FLAGS=  -O2 -c -mcpu=v11.0 -mlittle-endian -mno-xl-reorder -mno-xl-soft-mul -mxl-barrel-shift -mxl-pattern-compare" "EXTRA_COM
TRACE::2024-10-24.02:05:57::SCWMssOS::PILER_FLAGS=-g -ffunction-sections -fdata-sections -Wall -Wextra -fno-tree-loop-distribute-patterns"

TRACE::2024-10-24.02:05:58::SCWMssOS::"Running Make libs in microblaze_0/libsrc/uartlite_v3_7/src"

TRACE::2024-10-24.02:05:58::SCWMssOS::make -C microblaze_0/libsrc/uartlite_v3_7/src -s libs  "SHELL=CMD" "COMPILER=mb-gcc" "ASSEMBLER=mb-as" "ARCHIVER=mb-ar" "COMPIL
TRACE::2024-10-24.02:05:58::SCWMssOS::ER_FLAGS=  -O2 -c -mcpu=v11.0 -mlittle-endian -mno-xl-reorder -mno-xl-soft-mul -mxl-barrel-shift -mxl-pattern-compare" "EXTRA_C
TRACE::2024-10-24.02:05:58::SCWMssOS::OMPILER_FLAGS=-g -ffunction-sections -fdata-sections -Wall -Wextra -fno-tree-loop-distribute-patterns"

TRACE::2024-10-24.02:06:00::SCWMssOS::"DEBUG NON_LTO_OBJECTS is ../../../lib/microblaze_interrupt_handler.o"

TRACE::2024-10-24.02:06:00::SCWMssOS::'Finished building libraries parallelly.'

TRACE::2024-10-24.02:06:00::SCWMssOS::make --no-print-directory archive

TRACE::2024-10-24.02:06:00::SCWMssOS::mb-ar -r  microblaze_0/lib/libxil.a microblaze_0/lib/_exit.o microblaze_0/lib/errno.o microblaze_0/lib/fcntl.o microblaze_0/lib
TRACE::2024-10-24.02:06:00::SCWMssOS::/hw_exception_handler.o microblaze_0/lib/inbyte.o microblaze_0/lib/microblaze_disable_dcache.o microblaze_0/lib/microblaze_disa
TRACE::2024-10-24.02:06:00::SCWMssOS::ble_exceptions.o microblaze_0/lib/microblaze_disable_icache.o microblaze_0/lib/microblaze_disable_interrupts.o microblaze_0/lib
TRACE::2024-10-24.02:06:00::SCWMssOS::/microblaze_enable_dcache.o microblaze_0/lib/microblaze_enable_exceptions.o microblaze_0/lib/microblaze_enable_icache.o microbl
TRACE::2024-10-24.02:06:00::SCWMssOS::aze_0/lib/microblaze_enable_interrupts.o microblaze_0/lib/microblaze_exception_handler.o microblaze_0/lib/microblaze_flush_cach
TRACE::2024-10-24.02:06:00::SCWMssOS::e_ext.o microblaze_0/lib/microblaze_flush_cache_ext_range.o microblaze_0/lib/microblaze_flush_dcache.o microblaze_0/lib/microbl
TRACE::2024-10-24.02:06:00::SCWMssOS::aze_flush_dcache_range.o microblaze_0/lib/microblaze_init_dcache_range.o microblaze_0/lib/microblaze_init_icache_range.o microb
TRACE::2024-10-24.02:06:00::SCWMssOS::laze_0/lib/microblaze_interrupt_handler.o microblaze_0/lib/microblaze_interrupts_g.o microblaze_0/lib/microblaze_invalidate_cac
TRACE::2024-10-24.02:06:00::SCWMssOS::he_ext.o microblaze_0/lib/microblaze_invalidate_cache_ext_range.o microblaze_0/lib/microblaze_invalidate_dcache.o microblaze_0/
TRACE::2024-10-24.02:06:00::SCWMssOS::lib/microblaze_invalidate_dcache_range.o microblaze_0/lib/microblaze_invalidate_icache.o microblaze_0/lib/microblaze_invalidate
TRACE::2024-10-24.02:06:00::SCWMssOS::_icache_range.o microblaze_0/lib/microblaze_scrub.o microblaze_0/lib/microblaze_selftest.o microblaze_0/lib/microblaze_sleep.o 
TRACE::2024-10-24.02:06:00::SCWMssOS::microblaze_0/lib/microblaze_update_dcache.o microblaze_0/lib/microblaze_update_icache.o microblaze_0/lib/outbyte.o microblaze_0
TRACE::2024-10-24.02:06:00::SCWMssOS::/lib/print.o microblaze_0/lib/pvr.o microblaze_0/lib/xbram.o microblaze_0/lib/xbram_g.o microblaze_0/lib/xbram_intr.o microblaz
TRACE::2024-10-24.02:06:00::SCWMssOS::e_0/lib/xbram_selftest.o microblaze_0/lib/xbram_sinit.o microblaze_0/lib/xgpio.o microblaze_0/lib/xgpio_extra.o microblaze_0/li
TRACE::2024-10-24.02:06:00::SCWMssOS::b/xgpio_g.o microblaze_0/lib/xgpio_intr.o microblaze_0/lib/xgpio_selftest.o microblaze_0/lib/xgpio_sinit.o microblaze_0/lib/xil
TRACE::2024-10-24.02:06:00::SCWMssOS::_assert.o microblaze_0/lib/xil_cache.o microblaze_0/lib/xil_clocking.o microblaze_0/lib/xil_exception.o microblaze_0/lib/xil_me
TRACE::2024-10-24.02:06:00::SCWMssOS::m.o microblaze_0/lib/xil_misc_psreset_api.o microblaze_0/lib/xil_printf.o microblaze_0/lib/xil_sleepcommon.o microblaze_0/lib/x
TRACE::2024-10-24.02:06:00::SCWMssOS::il_testcache.o microblaze_0/lib/xil_testio.o microblaze_0/lib/xil_testmem.o microblaze_0/lib/xil_util.o microblaze_0/lib/xintc.
TRACE::2024-10-24.02:06:00::SCWMssOS::o microblaze_0/lib/xintc_g.o microblaze_0/lib/xintc_intr.o microblaze_0/lib/xintc_l.o microblaze_0/lib/xintc_options.o microbla
TRACE::2024-10-24.02:06:00::SCWMssOS::ze_0/lib/xintc_selftest.o microblaze_0/lib/xinterrupt_wrap.o microblaze_0/lib/xio.o microblaze_0/lib/xplatform_info.o microblaz
TRACE::2024-10-24.02:06:00::SCWMssOS::e_0/lib/xspi.o microblaze_0/lib/xspi_g.o microblaze_0/lib/xspi_options.o microblaze_0/lib/xspi_selftest.o microblaze_0/lib/xspi
TRACE::2024-10-24.02:06:00::SCWMssOS::_sinit.o microblaze_0/lib/xspi_stats.o microblaze_0/lib/xtmrctr.o microblaze_0/lib/xtmrctr_g.o microblaze_0/lib/xtmrctr_intr.o 
TRACE::2024-10-24.02:06:00::SCWMssOS::microblaze_0/lib/xtmrctr_l.o microblaze_0/lib/xtmrctr_options.o microblaze_0/lib/xtmrctr_selftest.o microblaze_0/lib/xtmrctr_si
TRACE::2024-10-24.02:06:00::SCWMssOS::nit.o microblaze_0/lib/xtmrctr_stats.o microblaze_0/lib/xuartlite.o microblaze_0/lib/xuartlite_g.o microblaze_0/lib/xuartlite_i
TRACE::2024-10-24.02:06:00::SCWMssOS::ntr.o microblaze_0/lib/xuartlite_l.o microblaze_0/lib/xuartlite_selftest.o microblaze_0/lib/xuartlite_sinit.o microblaze_0/lib/
TRACE::2024-10-24.02:06:00::SCWMssOS::xuartlite_stats.o

TRACE::2024-10-24.02:06:00::SCWMssOS::'Finished building libraries'

TRACE::2024-10-24.02:06:00::SCWMssOS::Copying to export directory.
TRACE::2024-10-24.02:06:00::SCWMssOS:: Checking if to create the Supporting Applications
TRACE::2024-10-24.02:06:00::SCWMssOS:: No Linux domain exists, trying to generate FSBL 
LOG::2024-10-24.02:06:00::SCWSystem::Completed Processing the domain standalone_microblaze_0
LOG::2024-10-24.02:06:00::SCWSystem::Completed Processing the sysconfig mb_usb_hdmi_top
LOG::2024-10-24.02:06:00::SCWPlatform::Completed generating the artifacts for system configuration mb_usb_hdmi_top
TRACE::2024-10-24.02:06:00::SCWPlatform::Started preparing the platform 
TRACE::2024-10-24.02:06:00::SCWSystem::Writing the bif file for system config mb_usb_hdmi_top
TRACE::2024-10-24.02:06:00::SCWSystem::dir created 
TRACE::2024-10-24.02:06:00::SCWSystem::Writing the bif 
TRACE::2024-10-24.02:06:00::SCWPlatform::Started writing the spfm file 
TRACE::2024-10-24.02:06:00::SCWPlatform::Started writing the xpfm file 
TRACE::2024-10-24.02:06:00::SCWPlatform::Completed generating the platform
TRACE::2024-10-24.02:06:00::SCWMssOS::Saving the mss changes C:/Users/realk/Desktop/labb6/reallab6part2_sdk/mb_usb_hdmi_top/microblaze_0/standalone_microblaze_0/bsp/system.mss
TRACE::2024-10-24.02:06:00::SCWMssOS::Found a swdesign opened with the mssfile.
TRACE::2024-10-24.02:06:00::SCWMssOS::Completed writemss as part of save.
TRACE::2024-10-24.02:06:00::SCWMssOS::Commit changes completed.
TRACE::2024-10-24.02:06:00::SCWPlatform::Trying to open the hw design at C:/Users/realk/Desktop/labb6/reallab6part2_sdk/mb_usb_hdmi_top/hw/mb_usb_hdmi_top.xsa
TRACE::2024-10-24.02:06:00::SCWPlatform::DSA given C:/Users/realk/Desktop/labb6/reallab6part2_sdk/mb_usb_hdmi_top/hw/mb_usb_hdmi_top.xsa
TRACE::2024-10-24.02:06:00::SCWPlatform::DSA absoulate path C:/Users/realk/Desktop/labb6/reallab6part2_sdk/mb_usb_hdmi_top/hw/mb_usb_hdmi_top.xsa
TRACE::2024-10-24.02:06:00::SCWPlatform::DSA directory C:/Users/realk/Desktop/labb6/reallab6part2_sdk/mb_usb_hdmi_top/hw
TRACE::2024-10-24.02:06:00::SCWPlatform:: Platform Path C:/Users/realk/Desktop/labb6/reallab6part2_sdk/mb_usb_hdmi_top/hw/mb_usb_hdmi_top.xsa
TRACE::2024-10-24.02:06:00::SCWPlatform:: Unique name xilinx:::0.0
TRACE::2024-10-24.02:06:00::SCWPlatform::Trying to set the existing hwdb with name mb_usb_hdmi_top_0
TRACE::2024-10-24.02:06:00::SCWPlatform::Opened existing hwdb mb_usb_hdmi_top_0
TRACE::2024-10-24.02:06:00::SCWPlatform::Found the Hw Db part of the input DSA
TRACE::2024-10-24.02:06:00::SCWMssOS::Checking the sw design at  C:/Users/realk/Desktop/labb6/reallab6part2_sdk/mb_usb_hdmi_top/microblaze_0/standalone_microblaze_0/bsp/system.mss
TRACE::2024-10-24.02:06:00::SCWMssOS::DEBUG:  swdes dump  C:/Users/realk/Desktop/labb6/reallab6part2_sdk/mb_usb_hdmi_top/microblaze_0/standalone_microblaze_0/bsp/system.mss|system||

TRACE::2024-10-24.02:06:00::SCWMssOS::Sw design exists and opened at  C:/Users/realk/Desktop/labb6/reallab6part2_sdk/mb_usb_hdmi_top/microblaze_0/standalone_microblaze_0/bsp/system.mss
TRACE::2024-10-24.02:06:00::SCWPlatform::Trying to open the hw design at C:/Users/realk/Desktop/labb6/reallab6part2_sdk/mb_usb_hdmi_top/hw/mb_usb_hdmi_top.xsa
TRACE::2024-10-24.02:06:00::SCWPlatform::DSA given C:/Users/realk/Desktop/labb6/reallab6part2_sdk/mb_usb_hdmi_top/hw/mb_usb_hdmi_top.xsa
TRACE::2024-10-24.02:06:00::SCWPlatform::DSA absoulate path C:/Users/realk/Desktop/labb6/reallab6part2_sdk/mb_usb_hdmi_top/hw/mb_usb_hdmi_top.xsa
TRACE::2024-10-24.02:06:00::SCWPlatform::DSA directory C:/Users/realk/Desktop/labb6/reallab6part2_sdk/mb_usb_hdmi_top/hw
TRACE::2024-10-24.02:06:00::SCWPlatform:: Platform Path C:/Users/realk/Desktop/labb6/reallab6part2_sdk/mb_usb_hdmi_top/hw/mb_usb_hdmi_top.xsa
TRACE::2024-10-24.02:06:00::SCWPlatform:: Unique name xilinx:::0.0
TRACE::2024-10-24.02:06:00::SCWPlatform::Trying to set the existing hwdb with name mb_usb_hdmi_top_0
TRACE::2024-10-24.02:06:00::SCWPlatform::Opened existing hwdb mb_usb_hdmi_top_0
TRACE::2024-10-24.02:06:00::SCWPlatform::Found the Hw Db part of the input DSA
TRACE::2024-10-24.02:06:00::SCWMssOS::Checking the sw design at  C:/Users/realk/Desktop/labb6/reallab6part2_sdk/mb_usb_hdmi_top/microblaze_0/standalone_microblaze_0/bsp/system.mss
TRACE::2024-10-24.02:06:00::SCWMssOS::DEBUG:  swdes dump  C:/Users/realk/Desktop/labb6/reallab6part2_sdk/mb_usb_hdmi_top/microblaze_0/standalone_microblaze_0/bsp/system.mss|system||

TRACE::2024-10-24.02:06:00::SCWMssOS::Sw design exists and opened at  C:/Users/realk/Desktop/labb6/reallab6part2_sdk/mb_usb_hdmi_top/microblaze_0/standalone_microblaze_0/bsp/system.mss
TRACE::2024-10-24.02:06:00::SCWPlatform::Trying to open the hw design at C:/Users/realk/Desktop/labb6/reallab6part2_sdk/mb_usb_hdmi_top/hw/mb_usb_hdmi_top.xsa
TRACE::2024-10-24.02:06:00::SCWPlatform::DSA given C:/Users/realk/Desktop/labb6/reallab6part2_sdk/mb_usb_hdmi_top/hw/mb_usb_hdmi_top.xsa
TRACE::2024-10-24.02:06:00::SCWPlatform::DSA absoulate path C:/Users/realk/Desktop/labb6/reallab6part2_sdk/mb_usb_hdmi_top/hw/mb_usb_hdmi_top.xsa
TRACE::2024-10-24.02:06:00::SCWPlatform::DSA directory C:/Users/realk/Desktop/labb6/reallab6part2_sdk/mb_usb_hdmi_top/hw
TRACE::2024-10-24.02:06:00::SCWPlatform:: Platform Path C:/Users/realk/Desktop/labb6/reallab6part2_sdk/mb_usb_hdmi_top/hw/mb_usb_hdmi_top.xsa
TRACE::2024-10-24.02:06:00::SCWPlatform:: Unique name xilinx:::0.0
TRACE::2024-10-24.02:06:00::SCWPlatform::Trying to set the existing hwdb with name mb_usb_hdmi_top_0
TRACE::2024-10-24.02:06:00::SCWPlatform::Opened existing hwdb mb_usb_hdmi_top_0
TRACE::2024-10-24.02:06:00::SCWPlatform::Found the Hw Db part of the input DSA
TRACE::2024-10-24.02:06:00::SCWMssOS::Checking the sw design at  C:/Users/realk/Desktop/labb6/reallab6part2_sdk/mb_usb_hdmi_top/microblaze_0/standalone_microblaze_0/bsp/system.mss
TRACE::2024-10-24.02:06:00::SCWMssOS::DEBUG:  swdes dump  C:/Users/realk/Desktop/labb6/reallab6part2_sdk/mb_usb_hdmi_top/microblaze_0/standalone_microblaze_0/bsp/system.mss|system||

TRACE::2024-10-24.02:06:00::SCWMssOS::Sw design exists and opened at  C:/Users/realk/Desktop/labb6/reallab6part2_sdk/mb_usb_hdmi_top/microblaze_0/standalone_microblaze_0/bsp/system.mss
TRACE::2024-10-24.02:06:00::SCWWriter::formatted JSON is {
	"platformName":	"mb_usb_hdmi_top",
	"sprVersion":	"2.0",
	"mode":	"gui",
	"dsaType":	"Fixed",
	"platformDesc":	"mb_usb_hdmi_top",
	"platHandOff":	"C:/Users/realk/Desktop/labb6/mb_usb_hdmi_top.xsa",
	"platIntHandOff":	"<platformDir>/hw/mb_usb_hdmi_top.xsa",
	"deviceType":	"FPGA",
	"platIsPrebuiltAutogen":	"false",
	"platIsNoBootBsp":	"false",
	"hasFsblMakeHasChanges":	"false",
	"hasPmufwMakeHasChanges":	"false",
	"platPreBuiltFlag":	false,
	"platformSamplesDir":	"",
	"platActiveSys":	"mb_usb_hdmi_top",
	"systems":	[{
			"systemName":	"mb_usb_hdmi_top",
			"systemDesc":	"mb_usb_hdmi_top",
			"sysIsBootAutoGen":	"true",
			"systemDispName":	"mb_usb_hdmi_top",
			"sysActiveDom":	"standalone_microblaze_0",
			"sysDefaultDom":	"standalone_microblaze_0",
			"domains":	[{
					"domainName":	"standalone_microblaze_0",
					"domainDispName":	"standalone_microblaze_0",
					"domainDesc":	"standalone_microblaze_0",
					"processors":	"microblaze_0",
					"os":	"standalone",
					"sdxOs":	"standalone",
					"debugEnable":	"False",
					"domRuntimes":	["cpp"],
					"swRepo":	"",
					"mssOsVer":	"8.0",
					"mssFile":	"",
					"md5Digest":	"304529987e879521ca977c68d163f362",
					"compatibleApp":	"hello_world",
					"domType":	"mssDomain",
					"arch":	"32-bit",
					"appSettings":	{
						"appCompilerFlags":	"",
						"appLinkerFlags":	""
					},
					"addedLibs":	[],
					"libOptions":	{
						"libsContainingOptions":	[]
					},
					"prebuiltLibs":	{
						"prebuiltIncPath":	[],
						"prebuiltLibPath":	[]
					},
					"isolation":	{
					}
				}]
		}]
}
KEYINFO::2024-10-24.02:06:00::SCWPlatform::updated the xpfm file.
TRACE::2024-10-24.02:06:01::SCWPlatform::Trying to open the hw design at C:/Users/realk/Desktop/labb6/reallab6part2_sdk/mb_usb_hdmi_top/hw/mb_usb_hdmi_top.xsa
TRACE::2024-10-24.02:06:01::SCWPlatform::DSA given C:/Users/realk/Desktop/labb6/reallab6part2_sdk/mb_usb_hdmi_top/hw/mb_usb_hdmi_top.xsa
TRACE::2024-10-24.02:06:01::SCWPlatform::DSA absoulate path C:/Users/realk/Desktop/labb6/reallab6part2_sdk/mb_usb_hdmi_top/hw/mb_usb_hdmi_top.xsa
TRACE::2024-10-24.02:06:01::SCWPlatform::DSA directory C:/Users/realk/Desktop/labb6/reallab6part2_sdk/mb_usb_hdmi_top/hw
TRACE::2024-10-24.02:06:01::SCWPlatform:: Platform Path C:/Users/realk/Desktop/labb6/reallab6part2_sdk/mb_usb_hdmi_top/hw/mb_usb_hdmi_top.xsa
TRACE::2024-10-24.02:06:01::SCWPlatform:: Unique name xilinx:::0.0
TRACE::2024-10-24.02:06:01::SCWPlatform::Trying to set the existing hwdb with name mb_usb_hdmi_top_0
TRACE::2024-10-24.02:06:01::SCWPlatform::Opened existing hwdb mb_usb_hdmi_top_0
TRACE::2024-10-24.02:06:01::SCWPlatform::Found the Hw Db part of the input DSA
TRACE::2024-10-24.02:06:01::SCWMssOS::Checking the sw design at  C:/Users/realk/Desktop/labb6/reallab6part2_sdk/mb_usb_hdmi_top/microblaze_0/standalone_microblaze_0/bsp/system.mss
TRACE::2024-10-24.02:06:01::SCWMssOS::DEBUG:  swdes dump  C:/Users/realk/Desktop/labb6/reallab6part2_sdk/mb_usb_hdmi_top/microblaze_0/standalone_microblaze_0/bsp/system.mss|system||

TRACE::2024-10-24.02:06:01::SCWMssOS::Sw design exists and opened at  C:/Users/realk/Desktop/labb6/reallab6part2_sdk/mb_usb_hdmi_top/microblaze_0/standalone_microblaze_0/bsp/system.mss
TRACE::2024-10-24.20:19:39::SCWPlatform::Trying to open the hw design at C:/Users/realk/Desktop/labb6/reallab6part2_sdk/mb_usb_hdmi_top/hw/mb_usb_hdmi_top.xsa
TRACE::2024-10-24.20:19:39::SCWPlatform::DSA given C:/Users/realk/Desktop/labb6/reallab6part2_sdk/mb_usb_hdmi_top/hw/mb_usb_hdmi_top.xsa
TRACE::2024-10-24.20:19:39::SCWPlatform::DSA absoulate path C:/Users/realk/Desktop/labb6/reallab6part2_sdk/mb_usb_hdmi_top/hw/mb_usb_hdmi_top.xsa
TRACE::2024-10-24.20:19:39::SCWPlatform::DSA directory C:/Users/realk/Desktop/labb6/reallab6part2_sdk/mb_usb_hdmi_top/hw
TRACE::2024-10-24.20:19:39::SCWPlatform:: Platform Path C:/Users/realk/Desktop/labb6/reallab6part2_sdk/mb_usb_hdmi_top/hw/mb_usb_hdmi_top.xsa
TRACE::2024-10-24.20:19:39::SCWPlatform:: Unique name xilinx:::0.0
TRACE::2024-10-24.20:19:39::SCWPlatform::Do not have an existing db opened. 
TRACE::2024-10-24.20:19:40::SCWPlatform::Opened new HwDB with name mb_usb_hdmi_top_18
TRACE::2024-10-24.20:19:40::SCWReader::Active system found as  mb_usb_hdmi_top
TRACE::2024-10-24.20:19:40::SCWReader::Handling sysconfig mb_usb_hdmi_top
TRACE::2024-10-24.20:19:40::SCWDomain::checking for install qemu data   : 
TRACE::2024-10-24.20:19:40::SCWPlatform::Trying to open the hw design at C:/Users/realk/Desktop/labb6/reallab6part2_sdk/mb_usb_hdmi_top/hw/mb_usb_hdmi_top.xsa
TRACE::2024-10-24.20:19:40::SCWPlatform::DSA given C:/Users/realk/Desktop/labb6/reallab6part2_sdk/mb_usb_hdmi_top/hw/mb_usb_hdmi_top.xsa
TRACE::2024-10-24.20:19:40::SCWPlatform::DSA absoulate path C:/Users/realk/Desktop/labb6/reallab6part2_sdk/mb_usb_hdmi_top/hw/mb_usb_hdmi_top.xsa
TRACE::2024-10-24.20:19:40::SCWPlatform::DSA directory C:/Users/realk/Desktop/labb6/reallab6part2_sdk/mb_usb_hdmi_top/hw
TRACE::2024-10-24.20:19:40::SCWPlatform:: Platform Path C:/Users/realk/Desktop/labb6/reallab6part2_sdk/mb_usb_hdmi_top/hw/mb_usb_hdmi_top.xsa
TRACE::2024-10-24.20:19:40::SCWPlatform:: Unique name xilinx:::0.0
TRACE::2024-10-24.20:19:40::SCWPlatform::Trying to set the existing hwdb with name mb_usb_hdmi_top_18
TRACE::2024-10-24.20:19:40::SCWPlatform::Opened existing hwdb mb_usb_hdmi_top_18
TRACE::2024-10-24.20:19:40::SCWPlatform::Found the Hw Db part of the input DSA
TRACE::2024-10-24.20:19:40::SCWPlatform::Trying to open the hw design at C:/Users/realk/Desktop/labb6/reallab6part2_sdk/mb_usb_hdmi_top/hw/mb_usb_hdmi_top.xsa
TRACE::2024-10-24.20:19:40::SCWPlatform::DSA given C:/Users/realk/Desktop/labb6/reallab6part2_sdk/mb_usb_hdmi_top/hw/mb_usb_hdmi_top.xsa
TRACE::2024-10-24.20:19:40::SCWPlatform::DSA absoulate path C:/Users/realk/Desktop/labb6/reallab6part2_sdk/mb_usb_hdmi_top/hw/mb_usb_hdmi_top.xsa
TRACE::2024-10-24.20:19:40::SCWPlatform::DSA directory C:/Users/realk/Desktop/labb6/reallab6part2_sdk/mb_usb_hdmi_top/hw
TRACE::2024-10-24.20:19:40::SCWPlatform:: Platform Path C:/Users/realk/Desktop/labb6/reallab6part2_sdk/mb_usb_hdmi_top/hw/mb_usb_hdmi_top.xsa
TRACE::2024-10-24.20:19:40::SCWPlatform:: Unique name xilinx:::0.0
TRACE::2024-10-24.20:19:40::SCWPlatform::Trying to set the existing hwdb with name mb_usb_hdmi_top_18
TRACE::2024-10-24.20:19:40::SCWPlatform::Opened existing hwdb mb_usb_hdmi_top_18
TRACE::2024-10-24.20:19:40::SCWPlatform::Found the Hw Db part of the input DSA
TRACE::2024-10-24.20:19:40::SCWPlatform::Trying to open the hw design at C:/Users/realk/Desktop/labb6/reallab6part2_sdk/mb_usb_hdmi_top/hw/mb_usb_hdmi_top.xsa
TRACE::2024-10-24.20:19:40::SCWPlatform::DSA given C:/Users/realk/Desktop/labb6/reallab6part2_sdk/mb_usb_hdmi_top/hw/mb_usb_hdmi_top.xsa
TRACE::2024-10-24.20:19:40::SCWPlatform::DSA absoulate path C:/Users/realk/Desktop/labb6/reallab6part2_sdk/mb_usb_hdmi_top/hw/mb_usb_hdmi_top.xsa
TRACE::2024-10-24.20:19:40::SCWPlatform::DSA directory C:/Users/realk/Desktop/labb6/reallab6part2_sdk/mb_usb_hdmi_top/hw
TRACE::2024-10-24.20:19:40::SCWPlatform:: Platform Path C:/Users/realk/Desktop/labb6/reallab6part2_sdk/mb_usb_hdmi_top/hw/mb_usb_hdmi_top.xsa
TRACE::2024-10-24.20:19:40::SCWPlatform:: Unique name xilinx:::0.0
TRACE::2024-10-24.20:19:40::SCWPlatform::Trying to set the existing hwdb with name mb_usb_hdmi_top_18
TRACE::2024-10-24.20:19:40::SCWPlatform::Opened existing hwdb mb_usb_hdmi_top_18
TRACE::2024-10-24.20:19:40::SCWPlatform::Found the Hw Db part of the input DSA
TRACE::2024-10-24.20:19:40::SCWPlatform::Trying to open the hw design at C:/Users/realk/Desktop/labb6/reallab6part2_sdk/mb_usb_hdmi_top/hw/mb_usb_hdmi_top.xsa
TRACE::2024-10-24.20:19:40::SCWPlatform::DSA given C:/Users/realk/Desktop/labb6/reallab6part2_sdk/mb_usb_hdmi_top/hw/mb_usb_hdmi_top.xsa
TRACE::2024-10-24.20:19:40::SCWPlatform::DSA absoulate path C:/Users/realk/Desktop/labb6/reallab6part2_sdk/mb_usb_hdmi_top/hw/mb_usb_hdmi_top.xsa
TRACE::2024-10-24.20:19:40::SCWPlatform::DSA directory C:/Users/realk/Desktop/labb6/reallab6part2_sdk/mb_usb_hdmi_top/hw
TRACE::2024-10-24.20:19:40::SCWPlatform:: Platform Path C:/Users/realk/Desktop/labb6/reallab6part2_sdk/mb_usb_hdmi_top/hw/mb_usb_hdmi_top.xsa
TRACE::2024-10-24.20:19:40::SCWPlatform:: Unique name xilinx:::0.0
TRACE::2024-10-24.20:19:40::SCWPlatform::Trying to set the existing hwdb with name mb_usb_hdmi_top_18
TRACE::2024-10-24.20:19:40::SCWPlatform::Opened existing hwdb mb_usb_hdmi_top_18
TRACE::2024-10-24.20:19:40::SCWPlatform::Found the Hw Db part of the input DSA
TRACE::2024-10-24.20:19:40::SCWMssOS::Checking the sw design at  C:/Users/realk/Desktop/labb6/reallab6part2_sdk/mb_usb_hdmi_top/microblaze_0/standalone_microblaze_0/bsp/system.mss
TRACE::2024-10-24.20:19:40::SCWMssOS::DEBUG:  swdes dump  
TRACE::2024-10-24.20:19:40::SCWMssOS::No sw design opened at  C:/Users/realk/Desktop/labb6/reallab6part2_sdk/mb_usb_hdmi_top/microblaze_0/standalone_microblaze_0/bsp/system.mss
TRACE::2024-10-24.20:19:40::SCWMssOS::mss exists loading the mss file  C:/Users/realk/Desktop/labb6/reallab6part2_sdk/mb_usb_hdmi_top/microblaze_0/standalone_microblaze_0/bsp/system.mss
TRACE::2024-10-24.20:19:40::SCWMssOS::Opened the sw design from mss  C:/Users/realk/Desktop/labb6/reallab6part2_sdk/mb_usb_hdmi_top/microblaze_0/standalone_microblaze_0/bsp/system.mss
TRACE::2024-10-24.20:19:40::SCWMssOS::Adding the swdes entry C:/Users/realk/Desktop/labb6/reallab6part2_sdk/mb_usb_hdmi_top/microblaze_0/standalone_microblaze_0/bsp/system.mss with des name system
TRACE::2024-10-24.20:19:40::SCWMssOS::updating the scw layer about changes
TRACE::2024-10-24.20:19:40::SCWMssOS::Opened the sw design.  C:/Users/realk/Desktop/labb6/reallab6part2_sdk/mb_usb_hdmi_top/microblaze_0/standalone_microblaze_0/bsp/system.mss
TRACE::2024-10-24.20:19:40::SCWMssOS::Saving the mss changes C:/Users/realk/Desktop/labb6/reallab6part2_sdk/mb_usb_hdmi_top/microblaze_0/standalone_microblaze_0/bsp/system.mss
TRACE::2024-10-24.20:19:40::SCWMssOS::Found a swdesign opened with the mssfile.
TRACE::2024-10-24.20:19:40::SCWMssOS::Completed writemss as part of save.
TRACE::2024-10-24.20:19:40::SCWMssOS::Commit changes completed.
TRACE::2024-10-24.20:19:40::SCWReader::Adding prebuilt librarypaths as   
TRACE::2024-10-24.20:19:40::SCWReader::Adding prebuilt incpaths  as   
TRACE::2024-10-24.20:19:40::SCWPlatform::Trying to open the hw design at C:/Users/realk/Desktop/labb6/reallab6part2_sdk/mb_usb_hdmi_top/hw/mb_usb_hdmi_top.xsa
TRACE::2024-10-24.20:19:40::SCWPlatform::DSA given C:/Users/realk/Desktop/labb6/reallab6part2_sdk/mb_usb_hdmi_top/hw/mb_usb_hdmi_top.xsa
TRACE::2024-10-24.20:19:40::SCWPlatform::DSA absoulate path C:/Users/realk/Desktop/labb6/reallab6part2_sdk/mb_usb_hdmi_top/hw/mb_usb_hdmi_top.xsa
TRACE::2024-10-24.20:19:40::SCWPlatform::DSA directory C:/Users/realk/Desktop/labb6/reallab6part2_sdk/mb_usb_hdmi_top/hw
TRACE::2024-10-24.20:19:40::SCWPlatform:: Platform Path C:/Users/realk/Desktop/labb6/reallab6part2_sdk/mb_usb_hdmi_top/hw/mb_usb_hdmi_top.xsa
TRACE::2024-10-24.20:19:40::SCWPlatform:: Unique name xilinx:::0.0
TRACE::2024-10-24.20:19:40::SCWPlatform::Trying to set the existing hwdb with name mb_usb_hdmi_top_18
TRACE::2024-10-24.20:19:40::SCWPlatform::Opened existing hwdb mb_usb_hdmi_top_18
TRACE::2024-10-24.20:19:40::SCWPlatform::Found the Hw Db part of the input DSA
TRACE::2024-10-24.20:19:40::SCWMssOS::Checking the sw design at  C:/Users/realk/Desktop/labb6/reallab6part2_sdk/mb_usb_hdmi_top/microblaze_0/standalone_microblaze_0/bsp/system.mss
TRACE::2024-10-24.20:19:40::SCWMssOS::DEBUG:  swdes dump  C:/Users/realk/Desktop/labb6/reallab6part2_sdk/mb_usb_hdmi_top/microblaze_0/standalone_microblaze_0/bsp/system.mss|system||

TRACE::2024-10-24.20:19:40::SCWMssOS::Sw design exists and opened at  C:/Users/realk/Desktop/labb6/reallab6part2_sdk/mb_usb_hdmi_top/microblaze_0/standalone_microblaze_0/bsp/system.mss
TRACE::2024-10-24.20:19:40::SCWReader::No isolation master present  
TRACE::2024-10-24.20:19:42::SCWPlatform::DSA given C:/Users/realk/Desktop/labb6/reallab6part2_sdk/mb_usb_hdmi_top/tempdsa/mb_usb_hdmi_top.xsa
TRACE::2024-10-24.20:19:42::SCWPlatform::DSA absoulate path C:/Users/realk/Desktop/labb6/reallab6part2_sdk/mb_usb_hdmi_top/tempdsa/mb_usb_hdmi_top.xsa
TRACE::2024-10-24.20:19:42::SCWPlatform:: Platform location is C:/Users/realk/Desktop/labb6/reallab6part2_sdk/mb_usb_hdmi_top/tempdsa
TRACE::2024-10-24.20:19:42::SCWPlatform:: Platform Path C:/Users/realk/Desktop/labb6/reallab6part2_sdk/mb_usb_hdmi_top/tempdsa/mb_usb_hdmi_top.xsa
TRACE::2024-10-24.20:19:42::SCWPlatform:: Unique name xilinx:::0.0
TRACE::2024-10-24.20:19:43::SCWPlatform::Found the Hw Db part of the input DSA
TRACE::2024-10-24.20:19:43::SCWMssOS::Doing hw sync for the mss in domain: standalone_microblaze_0
TRACE::2024-10-24.20:19:43::SCWPlatform::Trying to open the hw design at C:/Users/realk/Desktop/labb6/reallab6part2_sdk/mb_usb_hdmi_top/hw/mb_usb_hdmi_top.xsa
TRACE::2024-10-24.20:19:43::SCWPlatform::DSA given C:/Users/realk/Desktop/labb6/reallab6part2_sdk/mb_usb_hdmi_top/hw/mb_usb_hdmi_top.xsa
TRACE::2024-10-24.20:19:43::SCWPlatform::DSA absoulate path C:/Users/realk/Desktop/labb6/reallab6part2_sdk/mb_usb_hdmi_top/hw/mb_usb_hdmi_top.xsa
TRACE::2024-10-24.20:19:43::SCWPlatform::DSA directory C:/Users/realk/Desktop/labb6/reallab6part2_sdk/mb_usb_hdmi_top/hw
TRACE::2024-10-24.20:19:43::SCWPlatform:: Platform Path C:/Users/realk/Desktop/labb6/reallab6part2_sdk/mb_usb_hdmi_top/hw/mb_usb_hdmi_top.xsa
TRACE::2024-10-24.20:19:43::SCWPlatform:: Unique name xilinx:::0.0
TRACE::2024-10-24.20:19:43::SCWPlatform::Trying to set the existing hwdb with name mb_usb_hdmi_top_18
TRACE::2024-10-24.20:19:43::SCWPlatform::Opened existing hwdb mb_usb_hdmi_top_18
TRACE::2024-10-24.20:19:43::SCWPlatform::Found the Hw Db part of the input DSA
TRACE::2024-10-24.20:19:43::SCWPlatform::Trying to open the hw design at C:/Users/realk/Desktop/labb6/reallab6part2_sdk/mb_usb_hdmi_top/hw/mb_usb_hdmi_top.xsa
TRACE::2024-10-24.20:19:43::SCWPlatform::DSA given C:/Users/realk/Desktop/labb6/reallab6part2_sdk/mb_usb_hdmi_top/hw/mb_usb_hdmi_top.xsa
TRACE::2024-10-24.20:19:43::SCWPlatform::DSA absoulate path C:/Users/realk/Desktop/labb6/reallab6part2_sdk/mb_usb_hdmi_top/hw/mb_usb_hdmi_top.xsa
TRACE::2024-10-24.20:19:43::SCWPlatform::DSA directory C:/Users/realk/Desktop/labb6/reallab6part2_sdk/mb_usb_hdmi_top/hw
TRACE::2024-10-24.20:19:43::SCWPlatform:: Platform Path C:/Users/realk/Desktop/labb6/reallab6part2_sdk/mb_usb_hdmi_top/hw/mb_usb_hdmi_top.xsa
TRACE::2024-10-24.20:19:43::SCWPlatform:: Unique name xilinx:::0.0
TRACE::2024-10-24.20:19:43::SCWPlatform::Trying to set the existing hwdb with name mb_usb_hdmi_top_18
TRACE::2024-10-24.20:19:43::SCWPlatform::Opened existing hwdb mb_usb_hdmi_top_18
TRACE::2024-10-24.20:19:43::SCWPlatform::Found the Hw Db part of the input DSA
TRACE::2024-10-24.20:19:43::SCWMssOS::Checking the sw design at  C:/Users/realk/Desktop/labb6/reallab6part2_sdk/mb_usb_hdmi_top/microblaze_0/standalone_microblaze_0/bsp/system.mss
TRACE::2024-10-24.20:19:43::SCWMssOS::DEBUG:  swdes dump  C:/Users/realk/Desktop/labb6/reallab6part2_sdk/mb_usb_hdmi_top/microblaze_0/standalone_microblaze_0/bsp/system.mss|system||

TRACE::2024-10-24.20:19:43::SCWMssOS::Sw design exists and opened at  C:/Users/realk/Desktop/labb6/reallab6part2_sdk/mb_usb_hdmi_top/microblaze_0/standalone_microblaze_0/bsp/system.mss
TRACE::2024-10-24.20:19:43::SCWPlatform::Trying to open the hw design at C:/Users/realk/Desktop/labb6/reallab6part2_sdk/mb_usb_hdmi_top/tempdsa/mb_usb_hdmi_top.xsa
TRACE::2024-10-24.20:19:43::SCWPlatform::DSA given C:/Users/realk/Desktop/labb6/reallab6part2_sdk/mb_usb_hdmi_top/tempdsa/mb_usb_hdmi_top.xsa
TRACE::2024-10-24.20:19:43::SCWPlatform::DSA absoulate path C:/Users/realk/Desktop/labb6/reallab6part2_sdk/mb_usb_hdmi_top/tempdsa/mb_usb_hdmi_top.xsa
TRACE::2024-10-24.20:19:43::SCWPlatform::DSA directory C:/Users/realk/Desktop/labb6/reallab6part2_sdk/mb_usb_hdmi_top/tempdsa
TRACE::2024-10-24.20:19:43::SCWPlatform:: Platform Path C:/Users/realk/Desktop/labb6/reallab6part2_sdk/mb_usb_hdmi_top/tempdsa/mb_usb_hdmi_top.xsa
TRACE::2024-10-24.20:19:43::SCWPlatform:: Unique name xilinx:::0.0
TRACE::2024-10-24.20:19:43::SCWPlatform::update - Opened existing hwdb mb_usb_hdmi_top_19
TRACE::2024-10-24.20:19:43::SCWPlatform::Found the Hw Db part of the input DSA
TRACE::2024-10-24.20:19:43::SCWMssOS::Saving the mss changes C:/Users/realk/Desktop/labb6/reallab6part2_sdk/mb_usb_hdmi_top/microblaze_0/standalone_microblaze_0/bsp/system.mss
TRACE::2024-10-24.20:19:43::SCWMssOS::Found a swdesign opened with the mssfile.
TRACE::2024-10-24.20:19:43::SCWMssOS::Completed writemss as part of save.
TRACE::2024-10-24.20:19:43::SCWMssOS::Commit changes completed.
TRACE::2024-10-24.20:19:43::SCWMssOS::Completed hw sync for the mss in domain: standalone_microblaze_0
TRACE::2024-10-24.20:19:43::SCWMssOS::Removing the swdes entry for  C:/Users/realk/Desktop/labb6/reallab6part2_sdk/mb_usb_hdmi_top/microblaze_0/standalone_microblaze_0/bsp/system.mss
TRACE::2024-10-24.20:19:43::SCWPlatform::Trying to open the hw design at C:/Users/realk/Desktop/labb6/reallab6part2_sdk/mb_usb_hdmi_top/hw/mb_usb_hdmi_top.xsa
TRACE::2024-10-24.20:19:43::SCWPlatform::DSA given C:/Users/realk/Desktop/labb6/reallab6part2_sdk/mb_usb_hdmi_top/hw/mb_usb_hdmi_top.xsa
TRACE::2024-10-24.20:19:43::SCWPlatform::DSA absoulate path C:/Users/realk/Desktop/labb6/reallab6part2_sdk/mb_usb_hdmi_top/hw/mb_usb_hdmi_top.xsa
TRACE::2024-10-24.20:19:43::SCWPlatform::DSA directory C:/Users/realk/Desktop/labb6/reallab6part2_sdk/mb_usb_hdmi_top/hw
TRACE::2024-10-24.20:19:43::SCWPlatform:: Platform Path C:/Users/realk/Desktop/labb6/reallab6part2_sdk/mb_usb_hdmi_top/hw/mb_usb_hdmi_top.xsa
TRACE::2024-10-24.20:19:43::SCWPlatform:: Unique name xilinx:::0.0
TRACE::2024-10-24.20:19:43::SCWPlatform::Do not have an existing db opened. 
TRACE::2024-10-24.20:19:43::SCWPlatform::Opened new HwDB with name mb_usb_hdmi_top_20
TRACE::2024-10-24.20:19:43::SCWMssOS::Saving the mss changes C:/Users/realk/Desktop/labb6/reallab6part2_sdk/mb_usb_hdmi_top/microblaze_0/standalone_microblaze_0/bsp/system.mss
TRACE::2024-10-24.20:19:43::SCWMssOS::Adding the swdes entry, mss present, able to open swdb C:/Users/realk/Desktop/labb6/reallab6part2_sdk/mb_usb_hdmi_top/microblaze_0/standalone_microblaze_0/bsp/system.mss with des name system
TRACE::2024-10-24.20:19:43::SCWMssOS::Writing the mss file completed C:/Users/realk/Desktop/labb6/reallab6part2_sdk/mb_usb_hdmi_top/microblaze_0/standalone_microblaze_0/bsp/system.mss
TRACE::2024-10-24.20:19:43::SCWMssOS::Commit changes completed.
TRACE::2024-10-24.20:19:43::SCWPlatform::Trying to open the hw design at C:/Users/realk/Desktop/labb6/reallab6part2_sdk/mb_usb_hdmi_top/hw/mb_usb_hdmi_top.xsa
TRACE::2024-10-24.20:19:43::SCWPlatform::DSA given C:/Users/realk/Desktop/labb6/reallab6part2_sdk/mb_usb_hdmi_top/hw/mb_usb_hdmi_top.xsa
TRACE::2024-10-24.20:19:43::SCWPlatform::DSA absoulate path C:/Users/realk/Desktop/labb6/reallab6part2_sdk/mb_usb_hdmi_top/hw/mb_usb_hdmi_top.xsa
TRACE::2024-10-24.20:19:43::SCWPlatform::DSA directory C:/Users/realk/Desktop/labb6/reallab6part2_sdk/mb_usb_hdmi_top/hw
TRACE::2024-10-24.20:19:43::SCWPlatform:: Platform Path C:/Users/realk/Desktop/labb6/reallab6part2_sdk/mb_usb_hdmi_top/hw/mb_usb_hdmi_top.xsa
TRACE::2024-10-24.20:19:43::SCWPlatform:: Unique name xilinx:::0.0
TRACE::2024-10-24.20:19:43::SCWPlatform::Trying to set the existing hwdb with name mb_usb_hdmi_top_20
TRACE::2024-10-24.20:19:43::SCWPlatform::Opened existing hwdb mb_usb_hdmi_top_20
TRACE::2024-10-24.20:19:43::SCWPlatform::Found the Hw Db part of the input DSA
TRACE::2024-10-24.20:19:43::SCWMssOS::Checking the sw design at  C:/Users/realk/Desktop/labb6/reallab6part2_sdk/mb_usb_hdmi_top/microblaze_0/standalone_microblaze_0/bsp/system.mss
TRACE::2024-10-24.20:19:43::SCWMssOS::DEBUG:  swdes dump  C:/Users/realk/Desktop/labb6/reallab6part2_sdk/mb_usb_hdmi_top/microblaze_0/standalone_microblaze_0/bsp/system.mss|system||

TRACE::2024-10-24.20:19:43::SCWMssOS::Sw design exists and opened at  C:/Users/realk/Desktop/labb6/reallab6part2_sdk/mb_usb_hdmi_top/microblaze_0/standalone_microblaze_0/bsp/system.mss
TRACE::2024-10-24.20:19:43::SCWWriter::formatted JSON is {
	"platformName":	"mb_usb_hdmi_top",
	"sprVersion":	"2.0",
	"mode":	"cmd",
	"dsaType":	"Fixed",
	"platformDesc":	"mb_usb_hdmi_top",
	"platHandOff":	"C:/Users/realk/Desktop/labb6/mb_usb_hdmi_top.xsa",
	"platIntHandOff":	"<platformDir>/hw/mb_usb_hdmi_top.xsa",
	"deviceType":	"FPGA",
	"platIsPrebuiltAutogen":	"false",
	"platIsNoBootBsp":	"false",
	"hasFsblMakeHasChanges":	"false",
	"hasPmufwMakeHasChanges":	"false",
	"platPreBuiltFlag":	false,
	"platformSamplesDir":	"",
	"platActiveSys":	"mb_usb_hdmi_top",
	"systems":	[{
			"systemName":	"mb_usb_hdmi_top",
			"systemDesc":	"mb_usb_hdmi_top",
			"sysIsBootAutoGen":	"true",
			"systemDispName":	"mb_usb_hdmi_top",
			"sysActiveDom":	"standalone_microblaze_0",
			"sysDefaultDom":	"standalone_microblaze_0",
			"domains":	[{
					"domainName":	"standalone_microblaze_0",
					"domainDispName":	"standalone_microblaze_0",
					"domainDesc":	"standalone_microblaze_0",
					"processors":	"microblaze_0",
					"os":	"standalone",
					"sdxOs":	"standalone",
					"debugEnable":	"False",
					"domRuntimes":	["cpp"],
					"swRepo":	"",
					"mssOsVer":	"8.0",
					"mssFile":	"",
					"md5Digest":	"304529987e879521ca977c68d163f3621",
					"compatibleApp":	"",
					"domType":	"mssDomain",
					"arch":	"32-bit",
					"appSettings":	{
						"appCompilerFlags":	"",
						"appLinkerFlags":	""
					},
					"addedLibs":	[],
					"libOptions":	{
						"libsContainingOptions":	[]
					},
					"prebuiltLibs":	{
						"prebuiltIncPath":	[],
						"prebuiltLibPath":	[]
					},
					"isolation":	{
					}
				}]
		}]
}
LOG::2024-10-24.20:19:52::SCWPlatform::Started generating the artifacts platform mb_usb_hdmi_top
TRACE::2024-10-24.20:19:52::SCWPlatform::Sanity checking of platform is completed
LOG::2024-10-24.20:19:52::SCWPlatform::Started generating the artifacts for system configuration mb_usb_hdmi_top
LOG::2024-10-24.20:19:52::SCWSystem::Checking the domain standalone_microblaze_0
LOG::2024-10-24.20:19:52::SCWSystem::Not a boot domain 
LOG::2024-10-24.20:19:52::SCWSystem::Started Processing the domain standalone_microblaze_0
TRACE::2024-10-24.20:19:52::SCWDomain::Generating domain artifcats
TRACE::2024-10-24.20:19:52::SCWMssOS::Generating standalone artifcats
TRACE::2024-10-24.20:19:52::SCWMssOS:: Copying the user libraries. 
TRACE::2024-10-24.20:19:52::SCWPlatform::Trying to open the hw design at C:/Users/realk/Desktop/labb6/reallab6part2_sdk/mb_usb_hdmi_top/hw/mb_usb_hdmi_top.xsa
TRACE::2024-10-24.20:19:52::SCWPlatform::DSA given C:/Users/realk/Desktop/labb6/reallab6part2_sdk/mb_usb_hdmi_top/hw/mb_usb_hdmi_top.xsa
TRACE::2024-10-24.20:19:52::SCWPlatform::DSA absoulate path C:/Users/realk/Desktop/labb6/reallab6part2_sdk/mb_usb_hdmi_top/hw/mb_usb_hdmi_top.xsa
TRACE::2024-10-24.20:19:52::SCWPlatform::DSA directory C:/Users/realk/Desktop/labb6/reallab6part2_sdk/mb_usb_hdmi_top/hw
TRACE::2024-10-24.20:19:52::SCWPlatform:: Platform Path C:/Users/realk/Desktop/labb6/reallab6part2_sdk/mb_usb_hdmi_top/hw/mb_usb_hdmi_top.xsa
TRACE::2024-10-24.20:19:52::SCWPlatform:: Unique name xilinx:::0.0
TRACE::2024-10-24.20:19:52::SCWPlatform::Trying to set the existing hwdb with name mb_usb_hdmi_top_20
TRACE::2024-10-24.20:19:52::SCWPlatform::Opened existing hwdb mb_usb_hdmi_top_20
TRACE::2024-10-24.20:19:52::SCWPlatform::Found the Hw Db part of the input DSA
TRACE::2024-10-24.20:19:52::SCWMssOS::Checking the sw design at  C:/Users/realk/Desktop/labb6/reallab6part2_sdk/mb_usb_hdmi_top/microblaze_0/standalone_microblaze_0/bsp/system.mss
TRACE::2024-10-24.20:19:52::SCWMssOS::DEBUG:  swdes dump  C:/Users/realk/Desktop/labb6/reallab6part2_sdk/mb_usb_hdmi_top/microblaze_0/standalone_microblaze_0/bsp/system.mss|system||

TRACE::2024-10-24.20:19:52::SCWMssOS::Sw design exists and opened at  C:/Users/realk/Desktop/labb6/reallab6part2_sdk/mb_usb_hdmi_top/microblaze_0/standalone_microblaze_0/bsp/system.mss
TRACE::2024-10-24.20:19:52::SCWMssOS::Completed writing the mss file at C:/Users/realk/Desktop/labb6/reallab6part2_sdk/mb_usb_hdmi_top/microblaze_0/standalone_microblaze_0/bsp
TRACE::2024-10-24.20:19:52::SCWMssOS::Mss edits present, copying mssfile into export location C:/Users/realk/Desktop/labb6/reallab6part2_sdk/mb_usb_hdmi_top/microblaze_0/standalone_microblaze_0/bsp/system.mss
TRACE::2024-10-24.20:19:53::SCWMssOS::bsp generated is stale removing and regenerating. 
TRACE::2024-10-24.20:20:01::SCWMssOS::doing bsp build ... 
TRACE::2024-10-24.20:20:01::SCWMssOS::System Command Ran  C: & cd  C:/Users/realk/Desktop/labb6/reallab6part2_sdk/mb_usb_hdmi_top/microblaze_0/standalone_microblaze_0/bsp & make 
TRACE::2024-10-24.20:20:02::SCWMssOS::make --no-print-directory seq_libs

TRACE::2024-10-24.20:20:02::SCWMssOS::'Finished building libraries sequentially.'

TRACE::2024-10-24.20:20:02::SCWMssOS::make -j 14 --no-print-directory par_libs

TRACE::2024-10-24.20:20:02::SCWMssOS::"Running Make include in microblaze_0/libsrc/bram_v4_8/src"

TRACE::2024-10-24.20:20:02::SCWMssOS::make -C microblaze_0/libsrc/bram_v4_8/src -s include  "SHELL=CMD" "COMPILER=mb-gcc" "ASSEMBLER=mb-as" "ARCHIVER=mb-ar" "COMPILE
TRACE::2024-10-24.20:20:02::SCWMssOS::R_FLAGS=  -O2 -c -mcpu=v11.0 -mlittle-endian -mno-xl-reorder -mno-xl-soft-mul -mxl-barrel-shift -mxl-pattern-compare" "EXTRA_CO
TRACE::2024-10-24.20:20:02::SCWMssOS::MPILER_FLAGS=-g -ffunction-sections -fdata-sections -Wall -Wextra -fno-tree-loop-distribute-patterns"

TRACE::2024-10-24.20:20:02::SCWMssOS::"Running Make include in microblaze_0/libsrc/cpu_v2_16/src"

TRACE::2024-10-24.20:20:02::SCWMssOS::make -C microblaze_0/libsrc/cpu_v2_16/src -s include  "SHELL=CMD" "COMPILER=mb-gcc" "ASSEMBLER=mb-as" "ARCHIVER=mb-ar" "COMPILE
TRACE::2024-10-24.20:20:02::SCWMssOS::R_FLAGS=  -O2 -c -mcpu=v11.0 -mlittle-endian -mno-xl-reorder -mno-xl-soft-mul -mxl-barrel-shift -mxl-pattern-compare" "EXTRA_CO
TRACE::2024-10-24.20:20:02::SCWMssOS::MPILER_FLAGS=-g -ffunction-sections -fdata-sections -Wall -Wextra -fno-tree-loop-distribute-patterns"

TRACE::2024-10-24.20:20:02::SCWMssOS::"Running Make include in microblaze_0/libsrc/gpio_v4_9/src"

TRACE::2024-10-24.20:20:03::SCWMssOS::make -C microblaze_0/libsrc/gpio_v4_9/src -s include  "SHELL=CMD" "COMPILER=mb-gcc" "ASSEMBLER=mb-as" "ARCHIVER=mb-ar" "COMPILE
TRACE::2024-10-24.20:20:03::SCWMssOS::R_FLAGS=  -O2 -c -mcpu=v11.0 -mlittle-endian -mno-xl-reorder -mno-xl-soft-mul -mxl-barrel-shift -mxl-pattern-compare" "EXTRA_CO
TRACE::2024-10-24.20:20:03::SCWMssOS::MPILER_FLAGS=-g -ffunction-sections -fdata-sections -Wall -Wextra -fno-tree-loop-distribute-patterns"

TRACE::2024-10-24.20:20:03::SCWMssOS::"Running Make include in microblaze_0/libsrc/intc_v3_15/src"

TRACE::2024-10-24.20:20:03::SCWMssOS::make -C microblaze_0/libsrc/intc_v3_15/src -s include  "SHELL=CMD" "COMPILER=mb-gcc" "ASSEMBLER=mb-as" "ARCHIVER=mb-ar" "COMPIL
TRACE::2024-10-24.20:20:03::SCWMssOS::ER_FLAGS=  -O2 -c -mcpu=v11.0 -mlittle-endian -mno-xl-reorder -mno-xl-soft-mul -mxl-barrel-shift -mxl-pattern-compare" "EXTRA_C
TRACE::2024-10-24.20:20:03::SCWMssOS::OMPILER_FLAGS=-g -ffunction-sections -fdata-sections -Wall -Wextra -fno-tree-loop-distribute-patterns"

TRACE::2024-10-24.20:20:03::SCWMssOS::"Running Make include in microblaze_0/libsrc/spi_v4_9/src"

TRACE::2024-10-24.20:20:03::SCWMssOS::make -C microblaze_0/libsrc/spi_v4_9/src -s include  "SHELL=CMD" "COMPILER=mb-gcc" "ASSEMBLER=mb-as" "ARCHIVER=mb-ar" "COMPILER
TRACE::2024-10-24.20:20:03::SCWMssOS::_FLAGS=  -O2 -c -mcpu=v11.0 -mlittle-endian -mno-xl-reorder -mno-xl-soft-mul -mxl-barrel-shift -mxl-pattern-compare" "EXTRA_COM
TRACE::2024-10-24.20:20:03::SCWMssOS::PILER_FLAGS=-g -ffunction-sections -fdata-sections -Wall -Wextra -fno-tree-loop-distribute-patterns"

TRACE::2024-10-24.20:20:03::SCWMssOS::"Running Make include in microblaze_0/libsrc/standalone_v8_0/src"

TRACE::2024-10-24.20:20:03::SCWMssOS::make -C microblaze_0/libsrc/standalone_v8_0/src -s include  "SHELL=CMD" "COMPILER=mb-gcc" "ASSEMBLER=mb-as" "ARCHIVER=mb-ar" "C
TRACE::2024-10-24.20:20:03::SCWMssOS::OMPILER_FLAGS=  -O2 -c -mcpu=v11.0 -mlittle-endian -mno-xl-reorder -mno-xl-soft-mul -mxl-barrel-shift -mxl-pattern-compare" "EX
TRACE::2024-10-24.20:20:03::SCWMssOS::TRA_COMPILER_FLAGS=-g -ffunction-sections -fdata-sections -Wall -Wextra -fno-tree-loop-distribute-patterns"

TRACE::2024-10-24.20:20:03::SCWMssOS::"Running Make include in microblaze_0/libsrc/tmrctr_v4_9/src"

TRACE::2024-10-24.20:20:03::SCWMssOS::make -C microblaze_0/libsrc/tmrctr_v4_9/src -s include  "SHELL=CMD" "COMPILER=mb-gcc" "ASSEMBLER=mb-as" "ARCHIVER=mb-ar" "COMPI
TRACE::2024-10-24.20:20:03::SCWMssOS::LER_FLAGS=  -O2 -c -mcpu=v11.0 -mlittle-endian -mno-xl-reorder -mno-xl-soft-mul -mxl-barrel-shift -mxl-pattern-compare" "EXTRA_
TRACE::2024-10-24.20:20:03::SCWMssOS::COMPILER_FLAGS=-g -ffunction-sections -fdata-sections -Wall -Wextra -fno-tree-loop-distribute-patterns"

TRACE::2024-10-24.20:20:03::SCWMssOS::"Running Make include in microblaze_0/libsrc/uartlite_v3_7/src"

TRACE::2024-10-24.20:20:04::SCWMssOS::make -C microblaze_0/libsrc/uartlite_v3_7/src -s include  "SHELL=CMD" "COMPILER=mb-gcc" "ASSEMBLER=mb-as" "ARCHIVER=mb-ar" "COM
TRACE::2024-10-24.20:20:04::SCWMssOS::PILER_FLAGS=  -O2 -c -mcpu=v11.0 -mlittle-endian -mno-xl-reorder -mno-xl-soft-mul -mxl-barrel-shift -mxl-pattern-compare" "EXTR
TRACE::2024-10-24.20:20:04::SCWMssOS::A_COMPILER_FLAGS=-g -ffunction-sections -fdata-sections -Wall -Wextra -fno-tree-loop-distribute-patterns"

TRACE::2024-10-24.20:20:05::SCWMssOS::"Running Make libs in microblaze_0/libsrc/bram_v4_8/src"

TRACE::2024-10-24.20:20:05::SCWMssOS::make -C microblaze_0/libsrc/bram_v4_8/src -s libs  "SHELL=CMD" "COMPILER=mb-gcc" "ASSEMBLER=mb-as" "ARCHIVER=mb-ar" "COMPILER_F
TRACE::2024-10-24.20:20:05::SCWMssOS::LAGS=  -O2 -c -mcpu=v11.0 -mlittle-endian -mno-xl-reorder -mno-xl-soft-mul -mxl-barrel-shift -mxl-pattern-compare" "EXTRA_COMPI
TRACE::2024-10-24.20:20:05::SCWMssOS::LER_FLAGS=-g -ffunction-sections -fdata-sections -Wall -Wextra -fno-tree-loop-distribute-patterns"

TRACE::2024-10-24.20:20:06::SCWMssOS::"Running Make libs in microblaze_0/libsrc/cpu_v2_16/src"

TRACE::2024-10-24.20:20:06::SCWMssOS::make -C microblaze_0/libsrc/cpu_v2_16/src -s libs  "SHELL=CMD" "COMPILER=mb-gcc" "ASSEMBLER=mb-as" "ARCHIVER=mb-ar" "COMPILER_F
TRACE::2024-10-24.20:20:06::SCWMssOS::LAGS=  -O2 -c -mcpu=v11.0 -mlittle-endian -mno-xl-reorder -mno-xl-soft-mul -mxl-barrel-shift -mxl-pattern-compare" "EXTRA_COMPI
TRACE::2024-10-24.20:20:06::SCWMssOS::LER_FLAGS=-g -ffunction-sections -fdata-sections -Wall -Wextra -fno-tree-loop-distribute-patterns"

TRACE::2024-10-24.20:20:06::SCWMssOS::"Running Make libs in microblaze_0/libsrc/gpio_v4_9/src"

TRACE::2024-10-24.20:20:06::SCWMssOS::make -C microblaze_0/libsrc/gpio_v4_9/src -s libs  "SHELL=CMD" "COMPILER=mb-gcc" "ASSEMBLER=mb-as" "ARCHIVER=mb-ar" "COMPILER_F
TRACE::2024-10-24.20:20:06::SCWMssOS::LAGS=  -O2 -c -mcpu=v11.0 -mlittle-endian -mno-xl-reorder -mno-xl-soft-mul -mxl-barrel-shift -mxl-pattern-compare" "EXTRA_COMPI
TRACE::2024-10-24.20:20:06::SCWMssOS::LER_FLAGS=-g -ffunction-sections -fdata-sections -Wall -Wextra -fno-tree-loop-distribute-patterns"

TRACE::2024-10-24.20:20:06::SCWMssOS::"Running Make libs in microblaze_0/libsrc/intc_v3_15/src"

TRACE::2024-10-24.20:20:06::SCWMssOS::make -C microblaze_0/libsrc/intc_v3_15/src -s libs  "SHELL=CMD" "COMPILER=mb-gcc" "ASSEMBLER=mb-as" "ARCHIVER=mb-ar" "COMPILER_
TRACE::2024-10-24.20:20:06::SCWMssOS::FLAGS=  -O2 -c -mcpu=v11.0 -mlittle-endian -mno-xl-reorder -mno-xl-soft-mul -mxl-barrel-shift -mxl-pattern-compare" "EXTRA_COMP
TRACE::2024-10-24.20:20:06::SCWMssOS::ILER_FLAGS=-g -ffunction-sections -fdata-sections -Wall -Wextra -fno-tree-loop-distribute-patterns"

TRACE::2024-10-24.20:20:06::SCWMssOS::"Running Make libs in microblaze_0/libsrc/spi_v4_9/src"

TRACE::2024-10-24.20:20:06::SCWMssOS::make -C microblaze_0/libsrc/spi_v4_9/src -s libs  "SHELL=CMD" "COMPILER=mb-gcc" "ASSEMBLER=mb-as" "ARCHIVER=mb-ar" "COMPILER_FL
TRACE::2024-10-24.20:20:06::SCWMssOS::AGS=  -O2 -c -mcpu=v11.0 -mlittle-endian -mno-xl-reorder -mno-xl-soft-mul -mxl-barrel-shift -mxl-pattern-compare" "EXTRA_COMPIL
TRACE::2024-10-24.20:20:06::SCWMssOS::ER_FLAGS=-g -ffunction-sections -fdata-sections -Wall -Wextra -fno-tree-loop-distribute-patterns"

TRACE::2024-10-24.20:20:07::SCWMssOS::"Running Make libs in microblaze_0/libsrc/standalone_v8_0/src"

TRACE::2024-10-24.20:20:07::SCWMssOS::make -C microblaze_0/libsrc/standalone_v8_0/src -s libs  "SHELL=CMD" "COMPILER=mb-gcc" "ASSEMBLER=mb-as" "ARCHIVER=mb-ar" "COMP
TRACE::2024-10-24.20:20:07::SCWMssOS::ILER_FLAGS=  -O2 -c -mcpu=v11.0 -mlittle-endian -mno-xl-reorder -mno-xl-soft-mul -mxl-barrel-shift -mxl-pattern-compare" "EXTRA
TRACE::2024-10-24.20:20:07::SCWMssOS::_COMPILER_FLAGS=-g -ffunction-sections -fdata-sections -Wall -Wextra -fno-tree-loop-distribute-patterns"

TRACE::2024-10-24.20:20:08::SCWMssOS::"Running Make libs in microblaze_0/libsrc/tmrctr_v4_9/src"

TRACE::2024-10-24.20:20:08::SCWMssOS::make -C microblaze_0/libsrc/tmrctr_v4_9/src -s libs  "SHELL=CMD" "COMPILER=mb-gcc" "ASSEMBLER=mb-as" "ARCHIVER=mb-ar" "COMPILER
TRACE::2024-10-24.20:20:08::SCWMssOS::_FLAGS=  -O2 -c -mcpu=v11.0 -mlittle-endian -mno-xl-reorder -mno-xl-soft-mul -mxl-barrel-shift -mxl-pattern-compare" "EXTRA_COM
TRACE::2024-10-24.20:20:08::SCWMssOS::PILER_FLAGS=-g -ffunction-sections -fdata-sections -Wall -Wextra -fno-tree-loop-distribute-patterns"

TRACE::2024-10-24.20:20:09::SCWMssOS::"Running Make libs in microblaze_0/libsrc/uartlite_v3_7/src"

TRACE::2024-10-24.20:20:09::SCWMssOS::make -C microblaze_0/libsrc/uartlite_v3_7/src -s libs  "SHELL=CMD" "COMPILER=mb-gcc" "ASSEMBLER=mb-as" "ARCHIVER=mb-ar" "COMPIL
TRACE::2024-10-24.20:20:09::SCWMssOS::ER_FLAGS=  -O2 -c -mcpu=v11.0 -mlittle-endian -mno-xl-reorder -mno-xl-soft-mul -mxl-barrel-shift -mxl-pattern-compare" "EXTRA_C
TRACE::2024-10-24.20:20:09::SCWMssOS::OMPILER_FLAGS=-g -ffunction-sections -fdata-sections -Wall -Wextra -fno-tree-loop-distribute-patterns"

TRACE::2024-10-24.20:20:19::SCWMssOS::"DEBUG NON_LTO_OBJECTS is ../../../lib/microblaze_interrupt_handler.o"

TRACE::2024-10-24.20:20:20::SCWMssOS::'Finished building libraries parallelly.'

TRACE::2024-10-24.20:20:20::SCWMssOS::make --no-print-directory archive

TRACE::2024-10-24.20:20:20::SCWMssOS::mb-ar -r  microblaze_0/lib/libxil.a microblaze_0/lib/_exit.o microblaze_0/lib/errno.o microblaze_0/lib/fcntl.o microblaze_0/lib
TRACE::2024-10-24.20:20:20::SCWMssOS::/hw_exception_handler.o microblaze_0/lib/inbyte.o microblaze_0/lib/microblaze_disable_dcache.o microblaze_0/lib/microblaze_disa
TRACE::2024-10-24.20:20:20::SCWMssOS::ble_exceptions.o microblaze_0/lib/microblaze_disable_icache.o microblaze_0/lib/microblaze_disable_interrupts.o microblaze_0/lib
TRACE::2024-10-24.20:20:20::SCWMssOS::/microblaze_enable_dcache.o microblaze_0/lib/microblaze_enable_exceptions.o microblaze_0/lib/microblaze_enable_icache.o microbl
TRACE::2024-10-24.20:20:20::SCWMssOS::aze_0/lib/microblaze_enable_interrupts.o microblaze_0/lib/microblaze_exception_handler.o microblaze_0/lib/microblaze_flush_cach
TRACE::2024-10-24.20:20:20::SCWMssOS::e_ext.o microblaze_0/lib/microblaze_flush_cache_ext_range.o microblaze_0/lib/microblaze_flush_dcache.o microblaze_0/lib/microbl
TRACE::2024-10-24.20:20:20::SCWMssOS::aze_flush_dcache_range.o microblaze_0/lib/microblaze_init_dcache_range.o microblaze_0/lib/microblaze_init_icache_range.o microb
TRACE::2024-10-24.20:20:20::SCWMssOS::laze_0/lib/microblaze_interrupt_handler.o microblaze_0/lib/microblaze_interrupts_g.o microblaze_0/lib/microblaze_invalidate_cac
TRACE::2024-10-24.20:20:20::SCWMssOS::he_ext.o microblaze_0/lib/microblaze_invalidate_cache_ext_range.o microblaze_0/lib/microblaze_invalidate_dcache.o microblaze_0/
TRACE::2024-10-24.20:20:20::SCWMssOS::lib/microblaze_invalidate_dcache_range.o microblaze_0/lib/microblaze_invalidate_icache.o microblaze_0/lib/microblaze_invalidate
TRACE::2024-10-24.20:20:20::SCWMssOS::_icache_range.o microblaze_0/lib/microblaze_scrub.o microblaze_0/lib/microblaze_selftest.o microblaze_0/lib/microblaze_sleep.o 
TRACE::2024-10-24.20:20:20::SCWMssOS::microblaze_0/lib/microblaze_update_dcache.o microblaze_0/lib/microblaze_update_icache.o microblaze_0/lib/outbyte.o microblaze_0
TRACE::2024-10-24.20:20:20::SCWMssOS::/lib/print.o microblaze_0/lib/pvr.o microblaze_0/lib/xbram.o microblaze_0/lib/xbram_g.o microblaze_0/lib/xbram_intr.o microblaz
TRACE::2024-10-24.20:20:20::SCWMssOS::e_0/lib/xbram_selftest.o microblaze_0/lib/xbram_sinit.o microblaze_0/lib/xgpio.o microblaze_0/lib/xgpio_extra.o microblaze_0/li
TRACE::2024-10-24.20:20:20::SCWMssOS::b/xgpio_g.o microblaze_0/lib/xgpio_intr.o microblaze_0/lib/xgpio_selftest.o microblaze_0/lib/xgpio_sinit.o microblaze_0/lib/xil
TRACE::2024-10-24.20:20:20::SCWMssOS::_assert.o microblaze_0/lib/xil_cache.o microblaze_0/lib/xil_clocking.o microblaze_0/lib/xil_exception.o microblaze_0/lib/xil_me
TRACE::2024-10-24.20:20:20::SCWMssOS::m.o microblaze_0/lib/xil_misc_psreset_api.o microblaze_0/lib/xil_printf.o microblaze_0/lib/xil_sleepcommon.o microblaze_0/lib/x
TRACE::2024-10-24.20:20:20::SCWMssOS::il_testcache.o microblaze_0/lib/xil_testio.o microblaze_0/lib/xil_testmem.o microblaze_0/lib/xil_util.o microblaze_0/lib/xintc.
TRACE::2024-10-24.20:20:20::SCWMssOS::o microblaze_0/lib/xintc_g.o microblaze_0/lib/xintc_intr.o microblaze_0/lib/xintc_l.o microblaze_0/lib/xintc_options.o microbla
TRACE::2024-10-24.20:20:20::SCWMssOS::ze_0/lib/xintc_selftest.o microblaze_0/lib/xinterrupt_wrap.o microblaze_0/lib/xio.o microblaze_0/lib/xplatform_info.o microblaz
TRACE::2024-10-24.20:20:20::SCWMssOS::e_0/lib/xspi.o microblaze_0/lib/xspi_g.o microblaze_0/lib/xspi_options.o microblaze_0/lib/xspi_selftest.o microblaze_0/lib/xspi
TRACE::2024-10-24.20:20:20::SCWMssOS::_sinit.o microblaze_0/lib/xspi_stats.o microblaze_0/lib/xtmrctr.o microblaze_0/lib/xtmrctr_g.o microblaze_0/lib/xtmrctr_intr.o 
TRACE::2024-10-24.20:20:20::SCWMssOS::microblaze_0/lib/xtmrctr_l.o microblaze_0/lib/xtmrctr_options.o microblaze_0/lib/xtmrctr_selftest.o microblaze_0/lib/xtmrctr_si
TRACE::2024-10-24.20:20:20::SCWMssOS::nit.o microblaze_0/lib/xtmrctr_stats.o microblaze_0/lib/xuartlite.o microblaze_0/lib/xuartlite_g.o microblaze_0/lib/xuartlite_i
TRACE::2024-10-24.20:20:20::SCWMssOS::ntr.o microblaze_0/lib/xuartlite_l.o microblaze_0/lib/xuartlite_selftest.o microblaze_0/lib/xuartlite_sinit.o microblaze_0/lib/
TRACE::2024-10-24.20:20:20::SCWMssOS::xuartlite_stats.o

TRACE::2024-10-24.20:20:21::SCWMssOS::'Finished building libraries'

TRACE::2024-10-24.20:20:22::SCWMssOS:: Checking if to create the Supporting Applications
TRACE::2024-10-24.20:20:22::SCWMssOS:: No Linux domain exists, trying to generate FSBL 
LOG::2024-10-24.20:20:22::SCWSystem::Completed Processing the domain standalone_microblaze_0
LOG::2024-10-24.20:20:22::SCWSystem::Completed Processing the sysconfig mb_usb_hdmi_top
LOG::2024-10-24.20:20:22::SCWPlatform::Completed generating the artifacts for system configuration mb_usb_hdmi_top
TRACE::2024-10-24.20:20:22::SCWPlatform::Started preparing the platform 
TRACE::2024-10-24.20:20:22::SCWSystem::Writing the bif file for system config mb_usb_hdmi_top
TRACE::2024-10-24.20:20:22::SCWSystem::dir created 
TRACE::2024-10-24.20:20:22::SCWSystem::Writing the bif 
TRACE::2024-10-24.20:20:22::SCWPlatform::Started writing the spfm file 
TRACE::2024-10-24.20:20:22::SCWPlatform::Started writing the xpfm file 
TRACE::2024-10-24.20:20:22::SCWPlatform::Completed generating the platform
TRACE::2024-10-24.20:20:22::SCWMssOS::Saving the mss changes C:/Users/realk/Desktop/labb6/reallab6part2_sdk/mb_usb_hdmi_top/microblaze_0/standalone_microblaze_0/bsp/system.mss
TRACE::2024-10-24.20:20:22::SCWMssOS::Adding the swdes entry, mss present, able to open swdb C:/Users/realk/Desktop/labb6/reallab6part2_sdk/mb_usb_hdmi_top/microblaze_0/standalone_microblaze_0/bsp/system.mss with des name system
TRACE::2024-10-24.20:20:22::SCWMssOS::Writing the mss file completed C:/Users/realk/Desktop/labb6/reallab6part2_sdk/mb_usb_hdmi_top/microblaze_0/standalone_microblaze_0/bsp/system.mss
TRACE::2024-10-24.20:20:22::SCWMssOS::Commit changes completed.
TRACE::2024-10-24.20:20:22::SCWPlatform::Trying to open the hw design at C:/Users/realk/Desktop/labb6/reallab6part2_sdk/mb_usb_hdmi_top/hw/mb_usb_hdmi_top.xsa
TRACE::2024-10-24.20:20:22::SCWPlatform::DSA given C:/Users/realk/Desktop/labb6/reallab6part2_sdk/mb_usb_hdmi_top/hw/mb_usb_hdmi_top.xsa
TRACE::2024-10-24.20:20:22::SCWPlatform::DSA absoulate path C:/Users/realk/Desktop/labb6/reallab6part2_sdk/mb_usb_hdmi_top/hw/mb_usb_hdmi_top.xsa
TRACE::2024-10-24.20:20:22::SCWPlatform::DSA directory C:/Users/realk/Desktop/labb6/reallab6part2_sdk/mb_usb_hdmi_top/hw
TRACE::2024-10-24.20:20:22::SCWPlatform:: Platform Path C:/Users/realk/Desktop/labb6/reallab6part2_sdk/mb_usb_hdmi_top/hw/mb_usb_hdmi_top.xsa
TRACE::2024-10-24.20:20:22::SCWPlatform:: Unique name xilinx:::0.0
TRACE::2024-10-24.20:20:22::SCWPlatform::Trying to set the existing hwdb with name mb_usb_hdmi_top_20
TRACE::2024-10-24.20:20:22::SCWPlatform::Opened existing hwdb mb_usb_hdmi_top_20
TRACE::2024-10-24.20:20:22::SCWPlatform::Found the Hw Db part of the input DSA
TRACE::2024-10-24.20:20:22::SCWMssOS::Checking the sw design at  C:/Users/realk/Desktop/labb6/reallab6part2_sdk/mb_usb_hdmi_top/microblaze_0/standalone_microblaze_0/bsp/system.mss
TRACE::2024-10-24.20:20:22::SCWMssOS::DEBUG:  swdes dump  C:/Users/realk/Desktop/labb6/reallab6part2_sdk/mb_usb_hdmi_top/microblaze_0/standalone_microblaze_0/bsp/system.mss|system||

TRACE::2024-10-24.20:20:22::SCWMssOS::Sw design exists and opened at  C:/Users/realk/Desktop/labb6/reallab6part2_sdk/mb_usb_hdmi_top/microblaze_0/standalone_microblaze_0/bsp/system.mss
TRACE::2024-10-24.20:20:22::SCWWriter::formatted JSON is {
	"platformName":	"mb_usb_hdmi_top",
	"sprVersion":	"2.0",
	"mode":	"cmd",
	"dsaType":	"Fixed",
	"platformDesc":	"mb_usb_hdmi_top",
	"platHandOff":	"C:/Users/realk/Desktop/labb6/mb_usb_hdmi_top.xsa",
	"platIntHandOff":	"<platformDir>/hw/mb_usb_hdmi_top.xsa",
	"deviceType":	"FPGA",
	"platIsPrebuiltAutogen":	"false",
	"platIsNoBootBsp":	"false",
	"hasFsblMakeHasChanges":	"false",
	"hasPmufwMakeHasChanges":	"false",
	"platPreBuiltFlag":	false,
	"platformSamplesDir":	"",
	"platActiveSys":	"mb_usb_hdmi_top",
	"systems":	[{
			"systemName":	"mb_usb_hdmi_top",
			"systemDesc":	"mb_usb_hdmi_top",
			"sysIsBootAutoGen":	"true",
			"systemDispName":	"mb_usb_hdmi_top",
			"sysActiveDom":	"standalone_microblaze_0",
			"sysDefaultDom":	"standalone_microblaze_0",
			"domains":	[{
					"domainName":	"standalone_microblaze_0",
					"domainDispName":	"standalone_microblaze_0",
					"domainDesc":	"standalone_microblaze_0",
					"processors":	"microblaze_0",
					"os":	"standalone",
					"sdxOs":	"standalone",
					"debugEnable":	"False",
					"domRuntimes":	["cpp"],
					"swRepo":	"",
					"mssOsVer":	"8.0",
					"mssFile":	"",
					"md5Digest":	"304529987e879521ca977c68d163f362",
					"compatibleApp":	"",
					"domType":	"mssDomain",
					"arch":	"32-bit",
					"appSettings":	{
						"appCompilerFlags":	"",
						"appLinkerFlags":	""
					},
					"addedLibs":	[],
					"libOptions":	{
						"libsContainingOptions":	[]
					},
					"prebuiltLibs":	{
						"prebuiltIncPath":	[],
						"prebuiltLibPath":	[]
					},
					"isolation":	{
					}
				}]
		}]
}
KEYINFO::2024-10-24.20:20:22::SCWPlatform::updated the xpfm file.
TRACE::2024-10-24.20:20:22::SCWPlatform::Trying to open the hw design at C:/Users/realk/Desktop/labb6/reallab6part2_sdk/mb_usb_hdmi_top/hw/mb_usb_hdmi_top.xsa
TRACE::2024-10-24.20:20:22::SCWPlatform::DSA given C:/Users/realk/Desktop/labb6/reallab6part2_sdk/mb_usb_hdmi_top/hw/mb_usb_hdmi_top.xsa
TRACE::2024-10-24.20:20:22::SCWPlatform::DSA absoulate path C:/Users/realk/Desktop/labb6/reallab6part2_sdk/mb_usb_hdmi_top/hw/mb_usb_hdmi_top.xsa
TRACE::2024-10-24.20:20:22::SCWPlatform::DSA directory C:/Users/realk/Desktop/labb6/reallab6part2_sdk/mb_usb_hdmi_top/hw
TRACE::2024-10-24.20:20:22::SCWPlatform:: Platform Path C:/Users/realk/Desktop/labb6/reallab6part2_sdk/mb_usb_hdmi_top/hw/mb_usb_hdmi_top.xsa
TRACE::2024-10-24.20:20:22::SCWPlatform:: Unique name xilinx:::0.0
TRACE::2024-10-24.20:20:22::SCWPlatform::Trying to set the existing hwdb with name mb_usb_hdmi_top_20
TRACE::2024-10-24.20:20:22::SCWPlatform::Opened existing hwdb mb_usb_hdmi_top_20
TRACE::2024-10-24.20:20:22::SCWPlatform::Found the Hw Db part of the input DSA
TRACE::2024-10-24.20:20:22::SCWMssOS::Checking the sw design at  C:/Users/realk/Desktop/labb6/reallab6part2_sdk/mb_usb_hdmi_top/microblaze_0/standalone_microblaze_0/bsp/system.mss
TRACE::2024-10-24.20:20:22::SCWMssOS::DEBUG:  swdes dump  C:/Users/realk/Desktop/labb6/reallab6part2_sdk/mb_usb_hdmi_top/microblaze_0/standalone_microblaze_0/bsp/system.mss|system||

TRACE::2024-10-24.20:20:22::SCWMssOS::Sw design exists and opened at  C:/Users/realk/Desktop/labb6/reallab6part2_sdk/mb_usb_hdmi_top/microblaze_0/standalone_microblaze_0/bsp/system.mss
TRACE::2024-10-24.20:37:55::SCWPlatform::Clearing the existing platform
TRACE::2024-10-24.20:37:55::SCWSystem::Clearing the existing sysconfig
TRACE::2024-10-24.20:37:55::SCWMssOS::Removing the swdes entry for  C:/Users/realk/Desktop/labb6/reallab6part2_sdk/mb_usb_hdmi_top/microblaze_0/standalone_microblaze_0/bsp/system.mss
TRACE::2024-10-24.20:37:55::SCWSystem::Clearing the domains completed.
TRACE::2024-10-24.20:37:55::SCWPlatform::Clearing the opened hw db.
TRACE::2024-10-24.20:37:55::SCWPlatform::DSA given C:/Users/realk/Desktop/labb6/reallab6part2_sdk/mb_usb_hdmi_top/hw/mb_usb_hdmi_top.xsa
TRACE::2024-10-24.20:37:55::SCWPlatform::DSA absoulate path C:/Users/realk/Desktop/labb6/reallab6part2_sdk/mb_usb_hdmi_top/hw/mb_usb_hdmi_top.xsa
TRACE::2024-10-24.20:37:55::SCWPlatform:: Platform location is C:/Users/realk/Desktop/labb6/reallab6part2_sdk/mb_usb_hdmi_top/hw
TRACE::2024-10-24.20:37:55::SCWPlatform:: Platform Path C:/Users/realk/Desktop/labb6/reallab6part2_sdk/mb_usb_hdmi_top/hw/mb_usb_hdmi_top.xsa
TRACE::2024-10-24.20:37:55::SCWPlatform:: Unique name xilinx:::0.0
TRACE::2024-10-24.20:37:55::SCWPlatform::Removing the HwDB with name C:/Users/realk/Desktop/labb6/reallab6part2_sdk/mb_usb_hdmi_top/hw/mb_usb_hdmi_top.xsa
TRACE::2024-10-24.20:37:55::SCWPlatform::Trying to open the hw design at C:/Users/realk/Desktop/labb6/reallab6part2_sdk/mb_usb_hdmi_top/hw/mb_usb_hdmi_top.xsa
TRACE::2024-10-24.20:37:55::SCWPlatform::DSA given C:/Users/realk/Desktop/labb6/reallab6part2_sdk/mb_usb_hdmi_top/hw/mb_usb_hdmi_top.xsa
TRACE::2024-10-24.20:37:55::SCWPlatform::DSA absoulate path C:/Users/realk/Desktop/labb6/reallab6part2_sdk/mb_usb_hdmi_top/hw/mb_usb_hdmi_top.xsa
TRACE::2024-10-24.20:37:55::SCWPlatform::DSA directory C:/Users/realk/Desktop/labb6/reallab6part2_sdk/mb_usb_hdmi_top/hw
TRACE::2024-10-24.20:37:55::SCWPlatform:: Platform Path C:/Users/realk/Desktop/labb6/reallab6part2_sdk/mb_usb_hdmi_top/hw/mb_usb_hdmi_top.xsa
TRACE::2024-10-24.20:37:55::SCWPlatform:: Unique name xilinx:::0.0
TRACE::2024-10-24.20:37:55::SCWPlatform::Do not have an existing db opened. 
TRACE::2024-10-24.20:37:56::SCWPlatform::Opened new HwDB with name mb_usb_hdmi_top_22
TRACE::2024-10-24.20:37:56::SCWReader::Active system found as  mb_usb_hdmi_top
TRACE::2024-10-24.20:37:56::SCWReader::Handling sysconfig mb_usb_hdmi_top
TRACE::2024-10-24.20:37:56::SCWDomain::checking for install qemu data   : 
TRACE::2024-10-24.20:37:56::SCWPlatform::Trying to open the hw design at C:/Users/realk/Desktop/labb6/reallab6part2_sdk/mb_usb_hdmi_top/hw/mb_usb_hdmi_top.xsa
TRACE::2024-10-24.20:37:56::SCWPlatform::DSA given C:/Users/realk/Desktop/labb6/reallab6part2_sdk/mb_usb_hdmi_top/hw/mb_usb_hdmi_top.xsa
TRACE::2024-10-24.20:37:56::SCWPlatform::DSA absoulate path C:/Users/realk/Desktop/labb6/reallab6part2_sdk/mb_usb_hdmi_top/hw/mb_usb_hdmi_top.xsa
TRACE::2024-10-24.20:37:56::SCWPlatform::DSA directory C:/Users/realk/Desktop/labb6/reallab6part2_sdk/mb_usb_hdmi_top/hw
TRACE::2024-10-24.20:37:56::SCWPlatform:: Platform Path C:/Users/realk/Desktop/labb6/reallab6part2_sdk/mb_usb_hdmi_top/hw/mb_usb_hdmi_top.xsa
TRACE::2024-10-24.20:37:56::SCWPlatform:: Unique name xilinx:::0.0
TRACE::2024-10-24.20:37:56::SCWPlatform::Trying to set the existing hwdb with name mb_usb_hdmi_top_22
TRACE::2024-10-24.20:37:56::SCWPlatform::Opened existing hwdb mb_usb_hdmi_top_22
TRACE::2024-10-24.20:37:56::SCWPlatform::Found the Hw Db part of the input DSA
TRACE::2024-10-24.20:37:56::SCWPlatform::Trying to open the hw design at C:/Users/realk/Desktop/labb6/reallab6part2_sdk/mb_usb_hdmi_top/hw/mb_usb_hdmi_top.xsa
TRACE::2024-10-24.20:37:56::SCWPlatform::DSA given C:/Users/realk/Desktop/labb6/reallab6part2_sdk/mb_usb_hdmi_top/hw/mb_usb_hdmi_top.xsa
TRACE::2024-10-24.20:37:56::SCWPlatform::DSA absoulate path C:/Users/realk/Desktop/labb6/reallab6part2_sdk/mb_usb_hdmi_top/hw/mb_usb_hdmi_top.xsa
TRACE::2024-10-24.20:37:56::SCWPlatform::DSA directory C:/Users/realk/Desktop/labb6/reallab6part2_sdk/mb_usb_hdmi_top/hw
TRACE::2024-10-24.20:37:56::SCWPlatform:: Platform Path C:/Users/realk/Desktop/labb6/reallab6part2_sdk/mb_usb_hdmi_top/hw/mb_usb_hdmi_top.xsa
TRACE::2024-10-24.20:37:56::SCWPlatform:: Unique name xilinx:::0.0
TRACE::2024-10-24.20:37:56::SCWPlatform::Trying to set the existing hwdb with name mb_usb_hdmi_top_22
TRACE::2024-10-24.20:37:56::SCWPlatform::Opened existing hwdb mb_usb_hdmi_top_22
TRACE::2024-10-24.20:37:56::SCWPlatform::Found the Hw Db part of the input DSA
TRACE::2024-10-24.20:37:56::SCWPlatform::Trying to open the hw design at C:/Users/realk/Desktop/labb6/reallab6part2_sdk/mb_usb_hdmi_top/hw/mb_usb_hdmi_top.xsa
TRACE::2024-10-24.20:37:56::SCWPlatform::DSA given C:/Users/realk/Desktop/labb6/reallab6part2_sdk/mb_usb_hdmi_top/hw/mb_usb_hdmi_top.xsa
TRACE::2024-10-24.20:37:56::SCWPlatform::DSA absoulate path C:/Users/realk/Desktop/labb6/reallab6part2_sdk/mb_usb_hdmi_top/hw/mb_usb_hdmi_top.xsa
TRACE::2024-10-24.20:37:56::SCWPlatform::DSA directory C:/Users/realk/Desktop/labb6/reallab6part2_sdk/mb_usb_hdmi_top/hw
TRACE::2024-10-24.20:37:56::SCWPlatform:: Platform Path C:/Users/realk/Desktop/labb6/reallab6part2_sdk/mb_usb_hdmi_top/hw/mb_usb_hdmi_top.xsa
TRACE::2024-10-24.20:37:56::SCWPlatform:: Unique name xilinx:::0.0
TRACE::2024-10-24.20:37:56::SCWPlatform::Trying to set the existing hwdb with name mb_usb_hdmi_top_22
TRACE::2024-10-24.20:37:56::SCWPlatform::Opened existing hwdb mb_usb_hdmi_top_22
TRACE::2024-10-24.20:37:56::SCWPlatform::Found the Hw Db part of the input DSA
TRACE::2024-10-24.20:37:56::SCWPlatform::Trying to open the hw design at C:/Users/realk/Desktop/labb6/reallab6part2_sdk/mb_usb_hdmi_top/hw/mb_usb_hdmi_top.xsa
TRACE::2024-10-24.20:37:56::SCWPlatform::DSA given C:/Users/realk/Desktop/labb6/reallab6part2_sdk/mb_usb_hdmi_top/hw/mb_usb_hdmi_top.xsa
TRACE::2024-10-24.20:37:56::SCWPlatform::DSA absoulate path C:/Users/realk/Desktop/labb6/reallab6part2_sdk/mb_usb_hdmi_top/hw/mb_usb_hdmi_top.xsa
TRACE::2024-10-24.20:37:56::SCWPlatform::DSA directory C:/Users/realk/Desktop/labb6/reallab6part2_sdk/mb_usb_hdmi_top/hw
TRACE::2024-10-24.20:37:56::SCWPlatform:: Platform Path C:/Users/realk/Desktop/labb6/reallab6part2_sdk/mb_usb_hdmi_top/hw/mb_usb_hdmi_top.xsa
TRACE::2024-10-24.20:37:56::SCWPlatform:: Unique name xilinx:::0.0
TRACE::2024-10-24.20:37:56::SCWPlatform::Trying to set the existing hwdb with name mb_usb_hdmi_top_22
TRACE::2024-10-24.20:37:56::SCWPlatform::Opened existing hwdb mb_usb_hdmi_top_22
TRACE::2024-10-24.20:37:56::SCWPlatform::Found the Hw Db part of the input DSA
TRACE::2024-10-24.20:37:56::SCWMssOS::Checking the sw design at  C:/Users/realk/Desktop/labb6/reallab6part2_sdk/mb_usb_hdmi_top/microblaze_0/standalone_microblaze_0/bsp/system.mss
TRACE::2024-10-24.20:37:56::SCWMssOS::DEBUG:  swdes dump  
TRACE::2024-10-24.20:37:56::SCWMssOS::No sw design opened at  C:/Users/realk/Desktop/labb6/reallab6part2_sdk/mb_usb_hdmi_top/microblaze_0/standalone_microblaze_0/bsp/system.mss
TRACE::2024-10-24.20:37:56::SCWMssOS::mss exists loading the mss file  C:/Users/realk/Desktop/labb6/reallab6part2_sdk/mb_usb_hdmi_top/microblaze_0/standalone_microblaze_0/bsp/system.mss
TRACE::2024-10-24.20:37:56::SCWMssOS::Opened the sw design from mss  C:/Users/realk/Desktop/labb6/reallab6part2_sdk/mb_usb_hdmi_top/microblaze_0/standalone_microblaze_0/bsp/system.mss
TRACE::2024-10-24.20:37:56::SCWMssOS::Adding the swdes entry C:/Users/realk/Desktop/labb6/reallab6part2_sdk/mb_usb_hdmi_top/microblaze_0/standalone_microblaze_0/bsp/system.mss with des name system
TRACE::2024-10-24.20:37:56::SCWMssOS::updating the scw layer about changes
TRACE::2024-10-24.20:37:56::SCWMssOS::Opened the sw design.  C:/Users/realk/Desktop/labb6/reallab6part2_sdk/mb_usb_hdmi_top/microblaze_0/standalone_microblaze_0/bsp/system.mss
TRACE::2024-10-24.20:37:56::SCWMssOS::Saving the mss changes C:/Users/realk/Desktop/labb6/reallab6part2_sdk/mb_usb_hdmi_top/microblaze_0/standalone_microblaze_0/bsp/system.mss
TRACE::2024-10-24.20:37:56::SCWMssOS::Found a swdesign opened with the mssfile.
TRACE::2024-10-24.20:37:56::SCWMssOS::Completed writemss as part of save.
TRACE::2024-10-24.20:37:56::SCWMssOS::Commit changes completed.
TRACE::2024-10-24.20:37:56::SCWReader::Adding prebuilt librarypaths as   
TRACE::2024-10-24.20:37:56::SCWReader::Adding prebuilt incpaths  as   
TRACE::2024-10-24.20:37:56::SCWPlatform::Trying to open the hw design at C:/Users/realk/Desktop/labb6/reallab6part2_sdk/mb_usb_hdmi_top/hw/mb_usb_hdmi_top.xsa
TRACE::2024-10-24.20:37:56::SCWPlatform::DSA given C:/Users/realk/Desktop/labb6/reallab6part2_sdk/mb_usb_hdmi_top/hw/mb_usb_hdmi_top.xsa
TRACE::2024-10-24.20:37:56::SCWPlatform::DSA absoulate path C:/Users/realk/Desktop/labb6/reallab6part2_sdk/mb_usb_hdmi_top/hw/mb_usb_hdmi_top.xsa
TRACE::2024-10-24.20:37:56::SCWPlatform::DSA directory C:/Users/realk/Desktop/labb6/reallab6part2_sdk/mb_usb_hdmi_top/hw
TRACE::2024-10-24.20:37:56::SCWPlatform:: Platform Path C:/Users/realk/Desktop/labb6/reallab6part2_sdk/mb_usb_hdmi_top/hw/mb_usb_hdmi_top.xsa
TRACE::2024-10-24.20:37:56::SCWPlatform:: Unique name xilinx:::0.0
TRACE::2024-10-24.20:37:56::SCWPlatform::Trying to set the existing hwdb with name mb_usb_hdmi_top_22
TRACE::2024-10-24.20:37:56::SCWPlatform::Opened existing hwdb mb_usb_hdmi_top_22
TRACE::2024-10-24.20:37:56::SCWPlatform::Found the Hw Db part of the input DSA
TRACE::2024-10-24.20:37:56::SCWMssOS::Checking the sw design at  C:/Users/realk/Desktop/labb6/reallab6part2_sdk/mb_usb_hdmi_top/microblaze_0/standalone_microblaze_0/bsp/system.mss
TRACE::2024-10-24.20:37:56::SCWMssOS::DEBUG:  swdes dump  C:/Users/realk/Desktop/labb6/reallab6part2_sdk/mb_usb_hdmi_top/microblaze_0/standalone_microblaze_0/bsp/system.mss|system||

TRACE::2024-10-24.20:37:56::SCWMssOS::Sw design exists and opened at  C:/Users/realk/Desktop/labb6/reallab6part2_sdk/mb_usb_hdmi_top/microblaze_0/standalone_microblaze_0/bsp/system.mss
TRACE::2024-10-24.20:37:56::SCWReader::No isolation master present  
TRACE::2024-10-24.20:37:58::SCWPlatform::DSA given C:/Users/realk/Desktop/labb6/reallab6part2_sdk/mb_usb_hdmi_top/tempdsa/mb_usb_hdmi_top.xsa
TRACE::2024-10-24.20:37:58::SCWPlatform::DSA absoulate path C:/Users/realk/Desktop/labb6/reallab6part2_sdk/mb_usb_hdmi_top/tempdsa/mb_usb_hdmi_top.xsa
TRACE::2024-10-24.20:37:58::SCWPlatform:: Platform location is C:/Users/realk/Desktop/labb6/reallab6part2_sdk/mb_usb_hdmi_top/tempdsa
TRACE::2024-10-24.20:37:58::SCWPlatform:: Platform Path C:/Users/realk/Desktop/labb6/reallab6part2_sdk/mb_usb_hdmi_top/tempdsa/mb_usb_hdmi_top.xsa
TRACE::2024-10-24.20:37:58::SCWPlatform:: Unique name xilinx:::0.0
TRACE::2024-10-24.20:37:59::SCWPlatform::Found the Hw Db part of the input DSA
TRACE::2024-10-24.20:37:59::SCWMssOS::Doing hw sync for the mss in domain: standalone_microblaze_0
TRACE::2024-10-24.20:37:59::SCWPlatform::Trying to open the hw design at C:/Users/realk/Desktop/labb6/reallab6part2_sdk/mb_usb_hdmi_top/hw/mb_usb_hdmi_top.xsa
TRACE::2024-10-24.20:37:59::SCWPlatform::DSA given C:/Users/realk/Desktop/labb6/reallab6part2_sdk/mb_usb_hdmi_top/hw/mb_usb_hdmi_top.xsa
TRACE::2024-10-24.20:37:59::SCWPlatform::DSA absoulate path C:/Users/realk/Desktop/labb6/reallab6part2_sdk/mb_usb_hdmi_top/hw/mb_usb_hdmi_top.xsa
TRACE::2024-10-24.20:37:59::SCWPlatform::DSA directory C:/Users/realk/Desktop/labb6/reallab6part2_sdk/mb_usb_hdmi_top/hw
TRACE::2024-10-24.20:37:59::SCWPlatform:: Platform Path C:/Users/realk/Desktop/labb6/reallab6part2_sdk/mb_usb_hdmi_top/hw/mb_usb_hdmi_top.xsa
TRACE::2024-10-24.20:37:59::SCWPlatform:: Unique name xilinx:::0.0
TRACE::2024-10-24.20:37:59::SCWPlatform::Trying to set the existing hwdb with name mb_usb_hdmi_top_22
TRACE::2024-10-24.20:37:59::SCWPlatform::Opened existing hwdb mb_usb_hdmi_top_22
TRACE::2024-10-24.20:37:59::SCWPlatform::Found the Hw Db part of the input DSA
TRACE::2024-10-24.20:37:59::SCWPlatform::Trying to open the hw design at C:/Users/realk/Desktop/labb6/reallab6part2_sdk/mb_usb_hdmi_top/hw/mb_usb_hdmi_top.xsa
TRACE::2024-10-24.20:37:59::SCWPlatform::DSA given C:/Users/realk/Desktop/labb6/reallab6part2_sdk/mb_usb_hdmi_top/hw/mb_usb_hdmi_top.xsa
TRACE::2024-10-24.20:37:59::SCWPlatform::DSA absoulate path C:/Users/realk/Desktop/labb6/reallab6part2_sdk/mb_usb_hdmi_top/hw/mb_usb_hdmi_top.xsa
TRACE::2024-10-24.20:37:59::SCWPlatform::DSA directory C:/Users/realk/Desktop/labb6/reallab6part2_sdk/mb_usb_hdmi_top/hw
TRACE::2024-10-24.20:37:59::SCWPlatform:: Platform Path C:/Users/realk/Desktop/labb6/reallab6part2_sdk/mb_usb_hdmi_top/hw/mb_usb_hdmi_top.xsa
TRACE::2024-10-24.20:37:59::SCWPlatform:: Unique name xilinx:::0.0
TRACE::2024-10-24.20:37:59::SCWPlatform::Trying to set the existing hwdb with name mb_usb_hdmi_top_22
TRACE::2024-10-24.20:37:59::SCWPlatform::Opened existing hwdb mb_usb_hdmi_top_22
TRACE::2024-10-24.20:37:59::SCWPlatform::Found the Hw Db part of the input DSA
TRACE::2024-10-24.20:37:59::SCWMssOS::Checking the sw design at  C:/Users/realk/Desktop/labb6/reallab6part2_sdk/mb_usb_hdmi_top/microblaze_0/standalone_microblaze_0/bsp/system.mss
TRACE::2024-10-24.20:37:59::SCWMssOS::DEBUG:  swdes dump  C:/Users/realk/Desktop/labb6/reallab6part2_sdk/mb_usb_hdmi_top/microblaze_0/standalone_microblaze_0/bsp/system.mss|system||

TRACE::2024-10-24.20:37:59::SCWMssOS::Sw design exists and opened at  C:/Users/realk/Desktop/labb6/reallab6part2_sdk/mb_usb_hdmi_top/microblaze_0/standalone_microblaze_0/bsp/system.mss
TRACE::2024-10-24.20:37:59::SCWPlatform::Trying to open the hw design at C:/Users/realk/Desktop/labb6/reallab6part2_sdk/mb_usb_hdmi_top/tempdsa/mb_usb_hdmi_top.xsa
TRACE::2024-10-24.20:37:59::SCWPlatform::DSA given C:/Users/realk/Desktop/labb6/reallab6part2_sdk/mb_usb_hdmi_top/tempdsa/mb_usb_hdmi_top.xsa
TRACE::2024-10-24.20:37:59::SCWPlatform::DSA absoulate path C:/Users/realk/Desktop/labb6/reallab6part2_sdk/mb_usb_hdmi_top/tempdsa/mb_usb_hdmi_top.xsa
TRACE::2024-10-24.20:37:59::SCWPlatform::DSA directory C:/Users/realk/Desktop/labb6/reallab6part2_sdk/mb_usb_hdmi_top/tempdsa
TRACE::2024-10-24.20:37:59::SCWPlatform:: Platform Path C:/Users/realk/Desktop/labb6/reallab6part2_sdk/mb_usb_hdmi_top/tempdsa/mb_usb_hdmi_top.xsa
TRACE::2024-10-24.20:37:59::SCWPlatform:: Unique name xilinx:::0.0
TRACE::2024-10-24.20:37:59::SCWPlatform::update - Opened existing hwdb mb_usb_hdmi_top_23
TRACE::2024-10-24.20:37:59::SCWPlatform::Found the Hw Db part of the input DSA
TRACE::2024-10-24.20:37:59::SCWMssOS::Saving the mss changes C:/Users/realk/Desktop/labb6/reallab6part2_sdk/mb_usb_hdmi_top/microblaze_0/standalone_microblaze_0/bsp/system.mss
TRACE::2024-10-24.20:37:59::SCWMssOS::Found a swdesign opened with the mssfile.
TRACE::2024-10-24.20:37:59::SCWMssOS::Completed writemss as part of save.
TRACE::2024-10-24.20:37:59::SCWMssOS::Commit changes completed.
TRACE::2024-10-24.20:37:59::SCWMssOS::Completed hw sync for the mss in domain: standalone_microblaze_0
TRACE::2024-10-24.20:37:59::SCWMssOS::Removing the swdes entry for  C:/Users/realk/Desktop/labb6/reallab6part2_sdk/mb_usb_hdmi_top/microblaze_0/standalone_microblaze_0/bsp/system.mss
TRACE::2024-10-24.20:37:59::SCWPlatform::Trying to open the hw design at C:/Users/realk/Desktop/labb6/reallab6part2_sdk/mb_usb_hdmi_top/hw/mb_usb_hdmi_top.xsa
TRACE::2024-10-24.20:37:59::SCWPlatform::DSA given C:/Users/realk/Desktop/labb6/reallab6part2_sdk/mb_usb_hdmi_top/hw/mb_usb_hdmi_top.xsa
TRACE::2024-10-24.20:37:59::SCWPlatform::DSA absoulate path C:/Users/realk/Desktop/labb6/reallab6part2_sdk/mb_usb_hdmi_top/hw/mb_usb_hdmi_top.xsa
TRACE::2024-10-24.20:37:59::SCWPlatform::DSA directory C:/Users/realk/Desktop/labb6/reallab6part2_sdk/mb_usb_hdmi_top/hw
TRACE::2024-10-24.20:37:59::SCWPlatform:: Platform Path C:/Users/realk/Desktop/labb6/reallab6part2_sdk/mb_usb_hdmi_top/hw/mb_usb_hdmi_top.xsa
TRACE::2024-10-24.20:37:59::SCWPlatform:: Unique name xilinx:::0.0
TRACE::2024-10-24.20:37:59::SCWPlatform::Do not have an existing db opened. 
TRACE::2024-10-24.20:37:59::SCWPlatform::Opened new HwDB with name mb_usb_hdmi_top_24
TRACE::2024-10-24.20:37:59::SCWMssOS::Saving the mss changes C:/Users/realk/Desktop/labb6/reallab6part2_sdk/mb_usb_hdmi_top/microblaze_0/standalone_microblaze_0/bsp/system.mss
TRACE::2024-10-24.20:37:59::SCWMssOS::Adding the swdes entry, mss present, able to open swdb C:/Users/realk/Desktop/labb6/reallab6part2_sdk/mb_usb_hdmi_top/microblaze_0/standalone_microblaze_0/bsp/system.mss with des name system
TRACE::2024-10-24.20:37:59::SCWMssOS::Writing the mss file completed C:/Users/realk/Desktop/labb6/reallab6part2_sdk/mb_usb_hdmi_top/microblaze_0/standalone_microblaze_0/bsp/system.mss
TRACE::2024-10-24.20:37:59::SCWMssOS::Commit changes completed.
TRACE::2024-10-24.20:37:59::SCWPlatform::Trying to open the hw design at C:/Users/realk/Desktop/labb6/reallab6part2_sdk/mb_usb_hdmi_top/hw/mb_usb_hdmi_top.xsa
TRACE::2024-10-24.20:37:59::SCWPlatform::DSA given C:/Users/realk/Desktop/labb6/reallab6part2_sdk/mb_usb_hdmi_top/hw/mb_usb_hdmi_top.xsa
TRACE::2024-10-24.20:37:59::SCWPlatform::DSA absoulate path C:/Users/realk/Desktop/labb6/reallab6part2_sdk/mb_usb_hdmi_top/hw/mb_usb_hdmi_top.xsa
TRACE::2024-10-24.20:37:59::SCWPlatform::DSA directory C:/Users/realk/Desktop/labb6/reallab6part2_sdk/mb_usb_hdmi_top/hw
TRACE::2024-10-24.20:37:59::SCWPlatform:: Platform Path C:/Users/realk/Desktop/labb6/reallab6part2_sdk/mb_usb_hdmi_top/hw/mb_usb_hdmi_top.xsa
TRACE::2024-10-24.20:37:59::SCWPlatform:: Unique name xilinx:::0.0
TRACE::2024-10-24.20:37:59::SCWPlatform::Trying to set the existing hwdb with name mb_usb_hdmi_top_24
TRACE::2024-10-24.20:37:59::SCWPlatform::Opened existing hwdb mb_usb_hdmi_top_24
TRACE::2024-10-24.20:37:59::SCWPlatform::Found the Hw Db part of the input DSA
TRACE::2024-10-24.20:37:59::SCWMssOS::Checking the sw design at  C:/Users/realk/Desktop/labb6/reallab6part2_sdk/mb_usb_hdmi_top/microblaze_0/standalone_microblaze_0/bsp/system.mss
TRACE::2024-10-24.20:37:59::SCWMssOS::DEBUG:  swdes dump  C:/Users/realk/Desktop/labb6/reallab6part2_sdk/mb_usb_hdmi_top/microblaze_0/standalone_microblaze_0/bsp/system.mss|system||

TRACE::2024-10-24.20:37:59::SCWMssOS::Sw design exists and opened at  C:/Users/realk/Desktop/labb6/reallab6part2_sdk/mb_usb_hdmi_top/microblaze_0/standalone_microblaze_0/bsp/system.mss
TRACE::2024-10-24.20:37:59::SCWWriter::formatted JSON is {
	"platformName":	"mb_usb_hdmi_top",
	"sprVersion":	"2.0",
	"mode":	"cmd",
	"dsaType":	"Fixed",
	"platformDesc":	"mb_usb_hdmi_top",
	"platHandOff":	"C:/Users/realk/Desktop/labb6/mb_usb_hdmi_top.xsa",
	"platIntHandOff":	"<platformDir>/hw/mb_usb_hdmi_top.xsa",
	"deviceType":	"FPGA",
	"platIsPrebuiltAutogen":	"false",
	"platIsNoBootBsp":	"false",
	"hasFsblMakeHasChanges":	"false",
	"hasPmufwMakeHasChanges":	"false",
	"platPreBuiltFlag":	false,
	"platformSamplesDir":	"",
	"platActiveSys":	"mb_usb_hdmi_top",
	"systems":	[{
			"systemName":	"mb_usb_hdmi_top",
			"systemDesc":	"mb_usb_hdmi_top",
			"sysIsBootAutoGen":	"true",
			"systemDispName":	"mb_usb_hdmi_top",
			"sysActiveDom":	"standalone_microblaze_0",
			"sysDefaultDom":	"standalone_microblaze_0",
			"domains":	[{
					"domainName":	"standalone_microblaze_0",
					"domainDispName":	"standalone_microblaze_0",
					"domainDesc":	"standalone_microblaze_0",
					"processors":	"microblaze_0",
					"os":	"standalone",
					"sdxOs":	"standalone",
					"debugEnable":	"False",
					"domRuntimes":	["cpp"],
					"swRepo":	"",
					"mssOsVer":	"8.0",
					"mssFile":	"",
					"md5Digest":	"304529987e879521ca977c68d163f3621",
					"compatibleApp":	"",
					"domType":	"mssDomain",
					"arch":	"32-bit",
					"appSettings":	{
						"appCompilerFlags":	"",
						"appLinkerFlags":	""
					},
					"addedLibs":	[],
					"libOptions":	{
						"libsContainingOptions":	[]
					},
					"prebuiltLibs":	{
						"prebuiltIncPath":	[],
						"prebuiltLibPath":	[]
					},
					"isolation":	{
					}
				}]
		}]
}
LOG::2024-10-24.20:38:09::SCWPlatform::Started generating the artifacts platform mb_usb_hdmi_top
TRACE::2024-10-24.20:38:09::SCWPlatform::Sanity checking of platform is completed
LOG::2024-10-24.20:38:09::SCWPlatform::Started generating the artifacts for system configuration mb_usb_hdmi_top
LOG::2024-10-24.20:38:09::SCWSystem::Checking the domain standalone_microblaze_0
LOG::2024-10-24.20:38:09::SCWSystem::Not a boot domain 
LOG::2024-10-24.20:38:09::SCWSystem::Started Processing the domain standalone_microblaze_0
TRACE::2024-10-24.20:38:09::SCWDomain::Generating domain artifcats
TRACE::2024-10-24.20:38:09::SCWMssOS::Generating standalone artifcats
TRACE::2024-10-24.20:38:09::SCWMssOS:: Copying the user libraries. 
TRACE::2024-10-24.20:38:09::SCWPlatform::Trying to open the hw design at C:/Users/realk/Desktop/labb6/reallab6part2_sdk/mb_usb_hdmi_top/hw/mb_usb_hdmi_top.xsa
TRACE::2024-10-24.20:38:09::SCWPlatform::DSA given C:/Users/realk/Desktop/labb6/reallab6part2_sdk/mb_usb_hdmi_top/hw/mb_usb_hdmi_top.xsa
TRACE::2024-10-24.20:38:09::SCWPlatform::DSA absoulate path C:/Users/realk/Desktop/labb6/reallab6part2_sdk/mb_usb_hdmi_top/hw/mb_usb_hdmi_top.xsa
TRACE::2024-10-24.20:38:09::SCWPlatform::DSA directory C:/Users/realk/Desktop/labb6/reallab6part2_sdk/mb_usb_hdmi_top/hw
TRACE::2024-10-24.20:38:09::SCWPlatform:: Platform Path C:/Users/realk/Desktop/labb6/reallab6part2_sdk/mb_usb_hdmi_top/hw/mb_usb_hdmi_top.xsa
TRACE::2024-10-24.20:38:09::SCWPlatform:: Unique name xilinx:::0.0
TRACE::2024-10-24.20:38:09::SCWPlatform::Trying to set the existing hwdb with name mb_usb_hdmi_top_24
TRACE::2024-10-24.20:38:09::SCWPlatform::Opened existing hwdb mb_usb_hdmi_top_24
TRACE::2024-10-24.20:38:09::SCWPlatform::Found the Hw Db part of the input DSA
TRACE::2024-10-24.20:38:09::SCWMssOS::Checking the sw design at  C:/Users/realk/Desktop/labb6/reallab6part2_sdk/mb_usb_hdmi_top/microblaze_0/standalone_microblaze_0/bsp/system.mss
TRACE::2024-10-24.20:38:09::SCWMssOS::DEBUG:  swdes dump  C:/Users/realk/Desktop/labb6/reallab6part2_sdk/mb_usb_hdmi_top/microblaze_0/standalone_microblaze_0/bsp/system.mss|system||

TRACE::2024-10-24.20:38:09::SCWMssOS::Sw design exists and opened at  C:/Users/realk/Desktop/labb6/reallab6part2_sdk/mb_usb_hdmi_top/microblaze_0/standalone_microblaze_0/bsp/system.mss
TRACE::2024-10-24.20:38:09::SCWMssOS::Completed writing the mss file at C:/Users/realk/Desktop/labb6/reallab6part2_sdk/mb_usb_hdmi_top/microblaze_0/standalone_microblaze_0/bsp
TRACE::2024-10-24.20:38:09::SCWMssOS::Mss edits present, copying mssfile into export location C:/Users/realk/Desktop/labb6/reallab6part2_sdk/mb_usb_hdmi_top/microblaze_0/standalone_microblaze_0/bsp/system.mss
TRACE::2024-10-24.20:38:10::SCWMssOS::bsp generated is stale removing and regenerating. 
TRACE::2024-10-24.20:38:15::SCWMssOS::doing bsp build ... 
TRACE::2024-10-24.20:38:15::SCWMssOS::System Command Ran  C: & cd  C:/Users/realk/Desktop/labb6/reallab6part2_sdk/mb_usb_hdmi_top/microblaze_0/standalone_microblaze_0/bsp & make 
TRACE::2024-10-24.20:38:15::SCWMssOS::make --no-print-directory seq_libs

TRACE::2024-10-24.20:38:15::SCWMssOS::'Finished building libraries sequentially.'

TRACE::2024-10-24.20:38:15::SCWMssOS::make -j 14 --no-print-directory par_libs

TRACE::2024-10-24.20:38:15::SCWMssOS::"Running Make include in microblaze_0/libsrc/bram_v4_8/src"

TRACE::2024-10-24.20:38:16::SCWMssOS::make -C microblaze_0/libsrc/bram_v4_8/src -s include  "SHELL=CMD" "COMPILER=mb-gcc" "ASSEMBLER=mb-as" "ARCHIVER=mb-ar" "COMPILE
TRACE::2024-10-24.20:38:16::SCWMssOS::R_FLAGS=  -O2 -c -mcpu=v11.0 -mlittle-endian -mno-xl-reorder -mno-xl-soft-mul -mxl-barrel-shift -mxl-pattern-compare" "EXTRA_CO
TRACE::2024-10-24.20:38:16::SCWMssOS::MPILER_FLAGS=-g -ffunction-sections -fdata-sections -Wall -Wextra -fno-tree-loop-distribute-patterns"

TRACE::2024-10-24.20:38:16::SCWMssOS::"Running Make include in microblaze_0/libsrc/cpu_v2_16/src"

TRACE::2024-10-24.20:38:16::SCWMssOS::make -C microblaze_0/libsrc/cpu_v2_16/src -s include  "SHELL=CMD" "COMPILER=mb-gcc" "ASSEMBLER=mb-as" "ARCHIVER=mb-ar" "COMPILE
TRACE::2024-10-24.20:38:16::SCWMssOS::R_FLAGS=  -O2 -c -mcpu=v11.0 -mlittle-endian -mno-xl-reorder -mno-xl-soft-mul -mxl-barrel-shift -mxl-pattern-compare" "EXTRA_CO
TRACE::2024-10-24.20:38:16::SCWMssOS::MPILER_FLAGS=-g -ffunction-sections -fdata-sections -Wall -Wextra -fno-tree-loop-distribute-patterns"

TRACE::2024-10-24.20:38:16::SCWMssOS::"Running Make include in microblaze_0/libsrc/gpio_v4_9/src"

TRACE::2024-10-24.20:38:16::SCWMssOS::make -C microblaze_0/libsrc/gpio_v4_9/src -s include  "SHELL=CMD" "COMPILER=mb-gcc" "ASSEMBLER=mb-as" "ARCHIVER=mb-ar" "COMPILE
TRACE::2024-10-24.20:38:16::SCWMssOS::R_FLAGS=  -O2 -c -mcpu=v11.0 -mlittle-endian -mno-xl-reorder -mno-xl-soft-mul -mxl-barrel-shift -mxl-pattern-compare" "EXTRA_CO
TRACE::2024-10-24.20:38:16::SCWMssOS::MPILER_FLAGS=-g -ffunction-sections -fdata-sections -Wall -Wextra -fno-tree-loop-distribute-patterns"

TRACE::2024-10-24.20:38:16::SCWMssOS::"Running Make include in microblaze_0/libsrc/intc_v3_15/src"

TRACE::2024-10-24.20:38:16::SCWMssOS::make -C microblaze_0/libsrc/intc_v3_15/src -s include  "SHELL=CMD" "COMPILER=mb-gcc" "ASSEMBLER=mb-as" "ARCHIVER=mb-ar" "COMPIL
TRACE::2024-10-24.20:38:16::SCWMssOS::ER_FLAGS=  -O2 -c -mcpu=v11.0 -mlittle-endian -mno-xl-reorder -mno-xl-soft-mul -mxl-barrel-shift -mxl-pattern-compare" "EXTRA_C
TRACE::2024-10-24.20:38:16::SCWMssOS::OMPILER_FLAGS=-g -ffunction-sections -fdata-sections -Wall -Wextra -fno-tree-loop-distribute-patterns"

TRACE::2024-10-24.20:38:16::SCWMssOS::"Running Make include in microblaze_0/libsrc/spi_v4_9/src"

TRACE::2024-10-24.20:38:16::SCWMssOS::make -C microblaze_0/libsrc/spi_v4_9/src -s include  "SHELL=CMD" "COMPILER=mb-gcc" "ASSEMBLER=mb-as" "ARCHIVER=mb-ar" "COMPILER
TRACE::2024-10-24.20:38:16::SCWMssOS::_FLAGS=  -O2 -c -mcpu=v11.0 -mlittle-endian -mno-xl-reorder -mno-xl-soft-mul -mxl-barrel-shift -mxl-pattern-compare" "EXTRA_COM
TRACE::2024-10-24.20:38:16::SCWMssOS::PILER_FLAGS=-g -ffunction-sections -fdata-sections -Wall -Wextra -fno-tree-loop-distribute-patterns"

TRACE::2024-10-24.20:38:16::SCWMssOS::"Running Make include in microblaze_0/libsrc/standalone_v8_0/src"

TRACE::2024-10-24.20:38:16::SCWMssOS::make -C microblaze_0/libsrc/standalone_v8_0/src -s include  "SHELL=CMD" "COMPILER=mb-gcc" "ASSEMBLER=mb-as" "ARCHIVER=mb-ar" "C
TRACE::2024-10-24.20:38:16::SCWMssOS::OMPILER_FLAGS=  -O2 -c -mcpu=v11.0 -mlittle-endian -mno-xl-reorder -mno-xl-soft-mul -mxl-barrel-shift -mxl-pattern-compare" "EX
TRACE::2024-10-24.20:38:16::SCWMssOS::TRA_COMPILER_FLAGS=-g -ffunction-sections -fdata-sections -Wall -Wextra -fno-tree-loop-distribute-patterns"

TRACE::2024-10-24.20:38:16::SCWMssOS::"Running Make include in microblaze_0/libsrc/tmrctr_v4_9/src"

TRACE::2024-10-24.20:38:16::SCWMssOS::make -C microblaze_0/libsrc/tmrctr_v4_9/src -s include  "SHELL=CMD" "COMPILER=mb-gcc" "ASSEMBLER=mb-as" "ARCHIVER=mb-ar" "COMPI
TRACE::2024-10-24.20:38:16::SCWMssOS::LER_FLAGS=  -O2 -c -mcpu=v11.0 -mlittle-endian -mno-xl-reorder -mno-xl-soft-mul -mxl-barrel-shift -mxl-pattern-compare" "EXTRA_
TRACE::2024-10-24.20:38:16::SCWMssOS::COMPILER_FLAGS=-g -ffunction-sections -fdata-sections -Wall -Wextra -fno-tree-loop-distribute-patterns"

TRACE::2024-10-24.20:38:16::SCWMssOS::"Running Make include in microblaze_0/libsrc/uartlite_v3_7/src"

TRACE::2024-10-24.20:38:16::SCWMssOS::make -C microblaze_0/libsrc/uartlite_v3_7/src -s include  "SHELL=CMD" "COMPILER=mb-gcc" "ASSEMBLER=mb-as" "ARCHIVER=mb-ar" "COM
TRACE::2024-10-24.20:38:16::SCWMssOS::PILER_FLAGS=  -O2 -c -mcpu=v11.0 -mlittle-endian -mno-xl-reorder -mno-xl-soft-mul -mxl-barrel-shift -mxl-pattern-compare" "EXTR
TRACE::2024-10-24.20:38:16::SCWMssOS::A_COMPILER_FLAGS=-g -ffunction-sections -fdata-sections -Wall -Wextra -fno-tree-loop-distribute-patterns"

TRACE::2024-10-24.20:38:18::SCWMssOS::"Running Make libs in microblaze_0/libsrc/bram_v4_8/src"

TRACE::2024-10-24.20:38:18::SCWMssOS::make -C microblaze_0/libsrc/bram_v4_8/src -s libs  "SHELL=CMD" "COMPILER=mb-gcc" "ASSEMBLER=mb-as" "ARCHIVER=mb-ar" "COMPILER_F
TRACE::2024-10-24.20:38:18::SCWMssOS::LAGS=  -O2 -c -mcpu=v11.0 -mlittle-endian -mno-xl-reorder -mno-xl-soft-mul -mxl-barrel-shift -mxl-pattern-compare" "EXTRA_COMPI
TRACE::2024-10-24.20:38:18::SCWMssOS::LER_FLAGS=-g -ffunction-sections -fdata-sections -Wall -Wextra -fno-tree-loop-distribute-patterns"

TRACE::2024-10-24.20:38:18::SCWMssOS::"Running Make libs in microblaze_0/libsrc/cpu_v2_16/src"

TRACE::2024-10-24.20:38:18::SCWMssOS::make -C microblaze_0/libsrc/cpu_v2_16/src -s libs  "SHELL=CMD" "COMPILER=mb-gcc" "ASSEMBLER=mb-as" "ARCHIVER=mb-ar" "COMPILER_F
TRACE::2024-10-24.20:38:18::SCWMssOS::LAGS=  -O2 -c -mcpu=v11.0 -mlittle-endian -mno-xl-reorder -mno-xl-soft-mul -mxl-barrel-shift -mxl-pattern-compare" "EXTRA_COMPI
TRACE::2024-10-24.20:38:18::SCWMssOS::LER_FLAGS=-g -ffunction-sections -fdata-sections -Wall -Wextra -fno-tree-loop-distribute-patterns"

TRACE::2024-10-24.20:38:18::SCWMssOS::"Running Make libs in microblaze_0/libsrc/gpio_v4_9/src"

TRACE::2024-10-24.20:38:18::SCWMssOS::make -C microblaze_0/libsrc/gpio_v4_9/src -s libs  "SHELL=CMD" "COMPILER=mb-gcc" "ASSEMBLER=mb-as" "ARCHIVER=mb-ar" "COMPILER_F
TRACE::2024-10-24.20:38:18::SCWMssOS::LAGS=  -O2 -c -mcpu=v11.0 -mlittle-endian -mno-xl-reorder -mno-xl-soft-mul -mxl-barrel-shift -mxl-pattern-compare" "EXTRA_COMPI
TRACE::2024-10-24.20:38:18::SCWMssOS::LER_FLAGS=-g -ffunction-sections -fdata-sections -Wall -Wextra -fno-tree-loop-distribute-patterns"

TRACE::2024-10-24.20:38:19::SCWMssOS::"Running Make libs in microblaze_0/libsrc/intc_v3_15/src"

TRACE::2024-10-24.20:38:19::SCWMssOS::make -C microblaze_0/libsrc/intc_v3_15/src -s libs  "SHELL=CMD" "COMPILER=mb-gcc" "ASSEMBLER=mb-as" "ARCHIVER=mb-ar" "COMPILER_
TRACE::2024-10-24.20:38:19::SCWMssOS::FLAGS=  -O2 -c -mcpu=v11.0 -mlittle-endian -mno-xl-reorder -mno-xl-soft-mul -mxl-barrel-shift -mxl-pattern-compare" "EXTRA_COMP
TRACE::2024-10-24.20:38:19::SCWMssOS::ILER_FLAGS=-g -ffunction-sections -fdata-sections -Wall -Wextra -fno-tree-loop-distribute-patterns"

TRACE::2024-10-24.20:38:19::SCWMssOS::"Running Make libs in microblaze_0/libsrc/spi_v4_9/src"

TRACE::2024-10-24.20:38:19::SCWMssOS::"Running Make libs in microblaze_0/libsrc/standalone_v8_0/src"

TRACE::2024-10-24.20:38:19::SCWMssOS::make -C microblaze_0/libsrc/spi_v4_9/src -s libs  "SHELL=CMD" "COMPILER=mb-gcc" "ASSEMBLER=mb-as" "ARCHIVER=mb-ar" "COMPILER_FL
TRACE::2024-10-24.20:38:19::SCWMssOS::AGS=  -O2 -c -mcpu=v11.0 -mlittle-endian -mno-xl-reorder -mno-xl-soft-mul -mxl-barrel-shift -mxl-pattern-compare" "EXTRA_COMPIL
TRACE::2024-10-24.20:38:19::SCWMssOS::ER_FLAGS=-g -ffunction-sections -fdata-sections -Wall -Wextra -fno-tree-loop-distribute-patterns"

TRACE::2024-10-24.20:38:19::SCWMssOS::make -C microblaze_0/libsrc/standalone_v8_0/src -s libs  "SHELL=CMD" "COMPILER=mb-gcc" "ASSEMBLER=mb-as" "ARCHIVER=mb-ar" "COMP
TRACE::2024-10-24.20:38:19::SCWMssOS::ILER_FLAGS=  -O2 -c -mcpu=v11.0 -mlittle-endian -mno-xl-reorder -mno-xl-soft-mul -mxl-barrel-shift -mxl-pattern-compare" "EXTRA
TRACE::2024-10-24.20:38:19::SCWMssOS::_COMPILER_FLAGS=-g -ffunction-sections -fdata-sections -Wall -Wextra -fno-tree-loop-distribute-patterns"

TRACE::2024-10-24.20:38:19::SCWMssOS::"Running Make libs in microblaze_0/libsrc/tmrctr_v4_9/src"

TRACE::2024-10-24.20:38:19::SCWMssOS::make -C microblaze_0/libsrc/tmrctr_v4_9/src -s libs  "SHELL=CMD" "COMPILER=mb-gcc" "ASSEMBLER=mb-as" "ARCHIVER=mb-ar" "COMPILER
TRACE::2024-10-24.20:38:19::SCWMssOS::_FLAGS=  -O2 -c -mcpu=v11.0 -mlittle-endian -mno-xl-reorder -mno-xl-soft-mul -mxl-barrel-shift -mxl-pattern-compare" "EXTRA_COM
TRACE::2024-10-24.20:38:19::SCWMssOS::PILER_FLAGS=-g -ffunction-sections -fdata-sections -Wall -Wextra -fno-tree-loop-distribute-patterns"

TRACE::2024-10-24.20:38:21::SCWMssOS::"Running Make libs in microblaze_0/libsrc/uartlite_v3_7/src"

TRACE::2024-10-24.20:38:21::SCWMssOS::make -C microblaze_0/libsrc/uartlite_v3_7/src -s libs  "SHELL=CMD" "COMPILER=mb-gcc" "ASSEMBLER=mb-as" "ARCHIVER=mb-ar" "COMPIL
TRACE::2024-10-24.20:38:21::SCWMssOS::ER_FLAGS=  -O2 -c -mcpu=v11.0 -mlittle-endian -mno-xl-reorder -mno-xl-soft-mul -mxl-barrel-shift -mxl-pattern-compare" "EXTRA_C
TRACE::2024-10-24.20:38:21::SCWMssOS::OMPILER_FLAGS=-g -ffunction-sections -fdata-sections -Wall -Wextra -fno-tree-loop-distribute-patterns"

TRACE::2024-10-24.20:38:30::SCWMssOS::"DEBUG NON_LTO_OBJECTS is ../../../lib/microblaze_interrupt_handler.o"

TRACE::2024-10-24.20:38:31::SCWMssOS::'Finished building libraries parallelly.'

TRACE::2024-10-24.20:38:31::SCWMssOS::make --no-print-directory archive

TRACE::2024-10-24.20:38:31::SCWMssOS::mb-ar -r  microblaze_0/lib/libxil.a microblaze_0/lib/_exit.o microblaze_0/lib/errno.o microblaze_0/lib/fcntl.o microblaze_0/lib
TRACE::2024-10-24.20:38:31::SCWMssOS::/hw_exception_handler.o microblaze_0/lib/inbyte.o microblaze_0/lib/microblaze_disable_dcache.o microblaze_0/lib/microblaze_disa
TRACE::2024-10-24.20:38:31::SCWMssOS::ble_exceptions.o microblaze_0/lib/microblaze_disable_icache.o microblaze_0/lib/microblaze_disable_interrupts.o microblaze_0/lib
TRACE::2024-10-24.20:38:31::SCWMssOS::/microblaze_enable_dcache.o microblaze_0/lib/microblaze_enable_exceptions.o microblaze_0/lib/microblaze_enable_icache.o microbl
TRACE::2024-10-24.20:38:31::SCWMssOS::aze_0/lib/microblaze_enable_interrupts.o microblaze_0/lib/microblaze_exception_handler.o microblaze_0/lib/microblaze_flush_cach
TRACE::2024-10-24.20:38:31::SCWMssOS::e_ext.o microblaze_0/lib/microblaze_flush_cache_ext_range.o microblaze_0/lib/microblaze_flush_dcache.o microblaze_0/lib/microbl
TRACE::2024-10-24.20:38:31::SCWMssOS::aze_flush_dcache_range.o microblaze_0/lib/microblaze_init_dcache_range.o microblaze_0/lib/microblaze_init_icache_range.o microb
TRACE::2024-10-24.20:38:31::SCWMssOS::laze_0/lib/microblaze_interrupt_handler.o microblaze_0/lib/microblaze_interrupts_g.o microblaze_0/lib/microblaze_invalidate_cac
TRACE::2024-10-24.20:38:31::SCWMssOS::he_ext.o microblaze_0/lib/microblaze_invalidate_cache_ext_range.o microblaze_0/lib/microblaze_invalidate_dcache.o microblaze_0/
TRACE::2024-10-24.20:38:31::SCWMssOS::lib/microblaze_invalidate_dcache_range.o microblaze_0/lib/microblaze_invalidate_icache.o microblaze_0/lib/microblaze_invalidate
TRACE::2024-10-24.20:38:31::SCWMssOS::_icache_range.o microblaze_0/lib/microblaze_scrub.o microblaze_0/lib/microblaze_selftest.o microblaze_0/lib/microblaze_sleep.o 
TRACE::2024-10-24.20:38:31::SCWMssOS::microblaze_0/lib/microblaze_update_dcache.o microblaze_0/lib/microblaze_update_icache.o microblaze_0/lib/outbyte.o microblaze_0
TRACE::2024-10-24.20:38:31::SCWMssOS::/lib/print.o microblaze_0/lib/pvr.o microblaze_0/lib/xbram.o microblaze_0/lib/xbram_g.o microblaze_0/lib/xbram_intr.o microblaz
TRACE::2024-10-24.20:38:31::SCWMssOS::e_0/lib/xbram_selftest.o microblaze_0/lib/xbram_sinit.o microblaze_0/lib/xgpio.o microblaze_0/lib/xgpio_extra.o microblaze_0/li
TRACE::2024-10-24.20:38:31::SCWMssOS::b/xgpio_g.o microblaze_0/lib/xgpio_intr.o microblaze_0/lib/xgpio_selftest.o microblaze_0/lib/xgpio_sinit.o microblaze_0/lib/xil
TRACE::2024-10-24.20:38:31::SCWMssOS::_assert.o microblaze_0/lib/xil_cache.o microblaze_0/lib/xil_clocking.o microblaze_0/lib/xil_exception.o microblaze_0/lib/xil_me
TRACE::2024-10-24.20:38:31::SCWMssOS::m.o microblaze_0/lib/xil_misc_psreset_api.o microblaze_0/lib/xil_printf.o microblaze_0/lib/xil_sleepcommon.o microblaze_0/lib/x
TRACE::2024-10-24.20:38:31::SCWMssOS::il_testcache.o microblaze_0/lib/xil_testio.o microblaze_0/lib/xil_testmem.o microblaze_0/lib/xil_util.o microblaze_0/lib/xintc.
TRACE::2024-10-24.20:38:31::SCWMssOS::o microblaze_0/lib/xintc_g.o microblaze_0/lib/xintc_intr.o microblaze_0/lib/xintc_l.o microblaze_0/lib/xintc_options.o microbla
TRACE::2024-10-24.20:38:31::SCWMssOS::ze_0/lib/xintc_selftest.o microblaze_0/lib/xinterrupt_wrap.o microblaze_0/lib/xio.o microblaze_0/lib/xplatform_info.o microblaz
TRACE::2024-10-24.20:38:31::SCWMssOS::e_0/lib/xspi.o microblaze_0/lib/xspi_g.o microblaze_0/lib/xspi_options.o microblaze_0/lib/xspi_selftest.o microblaze_0/lib/xspi
TRACE::2024-10-24.20:38:31::SCWMssOS::_sinit.o microblaze_0/lib/xspi_stats.o microblaze_0/lib/xtmrctr.o microblaze_0/lib/xtmrctr_g.o microblaze_0/lib/xtmrctr_intr.o 
TRACE::2024-10-24.20:38:31::SCWMssOS::microblaze_0/lib/xtmrctr_l.o microblaze_0/lib/xtmrctr_options.o microblaze_0/lib/xtmrctr_selftest.o microblaze_0/lib/xtmrctr_si
TRACE::2024-10-24.20:38:31::SCWMssOS::nit.o microblaze_0/lib/xtmrctr_stats.o microblaze_0/lib/xuartlite.o microblaze_0/lib/xuartlite_g.o microblaze_0/lib/xuartlite_i
TRACE::2024-10-24.20:38:31::SCWMssOS::ntr.o microblaze_0/lib/xuartlite_l.o microblaze_0/lib/xuartlite_selftest.o microblaze_0/lib/xuartlite_sinit.o microblaze_0/lib/
TRACE::2024-10-24.20:38:31::SCWMssOS::xuartlite_stats.o

TRACE::2024-10-24.20:38:31::SCWMssOS::'Finished building libraries'

TRACE::2024-10-24.20:38:33::SCWMssOS:: Checking if to create the Supporting Applications
TRACE::2024-10-24.20:38:33::SCWMssOS:: No Linux domain exists, trying to generate FSBL 
LOG::2024-10-24.20:38:33::SCWSystem::Completed Processing the domain standalone_microblaze_0
LOG::2024-10-24.20:38:33::SCWSystem::Completed Processing the sysconfig mb_usb_hdmi_top
LOG::2024-10-24.20:38:33::SCWPlatform::Completed generating the artifacts for system configuration mb_usb_hdmi_top
TRACE::2024-10-24.20:38:33::SCWPlatform::Started preparing the platform 
TRACE::2024-10-24.20:38:33::SCWSystem::Writing the bif file for system config mb_usb_hdmi_top
TRACE::2024-10-24.20:38:33::SCWSystem::dir created 
TRACE::2024-10-24.20:38:33::SCWSystem::Writing the bif 
TRACE::2024-10-24.20:38:33::SCWPlatform::Started writing the spfm file 
TRACE::2024-10-24.20:38:33::SCWPlatform::Started writing the xpfm file 
TRACE::2024-10-24.20:38:33::SCWPlatform::Completed generating the platform
TRACE::2024-10-24.20:38:33::SCWMssOS::Saving the mss changes C:/Users/realk/Desktop/labb6/reallab6part2_sdk/mb_usb_hdmi_top/microblaze_0/standalone_microblaze_0/bsp/system.mss
TRACE::2024-10-24.20:38:33::SCWMssOS::Adding the swdes entry, mss present, able to open swdb C:/Users/realk/Desktop/labb6/reallab6part2_sdk/mb_usb_hdmi_top/microblaze_0/standalone_microblaze_0/bsp/system.mss with des name system
TRACE::2024-10-24.20:38:33::SCWMssOS::Writing the mss file completed C:/Users/realk/Desktop/labb6/reallab6part2_sdk/mb_usb_hdmi_top/microblaze_0/standalone_microblaze_0/bsp/system.mss
TRACE::2024-10-24.20:38:33::SCWMssOS::Commit changes completed.
TRACE::2024-10-24.20:38:33::SCWPlatform::Trying to open the hw design at C:/Users/realk/Desktop/labb6/reallab6part2_sdk/mb_usb_hdmi_top/hw/mb_usb_hdmi_top.xsa
TRACE::2024-10-24.20:38:33::SCWPlatform::DSA given C:/Users/realk/Desktop/labb6/reallab6part2_sdk/mb_usb_hdmi_top/hw/mb_usb_hdmi_top.xsa
TRACE::2024-10-24.20:38:33::SCWPlatform::DSA absoulate path C:/Users/realk/Desktop/labb6/reallab6part2_sdk/mb_usb_hdmi_top/hw/mb_usb_hdmi_top.xsa
TRACE::2024-10-24.20:38:33::SCWPlatform::DSA directory C:/Users/realk/Desktop/labb6/reallab6part2_sdk/mb_usb_hdmi_top/hw
TRACE::2024-10-24.20:38:33::SCWPlatform:: Platform Path C:/Users/realk/Desktop/labb6/reallab6part2_sdk/mb_usb_hdmi_top/hw/mb_usb_hdmi_top.xsa
TRACE::2024-10-24.20:38:33::SCWPlatform:: Unique name xilinx:::0.0
TRACE::2024-10-24.20:38:33::SCWPlatform::Trying to set the existing hwdb with name mb_usb_hdmi_top_24
TRACE::2024-10-24.20:38:33::SCWPlatform::Opened existing hwdb mb_usb_hdmi_top_24
TRACE::2024-10-24.20:38:33::SCWPlatform::Found the Hw Db part of the input DSA
TRACE::2024-10-24.20:38:33::SCWMssOS::Checking the sw design at  C:/Users/realk/Desktop/labb6/reallab6part2_sdk/mb_usb_hdmi_top/microblaze_0/standalone_microblaze_0/bsp/system.mss
TRACE::2024-10-24.20:38:33::SCWMssOS::DEBUG:  swdes dump  C:/Users/realk/Desktop/labb6/reallab6part2_sdk/mb_usb_hdmi_top/microblaze_0/standalone_microblaze_0/bsp/system.mss|system||

TRACE::2024-10-24.20:38:33::SCWMssOS::Sw design exists and opened at  C:/Users/realk/Desktop/labb6/reallab6part2_sdk/mb_usb_hdmi_top/microblaze_0/standalone_microblaze_0/bsp/system.mss
TRACE::2024-10-24.20:38:33::SCWWriter::formatted JSON is {
	"platformName":	"mb_usb_hdmi_top",
	"sprVersion":	"2.0",
	"mode":	"cmd",
	"dsaType":	"Fixed",
	"platformDesc":	"mb_usb_hdmi_top",
	"platHandOff":	"C:/Users/realk/Desktop/labb6/mb_usb_hdmi_top.xsa",
	"platIntHandOff":	"<platformDir>/hw/mb_usb_hdmi_top.xsa",
	"deviceType":	"FPGA",
	"platIsPrebuiltAutogen":	"false",
	"platIsNoBootBsp":	"false",
	"hasFsblMakeHasChanges":	"false",
	"hasPmufwMakeHasChanges":	"false",
	"platPreBuiltFlag":	false,
	"platformSamplesDir":	"",
	"platActiveSys":	"mb_usb_hdmi_top",
	"systems":	[{
			"systemName":	"mb_usb_hdmi_top",
			"systemDesc":	"mb_usb_hdmi_top",
			"sysIsBootAutoGen":	"true",
			"systemDispName":	"mb_usb_hdmi_top",
			"sysActiveDom":	"standalone_microblaze_0",
			"sysDefaultDom":	"standalone_microblaze_0",
			"domains":	[{
					"domainName":	"standalone_microblaze_0",
					"domainDispName":	"standalone_microblaze_0",
					"domainDesc":	"standalone_microblaze_0",
					"processors":	"microblaze_0",
					"os":	"standalone",
					"sdxOs":	"standalone",
					"debugEnable":	"False",
					"domRuntimes":	["cpp"],
					"swRepo":	"",
					"mssOsVer":	"8.0",
					"mssFile":	"",
					"md5Digest":	"304529987e879521ca977c68d163f362",
					"compatibleApp":	"",
					"domType":	"mssDomain",
					"arch":	"32-bit",
					"appSettings":	{
						"appCompilerFlags":	"",
						"appLinkerFlags":	""
					},
					"addedLibs":	[],
					"libOptions":	{
						"libsContainingOptions":	[]
					},
					"prebuiltLibs":	{
						"prebuiltIncPath":	[],
						"prebuiltLibPath":	[]
					},
					"isolation":	{
					}
				}]
		}]
}
KEYINFO::2024-10-24.20:38:33::SCWPlatform::updated the xpfm file.
TRACE::2024-10-24.20:38:33::SCWPlatform::Trying to open the hw design at C:/Users/realk/Desktop/labb6/reallab6part2_sdk/mb_usb_hdmi_top/hw/mb_usb_hdmi_top.xsa
TRACE::2024-10-24.20:38:33::SCWPlatform::DSA given C:/Users/realk/Desktop/labb6/reallab6part2_sdk/mb_usb_hdmi_top/hw/mb_usb_hdmi_top.xsa
TRACE::2024-10-24.20:38:33::SCWPlatform::DSA absoulate path C:/Users/realk/Desktop/labb6/reallab6part2_sdk/mb_usb_hdmi_top/hw/mb_usb_hdmi_top.xsa
TRACE::2024-10-24.20:38:33::SCWPlatform::DSA directory C:/Users/realk/Desktop/labb6/reallab6part2_sdk/mb_usb_hdmi_top/hw
TRACE::2024-10-24.20:38:33::SCWPlatform:: Platform Path C:/Users/realk/Desktop/labb6/reallab6part2_sdk/mb_usb_hdmi_top/hw/mb_usb_hdmi_top.xsa
TRACE::2024-10-24.20:38:33::SCWPlatform:: Unique name xilinx:::0.0
TRACE::2024-10-24.20:38:33::SCWPlatform::Trying to set the existing hwdb with name mb_usb_hdmi_top_24
TRACE::2024-10-24.20:38:33::SCWPlatform::Opened existing hwdb mb_usb_hdmi_top_24
TRACE::2024-10-24.20:38:33::SCWPlatform::Found the Hw Db part of the input DSA
TRACE::2024-10-24.20:38:33::SCWMssOS::Checking the sw design at  C:/Users/realk/Desktop/labb6/reallab6part2_sdk/mb_usb_hdmi_top/microblaze_0/standalone_microblaze_0/bsp/system.mss
TRACE::2024-10-24.20:38:33::SCWMssOS::DEBUG:  swdes dump  C:/Users/realk/Desktop/labb6/reallab6part2_sdk/mb_usb_hdmi_top/microblaze_0/standalone_microblaze_0/bsp/system.mss|system||

TRACE::2024-10-24.20:38:33::SCWMssOS::Sw design exists and opened at  C:/Users/realk/Desktop/labb6/reallab6part2_sdk/mb_usb_hdmi_top/microblaze_0/standalone_microblaze_0/bsp/system.mss
TRACE::2024-10-24.20:49:04::SCWPlatform::Trying to open the hw design at C:/Users/realk/Desktop/labb6/reallab6part2_sdk/mb_usb_hdmi_top/hw/mb_usb_hdmi_top.xsa
TRACE::2024-10-24.20:49:04::SCWPlatform::DSA given C:/Users/realk/Desktop/labb6/reallab6part2_sdk/mb_usb_hdmi_top/hw/mb_usb_hdmi_top.xsa
TRACE::2024-10-24.20:49:04::SCWPlatform::DSA absoulate path C:/Users/realk/Desktop/labb6/reallab6part2_sdk/mb_usb_hdmi_top/hw/mb_usb_hdmi_top.xsa
TRACE::2024-10-24.20:49:04::SCWPlatform::DSA directory C:/Users/realk/Desktop/labb6/reallab6part2_sdk/mb_usb_hdmi_top/hw
TRACE::2024-10-24.20:49:04::SCWPlatform:: Platform Path C:/Users/realk/Desktop/labb6/reallab6part2_sdk/mb_usb_hdmi_top/hw/mb_usb_hdmi_top.xsa
TRACE::2024-10-24.20:49:04::SCWPlatform:: Unique name xilinx:::0.0
TRACE::2024-10-24.20:49:04::SCWPlatform::Do not have an existing db opened. 
TRACE::2024-10-24.20:49:04::SCWPlatform::Opened new HwDB with name mb_usb_hdmi_top
TRACE::2024-10-24.20:49:04::SCWReader::Active system found as  mb_usb_hdmi_top
TRACE::2024-10-24.20:49:04::SCWReader::Handling sysconfig mb_usb_hdmi_top
TRACE::2024-10-24.20:49:04::SCWDomain::checking for install qemu data   : 
TRACE::2024-10-24.20:49:04::SCWPlatform::Trying to open the hw design at C:/Users/realk/Desktop/labb6/reallab6part2_sdk/mb_usb_hdmi_top/hw/mb_usb_hdmi_top.xsa
TRACE::2024-10-24.20:49:04::SCWPlatform::DSA given C:/Users/realk/Desktop/labb6/reallab6part2_sdk/mb_usb_hdmi_top/hw/mb_usb_hdmi_top.xsa
TRACE::2024-10-24.20:49:04::SCWPlatform::DSA absoulate path C:/Users/realk/Desktop/labb6/reallab6part2_sdk/mb_usb_hdmi_top/hw/mb_usb_hdmi_top.xsa
TRACE::2024-10-24.20:49:04::SCWPlatform::DSA directory C:/Users/realk/Desktop/labb6/reallab6part2_sdk/mb_usb_hdmi_top/hw
TRACE::2024-10-24.20:49:04::SCWPlatform:: Platform Path C:/Users/realk/Desktop/labb6/reallab6part2_sdk/mb_usb_hdmi_top/hw/mb_usb_hdmi_top.xsa
TRACE::2024-10-24.20:49:04::SCWPlatform:: Unique name xilinx:::0.0
TRACE::2024-10-24.20:49:04::SCWPlatform::Trying to set the existing hwdb with name mb_usb_hdmi_top
TRACE::2024-10-24.20:49:04::SCWPlatform::Opened existing hwdb mb_usb_hdmi_top
TRACE::2024-10-24.20:49:04::SCWPlatform::Found the Hw Db part of the input DSA
TRACE::2024-10-24.20:49:04::SCWPlatform::Trying to open the hw design at C:/Users/realk/Desktop/labb6/reallab6part2_sdk/mb_usb_hdmi_top/hw/mb_usb_hdmi_top.xsa
TRACE::2024-10-24.20:49:04::SCWPlatform::DSA given C:/Users/realk/Desktop/labb6/reallab6part2_sdk/mb_usb_hdmi_top/hw/mb_usb_hdmi_top.xsa
TRACE::2024-10-24.20:49:04::SCWPlatform::DSA absoulate path C:/Users/realk/Desktop/labb6/reallab6part2_sdk/mb_usb_hdmi_top/hw/mb_usb_hdmi_top.xsa
TRACE::2024-10-24.20:49:04::SCWPlatform::DSA directory C:/Users/realk/Desktop/labb6/reallab6part2_sdk/mb_usb_hdmi_top/hw
TRACE::2024-10-24.20:49:04::SCWPlatform:: Platform Path C:/Users/realk/Desktop/labb6/reallab6part2_sdk/mb_usb_hdmi_top/hw/mb_usb_hdmi_top.xsa
TRACE::2024-10-24.20:49:04::SCWPlatform:: Unique name xilinx:::0.0
TRACE::2024-10-24.20:49:04::SCWPlatform::Trying to set the existing hwdb with name mb_usb_hdmi_top
TRACE::2024-10-24.20:49:04::SCWPlatform::Opened existing hwdb mb_usb_hdmi_top
TRACE::2024-10-24.20:49:04::SCWPlatform::Found the Hw Db part of the input DSA
TRACE::2024-10-24.20:49:04::SCWPlatform::Trying to open the hw design at C:/Users/realk/Desktop/labb6/reallab6part2_sdk/mb_usb_hdmi_top/hw/mb_usb_hdmi_top.xsa
TRACE::2024-10-24.20:49:04::SCWPlatform::DSA given C:/Users/realk/Desktop/labb6/reallab6part2_sdk/mb_usb_hdmi_top/hw/mb_usb_hdmi_top.xsa
TRACE::2024-10-24.20:49:04::SCWPlatform::DSA absoulate path C:/Users/realk/Desktop/labb6/reallab6part2_sdk/mb_usb_hdmi_top/hw/mb_usb_hdmi_top.xsa
TRACE::2024-10-24.20:49:04::SCWPlatform::DSA directory C:/Users/realk/Desktop/labb6/reallab6part2_sdk/mb_usb_hdmi_top/hw
TRACE::2024-10-24.20:49:04::SCWPlatform:: Platform Path C:/Users/realk/Desktop/labb6/reallab6part2_sdk/mb_usb_hdmi_top/hw/mb_usb_hdmi_top.xsa
TRACE::2024-10-24.20:49:04::SCWPlatform:: Unique name xilinx:::0.0
TRACE::2024-10-24.20:49:04::SCWPlatform::Trying to set the existing hwdb with name mb_usb_hdmi_top
TRACE::2024-10-24.20:49:04::SCWPlatform::Opened existing hwdb mb_usb_hdmi_top
TRACE::2024-10-24.20:49:04::SCWPlatform::Found the Hw Db part of the input DSA
TRACE::2024-10-24.20:49:04::SCWPlatform::Trying to open the hw design at C:/Users/realk/Desktop/labb6/reallab6part2_sdk/mb_usb_hdmi_top/hw/mb_usb_hdmi_top.xsa
TRACE::2024-10-24.20:49:04::SCWPlatform::DSA given C:/Users/realk/Desktop/labb6/reallab6part2_sdk/mb_usb_hdmi_top/hw/mb_usb_hdmi_top.xsa
TRACE::2024-10-24.20:49:04::SCWPlatform::DSA absoulate path C:/Users/realk/Desktop/labb6/reallab6part2_sdk/mb_usb_hdmi_top/hw/mb_usb_hdmi_top.xsa
TRACE::2024-10-24.20:49:04::SCWPlatform::DSA directory C:/Users/realk/Desktop/labb6/reallab6part2_sdk/mb_usb_hdmi_top/hw
TRACE::2024-10-24.20:49:04::SCWPlatform:: Platform Path C:/Users/realk/Desktop/labb6/reallab6part2_sdk/mb_usb_hdmi_top/hw/mb_usb_hdmi_top.xsa
TRACE::2024-10-24.20:49:04::SCWPlatform:: Unique name xilinx:::0.0
TRACE::2024-10-24.20:49:04::SCWPlatform::Trying to set the existing hwdb with name mb_usb_hdmi_top
TRACE::2024-10-24.20:49:04::SCWPlatform::Opened existing hwdb mb_usb_hdmi_top
TRACE::2024-10-24.20:49:04::SCWPlatform::Found the Hw Db part of the input DSA
TRACE::2024-10-24.20:49:04::SCWMssOS::Checking the sw design at  C:/Users/realk/Desktop/labb6/reallab6part2_sdk/mb_usb_hdmi_top/microblaze_0/standalone_microblaze_0/bsp/system.mss
TRACE::2024-10-24.20:49:04::SCWMssOS::DEBUG:  swdes dump  
TRACE::2024-10-24.20:49:04::SCWMssOS::No sw design opened at  C:/Users/realk/Desktop/labb6/reallab6part2_sdk/mb_usb_hdmi_top/microblaze_0/standalone_microblaze_0/bsp/system.mss
TRACE::2024-10-24.20:49:04::SCWMssOS::mss exists loading the mss file  C:/Users/realk/Desktop/labb6/reallab6part2_sdk/mb_usb_hdmi_top/microblaze_0/standalone_microblaze_0/bsp/system.mss
TRACE::2024-10-24.20:49:04::SCWMssOS::Opened the sw design from mss  C:/Users/realk/Desktop/labb6/reallab6part2_sdk/mb_usb_hdmi_top/microblaze_0/standalone_microblaze_0/bsp/system.mss
TRACE::2024-10-24.20:49:04::SCWMssOS::Adding the swdes entry C:/Users/realk/Desktop/labb6/reallab6part2_sdk/mb_usb_hdmi_top/microblaze_0/standalone_microblaze_0/bsp/system.mss with des name system
TRACE::2024-10-24.20:49:04::SCWMssOS::updating the scw layer about changes
TRACE::2024-10-24.20:49:04::SCWMssOS::Opened the sw design.  C:/Users/realk/Desktop/labb6/reallab6part2_sdk/mb_usb_hdmi_top/microblaze_0/standalone_microblaze_0/bsp/system.mss
TRACE::2024-10-24.20:49:04::SCWMssOS::Saving the mss changes C:/Users/realk/Desktop/labb6/reallab6part2_sdk/mb_usb_hdmi_top/microblaze_0/standalone_microblaze_0/bsp/system.mss
TRACE::2024-10-24.20:49:04::SCWMssOS::Found a swdesign opened with the mssfile.
TRACE::2024-10-24.20:49:04::SCWMssOS::Completed writemss as part of save.
TRACE::2024-10-24.20:49:04::SCWMssOS::Commit changes completed.
TRACE::2024-10-24.20:49:04::SCWReader::Adding prebuilt librarypaths as   
TRACE::2024-10-24.20:49:04::SCWReader::Adding prebuilt incpaths  as   
TRACE::2024-10-24.20:49:04::SCWPlatform::Trying to open the hw design at C:/Users/realk/Desktop/labb6/reallab6part2_sdk/mb_usb_hdmi_top/hw/mb_usb_hdmi_top.xsa
TRACE::2024-10-24.20:49:04::SCWPlatform::DSA given C:/Users/realk/Desktop/labb6/reallab6part2_sdk/mb_usb_hdmi_top/hw/mb_usb_hdmi_top.xsa
TRACE::2024-10-24.20:49:04::SCWPlatform::DSA absoulate path C:/Users/realk/Desktop/labb6/reallab6part2_sdk/mb_usb_hdmi_top/hw/mb_usb_hdmi_top.xsa
TRACE::2024-10-24.20:49:04::SCWPlatform::DSA directory C:/Users/realk/Desktop/labb6/reallab6part2_sdk/mb_usb_hdmi_top/hw
TRACE::2024-10-24.20:49:04::SCWPlatform:: Platform Path C:/Users/realk/Desktop/labb6/reallab6part2_sdk/mb_usb_hdmi_top/hw/mb_usb_hdmi_top.xsa
TRACE::2024-10-24.20:49:04::SCWPlatform:: Unique name xilinx:::0.0
TRACE::2024-10-24.20:49:04::SCWPlatform::Trying to set the existing hwdb with name mb_usb_hdmi_top
TRACE::2024-10-24.20:49:04::SCWPlatform::Opened existing hwdb mb_usb_hdmi_top
TRACE::2024-10-24.20:49:04::SCWPlatform::Found the Hw Db part of the input DSA
TRACE::2024-10-24.20:49:04::SCWMssOS::Checking the sw design at  C:/Users/realk/Desktop/labb6/reallab6part2_sdk/mb_usb_hdmi_top/microblaze_0/standalone_microblaze_0/bsp/system.mss
TRACE::2024-10-24.20:49:04::SCWMssOS::DEBUG:  swdes dump  C:/Users/realk/Desktop/labb6/reallab6part2_sdk/mb_usb_hdmi_top/microblaze_0/standalone_microblaze_0/bsp/system.mss|system||

TRACE::2024-10-24.20:49:04::SCWMssOS::Sw design exists and opened at  C:/Users/realk/Desktop/labb6/reallab6part2_sdk/mb_usb_hdmi_top/microblaze_0/standalone_microblaze_0/bsp/system.mss
TRACE::2024-10-24.20:49:04::SCWReader::No isolation master present  
TRACE::2024-10-24.20:49:09::SCWPlatform::DSA given C:/Users/realk/Desktop/labb6/reallab6part2_sdk/mb_usb_hdmi_top/tempdsa/mb_usb_hdmi_top.xsa
TRACE::2024-10-24.20:49:09::SCWPlatform::DSA absoulate path C:/Users/realk/Desktop/labb6/reallab6part2_sdk/mb_usb_hdmi_top/tempdsa/mb_usb_hdmi_top.xsa
TRACE::2024-10-24.20:49:09::SCWPlatform:: Platform location is C:/Users/realk/Desktop/labb6/reallab6part2_sdk/mb_usb_hdmi_top/tempdsa
TRACE::2024-10-24.20:49:09::SCWPlatform:: Platform Path C:/Users/realk/Desktop/labb6/reallab6part2_sdk/mb_usb_hdmi_top/tempdsa/mb_usb_hdmi_top.xsa
TRACE::2024-10-24.20:49:09::SCWPlatform:: Unique name xilinx:::0.0
TRACE::2024-10-24.20:49:09::SCWPlatform::Found the Hw Db part of the input DSA
TRACE::2024-10-24.20:49:09::SCWMssOS::Doing hw sync for the mss in domain: standalone_microblaze_0
TRACE::2024-10-24.20:49:09::SCWPlatform::Trying to open the hw design at C:/Users/realk/Desktop/labb6/reallab6part2_sdk/mb_usb_hdmi_top/hw/mb_usb_hdmi_top.xsa
TRACE::2024-10-24.20:49:09::SCWPlatform::DSA given C:/Users/realk/Desktop/labb6/reallab6part2_sdk/mb_usb_hdmi_top/hw/mb_usb_hdmi_top.xsa
TRACE::2024-10-24.20:49:09::SCWPlatform::DSA absoulate path C:/Users/realk/Desktop/labb6/reallab6part2_sdk/mb_usb_hdmi_top/hw/mb_usb_hdmi_top.xsa
TRACE::2024-10-24.20:49:09::SCWPlatform::DSA directory C:/Users/realk/Desktop/labb6/reallab6part2_sdk/mb_usb_hdmi_top/hw
TRACE::2024-10-24.20:49:09::SCWPlatform:: Platform Path C:/Users/realk/Desktop/labb6/reallab6part2_sdk/mb_usb_hdmi_top/hw/mb_usb_hdmi_top.xsa
TRACE::2024-10-24.20:49:09::SCWPlatform:: Unique name xilinx:::0.0
TRACE::2024-10-24.20:49:09::SCWPlatform::Trying to set the existing hwdb with name mb_usb_hdmi_top
TRACE::2024-10-24.20:49:09::SCWPlatform::Opened existing hwdb mb_usb_hdmi_top
TRACE::2024-10-24.20:49:09::SCWPlatform::Found the Hw Db part of the input DSA
TRACE::2024-10-24.20:49:09::SCWPlatform::Trying to open the hw design at C:/Users/realk/Desktop/labb6/reallab6part2_sdk/mb_usb_hdmi_top/hw/mb_usb_hdmi_top.xsa
TRACE::2024-10-24.20:49:09::SCWPlatform::DSA given C:/Users/realk/Desktop/labb6/reallab6part2_sdk/mb_usb_hdmi_top/hw/mb_usb_hdmi_top.xsa
TRACE::2024-10-24.20:49:09::SCWPlatform::DSA absoulate path C:/Users/realk/Desktop/labb6/reallab6part2_sdk/mb_usb_hdmi_top/hw/mb_usb_hdmi_top.xsa
TRACE::2024-10-24.20:49:09::SCWPlatform::DSA directory C:/Users/realk/Desktop/labb6/reallab6part2_sdk/mb_usb_hdmi_top/hw
TRACE::2024-10-24.20:49:09::SCWPlatform:: Platform Path C:/Users/realk/Desktop/labb6/reallab6part2_sdk/mb_usb_hdmi_top/hw/mb_usb_hdmi_top.xsa
TRACE::2024-10-24.20:49:09::SCWPlatform:: Unique name xilinx:::0.0
TRACE::2024-10-24.20:49:09::SCWPlatform::Trying to set the existing hwdb with name mb_usb_hdmi_top
TRACE::2024-10-24.20:49:09::SCWPlatform::Opened existing hwdb mb_usb_hdmi_top
TRACE::2024-10-24.20:49:09::SCWPlatform::Found the Hw Db part of the input DSA
TRACE::2024-10-24.20:49:09::SCWMssOS::Checking the sw design at  C:/Users/realk/Desktop/labb6/reallab6part2_sdk/mb_usb_hdmi_top/microblaze_0/standalone_microblaze_0/bsp/system.mss
TRACE::2024-10-24.20:49:09::SCWMssOS::DEBUG:  swdes dump  C:/Users/realk/Desktop/labb6/reallab6part2_sdk/mb_usb_hdmi_top/microblaze_0/standalone_microblaze_0/bsp/system.mss|system||

TRACE::2024-10-24.20:49:09::SCWMssOS::Sw design exists and opened at  C:/Users/realk/Desktop/labb6/reallab6part2_sdk/mb_usb_hdmi_top/microblaze_0/standalone_microblaze_0/bsp/system.mss
TRACE::2024-10-24.20:49:09::SCWPlatform::Trying to open the hw design at C:/Users/realk/Desktop/labb6/reallab6part2_sdk/mb_usb_hdmi_top/tempdsa/mb_usb_hdmi_top.xsa
TRACE::2024-10-24.20:49:09::SCWPlatform::DSA given C:/Users/realk/Desktop/labb6/reallab6part2_sdk/mb_usb_hdmi_top/tempdsa/mb_usb_hdmi_top.xsa
TRACE::2024-10-24.20:49:09::SCWPlatform::DSA absoulate path C:/Users/realk/Desktop/labb6/reallab6part2_sdk/mb_usb_hdmi_top/tempdsa/mb_usb_hdmi_top.xsa
TRACE::2024-10-24.20:49:09::SCWPlatform::DSA directory C:/Users/realk/Desktop/labb6/reallab6part2_sdk/mb_usb_hdmi_top/tempdsa
TRACE::2024-10-24.20:49:09::SCWPlatform:: Platform Path C:/Users/realk/Desktop/labb6/reallab6part2_sdk/mb_usb_hdmi_top/tempdsa/mb_usb_hdmi_top.xsa
TRACE::2024-10-24.20:49:09::SCWPlatform:: Unique name xilinx:::0.0
TRACE::2024-10-24.20:49:09::SCWPlatform::update - Opened existing hwdb mb_usb_hdmi_top_0
TRACE::2024-10-24.20:49:09::SCWPlatform::Found the Hw Db part of the input DSA
TRACE::2024-10-24.20:49:09::SCWMssOS::Saving the mss changes C:/Users/realk/Desktop/labb6/reallab6part2_sdk/mb_usb_hdmi_top/microblaze_0/standalone_microblaze_0/bsp/system.mss
TRACE::2024-10-24.20:49:09::SCWMssOS::Found a swdesign opened with the mssfile.
TRACE::2024-10-24.20:49:09::SCWMssOS::Completed writemss as part of save.
TRACE::2024-10-24.20:49:09::SCWMssOS::Commit changes completed.
TRACE::2024-10-24.20:49:09::SCWMssOS::Completed hw sync for the mss in domain: standalone_microblaze_0
TRACE::2024-10-24.20:49:09::SCWMssOS::Removing the swdes entry for  C:/Users/realk/Desktop/labb6/reallab6part2_sdk/mb_usb_hdmi_top/microblaze_0/standalone_microblaze_0/bsp/system.mss
TRACE::2024-10-24.20:49:09::SCWPlatform::Trying to open the hw design at C:/Users/realk/Desktop/labb6/reallab6part2_sdk/mb_usb_hdmi_top/hw/mb_usb_hdmi_top.xsa
TRACE::2024-10-24.20:49:09::SCWPlatform::DSA given C:/Users/realk/Desktop/labb6/reallab6part2_sdk/mb_usb_hdmi_top/hw/mb_usb_hdmi_top.xsa
TRACE::2024-10-24.20:49:09::SCWPlatform::DSA absoulate path C:/Users/realk/Desktop/labb6/reallab6part2_sdk/mb_usb_hdmi_top/hw/mb_usb_hdmi_top.xsa
TRACE::2024-10-24.20:49:09::SCWPlatform::DSA directory C:/Users/realk/Desktop/labb6/reallab6part2_sdk/mb_usb_hdmi_top/hw
TRACE::2024-10-24.20:49:09::SCWPlatform:: Platform Path C:/Users/realk/Desktop/labb6/reallab6part2_sdk/mb_usb_hdmi_top/hw/mb_usb_hdmi_top.xsa
TRACE::2024-10-24.20:49:09::SCWPlatform:: Unique name xilinx:::0.0
TRACE::2024-10-24.20:49:09::SCWPlatform::Do not have an existing db opened. 
TRACE::2024-10-24.20:49:10::SCWPlatform::Opened new HwDB with name mb_usb_hdmi_top_1
TRACE::2024-10-24.20:49:10::SCWMssOS::Saving the mss changes C:/Users/realk/Desktop/labb6/reallab6part2_sdk/mb_usb_hdmi_top/microblaze_0/standalone_microblaze_0/bsp/system.mss
TRACE::2024-10-24.20:49:10::SCWMssOS::Adding the swdes entry, mss present, able to open swdb C:/Users/realk/Desktop/labb6/reallab6part2_sdk/mb_usb_hdmi_top/microblaze_0/standalone_microblaze_0/bsp/system.mss with des name system
TRACE::2024-10-24.20:49:10::SCWMssOS::Writing the mss file completed C:/Users/realk/Desktop/labb6/reallab6part2_sdk/mb_usb_hdmi_top/microblaze_0/standalone_microblaze_0/bsp/system.mss
TRACE::2024-10-24.20:49:10::SCWMssOS::Commit changes completed.
TRACE::2024-10-24.20:49:10::SCWPlatform::Trying to open the hw design at C:/Users/realk/Desktop/labb6/reallab6part2_sdk/mb_usb_hdmi_top/hw/mb_usb_hdmi_top.xsa
TRACE::2024-10-24.20:49:10::SCWPlatform::DSA given C:/Users/realk/Desktop/labb6/reallab6part2_sdk/mb_usb_hdmi_top/hw/mb_usb_hdmi_top.xsa
TRACE::2024-10-24.20:49:10::SCWPlatform::DSA absoulate path C:/Users/realk/Desktop/labb6/reallab6part2_sdk/mb_usb_hdmi_top/hw/mb_usb_hdmi_top.xsa
TRACE::2024-10-24.20:49:10::SCWPlatform::DSA directory C:/Users/realk/Desktop/labb6/reallab6part2_sdk/mb_usb_hdmi_top/hw
TRACE::2024-10-24.20:49:10::SCWPlatform:: Platform Path C:/Users/realk/Desktop/labb6/reallab6part2_sdk/mb_usb_hdmi_top/hw/mb_usb_hdmi_top.xsa
TRACE::2024-10-24.20:49:10::SCWPlatform:: Unique name xilinx:::0.0
TRACE::2024-10-24.20:49:10::SCWPlatform::Trying to set the existing hwdb with name mb_usb_hdmi_top_1
TRACE::2024-10-24.20:49:10::SCWPlatform::Opened existing hwdb mb_usb_hdmi_top_1
TRACE::2024-10-24.20:49:10::SCWPlatform::Found the Hw Db part of the input DSA
TRACE::2024-10-24.20:49:10::SCWMssOS::Checking the sw design at  C:/Users/realk/Desktop/labb6/reallab6part2_sdk/mb_usb_hdmi_top/microblaze_0/standalone_microblaze_0/bsp/system.mss
TRACE::2024-10-24.20:49:10::SCWMssOS::DEBUG:  swdes dump  C:/Users/realk/Desktop/labb6/reallab6part2_sdk/mb_usb_hdmi_top/microblaze_0/standalone_microblaze_0/bsp/system.mss|system||

TRACE::2024-10-24.20:49:10::SCWMssOS::Sw design exists and opened at  C:/Users/realk/Desktop/labb6/reallab6part2_sdk/mb_usb_hdmi_top/microblaze_0/standalone_microblaze_0/bsp/system.mss
TRACE::2024-10-24.20:49:10::SCWWriter::formatted JSON is {
	"platformName":	"mb_usb_hdmi_top",
	"sprVersion":	"2.0",
	"mode":	"gui",
	"dsaType":	"Fixed",
	"platformDesc":	"mb_usb_hdmi_top",
	"platHandOff":	"C:/Users/realk/Desktop/labb6/mb_usb_hdmi_top.xsa",
	"platIntHandOff":	"<platformDir>/hw/mb_usb_hdmi_top.xsa",
	"deviceType":	"FPGA",
	"platIsPrebuiltAutogen":	"false",
	"platIsNoBootBsp":	"false",
	"hasFsblMakeHasChanges":	"false",
	"hasPmufwMakeHasChanges":	"false",
	"platPreBuiltFlag":	false,
	"platformSamplesDir":	"",
	"platActiveSys":	"mb_usb_hdmi_top",
	"systems":	[{
			"systemName":	"mb_usb_hdmi_top",
			"systemDesc":	"mb_usb_hdmi_top",
			"sysIsBootAutoGen":	"true",
			"systemDispName":	"mb_usb_hdmi_top",
			"sysActiveDom":	"standalone_microblaze_0",
			"sysDefaultDom":	"standalone_microblaze_0",
			"domains":	[{
					"domainName":	"standalone_microblaze_0",
					"domainDispName":	"standalone_microblaze_0",
					"domainDesc":	"standalone_microblaze_0",
					"processors":	"microblaze_0",
					"os":	"standalone",
					"sdxOs":	"standalone",
					"debugEnable":	"False",
					"domRuntimes":	["cpp"],
					"swRepo":	"",
					"mssOsVer":	"8.0",
					"mssFile":	"",
					"md5Digest":	"304529987e879521ca977c68d163f3621",
					"compatibleApp":	"",
					"domType":	"mssDomain",
					"arch":	"32-bit",
					"appSettings":	{
						"appCompilerFlags":	"",
						"appLinkerFlags":	""
					},
					"addedLibs":	[],
					"libOptions":	{
						"libsContainingOptions":	[]
					},
					"prebuiltLibs":	{
						"prebuiltIncPath":	[],
						"prebuiltLibPath":	[]
					},
					"isolation":	{
					}
				}]
		}]
}
LOG::2024-10-24.20:49:18::SCWPlatform::Started generating the artifacts platform mb_usb_hdmi_top
TRACE::2024-10-24.20:49:18::SCWPlatform::Sanity checking of platform is completed
LOG::2024-10-24.20:49:18::SCWPlatform::Started generating the artifacts for system configuration mb_usb_hdmi_top
LOG::2024-10-24.20:49:18::SCWSystem::Checking the domain standalone_microblaze_0
LOG::2024-10-24.20:49:18::SCWSystem::Not a boot domain 
LOG::2024-10-24.20:49:18::SCWSystem::Started Processing the domain standalone_microblaze_0
TRACE::2024-10-24.20:49:18::SCWDomain::Generating domain artifcats
TRACE::2024-10-24.20:49:18::SCWMssOS::Generating standalone artifcats
TRACE::2024-10-24.20:49:18::SCWMssOS:: Copying the user libraries. 
TRACE::2024-10-24.20:49:18::SCWPlatform::Trying to open the hw design at C:/Users/realk/Desktop/labb6/reallab6part2_sdk/mb_usb_hdmi_top/hw/mb_usb_hdmi_top.xsa
TRACE::2024-10-24.20:49:18::SCWPlatform::DSA given C:/Users/realk/Desktop/labb6/reallab6part2_sdk/mb_usb_hdmi_top/hw/mb_usb_hdmi_top.xsa
TRACE::2024-10-24.20:49:18::SCWPlatform::DSA absoulate path C:/Users/realk/Desktop/labb6/reallab6part2_sdk/mb_usb_hdmi_top/hw/mb_usb_hdmi_top.xsa
TRACE::2024-10-24.20:49:18::SCWPlatform::DSA directory C:/Users/realk/Desktop/labb6/reallab6part2_sdk/mb_usb_hdmi_top/hw
TRACE::2024-10-24.20:49:18::SCWPlatform:: Platform Path C:/Users/realk/Desktop/labb6/reallab6part2_sdk/mb_usb_hdmi_top/hw/mb_usb_hdmi_top.xsa
TRACE::2024-10-24.20:49:18::SCWPlatform:: Unique name xilinx:::0.0
TRACE::2024-10-24.20:49:18::SCWPlatform::Trying to set the existing hwdb with name mb_usb_hdmi_top_1
TRACE::2024-10-24.20:49:18::SCWPlatform::Opened existing hwdb mb_usb_hdmi_top_1
TRACE::2024-10-24.20:49:18::SCWPlatform::Found the Hw Db part of the input DSA
TRACE::2024-10-24.20:49:18::SCWMssOS::Checking the sw design at  C:/Users/realk/Desktop/labb6/reallab6part2_sdk/mb_usb_hdmi_top/microblaze_0/standalone_microblaze_0/bsp/system.mss
TRACE::2024-10-24.20:49:18::SCWMssOS::DEBUG:  swdes dump  C:/Users/realk/Desktop/labb6/reallab6part2_sdk/mb_usb_hdmi_top/microblaze_0/standalone_microblaze_0/bsp/system.mss|system||

TRACE::2024-10-24.20:49:18::SCWMssOS::Sw design exists and opened at  C:/Users/realk/Desktop/labb6/reallab6part2_sdk/mb_usb_hdmi_top/microblaze_0/standalone_microblaze_0/bsp/system.mss
TRACE::2024-10-24.20:49:18::SCWMssOS::Completed writing the mss file at C:/Users/realk/Desktop/labb6/reallab6part2_sdk/mb_usb_hdmi_top/microblaze_0/standalone_microblaze_0/bsp
TRACE::2024-10-24.20:49:18::SCWMssOS::Mss edits present, copying mssfile into export location C:/Users/realk/Desktop/labb6/reallab6part2_sdk/mb_usb_hdmi_top/microblaze_0/standalone_microblaze_0/bsp/system.mss
TRACE::2024-10-24.20:49:18::SCWMssOS::bsp generated is stale removing and regenerating. 
TRACE::2024-10-24.20:49:20::SCWMssOS::doing bsp build ... 
TRACE::2024-10-24.20:49:20::SCWMssOS::System Command Ran  C: & cd  C:/Users/realk/Desktop/labb6/reallab6part2_sdk/mb_usb_hdmi_top/microblaze_0/standalone_microblaze_0/bsp & make 
TRACE::2024-10-24.20:49:20::SCWMssOS::make --no-print-directory seq_libs

TRACE::2024-10-24.20:49:20::SCWMssOS::'Finished building libraries sequentially.'

TRACE::2024-10-24.20:49:20::SCWMssOS::make -j 14 --no-print-directory par_libs

TRACE::2024-10-24.20:49:20::SCWMssOS::"Running Make include in microblaze_0/libsrc/bram_v4_8/src"

TRACE::2024-10-24.20:49:20::SCWMssOS::make -C microblaze_0/libsrc/bram_v4_8/src -s include  "SHELL=CMD" "COMPILER=mb-gcc" "ASSEMBLER=mb-as" "ARCHIVER=mb-ar" "COMPILE
TRACE::2024-10-24.20:49:20::SCWMssOS::R_FLAGS=  -O2 -c -mcpu=v11.0 -mlittle-endian -mno-xl-reorder -mno-xl-soft-mul -mxl-barrel-shift -mxl-pattern-compare" "EXTRA_CO
TRACE::2024-10-24.20:49:20::SCWMssOS::MPILER_FLAGS=-g -ffunction-sections -fdata-sections -Wall -Wextra -fno-tree-loop-distribute-patterns"

TRACE::2024-10-24.20:49:20::SCWMssOS::"Running Make include in microblaze_0/libsrc/cpu_v2_16/src"

TRACE::2024-10-24.20:49:20::SCWMssOS::make -C microblaze_0/libsrc/cpu_v2_16/src -s include  "SHELL=CMD" "COMPILER=mb-gcc" "ASSEMBLER=mb-as" "ARCHIVER=mb-ar" "COMPILE
TRACE::2024-10-24.20:49:20::SCWMssOS::R_FLAGS=  -O2 -c -mcpu=v11.0 -mlittle-endian -mno-xl-reorder -mno-xl-soft-mul -mxl-barrel-shift -mxl-pattern-compare" "EXTRA_CO
TRACE::2024-10-24.20:49:20::SCWMssOS::MPILER_FLAGS=-g -ffunction-sections -fdata-sections -Wall -Wextra -fno-tree-loop-distribute-patterns"

TRACE::2024-10-24.20:49:20::SCWMssOS::"Running Make include in microblaze_0/libsrc/gpio_v4_9/src"

TRACE::2024-10-24.20:49:20::SCWMssOS::make -C microblaze_0/libsrc/gpio_v4_9/src -s include  "SHELL=CMD" "COMPILER=mb-gcc" "ASSEMBLER=mb-as" "ARCHIVER=mb-ar" "COMPILE
TRACE::2024-10-24.20:49:20::SCWMssOS::R_FLAGS=  -O2 -c -mcpu=v11.0 -mlittle-endian -mno-xl-reorder -mno-xl-soft-mul -mxl-barrel-shift -mxl-pattern-compare" "EXTRA_CO
TRACE::2024-10-24.20:49:20::SCWMssOS::MPILER_FLAGS=-g -ffunction-sections -fdata-sections -Wall -Wextra -fno-tree-loop-distribute-patterns"

TRACE::2024-10-24.20:49:20::SCWMssOS::"Running Make include in microblaze_0/libsrc/intc_v3_15/src"

TRACE::2024-10-24.20:49:20::SCWMssOS::make -C microblaze_0/libsrc/intc_v3_15/src -s include  "SHELL=CMD" "COMPILER=mb-gcc" "ASSEMBLER=mb-as" "ARCHIVER=mb-ar" "COMPIL
TRACE::2024-10-24.20:49:20::SCWMssOS::ER_FLAGS=  -O2 -c -mcpu=v11.0 -mlittle-endian -mno-xl-reorder -mno-xl-soft-mul -mxl-barrel-shift -mxl-pattern-compare" "EXTRA_C
TRACE::2024-10-24.20:49:20::SCWMssOS::OMPILER_FLAGS=-g -ffunction-sections -fdata-sections -Wall -Wextra -fno-tree-loop-distribute-patterns"

TRACE::2024-10-24.20:49:20::SCWMssOS::"Running Make include in microblaze_0/libsrc/spi_v4_9/src"

TRACE::2024-10-24.20:49:20::SCWMssOS::make -C microblaze_0/libsrc/spi_v4_9/src -s include  "SHELL=CMD" "COMPILER=mb-gcc" "ASSEMBLER=mb-as" "ARCHIVER=mb-ar" "COMPILER
TRACE::2024-10-24.20:49:20::SCWMssOS::_FLAGS=  -O2 -c -mcpu=v11.0 -mlittle-endian -mno-xl-reorder -mno-xl-soft-mul -mxl-barrel-shift -mxl-pattern-compare" "EXTRA_COM
TRACE::2024-10-24.20:49:20::SCWMssOS::PILER_FLAGS=-g -ffunction-sections -fdata-sections -Wall -Wextra -fno-tree-loop-distribute-patterns"

TRACE::2024-10-24.20:49:20::SCWMssOS::"Running Make include in microblaze_0/libsrc/standalone_v8_0/src"

TRACE::2024-10-24.20:49:20::SCWMssOS::make -C microblaze_0/libsrc/standalone_v8_0/src -s include  "SHELL=CMD" "COMPILER=mb-gcc" "ASSEMBLER=mb-as" "ARCHIVER=mb-ar" "C
TRACE::2024-10-24.20:49:20::SCWMssOS::OMPILER_FLAGS=  -O2 -c -mcpu=v11.0 -mlittle-endian -mno-xl-reorder -mno-xl-soft-mul -mxl-barrel-shift -mxl-pattern-compare" "EX
TRACE::2024-10-24.20:49:20::SCWMssOS::TRA_COMPILER_FLAGS=-g -ffunction-sections -fdata-sections -Wall -Wextra -fno-tree-loop-distribute-patterns"

TRACE::2024-10-24.20:49:20::SCWMssOS::"Running Make include in microblaze_0/libsrc/tmrctr_v4_9/src"

TRACE::2024-10-24.20:49:20::SCWMssOS::make -C microblaze_0/libsrc/tmrctr_v4_9/src -s include  "SHELL=CMD" "COMPILER=mb-gcc" "ASSEMBLER=mb-as" "ARCHIVER=mb-ar" "COMPI
TRACE::2024-10-24.20:49:20::SCWMssOS::LER_FLAGS=  -O2 -c -mcpu=v11.0 -mlittle-endian -mno-xl-reorder -mno-xl-soft-mul -mxl-barrel-shift -mxl-pattern-compare" "EXTRA_
TRACE::2024-10-24.20:49:20::SCWMssOS::COMPILER_FLAGS=-g -ffunction-sections -fdata-sections -Wall -Wextra -fno-tree-loop-distribute-patterns"

TRACE::2024-10-24.20:49:20::SCWMssOS::"Running Make include in microblaze_0/libsrc/uartlite_v3_7/src"

TRACE::2024-10-24.20:49:20::SCWMssOS::make -C microblaze_0/libsrc/uartlite_v3_7/src -s include  "SHELL=CMD" "COMPILER=mb-gcc" "ASSEMBLER=mb-as" "ARCHIVER=mb-ar" "COM
TRACE::2024-10-24.20:49:20::SCWMssOS::PILER_FLAGS=  -O2 -c -mcpu=v11.0 -mlittle-endian -mno-xl-reorder -mno-xl-soft-mul -mxl-barrel-shift -mxl-pattern-compare" "EXTR
TRACE::2024-10-24.20:49:20::SCWMssOS::A_COMPILER_FLAGS=-g -ffunction-sections -fdata-sections -Wall -Wextra -fno-tree-loop-distribute-patterns"

TRACE::2024-10-24.20:49:21::SCWMssOS::"Running Make libs in microblaze_0/libsrc/bram_v4_8/src"

TRACE::2024-10-24.20:49:21::SCWMssOS::make -C microblaze_0/libsrc/bram_v4_8/src -s libs  "SHELL=CMD" "COMPILER=mb-gcc" "ASSEMBLER=mb-as" "ARCHIVER=mb-ar" "COMPILER_F
TRACE::2024-10-24.20:49:21::SCWMssOS::LAGS=  -O2 -c -mcpu=v11.0 -mlittle-endian -mno-xl-reorder -mno-xl-soft-mul -mxl-barrel-shift -mxl-pattern-compare" "EXTRA_COMPI
TRACE::2024-10-24.20:49:21::SCWMssOS::LER_FLAGS=-g -ffunction-sections -fdata-sections -Wall -Wextra -fno-tree-loop-distribute-patterns"

TRACE::2024-10-24.20:49:21::SCWMssOS::"Running Make libs in microblaze_0/libsrc/cpu_v2_16/src"

TRACE::2024-10-24.20:49:21::SCWMssOS::make -C microblaze_0/libsrc/cpu_v2_16/src -s libs  "SHELL=CMD" "COMPILER=mb-gcc" "ASSEMBLER=mb-as" "ARCHIVER=mb-ar" "COMPILER_F
TRACE::2024-10-24.20:49:21::SCWMssOS::LAGS=  -O2 -c -mcpu=v11.0 -mlittle-endian -mno-xl-reorder -mno-xl-soft-mul -mxl-barrel-shift -mxl-pattern-compare" "EXTRA_COMPI
TRACE::2024-10-24.20:49:21::SCWMssOS::LER_FLAGS=-g -ffunction-sections -fdata-sections -Wall -Wextra -fno-tree-loop-distribute-patterns"

TRACE::2024-10-24.20:49:21::SCWMssOS::"Running Make libs in microblaze_0/libsrc/gpio_v4_9/src"

TRACE::2024-10-24.20:49:21::SCWMssOS::make -C microblaze_0/libsrc/gpio_v4_9/src -s libs  "SHELL=CMD" "COMPILER=mb-gcc" "ASSEMBLER=mb-as" "ARCHIVER=mb-ar" "COMPILER_F
TRACE::2024-10-24.20:49:21::SCWMssOS::LAGS=  -O2 -c -mcpu=v11.0 -mlittle-endian -mno-xl-reorder -mno-xl-soft-mul -mxl-barrel-shift -mxl-pattern-compare" "EXTRA_COMPI
TRACE::2024-10-24.20:49:21::SCWMssOS::LER_FLAGS=-g -ffunction-sections -fdata-sections -Wall -Wextra -fno-tree-loop-distribute-patterns"

TRACE::2024-10-24.20:49:21::SCWMssOS::"Running Make libs in microblaze_0/libsrc/intc_v3_15/src"

TRACE::2024-10-24.20:49:21::SCWMssOS::make -C microblaze_0/libsrc/intc_v3_15/src -s libs  "SHELL=CMD" "COMPILER=mb-gcc" "ASSEMBLER=mb-as" "ARCHIVER=mb-ar" "COMPILER_
TRACE::2024-10-24.20:49:21::SCWMssOS::FLAGS=  -O2 -c -mcpu=v11.0 -mlittle-endian -mno-xl-reorder -mno-xl-soft-mul -mxl-barrel-shift -mxl-pattern-compare" "EXTRA_COMP
TRACE::2024-10-24.20:49:21::SCWMssOS::ILER_FLAGS=-g -ffunction-sections -fdata-sections -Wall -Wextra -fno-tree-loop-distribute-patterns"

TRACE::2024-10-24.20:49:21::SCWMssOS::"Running Make libs in microblaze_0/libsrc/spi_v4_9/src"

TRACE::2024-10-24.20:49:21::SCWMssOS::make -C microblaze_0/libsrc/spi_v4_9/src -s libs  "SHELL=CMD" "COMPILER=mb-gcc" "ASSEMBLER=mb-as" "ARCHIVER=mb-ar" "COMPILER_FL
TRACE::2024-10-24.20:49:21::SCWMssOS::AGS=  -O2 -c -mcpu=v11.0 -mlittle-endian -mno-xl-reorder -mno-xl-soft-mul -mxl-barrel-shift -mxl-pattern-compare" "EXTRA_COMPIL
TRACE::2024-10-24.20:49:21::SCWMssOS::ER_FLAGS=-g -ffunction-sections -fdata-sections -Wall -Wextra -fno-tree-loop-distribute-patterns"

TRACE::2024-10-24.20:49:21::SCWMssOS::"Running Make libs in microblaze_0/libsrc/standalone_v8_0/src"

TRACE::2024-10-24.20:49:21::SCWMssOS::make -C microblaze_0/libsrc/standalone_v8_0/src -s libs  "SHELL=CMD" "COMPILER=mb-gcc" "ASSEMBLER=mb-as" "ARCHIVER=mb-ar" "COMP
TRACE::2024-10-24.20:49:21::SCWMssOS::ILER_FLAGS=  -O2 -c -mcpu=v11.0 -mlittle-endian -mno-xl-reorder -mno-xl-soft-mul -mxl-barrel-shift -mxl-pattern-compare" "EXTRA
TRACE::2024-10-24.20:49:21::SCWMssOS::_COMPILER_FLAGS=-g -ffunction-sections -fdata-sections -Wall -Wextra -fno-tree-loop-distribute-patterns"

TRACE::2024-10-24.20:49:21::SCWMssOS::"Running Make libs in microblaze_0/libsrc/tmrctr_v4_9/src"

TRACE::2024-10-24.20:49:21::SCWMssOS::make -C microblaze_0/libsrc/tmrctr_v4_9/src -s libs  "SHELL=CMD" "COMPILER=mb-gcc" "ASSEMBLER=mb-as" "ARCHIVER=mb-ar" "COMPILER
TRACE::2024-10-24.20:49:21::SCWMssOS::_FLAGS=  -O2 -c -mcpu=v11.0 -mlittle-endian -mno-xl-reorder -mno-xl-soft-mul -mxl-barrel-shift -mxl-pattern-compare" "EXTRA_COM
TRACE::2024-10-24.20:49:21::SCWMssOS::PILER_FLAGS=-g -ffunction-sections -fdata-sections -Wall -Wextra -fno-tree-loop-distribute-patterns"

TRACE::2024-10-24.20:49:21::SCWMssOS::"Running Make libs in microblaze_0/libsrc/uartlite_v3_7/src"

TRACE::2024-10-24.20:49:21::SCWMssOS::make -C microblaze_0/libsrc/uartlite_v3_7/src -s libs  "SHELL=CMD" "COMPILER=mb-gcc" "ASSEMBLER=mb-as" "ARCHIVER=mb-ar" "COMPIL
TRACE::2024-10-24.20:49:21::SCWMssOS::ER_FLAGS=  -O2 -c -mcpu=v11.0 -mlittle-endian -mno-xl-reorder -mno-xl-soft-mul -mxl-barrel-shift -mxl-pattern-compare" "EXTRA_C
TRACE::2024-10-24.20:49:21::SCWMssOS::OMPILER_FLAGS=-g -ffunction-sections -fdata-sections -Wall -Wextra -fno-tree-loop-distribute-patterns"

TRACE::2024-10-24.20:49:23::SCWMssOS::"DEBUG NON_LTO_OBJECTS is ../../../lib/microblaze_interrupt_handler.o"

TRACE::2024-10-24.20:49:23::SCWMssOS::'Finished building libraries parallelly.'

TRACE::2024-10-24.20:49:23::SCWMssOS::make --no-print-directory archive

TRACE::2024-10-24.20:49:23::SCWMssOS::mb-ar -r  microblaze_0/lib/libxil.a microblaze_0/lib/_exit.o microblaze_0/lib/errno.o microblaze_0/lib/fcntl.o microblaze_0/lib
TRACE::2024-10-24.20:49:23::SCWMssOS::/hw_exception_handler.o microblaze_0/lib/inbyte.o microblaze_0/lib/microblaze_disable_dcache.o microblaze_0/lib/microblaze_disa
TRACE::2024-10-24.20:49:23::SCWMssOS::ble_exceptions.o microblaze_0/lib/microblaze_disable_icache.o microblaze_0/lib/microblaze_disable_interrupts.o microblaze_0/lib
TRACE::2024-10-24.20:49:23::SCWMssOS::/microblaze_enable_dcache.o microblaze_0/lib/microblaze_enable_exceptions.o microblaze_0/lib/microblaze_enable_icache.o microbl
TRACE::2024-10-24.20:49:23::SCWMssOS::aze_0/lib/microblaze_enable_interrupts.o microblaze_0/lib/microblaze_exception_handler.o microblaze_0/lib/microblaze_flush_cach
TRACE::2024-10-24.20:49:23::SCWMssOS::e_ext.o microblaze_0/lib/microblaze_flush_cache_ext_range.o microblaze_0/lib/microblaze_flush_dcache.o microblaze_0/lib/microbl
TRACE::2024-10-24.20:49:23::SCWMssOS::aze_flush_dcache_range.o microblaze_0/lib/microblaze_init_dcache_range.o microblaze_0/lib/microblaze_init_icache_range.o microb
TRACE::2024-10-24.20:49:23::SCWMssOS::laze_0/lib/microblaze_interrupt_handler.o microblaze_0/lib/microblaze_interrupts_g.o microblaze_0/lib/microblaze_invalidate_cac
TRACE::2024-10-24.20:49:23::SCWMssOS::he_ext.o microblaze_0/lib/microblaze_invalidate_cache_ext_range.o microblaze_0/lib/microblaze_invalidate_dcache.o microblaze_0/
TRACE::2024-10-24.20:49:23::SCWMssOS::lib/microblaze_invalidate_dcache_range.o microblaze_0/lib/microblaze_invalidate_icache.o microblaze_0/lib/microblaze_invalidate
TRACE::2024-10-24.20:49:23::SCWMssOS::_icache_range.o microblaze_0/lib/microblaze_scrub.o microblaze_0/lib/microblaze_selftest.o microblaze_0/lib/microblaze_sleep.o 
TRACE::2024-10-24.20:49:23::SCWMssOS::microblaze_0/lib/microblaze_update_dcache.o microblaze_0/lib/microblaze_update_icache.o microblaze_0/lib/outbyte.o microblaze_0
TRACE::2024-10-24.20:49:23::SCWMssOS::/lib/print.o microblaze_0/lib/pvr.o microblaze_0/lib/xbram.o microblaze_0/lib/xbram_g.o microblaze_0/lib/xbram_intr.o microblaz
TRACE::2024-10-24.20:49:23::SCWMssOS::e_0/lib/xbram_selftest.o microblaze_0/lib/xbram_sinit.o microblaze_0/lib/xgpio.o microblaze_0/lib/xgpio_extra.o microblaze_0/li
TRACE::2024-10-24.20:49:23::SCWMssOS::b/xgpio_g.o microblaze_0/lib/xgpio_intr.o microblaze_0/lib/xgpio_selftest.o microblaze_0/lib/xgpio_sinit.o microblaze_0/lib/xil
TRACE::2024-10-24.20:49:23::SCWMssOS::_assert.o microblaze_0/lib/xil_cache.o microblaze_0/lib/xil_clocking.o microblaze_0/lib/xil_exception.o microblaze_0/lib/xil_me
TRACE::2024-10-24.20:49:23::SCWMssOS::m.o microblaze_0/lib/xil_misc_psreset_api.o microblaze_0/lib/xil_printf.o microblaze_0/lib/xil_sleepcommon.o microblaze_0/lib/x
TRACE::2024-10-24.20:49:23::SCWMssOS::il_testcache.o microblaze_0/lib/xil_testio.o microblaze_0/lib/xil_testmem.o microblaze_0/lib/xil_util.o microblaze_0/lib/xintc.
TRACE::2024-10-24.20:49:23::SCWMssOS::o microblaze_0/lib/xintc_g.o microblaze_0/lib/xintc_intr.o microblaze_0/lib/xintc_l.o microblaze_0/lib/xintc_options.o microbla
TRACE::2024-10-24.20:49:23::SCWMssOS::ze_0/lib/xintc_selftest.o microblaze_0/lib/xinterrupt_wrap.o microblaze_0/lib/xio.o microblaze_0/lib/xplatform_info.o microblaz
TRACE::2024-10-24.20:49:23::SCWMssOS::e_0/lib/xspi.o microblaze_0/lib/xspi_g.o microblaze_0/lib/xspi_options.o microblaze_0/lib/xspi_selftest.o microblaze_0/lib/xspi
TRACE::2024-10-24.20:49:23::SCWMssOS::_sinit.o microblaze_0/lib/xspi_stats.o microblaze_0/lib/xtmrctr.o microblaze_0/lib/xtmrctr_g.o microblaze_0/lib/xtmrctr_intr.o 
TRACE::2024-10-24.20:49:23::SCWMssOS::microblaze_0/lib/xtmrctr_l.o microblaze_0/lib/xtmrctr_options.o microblaze_0/lib/xtmrctr_selftest.o microblaze_0/lib/xtmrctr_si
TRACE::2024-10-24.20:49:23::SCWMssOS::nit.o microblaze_0/lib/xtmrctr_stats.o microblaze_0/lib/xuartlite.o microblaze_0/lib/xuartlite_g.o microblaze_0/lib/xuartlite_i
TRACE::2024-10-24.20:49:23::SCWMssOS::ntr.o microblaze_0/lib/xuartlite_l.o microblaze_0/lib/xuartlite_selftest.o microblaze_0/lib/xuartlite_sinit.o microblaze_0/lib/
TRACE::2024-10-24.20:49:23::SCWMssOS::xuartlite_stats.o

TRACE::2024-10-24.20:49:23::SCWMssOS::'Finished building libraries'

TRACE::2024-10-24.20:49:24::SCWMssOS:: Checking if to create the Supporting Applications
TRACE::2024-10-24.20:49:24::SCWMssOS:: No Linux domain exists, trying to generate FSBL 
LOG::2024-10-24.20:49:24::SCWSystem::Completed Processing the domain standalone_microblaze_0
LOG::2024-10-24.20:49:24::SCWSystem::Completed Processing the sysconfig mb_usb_hdmi_top
LOG::2024-10-24.20:49:24::SCWPlatform::Completed generating the artifacts for system configuration mb_usb_hdmi_top
TRACE::2024-10-24.20:49:24::SCWPlatform::Started preparing the platform 
TRACE::2024-10-24.20:49:24::SCWSystem::Writing the bif file for system config mb_usb_hdmi_top
TRACE::2024-10-24.20:49:24::SCWSystem::dir created 
TRACE::2024-10-24.20:49:24::SCWSystem::Writing the bif 
TRACE::2024-10-24.20:49:24::SCWPlatform::Started writing the spfm file 
TRACE::2024-10-24.20:49:24::SCWPlatform::Started writing the xpfm file 
TRACE::2024-10-24.20:49:24::SCWPlatform::Completed generating the platform
TRACE::2024-10-24.20:49:24::SCWMssOS::Saving the mss changes C:/Users/realk/Desktop/labb6/reallab6part2_sdk/mb_usb_hdmi_top/microblaze_0/standalone_microblaze_0/bsp/system.mss
TRACE::2024-10-24.20:49:24::SCWMssOS::Adding the swdes entry, mss present, able to open swdb C:/Users/realk/Desktop/labb6/reallab6part2_sdk/mb_usb_hdmi_top/microblaze_0/standalone_microblaze_0/bsp/system.mss with des name system
TRACE::2024-10-24.20:49:24::SCWMssOS::Writing the mss file completed C:/Users/realk/Desktop/labb6/reallab6part2_sdk/mb_usb_hdmi_top/microblaze_0/standalone_microblaze_0/bsp/system.mss
TRACE::2024-10-24.20:49:24::SCWMssOS::Commit changes completed.
TRACE::2024-10-24.20:49:24::SCWPlatform::Trying to open the hw design at C:/Users/realk/Desktop/labb6/reallab6part2_sdk/mb_usb_hdmi_top/hw/mb_usb_hdmi_top.xsa
TRACE::2024-10-24.20:49:24::SCWPlatform::DSA given C:/Users/realk/Desktop/labb6/reallab6part2_sdk/mb_usb_hdmi_top/hw/mb_usb_hdmi_top.xsa
TRACE::2024-10-24.20:49:24::SCWPlatform::DSA absoulate path C:/Users/realk/Desktop/labb6/reallab6part2_sdk/mb_usb_hdmi_top/hw/mb_usb_hdmi_top.xsa
TRACE::2024-10-24.20:49:24::SCWPlatform::DSA directory C:/Users/realk/Desktop/labb6/reallab6part2_sdk/mb_usb_hdmi_top/hw
TRACE::2024-10-24.20:49:24::SCWPlatform:: Platform Path C:/Users/realk/Desktop/labb6/reallab6part2_sdk/mb_usb_hdmi_top/hw/mb_usb_hdmi_top.xsa
TRACE::2024-10-24.20:49:24::SCWPlatform:: Unique name xilinx:::0.0
TRACE::2024-10-24.20:49:24::SCWPlatform::Trying to set the existing hwdb with name mb_usb_hdmi_top_1
TRACE::2024-10-24.20:49:24::SCWPlatform::Opened existing hwdb mb_usb_hdmi_top_1
TRACE::2024-10-24.20:49:24::SCWPlatform::Found the Hw Db part of the input DSA
TRACE::2024-10-24.20:49:24::SCWMssOS::Checking the sw design at  C:/Users/realk/Desktop/labb6/reallab6part2_sdk/mb_usb_hdmi_top/microblaze_0/standalone_microblaze_0/bsp/system.mss
TRACE::2024-10-24.20:49:24::SCWMssOS::DEBUG:  swdes dump  C:/Users/realk/Desktop/labb6/reallab6part2_sdk/mb_usb_hdmi_top/microblaze_0/standalone_microblaze_0/bsp/system.mss|system||

TRACE::2024-10-24.20:49:24::SCWMssOS::Sw design exists and opened at  C:/Users/realk/Desktop/labb6/reallab6part2_sdk/mb_usb_hdmi_top/microblaze_0/standalone_microblaze_0/bsp/system.mss
TRACE::2024-10-24.20:49:24::SCWWriter::formatted JSON is {
	"platformName":	"mb_usb_hdmi_top",
	"sprVersion":	"2.0",
	"mode":	"gui",
	"dsaType":	"Fixed",
	"platformDesc":	"mb_usb_hdmi_top",
	"platHandOff":	"C:/Users/realk/Desktop/labb6/mb_usb_hdmi_top.xsa",
	"platIntHandOff":	"<platformDir>/hw/mb_usb_hdmi_top.xsa",
	"deviceType":	"FPGA",
	"platIsPrebuiltAutogen":	"false",
	"platIsNoBootBsp":	"false",
	"hasFsblMakeHasChanges":	"false",
	"hasPmufwMakeHasChanges":	"false",
	"platPreBuiltFlag":	false,
	"platformSamplesDir":	"",
	"platActiveSys":	"mb_usb_hdmi_top",
	"systems":	[{
			"systemName":	"mb_usb_hdmi_top",
			"systemDesc":	"mb_usb_hdmi_top",
			"sysIsBootAutoGen":	"true",
			"systemDispName":	"mb_usb_hdmi_top",
			"sysActiveDom":	"standalone_microblaze_0",
			"sysDefaultDom":	"standalone_microblaze_0",
			"domains":	[{
					"domainName":	"standalone_microblaze_0",
					"domainDispName":	"standalone_microblaze_0",
					"domainDesc":	"standalone_microblaze_0",
					"processors":	"microblaze_0",
					"os":	"standalone",
					"sdxOs":	"standalone",
					"debugEnable":	"False",
					"domRuntimes":	["cpp"],
					"swRepo":	"",
					"mssOsVer":	"8.0",
					"mssFile":	"",
					"md5Digest":	"304529987e879521ca977c68d163f362",
					"compatibleApp":	"",
					"domType":	"mssDomain",
					"arch":	"32-bit",
					"appSettings":	{
						"appCompilerFlags":	"",
						"appLinkerFlags":	""
					},
					"addedLibs":	[],
					"libOptions":	{
						"libsContainingOptions":	[]
					},
					"prebuiltLibs":	{
						"prebuiltIncPath":	[],
						"prebuiltLibPath":	[]
					},
					"isolation":	{
					}
				}]
		}]
}
KEYINFO::2024-10-24.20:49:24::SCWPlatform::updated the xpfm file.
TRACE::2024-10-24.20:49:25::SCWPlatform::Trying to open the hw design at C:/Users/realk/Desktop/labb6/reallab6part2_sdk/mb_usb_hdmi_top/hw/mb_usb_hdmi_top.xsa
TRACE::2024-10-24.20:49:25::SCWPlatform::DSA given C:/Users/realk/Desktop/labb6/reallab6part2_sdk/mb_usb_hdmi_top/hw/mb_usb_hdmi_top.xsa
TRACE::2024-10-24.20:49:25::SCWPlatform::DSA absoulate path C:/Users/realk/Desktop/labb6/reallab6part2_sdk/mb_usb_hdmi_top/hw/mb_usb_hdmi_top.xsa
TRACE::2024-10-24.20:49:25::SCWPlatform::DSA directory C:/Users/realk/Desktop/labb6/reallab6part2_sdk/mb_usb_hdmi_top/hw
TRACE::2024-10-24.20:49:25::SCWPlatform:: Platform Path C:/Users/realk/Desktop/labb6/reallab6part2_sdk/mb_usb_hdmi_top/hw/mb_usb_hdmi_top.xsa
TRACE::2024-10-24.20:49:25::SCWPlatform:: Unique name xilinx:::0.0
TRACE::2024-10-24.20:49:25::SCWPlatform::Trying to set the existing hwdb with name mb_usb_hdmi_top_1
TRACE::2024-10-24.20:49:25::SCWPlatform::Opened existing hwdb mb_usb_hdmi_top_1
TRACE::2024-10-24.20:49:25::SCWPlatform::Found the Hw Db part of the input DSA
TRACE::2024-10-24.20:49:25::SCWMssOS::Checking the sw design at  C:/Users/realk/Desktop/labb6/reallab6part2_sdk/mb_usb_hdmi_top/microblaze_0/standalone_microblaze_0/bsp/system.mss
TRACE::2024-10-24.20:49:25::SCWMssOS::DEBUG:  swdes dump  C:/Users/realk/Desktop/labb6/reallab6part2_sdk/mb_usb_hdmi_top/microblaze_0/standalone_microblaze_0/bsp/system.mss|system||

TRACE::2024-10-24.20:49:25::SCWMssOS::Sw design exists and opened at  C:/Users/realk/Desktop/labb6/reallab6part2_sdk/mb_usb_hdmi_top/microblaze_0/standalone_microblaze_0/bsp/system.mss
TRACE::2024-10-24.20:50:34::SCWPlatform::Clearing the existing platform
TRACE::2024-10-24.20:50:34::SCWSystem::Clearing the existing sysconfig
TRACE::2024-10-24.20:50:34::SCWMssOS::Removing the swdes entry for  C:/Users/realk/Desktop/labb6/reallab6part2_sdk/mb_usb_hdmi_top/microblaze_0/standalone_microblaze_0/bsp/system.mss
TRACE::2024-10-24.20:50:34::SCWSystem::Clearing the domains completed.
TRACE::2024-10-24.20:50:34::SCWPlatform::Clearing the opened hw db.
TRACE::2024-10-24.20:50:34::SCWPlatform::DSA given C:/Users/realk/Desktop/labb6/reallab6part2_sdk/mb_usb_hdmi_top/hw/mb_usb_hdmi_top.xsa
TRACE::2024-10-24.20:50:34::SCWPlatform::DSA absoulate path C:/Users/realk/Desktop/labb6/reallab6part2_sdk/mb_usb_hdmi_top/hw/mb_usb_hdmi_top.xsa
TRACE::2024-10-24.20:50:34::SCWPlatform:: Platform location is C:/Users/realk/Desktop/labb6/reallab6part2_sdk/mb_usb_hdmi_top/hw
TRACE::2024-10-24.20:50:34::SCWPlatform:: Platform Path C:/Users/realk/Desktop/labb6/reallab6part2_sdk/mb_usb_hdmi_top/hw/mb_usb_hdmi_top.xsa
TRACE::2024-10-24.20:50:34::SCWPlatform:: Unique name xilinx:::0.0
TRACE::2024-10-24.20:50:34::SCWPlatform::Removing the HwDB with name C:/Users/realk/Desktop/labb6/reallab6part2_sdk/mb_usb_hdmi_top/hw/mb_usb_hdmi_top.xsa
TRACE::2024-10-24.20:50:34::SCWPlatform::Trying to open the hw design at C:/Users/realk/Desktop/labb6/reallab6part2_sdk/mb_usb_hdmi_top/hw/mb_usb_hdmi_top.xsa
TRACE::2024-10-24.20:50:34::SCWPlatform::DSA given C:/Users/realk/Desktop/labb6/reallab6part2_sdk/mb_usb_hdmi_top/hw/mb_usb_hdmi_top.xsa
TRACE::2024-10-24.20:50:34::SCWPlatform::DSA absoulate path C:/Users/realk/Desktop/labb6/reallab6part2_sdk/mb_usb_hdmi_top/hw/mb_usb_hdmi_top.xsa
TRACE::2024-10-24.20:50:34::SCWPlatform::DSA directory C:/Users/realk/Desktop/labb6/reallab6part2_sdk/mb_usb_hdmi_top/hw
TRACE::2024-10-24.20:50:34::SCWPlatform:: Platform Path C:/Users/realk/Desktop/labb6/reallab6part2_sdk/mb_usb_hdmi_top/hw/mb_usb_hdmi_top.xsa
TRACE::2024-10-24.20:50:34::SCWPlatform:: Unique name xilinx:::0.0
TRACE::2024-10-24.20:50:34::SCWPlatform::Do not have an existing db opened. 
TRACE::2024-10-24.20:50:34::SCWPlatform::Opened new HwDB with name mb_usb_hdmi_top_3
TRACE::2024-10-24.20:50:34::SCWReader::Active system found as  mb_usb_hdmi_top
TRACE::2024-10-24.20:50:34::SCWReader::Handling sysconfig mb_usb_hdmi_top
TRACE::2024-10-24.20:50:34::SCWDomain::checking for install qemu data   : 
TRACE::2024-10-24.20:50:34::SCWPlatform::Trying to open the hw design at C:/Users/realk/Desktop/labb6/reallab6part2_sdk/mb_usb_hdmi_top/hw/mb_usb_hdmi_top.xsa
TRACE::2024-10-24.20:50:34::SCWPlatform::DSA given C:/Users/realk/Desktop/labb6/reallab6part2_sdk/mb_usb_hdmi_top/hw/mb_usb_hdmi_top.xsa
TRACE::2024-10-24.20:50:34::SCWPlatform::DSA absoulate path C:/Users/realk/Desktop/labb6/reallab6part2_sdk/mb_usb_hdmi_top/hw/mb_usb_hdmi_top.xsa
TRACE::2024-10-24.20:50:34::SCWPlatform::DSA directory C:/Users/realk/Desktop/labb6/reallab6part2_sdk/mb_usb_hdmi_top/hw
TRACE::2024-10-24.20:50:34::SCWPlatform:: Platform Path C:/Users/realk/Desktop/labb6/reallab6part2_sdk/mb_usb_hdmi_top/hw/mb_usb_hdmi_top.xsa
TRACE::2024-10-24.20:50:34::SCWPlatform:: Unique name xilinx:::0.0
TRACE::2024-10-24.20:50:34::SCWPlatform::Trying to set the existing hwdb with name mb_usb_hdmi_top_3
TRACE::2024-10-24.20:50:34::SCWPlatform::Opened existing hwdb mb_usb_hdmi_top_3
TRACE::2024-10-24.20:50:34::SCWPlatform::Found the Hw Db part of the input DSA
TRACE::2024-10-24.20:50:34::SCWPlatform::Trying to open the hw design at C:/Users/realk/Desktop/labb6/reallab6part2_sdk/mb_usb_hdmi_top/hw/mb_usb_hdmi_top.xsa
TRACE::2024-10-24.20:50:34::SCWPlatform::DSA given C:/Users/realk/Desktop/labb6/reallab6part2_sdk/mb_usb_hdmi_top/hw/mb_usb_hdmi_top.xsa
TRACE::2024-10-24.20:50:34::SCWPlatform::DSA absoulate path C:/Users/realk/Desktop/labb6/reallab6part2_sdk/mb_usb_hdmi_top/hw/mb_usb_hdmi_top.xsa
TRACE::2024-10-24.20:50:34::SCWPlatform::DSA directory C:/Users/realk/Desktop/labb6/reallab6part2_sdk/mb_usb_hdmi_top/hw
TRACE::2024-10-24.20:50:34::SCWPlatform:: Platform Path C:/Users/realk/Desktop/labb6/reallab6part2_sdk/mb_usb_hdmi_top/hw/mb_usb_hdmi_top.xsa
TRACE::2024-10-24.20:50:34::SCWPlatform:: Unique name xilinx:::0.0
TRACE::2024-10-24.20:50:34::SCWPlatform::Trying to set the existing hwdb with name mb_usb_hdmi_top_3
TRACE::2024-10-24.20:50:34::SCWPlatform::Opened existing hwdb mb_usb_hdmi_top_3
TRACE::2024-10-24.20:50:34::SCWPlatform::Found the Hw Db part of the input DSA
TRACE::2024-10-24.20:50:34::SCWPlatform::Trying to open the hw design at C:/Users/realk/Desktop/labb6/reallab6part2_sdk/mb_usb_hdmi_top/hw/mb_usb_hdmi_top.xsa
TRACE::2024-10-24.20:50:34::SCWPlatform::DSA given C:/Users/realk/Desktop/labb6/reallab6part2_sdk/mb_usb_hdmi_top/hw/mb_usb_hdmi_top.xsa
TRACE::2024-10-24.20:50:34::SCWPlatform::DSA absoulate path C:/Users/realk/Desktop/labb6/reallab6part2_sdk/mb_usb_hdmi_top/hw/mb_usb_hdmi_top.xsa
TRACE::2024-10-24.20:50:34::SCWPlatform::DSA directory C:/Users/realk/Desktop/labb6/reallab6part2_sdk/mb_usb_hdmi_top/hw
TRACE::2024-10-24.20:50:34::SCWPlatform:: Platform Path C:/Users/realk/Desktop/labb6/reallab6part2_sdk/mb_usb_hdmi_top/hw/mb_usb_hdmi_top.xsa
TRACE::2024-10-24.20:50:34::SCWPlatform:: Unique name xilinx:::0.0
TRACE::2024-10-24.20:50:34::SCWPlatform::Trying to set the existing hwdb with name mb_usb_hdmi_top_3
TRACE::2024-10-24.20:50:34::SCWPlatform::Opened existing hwdb mb_usb_hdmi_top_3
TRACE::2024-10-24.20:50:34::SCWPlatform::Found the Hw Db part of the input DSA
TRACE::2024-10-24.20:50:34::SCWPlatform::Trying to open the hw design at C:/Users/realk/Desktop/labb6/reallab6part2_sdk/mb_usb_hdmi_top/hw/mb_usb_hdmi_top.xsa
TRACE::2024-10-24.20:50:34::SCWPlatform::DSA given C:/Users/realk/Desktop/labb6/reallab6part2_sdk/mb_usb_hdmi_top/hw/mb_usb_hdmi_top.xsa
TRACE::2024-10-24.20:50:34::SCWPlatform::DSA absoulate path C:/Users/realk/Desktop/labb6/reallab6part2_sdk/mb_usb_hdmi_top/hw/mb_usb_hdmi_top.xsa
TRACE::2024-10-24.20:50:34::SCWPlatform::DSA directory C:/Users/realk/Desktop/labb6/reallab6part2_sdk/mb_usb_hdmi_top/hw
TRACE::2024-10-24.20:50:34::SCWPlatform:: Platform Path C:/Users/realk/Desktop/labb6/reallab6part2_sdk/mb_usb_hdmi_top/hw/mb_usb_hdmi_top.xsa
TRACE::2024-10-24.20:50:34::SCWPlatform:: Unique name xilinx:::0.0
TRACE::2024-10-24.20:50:34::SCWPlatform::Trying to set the existing hwdb with name mb_usb_hdmi_top_3
TRACE::2024-10-24.20:50:34::SCWPlatform::Opened existing hwdb mb_usb_hdmi_top_3
TRACE::2024-10-24.20:50:34::SCWPlatform::Found the Hw Db part of the input DSA
TRACE::2024-10-24.20:50:34::SCWMssOS::Checking the sw design at  C:/Users/realk/Desktop/labb6/reallab6part2_sdk/mb_usb_hdmi_top/microblaze_0/standalone_microblaze_0/bsp/system.mss
TRACE::2024-10-24.20:50:34::SCWMssOS::DEBUG:  swdes dump  
TRACE::2024-10-24.20:50:34::SCWMssOS::No sw design opened at  C:/Users/realk/Desktop/labb6/reallab6part2_sdk/mb_usb_hdmi_top/microblaze_0/standalone_microblaze_0/bsp/system.mss
TRACE::2024-10-24.20:50:34::SCWMssOS::mss exists loading the mss file  C:/Users/realk/Desktop/labb6/reallab6part2_sdk/mb_usb_hdmi_top/microblaze_0/standalone_microblaze_0/bsp/system.mss
TRACE::2024-10-24.20:50:34::SCWMssOS::Opened the sw design from mss  C:/Users/realk/Desktop/labb6/reallab6part2_sdk/mb_usb_hdmi_top/microblaze_0/standalone_microblaze_0/bsp/system.mss
TRACE::2024-10-24.20:50:34::SCWMssOS::Adding the swdes entry C:/Users/realk/Desktop/labb6/reallab6part2_sdk/mb_usb_hdmi_top/microblaze_0/standalone_microblaze_0/bsp/system.mss with des name system
TRACE::2024-10-24.20:50:34::SCWMssOS::updating the scw layer about changes
TRACE::2024-10-24.20:50:34::SCWMssOS::Opened the sw design.  C:/Users/realk/Desktop/labb6/reallab6part2_sdk/mb_usb_hdmi_top/microblaze_0/standalone_microblaze_0/bsp/system.mss
TRACE::2024-10-24.20:50:34::SCWMssOS::Saving the mss changes C:/Users/realk/Desktop/labb6/reallab6part2_sdk/mb_usb_hdmi_top/microblaze_0/standalone_microblaze_0/bsp/system.mss
TRACE::2024-10-24.20:50:34::SCWMssOS::Found a swdesign opened with the mssfile.
TRACE::2024-10-24.20:50:34::SCWMssOS::Completed writemss as part of save.
TRACE::2024-10-24.20:50:34::SCWMssOS::Commit changes completed.
TRACE::2024-10-24.20:50:34::SCWReader::Adding prebuilt librarypaths as   
TRACE::2024-10-24.20:50:34::SCWReader::Adding prebuilt incpaths  as   
TRACE::2024-10-24.20:50:34::SCWPlatform::Trying to open the hw design at C:/Users/realk/Desktop/labb6/reallab6part2_sdk/mb_usb_hdmi_top/hw/mb_usb_hdmi_top.xsa
TRACE::2024-10-24.20:50:34::SCWPlatform::DSA given C:/Users/realk/Desktop/labb6/reallab6part2_sdk/mb_usb_hdmi_top/hw/mb_usb_hdmi_top.xsa
TRACE::2024-10-24.20:50:34::SCWPlatform::DSA absoulate path C:/Users/realk/Desktop/labb6/reallab6part2_sdk/mb_usb_hdmi_top/hw/mb_usb_hdmi_top.xsa
TRACE::2024-10-24.20:50:34::SCWPlatform::DSA directory C:/Users/realk/Desktop/labb6/reallab6part2_sdk/mb_usb_hdmi_top/hw
TRACE::2024-10-24.20:50:34::SCWPlatform:: Platform Path C:/Users/realk/Desktop/labb6/reallab6part2_sdk/mb_usb_hdmi_top/hw/mb_usb_hdmi_top.xsa
TRACE::2024-10-24.20:50:34::SCWPlatform:: Unique name xilinx:::0.0
TRACE::2024-10-24.20:50:34::SCWPlatform::Trying to set the existing hwdb with name mb_usb_hdmi_top_3
TRACE::2024-10-24.20:50:34::SCWPlatform::Opened existing hwdb mb_usb_hdmi_top_3
TRACE::2024-10-24.20:50:34::SCWPlatform::Found the Hw Db part of the input DSA
TRACE::2024-10-24.20:50:34::SCWMssOS::Checking the sw design at  C:/Users/realk/Desktop/labb6/reallab6part2_sdk/mb_usb_hdmi_top/microblaze_0/standalone_microblaze_0/bsp/system.mss
TRACE::2024-10-24.20:50:34::SCWMssOS::DEBUG:  swdes dump  C:/Users/realk/Desktop/labb6/reallab6part2_sdk/mb_usb_hdmi_top/microblaze_0/standalone_microblaze_0/bsp/system.mss|system||

TRACE::2024-10-24.20:50:34::SCWMssOS::Sw design exists and opened at  C:/Users/realk/Desktop/labb6/reallab6part2_sdk/mb_usb_hdmi_top/microblaze_0/standalone_microblaze_0/bsp/system.mss
TRACE::2024-10-24.20:50:34::SCWReader::No isolation master present  
TRACE::2024-10-24.20:50:37::SCWPlatform::DSA given C:/Users/realk/Desktop/labb6/reallab6part2_sdk/mb_usb_hdmi_top/tempdsa/mb_usb_hdmi_top.xsa
TRACE::2024-10-24.20:50:37::SCWPlatform::DSA absoulate path C:/Users/realk/Desktop/labb6/reallab6part2_sdk/mb_usb_hdmi_top/tempdsa/mb_usb_hdmi_top.xsa
TRACE::2024-10-24.20:50:37::SCWPlatform:: Platform location is C:/Users/realk/Desktop/labb6/reallab6part2_sdk/mb_usb_hdmi_top/tempdsa
TRACE::2024-10-24.20:50:37::SCWPlatform:: Platform Path C:/Users/realk/Desktop/labb6/reallab6part2_sdk/mb_usb_hdmi_top/tempdsa/mb_usb_hdmi_top.xsa
TRACE::2024-10-24.20:50:37::SCWPlatform:: Unique name xilinx:::0.0
TRACE::2024-10-24.20:50:37::SCWPlatform::Found the Hw Db part of the input DSA
TRACE::2024-10-24.20:50:37::SCWMssOS::Doing hw sync for the mss in domain: standalone_microblaze_0
TRACE::2024-10-24.20:50:37::SCWPlatform::Trying to open the hw design at C:/Users/realk/Desktop/labb6/reallab6part2_sdk/mb_usb_hdmi_top/hw/mb_usb_hdmi_top.xsa
TRACE::2024-10-24.20:50:37::SCWPlatform::DSA given C:/Users/realk/Desktop/labb6/reallab6part2_sdk/mb_usb_hdmi_top/hw/mb_usb_hdmi_top.xsa
TRACE::2024-10-24.20:50:37::SCWPlatform::DSA absoulate path C:/Users/realk/Desktop/labb6/reallab6part2_sdk/mb_usb_hdmi_top/hw/mb_usb_hdmi_top.xsa
TRACE::2024-10-24.20:50:37::SCWPlatform::DSA directory C:/Users/realk/Desktop/labb6/reallab6part2_sdk/mb_usb_hdmi_top/hw
TRACE::2024-10-24.20:50:37::SCWPlatform:: Platform Path C:/Users/realk/Desktop/labb6/reallab6part2_sdk/mb_usb_hdmi_top/hw/mb_usb_hdmi_top.xsa
TRACE::2024-10-24.20:50:37::SCWPlatform:: Unique name xilinx:::0.0
TRACE::2024-10-24.20:50:37::SCWPlatform::Trying to set the existing hwdb with name mb_usb_hdmi_top_3
TRACE::2024-10-24.20:50:37::SCWPlatform::Opened existing hwdb mb_usb_hdmi_top_3
TRACE::2024-10-24.20:50:37::SCWPlatform::Found the Hw Db part of the input DSA
TRACE::2024-10-24.20:50:37::SCWPlatform::Trying to open the hw design at C:/Users/realk/Desktop/labb6/reallab6part2_sdk/mb_usb_hdmi_top/hw/mb_usb_hdmi_top.xsa
TRACE::2024-10-24.20:50:37::SCWPlatform::DSA given C:/Users/realk/Desktop/labb6/reallab6part2_sdk/mb_usb_hdmi_top/hw/mb_usb_hdmi_top.xsa
TRACE::2024-10-24.20:50:37::SCWPlatform::DSA absoulate path C:/Users/realk/Desktop/labb6/reallab6part2_sdk/mb_usb_hdmi_top/hw/mb_usb_hdmi_top.xsa
TRACE::2024-10-24.20:50:37::SCWPlatform::DSA directory C:/Users/realk/Desktop/labb6/reallab6part2_sdk/mb_usb_hdmi_top/hw
TRACE::2024-10-24.20:50:37::SCWPlatform:: Platform Path C:/Users/realk/Desktop/labb6/reallab6part2_sdk/mb_usb_hdmi_top/hw/mb_usb_hdmi_top.xsa
TRACE::2024-10-24.20:50:37::SCWPlatform:: Unique name xilinx:::0.0
TRACE::2024-10-24.20:50:37::SCWPlatform::Trying to set the existing hwdb with name mb_usb_hdmi_top_3
TRACE::2024-10-24.20:50:37::SCWPlatform::Opened existing hwdb mb_usb_hdmi_top_3
TRACE::2024-10-24.20:50:37::SCWPlatform::Found the Hw Db part of the input DSA
TRACE::2024-10-24.20:50:37::SCWMssOS::Checking the sw design at  C:/Users/realk/Desktop/labb6/reallab6part2_sdk/mb_usb_hdmi_top/microblaze_0/standalone_microblaze_0/bsp/system.mss
TRACE::2024-10-24.20:50:37::SCWMssOS::DEBUG:  swdes dump  C:/Users/realk/Desktop/labb6/reallab6part2_sdk/mb_usb_hdmi_top/microblaze_0/standalone_microblaze_0/bsp/system.mss|system||

TRACE::2024-10-24.20:50:37::SCWMssOS::Sw design exists and opened at  C:/Users/realk/Desktop/labb6/reallab6part2_sdk/mb_usb_hdmi_top/microblaze_0/standalone_microblaze_0/bsp/system.mss
TRACE::2024-10-24.20:50:37::SCWPlatform::Trying to open the hw design at C:/Users/realk/Desktop/labb6/reallab6part2_sdk/mb_usb_hdmi_top/tempdsa/mb_usb_hdmi_top.xsa
TRACE::2024-10-24.20:50:37::SCWPlatform::DSA given C:/Users/realk/Desktop/labb6/reallab6part2_sdk/mb_usb_hdmi_top/tempdsa/mb_usb_hdmi_top.xsa
TRACE::2024-10-24.20:50:37::SCWPlatform::DSA absoulate path C:/Users/realk/Desktop/labb6/reallab6part2_sdk/mb_usb_hdmi_top/tempdsa/mb_usb_hdmi_top.xsa
TRACE::2024-10-24.20:50:37::SCWPlatform::DSA directory C:/Users/realk/Desktop/labb6/reallab6part2_sdk/mb_usb_hdmi_top/tempdsa
TRACE::2024-10-24.20:50:37::SCWPlatform:: Platform Path C:/Users/realk/Desktop/labb6/reallab6part2_sdk/mb_usb_hdmi_top/tempdsa/mb_usb_hdmi_top.xsa
TRACE::2024-10-24.20:50:37::SCWPlatform:: Unique name xilinx:::0.0
TRACE::2024-10-24.20:50:37::SCWPlatform::update - Opened existing hwdb mb_usb_hdmi_top_4
TRACE::2024-10-24.20:50:37::SCWPlatform::Found the Hw Db part of the input DSA
TRACE::2024-10-24.20:50:37::SCWMssOS::Saving the mss changes C:/Users/realk/Desktop/labb6/reallab6part2_sdk/mb_usb_hdmi_top/microblaze_0/standalone_microblaze_0/bsp/system.mss
TRACE::2024-10-24.20:50:37::SCWMssOS::Found a swdesign opened with the mssfile.
TRACE::2024-10-24.20:50:37::SCWMssOS::Completed writemss as part of save.
TRACE::2024-10-24.20:50:37::SCWMssOS::Commit changes completed.
TRACE::2024-10-24.20:50:37::SCWMssOS::Completed hw sync for the mss in domain: standalone_microblaze_0
TRACE::2024-10-24.20:50:37::SCWMssOS::Removing the swdes entry for  C:/Users/realk/Desktop/labb6/reallab6part2_sdk/mb_usb_hdmi_top/microblaze_0/standalone_microblaze_0/bsp/system.mss
TRACE::2024-10-24.20:50:37::SCWPlatform::Trying to open the hw design at C:/Users/realk/Desktop/labb6/reallab6part2_sdk/mb_usb_hdmi_top/hw/mb_usb_hdmi_top.xsa
TRACE::2024-10-24.20:50:38::SCWPlatform::DSA given C:/Users/realk/Desktop/labb6/reallab6part2_sdk/mb_usb_hdmi_top/hw/mb_usb_hdmi_top.xsa
TRACE::2024-10-24.20:50:38::SCWPlatform::DSA absoulate path C:/Users/realk/Desktop/labb6/reallab6part2_sdk/mb_usb_hdmi_top/hw/mb_usb_hdmi_top.xsa
TRACE::2024-10-24.20:50:38::SCWPlatform::DSA directory C:/Users/realk/Desktop/labb6/reallab6part2_sdk/mb_usb_hdmi_top/hw
TRACE::2024-10-24.20:50:38::SCWPlatform:: Platform Path C:/Users/realk/Desktop/labb6/reallab6part2_sdk/mb_usb_hdmi_top/hw/mb_usb_hdmi_top.xsa
TRACE::2024-10-24.20:50:38::SCWPlatform:: Unique name xilinx:::0.0
TRACE::2024-10-24.20:50:38::SCWPlatform::Do not have an existing db opened. 
TRACE::2024-10-24.20:50:38::SCWPlatform::Opened new HwDB with name mb_usb_hdmi_top_5
TRACE::2024-10-24.20:50:38::SCWMssOS::Saving the mss changes C:/Users/realk/Desktop/labb6/reallab6part2_sdk/mb_usb_hdmi_top/microblaze_0/standalone_microblaze_0/bsp/system.mss
TRACE::2024-10-24.20:50:38::SCWMssOS::Adding the swdes entry, mss present, able to open swdb C:/Users/realk/Desktop/labb6/reallab6part2_sdk/mb_usb_hdmi_top/microblaze_0/standalone_microblaze_0/bsp/system.mss with des name system
TRACE::2024-10-24.20:50:38::SCWMssOS::Writing the mss file completed C:/Users/realk/Desktop/labb6/reallab6part2_sdk/mb_usb_hdmi_top/microblaze_0/standalone_microblaze_0/bsp/system.mss
TRACE::2024-10-24.20:50:38::SCWMssOS::Commit changes completed.
TRACE::2024-10-24.20:50:38::SCWPlatform::Trying to open the hw design at C:/Users/realk/Desktop/labb6/reallab6part2_sdk/mb_usb_hdmi_top/hw/mb_usb_hdmi_top.xsa
TRACE::2024-10-24.20:50:38::SCWPlatform::DSA given C:/Users/realk/Desktop/labb6/reallab6part2_sdk/mb_usb_hdmi_top/hw/mb_usb_hdmi_top.xsa
TRACE::2024-10-24.20:50:38::SCWPlatform::DSA absoulate path C:/Users/realk/Desktop/labb6/reallab6part2_sdk/mb_usb_hdmi_top/hw/mb_usb_hdmi_top.xsa
TRACE::2024-10-24.20:50:38::SCWPlatform::DSA directory C:/Users/realk/Desktop/labb6/reallab6part2_sdk/mb_usb_hdmi_top/hw
TRACE::2024-10-24.20:50:38::SCWPlatform:: Platform Path C:/Users/realk/Desktop/labb6/reallab6part2_sdk/mb_usb_hdmi_top/hw/mb_usb_hdmi_top.xsa
TRACE::2024-10-24.20:50:38::SCWPlatform:: Unique name xilinx:::0.0
TRACE::2024-10-24.20:50:38::SCWPlatform::Trying to set the existing hwdb with name mb_usb_hdmi_top_5
TRACE::2024-10-24.20:50:38::SCWPlatform::Opened existing hwdb mb_usb_hdmi_top_5
TRACE::2024-10-24.20:50:38::SCWPlatform::Found the Hw Db part of the input DSA
TRACE::2024-10-24.20:50:38::SCWMssOS::Checking the sw design at  C:/Users/realk/Desktop/labb6/reallab6part2_sdk/mb_usb_hdmi_top/microblaze_0/standalone_microblaze_0/bsp/system.mss
TRACE::2024-10-24.20:50:38::SCWMssOS::DEBUG:  swdes dump  C:/Users/realk/Desktop/labb6/reallab6part2_sdk/mb_usb_hdmi_top/microblaze_0/standalone_microblaze_0/bsp/system.mss|system||

TRACE::2024-10-24.20:50:38::SCWMssOS::Sw design exists and opened at  C:/Users/realk/Desktop/labb6/reallab6part2_sdk/mb_usb_hdmi_top/microblaze_0/standalone_microblaze_0/bsp/system.mss
TRACE::2024-10-24.20:50:38::SCWWriter::formatted JSON is {
	"platformName":	"mb_usb_hdmi_top",
	"sprVersion":	"2.0",
	"mode":	"gui",
	"dsaType":	"Fixed",
	"platformDesc":	"mb_usb_hdmi_top",
	"platHandOff":	"C:/Users/realk/Desktop/labb6/mb_usb_hdmi_top.xsa",
	"platIntHandOff":	"<platformDir>/hw/mb_usb_hdmi_top.xsa",
	"deviceType":	"FPGA",
	"platIsPrebuiltAutogen":	"false",
	"platIsNoBootBsp":	"false",
	"hasFsblMakeHasChanges":	"false",
	"hasPmufwMakeHasChanges":	"false",
	"platPreBuiltFlag":	false,
	"platformSamplesDir":	"",
	"platActiveSys":	"mb_usb_hdmi_top",
	"systems":	[{
			"systemName":	"mb_usb_hdmi_top",
			"systemDesc":	"mb_usb_hdmi_top",
			"sysIsBootAutoGen":	"true",
			"systemDispName":	"mb_usb_hdmi_top",
			"sysActiveDom":	"standalone_microblaze_0",
			"sysDefaultDom":	"standalone_microblaze_0",
			"domains":	[{
					"domainName":	"standalone_microblaze_0",
					"domainDispName":	"standalone_microblaze_0",
					"domainDesc":	"standalone_microblaze_0",
					"processors":	"microblaze_0",
					"os":	"standalone",
					"sdxOs":	"standalone",
					"debugEnable":	"False",
					"domRuntimes":	["cpp"],
					"swRepo":	"",
					"mssOsVer":	"8.0",
					"mssFile":	"",
					"md5Digest":	"304529987e879521ca977c68d163f3621",
					"compatibleApp":	"",
					"domType":	"mssDomain",
					"arch":	"32-bit",
					"appSettings":	{
						"appCompilerFlags":	"",
						"appLinkerFlags":	""
					},
					"addedLibs":	[],
					"libOptions":	{
						"libsContainingOptions":	[]
					},
					"prebuiltLibs":	{
						"prebuiltIncPath":	[],
						"prebuiltLibPath":	[]
					},
					"isolation":	{
					}
				}]
		}]
}
LOG::2024-10-24.20:50:46::SCWPlatform::Started generating the artifacts platform mb_usb_hdmi_top
TRACE::2024-10-24.20:50:46::SCWPlatform::Sanity checking of platform is completed
LOG::2024-10-24.20:50:46::SCWPlatform::Started generating the artifacts for system configuration mb_usb_hdmi_top
LOG::2024-10-24.20:50:46::SCWSystem::Checking the domain standalone_microblaze_0
LOG::2024-10-24.20:50:46::SCWSystem::Not a boot domain 
LOG::2024-10-24.20:50:46::SCWSystem::Started Processing the domain standalone_microblaze_0
TRACE::2024-10-24.20:50:46::SCWDomain::Generating domain artifcats
TRACE::2024-10-24.20:50:46::SCWMssOS::Generating standalone artifcats
TRACE::2024-10-24.20:50:46::SCWMssOS:: Copying the user libraries. 
TRACE::2024-10-24.20:50:46::SCWPlatform::Trying to open the hw design at C:/Users/realk/Desktop/labb6/reallab6part2_sdk/mb_usb_hdmi_top/hw/mb_usb_hdmi_top.xsa
TRACE::2024-10-24.20:50:46::SCWPlatform::DSA given C:/Users/realk/Desktop/labb6/reallab6part2_sdk/mb_usb_hdmi_top/hw/mb_usb_hdmi_top.xsa
TRACE::2024-10-24.20:50:46::SCWPlatform::DSA absoulate path C:/Users/realk/Desktop/labb6/reallab6part2_sdk/mb_usb_hdmi_top/hw/mb_usb_hdmi_top.xsa
TRACE::2024-10-24.20:50:46::SCWPlatform::DSA directory C:/Users/realk/Desktop/labb6/reallab6part2_sdk/mb_usb_hdmi_top/hw
TRACE::2024-10-24.20:50:46::SCWPlatform:: Platform Path C:/Users/realk/Desktop/labb6/reallab6part2_sdk/mb_usb_hdmi_top/hw/mb_usb_hdmi_top.xsa
TRACE::2024-10-24.20:50:46::SCWPlatform:: Unique name xilinx:::0.0
TRACE::2024-10-24.20:50:46::SCWPlatform::Trying to set the existing hwdb with name mb_usb_hdmi_top_5
TRACE::2024-10-24.20:50:46::SCWPlatform::Opened existing hwdb mb_usb_hdmi_top_5
TRACE::2024-10-24.20:50:46::SCWPlatform::Found the Hw Db part of the input DSA
TRACE::2024-10-24.20:50:46::SCWMssOS::Checking the sw design at  C:/Users/realk/Desktop/labb6/reallab6part2_sdk/mb_usb_hdmi_top/microblaze_0/standalone_microblaze_0/bsp/system.mss
TRACE::2024-10-24.20:50:46::SCWMssOS::DEBUG:  swdes dump  C:/Users/realk/Desktop/labb6/reallab6part2_sdk/mb_usb_hdmi_top/microblaze_0/standalone_microblaze_0/bsp/system.mss|system||

TRACE::2024-10-24.20:50:46::SCWMssOS::Sw design exists and opened at  C:/Users/realk/Desktop/labb6/reallab6part2_sdk/mb_usb_hdmi_top/microblaze_0/standalone_microblaze_0/bsp/system.mss
TRACE::2024-10-24.20:50:46::SCWMssOS::Completed writing the mss file at C:/Users/realk/Desktop/labb6/reallab6part2_sdk/mb_usb_hdmi_top/microblaze_0/standalone_microblaze_0/bsp
TRACE::2024-10-24.20:50:46::SCWMssOS::Mss edits present, copying mssfile into export location C:/Users/realk/Desktop/labb6/reallab6part2_sdk/mb_usb_hdmi_top/microblaze_0/standalone_microblaze_0/bsp/system.mss
TRACE::2024-10-24.20:50:46::SCWMssOS::bsp generated is stale removing and regenerating. 
TRACE::2024-10-24.20:50:47::SCWMssOS::doing bsp build ... 
TRACE::2024-10-24.20:50:47::SCWMssOS::System Command Ran  C: & cd  C:/Users/realk/Desktop/labb6/reallab6part2_sdk/mb_usb_hdmi_top/microblaze_0/standalone_microblaze_0/bsp & make 
TRACE::2024-10-24.20:50:47::SCWMssOS::make --no-print-directory seq_libs

TRACE::2024-10-24.20:50:48::SCWMssOS::'Finished building libraries sequentially.'

TRACE::2024-10-24.20:50:48::SCWMssOS::make -j 14 --no-print-directory par_libs

TRACE::2024-10-24.20:50:48::SCWMssOS::"Running Make include in microblaze_0/libsrc/bram_v4_8/src"

TRACE::2024-10-24.20:50:48::SCWMssOS::make -C microblaze_0/libsrc/bram_v4_8/src -s include  "SHELL=CMD" "COMPILER=mb-gcc" "ASSEMBLER=mb-as" "ARCHIVER=mb-ar" "COMPILE
TRACE::2024-10-24.20:50:48::SCWMssOS::R_FLAGS=  -O2 -c -mcpu=v11.0 -mlittle-endian -mno-xl-reorder -mno-xl-soft-mul -mxl-barrel-shift -mxl-pattern-compare" "EXTRA_CO
TRACE::2024-10-24.20:50:48::SCWMssOS::MPILER_FLAGS=-g -ffunction-sections -fdata-sections -Wall -Wextra -fno-tree-loop-distribute-patterns"

TRACE::2024-10-24.20:50:48::SCWMssOS::"Running Make include in microblaze_0/libsrc/cpu_v2_16/src"

TRACE::2024-10-24.20:50:48::SCWMssOS::make -C microblaze_0/libsrc/cpu_v2_16/src -s include  "SHELL=CMD" "COMPILER=mb-gcc" "ASSEMBLER=mb-as" "ARCHIVER=mb-ar" "COMPILE
TRACE::2024-10-24.20:50:48::SCWMssOS::R_FLAGS=  -O2 -c -mcpu=v11.0 -mlittle-endian -mno-xl-reorder -mno-xl-soft-mul -mxl-barrel-shift -mxl-pattern-compare" "EXTRA_CO
TRACE::2024-10-24.20:50:48::SCWMssOS::MPILER_FLAGS=-g -ffunction-sections -fdata-sections -Wall -Wextra -fno-tree-loop-distribute-patterns"

TRACE::2024-10-24.20:50:48::SCWMssOS::"Running Make include in microblaze_0/libsrc/gpio_v4_9/src"

TRACE::2024-10-24.20:50:48::SCWMssOS::make -C microblaze_0/libsrc/gpio_v4_9/src -s include  "SHELL=CMD" "COMPILER=mb-gcc" "ASSEMBLER=mb-as" "ARCHIVER=mb-ar" "COMPILE
TRACE::2024-10-24.20:50:48::SCWMssOS::R_FLAGS=  -O2 -c -mcpu=v11.0 -mlittle-endian -mno-xl-reorder -mno-xl-soft-mul -mxl-barrel-shift -mxl-pattern-compare" "EXTRA_CO
TRACE::2024-10-24.20:50:48::SCWMssOS::MPILER_FLAGS=-g -ffunction-sections -fdata-sections -Wall -Wextra -fno-tree-loop-distribute-patterns"

TRACE::2024-10-24.20:50:48::SCWMssOS::"Running Make include in microblaze_0/libsrc/intc_v3_15/src"

TRACE::2024-10-24.20:50:48::SCWMssOS::make -C microblaze_0/libsrc/intc_v3_15/src -s include  "SHELL=CMD" "COMPILER=mb-gcc" "ASSEMBLER=mb-as" "ARCHIVER=mb-ar" "COMPIL
TRACE::2024-10-24.20:50:48::SCWMssOS::ER_FLAGS=  -O2 -c -mcpu=v11.0 -mlittle-endian -mno-xl-reorder -mno-xl-soft-mul -mxl-barrel-shift -mxl-pattern-compare" "EXTRA_C
TRACE::2024-10-24.20:50:48::SCWMssOS::OMPILER_FLAGS=-g -ffunction-sections -fdata-sections -Wall -Wextra -fno-tree-loop-distribute-patterns"

TRACE::2024-10-24.20:50:48::SCWMssOS::"Running Make include in microblaze_0/libsrc/spi_v4_9/src"

TRACE::2024-10-24.20:50:48::SCWMssOS::make -C microblaze_0/libsrc/spi_v4_9/src -s include  "SHELL=CMD" "COMPILER=mb-gcc" "ASSEMBLER=mb-as" "ARCHIVER=mb-ar" "COMPILER
TRACE::2024-10-24.20:50:48::SCWMssOS::_FLAGS=  -O2 -c -mcpu=v11.0 -mlittle-endian -mno-xl-reorder -mno-xl-soft-mul -mxl-barrel-shift -mxl-pattern-compare" "EXTRA_COM
TRACE::2024-10-24.20:50:48::SCWMssOS::PILER_FLAGS=-g -ffunction-sections -fdata-sections -Wall -Wextra -fno-tree-loop-distribute-patterns"

TRACE::2024-10-24.20:50:48::SCWMssOS::"Running Make include in microblaze_0/libsrc/standalone_v8_0/src"

TRACE::2024-10-24.20:50:48::SCWMssOS::make -C microblaze_0/libsrc/standalone_v8_0/src -s include  "SHELL=CMD" "COMPILER=mb-gcc" "ASSEMBLER=mb-as" "ARCHIVER=mb-ar" "C
TRACE::2024-10-24.20:50:48::SCWMssOS::OMPILER_FLAGS=  -O2 -c -mcpu=v11.0 -mlittle-endian -mno-xl-reorder -mno-xl-soft-mul -mxl-barrel-shift -mxl-pattern-compare" "EX
TRACE::2024-10-24.20:50:48::SCWMssOS::TRA_COMPILER_FLAGS=-g -ffunction-sections -fdata-sections -Wall -Wextra -fno-tree-loop-distribute-patterns"

TRACE::2024-10-24.20:50:48::SCWMssOS::"Running Make include in microblaze_0/libsrc/tmrctr_v4_9/src"

TRACE::2024-10-24.20:50:48::SCWMssOS::make -C microblaze_0/libsrc/tmrctr_v4_9/src -s include  "SHELL=CMD" "COMPILER=mb-gcc" "ASSEMBLER=mb-as" "ARCHIVER=mb-ar" "COMPI
TRACE::2024-10-24.20:50:48::SCWMssOS::LER_FLAGS=  -O2 -c -mcpu=v11.0 -mlittle-endian -mno-xl-reorder -mno-xl-soft-mul -mxl-barrel-shift -mxl-pattern-compare" "EXTRA_
TRACE::2024-10-24.20:50:48::SCWMssOS::COMPILER_FLAGS=-g -ffunction-sections -fdata-sections -Wall -Wextra -fno-tree-loop-distribute-patterns"

TRACE::2024-10-24.20:50:48::SCWMssOS::"Running Make include in microblaze_0/libsrc/uartlite_v3_7/src"

TRACE::2024-10-24.20:50:48::SCWMssOS::make -C microblaze_0/libsrc/uartlite_v3_7/src -s include  "SHELL=CMD" "COMPILER=mb-gcc" "ASSEMBLER=mb-as" "ARCHIVER=mb-ar" "COM
TRACE::2024-10-24.20:50:48::SCWMssOS::PILER_FLAGS=  -O2 -c -mcpu=v11.0 -mlittle-endian -mno-xl-reorder -mno-xl-soft-mul -mxl-barrel-shift -mxl-pattern-compare" "EXTR
TRACE::2024-10-24.20:50:48::SCWMssOS::A_COMPILER_FLAGS=-g -ffunction-sections -fdata-sections -Wall -Wextra -fno-tree-loop-distribute-patterns"

TRACE::2024-10-24.20:50:48::SCWMssOS::"Running Make libs in microblaze_0/libsrc/bram_v4_8/src"

TRACE::2024-10-24.20:50:48::SCWMssOS::make -C microblaze_0/libsrc/bram_v4_8/src -s libs  "SHELL=CMD" "COMPILER=mb-gcc" "ASSEMBLER=mb-as" "ARCHIVER=mb-ar" "COMPILER_F
TRACE::2024-10-24.20:50:48::SCWMssOS::LAGS=  -O2 -c -mcpu=v11.0 -mlittle-endian -mno-xl-reorder -mno-xl-soft-mul -mxl-barrel-shift -mxl-pattern-compare" "EXTRA_COMPI
TRACE::2024-10-24.20:50:48::SCWMssOS::LER_FLAGS=-g -ffunction-sections -fdata-sections -Wall -Wextra -fno-tree-loop-distribute-patterns"

TRACE::2024-10-24.20:50:48::SCWMssOS::"Running Make libs in microblaze_0/libsrc/cpu_v2_16/src"

TRACE::2024-10-24.20:50:48::SCWMssOS::make -C microblaze_0/libsrc/cpu_v2_16/src -s libs  "SHELL=CMD" "COMPILER=mb-gcc" "ASSEMBLER=mb-as" "ARCHIVER=mb-ar" "COMPILER_F
TRACE::2024-10-24.20:50:48::SCWMssOS::LAGS=  -O2 -c -mcpu=v11.0 -mlittle-endian -mno-xl-reorder -mno-xl-soft-mul -mxl-barrel-shift -mxl-pattern-compare" "EXTRA_COMPI
TRACE::2024-10-24.20:50:48::SCWMssOS::LER_FLAGS=-g -ffunction-sections -fdata-sections -Wall -Wextra -fno-tree-loop-distribute-patterns"

TRACE::2024-10-24.20:50:48::SCWMssOS::"Running Make libs in microblaze_0/libsrc/gpio_v4_9/src"

TRACE::2024-10-24.20:50:48::SCWMssOS::make -C microblaze_0/libsrc/gpio_v4_9/src -s libs  "SHELL=CMD" "COMPILER=mb-gcc" "ASSEMBLER=mb-as" "ARCHIVER=mb-ar" "COMPILER_F
TRACE::2024-10-24.20:50:48::SCWMssOS::LAGS=  -O2 -c -mcpu=v11.0 -mlittle-endian -mno-xl-reorder -mno-xl-soft-mul -mxl-barrel-shift -mxl-pattern-compare" "EXTRA_COMPI
TRACE::2024-10-24.20:50:48::SCWMssOS::LER_FLAGS=-g -ffunction-sections -fdata-sections -Wall -Wextra -fno-tree-loop-distribute-patterns"

TRACE::2024-10-24.20:50:48::SCWMssOS::"Running Make libs in microblaze_0/libsrc/intc_v3_15/src"

TRACE::2024-10-24.20:50:49::SCWMssOS::make -C microblaze_0/libsrc/intc_v3_15/src -s libs  "SHELL=CMD" "COMPILER=mb-gcc" "ASSEMBLER=mb-as" "ARCHIVER=mb-ar" "COMPILER_
TRACE::2024-10-24.20:50:49::SCWMssOS::FLAGS=  -O2 -c -mcpu=v11.0 -mlittle-endian -mno-xl-reorder -mno-xl-soft-mul -mxl-barrel-shift -mxl-pattern-compare" "EXTRA_COMP
TRACE::2024-10-24.20:50:49::SCWMssOS::ILER_FLAGS=-g -ffunction-sections -fdata-sections -Wall -Wextra -fno-tree-loop-distribute-patterns"

TRACE::2024-10-24.20:50:49::SCWMssOS::"Running Make libs in microblaze_0/libsrc/spi_v4_9/src"

TRACE::2024-10-24.20:50:49::SCWMssOS::make -C microblaze_0/libsrc/spi_v4_9/src -s libs  "SHELL=CMD" "COMPILER=mb-gcc" "ASSEMBLER=mb-as" "ARCHIVER=mb-ar" "COMPILER_FL
TRACE::2024-10-24.20:50:49::SCWMssOS::AGS=  -O2 -c -mcpu=v11.0 -mlittle-endian -mno-xl-reorder -mno-xl-soft-mul -mxl-barrel-shift -mxl-pattern-compare" "EXTRA_COMPIL
TRACE::2024-10-24.20:50:49::SCWMssOS::ER_FLAGS=-g -ffunction-sections -fdata-sections -Wall -Wextra -fno-tree-loop-distribute-patterns"

TRACE::2024-10-24.20:50:49::SCWMssOS::"Running Make libs in microblaze_0/libsrc/standalone_v8_0/src"

TRACE::2024-10-24.20:50:49::SCWMssOS::make -C microblaze_0/libsrc/standalone_v8_0/src -s libs  "SHELL=CMD" "COMPILER=mb-gcc" "ASSEMBLER=mb-as" "ARCHIVER=mb-ar" "COMP
TRACE::2024-10-24.20:50:49::SCWMssOS::ILER_FLAGS=  -O2 -c -mcpu=v11.0 -mlittle-endian -mno-xl-reorder -mno-xl-soft-mul -mxl-barrel-shift -mxl-pattern-compare" "EXTRA
TRACE::2024-10-24.20:50:49::SCWMssOS::_COMPILER_FLAGS=-g -ffunction-sections -fdata-sections -Wall -Wextra -fno-tree-loop-distribute-patterns"

TRACE::2024-10-24.20:50:49::SCWMssOS::"Running Make libs in microblaze_0/libsrc/tmrctr_v4_9/src"

TRACE::2024-10-24.20:50:49::SCWMssOS::make -C microblaze_0/libsrc/tmrctr_v4_9/src -s libs  "SHELL=CMD" "COMPILER=mb-gcc" "ASSEMBLER=mb-as" "ARCHIVER=mb-ar" "COMPILER
TRACE::2024-10-24.20:50:49::SCWMssOS::_FLAGS=  -O2 -c -mcpu=v11.0 -mlittle-endian -mno-xl-reorder -mno-xl-soft-mul -mxl-barrel-shift -mxl-pattern-compare" "EXTRA_COM
TRACE::2024-10-24.20:50:49::SCWMssOS::PILER_FLAGS=-g -ffunction-sections -fdata-sections -Wall -Wextra -fno-tree-loop-distribute-patterns"

TRACE::2024-10-24.20:50:49::SCWMssOS::"Running Make libs in microblaze_0/libsrc/uartlite_v3_7/src"

TRACE::2024-10-24.20:50:49::SCWMssOS::make -C microblaze_0/libsrc/uartlite_v3_7/src -s libs  "SHELL=CMD" "COMPILER=mb-gcc" "ASSEMBLER=mb-as" "ARCHIVER=mb-ar" "COMPIL
TRACE::2024-10-24.20:50:49::SCWMssOS::ER_FLAGS=  -O2 -c -mcpu=v11.0 -mlittle-endian -mno-xl-reorder -mno-xl-soft-mul -mxl-barrel-shift -mxl-pattern-compare" "EXTRA_C
TRACE::2024-10-24.20:50:49::SCWMssOS::OMPILER_FLAGS=-g -ffunction-sections -fdata-sections -Wall -Wextra -fno-tree-loop-distribute-patterns"

TRACE::2024-10-24.20:50:51::SCWMssOS::"DEBUG NON_LTO_OBJECTS is ../../../lib/microblaze_interrupt_handler.o"

TRACE::2024-10-24.20:50:51::SCWMssOS::'Finished building libraries parallelly.'

TRACE::2024-10-24.20:50:51::SCWMssOS::make --no-print-directory archive

TRACE::2024-10-24.20:50:51::SCWMssOS::mb-ar -r  microblaze_0/lib/libxil.a microblaze_0/lib/_exit.o microblaze_0/lib/errno.o microblaze_0/lib/fcntl.o microblaze_0/lib
TRACE::2024-10-24.20:50:51::SCWMssOS::/hw_exception_handler.o microblaze_0/lib/inbyte.o microblaze_0/lib/microblaze_disable_dcache.o microblaze_0/lib/microblaze_disa
TRACE::2024-10-24.20:50:51::SCWMssOS::ble_exceptions.o microblaze_0/lib/microblaze_disable_icache.o microblaze_0/lib/microblaze_disable_interrupts.o microblaze_0/lib
TRACE::2024-10-24.20:50:51::SCWMssOS::/microblaze_enable_dcache.o microblaze_0/lib/microblaze_enable_exceptions.o microblaze_0/lib/microblaze_enable_icache.o microbl
TRACE::2024-10-24.20:50:51::SCWMssOS::aze_0/lib/microblaze_enable_interrupts.o microblaze_0/lib/microblaze_exception_handler.o microblaze_0/lib/microblaze_flush_cach
TRACE::2024-10-24.20:50:51::SCWMssOS::e_ext.o microblaze_0/lib/microblaze_flush_cache_ext_range.o microblaze_0/lib/microblaze_flush_dcache.o microblaze_0/lib/microbl
TRACE::2024-10-24.20:50:51::SCWMssOS::aze_flush_dcache_range.o microblaze_0/lib/microblaze_init_dcache_range.o microblaze_0/lib/microblaze_init_icache_range.o microb
TRACE::2024-10-24.20:50:51::SCWMssOS::laze_0/lib/microblaze_interrupt_handler.o microblaze_0/lib/microblaze_interrupts_g.o microblaze_0/lib/microblaze_invalidate_cac
TRACE::2024-10-24.20:50:51::SCWMssOS::he_ext.o microblaze_0/lib/microblaze_invalidate_cache_ext_range.o microblaze_0/lib/microblaze_invalidate_dcache.o microblaze_0/
TRACE::2024-10-24.20:50:51::SCWMssOS::lib/microblaze_invalidate_dcache_range.o microblaze_0/lib/microblaze_invalidate_icache.o microblaze_0/lib/microblaze_invalidate
TRACE::2024-10-24.20:50:51::SCWMssOS::_icache_range.o microblaze_0/lib/microblaze_scrub.o microblaze_0/lib/microblaze_selftest.o microblaze_0/lib/microblaze_sleep.o 
TRACE::2024-10-24.20:50:51::SCWMssOS::microblaze_0/lib/microblaze_update_dcache.o microblaze_0/lib/microblaze_update_icache.o microblaze_0/lib/outbyte.o microblaze_0
TRACE::2024-10-24.20:50:51::SCWMssOS::/lib/print.o microblaze_0/lib/pvr.o microblaze_0/lib/xbram.o microblaze_0/lib/xbram_g.o microblaze_0/lib/xbram_intr.o microblaz
TRACE::2024-10-24.20:50:51::SCWMssOS::e_0/lib/xbram_selftest.o microblaze_0/lib/xbram_sinit.o microblaze_0/lib/xgpio.o microblaze_0/lib/xgpio_extra.o microblaze_0/li
TRACE::2024-10-24.20:50:51::SCWMssOS::b/xgpio_g.o microblaze_0/lib/xgpio_intr.o microblaze_0/lib/xgpio_selftest.o microblaze_0/lib/xgpio_sinit.o microblaze_0/lib/xil
TRACE::2024-10-24.20:50:51::SCWMssOS::_assert.o microblaze_0/lib/xil_cache.o microblaze_0/lib/xil_clocking.o microblaze_0/lib/xil_exception.o microblaze_0/lib/xil_me
TRACE::2024-10-24.20:50:51::SCWMssOS::m.o microblaze_0/lib/xil_misc_psreset_api.o microblaze_0/lib/xil_printf.o microblaze_0/lib/xil_sleepcommon.o microblaze_0/lib/x
TRACE::2024-10-24.20:50:51::SCWMssOS::il_testcache.o microblaze_0/lib/xil_testio.o microblaze_0/lib/xil_testmem.o microblaze_0/lib/xil_util.o microblaze_0/lib/xintc.
TRACE::2024-10-24.20:50:51::SCWMssOS::o microblaze_0/lib/xintc_g.o microblaze_0/lib/xintc_intr.o microblaze_0/lib/xintc_l.o microblaze_0/lib/xintc_options.o microbla
TRACE::2024-10-24.20:50:51::SCWMssOS::ze_0/lib/xintc_selftest.o microblaze_0/lib/xinterrupt_wrap.o microblaze_0/lib/xio.o microblaze_0/lib/xplatform_info.o microblaz
TRACE::2024-10-24.20:50:51::SCWMssOS::e_0/lib/xspi.o microblaze_0/lib/xspi_g.o microblaze_0/lib/xspi_options.o microblaze_0/lib/xspi_selftest.o microblaze_0/lib/xspi
TRACE::2024-10-24.20:50:51::SCWMssOS::_sinit.o microblaze_0/lib/xspi_stats.o microblaze_0/lib/xtmrctr.o microblaze_0/lib/xtmrctr_g.o microblaze_0/lib/xtmrctr_intr.o 
TRACE::2024-10-24.20:50:51::SCWMssOS::microblaze_0/lib/xtmrctr_l.o microblaze_0/lib/xtmrctr_options.o microblaze_0/lib/xtmrctr_selftest.o microblaze_0/lib/xtmrctr_si
TRACE::2024-10-24.20:50:51::SCWMssOS::nit.o microblaze_0/lib/xtmrctr_stats.o microblaze_0/lib/xuartlite.o microblaze_0/lib/xuartlite_g.o microblaze_0/lib/xuartlite_i
TRACE::2024-10-24.20:50:51::SCWMssOS::ntr.o microblaze_0/lib/xuartlite_l.o microblaze_0/lib/xuartlite_selftest.o microblaze_0/lib/xuartlite_sinit.o microblaze_0/lib/
TRACE::2024-10-24.20:50:51::SCWMssOS::xuartlite_stats.o

TRACE::2024-10-24.20:50:52::SCWMssOS::'Finished building libraries'

TRACE::2024-10-24.20:50:52::SCWMssOS:: Checking if to create the Supporting Applications
TRACE::2024-10-24.20:50:52::SCWMssOS:: No Linux domain exists, trying to generate FSBL 
LOG::2024-10-24.20:50:52::SCWSystem::Completed Processing the domain standalone_microblaze_0
LOG::2024-10-24.20:50:52::SCWSystem::Completed Processing the sysconfig mb_usb_hdmi_top
LOG::2024-10-24.20:50:52::SCWPlatform::Completed generating the artifacts for system configuration mb_usb_hdmi_top
TRACE::2024-10-24.20:50:52::SCWPlatform::Started preparing the platform 
TRACE::2024-10-24.20:50:52::SCWSystem::Writing the bif file for system config mb_usb_hdmi_top
TRACE::2024-10-24.20:50:52::SCWSystem::dir created 
TRACE::2024-10-24.20:50:52::SCWSystem::Writing the bif 
TRACE::2024-10-24.20:50:52::SCWPlatform::Started writing the spfm file 
TRACE::2024-10-24.20:50:52::SCWPlatform::Started writing the xpfm file 
TRACE::2024-10-24.20:50:52::SCWPlatform::Completed generating the platform
TRACE::2024-10-24.20:50:52::SCWMssOS::Saving the mss changes C:/Users/realk/Desktop/labb6/reallab6part2_sdk/mb_usb_hdmi_top/microblaze_0/standalone_microblaze_0/bsp/system.mss
TRACE::2024-10-24.20:50:52::SCWMssOS::Adding the swdes entry, mss present, able to open swdb C:/Users/realk/Desktop/labb6/reallab6part2_sdk/mb_usb_hdmi_top/microblaze_0/standalone_microblaze_0/bsp/system.mss with des name system
TRACE::2024-10-24.20:50:52::SCWMssOS::Writing the mss file completed C:/Users/realk/Desktop/labb6/reallab6part2_sdk/mb_usb_hdmi_top/microblaze_0/standalone_microblaze_0/bsp/system.mss
TRACE::2024-10-24.20:50:52::SCWMssOS::Commit changes completed.
TRACE::2024-10-24.20:50:52::SCWPlatform::Trying to open the hw design at C:/Users/realk/Desktop/labb6/reallab6part2_sdk/mb_usb_hdmi_top/hw/mb_usb_hdmi_top.xsa
TRACE::2024-10-24.20:50:52::SCWPlatform::DSA given C:/Users/realk/Desktop/labb6/reallab6part2_sdk/mb_usb_hdmi_top/hw/mb_usb_hdmi_top.xsa
TRACE::2024-10-24.20:50:52::SCWPlatform::DSA absoulate path C:/Users/realk/Desktop/labb6/reallab6part2_sdk/mb_usb_hdmi_top/hw/mb_usb_hdmi_top.xsa
TRACE::2024-10-24.20:50:52::SCWPlatform::DSA directory C:/Users/realk/Desktop/labb6/reallab6part2_sdk/mb_usb_hdmi_top/hw
TRACE::2024-10-24.20:50:52::SCWPlatform:: Platform Path C:/Users/realk/Desktop/labb6/reallab6part2_sdk/mb_usb_hdmi_top/hw/mb_usb_hdmi_top.xsa
TRACE::2024-10-24.20:50:52::SCWPlatform:: Unique name xilinx:::0.0
TRACE::2024-10-24.20:50:52::SCWPlatform::Trying to set the existing hwdb with name mb_usb_hdmi_top_5
TRACE::2024-10-24.20:50:52::SCWPlatform::Opened existing hwdb mb_usb_hdmi_top_5
TRACE::2024-10-24.20:50:52::SCWPlatform::Found the Hw Db part of the input DSA
TRACE::2024-10-24.20:50:52::SCWMssOS::Checking the sw design at  C:/Users/realk/Desktop/labb6/reallab6part2_sdk/mb_usb_hdmi_top/microblaze_0/standalone_microblaze_0/bsp/system.mss
TRACE::2024-10-24.20:50:52::SCWMssOS::DEBUG:  swdes dump  C:/Users/realk/Desktop/labb6/reallab6part2_sdk/mb_usb_hdmi_top/microblaze_0/standalone_microblaze_0/bsp/system.mss|system||

TRACE::2024-10-24.20:50:52::SCWMssOS::Sw design exists and opened at  C:/Users/realk/Desktop/labb6/reallab6part2_sdk/mb_usb_hdmi_top/microblaze_0/standalone_microblaze_0/bsp/system.mss
TRACE::2024-10-24.20:50:52::SCWWriter::formatted JSON is {
	"platformName":	"mb_usb_hdmi_top",
	"sprVersion":	"2.0",
	"mode":	"gui",
	"dsaType":	"Fixed",
	"platformDesc":	"mb_usb_hdmi_top",
	"platHandOff":	"C:/Users/realk/Desktop/labb6/mb_usb_hdmi_top.xsa",
	"platIntHandOff":	"<platformDir>/hw/mb_usb_hdmi_top.xsa",
	"deviceType":	"FPGA",
	"platIsPrebuiltAutogen":	"false",
	"platIsNoBootBsp":	"false",
	"hasFsblMakeHasChanges":	"false",
	"hasPmufwMakeHasChanges":	"false",
	"platPreBuiltFlag":	false,
	"platformSamplesDir":	"",
	"platActiveSys":	"mb_usb_hdmi_top",
	"systems":	[{
			"systemName":	"mb_usb_hdmi_top",
			"systemDesc":	"mb_usb_hdmi_top",
			"sysIsBootAutoGen":	"true",
			"systemDispName":	"mb_usb_hdmi_top",
			"sysActiveDom":	"standalone_microblaze_0",
			"sysDefaultDom":	"standalone_microblaze_0",
			"domains":	[{
					"domainName":	"standalone_microblaze_0",
					"domainDispName":	"standalone_microblaze_0",
					"domainDesc":	"standalone_microblaze_0",
					"processors":	"microblaze_0",
					"os":	"standalone",
					"sdxOs":	"standalone",
					"debugEnable":	"False",
					"domRuntimes":	["cpp"],
					"swRepo":	"",
					"mssOsVer":	"8.0",
					"mssFile":	"",
					"md5Digest":	"304529987e879521ca977c68d163f362",
					"compatibleApp":	"",
					"domType":	"mssDomain",
					"arch":	"32-bit",
					"appSettings":	{
						"appCompilerFlags":	"",
						"appLinkerFlags":	""
					},
					"addedLibs":	[],
					"libOptions":	{
						"libsContainingOptions":	[]
					},
					"prebuiltLibs":	{
						"prebuiltIncPath":	[],
						"prebuiltLibPath":	[]
					},
					"isolation":	{
					}
				}]
		}]
}
KEYINFO::2024-10-24.20:50:52::SCWPlatform::updated the xpfm file.
TRACE::2024-10-24.20:50:53::SCWPlatform::Trying to open the hw design at C:/Users/realk/Desktop/labb6/reallab6part2_sdk/mb_usb_hdmi_top/hw/mb_usb_hdmi_top.xsa
TRACE::2024-10-24.20:50:53::SCWPlatform::DSA given C:/Users/realk/Desktop/labb6/reallab6part2_sdk/mb_usb_hdmi_top/hw/mb_usb_hdmi_top.xsa
TRACE::2024-10-24.20:50:53::SCWPlatform::DSA absoulate path C:/Users/realk/Desktop/labb6/reallab6part2_sdk/mb_usb_hdmi_top/hw/mb_usb_hdmi_top.xsa
TRACE::2024-10-24.20:50:53::SCWPlatform::DSA directory C:/Users/realk/Desktop/labb6/reallab6part2_sdk/mb_usb_hdmi_top/hw
TRACE::2024-10-24.20:50:53::SCWPlatform:: Platform Path C:/Users/realk/Desktop/labb6/reallab6part2_sdk/mb_usb_hdmi_top/hw/mb_usb_hdmi_top.xsa
TRACE::2024-10-24.20:50:53::SCWPlatform:: Unique name xilinx:::0.0
TRACE::2024-10-24.20:50:53::SCWPlatform::Trying to set the existing hwdb with name mb_usb_hdmi_top_5
TRACE::2024-10-24.20:50:53::SCWPlatform::Opened existing hwdb mb_usb_hdmi_top_5
TRACE::2024-10-24.20:50:53::SCWPlatform::Found the Hw Db part of the input DSA
TRACE::2024-10-24.20:50:53::SCWMssOS::Checking the sw design at  C:/Users/realk/Desktop/labb6/reallab6part2_sdk/mb_usb_hdmi_top/microblaze_0/standalone_microblaze_0/bsp/system.mss
TRACE::2024-10-24.20:50:53::SCWMssOS::DEBUG:  swdes dump  C:/Users/realk/Desktop/labb6/reallab6part2_sdk/mb_usb_hdmi_top/microblaze_0/standalone_microblaze_0/bsp/system.mss|system||

TRACE::2024-10-24.20:50:53::SCWMssOS::Sw design exists and opened at  C:/Users/realk/Desktop/labb6/reallab6part2_sdk/mb_usb_hdmi_top/microblaze_0/standalone_microblaze_0/bsp/system.mss
