#-----------------------------------------------------------
# Vivado v2022.2 (64-bit)
# SW Build 3671981 on Fri Oct 14 05:00:03 MDT 2022
# IP Build 3669848 on Fri Oct 14 08:30:02 MDT 2022
# Start of session at: Thu Nov  7 01:59:16 2024
# Process ID: 64872
# Current directory: C:/Users/realk/Desktop/ece385/ECE385/lab7_2
# Command line: vivado.exe -gui_launcher_event rodinguilauncherevent4780 C:\Users\realk\Desktop\ece385\ECE385\lab7_2\lab7_2.xpr
# Log file: C:/Users/realk/Desktop/ece385/ECE385/lab7_2/vivado.log
# Journal file: C:/Users/realk/Desktop/ece385/ECE385/lab7_2\vivado.jou
# Running On: MSI, OS: Windows, CPU Frequency: 2304 MHz, CPU Physical cores: 8, Host memory: 16866 MB
#-----------------------------------------------------------
start_gui
open_project C:/Users/realk/Desktop/ece385/ECE385/lab7_2/lab7_2.xpr
WARNING: [Board 49-26] cannot add Board Part xilinx.com:vek280_es:part0:1.0 available at C:/Xilinx/Vivado/2022.2/data/xhub/boards/XilinxBoardStore/boards/Xilinx/vek280/es/1.0/board.xml as part xcve2802-vsvh1760-2lp-e-s-es1 specified in board_part file is either invalid or not available
WARNING: [Board 49-26] cannot add Board Part xilinx.com:vhk158_es:part0:1.0 available at C:/Xilinx/Vivado/2022.2/data/xhub/boards/XilinxBoardStore/boards/Xilinx/vhk158/es/1.0/board.xml as part xcvh1582-vsva3697-2mp-e-s-es1 specified in board_part file is either invalid or not available
WARNING: [Board 49-26] cannot add Board Part xilinx.com:vpk120_es:part0:1.2 available at C:/Xilinx/Vivado/2022.2/data/xhub/boards/XilinxBoardStore/boards/Xilinx/vpk120/es/1.2/board.xml as part xcvp1202-vsva2785-2mp-e-s-es1 specified in board_part file is either invalid or not available
WARNING: [Board 49-26] cannot add Board Part xilinx.com:vpk120_es_revb:part0:1.0 available at C:/Xilinx/Vivado/2022.2/data/xhub/boards/XilinxBoardStore/boards/Xilinx/vpk120_revb/es/1.0/board.xml as part xcvp1202-vsva2785-2mp-e-s-es1 specified in board_part file is either invalid or not available
WARNING: [Board 49-26] cannot add Board Part xilinx.com:vpk180_es:part0:1.0 available at C:/Xilinx/Vivado/2022.2/data/xhub/boards/XilinxBoardStore/boards/Xilinx/vpk180/es/1.0/board.xml as part xcvp1802-lsvc4072-2mp-e-s-es1 specified in board_part file is either invalid or not available
WARNING: [Board 49-26] cannot add Board Part xilinx.com:zcu208ld:part0:2.0 available at C:/Xilinx/Vivado/2022.2/data/xhub/boards/XilinxBoardStore/boards/Xilinx/zcu208ld/production/2.0/board.xml as part xczu58dr-fsvg1517-2-i specified in board_part file is either invalid or not available
WARNING: [Board 49-26] cannot add Board Part xilinx.com:zcu216ld:part0:2.0 available at C:/Xilinx/Vivado/2022.2/data/xhub/boards/XilinxBoardStore/boards/Xilinx/zcu216ld/production/2.0/board.xml as part xczu59dr-ffvf1760-2-i specified in board_part file is either invalid or not available
WARNING: [Board 49-26] cannot add Board Part xilinx.com:zcu670:part0:2.0 available at C:/Xilinx/Vivado/2022.2/data/xhub/boards/XilinxBoardStore/boards/Xilinx/zcu670/2.0/board.xml as part xczu67dr-fsve1156-2-i specified in board_part file is either invalid or not available
WARNING: [Board 49-26] cannot add Board Part xilinx.com:zcu670ld:part0:1.0 available at C:/Xilinx/Vivado/2022.2/data/xhub/boards/XilinxBoardStore/boards/Xilinx/zcu670ld/1.0/board.xml as part xczu57dr-fsve1156-2-i specified in board_part file is either invalid or not available
Scanning sources...
Finished scanning sources
INFO: [IP_Flow 19-234] Refreshing IP repositories
INFO: [IP_Flow 19-1700] Loaded user IP repository 'c:/Users/realk/Desktop/ece385/ECE385/ip_repo'.
INFO: [IP_Flow 19-1700] Loaded user IP repository 'c:/Users/realk/Downloads/RD_hdmi_ip2020'.
INFO: [IP_Flow 19-2313] Loaded Vivado IP repository 'C:/Xilinx/Vivado/2022.2/data/ip'.
WARNING: [IP_Flow 19-3664] IP 'mb_block_hdmi_text_controller_0_0' generated file not found 'c:/Users/realk/Desktop/ece385/ECE385/lab7_2/lab7_2.gen/sources_1/bd/mb_block/ip/mb_block_hdmi_text_controller_0_0/mb_block_hdmi_text_controller_0_0.dcp'. Please regenerate to continue.
WARNING: [IP_Flow 19-3664] IP 'mb_block_hdmi_text_controller_0_0' generated file not found 'c:/Users/realk/Desktop/ece385/ECE385/lab7_2/lab7_2.gen/sources_1/bd/mb_block/ip/mb_block_hdmi_text_controller_0_0/mb_block_hdmi_text_controller_0_0_stub.v'. Please regenerate to continue.
WARNING: [IP_Flow 19-3664] IP 'mb_block_hdmi_text_controller_0_0' generated file not found 'c:/Users/realk/Desktop/ece385/ECE385/lab7_2/lab7_2.gen/sources_1/bd/mb_block/ip/mb_block_hdmi_text_controller_0_0/mb_block_hdmi_text_controller_0_0_stub.vhdl'. Please regenerate to continue.
WARNING: [IP_Flow 19-3664] IP 'mb_block_hdmi_text_controller_0_0' generated file not found 'c:/Users/realk/Desktop/ece385/ECE385/lab7_2/lab7_2.gen/sources_1/bd/mb_block/ip/mb_block_hdmi_text_controller_0_0/mb_block_hdmi_text_controller_0_0_sim_netlist.v'. Please regenerate to continue.
WARNING: [IP_Flow 19-3664] IP 'mb_block_hdmi_text_controller_0_0' generated file not found 'c:/Users/realk/Desktop/ece385/ECE385/lab7_2/lab7_2.gen/sources_1/bd/mb_block/ip/mb_block_hdmi_text_controller_0_0/mb_block_hdmi_text_controller_0_0_sim_netlist.vhdl'. Please regenerate to continue.
open_project: Time (s): cpu = 00:00:30 ; elapsed = 00:00:20 . Memory (MB): peak = 1820.836 ; gain = 278.734
update_compile_order -fileset sources_1
exit
INFO: [Common 17-206] Exiting Vivado at Thu Nov  7 02:01:40 2024...
5/ECE385/lab7_2/lab7_2.srcs/sources_1/bd/mb_block/mb_block.bd] -no_script -reset -force -quiet
remove_files  C:/Users/realk/Desktop/ece385/ECE385/lab7_2/lab7_2.srcs/sources_1/bd/mb_block/mb_block.bd
WARNING: [Vivado 12-1017] Problems encountered:
1. Failed to delete one or more files in run directory C:/Users/realk/Desktop/ece385/ECE385/lab7_2/lab7_2.runs/mb_block_microblaze_0_0_synth_1

WARNING: [Vivado 12-1017] Problems encountered:
1. Failed to delete one or more files in run directory C:/Users/realk/Desktop/ece385/ECE385/lab7_2/lab7_2.runs/mb_block_dlmb_v10_0_synth_1

WARNING: [Vivado 12-1017] Problems encountered:
1. Failed to delete one or more files in run directory C:/Users/realk/Desktop/ece385/ECE385/lab7_2/lab7_2.runs/mb_block_ilmb_v10_0_synth_1

WARNING: [Vivado 12-1017] Problems encountered:
1. Failed to delete one or more files in run directory C:/Users/realk/Desktop/ece385/ECE385/lab7_2/lab7_2.runs/mb_block_dlmb_bram_if_cntlr_0_synth_1

WARNING: [Vivado 12-1017] Problems encountered:
1. Failed to delete one or more files in run directory C:/Users/realk/Desktop/ece385/ECE385/lab7_2/lab7_2.runs/mb_block_ilmb_bram_if_cntlr_0_synth_1

WARNING: [Vivado 12-1017] Problems encountered:
1. Failed to delete one or more files in run directory C:/Users/realk/Desktop/ece385/ECE385/lab7_2/lab7_2.runs/mb_block_lmb_bram_0_synth_1

WARNING: [Vivado 12-1017] Problems encountered:
1. Failed to delete one or more files in run directory C:/Users/realk/Desktop/ece385/ECE385/lab7_2/lab7_2.runs/mb_block_xbar_0_synth_1

WARNING: [Vivado 12-1017] Problems encountered:
1. Failed to delete one or more files in run directory C:/Users/realk/Desktop/ece385/ECE385/lab7_2/lab7_2.runs/mb_block_microblaze_0_axi_intc_0_synth_1

WARNING: [Vivado 12-1017] Problems encountered:
1. Failed to delete one or more files in run directory C:/Users/realk/Desktop/ece385/ECE385/lab7_2/lab7_2.runs/mb_block_mdm_1_0_synth_1

WARNING: [Vivado 12-1017] Problems encountered:
1. Failed to delete one or more files in run directory C:/Users/realk/Desktop/ece385/ECE385/lab7_2/lab7_2.runs/mb_block_clk_wiz_1_0_synth_1

WARNING: [Vivado 12-1017] Problems encountered:
1. Failed to delete one or more files in run directory C:/Users/realk/Desktop/ece385/ECE385/lab7_2/lab7_2.runs/mb_block_rst_clk_wiz_1_100M_0_synth_1

WARNING: [Vivado 12-1017] Problems encountered:
1. Failed to delete one or more files in run directory C:/Users/realk/Desktop/ece385/ECE385/lab7_2/lab7_2.runs/mb_block_axi_uartlite_0_0_synth_1

WARNING: [Vivado 12-1017] Problems encountered:
1. Failed to delete one or more files in run directory C:/Users/realk/Desktop/ece385/ECE385/lab7_2/lab7_2.runs/mb_block_hdmi_text_controller_0_0_synth_1

delete_ip_run: Time (s): cpu = 00:00:08 ; elapsed = 00:00:10 . Memory (MB): peak = 1862.148 ; gain = 18.754
remove_files: Time (s): cpu = 00:00:08 ; elapsed = 00:00:10 . Memory (MB): peak = 1862.148 ; gain = 18.754
create_bd_design "mb_block_1"
Wrote  : <C:\Users\realk\Desktop\ece385\ECE385\lab7_2\lab7_2.srcs\sources_1\bd\mb_block_1\mb_block_1.bd> 
update_compile_order -fileset sources_1
startgroup
create_bd_cell -type ip -vlnv xilinx.com:ip:microblaze:11.0 microblaze_0
endgroup
apply_bd_automation -rule xilinx.com:bd_rule:microblaze -config { axi_intc {1} axi_periph {Enabled} cache {None} clk {New Clocking Wizard} cores {1} debug_module {Debug Only} ecc {None} local_mem {128KB} preset {Microcontroller}}  [get_bd_cells microblaze_0]
WARNING: [BD 5-700] No address spaces matched 'get_bd_addr_spaces /microblaze_0'
apply_bd_automation: Time (s): cpu = 00:00:29 ; elapsed = 00:00:40 . Memory (MB): peak = 2165.836 ; gain = 210.027
startgroup
create_bd_cell -type ip -vlnv xilinx.com:ip:axi_uartlite:2.0 axi_uartlite_0
endgroup
set_property location {4 1609 322} [get_bd_cells axi_uartlite_0]
set_property CONFIG.C_BAUDRATE {115200} [get_bd_cells axi_uartlite_0]
delete_bd_objs [get_bd_nets microblaze_0_intr] [get_bd_cells microblaze_0_xlconcat]
connect_bd_net [get_bd_pins axi_uartlite_0/interrupt] [get_bd_pins microblaze_0_axi_intc/intr]
set_property location {1 358 390} [get_bd_cells microblaze_0_axi_intc]
startgroup
create_bd_cell -type ip -vlnv xilinx.com:user:hdmi_text_controller:1.0 hdmi_text_controller_0
endgroup
startgroup
set_property CONFIG.PRIM_SOURCE {Single_ended_clock_capable_pin} [get_bd_cells clk_wiz_1]
endgroup
startgroup
apply_bd_automation -rule xilinx.com:bd_rule:axi4 -config { Clk_master {/clk_wiz_1/clk_out1 (100 MHz)} Clk_slave {Auto} Clk_xbar {/clk_wiz_1/clk_out1 (100 MHz)} Master {/microblaze_0 (Periph)} Slave {/axi_uartlite_0/S_AXI} ddr_seg {Auto} intc_ip {/microblaze_0_axi_periph} master_apm {0}}  [get_bd_intf_pins axi_uartlite_0/S_AXI]
Slave segment '/axi_uartlite_0/S_AXI/Reg' is being assigned into address space '/microblaze_0/Data' at <0x4060_0000 [ 64K ]>.
apply_bd_automation -rule xilinx.com:bd_rule:board -config { Manual_Source {Auto}}  [get_bd_intf_pins axi_uartlite_0/UART]
INFO: [BoardRule 102-8] create_bd_intf_port -mode Master -vlnv xilinx.com:interface:uart_rtl:1.0 uart_rtl_0
INFO: [BoardRule 102-9] connect_bd_intf_net /uart_rtl_0 /axi_uartlite_0/UART
apply_bd_automation -rule xilinx.com:bd_rule:board -config { Clk {New External Port} Manual_Source {Auto}}  [get_bd_pins clk_wiz_1/clk_in1]
apply_bd_automation -rule xilinx.com:bd_rule:board -config { Manual_Source {Auto}}  [get_bd_pins clk_wiz_1/reset]
apply_bd_automation -rule xilinx.com:bd_rule:axi4 -config { Clk_master {/clk_wiz_1/clk_out1 (100 MHz)} Clk_slave {Auto} Clk_xbar {/clk_wiz_1/clk_out1 (100 MHz)} Master {/microblaze_0 (Periph)} Slave {/hdmi_text_controller_0/AXI} ddr_seg {Auto} intc_ip {/microblaze_0_axi_periph} master_apm {0}}  [get_bd_intf_pins hdmi_text_controller_0/AXI]
Slave segment '/hdmi_text_controller_0/AXI/AXI_reg' is being assigned into address space '/microblaze_0/Data' at <0x44A0_0000 [ 64K ]>.
apply_bd_automation -rule xilinx.com:bd_rule:board -config { Manual_Source {Auto}}  [get_bd_pins rst_clk_wiz_1_100M/ext_reset_in]
INFO: [BoardRule 102-10] create_bd_port -dir I reset_rtl_0 -type rst
INFO: [BoardRule 102-7] set_property CONFIG.POLARITY ACTIVE_LOW /reset_rtl_0
INFO: [BoardRule 102-15] connect_bd_net /reset_rtl_0 /rst_clk_wiz_1_100M/ext_reset_in
INFO: [BoardRule 102-19] set_property CONFIG.POLARITY ACTIVE_LOW /reset_rtl_0
endgroup
startgroup
make_bd_pins_external  [get_bd_cells hdmi_text_controller_0]
make_bd_intf_pins_external  [get_bd_cells hdmi_text_controller_0]
endgroup
save_bd_design
Wrote  : <C:\Users\realk\Desktop\ece385\ECE385\lab7_2\lab7_2.srcs\sources_1\bd\mb_block_1\mb_block_1.bd> 
Wrote  : <C:/Users/realk/Desktop/ece385/ECE385/lab7_2/lab7_2.srcs/sources_1/bd/mb_block_1/ui/bd_75aa2a15.ui> 
update_compile_order -fileset sources_1
open_bd_design {C:/Users/realk/Desktop/ece385/ECE385/lab7_2/lab7_2.srcs/sources_1/bd/mb_block_1/mb_block_1.bd}
reset_run synth_1
launch_runs impl_1 -to_step write_bitstream -jobs 16
CRITICAL WARNING: [BD 41-1732] Bus interface '/hdmi_text_controller_0/AXI' is found to be associated with multiple clock-pins. This may prevent design from functioning correctly. List of associated clock-pins:
/hdmi_text_controller_0/axi_aclk
/hdmi_text_controller_0/axi_aclk

.
WARNING: [filemgmt 56-443] The ECC Algorithm string is empty. Setting the Memory Map to default ECC value to ECC_NONE.
WARNING: [filemgmt 56-443] The ECC Algorithm string is empty. Setting the Memory Map to default ECC value to ECC_NONE.
INFO: [xilinx.com:ip:axi_intc:4.1-1] /microblaze_0_axi_intc: The AXI INTC core has been configured to operate with synchronous clocks.
INFO: [xilinx.com:ip:clk_wiz:6.0-1] /clk_wiz_1 clk_wiz propagate
Wrote  : <C:\Users\realk\Desktop\ece385\ECE385\lab7_2\lab7_2.srcs\sources_1\bd\mb_block_1\mb_block_1.bd> 
Verilog Output written to : C:/Users/realk/Desktop/ece385/ECE385/lab7_2/lab7_2.gen/sources_1/bd/mb_block_1/synth/mb_block_1.v
Verilog Output written to : C:/Users/realk/Desktop/ece385/ECE385/lab7_2/lab7_2.gen/sources_1/bd/mb_block_1/sim/mb_block_1.v
Verilog Output written to : C:/Users/realk/Desktop/ece385/ECE385/lab7_2/lab7_2.gen/sources_1/bd/mb_block_1/hdl/mb_block_1_wrapper.v
INFO: [BD 41-1029] Generation completed for the IP Integrator block microblaze_0 .
INFO: [BD 41-1029] Generation completed for the IP Integrator block microblaze_0_local_memory/dlmb_v10 .
INFO: [BD 41-1029] Generation completed for the IP Integrator block microblaze_0_local_memory/ilmb_v10 .
INFO: [BD 41-1029] Generation completed for the IP Integrator block microblaze_0_local_memory/dlmb_bram_if_cntlr .
INFO: [BD 41-1029] Generation completed for the IP Integrator block microblaze_0_local_memory/ilmb_bram_if_cntlr .
INFO: [BD 41-1029] Generation completed for the IP Integrator block microblaze_0_local_memory/lmb_bram .
INFO: [BD 41-1029] Generation completed for the IP Integrator block microblaze_0_axi_periph/xbar .
INFO: [BD 41-1029] Generation completed for the IP Integrator block microblaze_0_axi_intc .
INFO: [Device 21-403] Loading part xc7s50csga324-1
INFO: [BD 41-1029] Generation completed for the IP Integrator block mdm_1 .
INFO: [BD 41-1029] Generation completed for the IP Integrator block clk_wiz_1 .
INFO: [BD 41-1029] Generation completed for the IP Integrator block rst_clk_wiz_1_100M .
WARNING: [IP_Flow 19-4994] Overwriting existing constraint file 'c:/Users/realk/Desktop/ece385/ECE385/lab7_2/lab7_2.gen/sources_1/bd/mb_block_1/ip/mb_block_1_axi_uartlite_0_0/mb_block_1_axi_uartlite_0_0_ooc.xdc'
INFO: [BD 41-1029] Generation completed for the IP Integrator block axi_uartlite_0 .
INFO: [BD 41-1029] Generation completed for the IP Integrator block hdmi_text_controller_0 .
Exporting to file C:/Users/realk/Desktop/ece385/ECE385/lab7_2/lab7_2.gen/sources_1/bd/mb_block_1/hw_handoff/mb_block_1.hwh
Generated Hardware Definition File C:/Users/realk/Desktop/ece385/ECE385/lab7_2/lab7_2.gen/sources_1/bd/mb_block_1/synth/mb_block_1.hwdef
INFO: [IP_Flow 19-6930] IPCACHE: runCacheChecks() number of threads = 8
INFO: [IP_Flow 19-6921] IPCACHE: Adding cache check func to thread queue for IP mb_block_1_axi_uartlite_0_0
INFO: [IP_Flow 19-6921] IPCACHE: Adding cache check func to thread queue for IP mb_block_1_clk_wiz_1_0
INFO: [IP_Flow 19-6921] IPCACHE: Adding cache check func to thread queue for IP mb_block_1_dlmb_bram_if_cntlr_0
INFO: [IP_Flow 19-6921] IPCACHE: Adding cache check func to thread queue for IP mb_block_1_dlmb_v10_0
INFO: [IP_Flow 19-6921] IPCACHE: Adding cache check func to thread queue for IP mb_block_1_hdmi_text_controller_0_0
INFO: [IP_Flow 19-6921] IPCACHE: Adding cache check func to thread queue for IP mb_block_1_ilmb_bram_if_cntlr_0
INFO: [IP_Flow 19-6921] IPCACHE: Adding cache check func to thread queue for IP mb_block_1_ilmb_v10_0
INFO: [IP_Flow 19-6921] IPCACHE: Adding cache check func to thread queue for IP mb_block_1_lmb_bram_0
INFO: [IP_Flow 19-6921] IPCACHE: Adding cache check func to thread queue for IP mb_block_1_mdm_1_0
INFO: [IP_Flow 19-6921] IPCACHE: Adding cache check func to thread queue for IP mb_block_1_microblaze_0_0
INFO: [IP_Flow 19-6921] IPCACHE: Adding cache check func to thread queue for IP mb_block_1_microblaze_0_axi_intc_0
INFO: [IP_Flow 19-6921] IPCACHE: Adding cache check func to thread queue for IP mb_block_1_rst_clk_wiz_1_100M_0
INFO: [IP_Flow 19-6921] IPCACHE: Adding cache check func to thread queue for IP mb_block_1_xbar_0
INFO: [IP_Flow 19-8020] IPCACHE: runCacheChecks() calling threadPool finishWork()
INFO: [IP_Flow 19-6924] IPCACHE: Running cache check for IP inst: mb_block_1_axi_uartlite_0_0
INFO: [IP_Flow 19-6922] IPCACHE: Exporting cached entry 24d175409b8b38ad to dir: c:/Users/realk/Desktop/ece385/ECE385/lab7_2/lab7_2.gen/sources_1/bd/mb_block_1/ip/mb_block_1_axi_uartlite_0_0
INFO: [IP_Flow 19-6928] IPCACHE: copied cached file c:/Users/realk/Desktop/ece385/ECE385/lab7_2/lab7_2.cache/ip/2022.2/2/4/24d175409b8b38ad/mb_block_axi_uartlite_0_0.dcp to c:/Users/realk/Desktop/ece385/ECE385/lab7_2/lab7_2.gen/sources_1/bd/mb_block_1/ip/mb_block_1_axi_uartlite_0_0/mb_block_1_axi_uartlite_0_0.dcp.
INFO: [IP_Flow 19-6926] IPCACHE: added file to list for BOM: c:/Users/realk/Desktop/ece385/ECE385/lab7_2/lab7_2.gen/sources_1/bd/mb_block_1/ip/mb_block_1_axi_uartlite_0_0/mb_block_1_axi_uartlite_0_0.dcp
INFO: [IP_Flow 19-6928] IPCACHE: copied cached file c:/Users/realk/Desktop/ece385/ECE385/lab7_2/lab7_2.cache/ip/2022.2/2/4/24d175409b8b38ad/mb_block_axi_uartlite_0_0_sim_netlist.v to c:/Users/realk/Desktop/ece385/ECE385/lab7_2/lab7_2.gen/sources_1/bd/mb_block_1/ip/mb_block_1_axi_uartlite_0_0/mb_block_1_axi_uartlite_0_0_sim_netlist.v.
INFO: [IP_Flow 19-6926] IPCACHE: added file to list for BOM: c:/Users/realk/Desktop/ece385/ECE385/lab7_2/lab7_2.gen/sources_1/bd/mb_block_1/ip/mb_block_1_axi_uartlite_0_0/mb_block_1_axi_uartlite_0_0_sim_netlist.v
INFO: [IP_Flow 19-6928] IPCACHE: copied cached file c:/Users/realk/Desktop/ece385/ECE385/lab7_2/lab7_2.cache/ip/2022.2/2/4/24d175409b8b38ad/mb_block_axi_uartlite_0_0_sim_netlist.vhdl to c:/Users/realk/Desktop/ece385/ECE385/lab7_2/lab7_2.gen/sources_1/bd/mb_block_1/ip/mb_block_1_axi_uartlite_0_0/mb_block_1_axi_uartlite_0_0_sim_netlist.vhdl.
INFO: [IP_Flow 19-6926] IPCACHE: added file to list for BOM: c:/Users/realk/Desktop/ece385/ECE385/lab7_2/lab7_2.gen/sources_1/bd/mb_block_1/ip/mb_block_1_axi_uartlite_0_0/mb_block_1_axi_uartlite_0_0_sim_netlist.vhdl
INFO: [IP_Flow 19-6928] IPCACHE: copied cached file c:/Users/realk/Desktop/ece385/ECE385/lab7_2/lab7_2.cache/ip/2022.2/2/4/24d175409b8b38ad/mb_block_axi_uartlite_0_0_stub.v to c:/Users/realk/Desktop/ece385/ECE385/lab7_2/lab7_2.gen/sources_1/bd/mb_block_1/ip/mb_block_1_axi_uartlite_0_0/mb_block_1_axi_uartlite_0_0_stub.v.
INFO: [IP_Flow 19-6926] IPCACHE: added file to list for BOM: c:/Users/realk/Desktop/ece385/ECE385/lab7_2/lab7_2.gen/sources_1/bd/mb_block_1/ip/mb_block_1_axi_uartlite_0_0/mb_block_1_axi_uartlite_0_0_stub.v
INFO: [IP_Flow 19-6928] IPCACHE: copied cached file c:/Users/realk/Desktop/ece385/ECE385/lab7_2/lab7_2.cache/ip/2022.2/2/4/24d175409b8b38ad/mb_block_axi_uartlite_0_0_stub.vhdl to c:/Users/realk/Desktop/ece385/ECE385/lab7_2/lab7_2.gen/sources_1/bd/mb_block_1/ip/mb_block_1_axi_uartlite_0_0/mb_block_1_axi_uartlite_0_0_stub.vhdl.
INFO: [IP_Flow 19-6926] IPCACHE: added file to list for BOM: c:/Users/realk/Desktop/ece385/ECE385/lab7_2/lab7_2.gen/sources_1/bd/mb_block_1/ip/mb_block_1_axi_uartlite_0_0/mb_block_1_axi_uartlite_0_0_stub.vhdl
INFO: [IP_Flow 19-4993] Using cached IP synthesis design for IP mb_block_1_axi_uartlite_0_0, cache-ID = 24d175409b8b38ad; cache size = 13.400 MB.
INFO: [IP_Flow 19-6924] IPCACHE: Running cache check for IP inst: mb_block_1_rst_clk_wiz_1_100M_0
INFO: [IP_Flow 19-6922] IPCACHE: Exporting cached entry 792adf34df1c7c56 to dir: c:/Users/realk/Desktop/ece385/ECE385/lab7_2/lab7_2.gen/sources_1/bd/mb_block_1/ip/mb_block_1_rst_clk_wiz_1_100M_0
INFO: [IP_Flow 19-6928] IPCACHE: copied cached file c:/Users/realk/Desktop/ece385/ECE385/lab7_2/lab7_2.cache/ip/2022.2/7/9/792adf34df1c7c56/mb_block_rst_clk_wiz_1_100M_0.dcp to c:/Users/realk/Desktop/ece385/ECE385/lab7_2/lab7_2.gen/sources_1/bd/mb_block_1/ip/mb_block_1_rst_clk_wiz_1_100M_0/mb_block_1_rst_clk_wiz_1_100M_0.dcp.
INFO: [IP_Flow 19-6926] IPCACHE: added file to list for BOM: c:/Users/realk/Desktop/ece385/ECE385/lab7_2/lab7_2.gen/sources_1/bd/mb_block_1/ip/mb_block_1_rst_clk_wiz_1_100M_0/mb_block_1_rst_clk_wiz_1_100M_0.dcp
INFO: [IP_Flow 19-6928] IPCACHE: copied cached file c:/Users/realk/Desktop/ece385/ECE385/lab7_2/lab7_2.cache/ip/2022.2/7/9/792adf34df1c7c56/mb_block_rst_clk_wiz_1_100M_0_sim_netlist.v to c:/Users/realk/Desktop/ece385/ECE385/lab7_2/lab7_2.gen/sources_1/bd/mb_block_1/ip/mb_block_1_rst_clk_wiz_1_100M_0/mb_block_1_rst_clk_wiz_1_100M_0_sim_netlist.v.
INFO: [IP_Flow 19-6926] IPCACHE: added file to list for BOM: c:/Users/realk/Desktop/ece385/ECE385/lab7_2/lab7_2.gen/sources_1/bd/mb_block_1/ip/mb_block_1_rst_clk_wiz_1_100M_0/mb_block_1_rst_clk_wiz_1_100M_0_sim_netlist.v
INFO: [IP_Flow 19-6928] IPCACHE: copied cached file c:/Users/realk/Desktop/ece385/ECE385/lab7_2/lab7_2.cache/ip/2022.2/7/9/792adf34df1c7c56/mb_block_rst_clk_wiz_1_100M_0_sim_netlist.vhdl to c:/Users/realk/Desktop/ece385/ECE385/lab7_2/lab7_2.gen/sources_1/bd/mb_block_1/ip/mb_block_1_rst_clk_wiz_1_100M_0/mb_block_1_rst_clk_wiz_1_100M_0_sim_netlist.vhdl.
INFO: [IP_Flow 19-6926] IPCACHE: added file to list for BOM: c:/Users/realk/Desktop/ece385/ECE385/lab7_2/lab7_2.gen/sources_1/bd/mb_block_1/ip/mb_block_1_rst_clk_wiz_1_100M_0/mb_block_1_rst_clk_wiz_1_100M_0_sim_netlist.vhdl
INFO: [IP_Flow 19-6928] IPCACHE: copied cached file c:/Users/realk/Desktop/ece385/ECE385/lab7_2/lab7_2.cache/ip/2022.2/7/9/792adf34df1c7c56/mb_block_rst_clk_wiz_1_100M_0_stub.v to c:/Users/realk/Desktop/ece385/ECE385/lab7_2/lab7_2.gen/sources_1/bd/mb_block_1/ip/mb_block_1_rst_clk_wiz_1_100M_0/mb_block_1_rst_clk_wiz_1_100M_0_stub.v.
INFO: [IP_Flow 19-6926] IPCACHE: added file to list for BOM: c:/Users/realk/Desktop/ece385/ECE385/lab7_2/lab7_2.gen/sources_1/bd/mb_block_1/ip/mb_block_1_rst_clk_wiz_1_100M_0/mb_block_1_rst_clk_wiz_1_100M_0_stub.v
INFO: [IP_Flow 19-6928] IPCACHE: copied cached file c:/Users/realk/Desktop/ece385/ECE385/lab7_2/lab7_2.cache/ip/2022.2/7/9/792adf34df1c7c56/mb_block_rst_clk_wiz_1_100M_0_stub.vhdl to c:/Users/realk/Desktop/ece385/ECE385/lab7_2/lab7_2.gen/sources_1/bd/mb_block_1/ip/mb_block_1_rst_clk_wiz_1_100M_0/mb_block_1_rst_clk_wiz_1_100M_0_stub.vhdl.
INFO: [IP_Flow 19-6926] IPCACHE: added file to list for BOM: c:/Users/realk/Desktop/ece385/ECE385/lab7_2/lab7_2.gen/sources_1/bd/mb_block_1/ip/mb_block_1_rst_clk_wiz_1_100M_0/mb_block_1_rst_clk_wiz_1_100M_0_stub.vhdl
INFO: [IP_Flow 19-4993] Using cached IP synthesis design for IP mb_block_1_rst_clk_wiz_1_100M_0, cache-ID = 792adf34df1c7c56; cache size = 13.401 MB.
INFO: [IP_Flow 19-6924] IPCACHE: Running cache check for IP inst: mb_block_1_clk_wiz_1_0
INFO: [IP_Flow 19-6924] IPCACHE: Running cache check for IP inst: mb_block_1_dlmb_bram_if_cntlr_0
INFO: [IP_Flow 19-6922] IPCACHE: Exporting cached entry 56ffb8c9ead53498 to dir: c:/Users/realk/Desktop/ece385/ECE385/lab7_2/lab7_2.gen/sources_1/bd/mb_block_1/ip/mb_block_1_dlmb_bram_if_cntlr_0
INFO: [IP_Flow 19-6928] IPCACHE: copied cached file c:/Users/realk/Desktop/ece385/ECE385/lab7_2/lab7_2.cache/ip/2022.2/5/6/56ffb8c9ead53498/mb_block_dlmb_bram_if_cntlr_0.dcp to c:/Users/realk/Desktop/ece385/ECE385/lab7_2/lab7_2.gen/sources_1/bd/mb_block_1/ip/mb_block_1_dlmb_bram_if_cntlr_0/mb_block_1_dlmb_bram_if_cntlr_0.dcp.
INFO: [IP_Flow 19-6926] IPCACHE: added file to list for BOM: c:/Users/realk/Desktop/ece385/ECE385/lab7_2/lab7_2.gen/sources_1/bd/mb_block_1/ip/mb_block_1_dlmb_bram_if_cntlr_0/mb_block_1_dlmb_bram_if_cntlr_0.dcp
INFO: [IP_Flow 19-6928] IPCACHE: copied cached file c:/Users/realk/Desktop/ece385/ECE385/lab7_2/lab7_2.cache/ip/2022.2/5/6/56ffb8c9ead53498/mb_block_dlmb_bram_if_cntlr_0_sim_netlist.v to c:/Users/realk/Desktop/ece385/ECE385/lab7_2/lab7_2.gen/sources_1/bd/mb_block_1/ip/mb_block_1_dlmb_bram_if_cntlr_0/mb_block_1_dlmb_bram_if_cntlr_0_sim_netlist.v.
INFO: [IP_Flow 19-6926] IPCACHE: added file to list for BOM: c:/Users/realk/Desktop/ece385/ECE385/lab7_2/lab7_2.gen/sources_1/bd/mb_block_1/ip/mb_block_1_dlmb_bram_if_cntlr_0/mb_block_1_dlmb_bram_if_cntlr_0_sim_netlist.v
INFO: [IP_Flow 19-6928] IPCACHE: copied cached file c:/Users/realk/Desktop/ece385/ECE385/lab7_2/lab7_2.cache/ip/2022.2/5/6/56ffb8c9ead53498/mb_block_dlmb_bram_if_cntlr_0_sim_netlist.vhdl to c:/Users/realk/Desktop/ece385/ECE385/lab7_2/lab7_2.gen/sources_1/bd/mb_block_1/ip/mb_block_1_dlmb_bram_if_cntlr_0/mb_block_1_dlmb_bram_if_cntlr_0_sim_netlist.vhdl.
INFO: [IP_Flow 19-6926] IPCACHE: added file to list for BOM: c:/Users/realk/Desktop/ece385/ECE385/lab7_2/lab7_2.gen/sources_1/bd/mb_block_1/ip/mb_block_1_dlmb_bram_if_cntlr_0/mb_block_1_dlmb_bram_if_cntlr_0_sim_netlist.vhdl
INFO: [IP_Flow 19-6928] IPCACHE: copied cached file c:/Users/realk/Desktop/ece385/ECE385/lab7_2/lab7_2.cache/ip/2022.2/5/6/56ffb8c9ead53498/mb_block_dlmb_bram_if_cntlr_0_stub.v to c:/Users/realk/Desktop/ece385/ECE385/lab7_2/lab7_2.gen/sources_1/bd/mb_block_1/ip/mb_block_1_dlmb_bram_if_cntlr_0/mb_block_1_dlmb_bram_if_cntlr_0_stub.v.
INFO: [IP_Flow 19-6926] IPCACHE: added file to list for BOM: c:/Users/realk/Desktop/ece385/ECE385/lab7_2/lab7_2.gen/sources_1/bd/mb_block_1/ip/mb_block_1_dlmb_bram_if_cntlr_0/mb_block_1_dlmb_bram_if_cntlr_0_stub.v
INFO: [IP_Flow 19-6928] IPCACHE: copied cached file c:/Users/realk/Desktop/ece385/ECE385/lab7_2/lab7_2.cache/ip/2022.2/5/6/56ffb8c9ead53498/mb_block_dlmb_bram_if_cntlr_0_stub.vhdl to c:/Users/realk/Desktop/ece385/ECE385/lab7_2/lab7_2.gen/sources_1/bd/mb_block_1/ip/mb_block_1_dlmb_bram_if_cntlr_0/mb_block_1_dlmb_bram_if_cntlr_0_stub.vhdl.
INFO: [IP_Flow 19-6926] IPCACHE: added file to list for BOM: c:/Users/realk/Desktop/ece385/ECE385/lab7_2/lab7_2.gen/sources_1/bd/mb_block_1/ip/mb_block_1_dlmb_bram_if_cntlr_0/mb_block_1_dlmb_bram_if_cntlr_0_stub.vhdl
INFO: [IP_Flow 19-4993] Using cached IP synthesis design for IP mb_block_1_dlmb_bram_if_cntlr_0, cache-ID = 56ffb8c9ead53498; cache size = 13.401 MB.
INFO: [IP_Flow 19-6924] IPCACHE: Running cache check for IP inst: mb_block_1_microblaze_0_axi_intc_0
INFO: [IP_Flow 19-6922] IPCACHE: Exporting cached entry d2c77b3bf700753d to dir: c:/Users/realk/Desktop/ece385/ECE385/lab7_2/lab7_2.gen/sources_1/bd/mb_block_1/ip/mb_block_1_microblaze_0_axi_intc_0
INFO: [IP_Flow 19-6928] IPCACHE: copied cached file c:/Users/realk/Desktop/ece385/ECE385/lab7_2/lab7_2.cache/ip/2022.2/d/2/d2c77b3bf700753d/mb_block_microblaze_0_axi_intc_0.dcp to c:/Users/realk/Desktop/ece385/ECE385/lab7_2/lab7_2.gen/sources_1/bd/mb_block_1/ip/mb_block_1_microblaze_0_axi_intc_0/mb_block_1_microblaze_0_axi_intc_0.dcp.
INFO: [IP_Flow 19-6926] IPCACHE: added file to list for BOM: c:/Users/realk/Desktop/ece385/ECE385/lab7_2/lab7_2.gen/sources_1/bd/mb_block_1/ip/mb_block_1_microblaze_0_axi_intc_0/mb_block_1_microblaze_0_axi_intc_0.dcp
INFO: [IP_Flow 19-6928] IPCACHE: copied cached file c:/Users/realk/Desktop/ece385/ECE385/lab7_2/lab7_2.cache/ip/2022.2/d/2/d2c77b3bf700753d/mb_block_microblaze_0_axi_intc_0_sim_netlist.v to c:/Users/realk/Desktop/ece385/ECE385/lab7_2/lab7_2.gen/sources_1/bd/mb_block_1/ip/mb_block_1_microblaze_0_axi_intc_0/mb_block_1_microblaze_0_axi_intc_0_sim_netlist.v.
INFO: [IP_Flow 19-6926] IPCACHE: added file to list for BOM: c:/Users/realk/Desktop/ece385/ECE385/lab7_2/lab7_2.gen/sources_1/bd/mb_block_1/ip/mb_block_1_microblaze_0_axi_intc_0/mb_block_1_microblaze_0_axi_intc_0_sim_netlist.v
INFO: [IP_Flow 19-6928] IPCACHE: copied cached file c:/Users/realk/Desktop/ece385/ECE385/lab7_2/lab7_2.cache/ip/2022.2/d/2/d2c77b3bf700753d/mb_block_microblaze_0_axi_intc_0_sim_netlist.vhdl to c:/Users/realk/Desktop/ece385/ECE385/lab7_2/lab7_2.gen/sources_1/bd/mb_block_1/ip/mb_block_1_microblaze_0_axi_intc_0/mb_block_1_microblaze_0_axi_intc_0_sim_netlist.vhdl.
INFO: [IP_Flow 19-6926] IPCACHE: added file to list for BOM: c:/Users/realk/Desktop/ece385/ECE385/lab7_2/lab7_2.gen/sources_1/bd/mb_block_1/ip/mb_block_1_microblaze_0_axi_intc_0/mb_block_1_microblaze_0_axi_intc_0_sim_netlist.vhdl
INFO: [IP_Flow 19-6928] IPCACHE: copied cached file c:/Users/realk/Desktop/ece385/ECE385/lab7_2/lab7_2.cache/ip/2022.2/d/2/d2c77b3bf700753d/mb_block_microblaze_0_axi_intc_0_stub.v to c:/Users/realk/Desktop/ece385/ECE385/lab7_2/lab7_2.gen/sources_1/bd/mb_block_1/ip/mb_block_1_microblaze_0_axi_intc_0/mb_block_1_microblaze_0_axi_intc_0_stub.v.
INFO: [IP_Flow 19-6926] IPCACHE: added file to list for BOM: c:/Users/realk/Desktop/ece385/ECE385/lab7_2/lab7_2.gen/sources_1/bd/mb_block_1/ip/mb_block_1_microblaze_0_axi_intc_0/mb_block_1_microblaze_0_axi_intc_0_stub.v
INFO: [IP_Flow 19-6928] IPCACHE: copied cached file c:/Users/realk/Desktop/ece385/ECE385/lab7_2/lab7_2.cache/ip/2022.2/d/2/d2c77b3bf700753d/mb_block_microblaze_0_axi_intc_0_stub.vhdl to c:/Users/realk/Desktop/ece385/ECE385/lab7_2/lab7_2.gen/sources_1/bd/mb_block_1/ip/mb_block_1_microblaze_0_axi_intc_0/mb_block_1_microblaze_0_axi_intc_0_stub.vhdl.
INFO: [IP_Flow 19-6926] IPCACHE: added file to list for BOM: c:/Users/realk/Desktop/ece385/ECE385/lab7_2/lab7_2.gen/sources_1/bd/mb_block_1/ip/mb_block_1_microblaze_0_axi_intc_0/mb_block_1_microblaze_0_axi_intc_0_stub.vhdl
INFO: [IP_Flow 19-4993] Using cached IP synthesis design for IP mb_block_1_microblaze_0_axi_intc_0, cache-ID = d2c77b3bf700753d; cache size = 13.401 MB.
INFO: [IP_Flow 19-6924] IPCACHE: Running cache check for IP inst: mb_block_1_dlmb_v10_0
INFO: [IP_Flow 19-6922] IPCACHE: Exporting cached entry 8b859a7611e3417d to dir: c:/Users/realk/Desktop/ece385/ECE385/lab7_2/lab7_2.gen/sources_1/bd/mb_block_1/ip/mb_block_1_dlmb_v10_0
INFO: [IP_Flow 19-6928] IPCACHE: copied cached file c:/Users/realk/Desktop/ece385/ECE385/lab7_2/lab7_2.cache/ip/2022.2/8/b/8b859a7611e3417d/mb_block_dlmb_v10_0.dcp to c:/Users/realk/Desktop/ece385/ECE385/lab7_2/lab7_2.gen/sources_1/bd/mb_block_1/ip/mb_block_1_dlmb_v10_0/mb_block_1_dlmb_v10_0.dcp.
INFO: [IP_Flow 19-6926] IPCACHE: added file to list for BOM: c:/Users/realk/Desktop/ece385/ECE385/lab7_2/lab7_2.gen/sources_1/bd/mb_block_1/ip/mb_block_1_dlmb_v10_0/mb_block_1_dlmb_v10_0.dcp
INFO: [IP_Flow 19-6928] IPCACHE: copied cached file c:/Users/realk/Desktop/ece385/ECE385/lab7_2/lab7_2.cache/ip/2022.2/8/b/8b859a7611e3417d/mb_block_dlmb_v10_0_sim_netlist.v to c:/Users/realk/Desktop/ece385/ECE385/lab7_2/lab7_2.gen/sources_1/bd/mb_block_1/ip/mb_block_1_dlmb_v10_0/mb_block_1_dlmb_v10_0_sim_netlist.v.
INFO: [IP_Flow 19-6926] IPCACHE: added file to list for BOM: c:/Users/realk/Desktop/ece385/ECE385/lab7_2/lab7_2.gen/sources_1/bd/mb_block_1/ip/mb_block_1_dlmb_v10_0/mb_block_1_dlmb_v10_0_sim_netlist.v
INFO: [IP_Flow 19-6928] IPCACHE: copied cached file c:/Users/realk/Desktop/ece385/ECE385/lab7_2/lab7_2.cache/ip/2022.2/8/b/8b859a7611e3417d/mb_block_dlmb_v10_0_sim_netlist.vhdl to c:/Users/realk/Desktop/ece385/ECE385/lab7_2/lab7_2.gen/sources_1/bd/mb_block_1/ip/mb_block_1_dlmb_v10_0/mb_block_1_dlmb_v10_0_sim_netlist.vhdl.
INFO: [IP_Flow 19-6926] IPCACHE: added file to list for BOM: c:/Users/realk/Desktop/ece385/ECE385/lab7_2/lab7_2.gen/sources_1/bd/mb_block_1/ip/mb_block_1_dlmb_v10_0/mb_block_1_dlmb_v10_0_sim_netlist.vhdl
INFO: [IP_Flow 19-6928] IPCACHE: copied cached file c:/Users/realk/Desktop/ece385/ECE385/lab7_2/lab7_2.cache/ip/2022.2/8/b/8b859a7611e3417d/mb_block_dlmb_v10_0_stub.v to c:/Users/realk/Desktop/ece385/ECE385/lab7_2/lab7_2.gen/sources_1/bd/mb_block_1/ip/mb_block_1_dlmb_v10_0/mb_block_1_dlmb_v10_0_stub.v.
INFO: [IP_Flow 19-6926] IPCACHE: added file to list for BOM: c:/Users/realk/Desktop/ece385/ECE385/lab7_2/lab7_2.gen/sources_1/bd/mb_block_1/ip/mb_block_1_dlmb_v10_0/mb_block_1_dlmb_v10_0_stub.v
INFO: [IP_Flow 19-6928] IPCACHE: copied cached file c:/Users/realk/Desktop/ece385/ECE385/lab7_2/lab7_2.cache/ip/2022.2/8/b/8b859a7611e3417d/mb_block_dlmb_v10_0_stub.vhdl to c:/Users/realk/Desktop/ece385/ECE385/lab7_2/lab7_2.gen/sources_1/bd/mb_block_1/ip/mb_block_1_dlmb_v10_0/mb_block_1_dlmb_v10_0_stub.vhdl.
INFO: [IP_Flow 19-6926] IPCACHE: added file to list for BOM: c:/Users/realk/Desktop/ece385/ECE385/lab7_2/lab7_2.gen/sources_1/bd/mb_block_1/ip/mb_block_1_dlmb_v10_0/mb_block_1_dlmb_v10_0_stub.vhdl
INFO: [IP_Flow 19-4993] Using cached IP synthesis design for IP mb_block_1_dlmb_v10_0, cache-ID = 8b859a7611e3417d; cache size = 13.400 MB.
INFO: [IP_Flow 19-6924] IPCACHE: Running cache check for IP inst: mb_block_1_hdmi_text_controller_0_0
INFO: [IP_Flow 19-6924] IPCACHE: Running cache check for IP inst: mb_block_1_lmb_bram_0
INFO: [IP_Flow 19-6924] IPCACHE: Running cache check for IP inst: mb_block_1_mdm_1_0
INFO: [IP_Flow 19-6922] IPCACHE: Exporting cached entry 7ba594287a66c4c3 to dir: c:/Users/realk/Desktop/ece385/ECE385/lab7_2/lab7_2.gen/sources_1/bd/mb_block_1/ip/mb_block_1_mdm_1_0
INFO: [IP_Flow 19-6928] IPCACHE: copied cached file c:/Users/realk/Desktop/ece385/ECE385/lab7_2/lab7_2.cache/ip/2022.2/7/b/7ba594287a66c4c3/mb_block_mdm_1_0.dcp to c:/Users/realk/Desktop/ece385/ECE385/lab7_2/lab7_2.gen/sources_1/bd/mb_block_1/ip/mb_block_1_mdm_1_0/mb_block_1_mdm_1_0.dcp.
INFO: [IP_Flow 19-6926] IPCACHE: added file to list for BOM: c:/Users/realk/Desktop/ece385/ECE385/lab7_2/lab7_2.gen/sources_1/bd/mb_block_1/ip/mb_block_1_mdm_1_0/mb_block_1_mdm_1_0.dcp
INFO: [IP_Flow 19-6928] IPCACHE: copied cached file c:/Users/realk/Desktop/ece385/ECE385/lab7_2/lab7_2.cache/ip/2022.2/7/b/7ba594287a66c4c3/mb_block_mdm_1_0_sim_netlist.v to c:/Users/realk/Desktop/ece385/ECE385/lab7_2/lab7_2.gen/sources_1/bd/mb_block_1/ip/mb_block_1_mdm_1_0/mb_block_1_mdm_1_0_sim_netlist.v.
INFO: [IP_Flow 19-6926] IPCACHE: added file to list for BOM: c:/Users/realk/Desktop/ece385/ECE385/lab7_2/lab7_2.gen/sources_1/bd/mb_block_1/ip/mb_block_1_mdm_1_0/mb_block_1_mdm_1_0_sim_netlist.v
INFO: [IP_Flow 19-6928] IPCACHE: copied cached file c:/Users/realk/Desktop/ece385/ECE385/lab7_2/lab7_2.cache/ip/2022.2/7/b/7ba594287a66c4c3/mb_block_mdm_1_0_sim_netlist.vhdl to c:/Users/realk/Desktop/ece385/ECE385/lab7_2/lab7_2.gen/sources_1/bd/mb_block_1/ip/mb_block_1_mdm_1_0/mb_block_1_mdm_1_0_sim_netlist.vhdl.
INFO: [IP_Flow 19-6926] IPCACHE: added file to list for BOM: c:/Users/realk/Desktop/ece385/ECE385/lab7_2/lab7_2.gen/sources_1/bd/mb_block_1/ip/mb_block_1_mdm_1_0/mb_block_1_mdm_1_0_sim_netlist.vhdl
INFO: [IP_Flow 19-6928] IPCACHE: copied cached file c:/Users/realk/Desktop/ece385/ECE385/lab7_2/lab7_2.cache/ip/2022.2/7/b/7ba594287a66c4c3/mb_block_mdm_1_0_stub.v to c:/Users/realk/Desktop/ece385/ECE385/lab7_2/lab7_2.gen/sources_1/bd/mb_block_1/ip/mb_block_1_mdm_1_0/mb_block_1_mdm_1_0_stub.v.
INFO: [IP_Flow 19-6926] IPCACHE: added file to list for BOM: c:/Users/realk/Desktop/ece385/ECE385/lab7_2/lab7_2.gen/sources_1/bd/mb_block_1/ip/mb_block_1_mdm_1_0/mb_block_1_mdm_1_0_stub.v
INFO: [IP_Flow 19-6928] IPCACHE: copied cached file c:/Users/realk/Desktop/ece385/ECE385/lab7_2/lab7_2.cache/ip/2022.2/7/b/7ba594287a66c4c3/mb_block_mdm_1_0_stub.vhdl to c:/Users/realk/Desktop/ece385/ECE385/lab7_2/lab7_2.gen/sources_1/bd/mb_block_1/ip/mb_block_1_mdm_1_0/mb_block_1_mdm_1_0_stub.vhdl.
INFO: [IP_Flow 19-6926] IPCACHE: added file to list for BOM: c:/Users/realk/Desktop/ece385/ECE385/lab7_2/lab7_2.gen/sources_1/bd/mb_block_1/ip/mb_block_1_mdm_1_0/mb_block_1_mdm_1_0_stub.vhdl
INFO: [IP_Flow 19-4993] Using cached IP synthesis design for IP mb_block_1_mdm_1_0, cache-ID = 7ba594287a66c4c3; cache size = 13.400 MB.
INFO: [IP_Flow 19-6924] IPCACHE: Running cache check for IP inst: mb_block_1_ilmb_bram_if_cntlr_0
INFO: [IP_Flow 19-6922] IPCACHE: Exporting cached entry 250b3e8e738a1c0e to dir: c:/Users/realk/Desktop/ece385/ECE385/lab7_2/lab7_2.gen/sources_1/bd/mb_block_1/ip/mb_block_1_ilmb_bram_if_cntlr_0
INFO: [IP_Flow 19-6928] IPCACHE: copied cached file c:/Users/realk/Desktop/ece385/ECE385/lab7_2/lab7_2.cache/ip/2022.2/2/5/250b3e8e738a1c0e/mb_block_ilmb_bram_if_cntlr_0.dcp to c:/Users/realk/Desktop/ece385/ECE385/lab7_2/lab7_2.gen/sources_1/bd/mb_block_1/ip/mb_block_1_ilmb_bram_if_cntlr_0/mb_block_1_ilmb_bram_if_cntlr_0.dcp.
INFO: [IP_Flow 19-6926] IPCACHE: added file to list for BOM: c:/Users/realk/Desktop/ece385/ECE385/lab7_2/lab7_2.gen/sources_1/bd/mb_block_1/ip/mb_block_1_ilmb_bram_if_cntlr_0/mb_block_1_ilmb_bram_if_cntlr_0.dcp
INFO: [IP_Flow 19-6928] IPCACHE: copied cached file c:/Users/realk/Desktop/ece385/ECE385/lab7_2/lab7_2.cache/ip/2022.2/2/5/250b3e8e738a1c0e/mb_block_ilmb_bram_if_cntlr_0_sim_netlist.v to c:/Users/realk/Desktop/ece385/ECE385/lab7_2/lab7_2.gen/sources_1/bd/mb_block_1/ip/mb_block_1_ilmb_bram_if_cntlr_0/mb_block_1_ilmb_bram_if_cntlr_0_sim_netlist.v.
INFO: [IP_Flow 19-6926] IPCACHE: added file to list for BOM: c:/Users/realk/Desktop/ece385/ECE385/lab7_2/lab7_2.gen/sources_1/bd/mb_block_1/ip/mb_block_1_ilmb_bram_if_cntlr_0/mb_block_1_ilmb_bram_if_cntlr_0_sim_netlist.v
INFO: [IP_Flow 19-6928] IPCACHE: copied cached file c:/Users/realk/Desktop/ece385/ECE385/lab7_2/lab7_2.cache/ip/2022.2/2/5/250b3e8e738a1c0e/mb_block_ilmb_bram_if_cntlr_0_sim_netlist.vhdl to c:/Users/realk/Desktop/ece385/ECE385/lab7_2/lab7_2.gen/sources_1/bd/mb_block_1/ip/mb_block_1_ilmb_bram_if_cntlr_0/mb_block_1_ilmb_bram_if_cntlr_0_sim_netlist.vhdl.
INFO: [IP_Flow 19-6926] IPCACHE: added file to list for BOM: c:/Users/realk/Desktop/ece385/ECE385/lab7_2/lab7_2.gen/sources_1/bd/mb_block_1/ip/mb_block_1_ilmb_bram_if_cntlr_0/mb_block_1_ilmb_bram_if_cntlr_0_sim_netlist.vhdl
INFO: [IP_Flow 19-6928] IPCACHE: copied cached file c:/Users/realk/Desktop/ece385/ECE385/lab7_2/lab7_2.cache/ip/2022.2/2/5/250b3e8e738a1c0e/mb_block_ilmb_bram_if_cntlr_0_stub.v to c:/Users/realk/Desktop/ece385/ECE385/lab7_2/lab7_2.gen/sources_1/bd/mb_block_1/ip/mb_block_1_ilmb_bram_if_cntlr_0/mb_block_1_ilmb_bram_if_cntlr_0_stub.v.
INFO: [IP_Flow 19-6926] IPCACHE: added file to list for BOM: c:/Users/realk/Desktop/ece385/ECE385/lab7_2/lab7_2.gen/sources_1/bd/mb_block_1/ip/mb_block_1_ilmb_bram_if_cntlr_0/mb_block_1_ilmb_bram_if_cntlr_0_stub.v
INFO: [IP_Flow 19-6928] IPCACHE: copied cached file c:/Users/realk/Desktop/ece385/ECE385/lab7_2/lab7_2.cache/ip/2022.2/2/5/250b3e8e738a1c0e/mb_block_ilmb_bram_if_cntlr_0_stub.vhdl to c:/Users/realk/Desktop/ece385/ECE385/lab7_2/lab7_2.gen/sources_1/bd/mb_block_1/ip/mb_block_1_ilmb_bram_if_cntlr_0/mb_block_1_ilmb_bram_if_cntlr_0_stub.vhdl.
INFO: [IP_Flow 19-6926] IPCACHE: added file to list for BOM: c:/Users/realk/Desktop/ece385/ECE385/lab7_2/lab7_2.gen/sources_1/bd/mb_block_1/ip/mb_block_1_ilmb_bram_if_cntlr_0/mb_block_1_ilmb_bram_if_cntlr_0_stub.vhdl
INFO: [IP_Flow 19-4993] Using cached IP synthesis design for IP mb_block_1_ilmb_bram_if_cntlr_0, cache-ID = 250b3e8e738a1c0e; cache size = 13.400 MB.
INFO: [IP_Flow 19-6924] IPCACHE: Running cache check for IP inst: mb_block_1_ilmb_v10_0
INFO: [IP_Flow 19-6922] IPCACHE: Exporting cached entry 8b859a7611e3417d to dir: c:/Users/realk/Desktop/ece385/ECE385/lab7_2/lab7_2.gen/sources_1/bd/mb_block_1/ip/mb_block_1_ilmb_v10_0
INFO: [IP_Flow 19-6928] IPCACHE: copied cached file c:/Users/realk/Desktop/ece385/ECE385/lab7_2/lab7_2.cache/ip/2022.2/8/b/8b859a7611e3417d/mb_block_dlmb_v10_0.dcp to c:/Users/realk/Desktop/ece385/ECE385/lab7_2/lab7_2.gen/sources_1/bd/mb_block_1/ip/mb_block_1_ilmb_v10_0/mb_block_1_ilmb_v10_0.dcp.
INFO: [IP_Flow 19-6926] IPCACHE: added file to list for BOM: c:/Users/realk/Desktop/ece385/ECE385/lab7_2/lab7_2.gen/sources_1/bd/mb_block_1/ip/mb_block_1_ilmb_v10_0/mb_block_1_ilmb_v10_0.dcp
INFO: [IP_Flow 19-6928] IPCACHE: copied cached file c:/Users/realk/Desktop/ece385/ECE385/lab7_2/lab7_2.cache/ip/2022.2/8/b/8b859a7611e3417d/mb_block_dlmb_v10_0_sim_netlist.v to c:/Users/realk/Desktop/ece385/ECE385/lab7_2/lab7_2.gen/sources_1/bd/mb_block_1/ip/mb_block_1_ilmb_v10_0/mb_block_1_ilmb_v10_0_sim_netlist.v.
INFO: [IP_Flow 19-6926] IPCACHE: added file to list for BOM: c:/Users/realk/Desktop/ece385/ECE385/lab7_2/lab7_2.gen/sources_1/bd/mb_block_1/ip/mb_block_1_ilmb_v10_0/mb_block_1_ilmb_v10_0_sim_netlist.v
INFO: [IP_Flow 19-6928] IPCACHE: copied cached file c:/Users/realk/Desktop/ece385/ECE385/lab7_2/lab7_2.cache/ip/2022.2/8/b/8b859a7611e3417d/mb_block_dlmb_v10_0_sim_netlist.vhdl to c:/Users/realk/Desktop/ece385/ECE385/lab7_2/lab7_2.gen/sources_1/bd/mb_block_1/ip/mb_block_1_ilmb_v10_0/mb_block_1_ilmb_v10_0_sim_netlist.vhdl.
INFO: [IP_Flow 19-6926] IPCACHE: added file to list for BOM: c:/Users/realk/Desktop/ece385/ECE385/lab7_2/lab7_2.gen/sources_1/bd/mb_block_1/ip/mb_block_1_ilmb_v10_0/mb_block_1_ilmb_v10_0_sim_netlist.vhdl
INFO: [IP_Flow 19-6928] IPCACHE: copied cached file c:/Users/realk/Desktop/ece385/ECE385/lab7_2/lab7_2.cache/ip/2022.2/8/b/8b859a7611e3417d/mb_block_dlmb_v10_0_stub.v to c:/Users/realk/Desktop/ece385/ECE385/lab7_2/lab7_2.gen/sources_1/bd/mb_block_1/ip/mb_block_1_ilmb_v10_0/mb_block_1_ilmb_v10_0_stub.v.
INFO: [IP_Flow 19-6926] IPCACHE: added file to list for BOM: c:/Users/realk/Desktop/ece385/ECE385/lab7_2/lab7_2.gen/sources_1/bd/mb_block_1/ip/mb_block_1_ilmb_v10_0/mb_block_1_ilmb_v10_0_stub.v
INFO: [IP_Flow 19-6928] IPCACHE: copied cached file c:/Users/realk/Desktop/ece385/ECE385/lab7_2/lab7_2.cache/ip/2022.2/8/b/8b859a7611e3417d/mb_block_dlmb_v10_0_stub.vhdl to c:/Users/realk/Desktop/ece385/ECE385/lab7_2/lab7_2.gen/sources_1/bd/mb_block_1/ip/mb_block_1_ilmb_v10_0/mb_block_1_ilmb_v10_0_stub.vhdl.
INFO: [IP_Flow 19-6926] IPCACHE: added file to list for BOM: c:/Users/realk/Desktop/ece385/ECE385/lab7_2/lab7_2.gen/sources_1/bd/mb_block_1/ip/mb_block_1_ilmb_v10_0/mb_block_1_ilmb_v10_0_stub.vhdl
INFO: [IP_Flow 19-4993] Using cached IP synthesis design for IP mb_block_1_ilmb_v10_0, cache-ID = 8b859a7611e3417d; cache size = 13.400 MB.
INFO: [IP_Flow 19-6924] IPCACHE: Running cache check for IP inst: mb_block_1_xbar_0
INFO: [IP_Flow 19-6922] IPCACHE: Exporting cached entry 8b38c95484644b7e to dir: c:/Users/realk/Desktop/ece385/ECE385/lab7_2/lab7_2.gen/sources_1/bd/mb_block_1/ip/mb_block_1_xbar_0
INFO: [IP_Flow 19-6928] IPCACHE: copied cached file c:/Users/realk/Desktop/ece385/ECE385/lab7_2/lab7_2.cache/ip/2022.2/8/b/8b38c95484644b7e/mb_block_xbar_0.dcp to c:/Users/realk/Desktop/ece385/ECE385/lab7_2/lab7_2.gen/sources_1/bd/mb_block_1/ip/mb_block_1_xbar_0/mb_block_1_xbar_0.dcp.
INFO: [IP_Flow 19-6926] IPCACHE: added file to list for BOM: c:/Users/realk/Desktop/ece385/ECE385/lab7_2/lab7_2.gen/sources_1/bd/mb_block_1/ip/mb_block_1_xbar_0/mb_block_1_xbar_0.dcp
INFO: [IP_Flow 19-6928] IPCACHE: copied cached file c:/Users/realk/Desktop/ece385/ECE385/lab7_2/lab7_2.cache/ip/2022.2/8/b/8b38c95484644b7e/mb_block_xbar_0_sim_netlist.v to c:/Users/realk/Desktop/ece385/ECE385/lab7_2/lab7_2.gen/sources_1/bd/mb_block_1/ip/mb_block_1_xbar_0/mb_block_1_xbar_0_sim_netlist.v.
INFO: [IP_Flow 19-6926] IPCACHE: added file to list for BOM: c:/Users/realk/Desktop/ece385/ECE385/lab7_2/lab7_2.gen/sources_1/bd/mb_block_1/ip/mb_block_1_xbar_0/mb_block_1_xbar_0_sim_netlist.v
INFO: [IP_Flow 19-6928] IPCACHE: copied cached file c:/Users/realk/Desktop/ece385/ECE385/lab7_2/lab7_2.cache/ip/2022.2/8/b/8b38c95484644b7e/mb_block_xbar_0_sim_netlist.vhdl to c:/Users/realk/Desktop/ece385/ECE385/lab7_2/lab7_2.gen/sources_1/bd/mb_block_1/ip/mb_block_1_xbar_0/mb_block_1_xbar_0_sim_netlist.vhdl.
INFO: [IP_Flow 19-6926] IPCACHE: added file to list for BOM: c:/Users/realk/Desktop/ece385/ECE385/lab7_2/lab7_2.gen/sources_1/bd/mb_block_1/ip/mb_block_1_xbar_0/mb_block_1_xbar_0_sim_netlist.vhdl
INFO: [IP_Flow 19-6928] IPCACHE: copied cached file c:/Users/realk/Desktop/ece385/ECE385/lab7_2/lab7_2.cache/ip/2022.2/8/b/8b38c95484644b7e/mb_block_xbar_0_stub.v to c:/Users/realk/Desktop/ece385/ECE385/lab7_2/lab7_2.gen/sources_1/bd/mb_block_1/ip/mb_block_1_xbar_0/mb_block_1_xbar_0_stub.v.
INFO: [IP_Flow 19-6926] IPCACHE: added file to list for BOM: c:/Users/realk/Desktop/ece385/ECE385/lab7_2/lab7_2.gen/sources_1/bd/mb_block_1/ip/mb_block_1_xbar_0/mb_block_1_xbar_0_stub.v
INFO: [IP_Flow 19-6928] IPCACHE: copied cached file c:/Users/realk/Desktop/ece385/ECE385/lab7_2/lab7_2.cache/ip/2022.2/8/b/8b38c95484644b7e/mb_block_xbar_0_stub.vhdl to c:/Users/realk/Desktop/ece385/ECE385/lab7_2/lab7_2.gen/sources_1/bd/mb_block_1/ip/mb_block_1_xbar_0/mb_block_1_xbar_0_stub.vhdl.
INFO: [IP_Flow 19-6926] IPCACHE: added file to list for BOM: c:/Users/realk/Desktop/ece385/ECE385/lab7_2/lab7_2.gen/sources_1/bd/mb_block_1/ip/mb_block_1_xbar_0/mb_block_1_xbar_0_stub.vhdl
INFO: [IP_Flow 19-4993] Using cached IP synthesis design for IP mb_block_1_xbar_0, cache-ID = 8b38c95484644b7e; cache size = 13.401 MB.
INFO: [IP_Flow 19-6924] IPCACHE: Running cache check for IP inst: mb_block_1_microblaze_0_0
INFO: [IP_Flow 19-6922] IPCACHE: Exporting cached entry 1adc401b7514f7a0 to dir: c:/Users/realk/Desktop/ece385/ECE385/lab7_2/lab7_2.gen/sources_1/bd/mb_block_1/ip/mb_block_1_microblaze_0_0
INFO: [IP_Flow 19-6928] IPCACHE: copied cached file c:/Users/realk/Desktop/ece385/ECE385/lab7_2/lab7_2.cache/ip/2022.2/1/a/1adc401b7514f7a0/mb_block_microblaze_0_0.dcp to c:/Users/realk/Desktop/ece385/ECE385/lab7_2/lab7_2.gen/sources_1/bd/mb_block_1/ip/mb_block_1_microblaze_0_0/mb_block_1_microblaze_0_0.dcp.
INFO: [IP_Flow 19-6926] IPCACHE: added file to list for BOM: c:/Users/realk/Desktop/ece385/ECE385/lab7_2/lab7_2.gen/sources_1/bd/mb_block_1/ip/mb_block_1_microblaze_0_0/mb_block_1_microblaze_0_0.dcp
INFO: [IP_Flow 19-6928] IPCACHE: copied cached file c:/Users/realk/Desktop/ece385/ECE385/lab7_2/lab7_2.cache/ip/2022.2/1/a/1adc401b7514f7a0/mb_block_microblaze_0_0_sim_netlist.v to c:/Users/realk/Desktop/ece385/ECE385/lab7_2/lab7_2.gen/sources_1/bd/mb_block_1/ip/mb_block_1_microblaze_0_0/mb_block_1_microblaze_0_0_sim_netlist.v.
INFO: [IP_Flow 19-6926] IPCACHE: added file to list for BOM: c:/Users/realk/Desktop/ece385/ECE385/lab7_2/lab7_2.gen/sources_1/bd/mb_block_1/ip/mb_block_1_microblaze_0_0/mb_block_1_microblaze_0_0_sim_netlist.v
INFO: [IP_Flow 19-6928] IPCACHE: copied cached file c:/Users/realk/Desktop/ece385/ECE385/lab7_2/lab7_2.cache/ip/2022.2/1/a/1adc401b7514f7a0/mb_block_microblaze_0_0_sim_netlist.vhdl to c:/Users/realk/Desktop/ece385/ECE385/lab7_2/lab7_2.gen/sources_1/bd/mb_block_1/ip/mb_block_1_microblaze_0_0/mb_block_1_microblaze_0_0_sim_netlist.vhdl.
INFO: [IP_Flow 19-6926] IPCACHE: added file to list for BOM: c:/Users/realk/Desktop/ece385/ECE385/lab7_2/lab7_2.gen/sources_1/bd/mb_block_1/ip/mb_block_1_microblaze_0_0/mb_block_1_microblaze_0_0_sim_netlist.vhdl
INFO: [IP_Flow 19-6928] IPCACHE: copied cached file c:/Users/realk/Desktop/ece385/ECE385/lab7_2/lab7_2.cache/ip/2022.2/1/a/1adc401b7514f7a0/mb_block_microblaze_0_0_stub.v to c:/Users/realk/Desktop/ece385/ECE385/lab7_2/lab7_2.gen/sources_1/bd/mb_block_1/ip/mb_block_1_microblaze_0_0/mb_block_1_microblaze_0_0_stub.v.
INFO: [IP_Flow 19-6926] IPCACHE: added file to list for BOM: c:/Users/realk/Desktop/ece385/ECE385/lab7_2/lab7_2.gen/sources_1/bd/mb_block_1/ip/mb_block_1_microblaze_0_0/mb_block_1_microblaze_0_0_stub.v
INFO: [IP_Flow 19-6928] IPCACHE: copied cached file c:/Users/realk/Desktop/ece385/ECE385/lab7_2/lab7_2.cache/ip/2022.2/1/a/1adc401b7514f7a0/mb_block_microblaze_0_0_stub.vhdl to c:/Users/realk/Desktop/ece385/ECE385/lab7_2/lab7_2.gen/sources_1/bd/mb_block_1/ip/mb_block_1_microblaze_0_0/mb_block_1_microblaze_0_0_stub.vhdl.
INFO: [IP_Flow 19-6926] IPCACHE: added file to list for BOM: c:/Users/realk/Desktop/ece385/ECE385/lab7_2/lab7_2.gen/sources_1/bd/mb_block_1/ip/mb_block_1_microblaze_0_0/mb_block_1_microblaze_0_0_stub.vhdl
INFO: [IP_Flow 19-4993] Using cached IP synthesis design for IP mb_block_1_microblaze_0_0, cache-ID = 1adc401b7514f7a0; cache size = 13.401 MB.
[Thu Nov  7 02:04:50 2024] Launched mb_block_1_hdmi_text_controller_0_0_synth_1, mb_block_1_clk_wiz_1_0_synth_1, mb_block_1_lmb_bram_0_synth_1, synth_1...
Run output will be captured here:
mb_block_1_hdmi_text_controller_0_0_synth_1: C:/Users/realk/Desktop/ece385/ECE385/lab7_2/lab7_2.runs/mb_block_1_hdmi_text_controller_0_0_synth_1/runme.log
mb_block_1_clk_wiz_1_0_synth_1: C:/Users/realk/Desktop/ece385/ECE385/lab7_2/lab7_2.runs/mb_block_1_clk_wiz_1_0_synth_1/runme.log
mb_block_1_lmb_bram_0_synth_1: C:/Users/realk/Desktop/ece385/ECE385/lab7_2/lab7_2.runs/mb_block_1_lmb_bram_0_synth_1/runme.log
synth_1: C:/Users/realk/Desktop/ece385/ECE385/lab7_2/lab7_2.runs/synth_1/runme.log
[Thu Nov  7 02:04:51 2024] Launched impl_1...
Run output will be captured here: C:/Users/realk/Desktop/ece385/ECE385/lab7_2/lab7_2.runs/impl_1/runme.log
launch_runs: Time (s): cpu = 00:00:14 ; elapsed = 00:00:25 . Memory (MB): peak = 2527.223 ; gain = 282.762
write_hw_platform -fixed -include_bit -force -file C:/Users/realk/Desktop/ece385/ECE385/lab7_2/mb_usb_hdmi_top.xsa
INFO: [Project 1-1918] Creating Hardware Platform: C:/Users/realk/Desktop/ece385/ECE385/lab7_2/mb_usb_hdmi_top.xsa ...
INFO: [Project 1-1943] The Hardware Platform can be used for Hardware
INFO: [Project 1-1941] Successfully created Hardware Platform: C:/Users/realk/Desktop/ece385/ECE385/lab7_2/mb_usb_hdmi_top.xsa
INFO: [Hsi 55-2053] elapsed time for repository (C:/Xilinx/Vivado/2022.2/data/embeddedsw) loading 1 seconds
update_ip_catalog -rebuild -scan_changes
INFO: [IP_Flow 19-234] Refreshing IP repositories
INFO: [IP_Flow 19-1700] Loaded user IP repository 'c:/Users/realk/Desktop/ece385/ECE385/ip_repo'.
INFO: [IP_Flow 19-1700] Loaded user IP repository 'c:/Users/realk/Downloads/RD_hdmi_ip2020'.
report_ip_status -name ip_status
upgrade_ip -vlnv xilinx.com:user:hdmi_text_controller:1.0 [get_ips  mb_block_1_hdmi_text_controller_0_0] -log ip_upgrade.log
Upgrading 'C:/Users/realk/Desktop/ece385/ECE385/lab7_2/lab7_2.srcs/sources_1/bd/mb_block_1/mb_block_1.bd'
INFO: [IP_Flow 19-3422] Upgraded mb_block_1_hdmi_text_controller_0_0 (hdmi_text_controller_v1.0 1.0) from revision 21 to revision 22
Wrote  : <C:\Users\realk\Desktop\ece385\ECE385\lab7_2\lab7_2.srcs\sources_1\bd\mb_block_1\mb_block_1.bd> 
INFO: [Coretcl 2-1525] Wrote upgrade log to 'C:/Users/realk/Desktop/ece385/ECE385/lab7_2/ip_upgrade.log'.
export_ip_user_files -of_objects [get_ips mb_block_1_hdmi_text_controller_0_0] -no_script -sync -force -quiet
generate_target all [get_files  C:/Users/realk/Desktop/ece385/ECE385/lab7_2/lab7_2.srcs/sources_1/bd/mb_block_1/mb_block_1.bd]
CRITICAL WARNING: [BD 41-1732] Bus interface '/hdmi_text_controller_0/AXI' is found to be associated with multiple clock-pins. This may prevent design from functioning correctly. List of associated clock-pins:
/hdmi_text_controller_0/axi_aclk
/hdmi_text_controller_0/axi_aclk

.
WARNING: [filemgmt 56-443] The ECC Algorithm string is empty. Setting the Memory Map to default ECC value to ECC_NONE.
WARNING: [filemgmt 56-443] The ECC Algorithm string is empty. Setting the Memory Map to default ECC value to ECC_NONE.
INFO: [xilinx.com:ip:axi_intc:4.1-1] /microblaze_0_axi_intc: The AXI INTC core has been configured to operate with synchronous clocks.
INFO: [xilinx.com:ip:clk_wiz:6.0-1] /clk_wiz_1 clk_wiz propagate
Wrote  : <C:\Users\realk\Desktop\ece385\ECE385\lab7_2\lab7_2.srcs\sources_1\bd\mb_block_1\mb_block_1.bd> 
Verilog Output written to : C:/Users/realk/Desktop/ece385/ECE385/lab7_2/lab7_2.gen/sources_1/bd/mb_block_1/synth/mb_block_1.v
Verilog Output written to : C:/Users/realk/Desktop/ece385/ECE385/lab7_2/lab7_2.gen/sources_1/bd/mb_block_1/sim/mb_block_1.v
Verilog Output written to : C:/Users/realk/Desktop/ece385/ECE385/lab7_2/lab7_2.gen/sources_1/bd/mb_block_1/hdl/mb_block_1_wrapper.v
INFO: [BD 41-1029] Generation completed for the IP Integrator block hdmi_text_controller_0 .
Exporting to file C:/Users/realk/Desktop/ece385/ECE385/lab7_2/lab7_2.gen/sources_1/bd/mb_block_1/hw_handoff/mb_block_1.hwh
Generated Hardware Definition File C:/Users/realk/Desktop/ece385/ECE385/lab7_2/lab7_2.gen/sources_1/bd/mb_block_1/synth/mb_block_1.hwdef
generate_target: Time (s): cpu = 00:00:07 ; elapsed = 00:00:11 . Memory (MB): peak = 2728.180 ; gain = 0.000
catch { config_ip_cache -export [get_ips -all mb_block_1_hdmi_text_controller_0_0] }
INFO: [IP_Flow 19-6924] IPCACHE: Running cache check for IP inst: mb_block_1_hdmi_text_controller_0_0
export_ip_user_files -of_objects [get_files C:/Users/realk/Desktop/ece385/ECE385/lab7_2/lab7_2.srcs/sources_1/bd/mb_block_1/mb_block_1.bd] -no_script -sync -force -quiet
create_ip_run [get_files -of_objects [get_fileset sources_1] C:/Users/realk/Desktop/ece385/ECE385/lab7_2/lab7_2.srcs/sources_1/bd/mb_block_1/mb_block_1.bd]
launch_runs mb_block_1_hdmi_text_controller_0_0_synth_1 -jobs 16
INFO: [IP_Flow 19-6924] IPCACHE: Running cache check for IP inst: mb_block_1_hdmi_text_controller_0_0
[Thu Nov  7 05:05:50 2024] Launched mb_block_1_hdmi_text_controller_0_0_synth_1...
Run output will be captured here: C:/Users/realk/Desktop/ece385/ECE385/lab7_2/lab7_2.runs/mb_block_1_hdmi_text_controller_0_0_synth_1/runme.log
export_simulation -of_objects [get_files C:/Users/realk/Desktop/ece385/ECE385/lab7_2/lab7_2.srcs/sources_1/bd/mb_block_1/mb_block_1.bd] -directory C:/Users/realk/Desktop/ece385/ECE385/lab7_2/lab7_2.ip_user_files/sim_scripts -ip_user_files_dir C:/Users/realk/Desktop/ece385/ECE385/lab7_2/lab7_2.ip_user_files -ipstatic_source_dir C:/Users/realk/Desktop/ece385/ECE385/lab7_2/lab7_2.ip_user_files/ipstatic -lib_map_path [list {modelsim=C:/Users/realk/Desktop/ece385/ECE385/lab7_2/lab7_2.cache/compile_simlib/modelsim} {questa=C:/Users/realk/Desktop/ece385/ECE385/lab7_2/lab7_2.cache/compile_simlib/questa} {riviera=C:/Users/realk/Desktop/ece385/ECE385/lab7_2/lab7_2.cache/compile_simlib/riviera} {activehdl=C:/Users/realk/Desktop/ece385/ECE385/lab7_2/lab7_2.cache/compile_simlib/activehdl}] -use_ip_compiled_libs -force -quiet
reset_run synth_1
INFO: [Project 1-1160] Copying file C:/Users/realk/Desktop/ece385/ECE385/lab7_2/lab7_2.runs/synth_1/mb_usb_hdmi_top.dcp to C:/Users/realk/Desktop/ece385/ECE385/lab7_2/lab7_2.srcs/utils_1/imports/synth_1 and adding it to utils fileset
WARNING: [Vivado 12-1017] Problems encountered:
1. Failed to delete one or more files in run directory C:/Users/realk/Desktop/ece385/ECE385/lab7_2/lab7_2.runs/synth_1

launch_runs impl_1 -to_step write_bitstream -jobs 16
INFO: [IP_Flow 19-6924] IPCACHE: Running cache check for IP inst: mb_block_1_hdmi_text_controller_0_0
[Thu Nov  7 05:06:05 2024] Launched mb_block_1_hdmi_text_controller_0_0_synth_1, synth_1...
Run output will be captured here:
mb_block_1_hdmi_text_controller_0_0_synth_1: C:/Users/realk/Desktop/ece385/ECE385/lab7_2/lab7_2.runs/mb_block_1_hdmi_text_controller_0_0_synth_1/runme.log
synth_1: C:/Users/realk/Desktop/ece385/ECE385/lab7_2/lab7_2.runs/synth_1/runme.log
[Thu Nov  7 05:06:05 2024] Launched impl_1...
Run output will be captured here: C:/Users/realk/Desktop/ece385/ECE385/lab7_2/lab7_2.runs/impl_1/runme.log
update_ip_catalog -rebuild -scan_changes
INFO: [IP_Flow 19-234] Refreshing IP repositories
INFO: [IP_Flow 19-1700] Loaded user IP repository 'c:/Users/realk/Desktop/ece385/ECE385/ip_repo'.
INFO: [IP_Flow 19-1700] Loaded user IP repository 'c:/Users/realk/Downloads/RD_hdmi_ip2020'.
report_ip_status -name ip_status
upgrade_ip -vlnv xilinx.com:user:hdmi_text_controller:1.0 [get_ips  mb_block_1_hdmi_text_controller_0_0] -log ip_upgrade.log
Upgrading 'C:/Users/realk/Desktop/ece385/ECE385/lab7_2/lab7_2.srcs/sources_1/bd/mb_block_1/mb_block_1.bd'
INFO: [IP_Flow 19-3422] Upgraded mb_block_1_hdmi_text_controller_0_0 (hdmi_text_controller_v1.0 1.0) from revision 22 to revision 23
Wrote  : <C:\Users\realk\Desktop\ece385\ECE385\lab7_2\lab7_2.srcs\sources_1\bd\mb_block_1\mb_block_1.bd> 
INFO: [Coretcl 2-1525] Wrote upgrade log to 'C:/Users/realk/Desktop/ece385/ECE385/lab7_2/ip_upgrade.log'.
export_ip_user_files -of_objects [get_ips mb_block_1_hdmi_text_controller_0_0] -no_script -sync -force -quiet
generate_target all [get_files  C:/Users/realk/Desktop/ece385/ECE385/lab7_2/lab7_2.srcs/sources_1/bd/mb_block_1/mb_block_1.bd]
CRITICAL WARNING: [BD 41-1732] Bus interface '/hdmi_text_controller_0/AXI' is found to be associated with multiple clock-pins. This may prevent design from functioning correctly. List of associated clock-pins:
/hdmi_text_controller_0/axi_aclk
/hdmi_text_controller_0/axi_aclk

.
WARNING: [filemgmt 56-443] The ECC Algorithm string is empty. Setting the Memory Map to default ECC value to ECC_NONE.
WARNING: [filemgmt 56-443] The ECC Algorithm string is empty. Setting the Memory Map to default ECC value to ECC_NONE.
INFO: [xilinx.com:ip:axi_intc:4.1-1] /microblaze_0_axi_intc: The AXI INTC core has been configured to operate with synchronous clocks.
INFO: [xilinx.com:ip:clk_wiz:6.0-1] /clk_wiz_1 clk_wiz propagate
Wrote  : <C:\Users\realk\Desktop\ece385\ECE385\lab7_2\lab7_2.srcs\sources_1\bd\mb_block_1\mb_block_1.bd> 
Verilog Output written to : C:/Users/realk/Desktop/ece385/ECE385/lab7_2/lab7_2.gen/sources_1/bd/mb_block_1/synth/mb_block_1.v
Verilog Output written to : C:/Users/realk/Desktop/ece385/ECE385/lab7_2/lab7_2.gen/sources_1/bd/mb_block_1/sim/mb_block_1.v
Verilog Output written to : C:/Users/realk/Desktop/ece385/ECE385/lab7_2/lab7_2.gen/sources_1/bd/mb_block_1/hdl/mb_block_1_wrapper.v
INFO: [BD 41-1029] Generation completed for the IP Integrator block hdmi_text_controller_0 .
Exporting to file C:/Users/realk/Desktop/ece385/ECE385/lab7_2/lab7_2.gen/sources_1/bd/mb_block_1/hw_handoff/mb_block_1.hwh
Generated Hardware Definition File C:/Users/realk/Desktop/ece385/ECE385/lab7_2/lab7_2.gen/sources_1/bd/mb_block_1/synth/mb_block_1.hwdef
generate_target: Time (s): cpu = 00:00:06 ; elapsed = 00:00:11 . Memory (MB): peak = 2737.500 ; gain = 0.000
catch { config_ip_cache -export [get_ips -all mb_block_1_hdmi_text_controller_0_0] }
INFO: [IP_Flow 19-6924] IPCACHE: Running cache check for IP inst: mb_block_1_hdmi_text_controller_0_0
export_ip_user_files -of_objects [get_files C:/Users/realk/Desktop/ece385/ECE385/lab7_2/lab7_2.srcs/sources_1/bd/mb_block_1/mb_block_1.bd] -no_script -sync -force -quiet
create_ip_run [get_files -of_objects [get_fileset sources_1] C:/Users/realk/Desktop/ece385/ECE385/lab7_2/lab7_2.srcs/sources_1/bd/mb_block_1/mb_block_1.bd]
launch_runs mb_block_1_hdmi_text_controller_0_0_synth_1 -jobs 16
INFO: [IP_Flow 19-6924] IPCACHE: Running cache check for IP inst: mb_block_1_hdmi_text_controller_0_0
[Thu Nov  7 05:09:14 2024] Launched mb_block_1_hdmi_text_controller_0_0_synth_1...
Run output will be captured here: C:/Users/realk/Desktop/ece385/ECE385/lab7_2/lab7_2.runs/mb_block_1_hdmi_text_controller_0_0_synth_1/runme.log
export_simulation -of_objects [get_files C:/Users/realk/Desktop/ece385/ECE385/lab7_2/lab7_2.srcs/sources_1/bd/mb_block_1/mb_block_1.bd] -directory C:/Users/realk/Desktop/ece385/ECE385/lab7_2/lab7_2.ip_user_files/sim_scripts -ip_user_files_dir C:/Users/realk/Desktop/ece385/ECE385/lab7_2/lab7_2.ip_user_files -ipstatic_source_dir C:/Users/realk/Desktop/ece385/ECE385/lab7_2/lab7_2.ip_user_files/ipstatic -lib_map_path [list {modelsim=C:/Users/realk/Desktop/ece385/ECE385/lab7_2/lab7_2.cache/compile_simlib/modelsim} {questa=C:/Users/realk/Desktop/ece385/ECE385/lab7_2/lab7_2.cache/compile_simlib/questa} {riviera=C:/Users/realk/Desktop/ece385/ECE385/lab7_2/lab7_2.cache/compile_simlib/riviera} {activehdl=C:/Users/realk/Desktop/ece385/ECE385/lab7_2/lab7_2.cache/compile_simlib/activehdl}] -use_ip_compiled_libs -force -quiet
reset_run synth_1
launch_runs impl_1 -to_step write_bitstream -jobs 16
INFO: [IP_Flow 19-6924] IPCACHE: Running cache check for IP inst: mb_block_1_hdmi_text_controller_0_0
[Thu Nov  7 05:09:42 2024] Launched mb_block_1_hdmi_text_controller_0_0_synth_1, synth_1...
Run output will be captured here:
mb_block_1_hdmi_text_controller_0_0_synth_1: C:/Users/realk/Desktop/ece385/ECE385/lab7_2/lab7_2.runs/mb_block_1_hdmi_text_controller_0_0_synth_1/runme.log
synth_1: C:/Users/realk/Desktop/ece385/ECE385/lab7_2/lab7_2.runs/synth_1/runme.log
[Thu Nov  7 05:09:42 2024] Launched impl_1...
Run output will be captured here: C:/Users/realk/Desktop/ece385/ECE385/lab7_2/lab7_2.runs/impl_1/runme.log
update_ip_catalog -rebuild -scan_changes
INFO: [IP_Flow 19-234] Refreshing IP repositories
INFO: [IP_Flow 19-1700] Loaded user IP repository 'c:/Users/realk/Desktop/ece385/ECE385/ip_repo'.
INFO: [IP_Flow 19-1700] Loaded user IP repository 'c:/Users/realk/Downloads/RD_hdmi_ip2020'.
report_ip_status -name ip_status
upgrade_ip -vlnv xilinx.com:user:hdmi_text_controller:1.0 [get_ips  mb_block_1_hdmi_text_controller_0_0] -log ip_upgrade.log
Upgrading 'C:/Users/realk/Desktop/ece385/ECE385/lab7_2/lab7_2.srcs/sources_1/bd/mb_block_1/mb_block_1.bd'
INFO: [IP_Flow 19-3422] Upgraded mb_block_1_hdmi_text_controller_0_0 (hdmi_text_controller_v1.0 1.0) from revision 23 to revision 24
Wrote  : <C:\Users\realk\Desktop\ece385\ECE385\lab7_2\lab7_2.srcs\sources_1\bd\mb_block_1\mb_block_1.bd> 
INFO: [Coretcl 2-1525] Wrote upgrade log to 'C:/Users/realk/Desktop/ece385/ECE385/lab7_2/ip_upgrade.log'.
export_ip_user_files -of_objects [get_ips mb_block_1_hdmi_text_controller_0_0] -no_script -sync -force -quiet
generate_target all [get_files  C:/Users/realk/Desktop/ece385/ECE385/lab7_2/lab7_2.srcs/sources_1/bd/mb_block_1/mb_block_1.bd]
CRITICAL WARNING: [BD 41-1732] Bus interface '/hdmi_text_controller_0/AXI' is found to be associated with multiple clock-pins. This may prevent design from functioning correctly. List of associated clock-pins:
/hdmi_text_controller_0/axi_aclk
/hdmi_text_controller_0/axi_aclk

.
WARNING: [filemgmt 56-443] The ECC Algorithm string is empty. Setting the Memory Map to default ECC value to ECC_NONE.
WARNING: [filemgmt 56-443] The ECC Algorithm string is empty. Setting the Memory Map to default ECC value to ECC_NONE.
INFO: [xilinx.com:ip:axi_intc:4.1-1] /microblaze_0_axi_intc: The AXI INTC core has been configured to operate with synchronous clocks.
INFO: [xilinx.com:ip:clk_wiz:6.0-1] /clk_wiz_1 clk_wiz propagate
Wrote  : <C:\Users\realk\Desktop\ece385\ECE385\lab7_2\lab7_2.srcs\sources_1\bd\mb_block_1\mb_block_1.bd> 
Verilog Output written to : C:/Users/realk/Desktop/ece385/ECE385/lab7_2/lab7_2.gen/sources_1/bd/mb_block_1/synth/mb_block_1.v
Verilog Output written to : C:/Users/realk/Desktop/ece385/ECE385/lab7_2/lab7_2.gen/sources_1/bd/mb_block_1/sim/mb_block_1.v
Verilog Output written to : C:/Users/realk/Desktop/ece385/ECE385/lab7_2/lab7_2.gen/sources_1/bd/mb_block_1/hdl/mb_block_1_wrapper.v
INFO: [BD 41-1029] Generation completed for the IP Integrator block hdmi_text_controller_0 .
Exporting to file C:/Users/realk/Desktop/ece385/ECE385/lab7_2/lab7_2.gen/sources_1/bd/mb_block_1/hw_handoff/mb_block_1.hwh
Generated Hardware Definition File C:/Users/realk/Desktop/ece385/ECE385/lab7_2/lab7_2.gen/sources_1/bd/mb_block_1/synth/mb_block_1.hwdef
generate_target: Time (s): cpu = 00:00:06 ; elapsed = 00:00:11 . Memory (MB): peak = 2737.500 ; gain = 0.000
catch { config_ip_cache -export [get_ips -all mb_block_1_hdmi_text_controller_0_0] }
INFO: [IP_Flow 19-6924] IPCACHE: Running cache check for IP inst: mb_block_1_hdmi_text_controller_0_0
export_ip_user_files -of_objects [get_files C:/Users/realk/Desktop/ece385/ECE385/lab7_2/lab7_2.srcs/sources_1/bd/mb_block_1/mb_block_1.bd] -no_script -sync -force -quiet
create_ip_run [get_files -of_objects [get_fileset sources_1] C:/Users/realk/Desktop/ece385/ECE385/lab7_2/lab7_2.srcs/sources_1/bd/mb_block_1/mb_block_1.bd]
launch_runs mb_block_1_hdmi_text_controller_0_0_synth_1 -jobs 16
INFO: [IP_Flow 19-6924] IPCACHE: Running cache check for IP inst: mb_block_1_hdmi_text_controller_0_0
[Thu Nov  7 05:13:55 2024] Launched mb_block_1_hdmi_text_controller_0_0_synth_1...
Run output will be captured here: C:/Users/realk/Desktop/ece385/ECE385/lab7_2/lab7_2.runs/mb_block_1_hdmi_text_controller_0_0_synth_1/runme.log
export_simulation -of_objects [get_files C:/Users/realk/Desktop/ece385/ECE385/lab7_2/lab7_2.srcs/sources_1/bd/mb_block_1/mb_block_1.bd] -directory C:/Users/realk/Desktop/ece385/ECE385/lab7_2/lab7_2.ip_user_files/sim_scripts -ip_user_files_dir C:/Users/realk/Desktop/ece385/ECE385/lab7_2/lab7_2.ip_user_files -ipstatic_source_dir C:/Users/realk/Desktop/ece385/ECE385/lab7_2/lab7_2.ip_user_files/ipstatic -lib_map_path [list {modelsim=C:/Users/realk/Desktop/ece385/ECE385/lab7_2/lab7_2.cache/compile_simlib/modelsim} {questa=C:/Users/realk/Desktop/ece385/ECE385/lab7_2/lab7_2.cache/compile_simlib/questa} {riviera=C:/Users/realk/Desktop/ece385/ECE385/lab7_2/lab7_2.cache/compile_simlib/riviera} {activehdl=C:/Users/realk/Desktop/ece385/ECE385/lab7_2/lab7_2.cache/compile_simlib/activehdl}] -use_ip_compiled_libs -force -quiet
reset_run synth_1
launch_runs impl_1 -to_step write_bitstream -jobs 16
INFO: [IP_Flow 19-6924] IPCACHE: Running cache check for IP inst: mb_block_1_hdmi_text_controller_0_0
[Thu Nov  7 05:14:15 2024] Launched mb_block_1_hdmi_text_controller_0_0_synth_1, synth_1...
Run output will be captured here:
mb_block_1_hdmi_text_controller_0_0_synth_1: C:/Users/realk/Desktop/ece385/ECE385/lab7_2/lab7_2.runs/mb_block_1_hdmi_text_controller_0_0_synth_1/runme.log
synth_1: C:/Users/realk/Desktop/ece385/ECE385/lab7_2/lab7_2.runs/synth_1/runme.log
[Thu Nov  7 05:14:16 2024] Launched impl_1...
Run output will be captured here: C:/Users/realk/Desktop/ece385/ECE385/lab7_2/lab7_2.runs/impl_1/runme.log
write_hw_platform -fixed -include_bit -force -file C:/Users/realk/Desktop/ece385/ECE385/lab7_2/mb_usb_hdmi_top.xsa
INFO: [Project 1-1918] Creating Hardware Platform: C:/Users/realk/Desktop/ece385/ECE385/lab7_2/mb_usb_hdmi_top.xsa ...
INFO: [Project 1-1943] The Hardware Platform can be used for Hardware
INFO: [Project 1-1941] Successfully created Hardware Platform: C:/Users/realk/Desktop/ece385/ECE385/lab7_2/mb_usb_hdmi_top.xsa
write_hw_platform -fixed -include_bit -force -file C:/Users/realk/Desktop/ece385/ECE385/lab7_2/mb_usb_hdmi_top.xsa
INFO: [Project 1-1918] Creating Hardware Platform: C:/Users/realk/Desktop/ece385/ECE385/lab7_2/mb_usb_hdmi_top.xsa ...
INFO: [Project 1-1943] The Hardware Platform can be used for Hardware
INFO: [Project 1-1941] Successfully created Hardware Platform: C:/Users/realk/Desktop/ece385/ECE385/lab7_2/mb_usb_hdmi_top.xsa
ipx::edit_ip_in_project -upgrade true -name hdmi_text_controller_v1_0_project -directory C:/Users/realk/Desktop/ece385/ECE385/lab7_2/lab7_2.tmp/hdmi_text_controller_v1_0_project c:/Users/realk/Desktop/ece385/ECE385/ip_repo/hdmi_text_controller_1_0/component.xml
INFO: [ProjectBase 1-489] The host OS only allows 260 characters in a normal path. The project is stored in a path with more than 80 characters. If you experience issues with IP, Block Designs, or files not being found, please consider moving the project to a location with a shorter path. Alternately consider using the OS subst command to map part of the path to a drive letter.
Current project path is 'c:/users/realk/desktop/ece385/ece385/lab7_2/lab7_2.tmp/hdmi_text_controller_v1_0_project'
INFO: [IP_Flow 19-234] Refreshing IP repositories
INFO: [IP_Flow 19-1704] No user IP repositories specified
INFO: [IP_Flow 19-2313] Loaded Vivado IP repository 'C:/Xilinx/Vivado/2022.2/data/ip'.
WARNING: [Board 49-26] cannot add Board Part xilinx.com:vek280_es:part0:1.0 available at C:/Xilinx/Vivado/2022.2/data/xhub/boards/XilinxBoardStore/boards/Xilinx/vek280/es/1.0/board.xml as part xcve2802-vsvh1760-2lp-e-s-es1 specified in board_part file is either invalid or not available
WARNING: [Board 49-26] cannot add Board Part xilinx.com:vhk158_es:part0:1.0 available at C:/Xilinx/Vivado/2022.2/data/xhub/boards/XilinxBoardStore/boards/Xilinx/vhk158/es/1.0/board.xml as part xcvh1582-vsva3697-2mp-e-s-es1 specified in board_part file is either invalid or not available
WARNING: [Board 49-26] cannot add Board Part xilinx.com:vpk120_es:part0:1.2 available at C:/Xilinx/Vivado/2022.2/data/xhub/boards/XilinxBoardStore/boards/Xilinx/vpk120/es/1.2/board.xml as part xcvp1202-vsva2785-2mp-e-s-es1 specified in board_part file is either invalid or not available
WARNING: [Board 49-26] cannot add Board Part xilinx.com:vpk120_es_revb:part0:1.0 available at C:/Xilinx/Vivado/2022.2/data/xhub/boards/XilinxBoardStore/boards/Xilinx/vpk120_revb/es/1.0/board.xml as part xcvp1202-vsva2785-2mp-e-s-es1 specified in board_part file is either invalid or not available
WARNING: [Board 49-26] cannot add Board Part xilinx.com:vpk180_es:part0:1.0 available at C:/Xilinx/Vivado/2022.2/data/xhub/boards/XilinxBoardStore/boards/Xilinx/vpk180/es/1.0/board.xml as part xcvp1802-lsvc4072-2mp-e-s-es1 specified in board_part file is either invalid or not available
WARNING: [Board 49-26] cannot add Board Part xilinx.com:zcu208ld:part0:2.0 available at C:/Xilinx/Vivado/2022.2/data/xhub/boards/XilinxBoardStore/boards/Xilinx/zcu208ld/production/2.0/board.xml as part xczu58dr-fsvg1517-2-i specified in board_part file is either invalid or not available
WARNING: [Board 49-26] cannot add Board Part xilinx.com:zcu216ld:part0:2.0 available at C:/Xilinx/Vivado/2022.2/data/xhub/boards/XilinxBoardStore/boards/Xilinx/zcu216ld/production/2.0/board.xml as part xczu59dr-ffvf1760-2-i specified in board_part file is either invalid or not available
WARNING: [Board 49-26] cannot add Board Part xilinx.com:zcu670:part0:2.0 available at C:/Xilinx/Vivado/2022.2/data/xhub/boards/XilinxBoardStore/boards/Xilinx/zcu670/2.0/board.xml as part xczu67dr-fsve1156-2-i specified in board_part file is either invalid or not available
WARNING: [Board 49-26] cannot add Board Part xilinx.com:zcu670ld:part0:1.0 available at C:/Xilinx/Vivado/2022.2/data/xhub/boards/XilinxBoardStore/boards/Xilinx/zcu670ld/1.0/board.xml as part xczu57dr-fsve1156-2-i specified in board_part file is either invalid or not available
create_project: Time (s): cpu = 00:00:03 ; elapsed = 00:00:06 . Memory (MB): peak = 2797.234 ; gain = 0.000
INFO: [IP_Flow 19-234] Refreshing IP repositories
INFO: [IP_Flow 19-1700] Loaded user IP repository 'c:/Users/realk/Desktop/ece385/ECE385/ip_repo'.
INFO: [IP_Flow 19-1700] Loaded user IP repository 'c:/Users/realk/Downloads/RD_hdmi_ip2020'.
INFO: [IP_Flow 19-795] Syncing license key meta-data
ipx::edit_ip_in_project: Time (s): cpu = 00:00:04 ; elapsed = 00:00:08 . Memory (MB): peak = 2797.234 ; gain = 0.000
update_compile_order -fileset sources_1
close_project
ipx::edit_ip_in_project -upgrade true -name hdmi_text_controller_v1_0_project -directory C:/Users/realk/Desktop/ece385/ECE385/lab7_2/lab7_2.tmp/hdmi_text_controller_v1_0_project c:/Users/realk/Desktop/ece385/ECE385/ip_repo/hdmi_text_controller_1_0/component.xml
INFO: [ProjectBase 1-489] The host OS only allows 260 characters in a normal path. The project is stored in a path with more than 80 characters. If you experience issues with IP, Block Designs, or files not being found, please consider moving the project to a location with a shorter path. Alternately consider using the OS subst command to map part of the path to a drive letter.
Current project path is 'c:/users/realk/desktop/ece385/ece385/lab7_2/lab7_2.tmp/hdmi_text_controller_v1_0_project'
INFO: [IP_Flow 19-234] Refreshing IP repositories
INFO: [IP_Flow 19-1704] No user IP repositories specified
INFO: [IP_Flow 19-2313] Loaded Vivado IP repository 'C:/Xilinx/Vivado/2022.2/data/ip'.
WARNING: [Board 49-26] cannot add Board Part xilinx.com:vek280_es:part0:1.0 available at C:/Xilinx/Vivado/2022.2/data/xhub/boards/XilinxBoardStore/boards/Xilinx/vek280/es/1.0/board.xml as part xcve2802-vsvh1760-2lp-e-s-es1 specified in board_part file is either invalid or not available
WARNING: [Board 49-26] cannot add Board Part xilinx.com:vhk158_es:part0:1.0 available at C:/Xilinx/Vivado/2022.2/data/xhub/boards/XilinxBoardStore/boards/Xilinx/vhk158/es/1.0/board.xml as part xcvh1582-vsva3697-2mp-e-s-es1 specified in board_part file is either invalid or not available
WARNING: [Board 49-26] cannot add Board Part xilinx.com:vpk120_es:part0:1.2 available at C:/Xilinx/Vivado/2022.2/data/xhub/boards/XilinxBoardStore/boards/Xilinx/vpk120/es/1.2/board.xml as part xcvp1202-vsva2785-2mp-e-s-es1 specified in board_part file is either invalid or not available
WARNING: [Board 49-26] cannot add Board Part xilinx.com:vpk120_es_revb:part0:1.0 available at C:/Xilinx/Vivado/2022.2/data/xhub/boards/XilinxBoardStore/boards/Xilinx/vpk120_revb/es/1.0/board.xml as part xcvp1202-vsva2785-2mp-e-s-es1 specified in board_part file is either invalid or not available
WARNING: [Board 49-26] cannot add Board Part xilinx.com:vpk180_es:part0:1.0 available at C:/Xilinx/Vivado/2022.2/data/xhub/boards/XilinxBoardStore/boards/Xilinx/vpk180/es/1.0/board.xml as part xcvp1802-lsvc4072-2mp-e-s-es1 specified in board_part file is either invalid or not available
WARNING: [Board 49-26] cannot add Board Part xilinx.com:zcu208ld:part0:2.0 available at C:/Xilinx/Vivado/2022.2/data/xhub/boards/XilinxBoardStore/boards/Xilinx/zcu208ld/production/2.0/board.xml as part xczu58dr-fsvg1517-2-i specified in board_part file is either invalid or not available
WARNING: [Board 49-26] cannot add Board Part xilinx.com:zcu216ld:part0:2.0 available at C:/Xilinx/Vivado/2022.2/data/xhub/boards/XilinxBoardStore/boards/Xilinx/zcu216ld/production/2.0/board.xml as part xczu59dr-ffvf1760-2-i specified in board_part file is either invalid or not available
WARNING: [Board 49-26] cannot add Board Part xilinx.com:zcu670:part0:2.0 available at C:/Xilinx/Vivado/2022.2/data/xhub/boards/XilinxBoardStore/boards/Xilinx/zcu670/2.0/board.xml as part xczu67dr-fsve1156-2-i specified in board_part file is either invalid or not available
WARNING: [Board 49-26] cannot add Board Part xilinx.com:zcu670ld:part0:1.0 available at C:/Xilinx/Vivado/2022.2/data/xhub/boards/XilinxBoardStore/boards/Xilinx/zcu670ld/1.0/board.xml as part xczu57dr-fsve1156-2-i specified in board_part file is either invalid or not available
INFO: [IP_Flow 19-234] Refreshing IP repositories
INFO: [IP_Flow 19-1700] Loaded user IP repository 'c:/Users/realk/Desktop/ece385/ECE385/ip_repo'.
INFO: [IP_Flow 19-1700] Loaded user IP repository 'c:/Users/realk/Downloads/RD_hdmi_ip2020'.
INFO: [IP_Flow 19-795] Syncing license key meta-data
ipx::edit_ip_in_project: Time (s): cpu = 00:00:10 ; elapsed = 00:00:12 . Memory (MB): peak = 2804.914 ; gain = 0.000
update_compile_order -fileset sources_1
generate_target Simulation [get_files c:/Users/realk/Desktop/ece385/ECE385/ip_repo/edit_hdmi_text_controller_v1_0.srcs/sources_1/ip/hdmi_tx_0/hdmi_tx_0.xci]
INFO: [IP_Flow 19-1686] Generating 'Simulation' target for IP 'vga_to_hdmi'...
export_ip_user_files -of_objects [get_files c:/Users/realk/Desktop/ece385/ECE385/ip_repo/edit_hdmi_text_controller_v1_0.srcs/sources_1/ip/hdmi_tx_0/hdmi_tx_0.xci] -no_script -sync -force -quiet
export_simulation -of_objects [get_files c:/Users/realk/Desktop/ece385/ECE385/ip_repo/edit_hdmi_text_controller_v1_0.srcs/sources_1/ip/hdmi_tx_0/hdmi_tx_0.xci] -directory c:/users/realk/desktop/ece385/ece385/lab7_2/lab7_2.tmp/hdmi_text_controller_v1_0_project/hdmi_text_controller_v1_0_project.ip_user_files/sim_scripts -ip_user_files_dir c:/users/realk/desktop/ece385/ece385/lab7_2/lab7_2.tmp/hdmi_text_controller_v1_0_project/hdmi_text_controller_v1_0_project.ip_user_files -ipstatic_source_dir c:/users/realk/desktop/ece385/ece385/lab7_2/lab7_2.tmp/hdmi_text_controller_v1_0_project/hdmi_text_controller_v1_0_project.ip_user_files/ipstatic -lib_map_path [list {modelsim=c:/users/realk/desktop/ece385/ece385/lab7_2/lab7_2.tmp/hdmi_text_controller_v1_0_project/hdmi_text_controller_v1_0_project.cache/compile_simlib/modelsim} {questa=c:/users/realk/desktop/ece385/ece385/lab7_2/lab7_2.tmp/hdmi_text_controller_v1_0_project/hdmi_text_controller_v1_0_project.cache/compile_simlib/questa} {riviera=c:/users/realk/desktop/ece385/ece385/lab7_2/lab7_2.tmp/hdmi_text_controller_v1_0_project/hdmi_text_controller_v1_0_project.cache/compile_simlib/riviera} {activehdl=c:/users/realk/desktop/ece385/ece385/lab7_2/lab7_2.tmp/hdmi_text_controller_v1_0_project/hdmi_text_controller_v1_0_project.cache/compile_simlib/activehdl}] -use_ip_compiled_libs -force -quiet
generate_target Simulation [get_files c:/Users/realk/Desktop/ece385/ECE385/ip_repo/edit_hdmi_text_controller_v1_0.srcs/sources_1/ip/clk_wiz_0/clk_wiz_0.xci]
INFO: [IP_Flow 19-1686] Generating 'Simulation' target for IP 'clk_wiz_0'...
export_ip_user_files -of_objects [get_files c:/Users/realk/Desktop/ece385/ECE385/ip_repo/edit_hdmi_text_controller_v1_0.srcs/sources_1/ip/clk_wiz_0/clk_wiz_0.xci] -no_script -sync -force -quiet
export_simulation -of_objects [get_files c:/Users/realk/Desktop/ece385/ECE385/ip_repo/edit_hdmi_text_controller_v1_0.srcs/sources_1/ip/clk_wiz_0/clk_wiz_0.xci] -directory c:/users/realk/desktop/ece385/ece385/lab7_2/lab7_2.tmp/hdmi_text_controller_v1_0_project/hdmi_text_controller_v1_0_project.ip_user_files/sim_scripts -ip_user_files_dir c:/users/realk/desktop/ece385/ece385/lab7_2/lab7_2.tmp/hdmi_text_controller_v1_0_project/hdmi_text_controller_v1_0_project.ip_user_files -ipstatic_source_dir c:/users/realk/desktop/ece385/ece385/lab7_2/lab7_2.tmp/hdmi_text_controller_v1_0_project/hdmi_text_controller_v1_0_project.ip_user_files/ipstatic -lib_map_path [list {modelsim=c:/users/realk/desktop/ece385/ece385/lab7_2/lab7_2.tmp/hdmi_text_controller_v1_0_project/hdmi_text_controller_v1_0_project.cache/compile_simlib/modelsim} {questa=c:/users/realk/desktop/ece385/ece385/lab7_2/lab7_2.tmp/hdmi_text_controller_v1_0_project/hdmi_text_controller_v1_0_project.cache/compile_simlib/questa} {riviera=c:/users/realk/desktop/ece385/ece385/lab7_2/lab7_2.tmp/hdmi_text_controller_v1_0_project/hdmi_text_controller_v1_0_project.cache/compile_simlib/riviera} {activehdl=c:/users/realk/desktop/ece385/ece385/lab7_2/lab7_2.tmp/hdmi_text_controller_v1_0_project/hdmi_text_controller_v1_0_project.cache/compile_simlib/activehdl}] -use_ip_compiled_libs -force -quiet
generate_target Simulation [get_files c:/Users/realk/Desktop/ece385/ECE385/ip_repo/edit_hdmi_text_controller_v1_0.srcs/sources_1/ip/blk_mem_gen_0/blk_mem_gen_0.xci]
INFO: [IP_Flow 19-1686] Generating 'Simulation' target for IP 'blk_mem_gen_0'...
export_ip_user_files -of_objects [get_files c:/Users/realk/Desktop/ece385/ECE385/ip_repo/edit_hdmi_text_controller_v1_0.srcs/sources_1/ip/blk_mem_gen_0/blk_mem_gen_0.xci] -no_script -sync -force -quiet
export_simulation -of_objects [get_files c:/Users/realk/Desktop/ece385/ECE385/ip_repo/edit_hdmi_text_controller_v1_0.srcs/sources_1/ip/blk_mem_gen_0/blk_mem_gen_0.xci] -directory c:/users/realk/desktop/ece385/ece385/lab7_2/lab7_2.tmp/hdmi_text_controller_v1_0_project/hdmi_text_controller_v1_0_project.ip_user_files/sim_scripts -ip_user_files_dir c:/users/realk/desktop/ece385/ece385/lab7_2/lab7_2.tmp/hdmi_text_controller_v1_0_project/hdmi_text_controller_v1_0_project.ip_user_files -ipstatic_source_dir c:/users/realk/desktop/ece385/ece385/lab7_2/lab7_2.tmp/hdmi_text_controller_v1_0_project/hdmi_text_controller_v1_0_project.ip_user_files/ipstatic -lib_map_path [list {modelsim=c:/users/realk/desktop/ece385/ece385/lab7_2/lab7_2.tmp/hdmi_text_controller_v1_0_project/hdmi_text_controller_v1_0_project.cache/compile_simlib/modelsim} {questa=c:/users/realk/desktop/ece385/ece385/lab7_2/lab7_2.tmp/hdmi_text_controller_v1_0_project/hdmi_text_controller_v1_0_project.cache/compile_simlib/questa} {riviera=c:/users/realk/desktop/ece385/ece385/lab7_2/lab7_2.tmp/hdmi_text_controller_v1_0_project/hdmi_text_controller_v1_0_project.cache/compile_simlib/riviera} {activehdl=c:/users/realk/desktop/ece385/ece385/lab7_2/lab7_2.tmp/hdmi_text_controller_v1_0_project/hdmi_text_controller_v1_0_project.cache/compile_simlib/activehdl}] -use_ip_compiled_libs -force -quiet
launch_simulation
Command: launch_simulation 
INFO: [Vivado 12-12493] Simulation top is 'hdmi_text_controller_tb'
WARNING: [Vivado 12-13340] Unable to auto find GCC executables from simulator install path! (path not set)
WARNING: [Vivado 12-13277] Compiled library path does not exist: ''
INFO: [Vivado 12-5698] Checking validity of IPs in the design for the 'XSim' simulator...
INFO: [Vivado 12-5682] Launching behavioral simulation in 'c:/users/realk/desktop/ece385/ece385/lab7_2/lab7_2.tmp/hdmi_text_controller_v1_0_project/hdmi_text_controller_v1_0_project.sim/sim_1/behav/xsim'
INFO: [Vivado 12-13660] Precompiled IP simulation library mode is enabled (default). The design IP libraries will be referenced from the compiled library path. Please note that if the precompiled version of the library is not found from the path or the IP is in locked state, then the library source files for these IPs will be compiled locally as part of the compile order.
INFO: [Vivado 12-4795] Using compiled simulation libraries for IPs
INFO: [SIM-utils-51] Simulation object is 'sim_1'
INFO: [SIM-utils-72] Using boost library from 'C:/Xilinx/Vivado/2022.2/tps/boost_1_72_0'
INFO: [USF-XSim-7] Finding pre-compiled libraries...
INFO: [USF-XSim-11] File 'C:/Xilinx/Vivado/2022.2/data/xsim/xsim.ini' copied to run dir:'c:/users/realk/desktop/ece385/ece385/lab7_2/lab7_2.tmp/hdmi_text_controller_v1_0_project/hdmi_text_controller_v1_0_project.sim/sim_1/behav/xsim'
INFO: [SIM-utils-54] Inspecting design source files for 'hdmi_text_controller_tb' in fileset 'sim_1'...
INFO: [USF-XSim-97] Finding global include files...
INFO: [USF-XSim-98] Fetching design files from 'sim_1'...
INFO: [USF-XSim-2] XSim::Compile design
INFO: [USF-XSim-61] Executing 'COMPILE and ANALYZE' step in 'c:/users/realk/desktop/ece385/ece385/lab7_2/lab7_2.tmp/hdmi_text_controller_v1_0_project/hdmi_text_controller_v1_0_project.sim/sim_1/behav/xsim'
"xvlog --incr --relax -L uvm -prj hdmi_text_controller_tb_vlog.prj"
ERROR: [XSIM 43-4307] Invalid entry in the project file, expecting a file name but specified path '../../../../hdmi_text_controller_v1_0_project.gen/sources_1/ip/clk_wiz_0' represents a directory name.
ERROR: [XSIM 43-3217] hdmi_text_controller_tb_vlog.prj (line 3): Incorrect project file syntax. Correct syntax is one of: vhdl <worklib> <file>, verilog <worklib> <file> [<file> ...] [[-d <macro>] ...] [[-i <include>] ...], or NOSORT. Presence of NOSORT on a line of its own disables file order sorting.
INFO: [USF-XSim-69] 'compile' step finished in '2' seconds
INFO: [USF-XSim-99] Step results log file:'C:/Users/realk/Desktop/ece385/ECE385/lab7_2/lab7_2.tmp/hdmi_text_controller_v1_0_project/hdmi_text_controller_v1_0_project.sim/sim_1/behav/xsim/xvlog.log'
ERROR: [USF-XSim-62] 'compile' step failed with error(s). Please check the Tcl console output or 'C:/Users/realk/Desktop/ece385/ECE385/lab7_2/lab7_2.tmp/hdmi_text_controller_v1_0_project/hdmi_text_controller_v1_0_project.sim/sim_1/behav/xsim/xvlog.log' file for more information.
ERROR: [Vivado 12-4473] Detected error while running simulation. Please correct the issue and retry this operation.
ERROR: [Common 17-39] 'launch_simulation' failed due to earlier errors.
launch_simulation
Command: launch_simulation 
INFO: [Vivado 12-12493] Simulation top is 'hdmi_text_controller_tb'
WARNING: [Vivado 12-13340] Unable to auto find GCC executables from simulator install path! (path not set)
WARNING: [Vivado 12-13277] Compiled library path does not exist: ''
INFO: [Vivado 12-5698] Checking validity of IPs in the design for the 'XSim' simulator...
INFO: [Vivado 12-5682] Launching behavioral simulation in 'c:/users/realk/desktop/ece385/ece385/lab7_2/lab7_2.tmp/hdmi_text_controller_v1_0_project/hdmi_text_controller_v1_0_project.sim/sim_1/behav/xsim'
INFO: [Vivado 12-13660] Precompiled IP simulation library mode is enabled (default). The design IP libraries will be referenced from the compiled library path. Please note that if the precompiled version of the library is not found from the path or the IP is in locked state, then the library source files for these IPs will be compiled locally as part of the compile order.
INFO: [Vivado 12-4795] Using compiled simulation libraries for IPs
INFO: [SIM-utils-51] Simulation object is 'sim_1'
INFO: [SIM-utils-72] Using boost library from 'C:/Xilinx/Vivado/2022.2/tps/boost_1_72_0'
INFO: [USF-XSim-7] Finding pre-compiled libraries...
INFO: [USF-XSim-11] File 'C:/Xilinx/Vivado/2022.2/data/xsim/xsim.ini' copied to run dir:'c:/users/realk/desktop/ece385/ece385/lab7_2/lab7_2.tmp/hdmi_text_controller_v1_0_project/hdmi_text_controller_v1_0_project.sim/sim_1/behav/xsim'
INFO: [SIM-utils-54] Inspecting design source files for 'hdmi_text_controller_tb' in fileset 'sim_1'...
INFO: [USF-XSim-97] Finding global include files...
INFO: [USF-XSim-98] Fetching design files from 'sim_1'...
INFO: [USF-XSim-2] XSim::Compile design
INFO: [USF-XSim-61] Executing 'COMPILE and ANALYZE' step in 'c:/users/realk/desktop/ece385/ece385/lab7_2/lab7_2.tmp/hdmi_text_controller_v1_0_project/hdmi_text_controller_v1_0_project.sim/sim_1/behav/xsim'
"xvlog --incr --relax -L uvm -prj hdmi_text_controller_tb_vlog.prj"
ERROR: [XSIM 43-4307] Invalid entry in the project file, expecting a file name but specified path '../../../../hdmi_text_controller_v1_0_project.gen/sources_1/ip/clk_wiz_0' represents a directory name.
ERROR: [XSIM 43-3217] hdmi_text_controller_tb_vlog.prj (line 3): Incorrect project file syntax. Correct syntax is one of: vhdl <worklib> <file>, verilog <worklib> <file> [<file> ...] [[-d <macro>] ...] [[-i <include>] ...], or NOSORT. Presence of NOSORT on a line of its own disables file order sorting.
INFO: [USF-XSim-69] 'compile' step finished in '1' seconds
INFO: [USF-XSim-99] Step results log file:'C:/Users/realk/Desktop/ece385/ECE385/lab7_2/lab7_2.tmp/hdmi_text_controller_v1_0_project/hdmi_text_controller_v1_0_project.sim/sim_1/behav/xsim/xvlog.log'
ERROR: [USF-XSim-62] 'compile' step failed with error(s). Please check the Tcl console output or 'C:/Users/realk/Desktop/ece385/ECE385/lab7_2/lab7_2.tmp/hdmi_text_controller_v1_0_project/hdmi_text_controller_v1_0_project.sim/sim_1/behav/xsim/xvlog.log' file for more information.
ERROR: [Vivado 12-4473] Detected error while running simulation. Please correct the issue and retry this operation.
ERROR: [Common 17-39] 'launch_simulation' failed due to earlier errors.
close_project
update_ip_catalog -rebuild -scan_changes
INFO: [IP_Flow 19-234] Refreshing IP repositories
INFO: [IP_Flow 19-1700] Loaded user IP repository 'c:/Users/realk/Desktop/ece385/ECE385/ip_repo'.
INFO: [IP_Flow 19-1700] Loaded user IP repository 'c:/Users/realk/Downloads/RD_hdmi_ip2020'.
report_ip_status -name ip_status
open_bd_design {C:/Users/realk/Desktop/ece385/ECE385/lab7_2/lab7_2.srcs/sources_1/bd/mb_block_1/mb_block_1.bd}
upgrade_ip -vlnv xilinx.com:user:hdmi_text_controller:1.0 [get_ips  mb_block_1_hdmi_text_controller_0_0] -log ip_upgrade.log
Upgrading 'C:/Users/realk/Desktop/ece385/ECE385/lab7_2/lab7_2.srcs/sources_1/bd/mb_block_1/mb_block_1.bd'
INFO: [IP_Flow 19-3422] Upgraded mb_block_1_hdmi_text_controller_0_0 (hdmi_text_controller_v1.0 1.0) from revision 24 to revision 25
Wrote  : <C:\Users\realk\Desktop\ece385\ECE385\lab7_2\lab7_2.srcs\sources_1\bd\mb_block_1\mb_block_1.bd> 
Wrote  : <C:/Users/realk/Desktop/ece385/ECE385/lab7_2/lab7_2.srcs/sources_1/bd/mb_block_1/ui/bd_75aa2a15.ui> 
INFO: [Coretcl 2-1525] Wrote upgrade log to 'C:/Users/realk/Desktop/ece385/ECE385/lab7_2/ip_upgrade.log'.
export_ip_user_files -of_objects [get_ips mb_block_1_hdmi_text_controller_0_0] -no_script -sync -force -quiet
generate_target all [get_files  C:/Users/realk/Desktop/ece385/ECE385/lab7_2/lab7_2.srcs/sources_1/bd/mb_block_1/mb_block_1.bd]
CRITICAL WARNING: [BD 41-1732] Bus interface '/hdmi_text_controller_0/AXI' is found to be associated with multiple clock-pins. This may prevent design from functioning correctly. List of associated clock-pins:
/hdmi_text_controller_0/axi_aclk
/hdmi_text_controller_0/axi_aclk

.
WARNING: [filemgmt 56-443] The ECC Algorithm string is empty. Setting the Memory Map to default ECC value to ECC_NONE.
WARNING: [filemgmt 56-443] The ECC Algorithm string is empty. Setting the Memory Map to default ECC value to ECC_NONE.
INFO: [xilinx.com:ip:axi_intc:4.1-1] /microblaze_0_axi_intc: The AXI INTC core has been configured to operate with synchronous clocks.
INFO: [xilinx.com:ip:clk_wiz:6.0-1] /clk_wiz_1 clk_wiz propagate
Wrote  : <C:\Users\realk\Desktop\ece385\ECE385\lab7_2\lab7_2.srcs\sources_1\bd\mb_block_1\mb_block_1.bd> 
Verilog Output written to : C:/Users/realk/Desktop/ece385/ECE385/lab7_2/lab7_2.gen/sources_1/bd/mb_block_1/synth/mb_block_1.v
Verilog Output written to : C:/Users/realk/Desktop/ece385/ECE385/lab7_2/lab7_2.gen/sources_1/bd/mb_block_1/sim/mb_block_1.v
Verilog Output written to : C:/Users/realk/Desktop/ece385/ECE385/lab7_2/lab7_2.gen/sources_1/bd/mb_block_1/hdl/mb_block_1_wrapper.v
INFO: [BD 41-1029] Generation completed for the IP Integrator block hdmi_text_controller_0 .
Exporting to file C:/Users/realk/Desktop/ece385/ECE385/lab7_2/lab7_2.gen/sources_1/bd/mb_block_1/hw_handoff/mb_block_1.hwh
Generated Hardware Definition File C:/Users/realk/Desktop/ece385/ECE385/lab7_2/lab7_2.gen/sources_1/bd/mb_block_1/synth/mb_block_1.hwdef
generate_target: Time (s): cpu = 00:00:08 ; elapsed = 00:00:14 . Memory (MB): peak = 2807.570 ; gain = 0.000
catch { config_ip_cache -export [get_ips -all mb_block_1_hdmi_text_controller_0_0] }
INFO: [IP_Flow 19-6924] IPCACHE: Running cache check for IP inst: mb_block_1_hdmi_text_controller_0_0
export_ip_user_files -of_objects [get_files C:/Users/realk/Desktop/ece385/ECE385/lab7_2/lab7_2.srcs/sources_1/bd/mb_block_1/mb_block_1.bd] -no_script -sync -force -quiet
create_ip_run [get_files -of_objects [get_fileset sources_1] C:/Users/realk/Desktop/ece385/ECE385/lab7_2/lab7_2.srcs/sources_1/bd/mb_block_1/mb_block_1.bd]
launch_runs mb_block_1_hdmi_text_controller_0_0_synth_1 -jobs 16
INFO: [IP_Flow 19-6924] IPCACHE: Running cache check for IP inst: mb_block_1_hdmi_text_controller_0_0
[Thu Nov  7 19:33:22 2024] Launched mb_block_1_hdmi_text_controller_0_0_synth_1...
Run output will be captured here: C:/Users/realk/Desktop/ece385/ECE385/lab7_2/lab7_2.runs/mb_block_1_hdmi_text_controller_0_0_synth_1/runme.log
export_simulation -of_objects [get_files C:/Users/realk/Desktop/ece385/ECE385/lab7_2/lab7_2.srcs/sources_1/bd/mb_block_1/mb_block_1.bd] -directory C:/Users/realk/Desktop/ece385/ECE385/lab7_2/lab7_2.ip_user_files/sim_scripts -ip_user_files_dir C:/Users/realk/Desktop/ece385/ECE385/lab7_2/lab7_2.ip_user_files -ipstatic_source_dir C:/Users/realk/Desktop/ece385/ECE385/lab7_2/lab7_2.ip_user_files/ipstatic -lib_map_path [list {modelsim=C:/Users/realk/Desktop/ece385/ECE385/lab7_2/lab7_2.cache/compile_simlib/modelsim} {questa=C:/Users/realk/Desktop/ece385/ECE385/lab7_2/lab7_2.cache/compile_simlib/questa} {riviera=C:/Users/realk/Desktop/ece385/ECE385/lab7_2/lab7_2.cache/compile_simlib/riviera} {activehdl=C:/Users/realk/Desktop/ece385/ECE385/lab7_2/lab7_2.cache/compile_simlib/activehdl}] -use_ip_compiled_libs -force -quiet
report_ip_status -name ip_status 
reset_run synth_1
INFO: [Project 1-1161] Replacing file C:/Users/realk/Desktop/ece385/ECE385/lab7_2/lab7_2.srcs/utils_1/imports/synth_1/mb_usb_hdmi_top.dcp with file C:/Users/realk/Desktop/ece385/ECE385/lab7_2/lab7_2.runs/synth_1/mb_usb_hdmi_top.dcp
WARNING: [Vivado 12-1017] Problems encountered:
1. Failed to delete one or more files in run directory C:/Users/realk/Desktop/ece385/ECE385/lab7_2/lab7_2.runs/synth_1

launch_runs impl_1 -to_step write_bitstream -jobs 16
INFO: [IP_Flow 19-6924] IPCACHE: Running cache check for IP inst: mb_block_1_hdmi_text_controller_0_0
[Thu Nov  7 19:33:42 2024] Launched mb_block_1_hdmi_text_controller_0_0_synth_1, synth_1...
Run output will be captured here:
mb_block_1_hdmi_text_controller_0_0_synth_1: C:/Users/realk/Desktop/ece385/ECE385/lab7_2/lab7_2.runs/mb_block_1_hdmi_text_controller_0_0_synth_1/runme.log
synth_1: C:/Users/realk/Desktop/ece385/ECE385/lab7_2/lab7_2.runs/synth_1/runme.log
[Thu Nov  7 19:33:42 2024] Launched impl_1...
Run output will be captured here: C:/Users/realk/Desktop/ece385/ECE385/lab7_2/lab7_2.runs/impl_1/runme.log
write_hw_platform -fixed -include_bit -force -file C:/Users/realk/Desktop/ece385/ECE385/lab7_2/mb_usb_hdmi_top.xsa
INFO: [Project 1-1918] Creating Hardware Platform: C:/Users/realk/Desktop/ece385/ECE385/lab7_2/mb_usb_hdmi_top.xsa ...
INFO: [Project 1-1943] The Hardware Platform can be used for Hardware
INFO: [Project 1-1941] Successfully created Hardware Platform: C:/Users/realk/Desktop/ece385/ECE385/lab7_2/mb_usb_hdmi_top.xsa
update_ip_catalog -rebuild -scan_changes
INFO: [IP_Flow 19-234] Refreshing IP repositories
INFO: [IP_Flow 19-1700] Loaded user IP repository 'c:/Users/realk/Desktop/ece385/ECE385/ip_repo'.
INFO: [IP_Flow 19-1700] Loaded user IP repository 'c:/Users/realk/Downloads/RD_hdmi_ip2020'.
report_ip_status -name ip_status
upgrade_ip -vlnv xilinx.com:user:hdmi_text_controller:1.0 [get_ips  mb_block_1_hdmi_text_controller_0_0] -log ip_upgrade.log
Upgrading 'C:/Users/realk/Desktop/ece385/ECE385/lab7_2/lab7_2.srcs/sources_1/bd/mb_block_1/mb_block_1.bd'
INFO: [IP_Flow 19-3422] Upgraded mb_block_1_hdmi_text_controller_0_0 (hdmi_text_controller_v1.0 1.0) from revision 25 to revision 26
Wrote  : <C:\Users\realk\Desktop\ece385\ECE385\lab7_2\lab7_2.srcs\sources_1\bd\mb_block_1\mb_block_1.bd> 
INFO: [Coretcl 2-1525] Wrote upgrade log to 'C:/Users/realk/Desktop/ece385/ECE385/lab7_2/ip_upgrade.log'.
export_ip_user_files -of_objects [get_ips mb_block_1_hdmi_text_controller_0_0] -no_script -sync -force -quiet
generate_target all [get_files  C:/Users/realk/Desktop/ece385/ECE385/lab7_2/lab7_2.srcs/sources_1/bd/mb_block_1/mb_block_1.bd]
CRITICAL WARNING: [BD 41-1732] Bus interface '/hdmi_text_controller_0/AXI' is found to be associated with multiple clock-pins. This may prevent design from functioning correctly. List of associated clock-pins:
/hdmi_text_controller_0/axi_aclk
/hdmi_text_controller_0/axi_aclk

.
WARNING: [filemgmt 56-443] The ECC Algorithm string is empty. Setting the Memory Map to default ECC value to ECC_NONE.
WARNING: [filemgmt 56-443] The ECC Algorithm string is empty. Setting the Memory Map to default ECC value to ECC_NONE.
INFO: [xilinx.com:ip:axi_intc:4.1-1] /microblaze_0_axi_intc: The AXI INTC core has been configured to operate with synchronous clocks.
INFO: [xilinx.com:ip:clk_wiz:6.0-1] /clk_wiz_1 clk_wiz propagate
Wrote  : <C:\Users\realk\Desktop\ece385\ECE385\lab7_2\lab7_2.srcs\sources_1\bd\mb_block_1\mb_block_1.bd> 
Verilog Output written to : C:/Users/realk/Desktop/ece385/ECE385/lab7_2/lab7_2.gen/sources_1/bd/mb_block_1/synth/mb_block_1.v
Verilog Output written to : C:/Users/realk/Desktop/ece385/ECE385/lab7_2/lab7_2.gen/sources_1/bd/mb_block_1/sim/mb_block_1.v
Verilog Output written to : C:/Users/realk/Desktop/ece385/ECE385/lab7_2/lab7_2.gen/sources_1/bd/mb_block_1/hdl/mb_block_1_wrapper.v
INFO: [BD 41-1029] Generation completed for the IP Integrator block hdmi_text_controller_0 .
Exporting to file C:/Users/realk/Desktop/ece385/ECE385/lab7_2/lab7_2.gen/sources_1/bd/mb_block_1/hw_handoff/mb_block_1.hwh
Generated Hardware Definition File C:/Users/realk/Desktop/ece385/ECE385/lab7_2/lab7_2.gen/sources_1/bd/mb_block_1/synth/mb_block_1.hwdef
generate_target: Time (s): cpu = 00:00:08 ; elapsed = 00:00:15 . Memory (MB): peak = 2849.289 ; gain = 0.000
catch { config_ip_cache -export [get_ips -all mb_block_1_hdmi_text_controller_0_0] }
INFO: [IP_Flow 19-6924] IPCACHE: Running cache check for IP inst: mb_block_1_hdmi_text_controller_0_0
export_ip_user_files -of_objects [get_files C:/Users/realk/Desktop/ece385/ECE385/lab7_2/lab7_2.srcs/sources_1/bd/mb_block_1/mb_block_1.bd] -no_script -sync -force -quiet
create_ip_run [get_files -of_objects [get_fileset sources_1] C:/Users/realk/Desktop/ece385/ECE385/lab7_2/lab7_2.srcs/sources_1/bd/mb_block_1/mb_block_1.bd]
launch_runs mb_block_1_hdmi_text_controller_0_0_synth_1 -jobs 16
INFO: [IP_Flow 19-6924] IPCACHE: Running cache check for IP inst: mb_block_1_hdmi_text_controller_0_0
[Thu Nov  7 21:10:44 2024] Launched mb_block_1_hdmi_text_controller_0_0_synth_1...
Run output will be captured here: C:/Users/realk/Desktop/ece385/ECE385/lab7_2/lab7_2.runs/mb_block_1_hdmi_text_controller_0_0_synth_1/runme.log
export_simulation -of_objects [get_files C:/Users/realk/Desktop/ece385/ECE385/lab7_2/lab7_2.srcs/sources_1/bd/mb_block_1/mb_block_1.bd] -directory C:/Users/realk/Desktop/ece385/ECE385/lab7_2/lab7_2.ip_user_files/sim_scripts -ip_user_files_dir C:/Users/realk/Desktop/ece385/ECE385/lab7_2/lab7_2.ip_user_files -ipstatic_source_dir C:/Users/realk/Desktop/ece385/ECE385/lab7_2/lab7_2.ip_user_files/ipstatic -lib_map_path [list {modelsim=C:/Users/realk/Desktop/ece385/ECE385/lab7_2/lab7_2.cache/compile_simlib/modelsim} {questa=C:/Users/realk/Desktop/ece385/ECE385/lab7_2/lab7_2.cache/compile_simlib/questa} {riviera=C:/Users/realk/Desktop/ece385/ECE385/lab7_2/lab7_2.cache/compile_simlib/riviera} {activehdl=C:/Users/realk/Desktop/ece385/ECE385/lab7_2/lab7_2.cache/compile_simlib/activehdl}] -use_ip_compiled_libs -force -quiet
reset_run synth_1
INFO: [Project 1-1161] Replacing file C:/Users/realk/Desktop/ece385/ECE385/lab7_2/lab7_2.srcs/utils_1/imports/synth_1/mb_usb_hdmi_top.dcp with file C:/Users/realk/Desktop/ece385/ECE385/lab7_2/lab7_2.runs/synth_1/mb_usb_hdmi_top.dcp
WARNING: [Vivado 12-1017] Problems encountered:
1. Failed to delete one or more files in run directory C:/Users/realk/Desktop/ece385/ECE385/lab7_2/lab7_2.runs/synth_1

launch_runs impl_1 -to_step write_bitstream -jobs 16
INFO: [IP_Flow 19-6924] IPCACHE: Running cache check for IP inst: mb_block_1_hdmi_text_controller_0_0
[Thu Nov  7 21:11:03 2024] Launched mb_block_1_hdmi_text_controller_0_0_synth_1, synth_1...
Run output will be captured here:
mb_block_1_hdmi_text_controller_0_0_synth_1: C:/Users/realk/Desktop/ece385/ECE385/lab7_2/lab7_2.runs/mb_block_1_hdmi_text_controller_0_0_synth_1/runme.log
synth_1: C:/Users/realk/Desktop/ece385/ECE385/lab7_2/lab7_2.runs/synth_1/runme.log
[Thu Nov  7 21:11:03 2024] Launched impl_1...
Run output will be captured here: C:/Users/realk/Desktop/ece385/ECE385/lab7_2/lab7_2.runs/impl_1/runme.log
write_hw_platform -fixed -include_bit -force -file C:/Users/realk/Desktop/ece385/ECE385/lab7_2/mb_usb_hdmi_top.xsa
INFO: [Project 1-1918] Creating Hardware Platform: C:/Users/realk/Desktop/ece385/ECE385/lab7_2/mb_usb_hdmi_top.xsa ...
INFO: [Project 1-1943] The Hardware Platform can be used for Hardware
INFO: [Project 1-1941] Successfully created Hardware Platform: C:/Users/realk/Desktop/ece385/ECE385/lab7_2/mb_usb_hdmi_top.xsa
update_ip_catalog -rebuild -scan_changes
INFO: [IP_Flow 19-234] Refreshing IP repositories
INFO: [IP_Flow 19-1700] Loaded user IP repository 'c:/Users/realk/Desktop/ece385/ECE385/ip_repo'.
INFO: [IP_Flow 19-1700] Loaded user IP repository 'c:/Users/realk/Downloads/RD_hdmi_ip2020'.
report_ip_status -name ip_status
upgrade_ip -vlnv xilinx.com:user:hdmi_text_controller:1.0 [get_ips  mb_block_1_hdmi_text_controller_0_0] -log ip_upgrade.log
Upgrading 'C:/Users/realk/Desktop/ece385/ECE385/lab7_2/lab7_2.srcs/sources_1/bd/mb_block_1/mb_block_1.bd'
INFO: [IP_Flow 19-3420] Updated mb_block_1_hdmi_text_controller_0_0 to use current project options
Wrote  : <C:\Users\realk\Desktop\ece385\ECE385\lab7_2\lab7_2.srcs\sources_1\bd\mb_block_1\mb_block_1.bd> 
INFO: [Coretcl 2-1525] Wrote upgrade log to 'C:/Users/realk/Desktop/ece385/ECE385/lab7_2/ip_upgrade.log'.
export_ip_user_files -of_objects [get_ips mb_block_1_hdmi_text_controller_0_0] -no_script -sync -force -quiet
generate_target all [get_files  C:/Users/realk/Desktop/ece385/ECE385/lab7_2/lab7_2.srcs/sources_1/bd/mb_block_1/mb_block_1.bd]
CRITICAL WARNING: [BD 41-1732] Bus interface '/hdmi_text_controller_0/AXI' is found to be associated with multiple clock-pins. This may prevent design from functioning correctly. List of associated clock-pins:
/hdmi_text_controller_0/axi_aclk
/hdmi_text_controller_0/axi_aclk

.
WARNING: [filemgmt 56-443] The ECC Algorithm string is empty. Setting the Memory Map to default ECC value to ECC_NONE.
WARNING: [filemgmt 56-443] The ECC Algorithm string is empty. Setting the Memory Map to default ECC value to ECC_NONE.
INFO: [xilinx.com:ip:axi_intc:4.1-1] /microblaze_0_axi_intc: The AXI INTC core has been configured to operate with synchronous clocks.
INFO: [xilinx.com:ip:clk_wiz:6.0-1] /clk_wiz_1 clk_wiz propagate
Wrote  : <C:\Users\realk\Desktop\ece385\ECE385\lab7_2\lab7_2.srcs\sources_1\bd\mb_block_1\mb_block_1.bd> 
Verilog Output written to : C:/Users/realk/Desktop/ece385/ECE385/lab7_2/lab7_2.gen/sources_1/bd/mb_block_1/synth/mb_block_1.v
Verilog Output written to : C:/Users/realk/Desktop/ece385/ECE385/lab7_2/lab7_2.gen/sources_1/bd/mb_block_1/sim/mb_block_1.v
Verilog Output written to : C:/Users/realk/Desktop/ece385/ECE385/lab7_2/lab7_2.gen/sources_1/bd/mb_block_1/hdl/mb_block_1_wrapper.v
INFO: [BD 41-1029] Generation completed for the IP Integrator block hdmi_text_controller_0 .
Exporting to file C:/Users/realk/Desktop/ece385/ECE385/lab7_2/lab7_2.gen/sources_1/bd/mb_block_1/hw_handoff/mb_block_1.hwh
Generated Hardware Definition File C:/Users/realk/Desktop/ece385/ECE385/lab7_2/lab7_2.gen/sources_1/bd/mb_block_1/synth/mb_block_1.hwdef
generate_target: Time (s): cpu = 00:00:04 ; elapsed = 00:00:11 . Memory (MB): peak = 2866.785 ; gain = 13.586
catch { config_ip_cache -export [get_ips -all mb_block_1_hdmi_text_controller_0_0] }
INFO: [IP_Flow 19-6924] IPCACHE: Running cache check for IP inst: mb_block_1_hdmi_text_controller_0_0
export_ip_user_files -of_objects [get_files C:/Users/realk/Desktop/ece385/ECE385/lab7_2/lab7_2.srcs/sources_1/bd/mb_block_1/mb_block_1.bd] -no_script -sync -force -quiet
create_ip_run [get_files -of_objects [get_fileset sources_1] C:/Users/realk/Desktop/ece385/ECE385/lab7_2/lab7_2.srcs/sources_1/bd/mb_block_1/mb_block_1.bd]
launch_runs mb_block_1_hdmi_text_controller_0_0_synth_1 -jobs 16
INFO: [IP_Flow 19-6924] IPCACHE: Running cache check for IP inst: mb_block_1_hdmi_text_controller_0_0
[Thu Nov  7 21:37:32 2024] Launched mb_block_1_hdmi_text_controller_0_0_synth_1...
Run output will be captured here: C:/Users/realk/Desktop/ece385/ECE385/lab7_2/lab7_2.runs/mb_block_1_hdmi_text_controller_0_0_synth_1/runme.log
export_simulation -of_objects [get_files C:/Users/realk/Desktop/ece385/ECE385/lab7_2/lab7_2.srcs/sources_1/bd/mb_block_1/mb_block_1.bd] -directory C:/Users/realk/Desktop/ece385/ECE385/lab7_2/lab7_2.ip_user_files/sim_scripts -ip_user_files_dir C:/Users/realk/Desktop/ece385/ECE385/lab7_2/lab7_2.ip_user_files -ipstatic_source_dir C:/Users/realk/Desktop/ece385/ECE385/lab7_2/lab7_2.ip_user_files/ipstatic -lib_map_path [list {modelsim=C:/Users/realk/Desktop/ece385/ECE385/lab7_2/lab7_2.cache/compile_simlib/modelsim} {questa=C:/Users/realk/Desktop/ece385/ECE385/lab7_2/lab7_2.cache/compile_simlib/questa} {riviera=C:/Users/realk/Desktop/ece385/ECE385/lab7_2/lab7_2.cache/compile_simlib/riviera} {activehdl=C:/Users/realk/Desktop/ece385/ECE385/lab7_2/lab7_2.cache/compile_simlib/activehdl}] -use_ip_compiled_libs -force -quiet
reset_run mb_block_1_hdmi_text_controller_0_0_synth_1
WARNING: [Vivado 12-1017] Problems encountered:
1. Failed to delete one or more files in run directory C:/Users/realk/Desktop/ece385/ECE385/lab7_2/lab7_2.runs/mb_block_1_hdmi_text_controller_0_0_synth_1

update_ip_catalog -rebuild -scan_changes
INFO: [IP_Flow 19-234] Refreshing IP repositories
INFO: [IP_Flow 19-1700] Loaded user IP repository 'c:/Users/realk/Desktop/ece385/ECE385/ip_repo'.
INFO: [IP_Flow 19-1700] Loaded user IP repository 'c:/Users/realk/Downloads/RD_hdmi_ip2020'.
report_ip_status -name ip_status
upgrade_ip -vlnv xilinx.com:user:hdmi_text_controller:1.0 [get_ips  mb_block_1_hdmi_text_controller_0_0] -log ip_upgrade.log
Upgrading 'C:/Users/realk/Desktop/ece385/ECE385/lab7_2/lab7_2.srcs/sources_1/bd/mb_block_1/mb_block_1.bd'
INFO: [IP_Flow 19-3422] Upgraded mb_block_1_hdmi_text_controller_0_0 (hdmi_text_controller_v1.0 1.0) from revision 26 to revision 27
Wrote  : <C:\Users\realk\Desktop\ece385\ECE385\lab7_2\lab7_2.srcs\sources_1\bd\mb_block_1\mb_block_1.bd> 
INFO: [Coretcl 2-1525] Wrote upgrade log to 'C:/Users/realk/Desktop/ece385/ECE385/lab7_2/ip_upgrade.log'.
export_ip_user_files -of_objects [get_ips mb_block_1_hdmi_text_controller_0_0] -no_script -sync -force -quiet
generate_target all [get_files  C:/Users/realk/Desktop/ece385/ECE385/lab7_2/lab7_2.srcs/sources_1/bd/mb_block_1/mb_block_1.bd]
CRITICAL WARNING: [BD 41-1732] Bus interface '/hdmi_text_controller_0/AXI' is found to be associated with multiple clock-pins. This may prevent design from functioning correctly. List of associated clock-pins:
/hdmi_text_controller_0/axi_aclk
/hdmi_text_controller_0/axi_aclk

.
WARNING: [filemgmt 56-443] The ECC Algorithm string is empty. Setting the Memory Map to default ECC value to ECC_NONE.
WARNING: [filemgmt 56-443] The ECC Algorithm string is empty. Setting the Memory Map to default ECC value to ECC_NONE.
INFO: [xilinx.com:ip:axi_intc:4.1-1] /microblaze_0_axi_intc: The AXI INTC core has been configured to operate with synchronous clocks.
INFO: [xilinx.com:ip:clk_wiz:6.0-1] /clk_wiz_1 clk_wiz propagate
Wrote  : <C:\Users\realk\Desktop\ece385\ECE385\lab7_2\lab7_2.srcs\sources_1\bd\mb_block_1\mb_block_1.bd> 
Verilog Output written to : C:/Users/realk/Desktop/ece385/ECE385/lab7_2/lab7_2.gen/sources_1/bd/mb_block_1/synth/mb_block_1.v
Verilog Output written to : C:/Users/realk/Desktop/ece385/ECE385/lab7_2/lab7_2.gen/sources_1/bd/mb_block_1/sim/mb_block_1.v
Verilog Output written to : C:/Users/realk/Desktop/ece385/ECE385/lab7_2/lab7_2.gen/sources_1/bd/mb_block_1/hdl/mb_block_1_wrapper.v
INFO: [BD 41-1029] Generation completed for the IP Integrator block hdmi_text_controller_0 .
Exporting to file C:/Users/realk/Desktop/ece385/ECE385/lab7_2/lab7_2.gen/sources_1/bd/mb_block_1/hw_handoff/mb_block_1.hwh
Generated Hardware Definition File C:/Users/realk/Desktop/ece385/ECE385/lab7_2/lab7_2.gen/sources_1/bd/mb_block_1/synth/mb_block_1.hwdef
generate_target: Time (s): cpu = 00:00:06 ; elapsed = 00:00:12 . Memory (MB): peak = 2869.531 ; gain = 0.000
catch { config_ip_cache -export [get_ips -all mb_block_1_hdmi_text_controller_0_0] }
INFO: [IP_Flow 19-6924] IPCACHE: Running cache check for IP inst: mb_block_1_hdmi_text_controller_0_0
export_ip_user_files -of_objects [get_files C:/Users/realk/Desktop/ece385/ECE385/lab7_2/lab7_2.srcs/sources_1/bd/mb_block_1/mb_block_1.bd] -no_script -sync -force -quiet
create_ip_run [get_files -of_objects [get_fileset sources_1] C:/Users/realk/Desktop/ece385/ECE385/lab7_2/lab7_2.srcs/sources_1/bd/mb_block_1/mb_block_1.bd]
launch_runs mb_block_1_hdmi_text_controller_0_0_synth_1 -jobs 16
INFO: [IP_Flow 19-6924] IPCACHE: Running cache check for IP inst: mb_block_1_hdmi_text_controller_0_0
[Thu Nov  7 21:38:35 2024] Launched mb_block_1_hdmi_text_controller_0_0_synth_1...
Run output will be captured here: C:/Users/realk/Desktop/ece385/ECE385/lab7_2/lab7_2.runs/mb_block_1_hdmi_text_controller_0_0_synth_1/runme.log
export_simulation -of_objects [get_files C:/Users/realk/Desktop/ece385/ECE385/lab7_2/lab7_2.srcs/sources_1/bd/mb_block_1/mb_block_1.bd] -directory C:/Users/realk/Desktop/ece385/ECE385/lab7_2/lab7_2.ip_user_files/sim_scripts -ip_user_files_dir C:/Users/realk/Desktop/ece385/ECE385/lab7_2/lab7_2.ip_user_files -ipstatic_source_dir C:/Users/realk/Desktop/ece385/ECE385/lab7_2/lab7_2.ip_user_files/ipstatic -lib_map_path [list {modelsim=C:/Users/realk/Desktop/ece385/ECE385/lab7_2/lab7_2.cache/compile_simlib/modelsim} {questa=C:/Users/realk/Desktop/ece385/ECE385/lab7_2/lab7_2.cache/compile_simlib/questa} {riviera=C:/Users/realk/Desktop/ece385/ECE385/lab7_2/lab7_2.cache/compile_simlib/riviera} {activehdl=C:/Users/realk/Desktop/ece385/ECE385/lab7_2/lab7_2.cache/compile_simlib/activehdl}] -use_ip_compiled_libs -force -quiet
reset_run synth_1
INFO: [Project 1-1161] Replacing file C:/Users/realk/Desktop/ece385/ECE385/lab7_2/lab7_2.srcs/utils_1/imports/synth_1/mb_usb_hdmi_top.dcp with file C:/Users/realk/Desktop/ece385/ECE385/lab7_2/lab7_2.runs/synth_1/mb_usb_hdmi_top.dcp
WARNING: [Vivado 12-1017] Problems encountered:
1. Failed to delete one or more files in run directory C:/Users/realk/Desktop/ece385/ECE385/lab7_2/lab7_2.runs/synth_1

launch_runs impl_1 -to_step write_bitstream -jobs 16
INFO: [IP_Flow 19-6924] IPCACHE: Running cache check for IP inst: mb_block_1_hdmi_text_controller_0_0
[Thu Nov  7 21:38:50 2024] Launched mb_block_1_hdmi_text_controller_0_0_synth_1, synth_1...
Run output will be captured here:
mb_block_1_hdmi_text_controller_0_0_synth_1: C:/Users/realk/Desktop/ece385/ECE385/lab7_2/lab7_2.runs/mb_block_1_hdmi_text_controller_0_0_synth_1/runme.log
synth_1: C:/Users/realk/Desktop/ece385/ECE385/lab7_2/lab7_2.runs/synth_1/runme.log
[Thu Nov  7 21:38:50 2024] Launched impl_1...
Run output will be captured here: C:/Users/realk/Desktop/ece385/ECE385/lab7_2/lab7_2.runs/impl_1/runme.log
report_ip_status -name ip_status 
write_hw_platform -fixed -include_bit -force -file C:/Users/realk/Desktop/ece385/ECE385/lab7_2/mb_usb_hdmi_top.xsa
INFO: [Project 1-1918] Creating Hardware Platform: C:/Users/realk/Desktop/ece385/ECE385/lab7_2/mb_usb_hdmi_top.xsa ...
INFO: [Project 1-1943] The Hardware Platform can be used for Hardware
INFO: [Project 1-1941] Successfully created Hardware Platform: C:/Users/realk/Desktop/ece385/ECE385/lab7_2/mb_usb_hdmi_top.xsa
update_ip_catalog -rebuild -scan_changes
INFO: [IP_Flow 19-234] Refreshing IP repositories
INFO: [IP_Flow 19-1700] Loaded user IP repository 'c:/Users/realk/Desktop/ece385/ECE385/ip_repo'.
INFO: [IP_Flow 19-1700] Loaded user IP repository 'c:/Users/realk/Downloads/RD_hdmi_ip2020'.
report_ip_status -name ip_status
upgrade_ip -vlnv xilinx.com:user:hdmi_text_controller:1.0 [get_ips  mb_block_1_hdmi_text_controller_0_0] -log ip_upgrade.log
Upgrading 'C:/Users/realk/Desktop/ece385/ECE385/lab7_2/lab7_2.srcs/sources_1/bd/mb_block_1/mb_block_1.bd'
INFO: [IP_Flow 19-3422] Upgraded mb_block_1_hdmi_text_controller_0_0 (hdmi_text_controller_v1.0 1.0) from revision 27 to revision 28
Wrote  : <C:\Users\realk\Desktop\ece385\ECE385\lab7_2\lab7_2.srcs\sources_1\bd\mb_block_1\mb_block_1.bd> 
INFO: [Coretcl 2-1525] Wrote upgrade log to 'C:/Users/realk/Desktop/ece385/ECE385/lab7_2/ip_upgrade.log'.
export_ip_user_files -of_objects [get_ips mb_block_1_hdmi_text_controller_0_0] -no_script -sync -force -quiet
generate_target all [get_files  C:/Users/realk/Desktop/ece385/ECE385/lab7_2/lab7_2.srcs/sources_1/bd/mb_block_1/mb_block_1.bd]
CRITICAL WARNING: [BD 41-1732] Bus interface '/hdmi_text_controller_0/AXI' is found to be associated with multiple clock-pins. This may prevent design from functioning correctly. List of associated clock-pins:
/hdmi_text_controller_0/axi_aclk
/hdmi_text_controller_0/axi_aclk

.
WARNING: [filemgmt 56-443] The ECC Algorithm string is empty. Setting the Memory Map to default ECC value to ECC_NONE.
WARNING: [filemgmt 56-443] The ECC Algorithm string is empty. Setting the Memory Map to default ECC value to ECC_NONE.
INFO: [xilinx.com:ip:axi_intc:4.1-1] /microblaze_0_axi_intc: The AXI INTC core has been configured to operate with synchronous clocks.
INFO: [xilinx.com:ip:clk_wiz:6.0-1] /clk_wiz_1 clk_wiz propagate
Wrote  : <C:\Users\realk\Desktop\ece385\ECE385\lab7_2\lab7_2.srcs\sources_1\bd\mb_block_1\mb_block_1.bd> 
Verilog Output written to : C:/Users/realk/Desktop/ece385/ECE385/lab7_2/lab7_2.gen/sources_1/bd/mb_block_1/synth/mb_block_1.v
Verilog Output written to : C:/Users/realk/Desktop/ece385/ECE385/lab7_2/lab7_2.gen/sources_1/bd/mb_block_1/sim/mb_block_1.v
Verilog Output written to : C:/Users/realk/Desktop/ece385/ECE385/lab7_2/lab7_2.gen/sources_1/bd/mb_block_1/hdl/mb_block_1_wrapper.v
INFO: [BD 41-1029] Generation completed for the IP Integrator block hdmi_text_controller_0 .
Exporting to file C:/Users/realk/Desktop/ece385/ECE385/lab7_2/lab7_2.gen/sources_1/bd/mb_block_1/hw_handoff/mb_block_1.hwh
Generated Hardware Definition File C:/Users/realk/Desktop/ece385/ECE385/lab7_2/lab7_2.gen/sources_1/bd/mb_block_1/synth/mb_block_1.hwdef
generate_target: Time (s): cpu = 00:00:06 ; elapsed = 00:00:11 . Memory (MB): peak = 2901.609 ; gain = 0.344
catch { config_ip_cache -export [get_ips -all mb_block_1_hdmi_text_controller_0_0] }
INFO: [IP_Flow 19-6924] IPCACHE: Running cache check for IP inst: mb_block_1_hdmi_text_controller_0_0
export_ip_user_files -of_objects [get_files C:/Users/realk/Desktop/ece385/ECE385/lab7_2/lab7_2.srcs/sources_1/bd/mb_block_1/mb_block_1.bd] -no_script -sync -force -quiet
create_ip_run [get_files -of_objects [get_fileset sources_1] C:/Users/realk/Desktop/ece385/ECE385/lab7_2/lab7_2.srcs/sources_1/bd/mb_block_1/mb_block_1.bd]
launch_runs mb_block_1_hdmi_text_controller_0_0_synth_1 -jobs 16
INFO: [IP_Flow 19-6924] IPCACHE: Running cache check for IP inst: mb_block_1_hdmi_text_controller_0_0
[Thu Nov  7 22:03:15 2024] Launched mb_block_1_hdmi_text_controller_0_0_synth_1...
Run output will be captured here: C:/Users/realk/Desktop/ece385/ECE385/lab7_2/lab7_2.runs/mb_block_1_hdmi_text_controller_0_0_synth_1/runme.log
export_simulation -of_objects [get_files C:/Users/realk/Desktop/ece385/ECE385/lab7_2/lab7_2.srcs/sources_1/bd/mb_block_1/mb_block_1.bd] -directory C:/Users/realk/Desktop/ece385/ECE385/lab7_2/lab7_2.ip_user_files/sim_scripts -ip_user_files_dir C:/Users/realk/Desktop/ece385/ECE385/lab7_2/lab7_2.ip_user_files -ipstatic_source_dir C:/Users/realk/Desktop/ece385/ECE385/lab7_2/lab7_2.ip_user_files/ipstatic -lib_map_path [list {modelsim=C:/Users/realk/Desktop/ece385/ECE385/lab7_2/lab7_2.cache/compile_simlib/modelsim} {questa=C:/Users/realk/Desktop/ece385/ECE385/lab7_2/lab7_2.cache/compile_simlib/questa} {riviera=C:/Users/realk/Desktop/ece385/ECE385/lab7_2/lab7_2.cache/compile_simlib/riviera} {activehdl=C:/Users/realk/Desktop/ece385/ECE385/lab7_2/lab7_2.cache/compile_simlib/activehdl}] -use_ip_compiled_libs -force -quiet
report_ip_status -name ip_status 
reset_run synth_1
INFO: [Project 1-1161] Replacing file C:/Users/realk/Desktop/ece385/ECE385/lab7_2/lab7_2.srcs/utils_1/imports/synth_1/mb_usb_hdmi_top.dcp with file C:/Users/realk/Desktop/ece385/ECE385/lab7_2/lab7_2.runs/synth_1/mb_usb_hdmi_top.dcp
launch_runs impl_1 -to_step write_bitstream -jobs 16
[Thu Nov  7 22:06:04 2024] Launched synth_1...
Run output will be captured here: C:/Users/realk/Desktop/ece385/ECE385/lab7_2/lab7_2.runs/synth_1/runme.log
[Thu Nov  7 22:06:04 2024] Launched impl_1...
Run output will be captured here: C:/Users/realk/Desktop/ece385/ECE385/lab7_2/lab7_2.runs/impl_1/runme.log
write_hw_platform -fixed -include_bit -force -file C:/Users/realk/Desktop/ece385/ECE385/lab7_2/mb_usb_hdmi_top.xsa
INFO: [Project 1-1918] Creating Hardware Platform: C:/Users/realk/Desktop/ece385/ECE385/lab7_2/mb_usb_hdmi_top.xsa ...
INFO: [Project 1-1943] The Hardware Platform can be used for Hardware
INFO: [Project 1-1941] Successfully created Hardware Platform: C:/Users/realk/Desktop/ece385/ECE385/lab7_2/mb_usb_hdmi_top.xsa
update_ip_catalog -rebuild -scan_changes
INFO: [IP_Flow 19-234] Refreshing IP repositories
INFO: [IP_Flow 19-1700] Loaded user IP repository 'c:/Users/realk/Desktop/ece385/ECE385/ip_repo'.
INFO: [IP_Flow 19-1700] Loaded user IP repository 'c:/Users/realk/Downloads/RD_hdmi_ip2020'.
report_ip_status -name ip_status
upgrade_ip -vlnv xilinx.com:user:hdmi_text_controller:1.0 [get_ips  mb_block_1_hdmi_text_controller_0_0] -log ip_upgrade.log
Upgrading 'C:/Users/realk/Desktop/ece385/ECE385/lab7_2/lab7_2.srcs/sources_1/bd/mb_block_1/mb_block_1.bd'
INFO: [IP_Flow 19-3422] Upgraded mb_block_1_hdmi_text_controller_0_0 (hdmi_text_controller_v1.0 1.0) from revision 28 to revision 29
Wrote  : <C:\Users\realk\Desktop\ece385\ECE385\lab7_2\lab7_2.srcs\sources_1\bd\mb_block_1\mb_block_1.bd> 
INFO: [Coretcl 2-1525] Wrote upgrade log to 'C:/Users/realk/Desktop/ece385/ECE385/lab7_2/ip_upgrade.log'.
export_ip_user_files -of_objects [get_ips mb_block_1_hdmi_text_controller_0_0] -no_script -sync -force -quiet
generate_target all [get_files  C:/Users/realk/Desktop/ece385/ECE385/lab7_2/lab7_2.srcs/sources_1/bd/mb_block_1/mb_block_1.bd]
CRITICAL WARNING: [BD 41-1732] Bus interface '/hdmi_text_controller_0/AXI' is found to be associated with multiple clock-pins. This may prevent design from functioning correctly. List of associated clock-pins:
/hdmi_text_controller_0/axi_aclk
/hdmi_text_controller_0/axi_aclk

.
WARNING: [filemgmt 56-443] The ECC Algorithm string is empty. Setting the Memory Map to default ECC value to ECC_NONE.
WARNING: [filemgmt 56-443] The ECC Algorithm string is empty. Setting the Memory Map to default ECC value to ECC_NONE.
INFO: [xilinx.com:ip:axi_intc:4.1-1] /microblaze_0_axi_intc: The AXI INTC core has been configured to operate with synchronous clocks.
INFO: [xilinx.com:ip:clk_wiz:6.0-1] /clk_wiz_1 clk_wiz propagate
Wrote  : <C:\Users\realk\Desktop\ece385\ECE385\lab7_2\lab7_2.srcs\sources_1\bd\mb_block_1\mb_block_1.bd> 
Verilog Output written to : C:/Users/realk/Desktop/ece385/ECE385/lab7_2/lab7_2.gen/sources_1/bd/mb_block_1/synth/mb_block_1.v
Verilog Output written to : C:/Users/realk/Desktop/ece385/ECE385/lab7_2/lab7_2.gen/sources_1/bd/mb_block_1/sim/mb_block_1.v
Verilog Output written to : C:/Users/realk/Desktop/ece385/ECE385/lab7_2/lab7_2.gen/sources_1/bd/mb_block_1/hdl/mb_block_1_wrapper.v
INFO: [BD 41-1029] Generation completed for the IP Integrator block hdmi_text_controller_0 .
Exporting to file C:/Users/realk/Desktop/ece385/ECE385/lab7_2/lab7_2.gen/sources_1/bd/mb_block_1/hw_handoff/mb_block_1.hwh
Generated Hardware Definition File C:/Users/realk/Desktop/ece385/ECE385/lab7_2/lab7_2.gen/sources_1/bd/mb_block_1/synth/mb_block_1.hwdef
generate_target: Time (s): cpu = 00:00:07 ; elapsed = 00:00:12 . Memory (MB): peak = 2911.801 ; gain = 7.844
catch { config_ip_cache -export [get_ips -all mb_block_1_hdmi_text_controller_0_0] }
INFO: [IP_Flow 19-6924] IPCACHE: Running cache check for IP inst: mb_block_1_hdmi_text_controller_0_0
export_ip_user_files -of_objects [get_files C:/Users/realk/Desktop/ece385/ECE385/lab7_2/lab7_2.srcs/sources_1/bd/mb_block_1/mb_block_1.bd] -no_script -sync -force -quiet
create_ip_run [get_files -of_objects [get_fileset sources_1] C:/Users/realk/Desktop/ece385/ECE385/lab7_2/lab7_2.srcs/sources_1/bd/mb_block_1/mb_block_1.bd]
launch_runs mb_block_1_hdmi_text_controller_0_0_synth_1 -jobs 16
INFO: [IP_Flow 19-6924] IPCACHE: Running cache check for IP inst: mb_block_1_hdmi_text_controller_0_0
[Thu Nov  7 22:40:39 2024] Launched mb_block_1_hdmi_text_controller_0_0_synth_1...
Run output will be captured here: C:/Users/realk/Desktop/ece385/ECE385/lab7_2/lab7_2.runs/mb_block_1_hdmi_text_controller_0_0_synth_1/runme.log
export_simulation -of_objects [get_files C:/Users/realk/Desktop/ece385/ECE385/lab7_2/lab7_2.srcs/sources_1/bd/mb_block_1/mb_block_1.bd] -directory C:/Users/realk/Desktop/ece385/ECE385/lab7_2/lab7_2.ip_user_files/sim_scripts -ip_user_files_dir C:/Users/realk/Desktop/ece385/ECE385/lab7_2/lab7_2.ip_user_files -ipstatic_source_dir C:/Users/realk/Desktop/ece385/ECE385/lab7_2/lab7_2.ip_user_files/ipstatic -lib_map_path [list {modelsim=C:/Users/realk/Desktop/ece385/ECE385/lab7_2/lab7_2.cache/compile_simlib/modelsim} {questa=C:/Users/realk/Desktop/ece385/ECE385/lab7_2/lab7_2.cache/compile_simlib/questa} {riviera=C:/Users/realk/Desktop/ece385/ECE385/lab7_2/lab7_2.cache/compile_simlib/riviera} {activehdl=C:/Users/realk/Desktop/ece385/ECE385/lab7_2/lab7_2.cache/compile_simlib/activehdl}] -use_ip_compiled_libs -force -quiet
report_ip_status -name ip_status 
reset_run synth_1
INFO: [Project 1-1161] Replacing file C:/Users/realk/Desktop/ece385/ECE385/lab7_2/lab7_2.srcs/utils_1/imports/synth_1/mb_usb_hdmi_top.dcp with file C:/Users/realk/Desktop/ece385/ECE385/lab7_2/lab7_2.runs/synth_1/mb_usb_hdmi_top.dcp
WARNING: [Vivado 12-1017] Problems encountered:
1. Failed to delete one or more files in run directory C:/Users/realk/Desktop/ece385/ECE385/lab7_2/lab7_2.runs/synth_1

launch_runs impl_1 -to_step write_bitstream -jobs 16
INFO: [IP_Flow 19-6924] IPCACHE: Running cache check for IP inst: mb_block_1_hdmi_text_controller_0_0
[Thu Nov  7 22:41:10 2024] Launched mb_block_1_hdmi_text_controller_0_0_synth_1, synth_1...
Run output will be captured here:
mb_block_1_hdmi_text_controller_0_0_synth_1: C:/Users/realk/Desktop/ece385/ECE385/lab7_2/lab7_2.runs/mb_block_1_hdmi_text_controller_0_0_synth_1/runme.log
synth_1: C:/Users/realk/Desktop/ece385/ECE385/lab7_2/lab7_2.runs/synth_1/runme.log
[Thu Nov  7 22:41:10 2024] Launched impl_1...
Run output will be captured here: C:/Users/realk/Desktop/ece385/ECE385/lab7_2/lab7_2.runs/impl_1/runme.log
write_hw_platform -fixed -include_bit -force -file C:/Users/realk/Desktop/ece385/ECE385/lab7_2/mb_usb_hdmi_top.xsa
INFO: [Project 1-1918] Creating Hardware Platform: C:/Users/realk/Desktop/ece385/ECE385/lab7_2/mb_usb_hdmi_top.xsa ...
INFO: [Project 1-1943] The Hardware Platform can be used for Hardware
INFO: [Project 1-1941] Successfully created Hardware Platform: C:/Users/realk/Desktop/ece385/ECE385/lab7_2/mb_usb_hdmi_top.xsa
write_hw_platform -fixed -include_bit -force -file C:/Users/realk/Desktop/ece385/ECE385/lab7_2/mb_usb_hdmi_top.xsa
INFO: [Project 1-1918] Creating Hardware Platform: C:/Users/realk/Desktop/ece385/ECE385/lab7_2/mb_usb_hdmi_top.xsa ...
INFO: [Project 1-1943] The Hardware Platform can be used for Hardware
INFO: [Project 1-1941] Successfully created Hardware Platform: C:/Users/realk/Desktop/ece385/ECE385/lab7_2/mb_usb_hdmi_top.xsa
update_ip_catalog -rebuild -scan_changes
INFO: [IP_Flow 19-234] Refreshing IP repositories
INFO: [IP_Flow 19-1700] Loaded user IP repository 'c:/Users/realk/Desktop/ece385/ECE385/ip_repo'.
INFO: [IP_Flow 19-1700] Loaded user IP repository 'c:/Users/realk/Downloads/RD_hdmi_ip2020'.
report_ip_status -name ip_status
upgrade_ip -vlnv xilinx.com:user:hdmi_text_controller:1.0 [get_ips  mb_block_1_hdmi_text_controller_0_0] -log ip_upgrade.log
Upgrading 'C:/Users/realk/Desktop/ece385/ECE385/lab7_2/lab7_2.srcs/sources_1/bd/mb_block_1/mb_block_1.bd'
INFO: [IP_Flow 19-3422] Upgraded mb_block_1_hdmi_text_controller_0_0 (hdmi_text_controller_v1.0 1.0) from revision 29 to revision 30
Wrote  : <C:\Users\realk\Desktop\ece385\ECE385\lab7_2\lab7_2.srcs\sources_1\bd\mb_block_1\mb_block_1.bd> 
INFO: [Coretcl 2-1525] Wrote upgrade log to 'C:/Users/realk/Desktop/ece385/ECE385/lab7_2/ip_upgrade.log'.
export_ip_user_files -of_objects [get_ips mb_block_1_hdmi_text_controller_0_0] -no_script -sync -force -quiet
generate_target all [get_files  C:/Users/realk/Desktop/ece385/ECE385/lab7_2/lab7_2.srcs/sources_1/bd/mb_block_1/mb_block_1.bd]
CRITICAL WARNING: [BD 41-1732] Bus interface '/hdmi_text_controller_0/AXI' is found to be associated with multiple clock-pins. This may prevent design from functioning correctly. List of associated clock-pins:
/hdmi_text_controller_0/axi_aclk
/hdmi_text_controller_0/axi_aclk

.
WARNING: [filemgmt 56-443] The ECC Algorithm string is empty. Setting the Memory Map to default ECC value to ECC_NONE.
WARNING: [filemgmt 56-443] The ECC Algorithm string is empty. Setting the Memory Map to default ECC value to ECC_NONE.
INFO: [xilinx.com:ip:axi_intc:4.1-1] /microblaze_0_axi_intc: The AXI INTC core has been configured to operate with synchronous clocks.
INFO: [xilinx.com:ip:clk_wiz:6.0-1] /clk_wiz_1 clk_wiz propagate
Wrote  : <C:\Users\realk\Desktop\ece385\ECE385\lab7_2\lab7_2.srcs\sources_1\bd\mb_block_1\mb_block_1.bd> 
Verilog Output written to : C:/Users/realk/Desktop/ece385/ECE385/lab7_2/lab7_2.gen/sources_1/bd/mb_block_1/synth/mb_block_1.v
Verilog Output written to : C:/Users/realk/Desktop/ece385/ECE385/lab7_2/lab7_2.gen/sources_1/bd/mb_block_1/sim/mb_block_1.v
Verilog Output written to : C:/Users/realk/Desktop/ece385/ECE385/lab7_2/lab7_2.gen/sources_1/bd/mb_block_1/hdl/mb_block_1_wrapper.v
INFO: [BD 41-1029] Generation completed for the IP Integrator block hdmi_text_controller_0 .
Exporting to file C:/Users/realk/Desktop/ece385/ECE385/lab7_2/lab7_2.gen/sources_1/bd/mb_block_1/hw_handoff/mb_block_1.hwh
Generated Hardware Definition File C:/Users/realk/Desktop/ece385/ECE385/lab7_2/lab7_2.gen/sources_1/bd/mb_block_1/synth/mb_block_1.hwdef
generate_target: Time (s): cpu = 00:00:05 ; elapsed = 00:00:11 . Memory (MB): peak = 2919.449 ; gain = 5.016
catch { config_ip_cache -export [get_ips -all mb_block_1_hdmi_text_controller_0_0] }
INFO: [IP_Flow 19-6924] IPCACHE: Running cache check for IP inst: mb_block_1_hdmi_text_controller_0_0
export_ip_user_files -of_objects [get_files C:/Users/realk/Desktop/ece385/ECE385/lab7_2/lab7_2.srcs/sources_1/bd/mb_block_1/mb_block_1.bd] -no_script -sync -force -quiet
create_ip_run [get_files -of_objects [get_fileset sources_1] C:/Users/realk/Desktop/ece385/ECE385/lab7_2/lab7_2.srcs/sources_1/bd/mb_block_1/mb_block_1.bd]
launch_runs mb_block_1_hdmi_text_controller_0_0_synth_1 -jobs 16
INFO: [IP_Flow 19-6924] IPCACHE: Running cache check for IP inst: mb_block_1_hdmi_text_controller_0_0
[Fri Nov  8 00:35:34 2024] Launched mb_block_1_hdmi_text_controller_0_0_synth_1...
Run output will be captured here: C:/Users/realk/Desktop/ece385/ECE385/lab7_2/lab7_2.runs/mb_block_1_hdmi_text_controller_0_0_synth_1/runme.log
export_simulation -of_objects [get_files C:/Users/realk/Desktop/ece385/ECE385/lab7_2/lab7_2.srcs/sources_1/bd/mb_block_1/mb_block_1.bd] -directory C:/Users/realk/Desktop/ece385/ECE385/lab7_2/lab7_2.ip_user_files/sim_scripts -ip_user_files_dir C:/Users/realk/Desktop/ece385/ECE385/lab7_2/lab7_2.ip_user_files -ipstatic_source_dir C:/Users/realk/Desktop/ece385/ECE385/lab7_2/lab7_2.ip_user_files/ipstatic -lib_map_path [list {modelsim=C:/Users/realk/Desktop/ece385/ECE385/lab7_2/lab7_2.cache/compile_simlib/modelsim} {questa=C:/Users/realk/Desktop/ece385/ECE385/lab7_2/lab7_2.cache/compile_simlib/questa} {riviera=C:/Users/realk/Desktop/ece385/ECE385/lab7_2/lab7_2.cache/compile_simlib/riviera} {activehdl=C:/Users/realk/Desktop/ece385/ECE385/lab7_2/lab7_2.cache/compile_simlib/activehdl}] -use_ip_compiled_libs -force -quiet
reset_run synth_1
INFO: [Project 1-1161] Replacing file C:/Users/realk/Desktop/ece385/ECE385/lab7_2/lab7_2.srcs/utils_1/imports/synth_1/mb_usb_hdmi_top.dcp with file C:/Users/realk/Desktop/ece385/ECE385/lab7_2/lab7_2.runs/synth_1/mb_usb_hdmi_top.dcp
WARNING: [Vivado 12-1017] Problems encountered:
1. Failed to delete one or more files in run directory C:/Users/realk/Desktop/ece385/ECE385/lab7_2/lab7_2.runs/synth_1

launch_runs impl_1 -to_step write_bitstream -jobs 16
INFO: [IP_Flow 19-6924] IPCACHE: Running cache check for IP inst: mb_block_1_hdmi_text_controller_0_0
[Fri Nov  8 00:35:57 2024] Launched mb_block_1_hdmi_text_controller_0_0_synth_1, synth_1...
Run output will be captured here:
mb_block_1_hdmi_text_controller_0_0_synth_1: C:/Users/realk/Desktop/ece385/ECE385/lab7_2/lab7_2.runs/mb_block_1_hdmi_text_controller_0_0_synth_1/runme.log
synth_1: C:/Users/realk/Desktop/ece385/ECE385/lab7_2/lab7_2.runs/synth_1/runme.log
[Fri Nov  8 00:35:57 2024] Launched impl_1...
Run output will be captured here: C:/Users/realk/Desktop/ece385/ECE385/lab7_2/lab7_2.runs/impl_1/runme.log
write_hw_platform -fixed -include_bit -force -file C:/Users/realk/Desktop/ece385/ECE385/lab7_2/mb_usb_hdmi_top.xsa
INFO: [Project 1-1918] Creating Hardware Platform: C:/Users/realk/Desktop/ece385/ECE385/lab7_2/mb_usb_hdmi_top.xsa ...
INFO: [Project 1-1943] The Hardware Platform can be used for Hardware
INFO: [Project 1-1941] Successfully created Hardware Platform: C:/Users/realk/Desktop/ece385/ECE385/lab7_2/mb_usb_hdmi_top.xsa
update_ip_catalog -rebuild -scan_changes
INFO: [IP_Flow 19-234] Refreshing IP repositories
INFO: [IP_Flow 19-1700] Loaded user IP repository 'c:/Users/realk/Desktop/ece385/ECE385/ip_repo'.
INFO: [IP_Flow 19-1700] Loaded user IP repository 'c:/Users/realk/Downloads/RD_hdmi_ip2020'.
report_ip_status -name ip_status
upgrade_ip -vlnv xilinx.com:user:hdmi_text_controller:1.0 [get_ips  mb_block_1_hdmi_text_controller_0_0] -log ip_upgrade.log
Upgrading 'C:/Users/realk/Desktop/ece385/ECE385/lab7_2/lab7_2.srcs/sources_1/bd/mb_block_1/mb_block_1.bd'
INFO: [IP_Flow 19-3422] Upgraded mb_block_1_hdmi_text_controller_0_0 (hdmi_text_controller_v1.0 1.0) from revision 30 to revision 31
Wrote  : <C:\Users\realk\Desktop\ece385\ECE385\lab7_2\lab7_2.srcs\sources_1\bd\mb_block_1\mb_block_1.bd> 
INFO: [Coretcl 2-1525] Wrote upgrade log to 'C:/Users/realk/Desktop/ece385/ECE385/lab7_2/ip_upgrade.log'.
export_ip_user_files -of_objects [get_ips mb_block_1_hdmi_text_controller_0_0] -no_script -sync -force -quiet
generate_target all [get_files  C:/Users/realk/Desktop/ece385/ECE385/lab7_2/lab7_2.srcs/sources_1/bd/mb_block_1/mb_block_1.bd]
CRITICAL WARNING: [BD 41-1732] Bus interface '/hdmi_text_controller_0/AXI' is found to be associated with multiple clock-pins. This may prevent design from functioning correctly. List of associated clock-pins:
/hdmi_text_controller_0/axi_aclk
/hdmi_text_controller_0/axi_aclk

.
WARNING: [filemgmt 56-443] The ECC Algorithm string is empty. Setting the Memory Map to default ECC value to ECC_NONE.
WARNING: [filemgmt 56-443] The ECC Algorithm string is empty. Setting the Memory Map to default ECC value to ECC_NONE.
INFO: [xilinx.com:ip:axi_intc:4.1-1] /microblaze_0_axi_intc: The AXI INTC core has been configured to operate with synchronous clocks.
INFO: [xilinx.com:ip:clk_wiz:6.0-1] /clk_wiz_1 clk_wiz propagate
Wrote  : <C:\Users\realk\Desktop\ece385\ECE385\lab7_2\lab7_2.srcs\sources_1\bd\mb_block_1\mb_block_1.bd> 
Verilog Output written to : C:/Users/realk/Desktop/ece385/ECE385/lab7_2/lab7_2.gen/sources_1/bd/mb_block_1/synth/mb_block_1.v
Verilog Output written to : C:/Users/realk/Desktop/ece385/ECE385/lab7_2/lab7_2.gen/sources_1/bd/mb_block_1/sim/mb_block_1.v
Verilog Output written to : C:/Users/realk/Desktop/ece385/ECE385/lab7_2/lab7_2.gen/sources_1/bd/mb_block_1/hdl/mb_block_1_wrapper.v
INFO: [BD 41-1029] Generation completed for the IP Integrator block hdmi_text_controller_0 .
Exporting to file C:/Users/realk/Desktop/ece385/ECE385/lab7_2/lab7_2.gen/sources_1/bd/mb_block_1/hw_handoff/mb_block_1.hwh
Generated Hardware Definition File C:/Users/realk/Desktop/ece385/ECE385/lab7_2/lab7_2.gen/sources_1/bd/mb_block_1/synth/mb_block_1.hwdef
generate_target: Time (s): cpu = 00:00:06 ; elapsed = 00:00:12 . Memory (MB): peak = 2919.449 ; gain = 0.000
catch { config_ip_cache -export [get_ips -all mb_block_1_hdmi_text_controller_0_0] }
INFO: [IP_Flow 19-6924] IPCACHE: Running cache check for IP inst: mb_block_1_hdmi_text_controller_0_0
export_ip_user_files -of_objects [get_files C:/Users/realk/Desktop/ece385/ECE385/lab7_2/lab7_2.srcs/sources_1/bd/mb_block_1/mb_block_1.bd] -no_script -sync -force -quiet
create_ip_run [get_files -of_objects [get_fileset sources_1] C:/Users/realk/Desktop/ece385/ECE385/lab7_2/lab7_2.srcs/sources_1/bd/mb_block_1/mb_block_1.bd]
launch_runs mb_block_1_hdmi_text_controller_0_0_synth_1 -jobs 16
INFO: [IP_Flow 19-6924] IPCACHE: Running cache check for IP inst: mb_block_1_hdmi_text_controller_0_0
[Fri Nov  8 01:43:06 2024] Launched mb_block_1_hdmi_text_controller_0_0_synth_1...
Run output will be captured here: C:/Users/realk/Desktop/ece385/ECE385/lab7_2/lab7_2.runs/mb_block_1_hdmi_text_controller_0_0_synth_1/runme.log
export_simulation -of_objects [get_files C:/Users/realk/Desktop/ece385/ECE385/lab7_2/lab7_2.srcs/sources_1/bd/mb_block_1/mb_block_1.bd] -directory C:/Users/realk/Desktop/ece385/ECE385/lab7_2/lab7_2.ip_user_files/sim_scripts -ip_user_files_dir C:/Users/realk/Desktop/ece385/ECE385/lab7_2/lab7_2.ip_user_files -ipstatic_source_dir C:/Users/realk/Desktop/ece385/ECE385/lab7_2/lab7_2.ip_user_files/ipstatic -lib_map_path [list {modelsim=C:/Users/realk/Desktop/ece385/ECE385/lab7_2/lab7_2.cache/compile_simlib/modelsim} {questa=C:/Users/realk/Desktop/ece385/ECE385/lab7_2/lab7_2.cache/compile_simlib/questa} {riviera=C:/Users/realk/Desktop/ece385/ECE385/lab7_2/lab7_2.cache/compile_simlib/riviera} {activehdl=C:/Users/realk/Desktop/ece385/ECE385/lab7_2/lab7_2.cache/compile_simlib/activehdl}] -use_ip_compiled_libs -force -quiet
reset_run synth_1
INFO: [Project 1-1161] Replacing file C:/Users/realk/Desktop/ece385/ECE385/lab7_2/lab7_2.srcs/utils_1/imports/synth_1/mb_usb_hdmi_top.dcp with file C:/Users/realk/Desktop/ece385/ECE385/lab7_2/lab7_2.runs/synth_1/mb_usb_hdmi_top.dcp
WARNING: [Vivado 12-1017] Problems encountered:
1. Failed to delete one or more files in run directory C:/Users/realk/Desktop/ece385/ECE385/lab7_2/lab7_2.runs/synth_1

launch_runs impl_1 -to_step write_bitstream -jobs 16
INFO: [IP_Flow 19-6924] IPCACHE: Running cache check for IP inst: mb_block_1_hdmi_text_controller_0_0
[Fri Nov  8 01:43:26 2024] Launched mb_block_1_hdmi_text_controller_0_0_synth_1, synth_1...
Run output will be captured here:
mb_block_1_hdmi_text_controller_0_0_synth_1: C:/Users/realk/Desktop/ece385/ECE385/lab7_2/lab7_2.runs/mb_block_1_hdmi_text_controller_0_0_synth_1/runme.log
synth_1: C:/Users/realk/Desktop/ece385/ECE385/lab7_2/lab7_2.runs/synth_1/runme.log
[Fri Nov  8 01:43:26 2024] Launched impl_1...
Run output will be captured here: C:/Users/realk/Desktop/ece385/ECE385/lab7_2/lab7_2.runs/impl_1/runme.log
report_ip_status -name ip_status 
write_hw_platform -fixed -include_bit -force -file C:/Users/realk/Desktop/ece385/ECE385/lab7_2/mb_usb_hdmi_top.xsa
INFO: [Project 1-1918] Creating Hardware Platform: C:/Users/realk/Desktop/ece385/ECE385/lab7_2/mb_usb_hdmi_top.xsa ...
INFO: [Project 1-1943] The Hardware Platform can be used for Hardware
INFO: [Project 1-1941] Successfully created Hardware Platform: C:/Users/realk/Desktop/ece385/ECE385/lab7_2/mb_usb_hdmi_top.xsa
write_hw_platform -fixed -force -file C:/Users/realk/Desktop/ece385/ECE385/lab7_2/mb_usb_hdmi_top.xsa
INFO: [Project 1-1918] Creating Hardware Platform: C:/Users/realk/Desktop/ece385/ECE385/lab7_2/mb_usb_hdmi_top.xsa ...
INFO: [Project 1-1943] The Hardware Platform can be used for Hardware
INFO: [Project 1-1941] Successfully created Hardware Platform: C:/Users/realk/Desktop/ece385/ECE385/lab7_2/mb_usb_hdmi_top.xsa
update_ip_catalog -rebuild -scan_changes
INFO: [IP_Flow 19-234] Refreshing IP repositories
INFO: [IP_Flow 19-1700] Loaded user IP repository 'c:/Users/realk/Desktop/ece385/ECE385/ip_repo'.
INFO: [IP_Flow 19-1700] Loaded user IP repository 'c:/Users/realk/Downloads/RD_hdmi_ip2020'.
report_ip_status -name ip_status
upgrade_ip -vlnv xilinx.com:user:hdmi_text_controller:1.0 [get_ips  mb_block_1_hdmi_text_controller_0_0] -log ip_upgrade.log
Upgrading 'C:/Users/realk/Desktop/ece385/ECE385/lab7_2/lab7_2.srcs/sources_1/bd/mb_block_1/mb_block_1.bd'
INFO: [IP_Flow 19-3422] Upgraded mb_block_1_hdmi_text_controller_0_0 (hdmi_text_controller_v1.0 1.0) from revision 31 to revision 32
Wrote  : <C:\Users\realk\Desktop\ece385\ECE385\lab7_2\lab7_2.srcs\sources_1\bd\mb_block_1\mb_block_1.bd> 
INFO: [Coretcl 2-1525] Wrote upgrade log to 'C:/Users/realk/Desktop/ece385/ECE385/lab7_2/ip_upgrade.log'.
export_ip_user_files -of_objects [get_ips mb_block_1_hdmi_text_controller_0_0] -no_script -sync -force -quiet
generate_target all [get_files  C:/Users/realk/Desktop/ece385/ECE385/lab7_2/lab7_2.srcs/sources_1/bd/mb_block_1/mb_block_1.bd]
CRITICAL WARNING: [BD 41-1732] Bus interface '/hdmi_text_controller_0/AXI' is found to be associated with multiple clock-pins. This may prevent design from functioning correctly. List of associated clock-pins:
/hdmi_text_controller_0/axi_aclk
/hdmi_text_controller_0/axi_aclk

.
WARNING: [filemgmt 56-443] The ECC Algorithm string is empty. Setting the Memory Map to default ECC value to ECC_NONE.
WARNING: [filemgmt 56-443] The ECC Algorithm string is empty. Setting the Memory Map to default ECC value to ECC_NONE.
INFO: [xilinx.com:ip:axi_intc:4.1-1] /microblaze_0_axi_intc: The AXI INTC core has been configured to operate with synchronous clocks.
INFO: [xilinx.com:ip:clk_wiz:6.0-1] /clk_wiz_1 clk_wiz propagate
Wrote  : <C:\Users\realk\Desktop\ece385\ECE385\lab7_2\lab7_2.srcs\sources_1\bd\mb_block_1\mb_block_1.bd> 
Verilog Output written to : C:/Users/realk/Desktop/ece385/ECE385/lab7_2/lab7_2.gen/sources_1/bd/mb_block_1/synth/mb_block_1.v
Verilog Output written to : C:/Users/realk/Desktop/ece385/ECE385/lab7_2/lab7_2.gen/sources_1/bd/mb_block_1/sim/mb_block_1.v
Verilog Output written to : C:/Users/realk/Desktop/ece385/ECE385/lab7_2/lab7_2.gen/sources_1/bd/mb_block_1/hdl/mb_block_1_wrapper.v
INFO: [BD 41-1029] Generation completed for the IP Integrator block hdmi_text_controller_0 .
Exporting to file C:/Users/realk/Desktop/ece385/ECE385/lab7_2/lab7_2.gen/sources_1/bd/mb_block_1/hw_handoff/mb_block_1.hwh
Generated Hardware Definition File C:/Users/realk/Desktop/ece385/ECE385/lab7_2/lab7_2.gen/sources_1/bd/mb_block_1/synth/mb_block_1.hwdef
generate_target: Time (s): cpu = 00:00:05 ; elapsed = 00:00:12 . Memory (MB): peak = 2923.836 ; gain = 0.000
catch { config_ip_cache -export [get_ips -all mb_block_1_hdmi_text_controller_0_0] }
INFO: [IP_Flow 19-6924] IPCACHE: Running cache check for IP inst: mb_block_1_hdmi_text_controller_0_0
export_ip_user_files -of_objects [get_files C:/Users/realk/Desktop/ece385/ECE385/lab7_2/lab7_2.srcs/sources_1/bd/mb_block_1/mb_block_1.bd] -no_script -sync -force -quiet
create_ip_run [get_files -of_objects [get_fileset sources_1] C:/Users/realk/Desktop/ece385/ECE385/lab7_2/lab7_2.srcs/sources_1/bd/mb_block_1/mb_block_1.bd]
launch_runs mb_block_1_hdmi_text_controller_0_0_synth_1 -jobs 16
INFO: [IP_Flow 19-6924] IPCACHE: Running cache check for IP inst: mb_block_1_hdmi_text_controller_0_0
[Fri Nov  8 01:53:00 2024] Launched mb_block_1_hdmi_text_controller_0_0_synth_1...
Run output will be captured here: C:/Users/realk/Desktop/ece385/ECE385/lab7_2/lab7_2.runs/mb_block_1_hdmi_text_controller_0_0_synth_1/runme.log
export_simulation -of_objects [get_files C:/Users/realk/Desktop/ece385/ECE385/lab7_2/lab7_2.srcs/sources_1/bd/mb_block_1/mb_block_1.bd] -directory C:/Users/realk/Desktop/ece385/ECE385/lab7_2/lab7_2.ip_user_files/sim_scripts -ip_user_files_dir C:/Users/realk/Desktop/ece385/ECE385/lab7_2/lab7_2.ip_user_files -ipstatic_source_dir C:/Users/realk/Desktop/ece385/ECE385/lab7_2/lab7_2.ip_user_files/ipstatic -lib_map_path [list {modelsim=C:/Users/realk/Desktop/ece385/ECE385/lab7_2/lab7_2.cache/compile_simlib/modelsim} {questa=C:/Users/realk/Desktop/ece385/ECE385/lab7_2/lab7_2.cache/compile_simlib/questa} {riviera=C:/Users/realk/Desktop/ece385/ECE385/lab7_2/lab7_2.cache/compile_simlib/riviera} {activehdl=C:/Users/realk/Desktop/ece385/ECE385/lab7_2/lab7_2.cache/compile_simlib/activehdl}] -use_ip_compiled_libs -force -quiet
report_ip_status -name ip_status 
reset_run synth_1
INFO: [Project 1-1161] Replacing file C:/Users/realk/Desktop/ece385/ECE385/lab7_2/lab7_2.srcs/utils_1/imports/synth_1/mb_usb_hdmi_top.dcp with file C:/Users/realk/Desktop/ece385/ECE385/lab7_2/lab7_2.runs/synth_1/mb_usb_hdmi_top.dcp
WARNING: [Vivado 12-1017] Problems encountered:
1. Failed to delete one or more files in run directory C:/Users/realk/Desktop/ece385/ECE385/lab7_2/lab7_2.runs/synth_1

launch_runs synth_1 -jobs 16
INFO: [IP_Flow 19-6924] IPCACHE: Running cache check for IP inst: mb_block_1_hdmi_text_controller_0_0
[Fri Nov  8 01:53:23 2024] Launched mb_block_1_hdmi_text_controller_0_0_synth_1...
Run output will be captured here: C:/Users/realk/Desktop/ece385/ECE385/lab7_2/lab7_2.runs/mb_block_1_hdmi_text_controller_0_0_synth_1/runme.log
[Fri Nov  8 01:53:23 2024] Launched synth_1...
Run output will be captured here: C:/Users/realk/Desktop/ece385/ECE385/lab7_2/lab7_2.runs/synth_1/runme.log
write_hw_platform -fixed -force -file C:/Users/realk/Desktop/ece385/ECE385/lab7_2/mb_usb_hdmi_top.xsa
INFO: [Project 1-1918] Creating Hardware Platform: C:/Users/realk/Desktop/ece385/ECE385/lab7_2/mb_usb_hdmi_top.xsa ...
INFO: [Project 1-1943] The Hardware Platform can be used for Hardware
INFO: [Project 1-1941] Successfully created Hardware Platform: C:/Users/realk/Desktop/ece385/ECE385/lab7_2/mb_usb_hdmi_top.xsa
launch_runs impl_1 -to_step write_bitstream -jobs 16
[Fri Nov  8 02:00:23 2024] Launched impl_1...
Run output will be captured here: C:/Users/realk/Desktop/ece385/ECE385/lab7_2/lab7_2.runs/impl_1/runme.log
INFO: [Vivado 12-8231] Launching Vitis
INFO: [Vivado 12-417] Running vitis
INFO: [Vivado 12-8232] Vitis launch initiated. Please check console for any further messages.
write_hw_platform -fixed -include_bit -force -file C:/Users/realk/Desktop/ece385/ECE385/lab7_2/mb_usb_hdmi_top.xsa
INFO: [Project 1-1918] Creating Hardware Platform: C:/Users/realk/Desktop/ece385/ECE385/lab7_2/mb_usb_hdmi_top.xsa ...
INFO: [Project 1-1943] The Hardware Platform can be used for Hardware
INFO: [Project 1-1941] Successfully created Hardware Platform: C:/Users/realk/Desktop/ece385/ECE385/lab7_2/mb_usb_hdmi_top.xsa
update_ip_catalog -rebuild -scan_changes
INFO: [IP_Flow 19-234] Refreshing IP repositories
INFO: [IP_Flow 19-1700] Loaded user IP repository 'c:/Users/realk/Desktop/ece385/ECE385/ip_repo'.
INFO: [IP_Flow 19-1700] Loaded user IP repository 'c:/Users/realk/Downloads/RD_hdmi_ip2020'.
report_ip_status -name ip_status
upgrade_ip -vlnv xilinx.com:user:hdmi_text_controller:1.0 [get_ips  mb_block_1_hdmi_text_controller_0_0] -log ip_upgrade.log
Upgrading 'C:/Users/realk/Desktop/ece385/ECE385/lab7_2/lab7_2.srcs/sources_1/bd/mb_block_1/mb_block_1.bd'
INFO: [IP_Flow 19-3422] Upgraded mb_block_1_hdmi_text_controller_0_0 (hdmi_text_controller_v1.0 1.0) from revision 32 to revision 33
Wrote  : <C:\Users\realk\Desktop\ece385\ECE385\lab7_2\lab7_2.srcs\sources_1\bd\mb_block_1\mb_block_1.bd> 
INFO: [Coretcl 2-1525] Wrote upgrade log to 'C:/Users/realk/Desktop/ece385/ECE385/lab7_2/ip_upgrade.log'.
export_ip_user_files -of_objects [get_ips mb_block_1_hdmi_text_controller_0_0] -no_script -sync -force -quiet
generate_target all [get_files  C:/Users/realk/Desktop/ece385/ECE385/lab7_2/lab7_2.srcs/sources_1/bd/mb_block_1/mb_block_1.bd]
CRITICAL WARNING: [BD 41-1732] Bus interface '/hdmi_text_controller_0/AXI' is found to be associated with multiple clock-pins. This may prevent design from functioning correctly. List of associated clock-pins:
/hdmi_text_controller_0/axi_aclk
/hdmi_text_controller_0/axi_aclk

.
WARNING: [filemgmt 56-443] The ECC Algorithm string is empty. Setting the Memory Map to default ECC value to ECC_NONE.
WARNING: [filemgmt 56-443] The ECC Algorithm string is empty. Setting the Memory Map to default ECC value to ECC_NONE.
INFO: [xilinx.com:ip:axi_intc:4.1-1] /microblaze_0_axi_intc: The AXI INTC core has been configured to operate with synchronous clocks.
INFO: [xilinx.com:ip:clk_wiz:6.0-1] /clk_wiz_1 clk_wiz propagate
Wrote  : <C:\Users\realk\Desktop\ece385\ECE385\lab7_2\lab7_2.srcs\sources_1\bd\mb_block_1\mb_block_1.bd> 
Verilog Output written to : C:/Users/realk/Desktop/ece385/ECE385/lab7_2/lab7_2.gen/sources_1/bd/mb_block_1/synth/mb_block_1.v
Verilog Output written to : C:/Users/realk/Desktop/ece385/ECE385/lab7_2/lab7_2.gen/sources_1/bd/mb_block_1/sim/mb_block_1.v
Verilog Output written to : C:/Users/realk/Desktop/ece385/ECE385/lab7_2/lab7_2.gen/sources_1/bd/mb_block_1/hdl/mb_block_1_wrapper.v
INFO: [BD 41-1029] Generation completed for the IP Integrator block hdmi_text_controller_0 .
Exporting to file C:/Users/realk/Desktop/ece385/ECE385/lab7_2/lab7_2.gen/sources_1/bd/mb_block_1/hw_handoff/mb_block_1.hwh
Generated Hardware Definition File C:/Users/realk/Desktop/ece385/ECE385/lab7_2/lab7_2.gen/sources_1/bd/mb_block_1/synth/mb_block_1.hwdef
generate_target: Time (s): cpu = 00:00:05 ; elapsed = 00:00:12 . Memory (MB): peak = 2943.891 ; gain = 11.273
catch { config_ip_cache -export [get_ips -all mb_block_1_hdmi_text_controller_0_0] }
INFO: [IP_Flow 19-6924] IPCACHE: Running cache check for IP inst: mb_block_1_hdmi_text_controller_0_0
export_ip_user_files -of_objects [get_files C:/Users/realk/Desktop/ece385/ECE385/lab7_2/lab7_2.srcs/sources_1/bd/mb_block_1/mb_block_1.bd] -no_script -sync -force -quiet
create_ip_run [get_files -of_objects [get_fileset sources_1] C:/Users/realk/Desktop/ece385/ECE385/lab7_2/lab7_2.srcs/sources_1/bd/mb_block_1/mb_block_1.bd]
launch_runs mb_block_1_hdmi_text_controller_0_0_synth_1 -jobs 16
INFO: [IP_Flow 19-6924] IPCACHE: Running cache check for IP inst: mb_block_1_hdmi_text_controller_0_0
[Fri Nov  8 02:09:38 2024] Launched mb_block_1_hdmi_text_controller_0_0_synth_1...
Run output will be captured here: C:/Users/realk/Desktop/ece385/ECE385/lab7_2/lab7_2.runs/mb_block_1_hdmi_text_controller_0_0_synth_1/runme.log
export_simulation -of_objects [get_files C:/Users/realk/Desktop/ece385/ECE385/lab7_2/lab7_2.srcs/sources_1/bd/mb_block_1/mb_block_1.bd] -directory C:/Users/realk/Desktop/ece385/ECE385/lab7_2/lab7_2.ip_user_files/sim_scripts -ip_user_files_dir C:/Users/realk/Desktop/ece385/ECE385/lab7_2/lab7_2.ip_user_files -ipstatic_source_dir C:/Users/realk/Desktop/ece385/ECE385/lab7_2/lab7_2.ip_user_files/ipstatic -lib_map_path [list {modelsim=C:/Users/realk/Desktop/ece385/ECE385/lab7_2/lab7_2.cache/compile_simlib/modelsim} {questa=C:/Users/realk/Desktop/ece385/ECE385/lab7_2/lab7_2.cache/compile_simlib/questa} {riviera=C:/Users/realk/Desktop/ece385/ECE385/lab7_2/lab7_2.cache/compile_simlib/riviera} {activehdl=C:/Users/realk/Desktop/ece385/ECE385/lab7_2/lab7_2.cache/compile_simlib/activehdl}] -use_ip_compiled_libs -force -quiet
reset_run synth_1
INFO: [Project 1-1161] Replacing file C:/Users/realk/Desktop/ece385/ECE385/lab7_2/lab7_2.srcs/utils_1/imports/synth_1/mb_usb_hdmi_top.dcp with file C:/Users/realk/Desktop/ece385/ECE385/lab7_2/lab7_2.runs/synth_1/mb_usb_hdmi_top.dcp
WARNING: [Vivado 12-1017] Problems encountered:
1. Failed to delete one or more files in run directory C:/Users/realk/Desktop/ece385/ECE385/lab7_2/lab7_2.runs/synth_1

launch_runs impl_1 -to_step write_bitstream -jobs 16
INFO: [IP_Flow 19-6924] IPCACHE: Running cache check for IP inst: mb_block_1_hdmi_text_controller_0_0
[Fri Nov  8 02:09:56 2024] Launched mb_block_1_hdmi_text_controller_0_0_synth_1, synth_1...
Run output will be captured here:
mb_block_1_hdmi_text_controller_0_0_synth_1: C:/Users/realk/Desktop/ece385/ECE385/lab7_2/lab7_2.runs/mb_block_1_hdmi_text_controller_0_0_synth_1/runme.log
synth_1: C:/Users/realk/Desktop/ece385/ECE385/lab7_2/lab7_2.runs/synth_1/runme.log
[Fri Nov  8 02:09:56 2024] Launched impl_1...
Run output will be captured here: C:/Users/realk/Desktop/ece385/ECE385/lab7_2/lab7_2.runs/impl_1/runme.log
write_hw_platform -fixed -include_bit -force -file C:/Users/realk/Desktop/ece385/ECE385/lab7_2/mb_usb_hdmi_top.xsa
INFO: [Project 1-1918] Creating Hardware Platform: C:/Users/realk/Desktop/ece385/ECE385/lab7_2/mb_usb_hdmi_top.xsa ...
INFO: [Project 1-1943] The Hardware Platform can be used for Hardware
INFO: [Project 1-1941] Successfully created Hardware Platform: C:/Users/realk/Desktop/ece385/ECE385/lab7_2/mb_usb_hdmi_top.xsa
update_ip_catalog -rebuild -scan_changes
INFO: [IP_Flow 19-234] Refreshing IP repositories
INFO: [IP_Flow 19-1700] Loaded user IP repository 'c:/Users/realk/Desktop/ece385/ECE385/ip_repo'.
INFO: [IP_Flow 19-1700] Loaded user IP repository 'c:/Users/realk/Downloads/RD_hdmi_ip2020'.
report_ip_status -name ip_status
upgrade_ip -vlnv xilinx.com:user:hdmi_text_controller:1.0 [get_ips  mb_block_1_hdmi_text_controller_0_0] -log ip_upgrade.log
Upgrading 'C:/Users/realk/Desktop/ece385/ECE385/lab7_2/lab7_2.srcs/sources_1/bd/mb_block_1/mb_block_1.bd'
INFO: [IP_Flow 19-3422] Upgraded mb_block_1_hdmi_text_controller_0_0 (hdmi_text_controller_v1.0 1.0) from revision 33 to revision 34
Wrote  : <C:\Users\realk\Desktop\ece385\ECE385\lab7_2\lab7_2.srcs\sources_1\bd\mb_block_1\mb_block_1.bd> 
INFO: [Coretcl 2-1525] Wrote upgrade log to 'C:/Users/realk/Desktop/ece385/ECE385/lab7_2/ip_upgrade.log'.
export_ip_user_files -of_objects [get_ips mb_block_1_hdmi_text_controller_0_0] -no_script -sync -force -quiet
generate_target all [get_files  C:/Users/realk/Desktop/ece385/ECE385/lab7_2/lab7_2.srcs/sources_1/bd/mb_block_1/mb_block_1.bd]
CRITICAL WARNING: [BD 41-1732] Bus interface '/hdmi_text_controller_0/AXI' is found to be associated with multiple clock-pins. This may prevent design from functioning correctly. List of associated clock-pins:
/hdmi_text_controller_0/axi_aclk
/hdmi_text_controller_0/axi_aclk

.
WARNING: [filemgmt 56-443] The ECC Algorithm string is empty. Setting the Memory Map to default ECC value to ECC_NONE.
WARNING: [filemgmt 56-443] The ECC Algorithm string is empty. Setting the Memory Map to default ECC value to ECC_NONE.
INFO: [xilinx.com:ip:axi_intc:4.1-1] /microblaze_0_axi_intc: The AXI INTC core has been configured to operate with synchronous clocks.
INFO: [xilinx.com:ip:clk_wiz:6.0-1] /clk_wiz_1 clk_wiz propagate
Wrote  : <C:\Users\realk\Desktop\ece385\ECE385\lab7_2\lab7_2.srcs\sources_1\bd\mb_block_1\mb_block_1.bd> 
Verilog Output written to : C:/Users/realk/Desktop/ece385/ECE385/lab7_2/lab7_2.gen/sources_1/bd/mb_block_1/synth/mb_block_1.v
Verilog Output written to : C:/Users/realk/Desktop/ece385/ECE385/lab7_2/lab7_2.gen/sources_1/bd/mb_block_1/sim/mb_block_1.v
Verilog Output written to : C:/Users/realk/Desktop/ece385/ECE385/lab7_2/lab7_2.gen/sources_1/bd/mb_block_1/hdl/mb_block_1_wrapper.v
INFO: [BD 41-1029] Generation completed for the IP Integrator block hdmi_text_controller_0 .
Exporting to file C:/Users/realk/Desktop/ece385/ECE385/lab7_2/lab7_2.gen/sources_1/bd/mb_block_1/hw_handoff/mb_block_1.hwh
Generated Hardware Definition File C:/Users/realk/Desktop/ece385/ECE385/lab7_2/lab7_2.gen/sources_1/bd/mb_block_1/synth/mb_block_1.hwdef
generate_target: Time (s): cpu = 00:00:06 ; elapsed = 00:00:12 . Memory (MB): peak = 2948.652 ; gain = 0.000
catch { config_ip_cache -export [get_ips -all mb_block_1_hdmi_text_controller_0_0] }
INFO: [IP_Flow 19-6924] IPCACHE: Running cache check for IP inst: mb_block_1_hdmi_text_controller_0_0
export_ip_user_files -of_objects [get_files C:/Users/realk/Desktop/ece385/ECE385/lab7_2/lab7_2.srcs/sources_1/bd/mb_block_1/mb_block_1.bd] -no_script -sync -force -quiet
create_ip_run [get_files -of_objects [get_fileset sources_1] C:/Users/realk/Desktop/ece385/ECE385/lab7_2/lab7_2.srcs/sources_1/bd/mb_block_1/mb_block_1.bd]
launch_runs mb_block_1_hdmi_text_controller_0_0_synth_1 -jobs 16
INFO: [IP_Flow 19-6924] IPCACHE: Running cache check for IP inst: mb_block_1_hdmi_text_controller_0_0
[Fri Nov  8 02:21:34 2024] Launched mb_block_1_hdmi_text_controller_0_0_synth_1...
Run output will be captured here: C:/Users/realk/Desktop/ece385/ECE385/lab7_2/lab7_2.runs/mb_block_1_hdmi_text_controller_0_0_synth_1/runme.log
export_simulation -of_objects [get_files C:/Users/realk/Desktop/ece385/ECE385/lab7_2/lab7_2.srcs/sources_1/bd/mb_block_1/mb_block_1.bd] -directory C:/Users/realk/Desktop/ece385/ECE385/lab7_2/lab7_2.ip_user_files/sim_scripts -ip_user_files_dir C:/Users/realk/Desktop/ece385/ECE385/lab7_2/lab7_2.ip_user_files -ipstatic_source_dir C:/Users/realk/Desktop/ece385/ECE385/lab7_2/lab7_2.ip_user_files/ipstatic -lib_map_path [list {modelsim=C:/Users/realk/Desktop/ece385/ECE385/lab7_2/lab7_2.cache/compile_simlib/modelsim} {questa=C:/Users/realk/Desktop/ece385/ECE385/lab7_2/lab7_2.cache/compile_simlib/questa} {riviera=C:/Users/realk/Desktop/ece385/ECE385/lab7_2/lab7_2.cache/compile_simlib/riviera} {activehdl=C:/Users/realk/Desktop/ece385/ECE385/lab7_2/lab7_2.cache/compile_simlib/activehdl}] -use_ip_compiled_libs -force -quiet
reset_run synth_1
INFO: [Project 1-1161] Replacing file C:/Users/realk/Desktop/ece385/ECE385/lab7_2/lab7_2.srcs/utils_1/imports/synth_1/mb_usb_hdmi_top.dcp with file C:/Users/realk/Desktop/ece385/ECE385/lab7_2/lab7_2.runs/synth_1/mb_usb_hdmi_top.dcp
WARNING: [Vivado 12-1017] Problems encountered:
1. Failed to delete one or more files in run directory C:/Users/realk/Desktop/ece385/ECE385/lab7_2/lab7_2.runs/synth_1

launch_runs impl_1 -to_step write_bitstream -jobs 16
INFO: [IP_Flow 19-6924] IPCACHE: Running cache check for IP inst: mb_block_1_hdmi_text_controller_0_0
[Fri Nov  8 02:21:54 2024] Launched mb_block_1_hdmi_text_controller_0_0_synth_1, synth_1...
Run output will be captured here:
mb_block_1_hdmi_text_controller_0_0_synth_1: C:/Users/realk/Desktop/ece385/ECE385/lab7_2/lab7_2.runs/mb_block_1_hdmi_text_controller_0_0_synth_1/runme.log
synth_1: C:/Users/realk/Desktop/ece385/ECE385/lab7_2/lab7_2.runs/synth_1/runme.log
[Fri Nov  8 02:21:54 2024] Launched impl_1...
Run output will be captured here: C:/Users/realk/Desktop/ece385/ECE385/lab7_2/lab7_2.runs/impl_1/runme.log
write_hw_platform -fixed -include_bit -force -file C:/Users/realk/Desktop/ece385/ECE385/lab7_2/mb_usb_hdmi_top.xsa
INFO: [Project 1-1918] Creating Hardware Platform: C:/Users/realk/Desktop/ece385/ECE385/lab7_2/mb_usb_hdmi_top.xsa ...
INFO: [Project 1-1943] The Hardware Platform can be used for Hardware
INFO: [Project 1-1941] Successfully created Hardware Platform: C:/Users/realk/Desktop/ece385/ECE385/lab7_2/mb_usb_hdmi_top.xsa
update_ip_catalog -rebuild -scan_changes
INFO: [IP_Flow 19-234] Refreshing IP repositories
INFO: [IP_Flow 19-1700] Loaded user IP repository 'c:/Users/realk/Desktop/ece385/ECE385/ip_repo'.
INFO: [IP_Flow 19-1700] Loaded user IP repository 'c:/Users/realk/Downloads/RD_hdmi_ip2020'.
report_ip_status -name ip_status
upgrade_ip -vlnv xilinx.com:user:hdmi_text_controller:1.0 [get_ips  mb_block_1_hdmi_text_controller_0_0] -log ip_upgrade.log
Upgrading 'C:/Users/realk/Desktop/ece385/ECE385/lab7_2/lab7_2.srcs/sources_1/bd/mb_block_1/mb_block_1.bd'
INFO: [IP_Flow 19-3422] Upgraded mb_block_1_hdmi_text_controller_0_0 (hdmi_text_controller_v1.0 1.0) from revision 34 to revision 35
Wrote  : <C:\Users\realk\Desktop\ece385\ECE385\lab7_2\lab7_2.srcs\sources_1\bd\mb_block_1\mb_block_1.bd> 
INFO: [Coretcl 2-1525] Wrote upgrade log to 'C:/Users/realk/Desktop/ece385/ECE385/lab7_2/ip_upgrade.log'.
export_ip_user_files -of_objects [get_ips mb_block_1_hdmi_text_controller_0_0] -no_script -sync -force -quiet
generate_target all [get_files  C:/Users/realk/Desktop/ece385/ECE385/lab7_2/lab7_2.srcs/sources_1/bd/mb_block_1/mb_block_1.bd]
CRITICAL WARNING: [BD 41-1732] Bus interface '/hdmi_text_controller_0/AXI' is found to be associated with multiple clock-pins. This may prevent design from functioning correctly. List of associated clock-pins:
/hdmi_text_controller_0/axi_aclk
/hdmi_text_controller_0/axi_aclk

.
WARNING: [filemgmt 56-443] The ECC Algorithm string is empty. Setting the Memory Map to default ECC value to ECC_NONE.
WARNING: [filemgmt 56-443] The ECC Algorithm string is empty. Setting the Memory Map to default ECC value to ECC_NONE.
INFO: [xilinx.com:ip:axi_intc:4.1-1] /microblaze_0_axi_intc: The AXI INTC core has been configured to operate with synchronous clocks.
INFO: [xilinx.com:ip:clk_wiz:6.0-1] /clk_wiz_1 clk_wiz propagate
Wrote  : <C:\Users\realk\Desktop\ece385\ECE385\lab7_2\lab7_2.srcs\sources_1\bd\mb_block_1\mb_block_1.bd> 
Verilog Output written to : C:/Users/realk/Desktop/ece385/ECE385/lab7_2/lab7_2.gen/sources_1/bd/mb_block_1/synth/mb_block_1.v
Verilog Output written to : C:/Users/realk/Desktop/ece385/ECE385/lab7_2/lab7_2.gen/sources_1/bd/mb_block_1/sim/mb_block_1.v
Verilog Output written to : C:/Users/realk/Desktop/ece385/ECE385/lab7_2/lab7_2.gen/sources_1/bd/mb_block_1/hdl/mb_block_1_wrapper.v
INFO: [BD 41-1029] Generation completed for the IP Integrator block hdmi_text_controller_0 .
Exporting to file C:/Users/realk/Desktop/ece385/ECE385/lab7_2/lab7_2.gen/sources_1/bd/mb_block_1/hw_handoff/mb_block_1.hwh
Generated Hardware Definition File C:/Users/realk/Desktop/ece385/ECE385/lab7_2/lab7_2.gen/sources_1/bd/mb_block_1/synth/mb_block_1.hwdef
generate_target: Time (s): cpu = 00:00:06 ; elapsed = 00:00:12 . Memory (MB): peak = 2957.254 ; gain = 0.000
catch { config_ip_cache -export [get_ips -all mb_block_1_hdmi_text_controller_0_0] }
INFO: [IP_Flow 19-6924] IPCACHE: Running cache check for IP inst: mb_block_1_hdmi_text_controller_0_0
export_ip_user_files -of_objects [get_files C:/Users/realk/Desktop/ece385/ECE385/lab7_2/lab7_2.srcs/sources_1/bd/mb_block_1/mb_block_1.bd] -no_script -sync -force -quiet
create_ip_run [get_files -of_objects [get_fileset sources_1] C:/Users/realk/Desktop/ece385/ECE385/lab7_2/lab7_2.srcs/sources_1/bd/mb_block_1/mb_block_1.bd]
launch_runs mb_block_1_hdmi_text_controller_0_0_synth_1 -jobs 16
INFO: [IP_Flow 19-6924] IPCACHE: Running cache check for IP inst: mb_block_1_hdmi_text_controller_0_0
[Fri Nov  8 02:30:41 2024] Launched mb_block_1_hdmi_text_controller_0_0_synth_1...
Run output will be captured here: C:/Users/realk/Desktop/ece385/ECE385/lab7_2/lab7_2.runs/mb_block_1_hdmi_text_controller_0_0_synth_1/runme.log
export_simulation -of_objects [get_files C:/Users/realk/Desktop/ece385/ECE385/lab7_2/lab7_2.srcs/sources_1/bd/mb_block_1/mb_block_1.bd] -directory C:/Users/realk/Desktop/ece385/ECE385/lab7_2/lab7_2.ip_user_files/sim_scripts -ip_user_files_dir C:/Users/realk/Desktop/ece385/ECE385/lab7_2/lab7_2.ip_user_files -ipstatic_source_dir C:/Users/realk/Desktop/ece385/ECE385/lab7_2/lab7_2.ip_user_files/ipstatic -lib_map_path [list {modelsim=C:/Users/realk/Desktop/ece385/ECE385/lab7_2/lab7_2.cache/compile_simlib/modelsim} {questa=C:/Users/realk/Desktop/ece385/ECE385/lab7_2/lab7_2.cache/compile_simlib/questa} {riviera=C:/Users/realk/Desktop/ece385/ECE385/lab7_2/lab7_2.cache/compile_simlib/riviera} {activehdl=C:/Users/realk/Desktop/ece385/ECE385/lab7_2/lab7_2.cache/compile_simlib/activehdl}] -use_ip_compiled_libs -force -quiet
reset_run synth_1
INFO: [Project 1-1161] Replacing file C:/Users/realk/Desktop/ece385/ECE385/lab7_2/lab7_2.srcs/utils_1/imports/synth_1/mb_usb_hdmi_top.dcp with file C:/Users/realk/Desktop/ece385/ECE385/lab7_2/lab7_2.runs/synth_1/mb_usb_hdmi_top.dcp
WARNING: [Vivado 12-1017] Problems encountered:
1. Failed to delete one or more files in run directory C:/Users/realk/Desktop/ece385/ECE385/lab7_2/lab7_2.runs/synth_1

launch_runs impl_1 -to_step write_bitstream -jobs 16
INFO: [IP_Flow 19-6924] IPCACHE: Running cache check for IP inst: mb_block_1_hdmi_text_controller_0_0
[Fri Nov  8 02:30:58 2024] Launched mb_block_1_hdmi_text_controller_0_0_synth_1, synth_1...
Run output will be captured here:
mb_block_1_hdmi_text_controller_0_0_synth_1: C:/Users/realk/Desktop/ece385/ECE385/lab7_2/lab7_2.runs/mb_block_1_hdmi_text_controller_0_0_synth_1/runme.log
synth_1: C:/Users/realk/Desktop/ece385/ECE385/lab7_2/lab7_2.runs/synth_1/runme.log
[Fri Nov  8 02:30:58 2024] Launched impl_1...
Run output will be captured here: C:/Users/realk/Desktop/ece385/ECE385/lab7_2/lab7_2.runs/impl_1/runme.log
report_ip_status -name ip_status 
write_hw_platform -fixed -include_bit -force -file C:/Users/realk/Desktop/ece385/ECE385/lab7_2/mb_usb_hdmi_top.xsa
INFO: [Project 1-1918] Creating Hardware Platform: C:/Users/realk/Desktop/ece385/ECE385/lab7_2/mb_usb_hdmi_top.xsa ...
INFO: [Project 1-1943] The Hardware Platform can be used for Hardware
INFO: [Project 1-1941] Successfully created Hardware Platform: C:/Users/realk/Desktop/ece385/ECE385/lab7_2/mb_usb_hdmi_top.xsa
update_ip_catalog -rebuild -scan_changes
INFO: [IP_Flow 19-234] Refreshing IP repositories
INFO: [IP_Flow 19-1700] Loaded user IP repository 'c:/Users/realk/Desktop/ece385/ECE385/ip_repo'.
INFO: [IP_Flow 19-1700] Loaded user IP repository 'c:/Users/realk/Downloads/RD_hdmi_ip2020'.
report_ip_status -name ip_status
upgrade_ip -vlnv xilinx.com:user:hdmi_text_controller:1.0 [get_ips  mb_block_1_hdmi_text_controller_0_0] -log ip_upgrade.log
Upgrading 'C:/Users/realk/Desktop/ece385/ECE385/lab7_2/lab7_2.srcs/sources_1/bd/mb_block_1/mb_block_1.bd'
INFO: [IP_Flow 19-3422] Upgraded mb_block_1_hdmi_text_controller_0_0 (hdmi_text_controller_v1.0 1.0) from revision 35 to revision 36
Wrote  : <C:\Users\realk\Desktop\ece385\ECE385\lab7_2\lab7_2.srcs\sources_1\bd\mb_block_1\mb_block_1.bd> 
INFO: [Coretcl 2-1525] Wrote upgrade log to 'C:/Users/realk/Desktop/ece385/ECE385/lab7_2/ip_upgrade.log'.
export_ip_user_files -of_objects [get_ips mb_block_1_hdmi_text_controller_0_0] -no_script -sync -force -quiet
generate_target all [get_files  C:/Users/realk/Desktop/ece385/ECE385/lab7_2/lab7_2.srcs/sources_1/bd/mb_block_1/mb_block_1.bd]
CRITICAL WARNING: [BD 41-1732] Bus interface '/hdmi_text_controller_0/AXI' is found to be associated with multiple clock-pins. This may prevent design from functioning correctly. List of associated clock-pins:
/hdmi_text_controller_0/axi_aclk
/hdmi_text_controller_0/axi_aclk

.
WARNING: [filemgmt 56-443] The ECC Algorithm string is empty. Setting the Memory Map to default ECC value to ECC_NONE.
WARNING: [filemgmt 56-443] The ECC Algorithm string is empty. Setting the Memory Map to default ECC value to ECC_NONE.
INFO: [xilinx.com:ip:axi_intc:4.1-1] /microblaze_0_axi_intc: The AXI INTC core has been configured to operate with synchronous clocks.
INFO: [xilinx.com:ip:clk_wiz:6.0-1] /clk_wiz_1 clk_wiz propagate
Wrote  : <C:\Users\realk\Desktop\ece385\ECE385\lab7_2\lab7_2.srcs\sources_1\bd\mb_block_1\mb_block_1.bd> 
Verilog Output written to : C:/Users/realk/Desktop/ece385/ECE385/lab7_2/lab7_2.gen/sources_1/bd/mb_block_1/synth/mb_block_1.v
Verilog Output written to : C:/Users/realk/Desktop/ece385/ECE385/lab7_2/lab7_2.gen/sources_1/bd/mb_block_1/sim/mb_block_1.v
Verilog Output written to : C:/Users/realk/Desktop/ece385/ECE385/lab7_2/lab7_2.gen/sources_1/bd/mb_block_1/hdl/mb_block_1_wrapper.v
INFO: [BD 41-1029] Generation completed for the IP Integrator block hdmi_text_controller_0 .
Exporting to file C:/Users/realk/Desktop/ece385/ECE385/lab7_2/lab7_2.gen/sources_1/bd/mb_block_1/hw_handoff/mb_block_1.hwh
Generated Hardware Definition File C:/Users/realk/Desktop/ece385/ECE385/lab7_2/lab7_2.gen/sources_1/bd/mb_block_1/synth/mb_block_1.hwdef
generate_target: Time (s): cpu = 00:00:07 ; elapsed = 00:00:15 . Memory (MB): peak = 2959.102 ; gain = 0.000
catch { config_ip_cache -export [get_ips -all mb_block_1_hdmi_text_controller_0_0] }
INFO: [IP_Flow 19-6924] IPCACHE: Running cache check for IP inst: mb_block_1_hdmi_text_controller_0_0
export_ip_user_files -of_objects [get_files C:/Users/realk/Desktop/ece385/ECE385/lab7_2/lab7_2.srcs/sources_1/bd/mb_block_1/mb_block_1.bd] -no_script -sync -force -quiet
create_ip_run [get_files -of_objects [get_fileset sources_1] C:/Users/realk/Desktop/ece385/ECE385/lab7_2/lab7_2.srcs/sources_1/bd/mb_block_1/mb_block_1.bd]
launch_runs mb_block_1_hdmi_text_controller_0_0_synth_1 -jobs 16
INFO: [IP_Flow 19-6924] IPCACHE: Running cache check for IP inst: mb_block_1_hdmi_text_controller_0_0
[Fri Nov  8 02:44:28 2024] Launched mb_block_1_hdmi_text_controller_0_0_synth_1...
Run output will be captured here: C:/Users/realk/Desktop/ece385/ECE385/lab7_2/lab7_2.runs/mb_block_1_hdmi_text_controller_0_0_synth_1/runme.log
export_simulation -of_objects [get_files C:/Users/realk/Desktop/ece385/ECE385/lab7_2/lab7_2.srcs/sources_1/bd/mb_block_1/mb_block_1.bd] -directory C:/Users/realk/Desktop/ece385/ECE385/lab7_2/lab7_2.ip_user_files/sim_scripts -ip_user_files_dir C:/Users/realk/Desktop/ece385/ECE385/lab7_2/lab7_2.ip_user_files -ipstatic_source_dir C:/Users/realk/Desktop/ece385/ECE385/lab7_2/lab7_2.ip_user_files/ipstatic -lib_map_path [list {modelsim=C:/Users/realk/Desktop/ece385/ECE385/lab7_2/lab7_2.cache/compile_simlib/modelsim} {questa=C:/Users/realk/Desktop/ece385/ECE385/lab7_2/lab7_2.cache/compile_simlib/questa} {riviera=C:/Users/realk/Desktop/ece385/ECE385/lab7_2/lab7_2.cache/compile_simlib/riviera} {activehdl=C:/Users/realk/Desktop/ece385/ECE385/lab7_2/lab7_2.cache/compile_simlib/activehdl}] -use_ip_compiled_libs -force -quiet
reset_run synth_1
INFO: [Project 1-1161] Replacing file C:/Users/realk/Desktop/ece385/ECE385/lab7_2/lab7_2.srcs/utils_1/imports/synth_1/mb_usb_hdmi_top.dcp with file C:/Users/realk/Desktop/ece385/ECE385/lab7_2/lab7_2.runs/synth_1/mb_usb_hdmi_top.dcp
WARNING: [Vivado 12-1017] Problems encountered:
1. Failed to delete one or more files in run directory C:/Users/realk/Desktop/ece385/ECE385/lab7_2/lab7_2.runs/synth_1

launch_runs impl_1 -to_step write_bitstream -jobs 16
INFO: [IP_Flow 19-6924] IPCACHE: Running cache check for IP inst: mb_block_1_hdmi_text_controller_0_0
[Fri Nov  8 02:44:46 2024] Launched mb_block_1_hdmi_text_controller_0_0_synth_1, synth_1...
Run output will be captured here:
mb_block_1_hdmi_text_controller_0_0_synth_1: C:/Users/realk/Desktop/ece385/ECE385/lab7_2/lab7_2.runs/mb_block_1_hdmi_text_controller_0_0_synth_1/runme.log
synth_1: C:/Users/realk/Desktop/ece385/ECE385/lab7_2/lab7_2.runs/synth_1/runme.log
[Fri Nov  8 02:44:46 2024] Launched impl_1...
Run output will be captured here: C:/Users/realk/Desktop/ece385/ECE385/lab7_2/lab7_2.runs/impl_1/runme.log
write_hw_platform -fixed -include_bit -force -file C:/Users/realk/Desktop/ece385/ECE385/lab7_2/mb_usb_hdmi_top.xsa
INFO: [Project 1-1918] Creating Hardware Platform: C:/Users/realk/Desktop/ece385/ECE385/lab7_2/mb_usb_hdmi_top.xsa ...
INFO: [Project 1-1943] The Hardware Platform can be used for Hardware
INFO: [Project 1-1941] Successfully created Hardware Platform: C:/Users/realk/Desktop/ece385/ECE385/lab7_2/mb_usb_hdmi_top.xsa
update_ip_catalog -rebuild -scan_changes
INFO: [IP_Flow 19-234] Refreshing IP repositories
INFO: [IP_Flow 19-1700] Loaded user IP repository 'c:/Users/realk/Desktop/ece385/ECE385/ip_repo'.
INFO: [IP_Flow 19-1700] Loaded user IP repository 'c:/Users/realk/Downloads/RD_hdmi_ip2020'.
report_ip_status -name ip_status
upgrade_ip -vlnv xilinx.com:user:hdmi_text_controller:1.0 [get_ips  mb_block_1_hdmi_text_controller_0_0] -log ip_upgrade.log
Upgrading 'C:/Users/realk/Desktop/ece385/ECE385/lab7_2/lab7_2.srcs/sources_1/bd/mb_block_1/mb_block_1.bd'
INFO: [IP_Flow 19-3422] Upgraded mb_block_1_hdmi_text_controller_0_0 (hdmi_text_controller_v1.0 1.0) from revision 36 to revision 37
Wrote  : <C:\Users\realk\Desktop\ece385\ECE385\lab7_2\lab7_2.srcs\sources_1\bd\mb_block_1\mb_block_1.bd> 
INFO: [Coretcl 2-1525] Wrote upgrade log to 'C:/Users/realk/Desktop/ece385/ECE385/lab7_2/ip_upgrade.log'.
export_ip_user_files -of_objects [get_ips mb_block_1_hdmi_text_controller_0_0] -no_script -sync -force -quiet
generate_target all [get_files  C:/Users/realk/Desktop/ece385/ECE385/lab7_2/lab7_2.srcs/sources_1/bd/mb_block_1/mb_block_1.bd]
CRITICAL WARNING: [BD 41-1732] Bus interface '/hdmi_text_controller_0/AXI' is found to be associated with multiple clock-pins. This may prevent design from functioning correctly. List of associated clock-pins:
/hdmi_text_controller_0/axi_aclk
/hdmi_text_controller_0/axi_aclk

.
WARNING: [filemgmt 56-443] The ECC Algorithm string is empty. Setting the Memory Map to default ECC value to ECC_NONE.
WARNING: [filemgmt 56-443] The ECC Algorithm string is empty. Setting the Memory Map to default ECC value to ECC_NONE.
INFO: [xilinx.com:ip:axi_intc:4.1-1] /microblaze_0_axi_intc: The AXI INTC core has been configured to operate with synchronous clocks.
INFO: [xilinx.com:ip:clk_wiz:6.0-1] /clk_wiz_1 clk_wiz propagate
Wrote  : <C:\Users\realk\Desktop\ece385\ECE385\lab7_2\lab7_2.srcs\sources_1\bd\mb_block_1\mb_block_1.bd> 
Verilog Output written to : C:/Users/realk/Desktop/ece385/ECE385/lab7_2/lab7_2.gen/sources_1/bd/mb_block_1/synth/mb_block_1.v
Verilog Output written to : C:/Users/realk/Desktop/ece385/ECE385/lab7_2/lab7_2.gen/sources_1/bd/mb_block_1/sim/mb_block_1.v
Verilog Output written to : C:/Users/realk/Desktop/ece385/ECE385/lab7_2/lab7_2.gen/sources_1/bd/mb_block_1/hdl/mb_block_1_wrapper.v
INFO: [BD 41-1029] Generation completed for the IP Integrator block hdmi_text_controller_0 .
Exporting to file C:/Users/realk/Desktop/ece385/ECE385/lab7_2/lab7_2.gen/sources_1/bd/mb_block_1/hw_handoff/mb_block_1.hwh
Generated Hardware Definition File C:/Users/realk/Desktop/ece385/ECE385/lab7_2/lab7_2.gen/sources_1/bd/mb_block_1/synth/mb_block_1.hwdef
generate_target: Time (s): cpu = 00:00:06 ; elapsed = 00:00:14 . Memory (MB): peak = 2959.102 ; gain = 0.000
catch { config_ip_cache -export [get_ips -all mb_block_1_hdmi_text_controller_0_0] }
INFO: [IP_Flow 19-6924] IPCACHE: Running cache check for IP inst: mb_block_1_hdmi_text_controller_0_0
export_ip_user_files -of_objects [get_files C:/Users/realk/Desktop/ece385/ECE385/lab7_2/lab7_2.srcs/sources_1/bd/mb_block_1/mb_block_1.bd] -no_script -sync -force -quiet
create_ip_run [get_files -of_objects [get_fileset sources_1] C:/Users/realk/Desktop/ece385/ECE385/lab7_2/lab7_2.srcs/sources_1/bd/mb_block_1/mb_block_1.bd]
launch_runs mb_block_1_hdmi_text_controller_0_0_synth_1 -jobs 16
INFO: [IP_Flow 19-6924] IPCACHE: Running cache check for IP inst: mb_block_1_hdmi_text_controller_0_0
[Fri Nov  8 03:05:31 2024] Launched mb_block_1_hdmi_text_controller_0_0_synth_1...
Run output will be captured here: C:/Users/realk/Desktop/ece385/ECE385/lab7_2/lab7_2.runs/mb_block_1_hdmi_text_controller_0_0_synth_1/runme.log
export_simulation -of_objects [get_files C:/Users/realk/Desktop/ece385/ECE385/lab7_2/lab7_2.srcs/sources_1/bd/mb_block_1/mb_block_1.bd] -directory C:/Users/realk/Desktop/ece385/ECE385/lab7_2/lab7_2.ip_user_files/sim_scripts -ip_user_files_dir C:/Users/realk/Desktop/ece385/ECE385/lab7_2/lab7_2.ip_user_files -ipstatic_source_dir C:/Users/realk/Desktop/ece385/ECE385/lab7_2/lab7_2.ip_user_files/ipstatic -lib_map_path [list {modelsim=C:/Users/realk/Desktop/ece385/ECE385/lab7_2/lab7_2.cache/compile_simlib/modelsim} {questa=C:/Users/realk/Desktop/ece385/ECE385/lab7_2/lab7_2.cache/compile_simlib/questa} {riviera=C:/Users/realk/Desktop/ece385/ECE385/lab7_2/lab7_2.cache/compile_simlib/riviera} {activehdl=C:/Users/realk/Desktop/ece385/ECE385/lab7_2/lab7_2.cache/compile_simlib/activehdl}] -use_ip_compiled_libs -force -quiet
reset_run synth_1
INFO: [Project 1-1161] Replacing file C:/Users/realk/Desktop/ece385/ECE385/lab7_2/lab7_2.srcs/utils_1/imports/synth_1/mb_usb_hdmi_top.dcp with file C:/Users/realk/Desktop/ece385/ECE385/lab7_2/lab7_2.runs/synth_1/mb_usb_hdmi_top.dcp
WARNING: [Vivado 12-1017] Problems encountered:
1. Failed to delete one or more files in run directory C:/Users/realk/Desktop/ece385/ECE385/lab7_2/lab7_2.runs/synth_1

launch_runs impl_1 -to_step write_bitstream -jobs 16
INFO: [IP_Flow 19-6924] IPCACHE: Running cache check for IP inst: mb_block_1_hdmi_text_controller_0_0
[Fri Nov  8 03:05:47 2024] Launched mb_block_1_hdmi_text_controller_0_0_synth_1, synth_1...
Run output will be captured here:
mb_block_1_hdmi_text_controller_0_0_synth_1: C:/Users/realk/Desktop/ece385/ECE385/lab7_2/lab7_2.runs/mb_block_1_hdmi_text_controller_0_0_synth_1/runme.log
synth_1: C:/Users/realk/Desktop/ece385/ECE385/lab7_2/lab7_2.runs/synth_1/runme.log
[Fri Nov  8 03:05:47 2024] Launched impl_1...
Run output will be captured here: C:/Users/realk/Desktop/ece385/ECE385/lab7_2/lab7_2.runs/impl_1/runme.log
update_ip_catalog -rebuild -scan_changes
INFO: [IP_Flow 19-234] Refreshing IP repositories
INFO: [IP_Flow 19-1700] Loaded user IP repository 'c:/Users/realk/Desktop/ece385/ECE385/ip_repo'.
INFO: [IP_Flow 19-1700] Loaded user IP repository 'c:/Users/realk/Downloads/RD_hdmi_ip2020'.
report_ip_status -name ip_status
reset_run synth_1
WARNING: [Vivado 12-1017] Problems encountered:
1. Failed to delete one or more files in run directory C:/Users/realk/Desktop/ece385/ECE385/lab7_2/lab7_2.runs/synth_1

upgrade_ip -vlnv xilinx.com:user:hdmi_text_controller:1.0 [get_ips  mb_block_1_hdmi_text_controller_0_0] -log ip_upgrade.log
Upgrading 'C:/Users/realk/Desktop/ece385/ECE385/lab7_2/lab7_2.srcs/sources_1/bd/mb_block_1/mb_block_1.bd'
INFO: [IP_Flow 19-3422] Upgraded mb_block_1_hdmi_text_controller_0_0 (hdmi_text_controller_v1.0 1.0) from revision 37 to revision 38
Wrote  : <C:\Users\realk\Desktop\ece385\ECE385\lab7_2\lab7_2.srcs\sources_1\bd\mb_block_1\mb_block_1.bd> 
INFO: [Coretcl 2-1525] Wrote upgrade log to 'C:/Users/realk/Desktop/ece385/ECE385/lab7_2/ip_upgrade.log'.
export_ip_user_files -of_objects [get_ips mb_block_1_hdmi_text_controller_0_0] -no_script -sync -force -quiet
generate_target all [get_files  C:/Users/realk/Desktop/ece385/ECE385/lab7_2/lab7_2.srcs/sources_1/bd/mb_block_1/mb_block_1.bd]
CRITICAL WARNING: [BD 41-1732] Bus interface '/hdmi_text_controller_0/AXI' is found to be associated with multiple clock-pins. This may prevent design from functioning correctly. List of associated clock-pins:
/hdmi_text_controller_0/axi_aclk
/hdmi_text_controller_0/axi_aclk

.
WARNING: [filemgmt 56-443] The ECC Algorithm string is empty. Setting the Memory Map to default ECC value to ECC_NONE.
WARNING: [filemgmt 56-443] The ECC Algorithm string is empty. Setting the Memory Map to default ECC value to ECC_NONE.
INFO: [xilinx.com:ip:axi_intc:4.1-1] /microblaze_0_axi_intc: The AXI INTC core has been configured to operate with synchronous clocks.
INFO: [xilinx.com:ip:clk_wiz:6.0-1] /clk_wiz_1 clk_wiz propagate
Wrote  : <C:\Users\realk\Desktop\ece385\ECE385\lab7_2\lab7_2.srcs\sources_1\bd\mb_block_1\mb_block_1.bd> 
Verilog Output written to : C:/Users/realk/Desktop/ece385/ECE385/lab7_2/lab7_2.gen/sources_1/bd/mb_block_1/synth/mb_block_1.v
Verilog Output written to : C:/Users/realk/Desktop/ece385/ECE385/lab7_2/lab7_2.gen/sources_1/bd/mb_block_1/sim/mb_block_1.v
Verilog Output written to : C:/Users/realk/Desktop/ece385/ECE385/lab7_2/lab7_2.gen/sources_1/bd/mb_block_1/hdl/mb_block_1_wrapper.v
INFO: [BD 41-1029] Generation completed for the IP Integrator block hdmi_text_controller_0 .
Exporting to file C:/Users/realk/Desktop/ece385/ECE385/lab7_2/lab7_2.gen/sources_1/bd/mb_block_1/hw_handoff/mb_block_1.hwh
Generated Hardware Definition File C:/Users/realk/Desktop/ece385/ECE385/lab7_2/lab7_2.gen/sources_1/bd/mb_block_1/synth/mb_block_1.hwdef
generate_target: Time (s): cpu = 00:00:06 ; elapsed = 00:00:13 . Memory (MB): peak = 2965.531 ; gain = 0.000
catch { config_ip_cache -export [get_ips -all mb_block_1_hdmi_text_controller_0_0] }
INFO: [IP_Flow 19-6924] IPCACHE: Running cache check for IP inst: mb_block_1_hdmi_text_controller_0_0
export_ip_user_files -of_objects [get_files C:/Users/realk/Desktop/ece385/ECE385/lab7_2/lab7_2.srcs/sources_1/bd/mb_block_1/mb_block_1.bd] -no_script -sync -force -quiet
create_ip_run [get_files -of_objects [get_fileset sources_1] C:/Users/realk/Desktop/ece385/ECE385/lab7_2/lab7_2.srcs/sources_1/bd/mb_block_1/mb_block_1.bd]
launch_runs mb_block_1_hdmi_text_controller_0_0_synth_1 -jobs 16
INFO: [IP_Flow 19-6924] IPCACHE: Running cache check for IP inst: mb_block_1_hdmi_text_controller_0_0
[Fri Nov  8 03:08:17 2024] Launched mb_block_1_hdmi_text_controller_0_0_synth_1...
Run output will be captured here: C:/Users/realk/Desktop/ece385/ECE385/lab7_2/lab7_2.runs/mb_block_1_hdmi_text_controller_0_0_synth_1/runme.log
export_simulation -of_objects [get_files C:/Users/realk/Desktop/ece385/ECE385/lab7_2/lab7_2.srcs/sources_1/bd/mb_block_1/mb_block_1.bd] -directory C:/Users/realk/Desktop/ece385/ECE385/lab7_2/lab7_2.ip_user_files/sim_scripts -ip_user_files_dir C:/Users/realk/Desktop/ece385/ECE385/lab7_2/lab7_2.ip_user_files -ipstatic_source_dir C:/Users/realk/Desktop/ece385/ECE385/lab7_2/lab7_2.ip_user_files/ipstatic -lib_map_path [list {modelsim=C:/Users/realk/Desktop/ece385/ECE385/lab7_2/lab7_2.cache/compile_simlib/modelsim} {questa=C:/Users/realk/Desktop/ece385/ECE385/lab7_2/lab7_2.cache/compile_simlib/questa} {riviera=C:/Users/realk/Desktop/ece385/ECE385/lab7_2/lab7_2.cache/compile_simlib/riviera} {activehdl=C:/Users/realk/Desktop/ece385/ECE385/lab7_2/lab7_2.cache/compile_simlib/activehdl}] -use_ip_compiled_libs -force -quiet
report_ip_status -name ip_status 
launch_runs impl_1 -to_step write_bitstream -jobs 16
INFO: [IP_Flow 19-6924] IPCACHE: Running cache check for IP inst: mb_block_1_hdmi_text_controller_0_0
[Fri Nov  8 03:08:35 2024] Launched mb_block_1_hdmi_text_controller_0_0_synth_1, synth_1...
Run output will be captured here:
mb_block_1_hdmi_text_controller_0_0_synth_1: C:/Users/realk/Desktop/ece385/ECE385/lab7_2/lab7_2.runs/mb_block_1_hdmi_text_controller_0_0_synth_1/runme.log
synth_1: C:/Users/realk/Desktop/ece385/ECE385/lab7_2/lab7_2.runs/synth_1/runme.log
[Fri Nov  8 03:08:35 2024] Launched impl_1...
Run output will be captured here: C:/Users/realk/Desktop/ece385/ECE385/lab7_2/lab7_2.runs/impl_1/runme.log
write_hw_platform -fixed -include_bit -force -file C:/Users/realk/Desktop/ece385/ECE385/lab7_2/mb_usb_hdmi_top.xsa
INFO: [Project 1-1918] Creating Hardware Platform: C:/Users/realk/Desktop/ece385/ECE385/lab7_2/mb_usb_hdmi_top.xsa ...
INFO: [Project 1-1943] The Hardware Platform can be used for Hardware
INFO: [Project 1-1941] Successfully created Hardware Platform: C:/Users/realk/Desktop/ece385/ECE385/lab7_2/mb_usb_hdmi_top.xsa
update_ip_catalog -rebuild -scan_changes
INFO: [IP_Flow 19-234] Refreshing IP repositories
INFO: [IP_Flow 19-1700] Loaded user IP repository 'c:/Users/realk/Desktop/ece385/ECE385/ip_repo'.
INFO: [IP_Flow 19-1700] Loaded user IP repository 'c:/Users/realk/Downloads/RD_hdmi_ip2020'.
report_ip_status -name ip_status
upgrade_ip -vlnv xilinx.com:user:hdmi_text_controller:1.0 [get_ips  mb_block_1_hdmi_text_controller_0_0] -log ip_upgrade.log
Upgrading 'C:/Users/realk/Desktop/ece385/ECE385/lab7_2/lab7_2.srcs/sources_1/bd/mb_block_1/mb_block_1.bd'
INFO: [IP_Flow 19-3422] Upgraded mb_block_1_hdmi_text_controller_0_0 (hdmi_text_controller_v1.0 1.0) from revision 38 to revision 39
Wrote  : <C:\Users\realk\Desktop\ece385\ECE385\lab7_2\lab7_2.srcs\sources_1\bd\mb_block_1\mb_block_1.bd> 
INFO: [Coretcl 2-1525] Wrote upgrade log to 'C:/Users/realk/Desktop/ece385/ECE385/lab7_2/ip_upgrade.log'.
export_ip_user_files -of_objects [get_ips mb_block_1_hdmi_text_controller_0_0] -no_script -sync -force -quiet
generate_target all [get_files  C:/Users/realk/Desktop/ece385/ECE385/lab7_2/lab7_2.srcs/sources_1/bd/mb_block_1/mb_block_1.bd]
CRITICAL WARNING: [BD 41-1732] Bus interface '/hdmi_text_controller_0/AXI' is found to be associated with multiple clock-pins. This may prevent design from functioning correctly. List of associated clock-pins:
/hdmi_text_controller_0/axi_aclk
/hdmi_text_controller_0/axi_aclk

.
WARNING: [filemgmt 56-443] The ECC Algorithm string is empty. Setting the Memory Map to default ECC value to ECC_NONE.
WARNING: [filemgmt 56-443] The ECC Algorithm string is empty. Setting the Memory Map to default ECC value to ECC_NONE.
INFO: [xilinx.com:ip:axi_intc:4.1-1] /microblaze_0_axi_intc: The AXI INTC core has been configured to operate with synchronous clocks.
INFO: [xilinx.com:ip:clk_wiz:6.0-1] /clk_wiz_1 clk_wiz propagate
Wrote  : <C:\Users\realk\Desktop\ece385\ECE385\lab7_2\lab7_2.srcs\sources_1\bd\mb_block_1\mb_block_1.bd> 
Verilog Output written to : C:/Users/realk/Desktop/ece385/ECE385/lab7_2/lab7_2.gen/sources_1/bd/mb_block_1/synth/mb_block_1.v
Verilog Output written to : C:/Users/realk/Desktop/ece385/ECE385/lab7_2/lab7_2.gen/sources_1/bd/mb_block_1/sim/mb_block_1.v
Verilog Output written to : C:/Users/realk/Desktop/ece385/ECE385/lab7_2/lab7_2.gen/sources_1/bd/mb_block_1/hdl/mb_block_1_wrapper.v
INFO: [BD 41-1029] Generation completed for the IP Integrator block hdmi_text_controller_0 .
Exporting to file C:/Users/realk/Desktop/ece385/ECE385/lab7_2/lab7_2.gen/sources_1/bd/mb_block_1/hw_handoff/mb_block_1.hwh
Generated Hardware Definition File C:/Users/realk/Desktop/ece385/ECE385/lab7_2/lab7_2.gen/sources_1/bd/mb_block_1/synth/mb_block_1.hwdef
generate_target: Time (s): cpu = 00:00:05 ; elapsed = 00:00:13 . Memory (MB): peak = 2965.531 ; gain = 0.000
catch { config_ip_cache -export [get_ips -all mb_block_1_hdmi_text_controller_0_0] }
INFO: [IP_Flow 19-6924] IPCACHE: Running cache check for IP inst: mb_block_1_hdmi_text_controller_0_0
export_ip_user_files -of_objects [get_files C:/Users/realk/Desktop/ece385/ECE385/lab7_2/lab7_2.srcs/sources_1/bd/mb_block_1/mb_block_1.bd] -no_script -sync -force -quiet
create_ip_run [get_files -of_objects [get_fileset sources_1] C:/Users/realk/Desktop/ece385/ECE385/lab7_2/lab7_2.srcs/sources_1/bd/mb_block_1/mb_block_1.bd]
launch_runs mb_block_1_hdmi_text_controller_0_0_synth_1 -jobs 16
INFO: [IP_Flow 19-6924] IPCACHE: Running cache check for IP inst: mb_block_1_hdmi_text_controller_0_0
[Fri Nov  8 04:07:44 2024] Launched mb_block_1_hdmi_text_controller_0_0_synth_1...
Run output will be captured here: C:/Users/realk/Desktop/ece385/ECE385/lab7_2/lab7_2.runs/mb_block_1_hdmi_text_controller_0_0_synth_1/runme.log
export_simulation -of_objects [get_files C:/Users/realk/Desktop/ece385/ECE385/lab7_2/lab7_2.srcs/sources_1/bd/mb_block_1/mb_block_1.bd] -directory C:/Users/realk/Desktop/ece385/ECE385/lab7_2/lab7_2.ip_user_files/sim_scripts -ip_user_files_dir C:/Users/realk/Desktop/ece385/ECE385/lab7_2/lab7_2.ip_user_files -ipstatic_source_dir C:/Users/realk/Desktop/ece385/ECE385/lab7_2/lab7_2.ip_user_files/ipstatic -lib_map_path [list {modelsim=C:/Users/realk/Desktop/ece385/ECE385/lab7_2/lab7_2.cache/compile_simlib/modelsim} {questa=C:/Users/realk/Desktop/ece385/ECE385/lab7_2/lab7_2.cache/compile_simlib/questa} {riviera=C:/Users/realk/Desktop/ece385/ECE385/lab7_2/lab7_2.cache/compile_simlib/riviera} {activehdl=C:/Users/realk/Desktop/ece385/ECE385/lab7_2/lab7_2.cache/compile_simlib/activehdl}] -use_ip_compiled_libs -force -quiet
reset_run synth_1
INFO: [Project 1-1161] Replacing file C:/Users/realk/Desktop/ece385/ECE385/lab7_2/lab7_2.srcs/utils_1/imports/synth_1/mb_usb_hdmi_top.dcp with file C:/Users/realk/Desktop/ece385/ECE385/lab7_2/lab7_2.runs/synth_1/mb_usb_hdmi_top.dcp
WARNING: [Vivado 12-1017] Problems encountered:
1. Failed to delete one or more files in run directory C:/Users/realk/Desktop/ece385/ECE385/lab7_2/lab7_2.runs/synth_1

launch_runs impl_1 -to_step write_bitstream -jobs 16
INFO: [IP_Flow 19-6924] IPCACHE: Running cache check for IP inst: mb_block_1_hdmi_text_controller_0_0
[Fri Nov  8 04:08:07 2024] Launched mb_block_1_hdmi_text_controller_0_0_synth_1, synth_1...
Run output will be captured here:
mb_block_1_hdmi_text_controller_0_0_synth_1: C:/Users/realk/Desktop/ece385/ECE385/lab7_2/lab7_2.runs/mb_block_1_hdmi_text_controller_0_0_synth_1/runme.log
synth_1: C:/Users/realk/Desktop/ece385/ECE385/lab7_2/lab7_2.runs/synth_1/runme.log
[Fri Nov  8 04:08:07 2024] Launched impl_1...
Run output will be captured here: C:/Users/realk/Desktop/ece385/ECE385/lab7_2/lab7_2.runs/impl_1/runme.log
write_hw_platform -fixed -include_bit -force -file C:/Users/realk/Desktop/ece385/ECE385/lab7_2/mb_usb_hdmi_top.xsa
INFO: [Project 1-1918] Creating Hardware Platform: C:/Users/realk/Desktop/ece385/ECE385/lab7_2/mb_usb_hdmi_top.xsa ...
INFO: [Project 1-1943] The Hardware Platform can be used for Hardware
INFO: [Project 1-1941] Successfully created Hardware Platform: C:/Users/realk/Desktop/ece385/ECE385/lab7_2/mb_usb_hdmi_top.xsa
update_ip_catalog -rebuild -scan_changes
INFO: [IP_Flow 19-234] Refreshing IP repositories
INFO: [IP_Flow 19-1700] Loaded user IP repository 'c:/Users/realk/Desktop/ece385/ECE385/ip_repo'.
INFO: [IP_Flow 19-1700] Loaded user IP repository 'c:/Users/realk/Downloads/RD_hdmi_ip2020'.
report_ip_status -name ip_status
upgrade_ip -vlnv xilinx.com:user:hdmi_text_controller:1.0 [get_ips  mb_block_1_hdmi_text_controller_0_0] -log ip_upgrade.log
Upgrading 'C:/Users/realk/Desktop/ece385/ECE385/lab7_2/lab7_2.srcs/sources_1/bd/mb_block_1/mb_block_1.bd'
INFO: [IP_Flow 19-3422] Upgraded mb_block_1_hdmi_text_controller_0_0 (hdmi_text_controller_v1.0 1.0) from revision 39 to revision 40
Wrote  : <C:\Users\realk\Desktop\ece385\ECE385\lab7_2\lab7_2.srcs\sources_1\bd\mb_block_1\mb_block_1.bd> 
INFO: [Coretcl 2-1525] Wrote upgrade log to 'C:/Users/realk/Desktop/ece385/ECE385/lab7_2/ip_upgrade.log'.
export_ip_user_files -of_objects [get_ips mb_block_1_hdmi_text_controller_0_0] -no_script -sync -force -quiet
generate_target all [get_files  C:/Users/realk/Desktop/ece385/ECE385/lab7_2/lab7_2.srcs/sources_1/bd/mb_block_1/mb_block_1.bd]
CRITICAL WARNING: [BD 41-1732] Bus interface '/hdmi_text_controller_0/AXI' is found to be associated with multiple clock-pins. This may prevent design from functioning correctly. List of associated clock-pins:
/hdmi_text_controller_0/axi_aclk
/hdmi_text_controller_0/axi_aclk

.
WARNING: [filemgmt 56-443] The ECC Algorithm string is empty. Setting the Memory Map to default ECC value to ECC_NONE.
WARNING: [filemgmt 56-443] The ECC Algorithm string is empty. Setting the Memory Map to default ECC value to ECC_NONE.
INFO: [xilinx.com:ip:axi_intc:4.1-1] /microblaze_0_axi_intc: The AXI INTC core has been configured to operate with synchronous clocks.
INFO: [xilinx.com:ip:clk_wiz:6.0-1] /clk_wiz_1 clk_wiz propagate
Wrote  : <C:\Users\realk\Desktop\ece385\ECE385\lab7_2\lab7_2.srcs\sources_1\bd\mb_block_1\mb_block_1.bd> 
Verilog Output written to : C:/Users/realk/Desktop/ece385/ECE385/lab7_2/lab7_2.gen/sources_1/bd/mb_block_1/synth/mb_block_1.v
Verilog Output written to : C:/Users/realk/Desktop/ece385/ECE385/lab7_2/lab7_2.gen/sources_1/bd/mb_block_1/sim/mb_block_1.v
Verilog Output written to : C:/Users/realk/Desktop/ece385/ECE385/lab7_2/lab7_2.gen/sources_1/bd/mb_block_1/hdl/mb_block_1_wrapper.v
INFO: [BD 41-1029] Generation completed for the IP Integrator block hdmi_text_controller_0 .
Exporting to file C:/Users/realk/Desktop/ece385/ECE385/lab7_2/lab7_2.gen/sources_1/bd/mb_block_1/hw_handoff/mb_block_1.hwh
Generated Hardware Definition File C:/Users/realk/Desktop/ece385/ECE385/lab7_2/lab7_2.gen/sources_1/bd/mb_block_1/synth/mb_block_1.hwdef
generate_target: Time (s): cpu = 00:00:05 ; elapsed = 00:00:14 . Memory (MB): peak = 2969.031 ; gain = 0.000
catch { config_ip_cache -export [get_ips -all mb_block_1_hdmi_text_controller_0_0] }
INFO: [IP_Flow 19-6924] IPCACHE: Running cache check for IP inst: mb_block_1_hdmi_text_controller_0_0
export_ip_user_files -of_objects [get_files C:/Users/realk/Desktop/ece385/ECE385/lab7_2/lab7_2.srcs/sources_1/bd/mb_block_1/mb_block_1.bd] -no_script -sync -force -quiet
create_ip_run [get_files -of_objects [get_fileset sources_1] C:/Users/realk/Desktop/ece385/ECE385/lab7_2/lab7_2.srcs/sources_1/bd/mb_block_1/mb_block_1.bd]
launch_runs mb_block_1_hdmi_text_controller_0_0_synth_1 -jobs 16
INFO: [IP_Flow 19-6924] IPCACHE: Running cache check for IP inst: mb_block_1_hdmi_text_controller_0_0
[Fri Nov  8 04:58:34 2024] Launched mb_block_1_hdmi_text_controller_0_0_synth_1...
Run output will be captured here: C:/Users/realk/Desktop/ece385/ECE385/lab7_2/lab7_2.runs/mb_block_1_hdmi_text_controller_0_0_synth_1/runme.log
export_simulation -of_objects [get_files C:/Users/realk/Desktop/ece385/ECE385/lab7_2/lab7_2.srcs/sources_1/bd/mb_block_1/mb_block_1.bd] -directory C:/Users/realk/Desktop/ece385/ECE385/lab7_2/lab7_2.ip_user_files/sim_scripts -ip_user_files_dir C:/Users/realk/Desktop/ece385/ECE385/lab7_2/lab7_2.ip_user_files -ipstatic_source_dir C:/Users/realk/Desktop/ece385/ECE385/lab7_2/lab7_2.ip_user_files/ipstatic -lib_map_path [list {modelsim=C:/Users/realk/Desktop/ece385/ECE385/lab7_2/lab7_2.cache/compile_simlib/modelsim} {questa=C:/Users/realk/Desktop/ece385/ECE385/lab7_2/lab7_2.cache/compile_simlib/questa} {riviera=C:/Users/realk/Desktop/ece385/ECE385/lab7_2/lab7_2.cache/compile_simlib/riviera} {activehdl=C:/Users/realk/Desktop/ece385/ECE385/lab7_2/lab7_2.cache/compile_simlib/activehdl}] -use_ip_compiled_libs -force -quiet
reset_run synth_1
INFO: [Project 1-1161] Replacing file C:/Users/realk/Desktop/ece385/ECE385/lab7_2/lab7_2.srcs/utils_1/imports/synth_1/mb_usb_hdmi_top.dcp with file C:/Users/realk/Desktop/ece385/ECE385/lab7_2/lab7_2.runs/synth_1/mb_usb_hdmi_top.dcp
WARNING: [Vivado 12-1017] Problems encountered:
1. Failed to delete one or more files in run directory C:/Users/realk/Desktop/ece385/ECE385/lab7_2/lab7_2.runs/synth_1

launch_runs impl_1 -to_step write_bitstream -jobs 16
INFO: [IP_Flow 19-6924] IPCACHE: Running cache check for IP inst: mb_block_1_hdmi_text_controller_0_0
[Fri Nov  8 04:59:01 2024] Launched mb_block_1_hdmi_text_controller_0_0_synth_1, synth_1...
Run output will be captured here:
mb_block_1_hdmi_text_controller_0_0_synth_1: C:/Users/realk/Desktop/ece385/ECE385/lab7_2/lab7_2.runs/mb_block_1_hdmi_text_controller_0_0_synth_1/runme.log
synth_1: C:/Users/realk/Desktop/ece385/ECE385/lab7_2/lab7_2.runs/synth_1/runme.log
[Fri Nov  8 04:59:01 2024] Launched impl_1...
Run output will be captured here: C:/Users/realk/Desktop/ece385/ECE385/lab7_2/lab7_2.runs/impl_1/runme.log
update_ip_catalog -rebuild -scan_changes
INFO: [IP_Flow 19-234] Refreshing IP repositories
INFO: [IP_Flow 19-1700] Loaded user IP repository 'c:/Users/realk/Desktop/ece385/ECE385/ip_repo'.
INFO: [IP_Flow 19-1700] Loaded user IP repository 'c:/Users/realk/Downloads/RD_hdmi_ip2020'.
report_ip_status -name ip_status
upgrade_ip -vlnv xilinx.com:user:hdmi_text_controller:1.0 [get_ips  mb_block_1_hdmi_text_controller_0_0] -log ip_upgrade.log
Upgrading 'C:/Users/realk/Desktop/ece385/ECE385/lab7_2/lab7_2.srcs/sources_1/bd/mb_block_1/mb_block_1.bd'
INFO: [IP_Flow 19-3422] Upgraded mb_block_1_hdmi_text_controller_0_0 (hdmi_text_controller_v1.0 1.0) from revision 40 to revision 41
Wrote  : <C:\Users\realk\Desktop\ece385\ECE385\lab7_2\lab7_2.srcs\sources_1\bd\mb_block_1\mb_block_1.bd> 
INFO: [Coretcl 2-1525] Wrote upgrade log to 'C:/Users/realk/Desktop/ece385/ECE385/lab7_2/ip_upgrade.log'.
export_ip_user_files -of_objects [get_ips mb_block_1_hdmi_text_controller_0_0] -no_script -sync -force -quiet
generate_target all [get_files  C:/Users/realk/Desktop/ece385/ECE385/lab7_2/lab7_2.srcs/sources_1/bd/mb_block_1/mb_block_1.bd]
CRITICAL WARNING: [BD 41-1732] Bus interface '/hdmi_text_controller_0/AXI' is found to be associated with multiple clock-pins. This may prevent design from functioning correctly. List of associated clock-pins:
/hdmi_text_controller_0/axi_aclk
/hdmi_text_controller_0/axi_aclk

.
WARNING: [filemgmt 56-443] The ECC Algorithm string is empty. Setting the Memory Map to default ECC value to ECC_NONE.
WARNING: [filemgmt 56-443] The ECC Algorithm string is empty. Setting the Memory Map to default ECC value to ECC_NONE.
INFO: [xilinx.com:ip:axi_intc:4.1-1] /microblaze_0_axi_intc: The AXI INTC core has been configured to operate with synchronous clocks.
INFO: [xilinx.com:ip:clk_wiz:6.0-1] /clk_wiz_1 clk_wiz propagate
Wrote  : <C:\Users\realk\Desktop\ece385\ECE385\lab7_2\lab7_2.srcs\sources_1\bd\mb_block_1\mb_block_1.bd> 
Verilog Output written to : C:/Users/realk/Desktop/ece385/ECE385/lab7_2/lab7_2.gen/sources_1/bd/mb_block_1/synth/mb_block_1.v
Verilog Output written to : C:/Users/realk/Desktop/ece385/ECE385/lab7_2/lab7_2.gen/sources_1/bd/mb_block_1/sim/mb_block_1.v
Verilog Output written to : C:/Users/realk/Desktop/ece385/ECE385/lab7_2/lab7_2.gen/sources_1/bd/mb_block_1/hdl/mb_block_1_wrapper.v
INFO: [BD 41-1029] Generation completed for the IP Integrator block hdmi_text_controller_0 .
Exporting to file C:/Users/realk/Desktop/ece385/ECE385/lab7_2/lab7_2.gen/sources_1/bd/mb_block_1/hw_handoff/mb_block_1.hwh
Generated Hardware Definition File C:/Users/realk/Desktop/ece385/ECE385/lab7_2/lab7_2.gen/sources_1/bd/mb_block_1/synth/mb_block_1.hwdef
generate_target: Time (s): cpu = 00:00:06 ; elapsed = 00:00:14 . Memory (MB): peak = 2974.062 ; gain = 3.270
catch { config_ip_cache -export [get_ips -all mb_block_1_hdmi_text_controller_0_0] }
INFO: [IP_Flow 19-6924] IPCACHE: Running cache check for IP inst: mb_block_1_hdmi_text_controller_0_0
export_ip_user_files -of_objects [get_files C:/Users/realk/Desktop/ece385/ECE385/lab7_2/lab7_2.srcs/sources_1/bd/mb_block_1/mb_block_1.bd] -no_script -sync -force -quiet
create_ip_run [get_files -of_objects [get_fileset sources_1] C:/Users/realk/Desktop/ece385/ECE385/lab7_2/lab7_2.srcs/sources_1/bd/mb_block_1/mb_block_1.bd]
launch_runs mb_block_1_hdmi_text_controller_0_0_synth_1 -jobs 16
INFO: [IP_Flow 19-6924] IPCACHE: Running cache check for IP inst: mb_block_1_hdmi_text_controller_0_0
[Fri Nov  8 05:29:39 2024] Launched mb_block_1_hdmi_text_controller_0_0_synth_1...
Run output will be captured here: C:/Users/realk/Desktop/ece385/ECE385/lab7_2/lab7_2.runs/mb_block_1_hdmi_text_controller_0_0_synth_1/runme.log
export_simulation -of_objects [get_files C:/Users/realk/Desktop/ece385/ECE385/lab7_2/lab7_2.srcs/sources_1/bd/mb_block_1/mb_block_1.bd] -directory C:/Users/realk/Desktop/ece385/ECE385/lab7_2/lab7_2.ip_user_files/sim_scripts -ip_user_files_dir C:/Users/realk/Desktop/ece385/ECE385/lab7_2/lab7_2.ip_user_files -ipstatic_source_dir C:/Users/realk/Desktop/ece385/ECE385/lab7_2/lab7_2.ip_user_files/ipstatic -lib_map_path [list {modelsim=C:/Users/realk/Desktop/ece385/ECE385/lab7_2/lab7_2.cache/compile_simlib/modelsim} {questa=C:/Users/realk/Desktop/ece385/ECE385/lab7_2/lab7_2.cache/compile_simlib/questa} {riviera=C:/Users/realk/Desktop/ece385/ECE385/lab7_2/lab7_2.cache/compile_simlib/riviera} {activehdl=C:/Users/realk/Desktop/ece385/ECE385/lab7_2/lab7_2.cache/compile_simlib/activehdl}] -use_ip_compiled_libs -force -quiet
report_ip_status -name ip_status 
reset_run synth_1
INFO: [Project 1-1161] Replacing file C:/Users/realk/Desktop/ece385/ECE385/lab7_2/lab7_2.srcs/utils_1/imports/synth_1/mb_usb_hdmi_top.dcp with file C:/Users/realk/Desktop/ece385/ECE385/lab7_2/lab7_2.runs/synth_1/mb_usb_hdmi_top.dcp
launch_runs impl_1 -to_step write_bitstream -jobs 16
[Fri Nov  8 05:40:01 2024] Launched synth_1...
Run output will be captured here: C:/Users/realk/Desktop/ece385/ECE385/lab7_2/lab7_2.runs/synth_1/runme.log
[Fri Nov  8 05:40:01 2024] Launched impl_1...
Run output will be captured here: C:/Users/realk/Desktop/ece385/ECE385/lab7_2/lab7_2.runs/impl_1/runme.log
write_hw_platform -fixed -include_bit -force -file C:/Users/realk/Desktop/ece385/ECE385/lab7_2/mb_usb_hdmi_top.xsa
INFO: [Project 1-1918] Creating Hardware Platform: C:/Users/realk/Desktop/ece385/ECE385/lab7_2/mb_usb_hdmi_top.xsa ...
INFO: [Project 1-1943] The Hardware Platform can be used for Hardware
INFO: [Project 1-1941] Successfully created Hardware Platform: C:/Users/realk/Desktop/ece385/ECE385/lab7_2/mb_usb_hdmi_top.xsa
update_ip_catalog -rebuild -scan_changes
INFO: [IP_Flow 19-234] Refreshing IP repositories
INFO: [IP_Flow 19-1700] Loaded user IP repository 'c:/Users/realk/Desktop/ece385/ECE385/ip_repo'.
INFO: [IP_Flow 19-1700] Loaded user IP repository 'c:/Users/realk/Downloads/RD_hdmi_ip2020'.
report_ip_status -name ip_status
upgrade_ip -vlnv xilinx.com:user:hdmi_text_controller:1.0 [get_ips  mb_block_1_hdmi_text_controller_0_0] -log ip_upgrade.log
Upgrading 'C:/Users/realk/Desktop/ece385/ECE385/lab7_2/lab7_2.srcs/sources_1/bd/mb_block_1/mb_block_1.bd'
INFO: [IP_Flow 19-3422] Upgraded mb_block_1_hdmi_text_controller_0_0 (hdmi_text_controller_v1.0 1.0) from revision 41 to revision 42
Wrote  : <C:\Users\realk\Desktop\ece385\ECE385\lab7_2\lab7_2.srcs\sources_1\bd\mb_block_1\mb_block_1.bd> 
INFO: [Coretcl 2-1525] Wrote upgrade log to 'C:/Users/realk/Desktop/ece385/ECE385/lab7_2/ip_upgrade.log'.
export_ip_user_files -of_objects [get_ips mb_block_1_hdmi_text_controller_0_0] -no_script -sync -force -quiet
generate_target all [get_files  C:/Users/realk/Desktop/ece385/ECE385/lab7_2/lab7_2.srcs/sources_1/bd/mb_block_1/mb_block_1.bd]
CRITICAL WARNING: [BD 41-1732] Bus interface '/hdmi_text_controller_0/AXI' is found to be associated with multiple clock-pins. This may prevent design from functioning correctly. List of associated clock-pins:
/hdmi_text_controller_0/axi_aclk
/hdmi_text_controller_0/axi_aclk

.
WARNING: [filemgmt 56-443] The ECC Algorithm string is empty. Setting the Memory Map to default ECC value to ECC_NONE.
WARNING: [filemgmt 56-443] The ECC Algorithm string is empty. Setting the Memory Map to default ECC value to ECC_NONE.
INFO: [xilinx.com:ip:axi_intc:4.1-1] /microblaze_0_axi_intc: The AXI INTC core has been configured to operate with synchronous clocks.
INFO: [xilinx.com:ip:clk_wiz:6.0-1] /clk_wiz_1 clk_wiz propagate
Wrote  : <C:\Users\realk\Desktop\ece385\ECE385\lab7_2\lab7_2.srcs\sources_1\bd\mb_block_1\mb_block_1.bd> 
Verilog Output written to : C:/Users/realk/Desktop/ece385/ECE385/lab7_2/lab7_2.gen/sources_1/bd/mb_block_1/synth/mb_block_1.v
Verilog Output written to : C:/Users/realk/Desktop/ece385/ECE385/lab7_2/lab7_2.gen/sources_1/bd/mb_block_1/sim/mb_block_1.v
Verilog Output written to : C:/Users/realk/Desktop/ece385/ECE385/lab7_2/lab7_2.gen/sources_1/bd/mb_block_1/hdl/mb_block_1_wrapper.v
INFO: [BD 41-1029] Generation completed for the IP Integrator block hdmi_text_controller_0 .
Exporting to file C:/Users/realk/Desktop/ece385/ECE385/lab7_2/lab7_2.gen/sources_1/bd/mb_block_1/hw_handoff/mb_block_1.hwh
Generated Hardware Definition File C:/Users/realk/Desktop/ece385/ECE385/lab7_2/lab7_2.gen/sources_1/bd/mb_block_1/synth/mb_block_1.hwdef
generate_target: Time (s): cpu = 00:00:06 ; elapsed = 00:00:15 . Memory (MB): peak = 2981.074 ; gain = 0.340
catch { config_ip_cache -export [get_ips -all mb_block_1_hdmi_text_controller_0_0] }
INFO: [IP_Flow 19-6924] IPCACHE: Running cache check for IP inst: mb_block_1_hdmi_text_controller_0_0
export_ip_user_files -of_objects [get_files C:/Users/realk/Desktop/ece385/ECE385/lab7_2/lab7_2.srcs/sources_1/bd/mb_block_1/mb_block_1.bd] -no_script -sync -force -quiet
create_ip_run [get_files -of_objects [get_fileset sources_1] C:/Users/realk/Desktop/ece385/ECE385/lab7_2/lab7_2.srcs/sources_1/bd/mb_block_1/mb_block_1.bd]
launch_runs mb_block_1_hdmi_text_controller_0_0_synth_1 -jobs 16
INFO: [IP_Flow 19-6924] IPCACHE: Running cache check for IP inst: mb_block_1_hdmi_text_controller_0_0
[Fri Nov  8 05:55:54 2024] Launched mb_block_1_hdmi_text_controller_0_0_synth_1...
Run output will be captured here: C:/Users/realk/Desktop/ece385/ECE385/lab7_2/lab7_2.runs/mb_block_1_hdmi_text_controller_0_0_synth_1/runme.log
export_simulation -of_objects [get_files C:/Users/realk/Desktop/ece385/ECE385/lab7_2/lab7_2.srcs/sources_1/bd/mb_block_1/mb_block_1.bd] -directory C:/Users/realk/Desktop/ece385/ECE385/lab7_2/lab7_2.ip_user_files/sim_scripts -ip_user_files_dir C:/Users/realk/Desktop/ece385/ECE385/lab7_2/lab7_2.ip_user_files -ipstatic_source_dir C:/Users/realk/Desktop/ece385/ECE385/lab7_2/lab7_2.ip_user_files/ipstatic -lib_map_path [list {modelsim=C:/Users/realk/Desktop/ece385/ECE385/lab7_2/lab7_2.cache/compile_simlib/modelsim} {questa=C:/Users/realk/Desktop/ece385/ECE385/lab7_2/lab7_2.cache/compile_simlib/questa} {riviera=C:/Users/realk/Desktop/ece385/ECE385/lab7_2/lab7_2.cache/compile_simlib/riviera} {activehdl=C:/Users/realk/Desktop/ece385/ECE385/lab7_2/lab7_2.cache/compile_simlib/activehdl}] -use_ip_compiled_libs -force -quiet
reset_run synth_1
INFO: [Project 1-1161] Replacing file C:/Users/realk/Desktop/ece385/ECE385/lab7_2/lab7_2.srcs/utils_1/imports/synth_1/mb_usb_hdmi_top.dcp with file C:/Users/realk/Desktop/ece385/ECE385/lab7_2/lab7_2.runs/synth_1/mb_usb_hdmi_top.dcp
WARNING: [Vivado 12-1017] Problems encountered:
1. Failed to delete one or more files in run directory C:/Users/realk/Desktop/ece385/ECE385/lab7_2/lab7_2.runs/synth_1

launch_runs impl_1 -to_step write_bitstream -jobs 16
INFO: [IP_Flow 19-6924] IPCACHE: Running cache check for IP inst: mb_block_1_hdmi_text_controller_0_0
[Fri Nov  8 05:56:11 2024] Launched mb_block_1_hdmi_text_controller_0_0_synth_1, synth_1...
Run output will be captured here:
mb_block_1_hdmi_text_controller_0_0_synth_1: C:/Users/realk/Desktop/ece385/ECE385/lab7_2/lab7_2.runs/mb_block_1_hdmi_text_controller_0_0_synth_1/runme.log
synth_1: C:/Users/realk/Desktop/ece385/ECE385/lab7_2/lab7_2.runs/synth_1/runme.log
[Fri Nov  8 05:56:11 2024] Launched impl_1...
Run output will be captured here: C:/Users/realk/Desktop/ece385/ECE385/lab7_2/lab7_2.runs/impl_1/runme.log
write_hw_platform -fixed -include_bit -force -file C:/Users/realk/Desktop/ece385/ECE385/lab7_2/mb_usb_hdmi_top.xsa
INFO: [Project 1-1918] Creating Hardware Platform: C:/Users/realk/Desktop/ece385/ECE385/lab7_2/mb_usb_hdmi_top.xsa ...
INFO: [Project 1-1943] The Hardware Platform can be used for Hardware
INFO: [Project 1-1941] Successfully created Hardware Platform: C:/Users/realk/Desktop/ece385/ECE385/lab7_2/mb_usb_hdmi_top.xsa
update_ip_catalog -rebuild -scan_changes
INFO: [IP_Flow 19-234] Refreshing IP repositories
INFO: [IP_Flow 19-1700] Loaded user IP repository 'c:/Users/realk/Desktop/ece385/ECE385/ip_repo'.
INFO: [IP_Flow 19-1700] Loaded user IP repository 'c:/Users/realk/Downloads/RD_hdmi_ip2020'.
report_ip_status -name ip_status
upgrade_ip -vlnv xilinx.com:user:hdmi_text_controller:1.0 [get_ips  mb_block_1_hdmi_text_controller_0_0] -log ip_upgrade.log
Upgrading 'C:/Users/realk/Desktop/ece385/ECE385/lab7_2/lab7_2.srcs/sources_1/bd/mb_block_1/mb_block_1.bd'
INFO: [IP_Flow 19-3422] Upgraded mb_block_1_hdmi_text_controller_0_0 (hdmi_text_controller_v1.0 1.0) from revision 42 to revision 43
Wrote  : <C:\Users\realk\Desktop\ece385\ECE385\lab7_2\lab7_2.srcs\sources_1\bd\mb_block_1\mb_block_1.bd> 
INFO: [Coretcl 2-1525] Wrote upgrade log to 'C:/Users/realk/Desktop/ece385/ECE385/lab7_2/ip_upgrade.log'.
export_ip_user_files -of_objects [get_ips mb_block_1_hdmi_text_controller_0_0] -no_script -sync -force -quiet
generate_target all [get_files  C:/Users/realk/Desktop/ece385/ECE385/lab7_2/lab7_2.srcs/sources_1/bd/mb_block_1/mb_block_1.bd]
CRITICAL WARNING: [BD 41-1732] Bus interface '/hdmi_text_controller_0/AXI' is found to be associated with multiple clock-pins. This may prevent design from functioning correctly. List of associated clock-pins:
/hdmi_text_controller_0/axi_aclk
/hdmi_text_controller_0/axi_aclk

.
WARNING: [filemgmt 56-443] The ECC Algorithm string is empty. Setting the Memory Map to default ECC value to ECC_NONE.
WARNING: [filemgmt 56-443] The ECC Algorithm string is empty. Setting the Memory Map to default ECC value to ECC_NONE.
INFO: [xilinx.com:ip:axi_intc:4.1-1] /microblaze_0_axi_intc: The AXI INTC core has been configured to operate with synchronous clocks.
INFO: [xilinx.com:ip:clk_wiz:6.0-1] /clk_wiz_1 clk_wiz propagate
Wrote  : <C:\Users\realk\Desktop\ece385\ECE385\lab7_2\lab7_2.srcs\sources_1\bd\mb_block_1\mb_block_1.bd> 
Verilog Output written to : C:/Users/realk/Desktop/ece385/ECE385/lab7_2/lab7_2.gen/sources_1/bd/mb_block_1/synth/mb_block_1.v
Verilog Output written to : C:/Users/realk/Desktop/ece385/ECE385/lab7_2/lab7_2.gen/sources_1/bd/mb_block_1/sim/mb_block_1.v
Verilog Output written to : C:/Users/realk/Desktop/ece385/ECE385/lab7_2/lab7_2.gen/sources_1/bd/mb_block_1/hdl/mb_block_1_wrapper.v
INFO: [BD 41-1029] Generation completed for the IP Integrator block hdmi_text_controller_0 .
Exporting to file C:/Users/realk/Desktop/ece385/ECE385/lab7_2/lab7_2.gen/sources_1/bd/mb_block_1/hw_handoff/mb_block_1.hwh
Generated Hardware Definition File C:/Users/realk/Desktop/ece385/ECE385/lab7_2/lab7_2.gen/sources_1/bd/mb_block_1/synth/mb_block_1.hwdef
generate_target: Time (s): cpu = 00:00:06 ; elapsed = 00:00:14 . Memory (MB): peak = 2994.551 ; gain = 5.121
catch { config_ip_cache -export [get_ips -all mb_block_1_hdmi_text_controller_0_0] }
INFO: [IP_Flow 19-6924] IPCACHE: Running cache check for IP inst: mb_block_1_hdmi_text_controller_0_0
export_ip_user_files -of_objects [get_files C:/Users/realk/Desktop/ece385/ECE385/lab7_2/lab7_2.srcs/sources_1/bd/mb_block_1/mb_block_1.bd] -no_script -sync -force -quiet
create_ip_run [get_files -of_objects [get_fileset sources_1] C:/Users/realk/Desktop/ece385/ECE385/lab7_2/lab7_2.srcs/sources_1/bd/mb_block_1/mb_block_1.bd]
launch_runs mb_block_1_hdmi_text_controller_0_0_synth_1 -jobs 16
INFO: [IP_Flow 19-6924] IPCACHE: Running cache check for IP inst: mb_block_1_hdmi_text_controller_0_0
[Fri Nov  8 06:06:07 2024] Launched mb_block_1_hdmi_text_controller_0_0_synth_1...
Run output will be captured here: C:/Users/realk/Desktop/ece385/ECE385/lab7_2/lab7_2.runs/mb_block_1_hdmi_text_controller_0_0_synth_1/runme.log
export_simulation -of_objects [get_files C:/Users/realk/Desktop/ece385/ECE385/lab7_2/lab7_2.srcs/sources_1/bd/mb_block_1/mb_block_1.bd] -directory C:/Users/realk/Desktop/ece385/ECE385/lab7_2/lab7_2.ip_user_files/sim_scripts -ip_user_files_dir C:/Users/realk/Desktop/ece385/ECE385/lab7_2/lab7_2.ip_user_files -ipstatic_source_dir C:/Users/realk/Desktop/ece385/ECE385/lab7_2/lab7_2.ip_user_files/ipstatic -lib_map_path [list {modelsim=C:/Users/realk/Desktop/ece385/ECE385/lab7_2/lab7_2.cache/compile_simlib/modelsim} {questa=C:/Users/realk/Desktop/ece385/ECE385/lab7_2/lab7_2.cache/compile_simlib/questa} {riviera=C:/Users/realk/Desktop/ece385/ECE385/lab7_2/lab7_2.cache/compile_simlib/riviera} {activehdl=C:/Users/realk/Desktop/ece385/ECE385/lab7_2/lab7_2.cache/compile_simlib/activehdl}] -use_ip_compiled_libs -force -quiet
reset_run synth_1
INFO: [Project 1-1161] Replacing file C:/Users/realk/Desktop/ece385/ECE385/lab7_2/lab7_2.srcs/utils_1/imports/synth_1/mb_usb_hdmi_top.dcp with file C:/Users/realk/Desktop/ece385/ECE385/lab7_2/lab7_2.runs/synth_1/mb_usb_hdmi_top.dcp
WARNING: [Vivado 12-1017] Problems encountered:
1. Failed to delete one or more files in run directory C:/Users/realk/Desktop/ece385/ECE385/lab7_2/lab7_2.runs/synth_1

launch_runs impl_1 -to_step write_bitstream -jobs 16
INFO: [IP_Flow 19-6924] IPCACHE: Running cache check for IP inst: mb_block_1_hdmi_text_controller_0_0
[Fri Nov  8 06:06:25 2024] Launched mb_block_1_hdmi_text_controller_0_0_synth_1, synth_1...
Run output will be captured here:
mb_block_1_hdmi_text_controller_0_0_synth_1: C:/Users/realk/Desktop/ece385/ECE385/lab7_2/lab7_2.runs/mb_block_1_hdmi_text_controller_0_0_synth_1/runme.log
synth_1: C:/Users/realk/Desktop/ece385/ECE385/lab7_2/lab7_2.runs/synth_1/runme.log
[Fri Nov  8 06:06:25 2024] Launched impl_1...
Run output will be captured here: C:/Users/realk/Desktop/ece385/ECE385/lab7_2/lab7_2.runs/impl_1/runme.log
write_hw_platform -fixed -include_bit -force -file C:/Users/realk/Desktop/ece385/ECE385/lab7_2/mb_usb_hdmi_top.xsa
INFO: [Project 1-1918] Creating Hardware Platform: C:/Users/realk/Desktop/ece385/ECE385/lab7_2/mb_usb_hdmi_top.xsa ...
INFO: [Project 1-1943] The Hardware Platform can be used for Hardware
INFO: [Project 1-1941] Successfully created Hardware Platform: C:/Users/realk/Desktop/ece385/ECE385/lab7_2/mb_usb_hdmi_top.xsa
update_ip_catalog -rebuild -scan_changes
INFO: [IP_Flow 19-234] Refreshing IP repositories
INFO: [IP_Flow 19-1700] Loaded user IP repository 'c:/Users/realk/Desktop/ece385/ECE385/ip_repo'.
INFO: [IP_Flow 19-1700] Loaded user IP repository 'c:/Users/realk/Downloads/RD_hdmi_ip2020'.
report_ip_status -name ip_status
upgrade_ip -vlnv xilinx.com:user:hdmi_text_controller:1.0 [get_ips  mb_block_1_hdmi_text_controller_0_0] -log ip_upgrade.log
Upgrading 'C:/Users/realk/Desktop/ece385/ECE385/lab7_2/lab7_2.srcs/sources_1/bd/mb_block_1/mb_block_1.bd'
INFO: [IP_Flow 19-3422] Upgraded mb_block_1_hdmi_text_controller_0_0 (hdmi_text_controller_v1.0 1.0) from revision 43 to revision 44
Wrote  : <C:\Users\realk\Desktop\ece385\ECE385\lab7_2\lab7_2.srcs\sources_1\bd\mb_block_1\mb_block_1.bd> 
INFO: [Coretcl 2-1525] Wrote upgrade log to 'C:/Users/realk/Desktop/ece385/ECE385/lab7_2/ip_upgrade.log'.
export_ip_user_files -of_objects [get_ips mb_block_1_hdmi_text_controller_0_0] -no_script -sync -force -quiet
generate_target all [get_files  C:/Users/realk/Desktop/ece385/ECE385/lab7_2/lab7_2.srcs/sources_1/bd/mb_block_1/mb_block_1.bd]
CRITICAL WARNING: [BD 41-1732] Bus interface '/hdmi_text_controller_0/AXI' is found to be associated with multiple clock-pins. This may prevent design from functioning correctly. List of associated clock-pins:
/hdmi_text_controller_0/axi_aclk
/hdmi_text_controller_0/axi_aclk

.
WARNING: [filemgmt 56-443] The ECC Algorithm string is empty. Setting the Memory Map to default ECC value to ECC_NONE.
WARNING: [filemgmt 56-443] The ECC Algorithm string is empty. Setting the Memory Map to default ECC value to ECC_NONE.
INFO: [xilinx.com:ip:axi_intc:4.1-1] /microblaze_0_axi_intc: The AXI INTC core has been configured to operate with synchronous clocks.
INFO: [xilinx.com:ip:clk_wiz:6.0-1] /clk_wiz_1 clk_wiz propagate
Wrote  : <C:\Users\realk\Desktop\ece385\ECE385\lab7_2\lab7_2.srcs\sources_1\bd\mb_block_1\mb_block_1.bd> 
Verilog Output written to : C:/Users/realk/Desktop/ece385/ECE385/lab7_2/lab7_2.gen/sources_1/bd/mb_block_1/synth/mb_block_1.v
Verilog Output written to : C:/Users/realk/Desktop/ece385/ECE385/lab7_2/lab7_2.gen/sources_1/bd/mb_block_1/sim/mb_block_1.v
Verilog Output written to : C:/Users/realk/Desktop/ece385/ECE385/lab7_2/lab7_2.gen/sources_1/bd/mb_block_1/hdl/mb_block_1_wrapper.v
INFO: [BD 41-1029] Generation completed for the IP Integrator block hdmi_text_controller_0 .
Exporting to file C:/Users/realk/Desktop/ece385/ECE385/lab7_2/lab7_2.gen/sources_1/bd/mb_block_1/hw_handoff/mb_block_1.hwh
Generated Hardware Definition File C:/Users/realk/Desktop/ece385/ECE385/lab7_2/lab7_2.gen/sources_1/bd/mb_block_1/synth/mb_block_1.hwdef
generate_target: Time (s): cpu = 00:00:06 ; elapsed = 00:00:15 . Memory (MB): peak = 3000.758 ; gain = 0.000
catch { config_ip_cache -export [get_ips -all mb_block_1_hdmi_text_controller_0_0] }
INFO: [IP_Flow 19-6924] IPCACHE: Running cache check for IP inst: mb_block_1_hdmi_text_controller_0_0
export_ip_user_files -of_objects [get_files C:/Users/realk/Desktop/ece385/ECE385/lab7_2/lab7_2.srcs/sources_1/bd/mb_block_1/mb_block_1.bd] -no_script -sync -force -quiet
create_ip_run [get_files -of_objects [get_fileset sources_1] C:/Users/realk/Desktop/ece385/ECE385/lab7_2/lab7_2.srcs/sources_1/bd/mb_block_1/mb_block_1.bd]
launch_runs mb_block_1_hdmi_text_controller_0_0_synth_1 -jobs 16
INFO: [IP_Flow 19-6924] IPCACHE: Running cache check for IP inst: mb_block_1_hdmi_text_controller_0_0
[Fri Nov  8 06:31:15 2024] Launched mb_block_1_hdmi_text_controller_0_0_synth_1...
Run output will be captured here: C:/Users/realk/Desktop/ece385/ECE385/lab7_2/lab7_2.runs/mb_block_1_hdmi_text_controller_0_0_synth_1/runme.log
export_simulation -of_objects [get_files C:/Users/realk/Desktop/ece385/ECE385/lab7_2/lab7_2.srcs/sources_1/bd/mb_block_1/mb_block_1.bd] -directory C:/Users/realk/Desktop/ece385/ECE385/lab7_2/lab7_2.ip_user_files/sim_scripts -ip_user_files_dir C:/Users/realk/Desktop/ece385/ECE385/lab7_2/lab7_2.ip_user_files -ipstatic_source_dir C:/Users/realk/Desktop/ece385/ECE385/lab7_2/lab7_2.ip_user_files/ipstatic -lib_map_path [list {modelsim=C:/Users/realk/Desktop/ece385/ECE385/lab7_2/lab7_2.cache/compile_simlib/modelsim} {questa=C:/Users/realk/Desktop/ece385/ECE385/lab7_2/lab7_2.cache/compile_simlib/questa} {riviera=C:/Users/realk/Desktop/ece385/ECE385/lab7_2/lab7_2.cache/compile_simlib/riviera} {activehdl=C:/Users/realk/Desktop/ece385/ECE385/lab7_2/lab7_2.cache/compile_simlib/activehdl}] -use_ip_compiled_libs -force -quiet
reset_run synth_1
INFO: [Project 1-1161] Replacing file C:/Users/realk/Desktop/ece385/ECE385/lab7_2/lab7_2.srcs/utils_1/imports/synth_1/mb_usb_hdmi_top.dcp with file C:/Users/realk/Desktop/ece385/ECE385/lab7_2/lab7_2.runs/synth_1/mb_usb_hdmi_top.dcp
WARNING: [Vivado 12-1017] Problems encountered:
1. Failed to delete one or more files in run directory C:/Users/realk/Desktop/ece385/ECE385/lab7_2/lab7_2.runs/synth_1

launch_runs impl_1 -to_step write_bitstream -jobs 16
INFO: [IP_Flow 19-6924] IPCACHE: Running cache check for IP inst: mb_block_1_hdmi_text_controller_0_0
[Fri Nov  8 06:31:38 2024] Launched mb_block_1_hdmi_text_controller_0_0_synth_1, synth_1...
Run output will be captured here:
mb_block_1_hdmi_text_controller_0_0_synth_1: C:/Users/realk/Desktop/ece385/ECE385/lab7_2/lab7_2.runs/mb_block_1_hdmi_text_controller_0_0_synth_1/runme.log
synth_1: C:/Users/realk/Desktop/ece385/ECE385/lab7_2/lab7_2.runs/synth_1/runme.log
[Fri Nov  8 06:31:38 2024] Launched impl_1...
Run output will be captured here: C:/Users/realk/Desktop/ece385/ECE385/lab7_2/lab7_2.runs/impl_1/runme.log
write_hw_platform -fixed -include_bit -force -file C:/Users/realk/Desktop/ece385/ECE385/lab7_2/mb_usb_hdmi_top.xsa
INFO: [Project 1-1918] Creating Hardware Platform: C:/Users/realk/Desktop/ece385/ECE385/lab7_2/mb_usb_hdmi_top.xsa ...
INFO: [Project 1-1943] The Hardware Platform can be used for Hardware
INFO: [Project 1-1941] Successfully created Hardware Platform: C:/Users/realk/Desktop/ece385/ECE385/lab7_2/mb_usb_hdmi_top.xsa
update_ip_catalog -rebuild -scan_changes
INFO: [IP_Flow 19-234] Refreshing IP repositories
INFO: [IP_Flow 19-1700] Loaded user IP repository 'c:/Users/realk/Desktop/ece385/ECE385/ip_repo'.
INFO: [IP_Flow 19-1700] Loaded user IP repository 'c:/Users/realk/Downloads/RD_hdmi_ip2020'.
report_ip_status -name ip_status
upgrade_ip -vlnv xilinx.com:user:hdmi_text_controller:1.0 [get_ips  mb_block_1_hdmi_text_controller_0_0] -log ip_upgrade.log
Upgrading 'C:/Users/realk/Desktop/ece385/ECE385/lab7_2/lab7_2.srcs/sources_1/bd/mb_block_1/mb_block_1.bd'
INFO: [IP_Flow 19-3422] Upgraded mb_block_1_hdmi_text_controller_0_0 (hdmi_text_controller_v1.0 1.0) from revision 44 to revision 45
Wrote  : <C:\Users\realk\Desktop\ece385\ECE385\lab7_2\lab7_2.srcs\sources_1\bd\mb_block_1\mb_block_1.bd> 
INFO: [Coretcl 2-1525] Wrote upgrade log to 'C:/Users/realk/Desktop/ece385/ECE385/lab7_2/ip_upgrade.log'.
export_ip_user_files -of_objects [get_ips mb_block_1_hdmi_text_controller_0_0] -no_script -sync -force -quiet
generate_target all [get_files  C:/Users/realk/Desktop/ece385/ECE385/lab7_2/lab7_2.srcs/sources_1/bd/mb_block_1/mb_block_1.bd]
CRITICAL WARNING: [BD 41-1732] Bus interface '/hdmi_text_controller_0/AXI' is found to be associated with multiple clock-pins. This may prevent design from functioning correctly. List of associated clock-pins:
/hdmi_text_controller_0/axi_aclk
/hdmi_text_controller_0/axi_aclk

.
WARNING: [filemgmt 56-443] The ECC Algorithm string is empty. Setting the Memory Map to default ECC value to ECC_NONE.
WARNING: [filemgmt 56-443] The ECC Algorithm string is empty. Setting the Memory Map to default ECC value to ECC_NONE.
INFO: [xilinx.com:ip:axi_intc:4.1-1] /microblaze_0_axi_intc: The AXI INTC core has been configured to operate with synchronous clocks.
INFO: [xilinx.com:ip:clk_wiz:6.0-1] /clk_wiz_1 clk_wiz propagate
Wrote  : <C:\Users\realk\Desktop\ece385\ECE385\lab7_2\lab7_2.srcs\sources_1\bd\mb_block_1\mb_block_1.bd> 
Verilog Output written to : C:/Users/realk/Desktop/ece385/ECE385/lab7_2/lab7_2.gen/sources_1/bd/mb_block_1/synth/mb_block_1.v
Verilog Output written to : C:/Users/realk/Desktop/ece385/ECE385/lab7_2/lab7_2.gen/sources_1/bd/mb_block_1/sim/mb_block_1.v
Verilog Output written to : C:/Users/realk/Desktop/ece385/ECE385/lab7_2/lab7_2.gen/sources_1/bd/mb_block_1/hdl/mb_block_1_wrapper.v
INFO: [BD 41-1029] Generation completed for the IP Integrator block hdmi_text_controller_0 .
Exporting to file C:/Users/realk/Desktop/ece385/ECE385/lab7_2/lab7_2.gen/sources_1/bd/mb_block_1/hw_handoff/mb_block_1.hwh
Generated Hardware Definition File C:/Users/realk/Desktop/ece385/ECE385/lab7_2/lab7_2.gen/sources_1/bd/mb_block_1/synth/mb_block_1.hwdef
generate_target: Time (s): cpu = 00:00:05 ; elapsed = 00:00:14 . Memory (MB): peak = 3003.699 ; gain = 0.250
catch { config_ip_cache -export [get_ips -all mb_block_1_hdmi_text_controller_0_0] }
INFO: [IP_Flow 19-6924] IPCACHE: Running cache check for IP inst: mb_block_1_hdmi_text_controller_0_0
export_ip_user_files -of_objects [get_files C:/Users/realk/Desktop/ece385/ECE385/lab7_2/lab7_2.srcs/sources_1/bd/mb_block_1/mb_block_1.bd] -no_script -sync -force -quiet
create_ip_run [get_files -of_objects [get_fileset sources_1] C:/Users/realk/Desktop/ece385/ECE385/lab7_2/lab7_2.srcs/sources_1/bd/mb_block_1/mb_block_1.bd]
launch_runs mb_block_1_hdmi_text_controller_0_0_synth_1 -jobs 16
INFO: [IP_Flow 19-6924] IPCACHE: Running cache check for IP inst: mb_block_1_hdmi_text_controller_0_0
[Fri Nov  8 06:39:42 2024] Launched mb_block_1_hdmi_text_controller_0_0_synth_1...
Run output will be captured here: C:/Users/realk/Desktop/ece385/ECE385/lab7_2/lab7_2.runs/mb_block_1_hdmi_text_controller_0_0_synth_1/runme.log
export_simulation -of_objects [get_files C:/Users/realk/Desktop/ece385/ECE385/lab7_2/lab7_2.srcs/sources_1/bd/mb_block_1/mb_block_1.bd] -directory C:/Users/realk/Desktop/ece385/ECE385/lab7_2/lab7_2.ip_user_files/sim_scripts -ip_user_files_dir C:/Users/realk/Desktop/ece385/ECE385/lab7_2/lab7_2.ip_user_files -ipstatic_source_dir C:/Users/realk/Desktop/ece385/ECE385/lab7_2/lab7_2.ip_user_files/ipstatic -lib_map_path [list {modelsim=C:/Users/realk/Desktop/ece385/ECE385/lab7_2/lab7_2.cache/compile_simlib/modelsim} {questa=C:/Users/realk/Desktop/ece385/ECE385/lab7_2/lab7_2.cache/compile_simlib/questa} {riviera=C:/Users/realk/Desktop/ece385/ECE385/lab7_2/lab7_2.cache/compile_simlib/riviera} {activehdl=C:/Users/realk/Desktop/ece385/ECE385/lab7_2/lab7_2.cache/compile_simlib/activehdl}] -use_ip_compiled_libs -force -quiet
reset_run synth_1
INFO: [Project 1-1161] Replacing file C:/Users/realk/Desktop/ece385/ECE385/lab7_2/lab7_2.srcs/utils_1/imports/synth_1/mb_usb_hdmi_top.dcp with file C:/Users/realk/Desktop/ece385/ECE385/lab7_2/lab7_2.runs/synth_1/mb_usb_hdmi_top.dcp
WARNING: [Vivado 12-1017] Problems encountered:
1. Failed to delete one or more files in run directory C:/Users/realk/Desktop/ece385/ECE385/lab7_2/lab7_2.runs/synth_1

launch_runs impl_1 -to_step write_bitstream -jobs 16
INFO: [IP_Flow 19-6924] IPCACHE: Running cache check for IP inst: mb_block_1_hdmi_text_controller_0_0
[Fri Nov  8 06:40:15 2024] Launched mb_block_1_hdmi_text_controller_0_0_synth_1, synth_1...
Run output will be captured here:
mb_block_1_hdmi_text_controller_0_0_synth_1: C:/Users/realk/Desktop/ece385/ECE385/lab7_2/lab7_2.runs/mb_block_1_hdmi_text_controller_0_0_synth_1/runme.log
synth_1: C:/Users/realk/Desktop/ece385/ECE385/lab7_2/lab7_2.runs/synth_1/runme.log
[Fri Nov  8 06:40:15 2024] Launched impl_1...
Run output will be captured here: C:/Users/realk/Desktop/ece385/ECE385/lab7_2/lab7_2.runs/impl_1/runme.log
write_hw_platform -fixed -include_bit -force -file C:/Users/realk/Desktop/ece385/ECE385/lab7_2/mb_usb_hdmi_top.xsa
INFO: [Project 1-1918] Creating Hardware Platform: C:/Users/realk/Desktop/ece385/ECE385/lab7_2/mb_usb_hdmi_top.xsa ...
INFO: [Project 1-1943] The Hardware Platform can be used for Hardware
INFO: [Project 1-1941] Successfully created Hardware Platform: C:/Users/realk/Desktop/ece385/ECE385/lab7_2/mb_usb_hdmi_top.xsa
update_ip_catalog -rebuild -scan_changes
INFO: [IP_Flow 19-234] Refreshing IP repositories
INFO: [IP_Flow 19-1700] Loaded user IP repository 'c:/Users/realk/Desktop/ece385/ECE385/ip_repo'.
INFO: [IP_Flow 19-1700] Loaded user IP repository 'c:/Users/realk/Downloads/RD_hdmi_ip2020'.
report_ip_status -name ip_status
upgrade_ip -vlnv xilinx.com:user:hdmi_text_controller:1.0 [get_ips  mb_block_1_hdmi_text_controller_0_0] -log ip_upgrade.log
Upgrading 'C:/Users/realk/Desktop/ece385/ECE385/lab7_2/lab7_2.srcs/sources_1/bd/mb_block_1/mb_block_1.bd'
INFO: [IP_Flow 19-3422] Upgraded mb_block_1_hdmi_text_controller_0_0 (hdmi_text_controller_v1.0 1.0) from revision 45 to revision 46
Wrote  : <C:\Users\realk\Desktop\ece385\ECE385\lab7_2\lab7_2.srcs\sources_1\bd\mb_block_1\mb_block_1.bd> 
INFO: [Coretcl 2-1525] Wrote upgrade log to 'C:/Users/realk/Desktop/ece385/ECE385/lab7_2/ip_upgrade.log'.
export_ip_user_files -of_objects [get_ips mb_block_1_hdmi_text_controller_0_0] -no_script -sync -force -quiet
generate_target all [get_files  C:/Users/realk/Desktop/ece385/ECE385/lab7_2/lab7_2.srcs/sources_1/bd/mb_block_1/mb_block_1.bd]
CRITICAL WARNING: [BD 41-1732] Bus interface '/hdmi_text_controller_0/AXI' is found to be associated with multiple clock-pins. This may prevent design from functioning correctly. List of associated clock-pins:
/hdmi_text_controller_0/axi_aclk
/hdmi_text_controller_0/axi_aclk

.
WARNING: [filemgmt 56-443] The ECC Algorithm string is empty. Setting the Memory Map to default ECC value to ECC_NONE.
WARNING: [filemgmt 56-443] The ECC Algorithm string is empty. Setting the Memory Map to default ECC value to ECC_NONE.
INFO: [xilinx.com:ip:axi_intc:4.1-1] /microblaze_0_axi_intc: The AXI INTC core has been configured to operate with synchronous clocks.
INFO: [xilinx.com:ip:clk_wiz:6.0-1] /clk_wiz_1 clk_wiz propagate
Wrote  : <C:\Users\realk\Desktop\ece385\ECE385\lab7_2\lab7_2.srcs\sources_1\bd\mb_block_1\mb_block_1.bd> 
Verilog Output written to : C:/Users/realk/Desktop/ece385/ECE385/lab7_2/lab7_2.gen/sources_1/bd/mb_block_1/synth/mb_block_1.v
Verilog Output written to : C:/Users/realk/Desktop/ece385/ECE385/lab7_2/lab7_2.gen/sources_1/bd/mb_block_1/sim/mb_block_1.v
Verilog Output written to : C:/Users/realk/Desktop/ece385/ECE385/lab7_2/lab7_2.gen/sources_1/bd/mb_block_1/hdl/mb_block_1_wrapper.v
INFO: [BD 41-1029] Generation completed for the IP Integrator block hdmi_text_controller_0 .
Exporting to file C:/Users/realk/Desktop/ece385/ECE385/lab7_2/lab7_2.gen/sources_1/bd/mb_block_1/hw_handoff/mb_block_1.hwh
Generated Hardware Definition File C:/Users/realk/Desktop/ece385/ECE385/lab7_2/lab7_2.gen/sources_1/bd/mb_block_1/synth/mb_block_1.hwdef
generate_target: Time (s): cpu = 00:00:06 ; elapsed = 00:00:15 . Memory (MB): peak = 3009.848 ; gain = 0.242
catch { config_ip_cache -export [get_ips -all mb_block_1_hdmi_text_controller_0_0] }
INFO: [IP_Flow 19-6924] IPCACHE: Running cache check for IP inst: mb_block_1_hdmi_text_controller_0_0
export_ip_user_files -of_objects [get_files C:/Users/realk/Desktop/ece385/ECE385/lab7_2/lab7_2.srcs/sources_1/bd/mb_block_1/mb_block_1.bd] -no_script -sync -force -quiet
create_ip_run [get_files -of_objects [get_fileset sources_1] C:/Users/realk/Desktop/ece385/ECE385/lab7_2/lab7_2.srcs/sources_1/bd/mb_block_1/mb_block_1.bd]
launch_runs mb_block_1_hdmi_text_controller_0_0_synth_1 -jobs 16
INFO: [IP_Flow 19-6924] IPCACHE: Running cache check for IP inst: mb_block_1_hdmi_text_controller_0_0
[Fri Nov  8 06:52:12 2024] Launched mb_block_1_hdmi_text_controller_0_0_synth_1...
Run output will be captured here: C:/Users/realk/Desktop/ece385/ECE385/lab7_2/lab7_2.runs/mb_block_1_hdmi_text_controller_0_0_synth_1/runme.log
export_simulation -of_objects [get_files C:/Users/realk/Desktop/ece385/ECE385/lab7_2/lab7_2.srcs/sources_1/bd/mb_block_1/mb_block_1.bd] -directory C:/Users/realk/Desktop/ece385/ECE385/lab7_2/lab7_2.ip_user_files/sim_scripts -ip_user_files_dir C:/Users/realk/Desktop/ece385/ECE385/lab7_2/lab7_2.ip_user_files -ipstatic_source_dir C:/Users/realk/Desktop/ece385/ECE385/lab7_2/lab7_2.ip_user_files/ipstatic -lib_map_path [list {modelsim=C:/Users/realk/Desktop/ece385/ECE385/lab7_2/lab7_2.cache/compile_simlib/modelsim} {questa=C:/Users/realk/Desktop/ece385/ECE385/lab7_2/lab7_2.cache/compile_simlib/questa} {riviera=C:/Users/realk/Desktop/ece385/ECE385/lab7_2/lab7_2.cache/compile_simlib/riviera} {activehdl=C:/Users/realk/Desktop/ece385/ECE385/lab7_2/lab7_2.cache/compile_simlib/activehdl}] -use_ip_compiled_libs -force -quiet
reset_run synth_1
INFO: [Project 1-1161] Replacing file C:/Users/realk/Desktop/ece385/ECE385/lab7_2/lab7_2.srcs/utils_1/imports/synth_1/mb_usb_hdmi_top.dcp with file C:/Users/realk/Desktop/ece385/ECE385/lab7_2/lab7_2.runs/synth_1/mb_usb_hdmi_top.dcp
WARNING: [Vivado 12-1017] Problems encountered:
1. Failed to delete one or more files in run directory C:/Users/realk/Desktop/ece385/ECE385/lab7_2/lab7_2.runs/synth_1

launch_runs impl_1 -to_step write_bitstream -jobs 16
INFO: [IP_Flow 19-6924] IPCACHE: Running cache check for IP inst: mb_block_1_hdmi_text_controller_0_0
[Fri Nov  8 06:52:44 2024] Launched mb_block_1_hdmi_text_controller_0_0_synth_1, synth_1...
Run output will be captured here:
mb_block_1_hdmi_text_controller_0_0_synth_1: C:/Users/realk/Desktop/ece385/ECE385/lab7_2/lab7_2.runs/mb_block_1_hdmi_text_controller_0_0_synth_1/runme.log
synth_1: C:/Users/realk/Desktop/ece385/ECE385/lab7_2/lab7_2.runs/synth_1/runme.log
[Fri Nov  8 06:52:44 2024] Launched impl_1...
Run output will be captured here: C:/Users/realk/Desktop/ece385/ECE385/lab7_2/lab7_2.runs/impl_1/runme.log
write_hw_platform -fixed -include_bit -force -file C:/Users/realk/Desktop/ece385/ECE385/lab7_2/mb_usb_hdmi_top.xsa
INFO: [Project 1-1918] Creating Hardware Platform: C:/Users/realk/Desktop/ece385/ECE385/lab7_2/mb_usb_hdmi_top.xsa ...
INFO: [Project 1-1943] The Hardware Platform can be used for Hardware
INFO: [Project 1-1941] Successfully created Hardware Platform: C:/Users/realk/Desktop/ece385/ECE385/lab7_2/mb_usb_hdmi_top.xsa
update_ip_catalog -rebuild -scan_changes
INFO: [IP_Flow 19-234] Refreshing IP repositories
INFO: [IP_Flow 19-1700] Loaded user IP repository 'c:/Users/realk/Desktop/ece385/ECE385/ip_repo'.
INFO: [IP_Flow 19-1700] Loaded user IP repository 'c:/Users/realk/Downloads/RD_hdmi_ip2020'.
report_ip_status -name ip_status
upgrade_ip -vlnv xilinx.com:user:hdmi_text_controller:1.0 [get_ips  mb_block_1_hdmi_text_controller_0_0] -log ip_upgrade.log
Upgrading 'C:/Users/realk/Desktop/ece385/ECE385/lab7_2/lab7_2.srcs/sources_1/bd/mb_block_1/mb_block_1.bd'
INFO: [IP_Flow 19-3422] Upgraded mb_block_1_hdmi_text_controller_0_0 (hdmi_text_controller_v1.0 1.0) from revision 46 to revision 47
Wrote  : <C:\Users\realk\Desktop\ece385\ECE385\lab7_2\lab7_2.srcs\sources_1\bd\mb_block_1\mb_block_1.bd> 
INFO: [Coretcl 2-1525] Wrote upgrade log to 'C:/Users/realk/Desktop/ece385/ECE385/lab7_2/ip_upgrade.log'.
export_ip_user_files -of_objects [get_ips mb_block_1_hdmi_text_controller_0_0] -no_script -sync -force -quiet
generate_target all [get_files  C:/Users/realk/Desktop/ece385/ECE385/lab7_2/lab7_2.srcs/sources_1/bd/mb_block_1/mb_block_1.bd]
CRITICAL WARNING: [BD 41-1732] Bus interface '/hdmi_text_controller_0/AXI' is found to be associated with multiple clock-pins. This may prevent design from functioning correctly. List of associated clock-pins:
/hdmi_text_controller_0/axi_aclk
/hdmi_text_controller_0/axi_aclk

.
WARNING: [filemgmt 56-443] The ECC Algorithm string is empty. Setting the Memory Map to default ECC value to ECC_NONE.
WARNING: [filemgmt 56-443] The ECC Algorithm string is empty. Setting the Memory Map to default ECC value to ECC_NONE.
INFO: [xilinx.com:ip:axi_intc:4.1-1] /microblaze_0_axi_intc: The AXI INTC core has been configured to operate with synchronous clocks.
INFO: [xilinx.com:ip:clk_wiz:6.0-1] /clk_wiz_1 clk_wiz propagate
Wrote  : <C:\Users\realk\Desktop\ece385\ECE385\lab7_2\lab7_2.srcs\sources_1\bd\mb_block_1\mb_block_1.bd> 
Verilog Output written to : C:/Users/realk/Desktop/ece385/ECE385/lab7_2/lab7_2.gen/sources_1/bd/mb_block_1/synth/mb_block_1.v
Verilog Output written to : C:/Users/realk/Desktop/ece385/ECE385/lab7_2/lab7_2.gen/sources_1/bd/mb_block_1/sim/mb_block_1.v
Verilog Output written to : C:/Users/realk/Desktop/ece385/ECE385/lab7_2/lab7_2.gen/sources_1/bd/mb_block_1/hdl/mb_block_1_wrapper.v
INFO: [BD 41-1029] Generation completed for the IP Integrator block hdmi_text_controller_0 .
Exporting to file C:/Users/realk/Desktop/ece385/ECE385/lab7_2/lab7_2.gen/sources_1/bd/mb_block_1/hw_handoff/mb_block_1.hwh
Generated Hardware Definition File C:/Users/realk/Desktop/ece385/ECE385/lab7_2/lab7_2.gen/sources_1/bd/mb_block_1/synth/mb_block_1.hwdef
generate_target: Time (s): cpu = 00:00:07 ; elapsed = 00:00:17 . Memory (MB): peak = 3024.004 ; gain = 5.727
catch { config_ip_cache -export [get_ips -all mb_block_1_hdmi_text_controller_0_0] }
INFO: [IP_Flow 19-6924] IPCACHE: Running cache check for IP inst: mb_block_1_hdmi_text_controller_0_0
export_ip_user_files -of_objects [get_files C:/Users/realk/Desktop/ece385/ECE385/lab7_2/lab7_2.srcs/sources_1/bd/mb_block_1/mb_block_1.bd] -no_script -sync -force -quiet
create_ip_run [get_files -of_objects [get_fileset sources_1] C:/Users/realk/Desktop/ece385/ECE385/lab7_2/lab7_2.srcs/sources_1/bd/mb_block_1/mb_block_1.bd]
launch_runs mb_block_1_hdmi_text_controller_0_0_synth_1 -jobs 16
INFO: [IP_Flow 19-6924] IPCACHE: Running cache check for IP inst: mb_block_1_hdmi_text_controller_0_0
[Fri Nov  8 07:35:12 2024] Launched mb_block_1_hdmi_text_controller_0_0_synth_1...
Run output will be captured here: C:/Users/realk/Desktop/ece385/ECE385/lab7_2/lab7_2.runs/mb_block_1_hdmi_text_controller_0_0_synth_1/runme.log
export_simulation -of_objects [get_files C:/Users/realk/Desktop/ece385/ECE385/lab7_2/lab7_2.srcs/sources_1/bd/mb_block_1/mb_block_1.bd] -directory C:/Users/realk/Desktop/ece385/ECE385/lab7_2/lab7_2.ip_user_files/sim_scripts -ip_user_files_dir C:/Users/realk/Desktop/ece385/ECE385/lab7_2/lab7_2.ip_user_files -ipstatic_source_dir C:/Users/realk/Desktop/ece385/ECE385/lab7_2/lab7_2.ip_user_files/ipstatic -lib_map_path [list {modelsim=C:/Users/realk/Desktop/ece385/ECE385/lab7_2/lab7_2.cache/compile_simlib/modelsim} {questa=C:/Users/realk/Desktop/ece385/ECE385/lab7_2/lab7_2.cache/compile_simlib/questa} {riviera=C:/Users/realk/Desktop/ece385/ECE385/lab7_2/lab7_2.cache/compile_simlib/riviera} {activehdl=C:/Users/realk/Desktop/ece385/ECE385/lab7_2/lab7_2.cache/compile_simlib/activehdl}] -use_ip_compiled_libs -force -quiet
report_ip_status -name ip_status 
reset_run synth_1
INFO: [Project 1-1161] Replacing file C:/Users/realk/Desktop/ece385/ECE385/lab7_2/lab7_2.srcs/utils_1/imports/synth_1/mb_usb_hdmi_top.dcp with file C:/Users/realk/Desktop/ece385/ECE385/lab7_2/lab7_2.runs/synth_1/mb_usb_hdmi_top.dcp
WARNING: [Vivado 12-1017] Problems encountered:
1. Failed to delete one or more files in run directory C:/Users/realk/Desktop/ece385/ECE385/lab7_2/lab7_2.runs/synth_1

launch_runs impl_1 -to_step write_bitstream -jobs 16
INFO: [IP_Flow 19-6924] IPCACHE: Running cache check for IP inst: mb_block_1_hdmi_text_controller_0_0
[Fri Nov  8 07:35:37 2024] Launched mb_block_1_hdmi_text_controller_0_0_synth_1, synth_1...
Run output will be captured here:
mb_block_1_hdmi_text_controller_0_0_synth_1: C:/Users/realk/Desktop/ece385/ECE385/lab7_2/lab7_2.runs/mb_block_1_hdmi_text_controller_0_0_synth_1/runme.log
synth_1: C:/Users/realk/Desktop/ece385/ECE385/lab7_2/lab7_2.runs/synth_1/runme.log
[Fri Nov  8 07:35:37 2024] Launched impl_1...
Run output will be captured here: C:/Users/realk/Desktop/ece385/ECE385/lab7_2/lab7_2.runs/impl_1/runme.log
write_hw_platform -fixed -include_bit -force -file C:/Users/realk/Desktop/ece385/ECE385/lab7_2/mb_usb_hdmi_top.xsa
INFO: [Project 1-1918] Creating Hardware Platform: C:/Users/realk/Desktop/ece385/ECE385/lab7_2/mb_usb_hdmi_top.xsa ...
INFO: [Project 1-1943] The Hardware Platform can be used for Hardware
INFO: [Project 1-1941] Successfully created Hardware Platform: C:/Users/realk/Desktop/ece385/ECE385/lab7_2/mb_usb_hdmi_top.xsa
update_ip_catalog -rebuild -scan_changes
INFO: [IP_Flow 19-234] Refreshing IP repositories
INFO: [IP_Flow 19-1700] Loaded user IP repository 'c:/Users/realk/Desktop/ece385/ECE385/ip_repo'.
INFO: [IP_Flow 19-1700] Loaded user IP repository 'c:/Users/realk/Downloads/RD_hdmi_ip2020'.
report_ip_status -name ip_status
upgrade_ip -vlnv xilinx.com:user:hdmi_text_controller:1.0 [get_ips  mb_block_1_hdmi_text_controller_0_0] -log ip_upgrade.log
Upgrading 'C:/Users/realk/Desktop/ece385/ECE385/lab7_2/lab7_2.srcs/sources_1/bd/mb_block_1/mb_block_1.bd'
INFO: [IP_Flow 19-3422] Upgraded mb_block_1_hdmi_text_controller_0_0 (hdmi_text_controller_v1.0 1.0) from revision 47 to revision 48
Wrote  : <C:\Users\realk\Desktop\ece385\ECE385\lab7_2\lab7_2.srcs\sources_1\bd\mb_block_1\mb_block_1.bd> 
INFO: [Coretcl 2-1525] Wrote upgrade log to 'C:/Users/realk/Desktop/ece385/ECE385/lab7_2/ip_upgrade.log'.
export_ip_user_files -of_objects [get_ips mb_block_1_hdmi_text_controller_0_0] -no_script -sync -force -quiet
generate_target all [get_files  C:/Users/realk/Desktop/ece385/ECE385/lab7_2/lab7_2.srcs/sources_1/bd/mb_block_1/mb_block_1.bd]
CRITICAL WARNING: [BD 41-1732] Bus interface '/hdmi_text_controller_0/AXI' is found to be associated with multiple clock-pins. This may prevent design from functioning correctly. List of associated clock-pins:
/hdmi_text_controller_0/axi_aclk
/hdmi_text_controller_0/axi_aclk

.
WARNING: [filemgmt 56-443] The ECC Algorithm string is empty. Setting the Memory Map to default ECC value to ECC_NONE.
WARNING: [filemgmt 56-443] The ECC Algorithm string is empty. Setting the Memory Map to default ECC value to ECC_NONE.
INFO: [xilinx.com:ip:axi_intc:4.1-1] /microblaze_0_axi_intc: The AXI INTC core has been configured to operate with synchronous clocks.
INFO: [xilinx.com:ip:clk_wiz:6.0-1] /clk_wiz_1 clk_wiz propagate
Wrote  : <C:\Users\realk\Desktop\ece385\ECE385\lab7_2\lab7_2.srcs\sources_1\bd\mb_block_1\mb_block_1.bd> 
Verilog Output written to : C:/Users/realk/Desktop/ece385/ECE385/lab7_2/lab7_2.gen/sources_1/bd/mb_block_1/synth/mb_block_1.v
Verilog Output written to : C:/Users/realk/Desktop/ece385/ECE385/lab7_2/lab7_2.gen/sources_1/bd/mb_block_1/sim/mb_block_1.v
Verilog Output written to : C:/Users/realk/Desktop/ece385/ECE385/lab7_2/lab7_2.gen/sources_1/bd/mb_block_1/hdl/mb_block_1_wrapper.v
INFO: [BD 41-1029] Generation completed for the IP Integrator block hdmi_text_controller_0 .
Exporting to file C:/Users/realk/Desktop/ece385/ECE385/lab7_2/lab7_2.gen/sources_1/bd/mb_block_1/hw_handoff/mb_block_1.hwh
Generated Hardware Definition File C:/Users/realk/Desktop/ece385/ECE385/lab7_2/lab7_2.gen/sources_1/bd/mb_block_1/synth/mb_block_1.hwdef
generate_target: Time (s): cpu = 00:00:06 ; elapsed = 00:00:16 . Memory (MB): peak = 3028.773 ; gain = 4.770
catch { config_ip_cache -export [get_ips -all mb_block_1_hdmi_text_controller_0_0] }
INFO: [IP_Flow 19-6924] IPCACHE: Running cache check for IP inst: mb_block_1_hdmi_text_controller_0_0
export_ip_user_files -of_objects [get_files C:/Users/realk/Desktop/ece385/ECE385/lab7_2/lab7_2.srcs/sources_1/bd/mb_block_1/mb_block_1.bd] -no_script -sync -force -quiet
create_ip_run [get_files -of_objects [get_fileset sources_1] C:/Users/realk/Desktop/ece385/ECE385/lab7_2/lab7_2.srcs/sources_1/bd/mb_block_1/mb_block_1.bd]
launch_runs mb_block_1_hdmi_text_controller_0_0_synth_1 -jobs 16
INFO: [IP_Flow 19-6924] IPCACHE: Running cache check for IP inst: mb_block_1_hdmi_text_controller_0_0
[Fri Nov  8 07:58:18 2024] Launched mb_block_1_hdmi_text_controller_0_0_synth_1...
Run output will be captured here: C:/Users/realk/Desktop/ece385/ECE385/lab7_2/lab7_2.runs/mb_block_1_hdmi_text_controller_0_0_synth_1/runme.log
export_simulation -of_objects [get_files C:/Users/realk/Desktop/ece385/ECE385/lab7_2/lab7_2.srcs/sources_1/bd/mb_block_1/mb_block_1.bd] -directory C:/Users/realk/Desktop/ece385/ECE385/lab7_2/lab7_2.ip_user_files/sim_scripts -ip_user_files_dir C:/Users/realk/Desktop/ece385/ECE385/lab7_2/lab7_2.ip_user_files -ipstatic_source_dir C:/Users/realk/Desktop/ece385/ECE385/lab7_2/lab7_2.ip_user_files/ipstatic -lib_map_path [list {modelsim=C:/Users/realk/Desktop/ece385/ECE385/lab7_2/lab7_2.cache/compile_simlib/modelsim} {questa=C:/Users/realk/Desktop/ece385/ECE385/lab7_2/lab7_2.cache/compile_simlib/questa} {riviera=C:/Users/realk/Desktop/ece385/ECE385/lab7_2/lab7_2.cache/compile_simlib/riviera} {activehdl=C:/Users/realk/Desktop/ece385/ECE385/lab7_2/lab7_2.cache/compile_simlib/activehdl}] -use_ip_compiled_libs -force -quiet
reset_run synth_1
INFO: [Project 1-1161] Replacing file C:/Users/realk/Desktop/ece385/ECE385/lab7_2/lab7_2.srcs/utils_1/imports/synth_1/mb_usb_hdmi_top.dcp with file C:/Users/realk/Desktop/ece385/ECE385/lab7_2/lab7_2.runs/synth_1/mb_usb_hdmi_top.dcp
WARNING: [Vivado 12-1017] Problems encountered:
1. Failed to delete one or more files in run directory C:/Users/realk/Desktop/ece385/ECE385/lab7_2/lab7_2.runs/synth_1

launch_runs impl_1 -to_step write_bitstream -jobs 16
INFO: [IP_Flow 19-6924] IPCACHE: Running cache check for IP inst: mb_block_1_hdmi_text_controller_0_0
[Fri Nov  8 07:58:49 2024] Launched mb_block_1_hdmi_text_controller_0_0_synth_1, synth_1...
Run output will be captured here:
mb_block_1_hdmi_text_controller_0_0_synth_1: C:/Users/realk/Desktop/ece385/ECE385/lab7_2/lab7_2.runs/mb_block_1_hdmi_text_controller_0_0_synth_1/runme.log
synth_1: C:/Users/realk/Desktop/ece385/ECE385/lab7_2/lab7_2.runs/synth_1/runme.log
[Fri Nov  8 07:58:49 2024] Launched impl_1...
Run output will be captured here: C:/Users/realk/Desktop/ece385/ECE385/lab7_2/lab7_2.runs/impl_1/runme.log
report_ip_status -name ip_status 
write_hw_platform -fixed -include_bit -force -file C:/Users/realk/Desktop/ece385/ECE385/lab7_2/mb_usb_hdmi_top.xsa
INFO: [Project 1-1918] Creating Hardware Platform: C:/Users/realk/Desktop/ece385/ECE385/lab7_2/mb_usb_hdmi_top.xsa ...
INFO: [Project 1-1943] The Hardware Platform can be used for Hardware
INFO: [Project 1-1941] Successfully created Hardware Platform: C:/Users/realk/Desktop/ece385/ECE385/lab7_2/mb_usb_hdmi_top.xsa
update_ip_catalog -rebuild -scan_changes
INFO: [IP_Flow 19-234] Refreshing IP repositories
INFO: [IP_Flow 19-1700] Loaded user IP repository 'c:/Users/realk/Desktop/ece385/ECE385/ip_repo'.
INFO: [IP_Flow 19-1700] Loaded user IP repository 'c:/Users/realk/Downloads/RD_hdmi_ip2020'.
report_ip_status -name ip_status
upgrade_ip -vlnv xilinx.com:user:hdmi_text_controller:1.0 [get_ips  mb_block_1_hdmi_text_controller_0_0] -log ip_upgrade.log
Upgrading 'C:/Users/realk/Desktop/ece385/ECE385/lab7_2/lab7_2.srcs/sources_1/bd/mb_block_1/mb_block_1.bd'
INFO: [IP_Flow 19-3422] Upgraded mb_block_1_hdmi_text_controller_0_0 (hdmi_text_controller_v1.0 1.0) from revision 48 to revision 49
Wrote  : <C:\Users\realk\Desktop\ece385\ECE385\lab7_2\lab7_2.srcs\sources_1\bd\mb_block_1\mb_block_1.bd> 
INFO: [Coretcl 2-1525] Wrote upgrade log to 'C:/Users/realk/Desktop/ece385/ECE385/lab7_2/ip_upgrade.log'.
export_ip_user_files -of_objects [get_ips mb_block_1_hdmi_text_controller_0_0] -no_script -sync -force -quiet
generate_target all [get_files  C:/Users/realk/Desktop/ece385/ECE385/lab7_2/lab7_2.srcs/sources_1/bd/mb_block_1/mb_block_1.bd]
CRITICAL WARNING: [BD 41-1732] Bus interface '/hdmi_text_controller_0/AXI' is found to be associated with multiple clock-pins. This may prevent design from functioning correctly. List of associated clock-pins:
/hdmi_text_controller_0/axi_aclk
/hdmi_text_controller_0/axi_aclk

.
WARNING: [filemgmt 56-443] The ECC Algorithm string is empty. Setting the Memory Map to default ECC value to ECC_NONE.
WARNING: [filemgmt 56-443] The ECC Algorithm string is empty. Setting the Memory Map to default ECC value to ECC_NONE.
INFO: [xilinx.com:ip:axi_intc:4.1-1] /microblaze_0_axi_intc: The AXI INTC core has been configured to operate with synchronous clocks.
INFO: [xilinx.com:ip:clk_wiz:6.0-1] /clk_wiz_1 clk_wiz propagate
Wrote  : <C:\Users\realk\Desktop\ece385\ECE385\lab7_2\lab7_2.srcs\sources_1\bd\mb_block_1\mb_block_1.bd> 
Verilog Output written to : C:/Users/realk/Desktop/ece385/ECE385/lab7_2/lab7_2.gen/sources_1/bd/mb_block_1/synth/mb_block_1.v
Verilog Output written to : C:/Users/realk/Desktop/ece385/ECE385/lab7_2/lab7_2.gen/sources_1/bd/mb_block_1/sim/mb_block_1.v
Verilog Output written to : C:/Users/realk/Desktop/ece385/ECE385/lab7_2/lab7_2.gen/sources_1/bd/mb_block_1/hdl/mb_block_1_wrapper.v
INFO: [BD 41-1029] Generation completed for the IP Integrator block hdmi_text_controller_0 .
Exporting to file C:/Users/realk/Desktop/ece385/ECE385/lab7_2/lab7_2.gen/sources_1/bd/mb_block_1/hw_handoff/mb_block_1.hwh
Generated Hardware Definition File C:/Users/realk/Desktop/ece385/ECE385/lab7_2/lab7_2.gen/sources_1/bd/mb_block_1/synth/mb_block_1.hwdef
generate_target: Time (s): cpu = 00:00:07 ; elapsed = 00:00:21 . Memory (MB): peak = 3038.086 ; gain = 0.000
catch { config_ip_cache -export [get_ips -all mb_block_1_hdmi_text_controller_0_0] }
INFO: [IP_Flow 19-6924] IPCACHE: Running cache check for IP inst: mb_block_1_hdmi_text_controller_0_0
export_ip_user_files -of_objects [get_files C:/Users/realk/Desktop/ece385/ECE385/lab7_2/lab7_2.srcs/sources_1/bd/mb_block_1/mb_block_1.bd] -no_script -sync -force -quiet
create_ip_run [get_files -of_objects [get_fileset sources_1] C:/Users/realk/Desktop/ece385/ECE385/lab7_2/lab7_2.srcs/sources_1/bd/mb_block_1/mb_block_1.bd]
launch_runs mb_block_1_hdmi_text_controller_0_0_synth_1 -jobs 16
INFO: [IP_Flow 19-6924] IPCACHE: Running cache check for IP inst: mb_block_1_hdmi_text_controller_0_0
[Fri Nov  8 08:23:44 2024] Launched mb_block_1_hdmi_text_controller_0_0_synth_1...
Run output will be captured here: C:/Users/realk/Desktop/ece385/ECE385/lab7_2/lab7_2.runs/mb_block_1_hdmi_text_controller_0_0_synth_1/runme.log
export_simulation -of_objects [get_files C:/Users/realk/Desktop/ece385/ECE385/lab7_2/lab7_2.srcs/sources_1/bd/mb_block_1/mb_block_1.bd] -directory C:/Users/realk/Desktop/ece385/ECE385/lab7_2/lab7_2.ip_user_files/sim_scripts -ip_user_files_dir C:/Users/realk/Desktop/ece385/ECE385/lab7_2/lab7_2.ip_user_files -ipstatic_source_dir C:/Users/realk/Desktop/ece385/ECE385/lab7_2/lab7_2.ip_user_files/ipstatic -lib_map_path [list {modelsim=C:/Users/realk/Desktop/ece385/ECE385/lab7_2/lab7_2.cache/compile_simlib/modelsim} {questa=C:/Users/realk/Desktop/ece385/ECE385/lab7_2/lab7_2.cache/compile_simlib/questa} {riviera=C:/Users/realk/Desktop/ece385/ECE385/lab7_2/lab7_2.cache/compile_simlib/riviera} {activehdl=C:/Users/realk/Desktop/ece385/ECE385/lab7_2/lab7_2.cache/compile_simlib/activehdl}] -use_ip_compiled_libs -force -quiet
reset_run synth_1
INFO: [Project 1-1161] Replacing file C:/Users/realk/Desktop/ece385/ECE385/lab7_2/lab7_2.srcs/utils_1/imports/synth_1/mb_usb_hdmi_top.dcp with file C:/Users/realk/Desktop/ece385/ECE385/lab7_2/lab7_2.runs/synth_1/mb_usb_hdmi_top.dcp
WARNING: [Vivado 12-1017] Problems encountered:
1. Failed to delete one or more files in run directory C:/Users/realk/Desktop/ece385/ECE385/lab7_2/lab7_2.runs/synth_1

launch_runs impl_1 -to_step write_bitstream -jobs 16
INFO: [IP_Flow 19-6924] IPCACHE: Running cache check for IP inst: mb_block_1_hdmi_text_controller_0_0
[Fri Nov  8 08:24:55 2024] Launched mb_block_1_hdmi_text_controller_0_0_synth_1, synth_1...
Run output will be captured here:
mb_block_1_hdmi_text_controller_0_0_synth_1: C:/Users/realk/Desktop/ece385/ECE385/lab7_2/lab7_2.runs/mb_block_1_hdmi_text_controller_0_0_synth_1/runme.log
synth_1: C:/Users/realk/Desktop/ece385/ECE385/lab7_2/lab7_2.runs/synth_1/runme.log
[Fri Nov  8 08:24:55 2024] Launched impl_1...
Run output will be captured here: C:/Users/realk/Desktop/ece385/ECE385/lab7_2/lab7_2.runs/impl_1/runme.log
write_hw_platform -fixed -include_bit -force -file C:/Users/realk/Desktop/ece385/ECE385/lab7_2/mb_usb_hdmi_top.xsa
INFO: [Project 1-1918] Creating Hardware Platform: C:/Users/realk/Desktop/ece385/ECE385/lab7_2/mb_usb_hdmi_top.xsa ...
INFO: [Project 1-1943] The Hardware Platform can be used for Hardware
INFO: [Project 1-1941] Successfully created Hardware Platform: C:/Users/realk/Desktop/ece385/ECE385/lab7_2/mb_usb_hdmi_top.xsa
update_ip_catalog -rebuild -scan_changes
INFO: [IP_Flow 19-234] Refreshing IP repositories
INFO: [IP_Flow 19-1700] Loaded user IP repository 'c:/Users/realk/Desktop/ece385/ECE385/ip_repo'.
INFO: [IP_Flow 19-1700] Loaded user IP repository 'c:/Users/realk/Downloads/RD_hdmi_ip2020'.
report_ip_status -name ip_status
upgrade_ip -vlnv xilinx.com:user:hdmi_text_controller:1.0 [get_ips  mb_block_1_hdmi_text_controller_0_0] -log ip_upgrade.log
Upgrading 'C:/Users/realk/Desktop/ece385/ECE385/lab7_2/lab7_2.srcs/sources_1/bd/mb_block_1/mb_block_1.bd'
INFO: [IP_Flow 19-3422] Upgraded mb_block_1_hdmi_text_controller_0_0 (hdmi_text_controller_v1.0 1.0) from revision 49 to revision 50
Wrote  : <C:\Users\realk\Desktop\ece385\ECE385\lab7_2\lab7_2.srcs\sources_1\bd\mb_block_1\mb_block_1.bd> 
INFO: [Coretcl 2-1525] Wrote upgrade log to 'C:/Users/realk/Desktop/ece385/ECE385/lab7_2/ip_upgrade.log'.
export_ip_user_files -of_objects [get_ips mb_block_1_hdmi_text_controller_0_0] -no_script -sync -force -quiet
generate_target all [get_files  C:/Users/realk/Desktop/ece385/ECE385/lab7_2/lab7_2.srcs/sources_1/bd/mb_block_1/mb_block_1.bd]
CRITICAL WARNING: [BD 41-1732] Bus interface '/hdmi_text_controller_0/AXI' is found to be associated with multiple clock-pins. This may prevent design from functioning correctly. List of associated clock-pins:
/hdmi_text_controller_0/axi_aclk
/hdmi_text_controller_0/axi_aclk

.
WARNING: [filemgmt 56-443] The ECC Algorithm string is empty. Setting the Memory Map to default ECC value to ECC_NONE.
WARNING: [filemgmt 56-443] The ECC Algorithm string is empty. Setting the Memory Map to default ECC value to ECC_NONE.
INFO: [xilinx.com:ip:axi_intc:4.1-1] /microblaze_0_axi_intc: The AXI INTC core has been configured to operate with synchronous clocks.
INFO: [xilinx.com:ip:clk_wiz:6.0-1] /clk_wiz_1 clk_wiz propagate
Wrote  : <C:\Users\realk\Desktop\ece385\ECE385\lab7_2\lab7_2.srcs\sources_1\bd\mb_block_1\mb_block_1.bd> 
Verilog Output written to : C:/Users/realk/Desktop/ece385/ECE385/lab7_2/lab7_2.gen/sources_1/bd/mb_block_1/synth/mb_block_1.v
Verilog Output written to : C:/Users/realk/Desktop/ece385/ECE385/lab7_2/lab7_2.gen/sources_1/bd/mb_block_1/sim/mb_block_1.v
Verilog Output written to : C:/Users/realk/Desktop/ece385/ECE385/lab7_2/lab7_2.gen/sources_1/bd/mb_block_1/hdl/mb_block_1_wrapper.v
INFO: [BD 41-1029] Generation completed for the IP Integrator block hdmi_text_controller_0 .
Exporting to file C:/Users/realk/Desktop/ece385/ECE385/lab7_2/lab7_2.gen/sources_1/bd/mb_block_1/hw_handoff/mb_block_1.hwh
Generated Hardware Definition File C:/Users/realk/Desktop/ece385/ECE385/lab7_2/lab7_2.gen/sources_1/bd/mb_block_1/synth/mb_block_1.hwdef
generate_target: Time (s): cpu = 00:00:09 ; elapsed = 00:00:22 . Memory (MB): peak = 3059.664 ; gain = 0.000
catch { config_ip_cache -export [get_ips -all mb_block_1_hdmi_text_controller_0_0] }
INFO: [IP_Flow 19-6924] IPCACHE: Running cache check for IP inst: mb_block_1_hdmi_text_controller_0_0
export_ip_user_files -of_objects [get_files C:/Users/realk/Desktop/ece385/ECE385/lab7_2/lab7_2.srcs/sources_1/bd/mb_block_1/mb_block_1.bd] -no_script -sync -force -quiet
create_ip_run [get_files -of_objects [get_fileset sources_1] C:/Users/realk/Desktop/ece385/ECE385/lab7_2/lab7_2.srcs/sources_1/bd/mb_block_1/mb_block_1.bd]
launch_runs mb_block_1_hdmi_text_controller_0_0_synth_1 -jobs 16
INFO: [IP_Flow 19-6924] IPCACHE: Running cache check for IP inst: mb_block_1_hdmi_text_controller_0_0
[Fri Nov  8 08:36:18 2024] Launched mb_block_1_hdmi_text_controller_0_0_synth_1...
Run output will be captured here: C:/Users/realk/Desktop/ece385/ECE385/lab7_2/lab7_2.runs/mb_block_1_hdmi_text_controller_0_0_synth_1/runme.log
export_simulation -of_objects [get_files C:/Users/realk/Desktop/ece385/ECE385/lab7_2/lab7_2.srcs/sources_1/bd/mb_block_1/mb_block_1.bd] -directory C:/Users/realk/Desktop/ece385/ECE385/lab7_2/lab7_2.ip_user_files/sim_scripts -ip_user_files_dir C:/Users/realk/Desktop/ece385/ECE385/lab7_2/lab7_2.ip_user_files -ipstatic_source_dir C:/Users/realk/Desktop/ece385/ECE385/lab7_2/lab7_2.ip_user_files/ipstatic -lib_map_path [list {modelsim=C:/Users/realk/Desktop/ece385/ECE385/lab7_2/lab7_2.cache/compile_simlib/modelsim} {questa=C:/Users/realk/Desktop/ece385/ECE385/lab7_2/lab7_2.cache/compile_simlib/questa} {riviera=C:/Users/realk/Desktop/ece385/ECE385/lab7_2/lab7_2.cache/compile_simlib/riviera} {activehdl=C:/Users/realk/Desktop/ece385/ECE385/lab7_2/lab7_2.cache/compile_simlib/activehdl}] -use_ip_compiled_libs -force -quiet
reset_run synth_1
INFO: [Project 1-1161] Replacing file C:/Users/realk/Desktop/ece385/ECE385/lab7_2/lab7_2.srcs/utils_1/imports/synth_1/mb_usb_hdmi_top.dcp with file C:/Users/realk/Desktop/ece385/ECE385/lab7_2/lab7_2.runs/synth_1/mb_usb_hdmi_top.dcp
WARNING: [Vivado 12-1017] Problems encountered:
1. Failed to delete one or more files in run directory C:/Users/realk/Desktop/ece385/ECE385/lab7_2/lab7_2.runs/synth_1

launch_runs impl_1 -to_step write_bitstream -jobs 16
INFO: [IP_Flow 19-6924] IPCACHE: Running cache check for IP inst: mb_block_1_hdmi_text_controller_0_0
[Fri Nov  8 08:36:40 2024] Launched mb_block_1_hdmi_text_controller_0_0_synth_1, synth_1...
Run output will be captured here:
mb_block_1_hdmi_text_controller_0_0_synth_1: C:/Users/realk/Desktop/ece385/ECE385/lab7_2/lab7_2.runs/mb_block_1_hdmi_text_controller_0_0_synth_1/runme.log
synth_1: C:/Users/realk/Desktop/ece385/ECE385/lab7_2/lab7_2.runs/synth_1/runme.log
[Fri Nov  8 08:36:40 2024] Launched impl_1...
Run output will be captured here: C:/Users/realk/Desktop/ece385/ECE385/lab7_2/lab7_2.runs/impl_1/runme.log
write_hw_platform -fixed -include_bit -force -file C:/Users/realk/Desktop/ece385/ECE385/lab7_2/mb_usb_hdmi_top.xsa
INFO: [Project 1-1918] Creating Hardware Platform: C:/Users/realk/Desktop/ece385/ECE385/lab7_2/mb_usb_hdmi_top.xsa ...
INFO: [Project 1-1943] The Hardware Platform can be used for Hardware
INFO: [Project 1-1941] Successfully created Hardware Platform: C:/Users/realk/Desktop/ece385/ECE385/lab7_2/mb_usb_hdmi_top.xsa
update_ip_catalog -rebuild -scan_changes
INFO: [IP_Flow 19-234] Refreshing IP repositories
INFO: [IP_Flow 19-1700] Loaded user IP repository 'c:/Users/realk/Desktop/ece385/ECE385/ip_repo'.
INFO: [IP_Flow 19-1700] Loaded user IP repository 'c:/Users/realk/Downloads/RD_hdmi_ip2020'.
report_ip_status -name ip_status
upgrade_ip -vlnv xilinx.com:user:hdmi_text_controller:1.0 [get_ips  mb_block_1_hdmi_text_controller_0_0] -log ip_upgrade.log
Upgrading 'C:/Users/realk/Desktop/ece385/ECE385/lab7_2/lab7_2.srcs/sources_1/bd/mb_block_1/mb_block_1.bd'
INFO: [IP_Flow 19-3422] Upgraded mb_block_1_hdmi_text_controller_0_0 (hdmi_text_controller_v1.0 1.0) from revision 50 to revision 51
Wrote  : <C:\Users\realk\Desktop\ece385\ECE385\lab7_2\lab7_2.srcs\sources_1\bd\mb_block_1\mb_block_1.bd> 
INFO: [Coretcl 2-1525] Wrote upgrade log to 'C:/Users/realk/Desktop/ece385/ECE385/lab7_2/ip_upgrade.log'.
export_ip_user_files -of_objects [get_ips mb_block_1_hdmi_text_controller_0_0] -no_script -sync -force -quiet
generate_target all [get_files  C:/Users/realk/Desktop/ece385/ECE385/lab7_2/lab7_2.srcs/sources_1/bd/mb_block_1/mb_block_1.bd]
CRITICAL WARNING: [BD 41-1732] Bus interface '/hdmi_text_controller_0/AXI' is found to be associated with multiple clock-pins. This may prevent design from functioning correctly. List of associated clock-pins:
/hdmi_text_controller_0/axi_aclk
/hdmi_text_controller_0/axi_aclk

.
WARNING: [filemgmt 56-443] The ECC Algorithm string is empty. Setting the Memory Map to default ECC value to ECC_NONE.
WARNING: [filemgmt 56-443] The ECC Algorithm string is empty. Setting the Memory Map to default ECC value to ECC_NONE.
INFO: [xilinx.com:ip:axi_intc:4.1-1] /microblaze_0_axi_intc: The AXI INTC core has been configured to operate with synchronous clocks.
INFO: [xilinx.com:ip:clk_wiz:6.0-1] /clk_wiz_1 clk_wiz propagate
Wrote  : <C:\Users\realk\Desktop\ece385\ECE385\lab7_2\lab7_2.srcs\sources_1\bd\mb_block_1\mb_block_1.bd> 
Verilog Output written to : C:/Users/realk/Desktop/ece385/ECE385/lab7_2/lab7_2.gen/sources_1/bd/mb_block_1/synth/mb_block_1.v
Verilog Output written to : C:/Users/realk/Desktop/ece385/ECE385/lab7_2/lab7_2.gen/sources_1/bd/mb_block_1/sim/mb_block_1.v
Verilog Output written to : C:/Users/realk/Desktop/ece385/ECE385/lab7_2/lab7_2.gen/sources_1/bd/mb_block_1/hdl/mb_block_1_wrapper.v
INFO: [BD 41-1029] Generation completed for the IP Integrator block hdmi_text_controller_0 .
Exporting to file C:/Users/realk/Desktop/ece385/ECE385/lab7_2/lab7_2.gen/sources_1/bd/mb_block_1/hw_handoff/mb_block_1.hwh
Generated Hardware Definition File C:/Users/realk/Desktop/ece385/ECE385/lab7_2/lab7_2.gen/sources_1/bd/mb_block_1/synth/mb_block_1.hwdef
generate_target: Time (s): cpu = 00:00:09 ; elapsed = 00:00:22 . Memory (MB): peak = 3059.664 ; gain = 0.000
catch { config_ip_cache -export [get_ips -all mb_block_1_hdmi_text_controller_0_0] }
INFO: [IP_Flow 19-6924] IPCACHE: Running cache check for IP inst: mb_block_1_hdmi_text_controller_0_0
export_ip_user_files -of_objects [get_files C:/Users/realk/Desktop/ece385/ECE385/lab7_2/lab7_2.srcs/sources_1/bd/mb_block_1/mb_block_1.bd] -no_script -sync -force -quiet
create_ip_run [get_files -of_objects [get_fileset sources_1] C:/Users/realk/Desktop/ece385/ECE385/lab7_2/lab7_2.srcs/sources_1/bd/mb_block_1/mb_block_1.bd]
launch_runs mb_block_1_hdmi_text_controller_0_0_synth_1 -jobs 16
INFO: [IP_Flow 19-6924] IPCACHE: Running cache check for IP inst: mb_block_1_hdmi_text_controller_0_0
[Fri Nov  8 08:46:14 2024] Launched mb_block_1_hdmi_text_controller_0_0_synth_1...
Run output will be captured here: C:/Users/realk/Desktop/ece385/ECE385/lab7_2/lab7_2.runs/mb_block_1_hdmi_text_controller_0_0_synth_1/runme.log
export_simulation -of_objects [get_files C:/Users/realk/Desktop/ece385/ECE385/lab7_2/lab7_2.srcs/sources_1/bd/mb_block_1/mb_block_1.bd] -directory C:/Users/realk/Desktop/ece385/ECE385/lab7_2/lab7_2.ip_user_files/sim_scripts -ip_user_files_dir C:/Users/realk/Desktop/ece385/ECE385/lab7_2/lab7_2.ip_user_files -ipstatic_source_dir C:/Users/realk/Desktop/ece385/ECE385/lab7_2/lab7_2.ip_user_files/ipstatic -lib_map_path [list {modelsim=C:/Users/realk/Desktop/ece385/ECE385/lab7_2/lab7_2.cache/compile_simlib/modelsim} {questa=C:/Users/realk/Desktop/ece385/ECE385/lab7_2/lab7_2.cache/compile_simlib/questa} {riviera=C:/Users/realk/Desktop/ece385/ECE385/lab7_2/lab7_2.cache/compile_simlib/riviera} {activehdl=C:/Users/realk/Desktop/ece385/ECE385/lab7_2/lab7_2.cache/compile_simlib/activehdl}] -use_ip_compiled_libs -force -quiet
reset_run synth_1
INFO: [Project 1-1161] Replacing file C:/Users/realk/Desktop/ece385/ECE385/lab7_2/lab7_2.srcs/utils_1/imports/synth_1/mb_usb_hdmi_top.dcp with file C:/Users/realk/Desktop/ece385/ECE385/lab7_2/lab7_2.runs/synth_1/mb_usb_hdmi_top.dcp
WARNING: [Vivado 12-1017] Problems encountered:
1. Failed to delete one or more files in run directory C:/Users/realk/Desktop/ece385/ECE385/lab7_2/lab7_2.runs/synth_1

launch_runs impl_1 -to_step write_bitstream -jobs 16
INFO: [IP_Flow 19-6924] IPCACHE: Running cache check for IP inst: mb_block_1_hdmi_text_controller_0_0
[Fri Nov  8 08:46:49 2024] Launched mb_block_1_hdmi_text_controller_0_0_synth_1, synth_1...
Run output will be captured here:
mb_block_1_hdmi_text_controller_0_0_synth_1: C:/Users/realk/Desktop/ece385/ECE385/lab7_2/lab7_2.runs/mb_block_1_hdmi_text_controller_0_0_synth_1/runme.log
synth_1: C:/Users/realk/Desktop/ece385/ECE385/lab7_2/lab7_2.runs/synth_1/runme.log
[Fri Nov  8 08:46:49 2024] Launched impl_1...
Run output will be captured here: C:/Users/realk/Desktop/ece385/ECE385/lab7_2/lab7_2.runs/impl_1/runme.log
open_run impl_1
Netlist sorting complete. Time (s): cpu = 00:00:00 ; elapsed = 00:00:00.190 . Memory (MB): peak = 3059.664 ; gain = 0.000
INFO: [Common 17-41] Interrupt caught. Command should exit soon.
INFO: [Netlist 29-17] Analyzing 351 Unisim elements for replacement
INFO: [Netlist 29-28] Unisim Transformation completed in 0 CPU seconds
INFO: [Project 1-479] Netlist was created with Vivado 2022.2
INFO: [Common 17-344] 'open_run' was cancelled
write_hw_platform -fixed -include_bit -force -file C:/Users/realk/Desktop/ece385/ECE385/lab7_2/mb_usb_hdmi_top.xsa
INFO: [Project 1-1918] Creating Hardware Platform: C:/Users/realk/Desktop/ece385/ECE385/lab7_2/mb_usb_hdmi_top.xsa ...
INFO: [Project 1-1943] The Hardware Platform can be used for Hardware
INFO: [Project 1-1941] Successfully created Hardware Platform: C:/Users/realk/Desktop/ece385/ECE385/lab7_2/mb_usb_hdmi_top.xsa
update_ip_catalog -rebuild -scan_changes
INFO: [IP_Flow 19-234] Refreshing IP repositories
INFO: [IP_Flow 19-1700] Loaded user IP repository 'c:/Users/realk/Desktop/ece385/ECE385/ip_repo'.
INFO: [IP_Flow 19-1700] Loaded user IP repository 'c:/Users/realk/Downloads/RD_hdmi_ip2020'.
report_ip_status -name ip_status
upgrade_ip -vlnv xilinx.com:user:hdmi_text_controller:1.0 [get_ips  mb_block_1_hdmi_text_controller_0_0] -log ip_upgrade.log
Upgrading 'C:/Users/realk/Desktop/ece385/ECE385/lab7_2/lab7_2.srcs/sources_1/bd/mb_block_1/mb_block_1.bd'
INFO: [IP_Flow 19-3422] Upgraded mb_block_1_hdmi_text_controller_0_0 (hdmi_text_controller_v1.0 1.0) from revision 51 to revision 52
Wrote  : <C:\Users\realk\Desktop\ece385\ECE385\lab7_2\lab7_2.srcs\sources_1\bd\mb_block_1\mb_block_1.bd> 
INFO: [Coretcl 2-1525] Wrote upgrade log to 'C:/Users/realk/Desktop/ece385/ECE385/lab7_2/ip_upgrade.log'.
export_ip_user_files -of_objects [get_ips mb_block_1_hdmi_text_controller_0_0] -no_script -sync -force -quiet
generate_target all [get_files  C:/Users/realk/Desktop/ece385/ECE385/lab7_2/lab7_2.srcs/sources_1/bd/mb_block_1/mb_block_1.bd]
CRITICAL WARNING: [BD 41-1732] Bus interface '/hdmi_text_controller_0/AXI' is found to be associated with multiple clock-pins. This may prevent design from functioning correctly. List of associated clock-pins:
/hdmi_text_controller_0/axi_aclk
/hdmi_text_controller_0/axi_aclk

.
WARNING: [filemgmt 56-443] The ECC Algorithm string is empty. Setting the Memory Map to default ECC value to ECC_NONE.
WARNING: [filemgmt 56-443] The ECC Algorithm string is empty. Setting the Memory Map to default ECC value to ECC_NONE.
INFO: [xilinx.com:ip:axi_intc:4.1-1] /microblaze_0_axi_intc: The AXI INTC core has been configured to operate with synchronous clocks.
INFO: [xilinx.com:ip:clk_wiz:6.0-1] /clk_wiz_1 clk_wiz propagate
Wrote  : <C:\Users\realk\Desktop\ece385\ECE385\lab7_2\lab7_2.srcs\sources_1\bd\mb_block_1\mb_block_1.bd> 
Verilog Output written to : C:/Users/realk/Desktop/ece385/ECE385/lab7_2/lab7_2.gen/sources_1/bd/mb_block_1/synth/mb_block_1.v
Verilog Output written to : C:/Users/realk/Desktop/ece385/ECE385/lab7_2/lab7_2.gen/sources_1/bd/mb_block_1/sim/mb_block_1.v
Verilog Output written to : C:/Users/realk/Desktop/ece385/ECE385/lab7_2/lab7_2.gen/sources_1/bd/mb_block_1/hdl/mb_block_1_wrapper.v
INFO: [BD 41-1029] Generation completed for the IP Integrator block hdmi_text_controller_0 .
Exporting to file C:/Users/realk/Desktop/ece385/ECE385/lab7_2/lab7_2.gen/sources_1/bd/mb_block_1/hw_handoff/mb_block_1.hwh
Generated Hardware Definition File C:/Users/realk/Desktop/ece385/ECE385/lab7_2/lab7_2.gen/sources_1/bd/mb_block_1/synth/mb_block_1.hwdef
generate_target: Time (s): cpu = 00:00:07 ; elapsed = 00:00:21 . Memory (MB): peak = 3061.504 ; gain = 1.840
catch { config_ip_cache -export [get_ips -all mb_block_1_hdmi_text_controller_0_0] }
INFO: [IP_Flow 19-6924] IPCACHE: Running cache check for IP inst: mb_block_1_hdmi_text_controller_0_0
export_ip_user_files -of_objects [get_files C:/Users/realk/Desktop/ece385/ECE385/lab7_2/lab7_2.srcs/sources_1/bd/mb_block_1/mb_block_1.bd] -no_script -sync -force -quiet
create_ip_run [get_files -of_objects [get_fileset sources_1] C:/Users/realk/Desktop/ece385/ECE385/lab7_2/lab7_2.srcs/sources_1/bd/mb_block_1/mb_block_1.bd]
launch_runs mb_block_1_hdmi_text_controller_0_0_synth_1 -jobs 16
INFO: [IP_Flow 19-6924] IPCACHE: Running cache check for IP inst: mb_block_1_hdmi_text_controller_0_0
[Fri Nov  8 08:55:11 2024] Launched mb_block_1_hdmi_text_controller_0_0_synth_1...
Run output will be captured here: C:/Users/realk/Desktop/ece385/ECE385/lab7_2/lab7_2.runs/mb_block_1_hdmi_text_controller_0_0_synth_1/runme.log
export_simulation -of_objects [get_files C:/Users/realk/Desktop/ece385/ECE385/lab7_2/lab7_2.srcs/sources_1/bd/mb_block_1/mb_block_1.bd] -directory C:/Users/realk/Desktop/ece385/ECE385/lab7_2/lab7_2.ip_user_files/sim_scripts -ip_user_files_dir C:/Users/realk/Desktop/ece385/ECE385/lab7_2/lab7_2.ip_user_files -ipstatic_source_dir C:/Users/realk/Desktop/ece385/ECE385/lab7_2/lab7_2.ip_user_files/ipstatic -lib_map_path [list {modelsim=C:/Users/realk/Desktop/ece385/ECE385/lab7_2/lab7_2.cache/compile_simlib/modelsim} {questa=C:/Users/realk/Desktop/ece385/ECE385/lab7_2/lab7_2.cache/compile_simlib/questa} {riviera=C:/Users/realk/Desktop/ece385/ECE385/lab7_2/lab7_2.cache/compile_simlib/riviera} {activehdl=C:/Users/realk/Desktop/ece385/ECE385/lab7_2/lab7_2.cache/compile_simlib/activehdl}] -use_ip_compiled_libs -force -quiet
reset_run synth_1
INFO: [Project 1-1161] Replacing file C:/Users/realk/Desktop/ece385/ECE385/lab7_2/lab7_2.srcs/utils_1/imports/synth_1/mb_usb_hdmi_top.dcp with file C:/Users/realk/Desktop/ece385/ECE385/lab7_2/lab7_2.runs/synth_1/mb_usb_hdmi_top.dcp
WARNING: [Vivado 12-1017] Problems encountered:
1. Failed to delete one or more files in run directory C:/Users/realk/Desktop/ece385/ECE385/lab7_2/lab7_2.runs/synth_1

launch_runs impl_1 -to_step write_bitstream -jobs 16
INFO: [IP_Flow 19-6924] IPCACHE: Running cache check for IP inst: mb_block_1_hdmi_text_controller_0_0
[Fri Nov  8 08:55:42 2024] Launched mb_block_1_hdmi_text_controller_0_0_synth_1, synth_1...
Run output will be captured here:
mb_block_1_hdmi_text_controller_0_0_synth_1: C:/Users/realk/Desktop/ece385/ECE385/lab7_2/lab7_2.runs/mb_block_1_hdmi_text_controller_0_0_synth_1/runme.log
synth_1: C:/Users/realk/Desktop/ece385/ECE385/lab7_2/lab7_2.runs/synth_1/runme.log
[Fri Nov  8 08:55:42 2024] Launched impl_1...
Run output will be captured here: C:/Users/realk/Desktop/ece385/ECE385/lab7_2/lab7_2.runs/impl_1/runme.log
write_hw_platform -fixed -include_bit -force -file C:/Users/realk/Desktop/ece385/ECE385/lab7_2/mb_usb_hdmi_top.xsa
INFO: [Project 1-1918] Creating Hardware Platform: C:/Users/realk/Desktop/ece385/ECE385/lab7_2/mb_usb_hdmi_top.xsa ...
INFO: [Project 1-1943] The Hardware Platform can be used for Hardware
INFO: [Project 1-1941] Successfully created Hardware Platform: C:/Users/realk/Desktop/ece385/ECE385/lab7_2/mb_usb_hdmi_top.xsa
update_ip_catalog -rebuild -scan_changes
INFO: [IP_Flow 19-234] Refreshing IP repositories
INFO: [IP_Flow 19-1700] Loaded user IP repository 'c:/Users/realk/Desktop/ece385/ECE385/ip_repo'.
INFO: [IP_Flow 19-1700] Loaded user IP repository 'c:/Users/realk/Downloads/RD_hdmi_ip2020'.
report_ip_status -name ip_status
upgrade_ip -vlnv xilinx.com:user:hdmi_text_controller:1.0 [get_ips  mb_block_1_hdmi_text_controller_0_0] -log ip_upgrade.log
Upgrading 'C:/Users/realk/Desktop/ece385/ECE385/lab7_2/lab7_2.srcs/sources_1/bd/mb_block_1/mb_block_1.bd'
INFO: [IP_Flow 19-3422] Upgraded mb_block_1_hdmi_text_controller_0_0 (hdmi_text_controller_v1.0 1.0) from revision 52 to revision 53
Wrote  : <C:\Users\realk\Desktop\ece385\ECE385\lab7_2\lab7_2.srcs\sources_1\bd\mb_block_1\mb_block_1.bd> 
INFO: [Coretcl 2-1525] Wrote upgrade log to 'C:/Users/realk/Desktop/ece385/ECE385/lab7_2/ip_upgrade.log'.
export_ip_user_files -of_objects [get_ips mb_block_1_hdmi_text_controller_0_0] -no_script -sync -force -quiet
generate_target all [get_files  C:/Users/realk/Desktop/ece385/ECE385/lab7_2/lab7_2.srcs/sources_1/bd/mb_block_1/mb_block_1.bd]
CRITICAL WARNING: [BD 41-1732] Bus interface '/hdmi_text_controller_0/AXI' is found to be associated with multiple clock-pins. This may prevent design from functioning correctly. List of associated clock-pins:
/hdmi_text_controller_0/axi_aclk
/hdmi_text_controller_0/axi_aclk

.
WARNING: [filemgmt 56-443] The ECC Algorithm string is empty. Setting the Memory Map to default ECC value to ECC_NONE.
WARNING: [filemgmt 56-443] The ECC Algorithm string is empty. Setting the Memory Map to default ECC value to ECC_NONE.
INFO: [xilinx.com:ip:axi_intc:4.1-1] /microblaze_0_axi_intc: The AXI INTC core has been configured to operate with synchronous clocks.
INFO: [xilinx.com:ip:clk_wiz:6.0-1] /clk_wiz_1 clk_wiz propagate
Wrote  : <C:\Users\realk\Desktop\ece385\ECE385\lab7_2\lab7_2.srcs\sources_1\bd\mb_block_1\mb_block_1.bd> 
Verilog Output written to : C:/Users/realk/Desktop/ece385/ECE385/lab7_2/lab7_2.gen/sources_1/bd/mb_block_1/synth/mb_block_1.v
Verilog Output written to : C:/Users/realk/Desktop/ece385/ECE385/lab7_2/lab7_2.gen/sources_1/bd/mb_block_1/sim/mb_block_1.v
Verilog Output written to : C:/Users/realk/Desktop/ece385/ECE385/lab7_2/lab7_2.gen/sources_1/bd/mb_block_1/hdl/mb_block_1_wrapper.v
INFO: [BD 41-1029] Generation completed for the IP Integrator block hdmi_text_controller_0 .
Exporting to file C:/Users/realk/Desktop/ece385/ECE385/lab7_2/lab7_2.gen/sources_1/bd/mb_block_1/hw_handoff/mb_block_1.hwh
Generated Hardware Definition File C:/Users/realk/Desktop/ece385/ECE385/lab7_2/lab7_2.gen/sources_1/bd/mb_block_1/synth/mb_block_1.hwdef
generate_target: Time (s): cpu = 00:00:09 ; elapsed = 00:00:22 . Memory (MB): peak = 3075.312 ; gain = 5.559
catch { config_ip_cache -export [get_ips -all mb_block_1_hdmi_text_controller_0_0] }
INFO: [IP_Flow 19-6924] IPCACHE: Running cache check for IP inst: mb_block_1_hdmi_text_controller_0_0
export_ip_user_files -of_objects [get_files C:/Users/realk/Desktop/ece385/ECE385/lab7_2/lab7_2.srcs/sources_1/bd/mb_block_1/mb_block_1.bd] -no_script -sync -force -quiet
create_ip_run [get_files -of_objects [get_fileset sources_1] C:/Users/realk/Desktop/ece385/ECE385/lab7_2/lab7_2.srcs/sources_1/bd/mb_block_1/mb_block_1.bd]
launch_runs mb_block_1_hdmi_text_controller_0_0_synth_1 -jobs 16
INFO: [IP_Flow 19-6924] IPCACHE: Running cache check for IP inst: mb_block_1_hdmi_text_controller_0_0
[Fri Nov  8 09:02:23 2024] Launched mb_block_1_hdmi_text_controller_0_0_synth_1...
Run output will be captured here: C:/Users/realk/Desktop/ece385/ECE385/lab7_2/lab7_2.runs/mb_block_1_hdmi_text_controller_0_0_synth_1/runme.log
export_simulation -of_objects [get_files C:/Users/realk/Desktop/ece385/ECE385/lab7_2/lab7_2.srcs/sources_1/bd/mb_block_1/mb_block_1.bd] -directory C:/Users/realk/Desktop/ece385/ECE385/lab7_2/lab7_2.ip_user_files/sim_scripts -ip_user_files_dir C:/Users/realk/Desktop/ece385/ECE385/lab7_2/lab7_2.ip_user_files -ipstatic_source_dir C:/Users/realk/Desktop/ece385/ECE385/lab7_2/lab7_2.ip_user_files/ipstatic -lib_map_path [list {modelsim=C:/Users/realk/Desktop/ece385/ECE385/lab7_2/lab7_2.cache/compile_simlib/modelsim} {questa=C:/Users/realk/Desktop/ece385/ECE385/lab7_2/lab7_2.cache/compile_simlib/questa} {riviera=C:/Users/realk/Desktop/ece385/ECE385/lab7_2/lab7_2.cache/compile_simlib/riviera} {activehdl=C:/Users/realk/Desktop/ece385/ECE385/lab7_2/lab7_2.cache/compile_simlib/activehdl}] -use_ip_compiled_libs -force -quiet
reset_run synth_1
INFO: [Project 1-1161] Replacing file C:/Users/realk/Desktop/ece385/ECE385/lab7_2/lab7_2.srcs/utils_1/imports/synth_1/mb_usb_hdmi_top.dcp with file C:/Users/realk/Desktop/ece385/ECE385/lab7_2/lab7_2.runs/synth_1/mb_usb_hdmi_top.dcp
WARNING: [Vivado 12-1017] Problems encountered:
1. Failed to delete one or more files in run directory C:/Users/realk/Desktop/ece385/ECE385/lab7_2/lab7_2.runs/synth_1

launch_runs impl_1 -to_step write_bitstream -jobs 16
INFO: [IP_Flow 19-6924] IPCACHE: Running cache check for IP inst: mb_block_1_hdmi_text_controller_0_0
[Fri Nov  8 09:02:52 2024] Launched mb_block_1_hdmi_text_controller_0_0_synth_1, synth_1...
Run output will be captured here:
mb_block_1_hdmi_text_controller_0_0_synth_1: C:/Users/realk/Desktop/ece385/ECE385/lab7_2/lab7_2.runs/mb_block_1_hdmi_text_controller_0_0_synth_1/runme.log
synth_1: C:/Users/realk/Desktop/ece385/ECE385/lab7_2/lab7_2.runs/synth_1/runme.log
[Fri Nov  8 09:02:53 2024] Launched impl_1...
Run output will be captured here: C:/Users/realk/Desktop/ece385/ECE385/lab7_2/lab7_2.runs/impl_1/runme.log
reset_run synth_1
reset_run mb_block_1_hdmi_text_controller_0_0_synth_1
update_ip_catalog -rebuild -scan_changes
INFO: [IP_Flow 19-234] Refreshing IP repositories
INFO: [IP_Flow 19-1700] Loaded user IP repository 'c:/Users/realk/Desktop/ece385/ECE385/ip_repo'.
INFO: [IP_Flow 19-1700] Loaded user IP repository 'c:/Users/realk/Downloads/RD_hdmi_ip2020'.
report_ip_status -name ip_status
upgrade_ip -vlnv xilinx.com:user:hdmi_text_controller:1.0 [get_ips  mb_block_1_hdmi_text_controller_0_0] -log ip_upgrade.log
Upgrading 'C:/Users/realk/Desktop/ece385/ECE385/lab7_2/lab7_2.srcs/sources_1/bd/mb_block_1/mb_block_1.bd'
INFO: [IP_Flow 19-3422] Upgraded mb_block_1_hdmi_text_controller_0_0 (hdmi_text_controller_v1.0 1.0) from revision 53 to revision 54
Wrote  : <C:\Users\realk\Desktop\ece385\ECE385\lab7_2\lab7_2.srcs\sources_1\bd\mb_block_1\mb_block_1.bd> 
INFO: [Coretcl 2-1525] Wrote upgrade log to 'C:/Users/realk/Desktop/ece385/ECE385/lab7_2/ip_upgrade.log'.
export_ip_user_files -of_objects [get_ips mb_block_1_hdmi_text_controller_0_0] -no_script -sync -force -quiet
generate_target all [get_files  C:/Users/realk/Desktop/ece385/ECE385/lab7_2/lab7_2.srcs/sources_1/bd/mb_block_1/mb_block_1.bd]
CRITICAL WARNING: [BD 41-1732] Bus interface '/hdmi_text_controller_0/AXI' is found to be associated with multiple clock-pins. This may prevent design from functioning correctly. List of associated clock-pins:
/hdmi_text_controller_0/axi_aclk
/hdmi_text_controller_0/axi_aclk

.
WARNING: [filemgmt 56-443] The ECC Algorithm string is empty. Setting the Memory Map to default ECC value to ECC_NONE.
WARNING: [filemgmt 56-443] The ECC Algorithm string is empty. Setting the Memory Map to default ECC value to ECC_NONE.
INFO: [xilinx.com:ip:axi_intc:4.1-1] /microblaze_0_axi_intc: The AXI INTC core has been configured to operate with synchronous clocks.
INFO: [xilinx.com:ip:clk_wiz:6.0-1] /clk_wiz_1 clk_wiz propagate
Wrote  : <C:\Users\realk\Desktop\ece385\ECE385\lab7_2\lab7_2.srcs\sources_1\bd\mb_block_1\mb_block_1.bd> 
Verilog Output written to : C:/Users/realk/Desktop/ece385/ECE385/lab7_2/lab7_2.gen/sources_1/bd/mb_block_1/synth/mb_block_1.v
Verilog Output written to : C:/Users/realk/Desktop/ece385/ECE385/lab7_2/lab7_2.gen/sources_1/bd/mb_block_1/sim/mb_block_1.v
Verilog Output written to : C:/Users/realk/Desktop/ece385/ECE385/lab7_2/lab7_2.gen/sources_1/bd/mb_block_1/hdl/mb_block_1_wrapper.v
INFO: [BD 41-1029] Generation completed for the IP Integrator block hdmi_text_controller_0 .
Exporting to file C:/Users/realk/Desktop/ece385/ECE385/lab7_2/lab7_2.gen/sources_1/bd/mb_block_1/hw_handoff/mb_block_1.hwh
Generated Hardware Definition File C:/Users/realk/Desktop/ece385/ECE385/lab7_2/lab7_2.gen/sources_1/bd/mb_block_1/synth/mb_block_1.hwdef
generate_target: Time (s): cpu = 00:00:08 ; elapsed = 00:00:22 . Memory (MB): peak = 3078.141 ; gain = 0.000
catch { config_ip_cache -export [get_ips -all mb_block_1_hdmi_text_controller_0_0] }
INFO: [IP_Flow 19-6924] IPCACHE: Running cache check for IP inst: mb_block_1_hdmi_text_controller_0_0
export_ip_user_files -of_objects [get_files C:/Users/realk/Desktop/ece385/ECE385/lab7_2/lab7_2.srcs/sources_1/bd/mb_block_1/mb_block_1.bd] -no_script -sync -force -quiet
create_ip_run [get_files -of_objects [get_fileset sources_1] C:/Users/realk/Desktop/ece385/ECE385/lab7_2/lab7_2.srcs/sources_1/bd/mb_block_1/mb_block_1.bd]
launch_runs mb_block_1_hdmi_text_controller_0_0_synth_1 -jobs 16
INFO: [IP_Flow 19-6924] IPCACHE: Running cache check for IP inst: mb_block_1_hdmi_text_controller_0_0
[Fri Nov  8 09:08:20 2024] Launched mb_block_1_hdmi_text_controller_0_0_synth_1...
Run output will be captured here: C:/Users/realk/Desktop/ece385/ECE385/lab7_2/lab7_2.runs/mb_block_1_hdmi_text_controller_0_0_synth_1/runme.log
export_simulation -of_objects [get_files C:/Users/realk/Desktop/ece385/ECE385/lab7_2/lab7_2.srcs/sources_1/bd/mb_block_1/mb_block_1.bd] -directory C:/Users/realk/Desktop/ece385/ECE385/lab7_2/lab7_2.ip_user_files/sim_scripts -ip_user_files_dir C:/Users/realk/Desktop/ece385/ECE385/lab7_2/lab7_2.ip_user_files -ipstatic_source_dir C:/Users/realk/Desktop/ece385/ECE385/lab7_2/lab7_2.ip_user_files/ipstatic -lib_map_path [list {modelsim=C:/Users/realk/Desktop/ece385/ECE385/lab7_2/lab7_2.cache/compile_simlib/modelsim} {questa=C:/Users/realk/Desktop/ece385/ECE385/lab7_2/lab7_2.cache/compile_simlib/questa} {riviera=C:/Users/realk/Desktop/ece385/ECE385/lab7_2/lab7_2.cache/compile_simlib/riviera} {activehdl=C:/Users/realk/Desktop/ece385/ECE385/lab7_2/lab7_2.cache/compile_simlib/activehdl}] -use_ip_compiled_libs -force -quiet
launch_runs impl_1 -to_step write_bitstream -jobs 16
INFO: [IP_Flow 19-6924] IPCACHE: Running cache check for IP inst: mb_block_1_hdmi_text_controller_0_0
[Fri Nov  8 09:08:41 2024] Launched mb_block_1_hdmi_text_controller_0_0_synth_1, synth_1...
Run output will be captured here:
mb_block_1_hdmi_text_controller_0_0_synth_1: C:/Users/realk/Desktop/ece385/ECE385/lab7_2/lab7_2.runs/mb_block_1_hdmi_text_controller_0_0_synth_1/runme.log
synth_1: C:/Users/realk/Desktop/ece385/ECE385/lab7_2/lab7_2.runs/synth_1/runme.log
[Fri Nov  8 09:08:41 2024] Launched impl_1...
Run output will be captured here: C:/Users/realk/Desktop/ece385/ECE385/lab7_2/lab7_2.runs/impl_1/runme.log
write_hw_platform -fixed -include_bit -force -file C:/Users/realk/Desktop/ece385/ECE385/lab7_2/mb_usb_hdmi_top.xsa
INFO: [Project 1-1918] Creating Hardware Platform: C:/Users/realk/Desktop/ece385/ECE385/lab7_2/mb_usb_hdmi_top.xsa ...
INFO: [Project 1-1943] The Hardware Platform can be used for Hardware
INFO: [Project 1-1941] Successfully created Hardware Platform: C:/Users/realk/Desktop/ece385/ECE385/lab7_2/mb_usb_hdmi_top.xsa
update_ip_catalog -rebuild -scan_changes
INFO: [IP_Flow 19-234] Refreshing IP repositories
INFO: [IP_Flow 19-1700] Loaded user IP repository 'c:/Users/realk/Desktop/ece385/ECE385/ip_repo'.
INFO: [IP_Flow 19-1700] Loaded user IP repository 'c:/Users/realk/Downloads/RD_hdmi_ip2020'.
report_ip_status -name ip_status
upgrade_ip -vlnv xilinx.com:user:hdmi_text_controller:1.0 [get_ips  mb_block_1_hdmi_text_controller_0_0] -log ip_upgrade.log
Upgrading 'C:/Users/realk/Desktop/ece385/ECE385/lab7_2/lab7_2.srcs/sources_1/bd/mb_block_1/mb_block_1.bd'
INFO: [IP_Flow 19-3422] Upgraded mb_block_1_hdmi_text_controller_0_0 (hdmi_text_controller_v1.0 1.0) from revision 54 to revision 55
Wrote  : <C:\Users\realk\Desktop\ece385\ECE385\lab7_2\lab7_2.srcs\sources_1\bd\mb_block_1\mb_block_1.bd> 
INFO: [Coretcl 2-1525] Wrote upgrade log to 'C:/Users/realk/Desktop/ece385/ECE385/lab7_2/ip_upgrade.log'.
export_ip_user_files -of_objects [get_ips mb_block_1_hdmi_text_controller_0_0] -no_script -sync -force -quiet
generate_target all [get_files  C:/Users/realk/Desktop/ece385/ECE385/lab7_2/lab7_2.srcs/sources_1/bd/mb_block_1/mb_block_1.bd]
CRITICAL WARNING: [BD 41-1732] Bus interface '/hdmi_text_controller_0/AXI' is found to be associated with multiple clock-pins. This may prevent design from functioning correctly. List of associated clock-pins:
/hdmi_text_controller_0/axi_aclk
/hdmi_text_controller_0/axi_aclk

.
WARNING: [filemgmt 56-443] The ECC Algorithm string is empty. Setting the Memory Map to default ECC value to ECC_NONE.
WARNING: [filemgmt 56-443] The ECC Algorithm string is empty. Setting the Memory Map to default ECC value to ECC_NONE.
INFO: [xilinx.com:ip:axi_intc:4.1-1] /microblaze_0_axi_intc: The AXI INTC core has been configured to operate with synchronous clocks.
INFO: [xilinx.com:ip:clk_wiz:6.0-1] /clk_wiz_1 clk_wiz propagate
Wrote  : <C:\Users\realk\Desktop\ece385\ECE385\lab7_2\lab7_2.srcs\sources_1\bd\mb_block_1\mb_block_1.bd> 
Verilog Output written to : C:/Users/realk/Desktop/ece385/ECE385/lab7_2/lab7_2.gen/sources_1/bd/mb_block_1/synth/mb_block_1.v
Verilog Output written to : C:/Users/realk/Desktop/ece385/ECE385/lab7_2/lab7_2.gen/sources_1/bd/mb_block_1/sim/mb_block_1.v
Verilog Output written to : C:/Users/realk/Desktop/ece385/ECE385/lab7_2/lab7_2.gen/sources_1/bd/mb_block_1/hdl/mb_block_1_wrapper.v
INFO: [BD 41-1029] Generation completed for the IP Integrator block hdmi_text_controller_0 .
Exporting to file C:/Users/realk/Desktop/ece385/ECE385/lab7_2/lab7_2.gen/sources_1/bd/mb_block_1/hw_handoff/mb_block_1.hwh
Generated Hardware Definition File C:/Users/realk/Desktop/ece385/ECE385/lab7_2/lab7_2.gen/sources_1/bd/mb_block_1/synth/mb_block_1.hwdef
generate_target: Time (s): cpu = 00:00:09 ; elapsed = 00:00:23 . Memory (MB): peak = 3081.516 ; gain = 0.457
catch { config_ip_cache -export [get_ips -all mb_block_1_hdmi_text_controller_0_0] }
INFO: [IP_Flow 19-6924] IPCACHE: Running cache check for IP inst: mb_block_1_hdmi_text_controller_0_0
export_ip_user_files -of_objects [get_files C:/Users/realk/Desktop/ece385/ECE385/lab7_2/lab7_2.srcs/sources_1/bd/mb_block_1/mb_block_1.bd] -no_script -sync -force -quiet
create_ip_run [get_files -of_objects [get_fileset sources_1] C:/Users/realk/Desktop/ece385/ECE385/lab7_2/lab7_2.srcs/sources_1/bd/mb_block_1/mb_block_1.bd]
launch_runs mb_block_1_hdmi_text_controller_0_0_synth_1 -jobs 16
INFO: [IP_Flow 19-6924] IPCACHE: Running cache check for IP inst: mb_block_1_hdmi_text_controller_0_0
[Fri Nov  8 09:25:51 2024] Launched mb_block_1_hdmi_text_controller_0_0_synth_1...
Run output will be captured here: C:/Users/realk/Desktop/ece385/ECE385/lab7_2/lab7_2.runs/mb_block_1_hdmi_text_controller_0_0_synth_1/runme.log
export_simulation -of_objects [get_files C:/Users/realk/Desktop/ece385/ECE385/lab7_2/lab7_2.srcs/sources_1/bd/mb_block_1/mb_block_1.bd] -directory C:/Users/realk/Desktop/ece385/ECE385/lab7_2/lab7_2.ip_user_files/sim_scripts -ip_user_files_dir C:/Users/realk/Desktop/ece385/ECE385/lab7_2/lab7_2.ip_user_files -ipstatic_source_dir C:/Users/realk/Desktop/ece385/ECE385/lab7_2/lab7_2.ip_user_files/ipstatic -lib_map_path [list {modelsim=C:/Users/realk/Desktop/ece385/ECE385/lab7_2/lab7_2.cache/compile_simlib/modelsim} {questa=C:/Users/realk/Desktop/ece385/ECE385/lab7_2/lab7_2.cache/compile_simlib/questa} {riviera=C:/Users/realk/Desktop/ece385/ECE385/lab7_2/lab7_2.cache/compile_simlib/riviera} {activehdl=C:/Users/realk/Desktop/ece385/ECE385/lab7_2/lab7_2.cache/compile_simlib/activehdl}] -use_ip_compiled_libs -force -quiet
reset_run synth_1
INFO: [Project 1-1161] Replacing file C:/Users/realk/Desktop/ece385/ECE385/lab7_2/lab7_2.srcs/utils_1/imports/synth_1/mb_usb_hdmi_top.dcp with file C:/Users/realk/Desktop/ece385/ECE385/lab7_2/lab7_2.runs/synth_1/mb_usb_hdmi_top.dcp
WARNING: [Vivado 12-1017] Problems encountered:
1. Failed to delete one or more files in run directory C:/Users/realk/Desktop/ece385/ECE385/lab7_2/lab7_2.runs/synth_1

launch_runs impl_1 -to_step write_bitstream -jobs 16
INFO: [IP_Flow 19-6924] IPCACHE: Running cache check for IP inst: mb_block_1_hdmi_text_controller_0_0
[Fri Nov  8 09:26:26 2024] Launched mb_block_1_hdmi_text_controller_0_0_synth_1, synth_1...
Run output will be captured here:
mb_block_1_hdmi_text_controller_0_0_synth_1: C:/Users/realk/Desktop/ece385/ECE385/lab7_2/lab7_2.runs/mb_block_1_hdmi_text_controller_0_0_synth_1/runme.log
synth_1: C:/Users/realk/Desktop/ece385/ECE385/lab7_2/lab7_2.runs/synth_1/runme.log
[Fri Nov  8 09:26:26 2024] Launched impl_1...
Run output will be captured here: C:/Users/realk/Desktop/ece385/ECE385/lab7_2/lab7_2.runs/impl_1/runme.log
write_hw_platform -fixed -include_bit -force -file C:/Users/realk/Desktop/ece385/ECE385/lab7_2/mb_usb_hdmi_top.xsa
INFO: [Project 1-1918] Creating Hardware Platform: C:/Users/realk/Desktop/ece385/ECE385/lab7_2/mb_usb_hdmi_top.xsa ...
INFO: [Project 1-1943] The Hardware Platform can be used for Hardware
INFO: [Project 1-1941] Successfully created Hardware Platform: C:/Users/realk/Desktop/ece385/ECE385/lab7_2/mb_usb_hdmi_top.xsa
write_hw_platform -fixed -include_bit -force -file C:/Users/realk/Desktop/ece385/ECE385/lab7_2/mb_usb_hdmi_top.xsa
INFO: [Project 1-1918] Creating Hardware Platform: C:/Users/realk/Desktop/ece385/ECE385/lab7_2/mb_usb_hdmi_top.xsa ...
INFO: [Project 1-1943] The Hardware Platform can be used for Hardware
INFO: [Project 1-1941] Successfully created Hardware Platform: C:/Users/realk/Desktop/ece385/ECE385/lab7_2/mb_usb_hdmi_top.xsa
reset_run impl_1 -prev_step 
launch_runs impl_1 -to_step write_bitstream -jobs 16
[Fri Nov  8 09:38:41 2024] Launched impl_1...
Run output will be captured here: C:/Users/realk/Desktop/ece385/ECE385/lab7_2/lab7_2.runs/impl_1/runme.log
write_hw_platform -fixed -include_bit -force -file C:/Users/realk/Desktop/ece385/ECE385/lab7_2/mb_usb_hdmi_top.xsa
INFO: [Project 1-1918] Creating Hardware Platform: C:/Users/realk/Desktop/ece385/ECE385/lab7_2/mb_usb_hdmi_top.xsa ...
INFO: [Project 1-1943] The Hardware Platform can be used for Hardware
INFO: [Project 1-1941] Successfully created Hardware Platform: C:/Users/realk/Desktop/ece385/ECE385/lab7_2/mb_usb_hdmi_top.xsa
exit
INFO: [Common 17-206] Exiting Vivado at Fri Nov  8 17:18:48 2024...
