02:16:39 DEBUG : Logs will be stored at 'C:/Users/realk/Desktop/ece385/ECE385/lab7_2/try5_sdk/IDE.log'.
02:16:41 INFO  : Launching XSCT server: xsct.bat -n  -interactive C:\Users\realk\Desktop\ece385\ECE385\lab7_2\try5_sdk\temp_xsdb_launch_script.tcl
02:16:41 INFO  : Registering command handlers for Vitis TCF services
02:16:42 INFO  : Platform repository initialization has completed.
02:16:43 INFO  : XSCT server has started successfully.
02:16:43 INFO  : Successfully done setting XSCT server connection channel  
02:16:43 INFO  : plnx-install-location is set to ''
02:16:43 INFO  : Successfully done query RDI_DATADIR 
02:16:43 INFO  : Successfully done setting workspace for the tool. 
02:17:17 ERROR : (XSDB Server)ERROR: [Hsi 55-1562] Source directory C:/Users/realk/Desktop/ece385/ECE385/lab7_2/try5_sdk/mb_usb_hdmi_top/hw/drivers\hdmi_text_controller_v1_0/src does not exist or is not a directory.

02:17:18 INFO  : Result from executing command 'getProjects': mb_usb_hdmi_top
02:17:18 INFO  : Result from executing command 'getPlatforms': xilinx_vck190_base_202220_1|C:/Xilinx/Vitis/2022.2/base_platforms/xilinx_vck190_base_202220_1/xilinx_vck190_base_202220_1.xpfm;xilinx_vck190_base_dfx_202220_1|C:/Xilinx/Vitis/2022.2/base_platforms/xilinx_vck190_base_dfx_202220_1/xilinx_vck190_base_dfx_202220_1.xpfm;xilinx_vmk180_base_202220_1|C:/Xilinx/Vitis/2022.2/base_platforms/xilinx_vmk180_base_202220_1/xilinx_vmk180_base_202220_1.xpfm;xilinx_zcu102_base_202220_1|C:/Xilinx/Vitis/2022.2/base_platforms/xilinx_zcu102_base_202220_1/xilinx_zcu102_base_202220_1.xpfm;xilinx_zcu102_base_dfx_202220_1|C:/Xilinx/Vitis/2022.2/base_platforms/xilinx_zcu102_base_dfx_202220_1/xilinx_zcu102_base_dfx_202220_1.xpfm;xilinx_zcu104_base_202220_1|C:/Xilinx/Vitis/2022.2/base_platforms/xilinx_zcu104_base_202220_1/xilinx_zcu104_base_202220_1.xpfm
02:17:19 WARN  : An unexpected exception occurred in the module 'platform project logging'
02:17:19 INFO  : Platform 'mb_usb_hdmi_top' is added to custom repositories.
02:17:22 INFO  : Platform 'mb_usb_hdmi_top' is added to custom repositories.
02:18:43 INFO  : Result from executing command 'getProjects': mb_usb_hdmi_top
02:18:43 INFO  : Result from executing command 'getPlatforms': mb_usb_hdmi_top|C:/Users/realk/Desktop/ece385/ECE385/lab7_2/try5_sdk/mb_usb_hdmi_top/export/mb_usb_hdmi_top/mb_usb_hdmi_top.xpfm;xilinx_vck190_base_202220_1|C:/Xilinx/Vitis/2022.2/base_platforms/xilinx_vck190_base_202220_1/xilinx_vck190_base_202220_1.xpfm;xilinx_vck190_base_dfx_202220_1|C:/Xilinx/Vitis/2022.2/base_platforms/xilinx_vck190_base_dfx_202220_1/xilinx_vck190_base_dfx_202220_1.xpfm;xilinx_vmk180_base_202220_1|C:/Xilinx/Vitis/2022.2/base_platforms/xilinx_vmk180_base_202220_1/xilinx_vmk180_base_202220_1.xpfm;xilinx_zcu102_base_202220_1|C:/Xilinx/Vitis/2022.2/base_platforms/xilinx_zcu102_base_202220_1/xilinx_zcu102_base_202220_1.xpfm;xilinx_zcu102_base_dfx_202220_1|C:/Xilinx/Vitis/2022.2/base_platforms/xilinx_zcu102_base_dfx_202220_1/xilinx_zcu102_base_dfx_202220_1.xpfm;xilinx_zcu104_base_202220_1|C:/Xilinx/Vitis/2022.2/base_platforms/xilinx_zcu104_base_202220_1/xilinx_zcu104_base_202220_1.xpfm
02:18:44 INFO  : Checking for BSP changes to sync application flags for project 'sfjknsfdsfdsfd'...
02:19:12 INFO  : Connected to target on host '127.0.0.1' and port '3121'.
02:19:12 INFO  : Jtag cable 'RealDigital Boo 887100000006A' is selected.
02:19:12 INFO  : 'jtag frequency' command is executed.
02:19:13 INFO  : 'targets -set -filter {jtag_cable_name =~ "RealDigital Boo 887100000006A" && level==0 && jtag_device_ctx=="jsn1-0362f093-0"}' command is executed.
02:19:14 INFO  : Device configured successfully with "C:/Users/realk/Desktop/ece385/ECE385/lab7_2/try5_sdk/sfjknsfdsfdsfd/_ide/bitstream/mb_usb_hdmi_top.bit"
02:19:14 INFO  : Context for processor 'microblaze_0' is selected.
02:19:14 INFO  : Hardware design and registers information is loaded from 'C:/Users/realk/Desktop/ece385/ECE385/lab7_2/try5_sdk/mb_usb_hdmi_top/export/mb_usb_hdmi_top/hw/mb_usb_hdmi_top.xsa'.
02:19:14 INFO  : 'configparams mdm-detect-bscan-mask 2' command is executed.
02:19:14 INFO  : Context for processor 'microblaze_0' is selected.
02:19:14 INFO  : System reset is completed.
02:19:17 INFO  : 'after 3000' command is executed.
02:19:17 INFO  : Context for processor 'microblaze_0' is selected.
02:19:17 INFO  : The application 'C:/Users/realk/Desktop/ece385/ECE385/lab7_2/try5_sdk/sfjknsfdsfdsfd/Debug/sfjknsfdsfdsfd.elf' is downloaded to processor 'microblaze_0'.
02:19:17 INFO  : ----------------XSDB Script----------------
connect -url tcp:127.0.0.1:3121
targets -set -filter {jtag_cable_name =~ "RealDigital Boo 887100000006A" && level==0 && jtag_device_ctx=="jsn1-0362f093-0"}
fpga -file C:/Users/realk/Desktop/ece385/ECE385/lab7_2/try5_sdk/sfjknsfdsfdsfd/_ide/bitstream/mb_usb_hdmi_top.bit
targets -set -nocase -filter {name =~ "*microblaze*#0" && bscan=="USER2" }
loadhw -hw C:/Users/realk/Desktop/ece385/ECE385/lab7_2/try5_sdk/mb_usb_hdmi_top/export/mb_usb_hdmi_top/hw/mb_usb_hdmi_top.xsa -regs
configparams mdm-detect-bscan-mask 2
targets -set -nocase -filter {name =~ "*microblaze*#0" && bscan=="USER2" }
rst -system
after 3000
targets -set -nocase -filter {name =~ "*microblaze*#0" && bscan=="USER2" }
dow C:/Users/realk/Desktop/ece385/ECE385/lab7_2/try5_sdk/sfjknsfdsfdsfd/Debug/sfjknsfdsfdsfd.elf
----------------End of Script----------------

02:19:17 INFO  : Context for processor 'microblaze_0' is selected.
02:19:17 INFO  : 'con' command is executed.
02:19:17 INFO  : ----------------XSDB Script (After Launch)----------------
targets -set -nocase -filter {name =~ "*microblaze*#0" && bscan=="USER2" }
con
----------------End of Script----------------

02:19:17 INFO  : Disconnected from the channel tcfchan#2.
02:26:26 INFO  : Hardware specification for platform project 'mb_usb_hdmi_top' is updated.
02:26:38 INFO  : Result from executing command 'removePlatformRepo': 
02:26:50 INFO  : Result from executing command 'getProjects': mb_usb_hdmi_top
02:26:50 INFO  : Result from executing command 'getPlatforms': xilinx_vck190_base_202220_1|C:/Xilinx/Vitis/2022.2/base_platforms/xilinx_vck190_base_202220_1/xilinx_vck190_base_202220_1.xpfm;xilinx_vck190_base_dfx_202220_1|C:/Xilinx/Vitis/2022.2/base_platforms/xilinx_vck190_base_dfx_202220_1/xilinx_vck190_base_dfx_202220_1.xpfm;xilinx_vmk180_base_202220_1|C:/Xilinx/Vitis/2022.2/base_platforms/xilinx_vmk180_base_202220_1/xilinx_vmk180_base_202220_1.xpfm;xilinx_zcu102_base_202220_1|C:/Xilinx/Vitis/2022.2/base_platforms/xilinx_zcu102_base_202220_1/xilinx_zcu102_base_202220_1.xpfm;xilinx_zcu102_base_dfx_202220_1|C:/Xilinx/Vitis/2022.2/base_platforms/xilinx_zcu102_base_dfx_202220_1/xilinx_zcu102_base_dfx_202220_1.xpfm;xilinx_zcu104_base_202220_1|C:/Xilinx/Vitis/2022.2/base_platforms/xilinx_zcu104_base_202220_1/xilinx_zcu104_base_202220_1.xpfm
02:26:51 INFO  : Checking for BSP changes to sync application flags for project 'sfjknsfdsfdsfd'...
02:26:53 INFO  : The hardware specification used by project 'sfjknsfdsfdsfd' is out of sync with the platform. Resource files extracted from the hardware specification will be updated.
02:26:53 INFO  : The file 'C:\Users\realk\Desktop\ece385\ECE385\lab7_2\try5_sdk\sfjknsfdsfdsfd\_ide\bitstream\mb_usb_hdmi_top.bit' stored in project is removed.
02:26:53 INFO  : The file 'C:\Users\realk\Desktop\ece385\ECE385\lab7_2\try5_sdk\sfjknsfdsfdsfd\_ide\bitstream\mb_usb_hdmi_top.mmi' stored in project is removed.
02:26:53 INFO  : The updated bitstream files are copied from platform to folder 'C:\Users\realk\Desktop\ece385\ECE385\lab7_2\try5_sdk\sfjknsfdsfdsfd\_ide\bitstream' in project 'sfjknsfdsfdsfd'.
02:27:00 INFO  : Connected to target on host '127.0.0.1' and port '3121'.
02:27:00 INFO  : Jtag cable 'RealDigital Boo 887100000006A' is selected.
02:27:00 INFO  : 'jtag frequency' command is executed.
02:27:01 INFO  : 'targets -set -filter {jtag_cable_name =~ "RealDigital Boo 887100000006A" && level==0 && jtag_device_ctx=="jsn1-0362f093-0"}' command is executed.
02:27:02 INFO  : Device configured successfully with "C:/Users/realk/Desktop/ece385/ECE385/lab7_2/try5_sdk/sfjknsfdsfdsfd/_ide/bitstream/mb_usb_hdmi_top.bit"
02:27:02 INFO  : Context for processor 'microblaze_0' is selected.
02:27:02 INFO  : Hardware design and registers information is loaded from 'C:/Users/realk/Desktop/ece385/ECE385/lab7_2/try5_sdk/mb_usb_hdmi_top/export/mb_usb_hdmi_top/hw/mb_usb_hdmi_top.xsa'.
02:27:02 INFO  : 'configparams mdm-detect-bscan-mask 2' command is executed.
02:27:02 INFO  : Context for processor 'microblaze_0' is selected.
02:27:02 INFO  : System reset is completed.
02:27:05 INFO  : 'after 3000' command is executed.
02:27:05 INFO  : Context for processor 'microblaze_0' is selected.
02:27:06 INFO  : The application 'C:/Users/realk/Desktop/ece385/ECE385/lab7_2/try5_sdk/sfjknsfdsfdsfd/Debug/sfjknsfdsfdsfd.elf' is downloaded to processor 'microblaze_0'.
02:27:06 INFO  : ----------------XSDB Script----------------
connect -url tcp:127.0.0.1:3121
targets -set -filter {jtag_cable_name =~ "RealDigital Boo 887100000006A" && level==0 && jtag_device_ctx=="jsn1-0362f093-0"}
fpga -file C:/Users/realk/Desktop/ece385/ECE385/lab7_2/try5_sdk/sfjknsfdsfdsfd/_ide/bitstream/mb_usb_hdmi_top.bit
targets -set -nocase -filter {name =~ "*microblaze*#0" && bscan=="USER2" }
loadhw -hw C:/Users/realk/Desktop/ece385/ECE385/lab7_2/try5_sdk/mb_usb_hdmi_top/export/mb_usb_hdmi_top/hw/mb_usb_hdmi_top.xsa -regs
configparams mdm-detect-bscan-mask 2
targets -set -nocase -filter {name =~ "*microblaze*#0" && bscan=="USER2" }
rst -system
after 3000
targets -set -nocase -filter {name =~ "*microblaze*#0" && bscan=="USER2" }
dow C:/Users/realk/Desktop/ece385/ECE385/lab7_2/try5_sdk/sfjknsfdsfdsfd/Debug/sfjknsfdsfdsfd.elf
----------------End of Script----------------

02:27:06 INFO  : Context for processor 'microblaze_0' is selected.
02:27:06 INFO  : 'con' command is executed.
02:27:06 INFO  : ----------------XSDB Script (After Launch)----------------
targets -set -nocase -filter {name =~ "*microblaze*#0" && bscan=="USER2" }
con
----------------End of Script----------------

02:27:06 INFO  : Disconnected from the channel tcfchan#5.
02:35:29 INFO  : Hardware specification for platform project 'mb_usb_hdmi_top' is updated.
02:35:36 INFO  : Result from executing command 'removePlatformRepo': 
02:35:46 ERROR : Error from executing command 'removePlatformRepo': ERROR: No valid directory exists at given path.
02:36:01 INFO  : Result from executing command 'getProjects': mb_usb_hdmi_top
02:36:01 INFO  : Result from executing command 'getPlatforms': xilinx_vck190_base_202220_1|C:/Xilinx/Vitis/2022.2/base_platforms/xilinx_vck190_base_202220_1/xilinx_vck190_base_202220_1.xpfm;xilinx_vck190_base_dfx_202220_1|C:/Xilinx/Vitis/2022.2/base_platforms/xilinx_vck190_base_dfx_202220_1/xilinx_vck190_base_dfx_202220_1.xpfm;xilinx_vmk180_base_202220_1|C:/Xilinx/Vitis/2022.2/base_platforms/xilinx_vmk180_base_202220_1/xilinx_vmk180_base_202220_1.xpfm;xilinx_zcu102_base_202220_1|C:/Xilinx/Vitis/2022.2/base_platforms/xilinx_zcu102_base_202220_1/xilinx_zcu102_base_202220_1.xpfm;xilinx_zcu102_base_dfx_202220_1|C:/Xilinx/Vitis/2022.2/base_platforms/xilinx_zcu102_base_dfx_202220_1/xilinx_zcu102_base_dfx_202220_1.xpfm;xilinx_zcu104_base_202220_1|C:/Xilinx/Vitis/2022.2/base_platforms/xilinx_zcu104_base_202220_1/xilinx_zcu104_base_202220_1.xpfm
02:36:02 INFO  : Checking for BSP changes to sync application flags for project 'sfjknsfdsfdsfd'...
02:36:04 INFO  : The hardware specification used by project 'sfjknsfdsfdsfd' is out of sync with the platform. Resource files extracted from the hardware specification will be updated.
02:36:04 INFO  : The file 'C:\Users\realk\Desktop\ece385\ECE385\lab7_2\try5_sdk\sfjknsfdsfdsfd\_ide\bitstream\mb_usb_hdmi_top.bit' stored in project is removed.
02:36:04 INFO  : The file 'C:\Users\realk\Desktop\ece385\ECE385\lab7_2\try5_sdk\sfjknsfdsfdsfd\_ide\bitstream\mb_usb_hdmi_top.mmi' stored in project is removed.
02:36:04 INFO  : The updated bitstream files are copied from platform to folder 'C:\Users\realk\Desktop\ece385\ECE385\lab7_2\try5_sdk\sfjknsfdsfdsfd\_ide\bitstream' in project 'sfjknsfdsfdsfd'.
02:36:11 INFO  : Connected to target on host '127.0.0.1' and port '3121'.
02:36:12 INFO  : Jtag cable 'RealDigital Boo 887100000006A' is selected.
02:36:12 INFO  : 'jtag frequency' command is executed.
02:36:12 INFO  : 'targets -set -filter {jtag_cable_name =~ "RealDigital Boo 887100000006A" && level==0 && jtag_device_ctx=="jsn1-0362f093-0"}' command is executed.
02:36:13 INFO  : Device configured successfully with "C:/Users/realk/Desktop/ece385/ECE385/lab7_2/try5_sdk/sfjknsfdsfdsfd/_ide/bitstream/mb_usb_hdmi_top.bit"
02:36:13 INFO  : Context for processor 'microblaze_0' is selected.
02:36:13 INFO  : Hardware design and registers information is loaded from 'C:/Users/realk/Desktop/ece385/ECE385/lab7_2/try5_sdk/mb_usb_hdmi_top/export/mb_usb_hdmi_top/hw/mb_usb_hdmi_top.xsa'.
02:36:13 INFO  : 'configparams mdm-detect-bscan-mask 2' command is executed.
02:36:13 INFO  : Context for processor 'microblaze_0' is selected.
02:36:13 INFO  : System reset is completed.
02:36:16 INFO  : 'after 3000' command is executed.
02:36:16 INFO  : Context for processor 'microblaze_0' is selected.
02:36:17 INFO  : The application 'C:/Users/realk/Desktop/ece385/ECE385/lab7_2/try5_sdk/sfjknsfdsfdsfd/Debug/sfjknsfdsfdsfd.elf' is downloaded to processor 'microblaze_0'.
02:36:17 INFO  : ----------------XSDB Script----------------
connect -url tcp:127.0.0.1:3121
targets -set -filter {jtag_cable_name =~ "RealDigital Boo 887100000006A" && level==0 && jtag_device_ctx=="jsn1-0362f093-0"}
fpga -file C:/Users/realk/Desktop/ece385/ECE385/lab7_2/try5_sdk/sfjknsfdsfdsfd/_ide/bitstream/mb_usb_hdmi_top.bit
targets -set -nocase -filter {name =~ "*microblaze*#0" && bscan=="USER2" }
loadhw -hw C:/Users/realk/Desktop/ece385/ECE385/lab7_2/try5_sdk/mb_usb_hdmi_top/export/mb_usb_hdmi_top/hw/mb_usb_hdmi_top.xsa -regs
configparams mdm-detect-bscan-mask 2
targets -set -nocase -filter {name =~ "*microblaze*#0" && bscan=="USER2" }
rst -system
after 3000
targets -set -nocase -filter {name =~ "*microblaze*#0" && bscan=="USER2" }
dow C:/Users/realk/Desktop/ece385/ECE385/lab7_2/try5_sdk/sfjknsfdsfdsfd/Debug/sfjknsfdsfdsfd.elf
----------------End of Script----------------

02:36:17 INFO  : Context for processor 'microblaze_0' is selected.
02:36:17 INFO  : 'con' command is executed.
02:36:17 INFO  : ----------------XSDB Script (After Launch)----------------
targets -set -nocase -filter {name =~ "*microblaze*#0" && bscan=="USER2" }
con
----------------End of Script----------------

02:36:17 INFO  : Disconnected from the channel tcfchan#9.
02:49:56 INFO  : Hardware specification for platform project 'mb_usb_hdmi_top' is updated.
02:50:03 INFO  : Result from executing command 'removePlatformRepo': 
02:50:16 INFO  : Result from executing command 'getProjects': mb_usb_hdmi_top
02:50:16 INFO  : Result from executing command 'getPlatforms': xilinx_vck190_base_202220_1|C:/Xilinx/Vitis/2022.2/base_platforms/xilinx_vck190_base_202220_1/xilinx_vck190_base_202220_1.xpfm;xilinx_vck190_base_dfx_202220_1|C:/Xilinx/Vitis/2022.2/base_platforms/xilinx_vck190_base_dfx_202220_1/xilinx_vck190_base_dfx_202220_1.xpfm;xilinx_vmk180_base_202220_1|C:/Xilinx/Vitis/2022.2/base_platforms/xilinx_vmk180_base_202220_1/xilinx_vmk180_base_202220_1.xpfm;xilinx_zcu102_base_202220_1|C:/Xilinx/Vitis/2022.2/base_platforms/xilinx_zcu102_base_202220_1/xilinx_zcu102_base_202220_1.xpfm;xilinx_zcu102_base_dfx_202220_1|C:/Xilinx/Vitis/2022.2/base_platforms/xilinx_zcu102_base_dfx_202220_1/xilinx_zcu102_base_dfx_202220_1.xpfm;xilinx_zcu104_base_202220_1|C:/Xilinx/Vitis/2022.2/base_platforms/xilinx_zcu104_base_202220_1/xilinx_zcu104_base_202220_1.xpfm
02:50:17 INFO  : Checking for BSP changes to sync application flags for project 'sfjknsfdsfdsfd'...
02:50:19 INFO  : The hardware specification used by project 'sfjknsfdsfdsfd' is out of sync with the platform. Resource files extracted from the hardware specification will be updated.
02:50:19 INFO  : The file 'C:\Users\realk\Desktop\ece385\ECE385\lab7_2\try5_sdk\sfjknsfdsfdsfd\_ide\bitstream\mb_usb_hdmi_top.bit' stored in project is removed.
02:50:19 INFO  : The file 'C:\Users\realk\Desktop\ece385\ECE385\lab7_2\try5_sdk\sfjknsfdsfdsfd\_ide\bitstream\mb_usb_hdmi_top.mmi' stored in project is removed.
02:50:19 INFO  : The updated bitstream files are copied from platform to folder 'C:\Users\realk\Desktop\ece385\ECE385\lab7_2\try5_sdk\sfjknsfdsfdsfd\_ide\bitstream' in project 'sfjknsfdsfdsfd'.
02:50:24 INFO  : Connected to target on host '127.0.0.1' and port '3121'.
02:50:25 INFO  : Jtag cable 'RealDigital Boo 887100000006A' is selected.
02:50:25 INFO  : 'jtag frequency' command is executed.
02:50:25 INFO  : 'targets -set -filter {jtag_cable_name =~ "RealDigital Boo 887100000006A" && level==0 && jtag_device_ctx=="jsn1-0362f093-0"}' command is executed.
02:50:26 INFO  : Device configured successfully with "C:/Users/realk/Desktop/ece385/ECE385/lab7_2/try5_sdk/sfjknsfdsfdsfd/_ide/bitstream/mb_usb_hdmi_top.bit"
02:50:26 INFO  : Context for processor 'microblaze_0' is selected.
02:50:26 INFO  : Hardware design and registers information is loaded from 'C:/Users/realk/Desktop/ece385/ECE385/lab7_2/try5_sdk/mb_usb_hdmi_top/export/mb_usb_hdmi_top/hw/mb_usb_hdmi_top.xsa'.
02:50:26 INFO  : 'configparams mdm-detect-bscan-mask 2' command is executed.
02:50:26 INFO  : Context for processor 'microblaze_0' is selected.
02:50:26 INFO  : System reset is completed.
02:50:29 INFO  : 'after 3000' command is executed.
02:50:29 INFO  : Context for processor 'microblaze_0' is selected.
02:50:30 INFO  : The application 'C:/Users/realk/Desktop/ece385/ECE385/lab7_2/try5_sdk/sfjknsfdsfdsfd/Debug/sfjknsfdsfdsfd.elf' is downloaded to processor 'microblaze_0'.
02:50:30 INFO  : ----------------XSDB Script----------------
connect -url tcp:127.0.0.1:3121
targets -set -filter {jtag_cable_name =~ "RealDigital Boo 887100000006A" && level==0 && jtag_device_ctx=="jsn1-0362f093-0"}
fpga -file C:/Users/realk/Desktop/ece385/ECE385/lab7_2/try5_sdk/sfjknsfdsfdsfd/_ide/bitstream/mb_usb_hdmi_top.bit
targets -set -nocase -filter {name =~ "*microblaze*#0" && bscan=="USER2" }
loadhw -hw C:/Users/realk/Desktop/ece385/ECE385/lab7_2/try5_sdk/mb_usb_hdmi_top/export/mb_usb_hdmi_top/hw/mb_usb_hdmi_top.xsa -regs
configparams mdm-detect-bscan-mask 2
targets -set -nocase -filter {name =~ "*microblaze*#0" && bscan=="USER2" }
rst -system
after 3000
targets -set -nocase -filter {name =~ "*microblaze*#0" && bscan=="USER2" }
dow C:/Users/realk/Desktop/ece385/ECE385/lab7_2/try5_sdk/sfjknsfdsfdsfd/Debug/sfjknsfdsfdsfd.elf
----------------End of Script----------------

02:50:30 INFO  : Context for processor 'microblaze_0' is selected.
02:50:30 INFO  : 'con' command is executed.
02:50:30 INFO  : ----------------XSDB Script (After Launch)----------------
targets -set -nocase -filter {name =~ "*microblaze*#0" && bscan=="USER2" }
con
----------------End of Script----------------

02:50:30 INFO  : Disconnected from the channel tcfchan#12.
03:02:22 INFO  : Checking for BSP changes to sync application flags for project 'sfjknsfdsfdsfd'...
03:02:28 INFO  : Connected to target on host '127.0.0.1' and port '3121'.
03:02:28 INFO  : Jtag cable 'RealDigital Boo 887100000006A' is selected.
03:02:28 INFO  : 'jtag frequency' command is executed.
03:02:28 INFO  : 'targets -set -filter {jtag_cable_name =~ "RealDigital Boo 887100000006A" && level==0 && jtag_device_ctx=="jsn1-0362f093-0"}' command is executed.
03:02:29 INFO  : Device configured successfully with "C:/Users/realk/Desktop/ece385/ECE385/lab7_2/try5_sdk/sfjknsfdsfdsfd/_ide/bitstream/mb_usb_hdmi_top.bit"
03:02:29 INFO  : Context for processor 'microblaze_0' is selected.
03:02:29 INFO  : Hardware design and registers information is loaded from 'C:/Users/realk/Desktop/ece385/ECE385/lab7_2/try5_sdk/mb_usb_hdmi_top/export/mb_usb_hdmi_top/hw/mb_usb_hdmi_top.xsa'.
03:02:29 INFO  : 'configparams mdm-detect-bscan-mask 2' command is executed.
03:02:29 INFO  : Context for processor 'microblaze_0' is selected.
03:02:29 INFO  : System reset is completed.
03:02:32 INFO  : 'after 3000' command is executed.
03:02:32 INFO  : Context for processor 'microblaze_0' is selected.
03:02:33 INFO  : The application 'C:/Users/realk/Desktop/ece385/ECE385/lab7_2/try5_sdk/sfjknsfdsfdsfd/Debug/sfjknsfdsfdsfd.elf' is downloaded to processor 'microblaze_0'.
03:02:33 INFO  : ----------------XSDB Script----------------
connect -url tcp:127.0.0.1:3121
targets -set -filter {jtag_cable_name =~ "RealDigital Boo 887100000006A" && level==0 && jtag_device_ctx=="jsn1-0362f093-0"}
fpga -file C:/Users/realk/Desktop/ece385/ECE385/lab7_2/try5_sdk/sfjknsfdsfdsfd/_ide/bitstream/mb_usb_hdmi_top.bit
targets -set -nocase -filter {name =~ "*microblaze*#0" && bscan=="USER2" }
loadhw -hw C:/Users/realk/Desktop/ece385/ECE385/lab7_2/try5_sdk/mb_usb_hdmi_top/export/mb_usb_hdmi_top/hw/mb_usb_hdmi_top.xsa -regs
configparams mdm-detect-bscan-mask 2
targets -set -nocase -filter {name =~ "*microblaze*#0" && bscan=="USER2" }
rst -system
after 3000
targets -set -nocase -filter {name =~ "*microblaze*#0" && bscan=="USER2" }
dow C:/Users/realk/Desktop/ece385/ECE385/lab7_2/try5_sdk/sfjknsfdsfdsfd/Debug/sfjknsfdsfdsfd.elf
----------------End of Script----------------

03:02:33 INFO  : Context for processor 'microblaze_0' is selected.
03:02:33 INFO  : 'con' command is executed.
03:02:33 INFO  : ----------------XSDB Script (After Launch)----------------
targets -set -nocase -filter {name =~ "*microblaze*#0" && bscan=="USER2" }
con
----------------End of Script----------------

03:02:33 INFO  : Disconnected from the channel tcfchan#13.
03:17:30 INFO  : Hardware specification for platform project 'mb_usb_hdmi_top' is updated.
03:17:38 INFO  : Result from executing command 'removePlatformRepo': 
03:17:47 INFO  : Result from executing command 'getProjects': mb_usb_hdmi_top
03:17:47 INFO  : Result from executing command 'getPlatforms': xilinx_vck190_base_202220_1|C:/Xilinx/Vitis/2022.2/base_platforms/xilinx_vck190_base_202220_1/xilinx_vck190_base_202220_1.xpfm;xilinx_vck190_base_dfx_202220_1|C:/Xilinx/Vitis/2022.2/base_platforms/xilinx_vck190_base_dfx_202220_1/xilinx_vck190_base_dfx_202220_1.xpfm;xilinx_vmk180_base_202220_1|C:/Xilinx/Vitis/2022.2/base_platforms/xilinx_vmk180_base_202220_1/xilinx_vmk180_base_202220_1.xpfm;xilinx_zcu102_base_202220_1|C:/Xilinx/Vitis/2022.2/base_platforms/xilinx_zcu102_base_202220_1/xilinx_zcu102_base_202220_1.xpfm;xilinx_zcu102_base_dfx_202220_1|C:/Xilinx/Vitis/2022.2/base_platforms/xilinx_zcu102_base_dfx_202220_1/xilinx_zcu102_base_dfx_202220_1.xpfm;xilinx_zcu104_base_202220_1|C:/Xilinx/Vitis/2022.2/base_platforms/xilinx_zcu104_base_202220_1/xilinx_zcu104_base_202220_1.xpfm
03:17:48 INFO  : Checking for BSP changes to sync application flags for project 'sfjknsfdsfdsfd'...
03:17:50 INFO  : The hardware specification used by project 'sfjknsfdsfdsfd' is out of sync with the platform. Resource files extracted from the hardware specification will be updated.
03:17:50 INFO  : The file 'C:\Users\realk\Desktop\ece385\ECE385\lab7_2\try5_sdk\sfjknsfdsfdsfd\_ide\bitstream\mb_usb_hdmi_top.bit' stored in project is removed.
03:17:50 INFO  : The file 'C:\Users\realk\Desktop\ece385\ECE385\lab7_2\try5_sdk\sfjknsfdsfdsfd\_ide\bitstream\mb_usb_hdmi_top.mmi' stored in project is removed.
03:17:50 INFO  : The updated bitstream files are copied from platform to folder 'C:\Users\realk\Desktop\ece385\ECE385\lab7_2\try5_sdk\sfjknsfdsfdsfd\_ide\bitstream' in project 'sfjknsfdsfdsfd'.
03:17:56 INFO  : Connected to target on host '127.0.0.1' and port '3121'.
03:17:57 INFO  : Jtag cable 'RealDigital Boo 887100000006A' is selected.
03:17:57 INFO  : 'jtag frequency' command is executed.
03:17:57 INFO  : 'targets -set -filter {jtag_cable_name =~ "RealDigital Boo 887100000006A" && level==0 && jtag_device_ctx=="jsn1-0362f093-0"}' command is executed.
03:17:58 INFO  : Device configured successfully with "C:/Users/realk/Desktop/ece385/ECE385/lab7_2/try5_sdk/sfjknsfdsfdsfd/_ide/bitstream/mb_usb_hdmi_top.bit"
03:17:58 INFO  : Context for processor 'microblaze_0' is selected.
03:17:58 INFO  : Hardware design and registers information is loaded from 'C:/Users/realk/Desktop/ece385/ECE385/lab7_2/try5_sdk/mb_usb_hdmi_top/export/mb_usb_hdmi_top/hw/mb_usb_hdmi_top.xsa'.
03:17:58 INFO  : 'configparams mdm-detect-bscan-mask 2' command is executed.
03:17:58 INFO  : Context for processor 'microblaze_0' is selected.
03:17:58 INFO  : System reset is completed.
03:18:01 INFO  : 'after 3000' command is executed.
03:18:02 INFO  : Context for processor 'microblaze_0' is selected.
03:18:02 INFO  : The application 'C:/Users/realk/Desktop/ece385/ECE385/lab7_2/try5_sdk/sfjknsfdsfdsfd/Debug/sfjknsfdsfdsfd.elf' is downloaded to processor 'microblaze_0'.
03:18:02 INFO  : ----------------XSDB Script----------------
connect -url tcp:127.0.0.1:3121
targets -set -filter {jtag_cable_name =~ "RealDigital Boo 887100000006A" && level==0 && jtag_device_ctx=="jsn1-0362f093-0"}
fpga -file C:/Users/realk/Desktop/ece385/ECE385/lab7_2/try5_sdk/sfjknsfdsfdsfd/_ide/bitstream/mb_usb_hdmi_top.bit
targets -set -nocase -filter {name =~ "*microblaze*#0" && bscan=="USER2" }
loadhw -hw C:/Users/realk/Desktop/ece385/ECE385/lab7_2/try5_sdk/mb_usb_hdmi_top/export/mb_usb_hdmi_top/hw/mb_usb_hdmi_top.xsa -regs
configparams mdm-detect-bscan-mask 2
targets -set -nocase -filter {name =~ "*microblaze*#0" && bscan=="USER2" }
rst -system
after 3000
targets -set -nocase -filter {name =~ "*microblaze*#0" && bscan=="USER2" }
dow C:/Users/realk/Desktop/ece385/ECE385/lab7_2/try5_sdk/sfjknsfdsfdsfd/Debug/sfjknsfdsfdsfd.elf
----------------End of Script----------------

03:18:02 INFO  : Context for processor 'microblaze_0' is selected.
03:18:02 INFO  : 'con' command is executed.
03:18:02 INFO  : ----------------XSDB Script (After Launch)----------------
targets -set -nocase -filter {name =~ "*microblaze*#0" && bscan=="USER2" }
con
----------------End of Script----------------

03:18:02 INFO  : Disconnected from the channel tcfchan#16.
03:18:45 INFO  : Connected to target on host '127.0.0.1' and port '3121'.
03:18:45 INFO  : Jtag cable 'RealDigital Boo 887100000006A' is selected.
03:18:45 INFO  : 'jtag frequency' command is executed.
03:18:45 INFO  : 'targets -set -filter {jtag_cable_name =~ "RealDigital Boo 887100000006A" && level==0 && jtag_device_ctx=="jsn1-0362f093-0"}' command is executed.
03:18:46 INFO  : Device configured successfully with "C:/Users/realk/Desktop/ece385/ECE385/lab7_2/try5_sdk/sfjknsfdsfdsfd/_ide/bitstream/mb_usb_hdmi_top.bit"
03:18:47 INFO  : Context for processor 'microblaze_0' is selected.
03:18:47 INFO  : Hardware design and registers information is loaded from 'C:/Users/realk/Desktop/ece385/ECE385/lab7_2/try5_sdk/mb_usb_hdmi_top/export/mb_usb_hdmi_top/hw/mb_usb_hdmi_top.xsa'.
03:18:47 INFO  : 'configparams mdm-detect-bscan-mask 2' command is executed.
03:18:47 INFO  : Context for processor 'microblaze_0' is selected.
03:18:47 INFO  : System reset is completed.
03:18:50 INFO  : 'after 3000' command is executed.
03:18:50 INFO  : Context for processor 'microblaze_0' is selected.
03:18:50 INFO  : The application 'C:/Users/realk/Desktop/ece385/ECE385/lab7_2/try5_sdk/sfjknsfdsfdsfd/Debug/sfjknsfdsfdsfd.elf' is downloaded to processor 'microblaze_0'.
03:18:50 INFO  : ----------------XSDB Script----------------
connect -url tcp:127.0.0.1:3121
targets -set -filter {jtag_cable_name =~ "RealDigital Boo 887100000006A" && level==0 && jtag_device_ctx=="jsn1-0362f093-0"}
fpga -file C:/Users/realk/Desktop/ece385/ECE385/lab7_2/try5_sdk/sfjknsfdsfdsfd/_ide/bitstream/mb_usb_hdmi_top.bit
targets -set -nocase -filter {name =~ "*microblaze*#0" && bscan=="USER2" }
loadhw -hw C:/Users/realk/Desktop/ece385/ECE385/lab7_2/try5_sdk/mb_usb_hdmi_top/export/mb_usb_hdmi_top/hw/mb_usb_hdmi_top.xsa -regs
configparams mdm-detect-bscan-mask 2
targets -set -nocase -filter {name =~ "*microblaze*#0" && bscan=="USER2" }
rst -system
after 3000
targets -set -nocase -filter {name =~ "*microblaze*#0" && bscan=="USER2" }
dow C:/Users/realk/Desktop/ece385/ECE385/lab7_2/try5_sdk/sfjknsfdsfdsfd/Debug/sfjknsfdsfdsfd.elf
----------------End of Script----------------

03:18:50 INFO  : Context for processor 'microblaze_0' is selected.
03:18:50 INFO  : 'con' command is executed.
03:18:50 INFO  : ----------------XSDB Script (After Launch)----------------
targets -set -nocase -filter {name =~ "*microblaze*#0" && bscan=="USER2" }
con
----------------End of Script----------------

03:18:50 INFO  : Disconnected from the channel tcfchan#17.
03:18:56 INFO  : Checking for BSP changes to sync application flags for project 'sfjknsfdsfdsfd'...
03:19:04 INFO  : Connected to target on host '127.0.0.1' and port '3121'.
03:19:04 INFO  : Jtag cable 'RealDigital Boo 887100000006A' is selected.
03:19:04 INFO  : 'jtag frequency' command is executed.
03:19:04 INFO  : 'targets -set -filter {jtag_cable_name =~ "RealDigital Boo 887100000006A" && level==0 && jtag_device_ctx=="jsn1-0362f093-0"}' command is executed.
03:19:05 INFO  : Device configured successfully with "C:/Users/realk/Desktop/ece385/ECE385/lab7_2/try5_sdk/sfjknsfdsfdsfd/_ide/bitstream/mb_usb_hdmi_top.bit"
03:19:05 INFO  : Context for processor 'microblaze_0' is selected.
03:19:05 INFO  : Hardware design and registers information is loaded from 'C:/Users/realk/Desktop/ece385/ECE385/lab7_2/try5_sdk/mb_usb_hdmi_top/export/mb_usb_hdmi_top/hw/mb_usb_hdmi_top.xsa'.
03:19:05 INFO  : 'configparams mdm-detect-bscan-mask 2' command is executed.
03:19:05 INFO  : Context for processor 'microblaze_0' is selected.
03:19:05 INFO  : System reset is completed.
03:19:08 INFO  : 'after 3000' command is executed.
03:19:08 INFO  : Context for processor 'microblaze_0' is selected.
03:19:09 INFO  : The application 'C:/Users/realk/Desktop/ece385/ECE385/lab7_2/try5_sdk/sfjknsfdsfdsfd/Debug/sfjknsfdsfdsfd.elf' is downloaded to processor 'microblaze_0'.
03:19:09 INFO  : ----------------XSDB Script----------------
connect -url tcp:127.0.0.1:3121
targets -set -filter {jtag_cable_name =~ "RealDigital Boo 887100000006A" && level==0 && jtag_device_ctx=="jsn1-0362f093-0"}
fpga -file C:/Users/realk/Desktop/ece385/ECE385/lab7_2/try5_sdk/sfjknsfdsfdsfd/_ide/bitstream/mb_usb_hdmi_top.bit
targets -set -nocase -filter {name =~ "*microblaze*#0" && bscan=="USER2" }
loadhw -hw C:/Users/realk/Desktop/ece385/ECE385/lab7_2/try5_sdk/mb_usb_hdmi_top/export/mb_usb_hdmi_top/hw/mb_usb_hdmi_top.xsa -regs
configparams mdm-detect-bscan-mask 2
targets -set -nocase -filter {name =~ "*microblaze*#0" && bscan=="USER2" }
rst -system
after 3000
targets -set -nocase -filter {name =~ "*microblaze*#0" && bscan=="USER2" }
dow C:/Users/realk/Desktop/ece385/ECE385/lab7_2/try5_sdk/sfjknsfdsfdsfd/Debug/sfjknsfdsfdsfd.elf
----------------End of Script----------------

03:19:09 INFO  : Context for processor 'microblaze_0' is selected.
03:19:09 INFO  : 'con' command is executed.
03:19:09 INFO  : ----------------XSDB Script (After Launch)----------------
targets -set -nocase -filter {name =~ "*microblaze*#0" && bscan=="USER2" }
con
----------------End of Script----------------

03:19:09 INFO  : Disconnected from the channel tcfchan#18.
03:20:28 INFO  : Checking for BSP changes to sync application flags for project 'sfjknsfdsfdsfd'...
03:20:33 INFO  : Connected to target on host '127.0.0.1' and port '3121'.
03:20:33 INFO  : Jtag cable 'RealDigital Boo 887100000006A' is selected.
03:20:33 INFO  : 'jtag frequency' command is executed.
03:20:33 INFO  : 'targets -set -filter {jtag_cable_name =~ "RealDigital Boo 887100000006A" && level==0 && jtag_device_ctx=="jsn1-0362f093-0"}' command is executed.
03:20:35 INFO  : Device configured successfully with "C:/Users/realk/Desktop/ece385/ECE385/lab7_2/try5_sdk/sfjknsfdsfdsfd/_ide/bitstream/mb_usb_hdmi_top.bit"
03:20:35 INFO  : Context for processor 'microblaze_0' is selected.
03:20:35 INFO  : Hardware design and registers information is loaded from 'C:/Users/realk/Desktop/ece385/ECE385/lab7_2/try5_sdk/mb_usb_hdmi_top/export/mb_usb_hdmi_top/hw/mb_usb_hdmi_top.xsa'.
03:20:35 INFO  : 'configparams mdm-detect-bscan-mask 2' command is executed.
03:20:35 INFO  : Context for processor 'microblaze_0' is selected.
03:20:35 INFO  : System reset is completed.
03:20:38 INFO  : 'after 3000' command is executed.
03:20:38 INFO  : Context for processor 'microblaze_0' is selected.
03:20:38 INFO  : The application 'C:/Users/realk/Desktop/ece385/ECE385/lab7_2/try5_sdk/sfjknsfdsfdsfd/Debug/sfjknsfdsfdsfd.elf' is downloaded to processor 'microblaze_0'.
03:20:38 INFO  : ----------------XSDB Script----------------
connect -url tcp:127.0.0.1:3121
targets -set -filter {jtag_cable_name =~ "RealDigital Boo 887100000006A" && level==0 && jtag_device_ctx=="jsn1-0362f093-0"}
fpga -file C:/Users/realk/Desktop/ece385/ECE385/lab7_2/try5_sdk/sfjknsfdsfdsfd/_ide/bitstream/mb_usb_hdmi_top.bit
targets -set -nocase -filter {name =~ "*microblaze*#0" && bscan=="USER2" }
loadhw -hw C:/Users/realk/Desktop/ece385/ECE385/lab7_2/try5_sdk/mb_usb_hdmi_top/export/mb_usb_hdmi_top/hw/mb_usb_hdmi_top.xsa -regs
configparams mdm-detect-bscan-mask 2
targets -set -nocase -filter {name =~ "*microblaze*#0" && bscan=="USER2" }
rst -system
after 3000
targets -set -nocase -filter {name =~ "*microblaze*#0" && bscan=="USER2" }
dow C:/Users/realk/Desktop/ece385/ECE385/lab7_2/try5_sdk/sfjknsfdsfdsfd/Debug/sfjknsfdsfdsfd.elf
----------------End of Script----------------

03:20:38 INFO  : Context for processor 'microblaze_0' is selected.
03:20:38 INFO  : 'con' command is executed.
03:20:38 INFO  : ----------------XSDB Script (After Launch)----------------
targets -set -nocase -filter {name =~ "*microblaze*#0" && bscan=="USER2" }
con
----------------End of Script----------------

03:20:38 INFO  : Disconnected from the channel tcfchan#19.
03:26:07 INFO  : Connected to target on host '127.0.0.1' and port '3121'.
03:26:08 INFO  : Jtag cable 'RealDigital Boo 887100000006A' is selected.
03:26:08 INFO  : 'jtag frequency' command is executed.
03:26:08 INFO  : 'targets -set -filter {jtag_cable_name =~ "RealDigital Boo 887100000006A" && level==0 && jtag_device_ctx=="jsn1-0362f093-0"}' command is executed.
03:26:09 INFO  : Device configured successfully with "C:/Users/realk/Desktop/ece385/ECE385/lab7_2/try5_sdk/sfjknsfdsfdsfd/_ide/bitstream/mb_usb_hdmi_top.bit"
03:26:09 INFO  : Context for processor 'microblaze_0' is selected.
03:26:09 INFO  : Hardware design and registers information is loaded from 'C:/Users/realk/Desktop/ece385/ECE385/lab7_2/try5_sdk/mb_usb_hdmi_top/export/mb_usb_hdmi_top/hw/mb_usb_hdmi_top.xsa'.
03:26:09 INFO  : 'configparams mdm-detect-bscan-mask 2' command is executed.
03:26:09 INFO  : Context for processor 'microblaze_0' is selected.
03:26:09 INFO  : System reset is completed.
03:26:12 INFO  : 'after 3000' command is executed.
03:26:12 INFO  : Context for processor 'microblaze_0' is selected.
03:26:13 INFO  : The application 'C:/Users/realk/Desktop/ece385/ECE385/lab7_2/try5_sdk/sfjknsfdsfdsfd/Debug/sfjknsfdsfdsfd.elf' is downloaded to processor 'microblaze_0'.
03:26:13 INFO  : ----------------XSDB Script----------------
connect -url tcp:127.0.0.1:3121
targets -set -filter {jtag_cable_name =~ "RealDigital Boo 887100000006A" && level==0 && jtag_device_ctx=="jsn1-0362f093-0"}
fpga -file C:/Users/realk/Desktop/ece385/ECE385/lab7_2/try5_sdk/sfjknsfdsfdsfd/_ide/bitstream/mb_usb_hdmi_top.bit
targets -set -nocase -filter {name =~ "*microblaze*#0" && bscan=="USER2" }
loadhw -hw C:/Users/realk/Desktop/ece385/ECE385/lab7_2/try5_sdk/mb_usb_hdmi_top/export/mb_usb_hdmi_top/hw/mb_usb_hdmi_top.xsa -regs
configparams mdm-detect-bscan-mask 2
targets -set -nocase -filter {name =~ "*microblaze*#0" && bscan=="USER2" }
rst -system
after 3000
targets -set -nocase -filter {name =~ "*microblaze*#0" && bscan=="USER2" }
dow C:/Users/realk/Desktop/ece385/ECE385/lab7_2/try5_sdk/sfjknsfdsfdsfd/Debug/sfjknsfdsfdsfd.elf
----------------End of Script----------------

03:26:13 INFO  : Context for processor 'microblaze_0' is selected.
03:26:13 INFO  : 'con' command is executed.
03:26:13 INFO  : ----------------XSDB Script (After Launch)----------------
targets -set -nocase -filter {name =~ "*microblaze*#0" && bscan=="USER2" }
con
----------------End of Script----------------

03:26:13 INFO  : Disconnected from the channel tcfchan#20.
03:26:28 INFO  : Connected to target on host '127.0.0.1' and port '3121'.
03:26:28 INFO  : Jtag cable 'RealDigital Boo 887100000006A' is selected.
03:26:28 INFO  : 'jtag frequency' command is executed.
03:26:28 INFO  : 'targets -set -filter {jtag_cable_name =~ "RealDigital Boo 887100000006A" && level==0 && jtag_device_ctx=="jsn1-0362f093-0"}' command is executed.
03:26:30 INFO  : Device configured successfully with "C:/Users/realk/Desktop/ece385/ECE385/lab7_2/try5_sdk/sfjknsfdsfdsfd/_ide/bitstream/mb_usb_hdmi_top.bit"
03:26:30 INFO  : Context for processor 'microblaze_0' is selected.
03:26:30 INFO  : Hardware design and registers information is loaded from 'C:/Users/realk/Desktop/ece385/ECE385/lab7_2/try5_sdk/mb_usb_hdmi_top/export/mb_usb_hdmi_top/hw/mb_usb_hdmi_top.xsa'.
03:26:30 INFO  : 'configparams mdm-detect-bscan-mask 2' command is executed.
03:26:30 INFO  : Context for processor 'microblaze_0' is selected.
03:26:30 INFO  : System reset is completed.
03:26:33 INFO  : 'after 3000' command is executed.
03:26:33 INFO  : Context for processor 'microblaze_0' is selected.
03:26:33 INFO  : The application 'C:/Users/realk/Desktop/ece385/ECE385/lab7_2/try5_sdk/sfjknsfdsfdsfd/Debug/sfjknsfdsfdsfd.elf' is downloaded to processor 'microblaze_0'.
03:26:33 INFO  : ----------------XSDB Script----------------
connect -url tcp:127.0.0.1:3121
targets -set -filter {jtag_cable_name =~ "RealDigital Boo 887100000006A" && level==0 && jtag_device_ctx=="jsn1-0362f093-0"}
fpga -file C:/Users/realk/Desktop/ece385/ECE385/lab7_2/try5_sdk/sfjknsfdsfdsfd/_ide/bitstream/mb_usb_hdmi_top.bit
targets -set -nocase -filter {name =~ "*microblaze*#0" && bscan=="USER2" }
loadhw -hw C:/Users/realk/Desktop/ece385/ECE385/lab7_2/try5_sdk/mb_usb_hdmi_top/export/mb_usb_hdmi_top/hw/mb_usb_hdmi_top.xsa -regs
configparams mdm-detect-bscan-mask 2
targets -set -nocase -filter {name =~ "*microblaze*#0" && bscan=="USER2" }
rst -system
after 3000
targets -set -nocase -filter {name =~ "*microblaze*#0" && bscan=="USER2" }
dow C:/Users/realk/Desktop/ece385/ECE385/lab7_2/try5_sdk/sfjknsfdsfdsfd/Debug/sfjknsfdsfdsfd.elf
----------------End of Script----------------

03:26:33 INFO  : Context for processor 'microblaze_0' is selected.
03:26:33 INFO  : 'con' command is executed.
03:26:33 INFO  : ----------------XSDB Script (After Launch)----------------
targets -set -nocase -filter {name =~ "*microblaze*#0" && bscan=="USER2" }
con
----------------End of Script----------------

03:26:33 INFO  : Disconnected from the channel tcfchan#21.
04:15:12 INFO  : Hardware specification for platform project 'mb_usb_hdmi_top' is updated.
04:15:23 INFO  : Result from executing command 'removePlatformRepo': 
04:15:27 ERROR : Invalid hardware specification '${sdxTcfLaunchFile:project=sfjknsfdsfdsfd;fileType=hw;}' in launch configuration 'Debugger_sfjknsfdsfdsfd-GDB'.
04:15:32 ERROR : Invalid hardware specification '${sdxTcfLaunchFile:project=sfjknsfdsfdsfd;fileType=hw;}' in launch configuration 'Debugger_sfjknsfdsfdsfd-GDB'.
04:15:42 INFO  : Hardware specification for platform project 'mb_usb_hdmi_top' is updated.
04:15:51 INFO  : Result from executing command 'getProjects': mb_usb_hdmi_top
04:15:51 INFO  : Result from executing command 'getPlatforms': xilinx_vck190_base_202220_1|C:/Xilinx/Vitis/2022.2/base_platforms/xilinx_vck190_base_202220_1/xilinx_vck190_base_202220_1.xpfm;xilinx_vck190_base_dfx_202220_1|C:/Xilinx/Vitis/2022.2/base_platforms/xilinx_vck190_base_dfx_202220_1/xilinx_vck190_base_dfx_202220_1.xpfm;xilinx_vmk180_base_202220_1|C:/Xilinx/Vitis/2022.2/base_platforms/xilinx_vmk180_base_202220_1/xilinx_vmk180_base_202220_1.xpfm;xilinx_zcu102_base_202220_1|C:/Xilinx/Vitis/2022.2/base_platforms/xilinx_zcu102_base_202220_1/xilinx_zcu102_base_202220_1.xpfm;xilinx_zcu102_base_dfx_202220_1|C:/Xilinx/Vitis/2022.2/base_platforms/xilinx_zcu102_base_dfx_202220_1/xilinx_zcu102_base_dfx_202220_1.xpfm;xilinx_zcu104_base_202220_1|C:/Xilinx/Vitis/2022.2/base_platforms/xilinx_zcu104_base_202220_1/xilinx_zcu104_base_202220_1.xpfm
04:15:52 INFO  : Checking for BSP changes to sync application flags for project 'sfjknsfdsfdsfd'...
04:15:54 INFO  : The hardware specification used by project 'sfjknsfdsfdsfd' is out of sync with the platform. Resource files extracted from the hardware specification will be updated.
04:15:54 INFO  : The file 'C:\Users\realk\Desktop\ece385\ECE385\lab7_2\try5_sdk\sfjknsfdsfdsfd\_ide\bitstream\mb_usb_hdmi_top.bit' stored in project is removed.
04:15:54 INFO  : The file 'C:\Users\realk\Desktop\ece385\ECE385\lab7_2\try5_sdk\sfjknsfdsfdsfd\_ide\bitstream\mb_usb_hdmi_top.mmi' stored in project is removed.
04:15:54 INFO  : The updated bitstream files are copied from platform to folder 'C:\Users\realk\Desktop\ece385\ECE385\lab7_2\try5_sdk\sfjknsfdsfdsfd\_ide\bitstream' in project 'sfjknsfdsfdsfd'.
04:16:27 INFO  : Checking for BSP changes to sync application flags for project 'sfjknsfdsfdsfd'...
04:16:33 INFO  : Connected to target on host '127.0.0.1' and port '3121'.
04:16:33 INFO  : Jtag cable 'RealDigital Boo 887100000006A' is selected.
04:16:33 INFO  : 'jtag frequency' command is executed.
04:16:33 INFO  : 'targets -set -filter {jtag_cable_name =~ "RealDigital Boo 887100000006A" && level==0 && jtag_device_ctx=="jsn1-0362f093-0"}' command is executed.
04:16:34 INFO  : Device configured successfully with "C:/Users/realk/Desktop/ece385/ECE385/lab7_2/try5_sdk/sfjknsfdsfdsfd/_ide/bitstream/mb_usb_hdmi_top.bit"
04:16:34 INFO  : Context for processor 'microblaze_0' is selected.
04:16:34 INFO  : Hardware design and registers information is loaded from 'C:/Users/realk/Desktop/ece385/ECE385/lab7_2/try5_sdk/mb_usb_hdmi_top/export/mb_usb_hdmi_top/hw/mb_usb_hdmi_top.xsa'.
04:16:34 INFO  : 'configparams mdm-detect-bscan-mask 2' command is executed.
04:16:34 INFO  : Context for processor 'microblaze_0' is selected.
04:16:34 INFO  : System reset is completed.
04:16:37 INFO  : 'after 3000' command is executed.
04:16:38 INFO  : Context for processor 'microblaze_0' is selected.
04:16:38 INFO  : The application 'C:/Users/realk/Desktop/ece385/ECE385/lab7_2/try5_sdk/sfjknsfdsfdsfd/Debug/sfjknsfdsfdsfd.elf' is downloaded to processor 'microblaze_0'.
04:16:38 INFO  : ----------------XSDB Script----------------
connect -url tcp:127.0.0.1:3121
targets -set -filter {jtag_cable_name =~ "RealDigital Boo 887100000006A" && level==0 && jtag_device_ctx=="jsn1-0362f093-0"}
fpga -file C:/Users/realk/Desktop/ece385/ECE385/lab7_2/try5_sdk/sfjknsfdsfdsfd/_ide/bitstream/mb_usb_hdmi_top.bit
targets -set -nocase -filter {name =~ "*microblaze*#0" && bscan=="USER2" }
loadhw -hw C:/Users/realk/Desktop/ece385/ECE385/lab7_2/try5_sdk/mb_usb_hdmi_top/export/mb_usb_hdmi_top/hw/mb_usb_hdmi_top.xsa -regs
configparams mdm-detect-bscan-mask 2
targets -set -nocase -filter {name =~ "*microblaze*#0" && bscan=="USER2" }
rst -system
after 3000
targets -set -nocase -filter {name =~ "*microblaze*#0" && bscan=="USER2" }
dow C:/Users/realk/Desktop/ece385/ECE385/lab7_2/try5_sdk/sfjknsfdsfdsfd/Debug/sfjknsfdsfdsfd.elf
----------------End of Script----------------

04:16:38 INFO  : Context for processor 'microblaze_0' is selected.
04:16:38 INFO  : 'con' command is executed.
04:16:38 INFO  : ----------------XSDB Script (After Launch)----------------
targets -set -nocase -filter {name =~ "*microblaze*#0" && bscan=="USER2" }
con
----------------End of Script----------------

04:16:38 INFO  : Disconnected from the channel tcfchan#24.
04:16:52 INFO  : Connected to target on host '127.0.0.1' and port '3121'.
04:16:53 INFO  : Jtag cable 'RealDigital Boo 887100000006A' is selected.
04:16:53 INFO  : 'jtag frequency' command is executed.
04:16:53 INFO  : 'targets -set -filter {jtag_cable_name =~ "RealDigital Boo 887100000006A" && level==0 && jtag_device_ctx=="jsn1-0362f093-0"}' command is executed.
04:16:54 INFO  : Device configured successfully with "C:/Users/realk/Desktop/ece385/ECE385/lab7_2/try5_sdk/sfjknsfdsfdsfd/_ide/bitstream/mb_usb_hdmi_top.bit"
04:16:54 INFO  : Context for processor 'microblaze_0' is selected.
04:16:54 INFO  : Hardware design and registers information is loaded from 'C:/Users/realk/Desktop/ece385/ECE385/lab7_2/try5_sdk/mb_usb_hdmi_top/export/mb_usb_hdmi_top/hw/mb_usb_hdmi_top.xsa'.
04:16:54 INFO  : 'configparams mdm-detect-bscan-mask 2' command is executed.
04:16:54 INFO  : Context for processor 'microblaze_0' is selected.
04:16:54 INFO  : System reset is completed.
04:16:57 INFO  : 'after 3000' command is executed.
04:16:57 INFO  : Context for processor 'microblaze_0' is selected.
04:16:57 INFO  : The application 'C:/Users/realk/Desktop/ece385/ECE385/lab7_2/try5_sdk/sfjknsfdsfdsfd/Debug/sfjknsfdsfdsfd.elf' is downloaded to processor 'microblaze_0'.
04:16:57 INFO  : ----------------XSDB Script----------------
connect -url tcp:127.0.0.1:3121
targets -set -filter {jtag_cable_name =~ "RealDigital Boo 887100000006A" && level==0 && jtag_device_ctx=="jsn1-0362f093-0"}
fpga -file C:/Users/realk/Desktop/ece385/ECE385/lab7_2/try5_sdk/sfjknsfdsfdsfd/_ide/bitstream/mb_usb_hdmi_top.bit
targets -set -nocase -filter {name =~ "*microblaze*#0" && bscan=="USER2" }
loadhw -hw C:/Users/realk/Desktop/ece385/ECE385/lab7_2/try5_sdk/mb_usb_hdmi_top/export/mb_usb_hdmi_top/hw/mb_usb_hdmi_top.xsa -regs
configparams mdm-detect-bscan-mask 2
targets -set -nocase -filter {name =~ "*microblaze*#0" && bscan=="USER2" }
rst -system
after 3000
targets -set -nocase -filter {name =~ "*microblaze*#0" && bscan=="USER2" }
dow C:/Users/realk/Desktop/ece385/ECE385/lab7_2/try5_sdk/sfjknsfdsfdsfd/Debug/sfjknsfdsfdsfd.elf
----------------End of Script----------------

04:16:57 INFO  : Context for processor 'microblaze_0' is selected.
04:16:57 INFO  : 'con' command is executed.
04:16:57 INFO  : ----------------XSDB Script (After Launch)----------------
targets -set -nocase -filter {name =~ "*microblaze*#0" && bscan=="USER2" }
con
----------------End of Script----------------

04:16:57 INFO  : Disconnected from the channel tcfchan#25.
04:17:17 INFO  : Connected to target on host '127.0.0.1' and port '3121'.
04:17:17 INFO  : Jtag cable 'RealDigital Boo 887100000006A' is selected.
04:17:17 INFO  : 'jtag frequency' command is executed.
04:17:17 INFO  : 'targets -set -filter {jtag_cable_name =~ "RealDigital Boo 887100000006A" && level==0 && jtag_device_ctx=="jsn1-0362f093-0"}' command is executed.
04:17:18 INFO  : Device configured successfully with "C:/Users/realk/Desktop/ece385/ECE385/lab7_2/try5_sdk/sfjknsfdsfdsfd/_ide/bitstream/mb_usb_hdmi_top.bit"
04:17:18 INFO  : Context for processor 'microblaze_0' is selected.
04:17:18 INFO  : Hardware design and registers information is loaded from 'C:/Users/realk/Desktop/ece385/ECE385/lab7_2/try5_sdk/mb_usb_hdmi_top/export/mb_usb_hdmi_top/hw/mb_usb_hdmi_top.xsa'.
04:17:18 INFO  : 'configparams mdm-detect-bscan-mask 2' command is executed.
04:17:18 INFO  : Context for processor 'microblaze_0' is selected.
04:17:18 INFO  : System reset is completed.
04:17:21 INFO  : 'after 3000' command is executed.
04:17:21 INFO  : Context for processor 'microblaze_0' is selected.
04:17:22 INFO  : The application 'C:/Users/realk/Desktop/ece385/ECE385/lab7_2/try5_sdk/sfjknsfdsfdsfd/Debug/sfjknsfdsfdsfd.elf' is downloaded to processor 'microblaze_0'.
04:17:22 INFO  : ----------------XSDB Script----------------
connect -url tcp:127.0.0.1:3121
targets -set -filter {jtag_cable_name =~ "RealDigital Boo 887100000006A" && level==0 && jtag_device_ctx=="jsn1-0362f093-0"}
fpga -file C:/Users/realk/Desktop/ece385/ECE385/lab7_2/try5_sdk/sfjknsfdsfdsfd/_ide/bitstream/mb_usb_hdmi_top.bit
targets -set -nocase -filter {name =~ "*microblaze*#0" && bscan=="USER2" }
loadhw -hw C:/Users/realk/Desktop/ece385/ECE385/lab7_2/try5_sdk/mb_usb_hdmi_top/export/mb_usb_hdmi_top/hw/mb_usb_hdmi_top.xsa -regs
configparams mdm-detect-bscan-mask 2
targets -set -nocase -filter {name =~ "*microblaze*#0" && bscan=="USER2" }
rst -system
after 3000
targets -set -nocase -filter {name =~ "*microblaze*#0" && bscan=="USER2" }
dow C:/Users/realk/Desktop/ece385/ECE385/lab7_2/try5_sdk/sfjknsfdsfdsfd/Debug/sfjknsfdsfdsfd.elf
----------------End of Script----------------

04:17:22 INFO  : Context for processor 'microblaze_0' is selected.
04:17:22 INFO  : 'con' command is executed.
04:17:22 INFO  : ----------------XSDB Script (After Launch)----------------
targets -set -nocase -filter {name =~ "*microblaze*#0" && bscan=="USER2" }
con
----------------End of Script----------------

04:17:22 INFO  : Disconnected from the channel tcfchan#26.
04:25:15 INFO  : Checking for BSP changes to sync application flags for project 'sfjknsfdsfdsfd'...
04:25:24 INFO  : Connected to target on host '127.0.0.1' and port '3121'.
04:25:25 INFO  : Jtag cable 'RealDigital Boo 887100000006A' is selected.
04:25:25 INFO  : 'jtag frequency' command is executed.
04:25:25 INFO  : 'targets -set -filter {jtag_cable_name =~ "RealDigital Boo 887100000006A" && level==0 && jtag_device_ctx=="jsn1-0362f093-0"}' command is executed.
04:25:26 INFO  : Device configured successfully with "C:/Users/realk/Desktop/ece385/ECE385/lab7_2/try5_sdk/sfjknsfdsfdsfd/_ide/bitstream/mb_usb_hdmi_top.bit"
04:25:26 INFO  : Context for processor 'microblaze_0' is selected.
04:25:26 INFO  : Hardware design and registers information is loaded from 'C:/Users/realk/Desktop/ece385/ECE385/lab7_2/try5_sdk/mb_usb_hdmi_top/export/mb_usb_hdmi_top/hw/mb_usb_hdmi_top.xsa'.
04:25:26 INFO  : 'configparams mdm-detect-bscan-mask 2' command is executed.
04:25:26 INFO  : Context for processor 'microblaze_0' is selected.
04:25:26 INFO  : System reset is completed.
04:25:29 INFO  : 'after 3000' command is executed.
04:25:29 INFO  : Context for processor 'microblaze_0' is selected.
04:25:29 INFO  : The application 'C:/Users/realk/Desktop/ece385/ECE385/lab7_2/try5_sdk/sfjknsfdsfdsfd/Debug/sfjknsfdsfdsfd.elf' is downloaded to processor 'microblaze_0'.
04:25:29 INFO  : ----------------XSDB Script----------------
connect -url tcp:127.0.0.1:3121
targets -set -filter {jtag_cable_name =~ "RealDigital Boo 887100000006A" && level==0 && jtag_device_ctx=="jsn1-0362f093-0"}
fpga -file C:/Users/realk/Desktop/ece385/ECE385/lab7_2/try5_sdk/sfjknsfdsfdsfd/_ide/bitstream/mb_usb_hdmi_top.bit
targets -set -nocase -filter {name =~ "*microblaze*#0" && bscan=="USER2" }
loadhw -hw C:/Users/realk/Desktop/ece385/ECE385/lab7_2/try5_sdk/mb_usb_hdmi_top/export/mb_usb_hdmi_top/hw/mb_usb_hdmi_top.xsa -regs
configparams mdm-detect-bscan-mask 2
targets -set -nocase -filter {name =~ "*microblaze*#0" && bscan=="USER2" }
rst -system
after 3000
targets -set -nocase -filter {name =~ "*microblaze*#0" && bscan=="USER2" }
dow C:/Users/realk/Desktop/ece385/ECE385/lab7_2/try5_sdk/sfjknsfdsfdsfd/Debug/sfjknsfdsfdsfd.elf
----------------End of Script----------------

04:25:29 INFO  : Context for processor 'microblaze_0' is selected.
04:25:29 INFO  : 'con' command is executed.
04:25:29 INFO  : ----------------XSDB Script (After Launch)----------------
targets -set -nocase -filter {name =~ "*microblaze*#0" && bscan=="USER2" }
con
----------------End of Script----------------

04:25:29 INFO  : Disconnected from the channel tcfchan#27.
04:26:01 INFO  : Checking for BSP changes to sync application flags for project 'sfjknsfdsfdsfd'...
04:26:08 INFO  : Connected to target on host '127.0.0.1' and port '3121'.
04:26:08 INFO  : Jtag cable 'RealDigital Boo 887100000006A' is selected.
04:26:08 INFO  : 'jtag frequency' command is executed.
04:26:08 INFO  : 'targets -set -filter {jtag_cable_name =~ "RealDigital Boo 887100000006A" && level==0 && jtag_device_ctx=="jsn1-0362f093-0"}' command is executed.
04:26:09 INFO  : Device configured successfully with "C:/Users/realk/Desktop/ece385/ECE385/lab7_2/try5_sdk/sfjknsfdsfdsfd/_ide/bitstream/mb_usb_hdmi_top.bit"
04:26:09 INFO  : Context for processor 'microblaze_0' is selected.
04:26:09 INFO  : Hardware design and registers information is loaded from 'C:/Users/realk/Desktop/ece385/ECE385/lab7_2/try5_sdk/mb_usb_hdmi_top/export/mb_usb_hdmi_top/hw/mb_usb_hdmi_top.xsa'.
04:26:09 INFO  : 'configparams mdm-detect-bscan-mask 2' command is executed.
04:26:09 INFO  : Context for processor 'microblaze_0' is selected.
04:26:09 INFO  : System reset is completed.
04:26:12 INFO  : 'after 3000' command is executed.
04:26:12 INFO  : Context for processor 'microblaze_0' is selected.
04:26:13 INFO  : The application 'C:/Users/realk/Desktop/ece385/ECE385/lab7_2/try5_sdk/sfjknsfdsfdsfd/Debug/sfjknsfdsfdsfd.elf' is downloaded to processor 'microblaze_0'.
04:26:13 INFO  : ----------------XSDB Script----------------
connect -url tcp:127.0.0.1:3121
targets -set -filter {jtag_cable_name =~ "RealDigital Boo 887100000006A" && level==0 && jtag_device_ctx=="jsn1-0362f093-0"}
fpga -file C:/Users/realk/Desktop/ece385/ECE385/lab7_2/try5_sdk/sfjknsfdsfdsfd/_ide/bitstream/mb_usb_hdmi_top.bit
targets -set -nocase -filter {name =~ "*microblaze*#0" && bscan=="USER2" }
loadhw -hw C:/Users/realk/Desktop/ece385/ECE385/lab7_2/try5_sdk/mb_usb_hdmi_top/export/mb_usb_hdmi_top/hw/mb_usb_hdmi_top.xsa -regs
configparams mdm-detect-bscan-mask 2
targets -set -nocase -filter {name =~ "*microblaze*#0" && bscan=="USER2" }
rst -system
after 3000
targets -set -nocase -filter {name =~ "*microblaze*#0" && bscan=="USER2" }
dow C:/Users/realk/Desktop/ece385/ECE385/lab7_2/try5_sdk/sfjknsfdsfdsfd/Debug/sfjknsfdsfdsfd.elf
----------------End of Script----------------

04:26:13 INFO  : Context for processor 'microblaze_0' is selected.
04:26:13 INFO  : 'con' command is executed.
04:26:13 INFO  : ----------------XSDB Script (After Launch)----------------
targets -set -nocase -filter {name =~ "*microblaze*#0" && bscan=="USER2" }
con
----------------End of Script----------------

04:26:13 INFO  : Disconnected from the channel tcfchan#28.
04:33:53 INFO  : Checking for BSP changes to sync application flags for project 'sfjknsfdsfdsfd'...
04:33:59 INFO  : Connected to target on host '127.0.0.1' and port '3121'.
04:33:59 INFO  : Jtag cable 'RealDigital Boo 887100000006A' is selected.
04:33:59 INFO  : 'jtag frequency' command is executed.
04:33:59 INFO  : 'targets -set -filter {jtag_cable_name =~ "RealDigital Boo 887100000006A" && level==0 && jtag_device_ctx=="jsn1-0362f093-0"}' command is executed.
04:34:01 INFO  : Device configured successfully with "C:/Users/realk/Desktop/ece385/ECE385/lab7_2/try5_sdk/sfjknsfdsfdsfd/_ide/bitstream/mb_usb_hdmi_top.bit"
04:34:01 INFO  : Context for processor 'microblaze_0' is selected.
04:34:01 INFO  : Hardware design and registers information is loaded from 'C:/Users/realk/Desktop/ece385/ECE385/lab7_2/try5_sdk/mb_usb_hdmi_top/export/mb_usb_hdmi_top/hw/mb_usb_hdmi_top.xsa'.
04:34:01 INFO  : 'configparams mdm-detect-bscan-mask 2' command is executed.
04:34:01 INFO  : Context for processor 'microblaze_0' is selected.
04:34:01 INFO  : System reset is completed.
04:34:04 INFO  : 'after 3000' command is executed.
04:34:04 INFO  : Context for processor 'microblaze_0' is selected.
04:34:04 INFO  : The application 'C:/Users/realk/Desktop/ece385/ECE385/lab7_2/try5_sdk/sfjknsfdsfdsfd/Debug/sfjknsfdsfdsfd.elf' is downloaded to processor 'microblaze_0'.
04:34:04 INFO  : ----------------XSDB Script----------------
connect -url tcp:127.0.0.1:3121
targets -set -filter {jtag_cable_name =~ "RealDigital Boo 887100000006A" && level==0 && jtag_device_ctx=="jsn1-0362f093-0"}
fpga -file C:/Users/realk/Desktop/ece385/ECE385/lab7_2/try5_sdk/sfjknsfdsfdsfd/_ide/bitstream/mb_usb_hdmi_top.bit
targets -set -nocase -filter {name =~ "*microblaze*#0" && bscan=="USER2" }
loadhw -hw C:/Users/realk/Desktop/ece385/ECE385/lab7_2/try5_sdk/mb_usb_hdmi_top/export/mb_usb_hdmi_top/hw/mb_usb_hdmi_top.xsa -regs
configparams mdm-detect-bscan-mask 2
targets -set -nocase -filter {name =~ "*microblaze*#0" && bscan=="USER2" }
rst -system
after 3000
targets -set -nocase -filter {name =~ "*microblaze*#0" && bscan=="USER2" }
dow C:/Users/realk/Desktop/ece385/ECE385/lab7_2/try5_sdk/sfjknsfdsfdsfd/Debug/sfjknsfdsfdsfd.elf
----------------End of Script----------------

04:34:04 INFO  : Context for processor 'microblaze_0' is selected.
04:34:04 INFO  : 'con' command is executed.
04:34:04 INFO  : ----------------XSDB Script (After Launch)----------------
targets -set -nocase -filter {name =~ "*microblaze*#0" && bscan=="USER2" }
con
----------------End of Script----------------

04:34:04 INFO  : Disconnected from the channel tcfchan#29.
04:39:50 INFO  : Checking for BSP changes to sync application flags for project 'sfjknsfdsfdsfd'...
04:39:58 INFO  : Connected to target on host '127.0.0.1' and port '3121'.
04:39:58 INFO  : Jtag cable 'RealDigital Boo 887100000006A' is selected.
04:39:58 INFO  : 'jtag frequency' command is executed.
04:39:58 INFO  : 'targets -set -filter {jtag_cable_name =~ "RealDigital Boo 887100000006A" && level==0 && jtag_device_ctx=="jsn1-0362f093-0"}' command is executed.
04:40:00 INFO  : Device configured successfully with "C:/Users/realk/Desktop/ece385/ECE385/lab7_2/try5_sdk/sfjknsfdsfdsfd/_ide/bitstream/mb_usb_hdmi_top.bit"
04:40:00 INFO  : Context for processor 'microblaze_0' is selected.
04:40:00 INFO  : Hardware design and registers information is loaded from 'C:/Users/realk/Desktop/ece385/ECE385/lab7_2/try5_sdk/mb_usb_hdmi_top/export/mb_usb_hdmi_top/hw/mb_usb_hdmi_top.xsa'.
04:40:00 INFO  : 'configparams mdm-detect-bscan-mask 2' command is executed.
04:40:00 INFO  : Context for processor 'microblaze_0' is selected.
04:40:00 INFO  : System reset is completed.
04:40:03 INFO  : 'after 3000' command is executed.
04:40:03 INFO  : Context for processor 'microblaze_0' is selected.
04:40:03 INFO  : The application 'C:/Users/realk/Desktop/ece385/ECE385/lab7_2/try5_sdk/sfjknsfdsfdsfd/Debug/sfjknsfdsfdsfd.elf' is downloaded to processor 'microblaze_0'.
04:40:03 INFO  : ----------------XSDB Script----------------
connect -url tcp:127.0.0.1:3121
targets -set -filter {jtag_cable_name =~ "RealDigital Boo 887100000006A" && level==0 && jtag_device_ctx=="jsn1-0362f093-0"}
fpga -file C:/Users/realk/Desktop/ece385/ECE385/lab7_2/try5_sdk/sfjknsfdsfdsfd/_ide/bitstream/mb_usb_hdmi_top.bit
targets -set -nocase -filter {name =~ "*microblaze*#0" && bscan=="USER2" }
loadhw -hw C:/Users/realk/Desktop/ece385/ECE385/lab7_2/try5_sdk/mb_usb_hdmi_top/export/mb_usb_hdmi_top/hw/mb_usb_hdmi_top.xsa -regs
configparams mdm-detect-bscan-mask 2
targets -set -nocase -filter {name =~ "*microblaze*#0" && bscan=="USER2" }
rst -system
after 3000
targets -set -nocase -filter {name =~ "*microblaze*#0" && bscan=="USER2" }
dow C:/Users/realk/Desktop/ece385/ECE385/lab7_2/try5_sdk/sfjknsfdsfdsfd/Debug/sfjknsfdsfdsfd.elf
----------------End of Script----------------

04:40:03 INFO  : Context for processor 'microblaze_0' is selected.
04:40:03 INFO  : 'con' command is executed.
04:40:03 INFO  : ----------------XSDB Script (After Launch)----------------
targets -set -nocase -filter {name =~ "*microblaze*#0" && bscan=="USER2" }
con
----------------End of Script----------------

04:40:03 INFO  : Disconnected from the channel tcfchan#30.
04:44:18 INFO  : Checking for BSP changes to sync application flags for project 'sfjknsfdsfdsfd'...
04:44:23 INFO  : Connected to target on host '127.0.0.1' and port '3121'.
04:44:23 INFO  : Jtag cable 'RealDigital Boo 887100000006A' is selected.
04:44:23 INFO  : 'jtag frequency' command is executed.
04:44:23 INFO  : 'targets -set -filter {jtag_cable_name =~ "RealDigital Boo 887100000006A" && level==0 && jtag_device_ctx=="jsn1-0362f093-0"}' command is executed.
04:44:24 INFO  : Device configured successfully with "C:/Users/realk/Desktop/ece385/ECE385/lab7_2/try5_sdk/sfjknsfdsfdsfd/_ide/bitstream/mb_usb_hdmi_top.bit"
04:44:25 INFO  : Context for processor 'microblaze_0' is selected.
04:44:25 INFO  : Hardware design and registers information is loaded from 'C:/Users/realk/Desktop/ece385/ECE385/lab7_2/try5_sdk/mb_usb_hdmi_top/export/mb_usb_hdmi_top/hw/mb_usb_hdmi_top.xsa'.
04:44:25 INFO  : 'configparams mdm-detect-bscan-mask 2' command is executed.
04:44:25 INFO  : Context for processor 'microblaze_0' is selected.
04:44:25 INFO  : System reset is completed.
04:44:28 INFO  : 'after 3000' command is executed.
04:44:28 INFO  : Context for processor 'microblaze_0' is selected.
04:44:28 INFO  : The application 'C:/Users/realk/Desktop/ece385/ECE385/lab7_2/try5_sdk/sfjknsfdsfdsfd/Debug/sfjknsfdsfdsfd.elf' is downloaded to processor 'microblaze_0'.
04:44:28 INFO  : ----------------XSDB Script----------------
connect -url tcp:127.0.0.1:3121
targets -set -filter {jtag_cable_name =~ "RealDigital Boo 887100000006A" && level==0 && jtag_device_ctx=="jsn1-0362f093-0"}
fpga -file C:/Users/realk/Desktop/ece385/ECE385/lab7_2/try5_sdk/sfjknsfdsfdsfd/_ide/bitstream/mb_usb_hdmi_top.bit
targets -set -nocase -filter {name =~ "*microblaze*#0" && bscan=="USER2" }
loadhw -hw C:/Users/realk/Desktop/ece385/ECE385/lab7_2/try5_sdk/mb_usb_hdmi_top/export/mb_usb_hdmi_top/hw/mb_usb_hdmi_top.xsa -regs
configparams mdm-detect-bscan-mask 2
targets -set -nocase -filter {name =~ "*microblaze*#0" && bscan=="USER2" }
rst -system
after 3000
targets -set -nocase -filter {name =~ "*microblaze*#0" && bscan=="USER2" }
dow C:/Users/realk/Desktop/ece385/ECE385/lab7_2/try5_sdk/sfjknsfdsfdsfd/Debug/sfjknsfdsfdsfd.elf
----------------End of Script----------------

04:44:28 INFO  : Context for processor 'microblaze_0' is selected.
04:44:28 INFO  : 'con' command is executed.
04:44:28 INFO  : ----------------XSDB Script (After Launch)----------------
targets -set -nocase -filter {name =~ "*microblaze*#0" && bscan=="USER2" }
con
----------------End of Script----------------

04:44:28 INFO  : Disconnected from the channel tcfchan#31.
04:45:06 INFO  : Checking for BSP changes to sync application flags for project 'sfjknsfdsfdsfd'...
04:45:12 INFO  : Connected to target on host '127.0.0.1' and port '3121'.
04:45:12 INFO  : Jtag cable 'RealDigital Boo 887100000006A' is selected.
04:45:12 INFO  : 'jtag frequency' command is executed.
04:45:12 INFO  : 'targets -set -filter {jtag_cable_name =~ "RealDigital Boo 887100000006A" && level==0 && jtag_device_ctx=="jsn1-0362f093-0"}' command is executed.
04:45:13 INFO  : Device configured successfully with "C:/Users/realk/Desktop/ece385/ECE385/lab7_2/try5_sdk/sfjknsfdsfdsfd/_ide/bitstream/mb_usb_hdmi_top.bit"
04:45:13 INFO  : Context for processor 'microblaze_0' is selected.
04:45:13 INFO  : Hardware design and registers information is loaded from 'C:/Users/realk/Desktop/ece385/ECE385/lab7_2/try5_sdk/mb_usb_hdmi_top/export/mb_usb_hdmi_top/hw/mb_usb_hdmi_top.xsa'.
04:45:13 INFO  : 'configparams mdm-detect-bscan-mask 2' command is executed.
04:45:13 INFO  : Context for processor 'microblaze_0' is selected.
04:45:13 INFO  : System reset is completed.
04:45:16 INFO  : 'after 3000' command is executed.
04:45:16 INFO  : Context for processor 'microblaze_0' is selected.
04:45:17 INFO  : The application 'C:/Users/realk/Desktop/ece385/ECE385/lab7_2/try5_sdk/sfjknsfdsfdsfd/Debug/sfjknsfdsfdsfd.elf' is downloaded to processor 'microblaze_0'.
04:45:17 INFO  : ----------------XSDB Script----------------
connect -url tcp:127.0.0.1:3121
targets -set -filter {jtag_cable_name =~ "RealDigital Boo 887100000006A" && level==0 && jtag_device_ctx=="jsn1-0362f093-0"}
fpga -file C:/Users/realk/Desktop/ece385/ECE385/lab7_2/try5_sdk/sfjknsfdsfdsfd/_ide/bitstream/mb_usb_hdmi_top.bit
targets -set -nocase -filter {name =~ "*microblaze*#0" && bscan=="USER2" }
loadhw -hw C:/Users/realk/Desktop/ece385/ECE385/lab7_2/try5_sdk/mb_usb_hdmi_top/export/mb_usb_hdmi_top/hw/mb_usb_hdmi_top.xsa -regs
configparams mdm-detect-bscan-mask 2
targets -set -nocase -filter {name =~ "*microblaze*#0" && bscan=="USER2" }
rst -system
after 3000
targets -set -nocase -filter {name =~ "*microblaze*#0" && bscan=="USER2" }
dow C:/Users/realk/Desktop/ece385/ECE385/lab7_2/try5_sdk/sfjknsfdsfdsfd/Debug/sfjknsfdsfdsfd.elf
----------------End of Script----------------

04:45:17 INFO  : Context for processor 'microblaze_0' is selected.
04:45:17 INFO  : 'con' command is executed.
04:45:17 INFO  : ----------------XSDB Script (After Launch)----------------
targets -set -nocase -filter {name =~ "*microblaze*#0" && bscan=="USER2" }
con
----------------End of Script----------------

04:45:17 INFO  : Disconnected from the channel tcfchan#32.
04:45:40 INFO  : Checking for BSP changes to sync application flags for project 'sfjknsfdsfdsfd'...
04:45:44 INFO  : Connected to target on host '127.0.0.1' and port '3121'.
04:45:44 INFO  : Jtag cable 'RealDigital Boo 887100000006A' is selected.
04:45:44 INFO  : 'jtag frequency' command is executed.
04:45:44 INFO  : 'targets -set -filter {jtag_cable_name =~ "RealDigital Boo 887100000006A" && level==0 && jtag_device_ctx=="jsn1-0362f093-0"}' command is executed.
04:45:45 INFO  : Device configured successfully with "C:/Users/realk/Desktop/ece385/ECE385/lab7_2/try5_sdk/sfjknsfdsfdsfd/_ide/bitstream/mb_usb_hdmi_top.bit"
04:45:45 INFO  : Context for processor 'microblaze_0' is selected.
04:45:45 INFO  : Hardware design and registers information is loaded from 'C:/Users/realk/Desktop/ece385/ECE385/lab7_2/try5_sdk/mb_usb_hdmi_top/export/mb_usb_hdmi_top/hw/mb_usb_hdmi_top.xsa'.
04:45:45 INFO  : 'configparams mdm-detect-bscan-mask 2' command is executed.
04:45:46 INFO  : Context for processor 'microblaze_0' is selected.
04:45:46 INFO  : System reset is completed.
04:45:49 INFO  : 'after 3000' command is executed.
04:45:49 INFO  : Context for processor 'microblaze_0' is selected.
04:45:49 INFO  : The application 'C:/Users/realk/Desktop/ece385/ECE385/lab7_2/try5_sdk/sfjknsfdsfdsfd/Debug/sfjknsfdsfdsfd.elf' is downloaded to processor 'microblaze_0'.
04:45:49 INFO  : ----------------XSDB Script----------------
connect -url tcp:127.0.0.1:3121
targets -set -filter {jtag_cable_name =~ "RealDigital Boo 887100000006A" && level==0 && jtag_device_ctx=="jsn1-0362f093-0"}
fpga -file C:/Users/realk/Desktop/ece385/ECE385/lab7_2/try5_sdk/sfjknsfdsfdsfd/_ide/bitstream/mb_usb_hdmi_top.bit
targets -set -nocase -filter {name =~ "*microblaze*#0" && bscan=="USER2" }
loadhw -hw C:/Users/realk/Desktop/ece385/ECE385/lab7_2/try5_sdk/mb_usb_hdmi_top/export/mb_usb_hdmi_top/hw/mb_usb_hdmi_top.xsa -regs
configparams mdm-detect-bscan-mask 2
targets -set -nocase -filter {name =~ "*microblaze*#0" && bscan=="USER2" }
rst -system
after 3000
targets -set -nocase -filter {name =~ "*microblaze*#0" && bscan=="USER2" }
dow C:/Users/realk/Desktop/ece385/ECE385/lab7_2/try5_sdk/sfjknsfdsfdsfd/Debug/sfjknsfdsfdsfd.elf
----------------End of Script----------------

04:45:49 INFO  : Context for processor 'microblaze_0' is selected.
04:45:49 INFO  : 'con' command is executed.
04:45:49 INFO  : ----------------XSDB Script (After Launch)----------------
targets -set -nocase -filter {name =~ "*microblaze*#0" && bscan=="USER2" }
con
----------------End of Script----------------

04:45:49 INFO  : Disconnected from the channel tcfchan#33.
05:52:10 INFO  : Hardware specification for platform project 'mb_usb_hdmi_top' is updated.
05:52:23 INFO  : Result from executing command 'removePlatformRepo': 
05:52:55 INFO  : Result from executing command 'getProjects': mb_usb_hdmi_top
05:52:55 INFO  : Result from executing command 'getPlatforms': xilinx_vck190_base_202220_1|C:/Xilinx/Vitis/2022.2/base_platforms/xilinx_vck190_base_202220_1/xilinx_vck190_base_202220_1.xpfm;xilinx_vck190_base_dfx_202220_1|C:/Xilinx/Vitis/2022.2/base_platforms/xilinx_vck190_base_dfx_202220_1/xilinx_vck190_base_dfx_202220_1.xpfm;xilinx_vmk180_base_202220_1|C:/Xilinx/Vitis/2022.2/base_platforms/xilinx_vmk180_base_202220_1/xilinx_vmk180_base_202220_1.xpfm;xilinx_zcu102_base_202220_1|C:/Xilinx/Vitis/2022.2/base_platforms/xilinx_zcu102_base_202220_1/xilinx_zcu102_base_202220_1.xpfm;xilinx_zcu102_base_dfx_202220_1|C:/Xilinx/Vitis/2022.2/base_platforms/xilinx_zcu102_base_dfx_202220_1/xilinx_zcu102_base_dfx_202220_1.xpfm;xilinx_zcu104_base_202220_1|C:/Xilinx/Vitis/2022.2/base_platforms/xilinx_zcu104_base_202220_1/xilinx_zcu104_base_202220_1.xpfm
05:52:56 INFO  : Checking for BSP changes to sync application flags for project 'sfjknsfdsfdsfd'...
05:52:58 INFO  : The hardware specification used by project 'sfjknsfdsfdsfd' is out of sync with the platform. Resource files extracted from the hardware specification will be updated.
05:52:58 INFO  : The file 'C:\Users\realk\Desktop\ece385\ECE385\lab7_2\try5_sdk\sfjknsfdsfdsfd\_ide\bitstream\mb_usb_hdmi_top.bit' stored in project is removed.
05:52:58 INFO  : The file 'C:\Users\realk\Desktop\ece385\ECE385\lab7_2\try5_sdk\sfjknsfdsfdsfd\_ide\bitstream\mb_usb_hdmi_top.mmi' stored in project is removed.
05:52:58 INFO  : The updated bitstream files are copied from platform to folder 'C:\Users\realk\Desktop\ece385\ECE385\lab7_2\try5_sdk\sfjknsfdsfdsfd\_ide\bitstream' in project 'sfjknsfdsfdsfd'.
05:54:01 INFO  : Checking for BSP changes to sync application flags for project 'sfjknsfdsfdsfd'...
05:54:06 INFO  : Connected to target on host '127.0.0.1' and port '3121'.
05:54:06 INFO  : Jtag cable 'RealDigital Boo 887100000006A' is selected.
05:54:06 INFO  : 'jtag frequency' command is executed.
05:54:06 INFO  : 'targets -set -filter {jtag_cable_name =~ "RealDigital Boo 887100000006A" && level==0 && jtag_device_ctx=="jsn1-0362f093-0"}' command is executed.
05:54:07 INFO  : Device configured successfully with "C:/Users/realk/Desktop/ece385/ECE385/lab7_2/try5_sdk/sfjknsfdsfdsfd/_ide/bitstream/mb_usb_hdmi_top.bit"
05:54:07 INFO  : Context for processor 'microblaze_0' is selected.
05:54:08 INFO  : Hardware design and registers information is loaded from 'C:/Users/realk/Desktop/ece385/ECE385/lab7_2/try5_sdk/mb_usb_hdmi_top/export/mb_usb_hdmi_top/hw/mb_usb_hdmi_top.xsa'.
05:54:08 INFO  : 'configparams mdm-detect-bscan-mask 2' command is executed.
05:54:08 INFO  : Context for processor 'microblaze_0' is selected.
05:54:08 INFO  : System reset is completed.
05:54:11 INFO  : 'after 3000' command is executed.
05:54:11 INFO  : Context for processor 'microblaze_0' is selected.
05:54:11 INFO  : The application 'C:/Users/realk/Desktop/ece385/ECE385/lab7_2/try5_sdk/sfjknsfdsfdsfd/Debug/sfjknsfdsfdsfd.elf' is downloaded to processor 'microblaze_0'.
05:54:11 INFO  : ----------------XSDB Script----------------
connect -url tcp:127.0.0.1:3121
targets -set -filter {jtag_cable_name =~ "RealDigital Boo 887100000006A" && level==0 && jtag_device_ctx=="jsn1-0362f093-0"}
fpga -file C:/Users/realk/Desktop/ece385/ECE385/lab7_2/try5_sdk/sfjknsfdsfdsfd/_ide/bitstream/mb_usb_hdmi_top.bit
targets -set -nocase -filter {name =~ "*microblaze*#0" && bscan=="USER2" }
loadhw -hw C:/Users/realk/Desktop/ece385/ECE385/lab7_2/try5_sdk/mb_usb_hdmi_top/export/mb_usb_hdmi_top/hw/mb_usb_hdmi_top.xsa -regs
configparams mdm-detect-bscan-mask 2
targets -set -nocase -filter {name =~ "*microblaze*#0" && bscan=="USER2" }
rst -system
after 3000
targets -set -nocase -filter {name =~ "*microblaze*#0" && bscan=="USER2" }
dow C:/Users/realk/Desktop/ece385/ECE385/lab7_2/try5_sdk/sfjknsfdsfdsfd/Debug/sfjknsfdsfdsfd.elf
----------------End of Script----------------

05:54:11 INFO  : Context for processor 'microblaze_0' is selected.
05:54:11 INFO  : 'con' command is executed.
05:54:11 INFO  : ----------------XSDB Script (After Launch)----------------
targets -set -nocase -filter {name =~ "*microblaze*#0" && bscan=="USER2" }
con
----------------End of Script----------------

05:54:11 INFO  : Disconnected from the channel tcfchan#36.
05:57:08 INFO  : Connected to target on host '127.0.0.1' and port '3121'.
05:57:08 INFO  : Jtag cable 'RealDigital Boo 887100000006A' is selected.
05:57:08 INFO  : 'jtag frequency' command is executed.
05:57:08 INFO  : 'targets -set -filter {jtag_cable_name =~ "RealDigital Boo 887100000006A" && level==0 && jtag_device_ctx=="jsn1-0362f093-0"}' command is executed.
05:57:10 INFO  : Device configured successfully with "C:/Users/realk/Desktop/ece385/ECE385/lab7_2/try5_sdk/sfjknsfdsfdsfd/_ide/bitstream/mb_usb_hdmi_top.bit"
05:57:10 INFO  : Context for processor 'microblaze_0' is selected.
05:57:10 INFO  : Hardware design and registers information is loaded from 'C:/Users/realk/Desktop/ece385/ECE385/lab7_2/try5_sdk/mb_usb_hdmi_top/export/mb_usb_hdmi_top/hw/mb_usb_hdmi_top.xsa'.
05:57:10 INFO  : 'configparams mdm-detect-bscan-mask 2' command is executed.
05:57:10 INFO  : Context for processor 'microblaze_0' is selected.
05:57:10 INFO  : System reset is completed.
05:57:13 INFO  : 'after 3000' command is executed.
05:57:13 INFO  : Context for processor 'microblaze_0' is selected.
05:57:13 INFO  : The application 'C:/Users/realk/Desktop/ece385/ECE385/lab7_2/try5_sdk/sfjknsfdsfdsfd/Debug/sfjknsfdsfdsfd.elf' is downloaded to processor 'microblaze_0'.
05:57:13 INFO  : ----------------XSDB Script----------------
connect -url tcp:127.0.0.1:3121
targets -set -filter {jtag_cable_name =~ "RealDigital Boo 887100000006A" && level==0 && jtag_device_ctx=="jsn1-0362f093-0"}
fpga -file C:/Users/realk/Desktop/ece385/ECE385/lab7_2/try5_sdk/sfjknsfdsfdsfd/_ide/bitstream/mb_usb_hdmi_top.bit
targets -set -nocase -filter {name =~ "*microblaze*#0" && bscan=="USER2" }
loadhw -hw C:/Users/realk/Desktop/ece385/ECE385/lab7_2/try5_sdk/mb_usb_hdmi_top/export/mb_usb_hdmi_top/hw/mb_usb_hdmi_top.xsa -regs
configparams mdm-detect-bscan-mask 2
targets -set -nocase -filter {name =~ "*microblaze*#0" && bscan=="USER2" }
rst -system
after 3000
targets -set -nocase -filter {name =~ "*microblaze*#0" && bscan=="USER2" }
dow C:/Users/realk/Desktop/ece385/ECE385/lab7_2/try5_sdk/sfjknsfdsfdsfd/Debug/sfjknsfdsfdsfd.elf
----------------End of Script----------------

05:57:13 INFO  : Context for processor 'microblaze_0' is selected.
05:57:13 INFO  : 'con' command is executed.
05:57:13 INFO  : ----------------XSDB Script (After Launch)----------------
targets -set -nocase -filter {name =~ "*microblaze*#0" && bscan=="USER2" }
con
----------------End of Script----------------

05:57:13 INFO  : Disconnected from the channel tcfchan#37.
06:02:03 INFO  : Hardware specification for platform project 'mb_usb_hdmi_top' is updated.
06:02:16 INFO  : Result from executing command 'removePlatformRepo': 
06:02:27 INFO  : Result from executing command 'getProjects': mb_usb_hdmi_top
06:02:27 INFO  : Result from executing command 'getPlatforms': xilinx_vck190_base_202220_1|C:/Xilinx/Vitis/2022.2/base_platforms/xilinx_vck190_base_202220_1/xilinx_vck190_base_202220_1.xpfm;xilinx_vck190_base_dfx_202220_1|C:/Xilinx/Vitis/2022.2/base_platforms/xilinx_vck190_base_dfx_202220_1/xilinx_vck190_base_dfx_202220_1.xpfm;xilinx_vmk180_base_202220_1|C:/Xilinx/Vitis/2022.2/base_platforms/xilinx_vmk180_base_202220_1/xilinx_vmk180_base_202220_1.xpfm;xilinx_zcu102_base_202220_1|C:/Xilinx/Vitis/2022.2/base_platforms/xilinx_zcu102_base_202220_1/xilinx_zcu102_base_202220_1.xpfm;xilinx_zcu102_base_dfx_202220_1|C:/Xilinx/Vitis/2022.2/base_platforms/xilinx_zcu102_base_dfx_202220_1/xilinx_zcu102_base_dfx_202220_1.xpfm;xilinx_zcu104_base_202220_1|C:/Xilinx/Vitis/2022.2/base_platforms/xilinx_zcu104_base_202220_1/xilinx_zcu104_base_202220_1.xpfm
06:02:27 INFO  : Checking for BSP changes to sync application flags for project 'sfjknsfdsfdsfd'...
06:02:29 INFO  : The hardware specification used by project 'sfjknsfdsfdsfd' is out of sync with the platform. Resource files extracted from the hardware specification will be updated.
06:02:29 INFO  : The file 'C:\Users\realk\Desktop\ece385\ECE385\lab7_2\try5_sdk\sfjknsfdsfdsfd\_ide\bitstream\mb_usb_hdmi_top.bit' stored in project is removed.
06:02:29 INFO  : The file 'C:\Users\realk\Desktop\ece385\ECE385\lab7_2\try5_sdk\sfjknsfdsfdsfd\_ide\bitstream\mb_usb_hdmi_top.mmi' stored in project is removed.
06:02:29 INFO  : The updated bitstream files are copied from platform to folder 'C:\Users\realk\Desktop\ece385\ECE385\lab7_2\try5_sdk\sfjknsfdsfdsfd\_ide\bitstream' in project 'sfjknsfdsfdsfd'.
06:02:33 INFO  : Connected to target on host '127.0.0.1' and port '3121'.
06:02:33 INFO  : Jtag cable 'RealDigital Boo 887100000006A' is selected.
06:02:33 INFO  : 'jtag frequency' command is executed.
06:02:34 INFO  : 'targets -set -filter {jtag_cable_name =~ "RealDigital Boo 887100000006A" && level==0 && jtag_device_ctx=="jsn1-0362f093-0"}' command is executed.
06:02:35 INFO  : Device configured successfully with "C:/Users/realk/Desktop/ece385/ECE385/lab7_2/try5_sdk/sfjknsfdsfdsfd/_ide/bitstream/mb_usb_hdmi_top.bit"
06:02:35 INFO  : Context for processor 'microblaze_0' is selected.
06:02:35 INFO  : Hardware design and registers information is loaded from 'C:/Users/realk/Desktop/ece385/ECE385/lab7_2/try5_sdk/mb_usb_hdmi_top/export/mb_usb_hdmi_top/hw/mb_usb_hdmi_top.xsa'.
06:02:35 INFO  : 'configparams mdm-detect-bscan-mask 2' command is executed.
06:02:35 INFO  : Context for processor 'microblaze_0' is selected.
06:02:35 INFO  : System reset is completed.
06:02:38 INFO  : 'after 3000' command is executed.
06:02:38 INFO  : Context for processor 'microblaze_0' is selected.
06:02:38 INFO  : The application 'C:/Users/realk/Desktop/ece385/ECE385/lab7_2/try5_sdk/sfjknsfdsfdsfd/Debug/sfjknsfdsfdsfd.elf' is downloaded to processor 'microblaze_0'.
06:02:38 INFO  : ----------------XSDB Script----------------
connect -url tcp:127.0.0.1:3121
targets -set -filter {jtag_cable_name =~ "RealDigital Boo 887100000006A" && level==0 && jtag_device_ctx=="jsn1-0362f093-0"}
fpga -file C:/Users/realk/Desktop/ece385/ECE385/lab7_2/try5_sdk/sfjknsfdsfdsfd/_ide/bitstream/mb_usb_hdmi_top.bit
targets -set -nocase -filter {name =~ "*microblaze*#0" && bscan=="USER2" }
loadhw -hw C:/Users/realk/Desktop/ece385/ECE385/lab7_2/try5_sdk/mb_usb_hdmi_top/export/mb_usb_hdmi_top/hw/mb_usb_hdmi_top.xsa -regs
configparams mdm-detect-bscan-mask 2
targets -set -nocase -filter {name =~ "*microblaze*#0" && bscan=="USER2" }
rst -system
after 3000
targets -set -nocase -filter {name =~ "*microblaze*#0" && bscan=="USER2" }
dow C:/Users/realk/Desktop/ece385/ECE385/lab7_2/try5_sdk/sfjknsfdsfdsfd/Debug/sfjknsfdsfdsfd.elf
----------------End of Script----------------

06:02:38 INFO  : Context for processor 'microblaze_0' is selected.
06:02:38 INFO  : 'con' command is executed.
06:02:38 INFO  : ----------------XSDB Script (After Launch)----------------
targets -set -nocase -filter {name =~ "*microblaze*#0" && bscan=="USER2" }
con
----------------End of Script----------------

06:02:38 INFO  : Disconnected from the channel tcfchan#40.
06:06:32 INFO  : Result from executing command 'removePlatformRepo': 
06:06:42 INFO  : Hardware specification for platform project 'mb_usb_hdmi_top' is updated.
06:06:52 INFO  : Result from executing command 'getProjects': mb_usb_hdmi_top
06:06:52 INFO  : Result from executing command 'getPlatforms': xilinx_vck190_base_202220_1|C:/Xilinx/Vitis/2022.2/base_platforms/xilinx_vck190_base_202220_1/xilinx_vck190_base_202220_1.xpfm;xilinx_vck190_base_dfx_202220_1|C:/Xilinx/Vitis/2022.2/base_platforms/xilinx_vck190_base_dfx_202220_1/xilinx_vck190_base_dfx_202220_1.xpfm;xilinx_vmk180_base_202220_1|C:/Xilinx/Vitis/2022.2/base_platforms/xilinx_vmk180_base_202220_1/xilinx_vmk180_base_202220_1.xpfm;xilinx_zcu102_base_202220_1|C:/Xilinx/Vitis/2022.2/base_platforms/xilinx_zcu102_base_202220_1/xilinx_zcu102_base_202220_1.xpfm;xilinx_zcu102_base_dfx_202220_1|C:/Xilinx/Vitis/2022.2/base_platforms/xilinx_zcu102_base_dfx_202220_1/xilinx_zcu102_base_dfx_202220_1.xpfm;xilinx_zcu104_base_202220_1|C:/Xilinx/Vitis/2022.2/base_platforms/xilinx_zcu104_base_202220_1/xilinx_zcu104_base_202220_1.xpfm
06:06:53 INFO  : Checking for BSP changes to sync application flags for project 'sfjknsfdsfdsfd'...
06:06:58 INFO  : Connected to target on host '127.0.0.1' and port '3121'.
06:06:59 INFO  : Jtag cable 'RealDigital Boo 887100000006A' is selected.
06:06:59 INFO  : 'jtag frequency' command is executed.
06:06:59 INFO  : 'targets -set -filter {jtag_cable_name =~ "RealDigital Boo 887100000006A" && level==0 && jtag_device_ctx=="jsn1-0362f093-0"}' command is executed.
06:07:00 INFO  : Device configured successfully with "C:/Users/realk/Desktop/ece385/ECE385/lab7_2/try5_sdk/sfjknsfdsfdsfd/_ide/bitstream/mb_usb_hdmi_top.bit"
06:07:00 INFO  : Context for processor 'microblaze_0' is selected.
06:07:00 INFO  : Hardware design and registers information is loaded from 'C:/Users/realk/Desktop/ece385/ECE385/lab7_2/try5_sdk/mb_usb_hdmi_top/export/mb_usb_hdmi_top/hw/mb_usb_hdmi_top.xsa'.
06:07:00 INFO  : 'configparams mdm-detect-bscan-mask 2' command is executed.
06:07:00 INFO  : Context for processor 'microblaze_0' is selected.
06:07:00 INFO  : System reset is completed.
06:07:03 INFO  : 'after 3000' command is executed.
06:07:03 INFO  : Context for processor 'microblaze_0' is selected.
06:07:03 INFO  : The application 'C:/Users/realk/Desktop/ece385/ECE385/lab7_2/try5_sdk/sfjknsfdsfdsfd/Debug/sfjknsfdsfdsfd.elf' is downloaded to processor 'microblaze_0'.
06:07:03 INFO  : ----------------XSDB Script----------------
connect -url tcp:127.0.0.1:3121
targets -set -filter {jtag_cable_name =~ "RealDigital Boo 887100000006A" && level==0 && jtag_device_ctx=="jsn1-0362f093-0"}
fpga -file C:/Users/realk/Desktop/ece385/ECE385/lab7_2/try5_sdk/sfjknsfdsfdsfd/_ide/bitstream/mb_usb_hdmi_top.bit
targets -set -nocase -filter {name =~ "*microblaze*#0" && bscan=="USER2" }
loadhw -hw C:/Users/realk/Desktop/ece385/ECE385/lab7_2/try5_sdk/mb_usb_hdmi_top/export/mb_usb_hdmi_top/hw/mb_usb_hdmi_top.xsa -regs
configparams mdm-detect-bscan-mask 2
targets -set -nocase -filter {name =~ "*microblaze*#0" && bscan=="USER2" }
rst -system
after 3000
targets -set -nocase -filter {name =~ "*microblaze*#0" && bscan=="USER2" }
dow C:/Users/realk/Desktop/ece385/ECE385/lab7_2/try5_sdk/sfjknsfdsfdsfd/Debug/sfjknsfdsfdsfd.elf
----------------End of Script----------------

06:07:04 INFO  : Context for processor 'microblaze_0' is selected.
06:07:04 INFO  : 'con' command is executed.
06:07:04 INFO  : ----------------XSDB Script (After Launch)----------------
targets -set -nocase -filter {name =~ "*microblaze*#0" && bscan=="USER2" }
con
----------------End of Script----------------

06:07:04 INFO  : Disconnected from the channel tcfchan#43.
06:11:50 INFO  : Hardware specification for platform project 'mb_usb_hdmi_top' is updated.
06:12:03 INFO  : Result from executing command 'removePlatformRepo': 
06:12:07 ERROR : Invalid hardware specification '${sdxTcfLaunchFile:project=sfjknsfdsfdsfd;fileType=hw;}' in launch configuration 'Debugger_sfjknsfdsfdsfd-GDB'.
06:12:17 INFO  : Result from executing command 'getProjects': mb_usb_hdmi_top
06:12:17 INFO  : Result from executing command 'getPlatforms': xilinx_vck190_base_202220_1|C:/Xilinx/Vitis/2022.2/base_platforms/xilinx_vck190_base_202220_1/xilinx_vck190_base_202220_1.xpfm;xilinx_vck190_base_dfx_202220_1|C:/Xilinx/Vitis/2022.2/base_platforms/xilinx_vck190_base_dfx_202220_1/xilinx_vck190_base_dfx_202220_1.xpfm;xilinx_vmk180_base_202220_1|C:/Xilinx/Vitis/2022.2/base_platforms/xilinx_vmk180_base_202220_1/xilinx_vmk180_base_202220_1.xpfm;xilinx_zcu102_base_202220_1|C:/Xilinx/Vitis/2022.2/base_platforms/xilinx_zcu102_base_202220_1/xilinx_zcu102_base_202220_1.xpfm;xilinx_zcu102_base_dfx_202220_1|C:/Xilinx/Vitis/2022.2/base_platforms/xilinx_zcu102_base_dfx_202220_1/xilinx_zcu102_base_dfx_202220_1.xpfm;xilinx_zcu104_base_202220_1|C:/Xilinx/Vitis/2022.2/base_platforms/xilinx_zcu104_base_202220_1/xilinx_zcu104_base_202220_1.xpfm
06:12:18 INFO  : Checking for BSP changes to sync application flags for project 'sfjknsfdsfdsfd'...
06:12:19 INFO  : The hardware specification used by project 'sfjknsfdsfdsfd' is out of sync with the platform. Resource files extracted from the hardware specification will be updated.
06:12:19 INFO  : The file 'C:\Users\realk\Desktop\ece385\ECE385\lab7_2\try5_sdk\sfjknsfdsfdsfd\_ide\bitstream\mb_usb_hdmi_top.bit' stored in project is removed.
06:12:19 INFO  : The file 'C:\Users\realk\Desktop\ece385\ECE385\lab7_2\try5_sdk\sfjknsfdsfdsfd\_ide\bitstream\mb_usb_hdmi_top.mmi' stored in project is removed.
06:12:19 INFO  : The updated bitstream files are copied from platform to folder 'C:\Users\realk\Desktop\ece385\ECE385\lab7_2\try5_sdk\sfjknsfdsfdsfd\_ide\bitstream' in project 'sfjknsfdsfdsfd'.
06:12:29 INFO  : Connected to target on host '127.0.0.1' and port '3121'.
06:12:29 INFO  : Jtag cable 'RealDigital Boo 887100000006A' is selected.
06:12:29 INFO  : 'jtag frequency' command is executed.
06:12:29 INFO  : 'targets -set -filter {jtag_cable_name =~ "RealDigital Boo 887100000006A" && level==0 && jtag_device_ctx=="jsn1-0362f093-0"}' command is executed.
06:12:31 INFO  : Device configured successfully with "C:/Users/realk/Desktop/ece385/ECE385/lab7_2/try5_sdk/sfjknsfdsfdsfd/_ide/bitstream/mb_usb_hdmi_top.bit"
06:12:31 INFO  : Context for processor 'microblaze_0' is selected.
06:12:31 INFO  : Hardware design and registers information is loaded from 'C:/Users/realk/Desktop/ece385/ECE385/lab7_2/try5_sdk/mb_usb_hdmi_top/export/mb_usb_hdmi_top/hw/mb_usb_hdmi_top.xsa'.
06:12:31 INFO  : 'configparams mdm-detect-bscan-mask 2' command is executed.
06:12:31 INFO  : Context for processor 'microblaze_0' is selected.
06:12:31 INFO  : System reset is completed.
06:12:34 INFO  : 'after 3000' command is executed.
06:12:34 INFO  : Context for processor 'microblaze_0' is selected.
06:12:34 INFO  : The application 'C:/Users/realk/Desktop/ece385/ECE385/lab7_2/try5_sdk/sfjknsfdsfdsfd/Debug/sfjknsfdsfdsfd.elf' is downloaded to processor 'microblaze_0'.
06:12:34 INFO  : ----------------XSDB Script----------------
connect -url tcp:127.0.0.1:3121
targets -set -filter {jtag_cable_name =~ "RealDigital Boo 887100000006A" && level==0 && jtag_device_ctx=="jsn1-0362f093-0"}
fpga -file C:/Users/realk/Desktop/ece385/ECE385/lab7_2/try5_sdk/sfjknsfdsfdsfd/_ide/bitstream/mb_usb_hdmi_top.bit
targets -set -nocase -filter {name =~ "*microblaze*#0" && bscan=="USER2" }
loadhw -hw C:/Users/realk/Desktop/ece385/ECE385/lab7_2/try5_sdk/mb_usb_hdmi_top/export/mb_usb_hdmi_top/hw/mb_usb_hdmi_top.xsa -regs
configparams mdm-detect-bscan-mask 2
targets -set -nocase -filter {name =~ "*microblaze*#0" && bscan=="USER2" }
rst -system
after 3000
targets -set -nocase -filter {name =~ "*microblaze*#0" && bscan=="USER2" }
dow C:/Users/realk/Desktop/ece385/ECE385/lab7_2/try5_sdk/sfjknsfdsfdsfd/Debug/sfjknsfdsfdsfd.elf
----------------End of Script----------------

06:12:34 INFO  : Context for processor 'microblaze_0' is selected.
06:12:34 INFO  : 'con' command is executed.
06:12:34 INFO  : ----------------XSDB Script (After Launch)----------------
targets -set -nocase -filter {name =~ "*microblaze*#0" && bscan=="USER2" }
con
----------------End of Script----------------

06:12:34 INFO  : Disconnected from the channel tcfchan#46.
06:13:55 INFO  : Checking for BSP changes to sync application flags for project 'sfjknsfdsfdsfd'...
06:14:00 INFO  : Connected to target on host '127.0.0.1' and port '3121'.
06:14:00 INFO  : Jtag cable 'RealDigital Boo 887100000006A' is selected.
06:14:00 INFO  : 'jtag frequency' command is executed.
06:14:00 INFO  : 'targets -set -filter {jtag_cable_name =~ "RealDigital Boo 887100000006A" && level==0 && jtag_device_ctx=="jsn1-0362f093-0"}' command is executed.
06:14:01 INFO  : Device configured successfully with "C:/Users/realk/Desktop/ece385/ECE385/lab7_2/try5_sdk/sfjknsfdsfdsfd/_ide/bitstream/mb_usb_hdmi_top.bit"
06:14:01 INFO  : Context for processor 'microblaze_0' is selected.
06:14:01 INFO  : Hardware design and registers information is loaded from 'C:/Users/realk/Desktop/ece385/ECE385/lab7_2/try5_sdk/mb_usb_hdmi_top/export/mb_usb_hdmi_top/hw/mb_usb_hdmi_top.xsa'.
06:14:01 INFO  : 'configparams mdm-detect-bscan-mask 2' command is executed.
06:14:01 INFO  : Context for processor 'microblaze_0' is selected.
06:14:01 INFO  : System reset is completed.
06:14:04 INFO  : 'after 3000' command is executed.
06:14:04 INFO  : Context for processor 'microblaze_0' is selected.
06:14:05 INFO  : The application 'C:/Users/realk/Desktop/ece385/ECE385/lab7_2/try5_sdk/sfjknsfdsfdsfd/Debug/sfjknsfdsfdsfd.elf' is downloaded to processor 'microblaze_0'.
06:14:05 INFO  : ----------------XSDB Script----------------
connect -url tcp:127.0.0.1:3121
targets -set -filter {jtag_cable_name =~ "RealDigital Boo 887100000006A" && level==0 && jtag_device_ctx=="jsn1-0362f093-0"}
fpga -file C:/Users/realk/Desktop/ece385/ECE385/lab7_2/try5_sdk/sfjknsfdsfdsfd/_ide/bitstream/mb_usb_hdmi_top.bit
targets -set -nocase -filter {name =~ "*microblaze*#0" && bscan=="USER2" }
loadhw -hw C:/Users/realk/Desktop/ece385/ECE385/lab7_2/try5_sdk/mb_usb_hdmi_top/export/mb_usb_hdmi_top/hw/mb_usb_hdmi_top.xsa -regs
configparams mdm-detect-bscan-mask 2
targets -set -nocase -filter {name =~ "*microblaze*#0" && bscan=="USER2" }
rst -system
after 3000
targets -set -nocase -filter {name =~ "*microblaze*#0" && bscan=="USER2" }
dow C:/Users/realk/Desktop/ece385/ECE385/lab7_2/try5_sdk/sfjknsfdsfdsfd/Debug/sfjknsfdsfdsfd.elf
----------------End of Script----------------

06:14:05 INFO  : Context for processor 'microblaze_0' is selected.
06:14:05 INFO  : 'con' command is executed.
06:14:05 INFO  : ----------------XSDB Script (After Launch)----------------
targets -set -nocase -filter {name =~ "*microblaze*#0" && bscan=="USER2" }
con
----------------End of Script----------------

06:14:05 INFO  : Disconnected from the channel tcfchan#47.
06:36:29 INFO  : Hardware specification for platform project 'mb_usb_hdmi_top' is updated.
06:36:37 INFO  : Result from executing command 'removePlatformRepo': 
06:36:58 INFO  : Result from executing command 'getProjects': mb_usb_hdmi_top
06:36:58 INFO  : Result from executing command 'getPlatforms': xilinx_vck190_base_202220_1|C:/Xilinx/Vitis/2022.2/base_platforms/xilinx_vck190_base_202220_1/xilinx_vck190_base_202220_1.xpfm;xilinx_vck190_base_dfx_202220_1|C:/Xilinx/Vitis/2022.2/base_platforms/xilinx_vck190_base_dfx_202220_1/xilinx_vck190_base_dfx_202220_1.xpfm;xilinx_vmk180_base_202220_1|C:/Xilinx/Vitis/2022.2/base_platforms/xilinx_vmk180_base_202220_1/xilinx_vmk180_base_202220_1.xpfm;xilinx_zcu102_base_202220_1|C:/Xilinx/Vitis/2022.2/base_platforms/xilinx_zcu102_base_202220_1/xilinx_zcu102_base_202220_1.xpfm;xilinx_zcu102_base_dfx_202220_1|C:/Xilinx/Vitis/2022.2/base_platforms/xilinx_zcu102_base_dfx_202220_1/xilinx_zcu102_base_dfx_202220_1.xpfm;xilinx_zcu104_base_202220_1|C:/Xilinx/Vitis/2022.2/base_platforms/xilinx_zcu104_base_202220_1/xilinx_zcu104_base_202220_1.xpfm
06:36:59 INFO  : Checking for BSP changes to sync application flags for project 'sfjknsfdsfdsfd'...
06:37:01 INFO  : The hardware specification used by project 'sfjknsfdsfdsfd' is out of sync with the platform. Resource files extracted from the hardware specification will be updated.
06:37:01 INFO  : The file 'C:\Users\realk\Desktop\ece385\ECE385\lab7_2\try5_sdk\sfjknsfdsfdsfd\_ide\bitstream\mb_usb_hdmi_top.bit' stored in project is removed.
06:37:01 INFO  : The file 'C:\Users\realk\Desktop\ece385\ECE385\lab7_2\try5_sdk\sfjknsfdsfdsfd\_ide\bitstream\mb_usb_hdmi_top.mmi' stored in project is removed.
06:37:01 INFO  : The updated bitstream files are copied from platform to folder 'C:\Users\realk\Desktop\ece385\ECE385\lab7_2\try5_sdk\sfjknsfdsfdsfd\_ide\bitstream' in project 'sfjknsfdsfdsfd'.
06:37:06 INFO  : Connected to target on host '127.0.0.1' and port '3121'.
06:37:07 INFO  : Jtag cable 'RealDigital Boo 887100000006A' is selected.
06:37:07 INFO  : 'jtag frequency' command is executed.
06:37:07 INFO  : 'targets -set -filter {jtag_cable_name =~ "RealDigital Boo 887100000006A" && level==0 && jtag_device_ctx=="jsn1-0362f093-0"}' command is executed.
06:37:08 INFO  : Device configured successfully with "C:/Users/realk/Desktop/ece385/ECE385/lab7_2/try5_sdk/sfjknsfdsfdsfd/_ide/bitstream/mb_usb_hdmi_top.bit"
06:37:08 INFO  : Context for processor 'microblaze_0' is selected.
06:37:08 INFO  : Hardware design and registers information is loaded from 'C:/Users/realk/Desktop/ece385/ECE385/lab7_2/try5_sdk/mb_usb_hdmi_top/export/mb_usb_hdmi_top/hw/mb_usb_hdmi_top.xsa'.
06:37:08 INFO  : 'configparams mdm-detect-bscan-mask 2' command is executed.
06:37:08 INFO  : Context for processor 'microblaze_0' is selected.
06:37:08 INFO  : System reset is completed.
06:37:11 INFO  : 'after 3000' command is executed.
06:37:11 INFO  : Context for processor 'microblaze_0' is selected.
06:37:11 INFO  : The application 'C:/Users/realk/Desktop/ece385/ECE385/lab7_2/try5_sdk/sfjknsfdsfdsfd/Debug/sfjknsfdsfdsfd.elf' is downloaded to processor 'microblaze_0'.
06:37:11 INFO  : ----------------XSDB Script----------------
connect -url tcp:127.0.0.1:3121
targets -set -filter {jtag_cable_name =~ "RealDigital Boo 887100000006A" && level==0 && jtag_device_ctx=="jsn1-0362f093-0"}
fpga -file C:/Users/realk/Desktop/ece385/ECE385/lab7_2/try5_sdk/sfjknsfdsfdsfd/_ide/bitstream/mb_usb_hdmi_top.bit
targets -set -nocase -filter {name =~ "*microblaze*#0" && bscan=="USER2" }
loadhw -hw C:/Users/realk/Desktop/ece385/ECE385/lab7_2/try5_sdk/mb_usb_hdmi_top/export/mb_usb_hdmi_top/hw/mb_usb_hdmi_top.xsa -regs
configparams mdm-detect-bscan-mask 2
targets -set -nocase -filter {name =~ "*microblaze*#0" && bscan=="USER2" }
rst -system
after 3000
targets -set -nocase -filter {name =~ "*microblaze*#0" && bscan=="USER2" }
dow C:/Users/realk/Desktop/ece385/ECE385/lab7_2/try5_sdk/sfjknsfdsfdsfd/Debug/sfjknsfdsfdsfd.elf
----------------End of Script----------------

06:37:11 INFO  : Context for processor 'microblaze_0' is selected.
06:37:11 INFO  : 'con' command is executed.
06:37:11 INFO  : ----------------XSDB Script (After Launch)----------------
targets -set -nocase -filter {name =~ "*microblaze*#0" && bscan=="USER2" }
con
----------------End of Script----------------

06:37:11 INFO  : Disconnected from the channel tcfchan#50.
06:37:42 INFO  : Checking for BSP changes to sync application flags for project 'sfjknsfdsfdsfd'...
06:37:48 INFO  : Connected to target on host '127.0.0.1' and port '3121'.
06:37:48 INFO  : Jtag cable 'RealDigital Boo 887100000006A' is selected.
06:37:48 INFO  : 'jtag frequency' command is executed.
06:37:48 INFO  : 'targets -set -filter {jtag_cable_name =~ "RealDigital Boo 887100000006A" && level==0 && jtag_device_ctx=="jsn1-0362f093-0"}' command is executed.
06:37:50 INFO  : Device configured successfully with "C:/Users/realk/Desktop/ece385/ECE385/lab7_2/try5_sdk/sfjknsfdsfdsfd/_ide/bitstream/mb_usb_hdmi_top.bit"
06:37:50 INFO  : Context for processor 'microblaze_0' is selected.
06:37:50 INFO  : Hardware design and registers information is loaded from 'C:/Users/realk/Desktop/ece385/ECE385/lab7_2/try5_sdk/mb_usb_hdmi_top/export/mb_usb_hdmi_top/hw/mb_usb_hdmi_top.xsa'.
06:37:50 INFO  : 'configparams mdm-detect-bscan-mask 2' command is executed.
06:37:50 INFO  : Context for processor 'microblaze_0' is selected.
06:37:50 INFO  : System reset is completed.
06:37:53 INFO  : 'after 3000' command is executed.
06:37:53 INFO  : Context for processor 'microblaze_0' is selected.
06:37:53 INFO  : The application 'C:/Users/realk/Desktop/ece385/ECE385/lab7_2/try5_sdk/sfjknsfdsfdsfd/Debug/sfjknsfdsfdsfd.elf' is downloaded to processor 'microblaze_0'.
06:37:53 INFO  : ----------------XSDB Script----------------
connect -url tcp:127.0.0.1:3121
targets -set -filter {jtag_cable_name =~ "RealDigital Boo 887100000006A" && level==0 && jtag_device_ctx=="jsn1-0362f093-0"}
fpga -file C:/Users/realk/Desktop/ece385/ECE385/lab7_2/try5_sdk/sfjknsfdsfdsfd/_ide/bitstream/mb_usb_hdmi_top.bit
targets -set -nocase -filter {name =~ "*microblaze*#0" && bscan=="USER2" }
loadhw -hw C:/Users/realk/Desktop/ece385/ECE385/lab7_2/try5_sdk/mb_usb_hdmi_top/export/mb_usb_hdmi_top/hw/mb_usb_hdmi_top.xsa -regs
configparams mdm-detect-bscan-mask 2
targets -set -nocase -filter {name =~ "*microblaze*#0" && bscan=="USER2" }
rst -system
after 3000
targets -set -nocase -filter {name =~ "*microblaze*#0" && bscan=="USER2" }
dow C:/Users/realk/Desktop/ece385/ECE385/lab7_2/try5_sdk/sfjknsfdsfdsfd/Debug/sfjknsfdsfdsfd.elf
----------------End of Script----------------

06:37:53 INFO  : Context for processor 'microblaze_0' is selected.
06:37:53 INFO  : 'con' command is executed.
06:37:53 INFO  : ----------------XSDB Script (After Launch)----------------
targets -set -nocase -filter {name =~ "*microblaze*#0" && bscan=="USER2" }
con
----------------End of Script----------------

06:37:53 INFO  : Disconnected from the channel tcfchan#51.
06:45:56 INFO  : Hardware specification for platform project 'mb_usb_hdmi_top' is updated.
06:46:03 INFO  : Result from executing command 'removePlatformRepo': 
06:46:16 INFO  : Result from executing command 'getProjects': mb_usb_hdmi_top
06:46:16 INFO  : Result from executing command 'getPlatforms': xilinx_vck190_base_202220_1|C:/Xilinx/Vitis/2022.2/base_platforms/xilinx_vck190_base_202220_1/xilinx_vck190_base_202220_1.xpfm;xilinx_vck190_base_dfx_202220_1|C:/Xilinx/Vitis/2022.2/base_platforms/xilinx_vck190_base_dfx_202220_1/xilinx_vck190_base_dfx_202220_1.xpfm;xilinx_vmk180_base_202220_1|C:/Xilinx/Vitis/2022.2/base_platforms/xilinx_vmk180_base_202220_1/xilinx_vmk180_base_202220_1.xpfm;xilinx_zcu102_base_202220_1|C:/Xilinx/Vitis/2022.2/base_platforms/xilinx_zcu102_base_202220_1/xilinx_zcu102_base_202220_1.xpfm;xilinx_zcu102_base_dfx_202220_1|C:/Xilinx/Vitis/2022.2/base_platforms/xilinx_zcu102_base_dfx_202220_1/xilinx_zcu102_base_dfx_202220_1.xpfm;xilinx_zcu104_base_202220_1|C:/Xilinx/Vitis/2022.2/base_platforms/xilinx_zcu104_base_202220_1/xilinx_zcu104_base_202220_1.xpfm
06:46:17 INFO  : Checking for BSP changes to sync application flags for project 'sfjknsfdsfdsfd'...
06:46:19 INFO  : The hardware specification used by project 'sfjknsfdsfdsfd' is out of sync with the platform. Resource files extracted from the hardware specification will be updated.
06:46:19 INFO  : The file 'C:\Users\realk\Desktop\ece385\ECE385\lab7_2\try5_sdk\sfjknsfdsfdsfd\_ide\bitstream\mb_usb_hdmi_top.bit' stored in project is removed.
06:46:19 INFO  : The file 'C:\Users\realk\Desktop\ece385\ECE385\lab7_2\try5_sdk\sfjknsfdsfdsfd\_ide\bitstream\mb_usb_hdmi_top.mmi' stored in project is removed.
06:46:19 INFO  : The updated bitstream files are copied from platform to folder 'C:\Users\realk\Desktop\ece385\ECE385\lab7_2\try5_sdk\sfjknsfdsfdsfd\_ide\bitstream' in project 'sfjknsfdsfdsfd'.
06:46:23 INFO  : Connected to target on host '127.0.0.1' and port '3121'.
06:46:23 INFO  : Jtag cable 'RealDigital Boo 887100000006A' is selected.
06:46:23 INFO  : 'jtag frequency' command is executed.
06:46:23 INFO  : 'targets -set -filter {jtag_cable_name =~ "RealDigital Boo 887100000006A" && level==0 && jtag_device_ctx=="jsn1-0362f093-0"}' command is executed.
06:46:24 INFO  : Device configured successfully with "C:/Users/realk/Desktop/ece385/ECE385/lab7_2/try5_sdk/sfjknsfdsfdsfd/_ide/bitstream/mb_usb_hdmi_top.bit"
06:46:24 INFO  : Context for processor 'microblaze_0' is selected.
06:46:24 INFO  : Hardware design and registers information is loaded from 'C:/Users/realk/Desktop/ece385/ECE385/lab7_2/try5_sdk/mb_usb_hdmi_top/export/mb_usb_hdmi_top/hw/mb_usb_hdmi_top.xsa'.
06:46:24 INFO  : 'configparams mdm-detect-bscan-mask 2' command is executed.
06:46:24 INFO  : Context for processor 'microblaze_0' is selected.
06:46:24 INFO  : System reset is completed.
06:46:27 INFO  : 'after 3000' command is executed.
06:46:27 INFO  : Context for processor 'microblaze_0' is selected.
06:46:28 INFO  : The application 'C:/Users/realk/Desktop/ece385/ECE385/lab7_2/try5_sdk/sfjknsfdsfdsfd/Debug/sfjknsfdsfdsfd.elf' is downloaded to processor 'microblaze_0'.
06:46:28 INFO  : ----------------XSDB Script----------------
connect -url tcp:127.0.0.1:3121
targets -set -filter {jtag_cable_name =~ "RealDigital Boo 887100000006A" && level==0 && jtag_device_ctx=="jsn1-0362f093-0"}
fpga -file C:/Users/realk/Desktop/ece385/ECE385/lab7_2/try5_sdk/sfjknsfdsfdsfd/_ide/bitstream/mb_usb_hdmi_top.bit
targets -set -nocase -filter {name =~ "*microblaze*#0" && bscan=="USER2" }
loadhw -hw C:/Users/realk/Desktop/ece385/ECE385/lab7_2/try5_sdk/mb_usb_hdmi_top/export/mb_usb_hdmi_top/hw/mb_usb_hdmi_top.xsa -regs
configparams mdm-detect-bscan-mask 2
targets -set -nocase -filter {name =~ "*microblaze*#0" && bscan=="USER2" }
rst -system
after 3000
targets -set -nocase -filter {name =~ "*microblaze*#0" && bscan=="USER2" }
dow C:/Users/realk/Desktop/ece385/ECE385/lab7_2/try5_sdk/sfjknsfdsfdsfd/Debug/sfjknsfdsfdsfd.elf
----------------End of Script----------------

06:46:28 INFO  : Context for processor 'microblaze_0' is selected.
06:46:28 INFO  : 'con' command is executed.
06:46:28 INFO  : ----------------XSDB Script (After Launch)----------------
targets -set -nocase -filter {name =~ "*microblaze*#0" && bscan=="USER2" }
con
----------------End of Script----------------

06:46:28 INFO  : Disconnected from the channel tcfchan#54.
07:02:27 INFO  : Hardware specification for platform project 'mb_usb_hdmi_top' is updated.
07:02:35 INFO  : Result from executing command 'removePlatformRepo': 
07:02:41 ERROR : Invalid hardware specification '${sdxTcfLaunchFile:project=sfjknsfdsfdsfd;fileType=hw;}' in launch configuration 'Debugger_sfjknsfdsfdsfd-GDB'.
07:02:51 INFO  : Result from executing command 'getProjects': mb_usb_hdmi_top
07:02:51 INFO  : Result from executing command 'getPlatforms': xilinx_vck190_base_202220_1|C:/Xilinx/Vitis/2022.2/base_platforms/xilinx_vck190_base_202220_1/xilinx_vck190_base_202220_1.xpfm;xilinx_vck190_base_dfx_202220_1|C:/Xilinx/Vitis/2022.2/base_platforms/xilinx_vck190_base_dfx_202220_1/xilinx_vck190_base_dfx_202220_1.xpfm;xilinx_vmk180_base_202220_1|C:/Xilinx/Vitis/2022.2/base_platforms/xilinx_vmk180_base_202220_1/xilinx_vmk180_base_202220_1.xpfm;xilinx_zcu102_base_202220_1|C:/Xilinx/Vitis/2022.2/base_platforms/xilinx_zcu102_base_202220_1/xilinx_zcu102_base_202220_1.xpfm;xilinx_zcu102_base_dfx_202220_1|C:/Xilinx/Vitis/2022.2/base_platforms/xilinx_zcu102_base_dfx_202220_1/xilinx_zcu102_base_dfx_202220_1.xpfm;xilinx_zcu104_base_202220_1|C:/Xilinx/Vitis/2022.2/base_platforms/xilinx_zcu104_base_202220_1/xilinx_zcu104_base_202220_1.xpfm
07:02:52 INFO  : Checking for BSP changes to sync application flags for project 'sfjknsfdsfdsfd'...
07:02:53 INFO  : The hardware specification used by project 'sfjknsfdsfdsfd' is out of sync with the platform. Resource files extracted from the hardware specification will be updated.
07:02:53 INFO  : The file 'C:\Users\realk\Desktop\ece385\ECE385\lab7_2\try5_sdk\sfjknsfdsfdsfd\_ide\bitstream\mb_usb_hdmi_top.bit' stored in project is removed.
07:02:53 INFO  : The file 'C:\Users\realk\Desktop\ece385\ECE385\lab7_2\try5_sdk\sfjknsfdsfdsfd\_ide\bitstream\mb_usb_hdmi_top.mmi' stored in project is removed.
07:02:53 INFO  : The updated bitstream files are copied from platform to folder 'C:\Users\realk\Desktop\ece385\ECE385\lab7_2\try5_sdk\sfjknsfdsfdsfd\_ide\bitstream' in project 'sfjknsfdsfdsfd'.
07:02:58 INFO  : Connected to target on host '127.0.0.1' and port '3121'.
07:02:58 INFO  : Jtag cable 'RealDigital Boo 887100000006A' is selected.
07:02:58 INFO  : 'jtag frequency' command is executed.
07:02:58 INFO  : 'targets -set -filter {jtag_cable_name =~ "RealDigital Boo 887100000006A" && level==0 && jtag_device_ctx=="jsn1-0362f093-0"}' command is executed.
07:02:59 INFO  : Device configured successfully with "C:/Users/realk/Desktop/ece385/ECE385/lab7_2/try5_sdk/sfjknsfdsfdsfd/_ide/bitstream/mb_usb_hdmi_top.bit"
07:02:59 INFO  : Context for processor 'microblaze_0' is selected.
07:02:59 INFO  : Hardware design and registers information is loaded from 'C:/Users/realk/Desktop/ece385/ECE385/lab7_2/try5_sdk/mb_usb_hdmi_top/export/mb_usb_hdmi_top/hw/mb_usb_hdmi_top.xsa'.
07:02:59 INFO  : 'configparams mdm-detect-bscan-mask 2' command is executed.
07:02:59 INFO  : Context for processor 'microblaze_0' is selected.
07:02:59 INFO  : System reset is completed.
07:03:02 INFO  : 'after 3000' command is executed.
07:03:02 INFO  : Context for processor 'microblaze_0' is selected.
07:03:03 INFO  : The application 'C:/Users/realk/Desktop/ece385/ECE385/lab7_2/try5_sdk/sfjknsfdsfdsfd/Debug/sfjknsfdsfdsfd.elf' is downloaded to processor 'microblaze_0'.
07:03:03 INFO  : ----------------XSDB Script----------------
connect -url tcp:127.0.0.1:3121
targets -set -filter {jtag_cable_name =~ "RealDigital Boo 887100000006A" && level==0 && jtag_device_ctx=="jsn1-0362f093-0"}
fpga -file C:/Users/realk/Desktop/ece385/ECE385/lab7_2/try5_sdk/sfjknsfdsfdsfd/_ide/bitstream/mb_usb_hdmi_top.bit
targets -set -nocase -filter {name =~ "*microblaze*#0" && bscan=="USER2" }
loadhw -hw C:/Users/realk/Desktop/ece385/ECE385/lab7_2/try5_sdk/mb_usb_hdmi_top/export/mb_usb_hdmi_top/hw/mb_usb_hdmi_top.xsa -regs
configparams mdm-detect-bscan-mask 2
targets -set -nocase -filter {name =~ "*microblaze*#0" && bscan=="USER2" }
rst -system
after 3000
targets -set -nocase -filter {name =~ "*microblaze*#0" && bscan=="USER2" }
dow C:/Users/realk/Desktop/ece385/ECE385/lab7_2/try5_sdk/sfjknsfdsfdsfd/Debug/sfjknsfdsfdsfd.elf
----------------End of Script----------------

07:03:03 INFO  : Context for processor 'microblaze_0' is selected.
07:03:03 INFO  : 'con' command is executed.
07:03:03 INFO  : ----------------XSDB Script (After Launch)----------------
targets -set -nocase -filter {name =~ "*microblaze*#0" && bscan=="USER2" }
con
----------------End of Script----------------

07:03:03 INFO  : Disconnected from the channel tcfchan#57.
07:03:25 INFO  : Checking for BSP changes to sync application flags for project 'sfjknsfdsfdsfd'...
07:03:43 INFO  : Connected to target on host '127.0.0.1' and port '3121'.
07:03:43 INFO  : Jtag cable 'RealDigital Boo 887100000006A' is selected.
07:03:43 INFO  : 'jtag frequency' command is executed.
07:03:44 INFO  : 'targets -set -filter {jtag_cable_name =~ "RealDigital Boo 887100000006A" && level==0 && jtag_device_ctx=="jsn1-0362f093-0"}' command is executed.
07:03:45 INFO  : Device configured successfully with "C:/Users/realk/Desktop/ece385/ECE385/lab7_2/try5_sdk/sfjknsfdsfdsfd/_ide/bitstream/mb_usb_hdmi_top.bit"
07:03:45 INFO  : Context for processor 'microblaze_0' is selected.
07:03:45 INFO  : Hardware design and registers information is loaded from 'C:/Users/realk/Desktop/ece385/ECE385/lab7_2/try5_sdk/mb_usb_hdmi_top/export/mb_usb_hdmi_top/hw/mb_usb_hdmi_top.xsa'.
07:03:45 INFO  : 'configparams mdm-detect-bscan-mask 2' command is executed.
07:03:45 INFO  : Context for processor 'microblaze_0' is selected.
07:03:45 INFO  : System reset is completed.
07:03:48 INFO  : 'after 3000' command is executed.
07:03:48 INFO  : Context for processor 'microblaze_0' is selected.
07:03:48 INFO  : The application 'C:/Users/realk/Desktop/ece385/ECE385/lab7_2/try5_sdk/sfjknsfdsfdsfd/Debug/sfjknsfdsfdsfd.elf' is downloaded to processor 'microblaze_0'.
07:03:48 INFO  : ----------------XSDB Script----------------
connect -url tcp:127.0.0.1:3121
targets -set -filter {jtag_cable_name =~ "RealDigital Boo 887100000006A" && level==0 && jtag_device_ctx=="jsn1-0362f093-0"}
fpga -file C:/Users/realk/Desktop/ece385/ECE385/lab7_2/try5_sdk/sfjknsfdsfdsfd/_ide/bitstream/mb_usb_hdmi_top.bit
targets -set -nocase -filter {name =~ "*microblaze*#0" && bscan=="USER2" }
loadhw -hw C:/Users/realk/Desktop/ece385/ECE385/lab7_2/try5_sdk/mb_usb_hdmi_top/export/mb_usb_hdmi_top/hw/mb_usb_hdmi_top.xsa -regs
configparams mdm-detect-bscan-mask 2
targets -set -nocase -filter {name =~ "*microblaze*#0" && bscan=="USER2" }
rst -system
after 3000
targets -set -nocase -filter {name =~ "*microblaze*#0" && bscan=="USER2" }
dow C:/Users/realk/Desktop/ece385/ECE385/lab7_2/try5_sdk/sfjknsfdsfdsfd/Debug/sfjknsfdsfdsfd.elf
----------------End of Script----------------

07:03:48 INFO  : Context for processor 'microblaze_0' is selected.
07:03:48 INFO  : 'con' command is executed.
07:03:48 INFO  : ----------------XSDB Script (After Launch)----------------
targets -set -nocase -filter {name =~ "*microblaze*#0" && bscan=="USER2" }
con
----------------End of Script----------------

07:03:48 INFO  : Disconnected from the channel tcfchan#58.
07:40:18 INFO  : Hardware specification for platform project 'mb_usb_hdmi_top' is updated.
07:40:26 INFO  : Result from executing command 'removePlatformRepo': 
07:40:35 INFO  : Result from executing command 'getProjects': mb_usb_hdmi_top
07:40:35 INFO  : Result from executing command 'getPlatforms': xilinx_vck190_base_202220_1|C:/Xilinx/Vitis/2022.2/base_platforms/xilinx_vck190_base_202220_1/xilinx_vck190_base_202220_1.xpfm;xilinx_vck190_base_dfx_202220_1|C:/Xilinx/Vitis/2022.2/base_platforms/xilinx_vck190_base_dfx_202220_1/xilinx_vck190_base_dfx_202220_1.xpfm;xilinx_vmk180_base_202220_1|C:/Xilinx/Vitis/2022.2/base_platforms/xilinx_vmk180_base_202220_1/xilinx_vmk180_base_202220_1.xpfm;xilinx_zcu102_base_202220_1|C:/Xilinx/Vitis/2022.2/base_platforms/xilinx_zcu102_base_202220_1/xilinx_zcu102_base_202220_1.xpfm;xilinx_zcu102_base_dfx_202220_1|C:/Xilinx/Vitis/2022.2/base_platforms/xilinx_zcu102_base_dfx_202220_1/xilinx_zcu102_base_dfx_202220_1.xpfm;xilinx_zcu104_base_202220_1|C:/Xilinx/Vitis/2022.2/base_platforms/xilinx_zcu104_base_202220_1/xilinx_zcu104_base_202220_1.xpfm
07:40:37 INFO  : Checking for BSP changes to sync application flags for project 'sfjknsfdsfdsfd'...
07:40:39 INFO  : The hardware specification used by project 'sfjknsfdsfdsfd' is out of sync with the platform. Resource files extracted from the hardware specification will be updated.
07:40:39 INFO  : The file 'C:\Users\realk\Desktop\ece385\ECE385\lab7_2\try5_sdk\sfjknsfdsfdsfd\_ide\bitstream\mb_usb_hdmi_top.bit' stored in project is removed.
07:40:39 INFO  : The file 'C:\Users\realk\Desktop\ece385\ECE385\lab7_2\try5_sdk\sfjknsfdsfdsfd\_ide\bitstream\mb_usb_hdmi_top.mmi' stored in project is removed.
07:40:39 INFO  : The updated bitstream files are copied from platform to folder 'C:\Users\realk\Desktop\ece385\ECE385\lab7_2\try5_sdk\sfjknsfdsfdsfd\_ide\bitstream' in project 'sfjknsfdsfdsfd'.
07:40:43 INFO  : Connected to target on host '127.0.0.1' and port '3121'.
07:40:43 INFO  : Jtag cable 'RealDigital Boo 887100000006A' is selected.
07:40:43 INFO  : 'jtag frequency' command is executed.
07:40:43 INFO  : 'targets -set -filter {jtag_cable_name =~ "RealDigital Boo 887100000006A" && level==0 && jtag_device_ctx=="jsn1-0362f093-0"}' command is executed.
07:40:45 INFO  : Device configured successfully with "C:/Users/realk/Desktop/ece385/ECE385/lab7_2/try5_sdk/sfjknsfdsfdsfd/_ide/bitstream/mb_usb_hdmi_top.bit"
07:40:45 INFO  : Context for processor 'microblaze_0' is selected.
07:40:45 INFO  : Hardware design and registers information is loaded from 'C:/Users/realk/Desktop/ece385/ECE385/lab7_2/try5_sdk/mb_usb_hdmi_top/export/mb_usb_hdmi_top/hw/mb_usb_hdmi_top.xsa'.
07:40:45 INFO  : 'configparams mdm-detect-bscan-mask 2' command is executed.
07:40:45 INFO  : Context for processor 'microblaze_0' is selected.
07:40:45 INFO  : System reset is completed.
07:40:48 INFO  : 'after 3000' command is executed.
07:40:48 INFO  : Context for processor 'microblaze_0' is selected.
07:40:48 INFO  : The application 'C:/Users/realk/Desktop/ece385/ECE385/lab7_2/try5_sdk/sfjknsfdsfdsfd/Debug/sfjknsfdsfdsfd.elf' is downloaded to processor 'microblaze_0'.
07:40:48 INFO  : ----------------XSDB Script----------------
connect -url tcp:127.0.0.1:3121
targets -set -filter {jtag_cable_name =~ "RealDigital Boo 887100000006A" && level==0 && jtag_device_ctx=="jsn1-0362f093-0"}
fpga -file C:/Users/realk/Desktop/ece385/ECE385/lab7_2/try5_sdk/sfjknsfdsfdsfd/_ide/bitstream/mb_usb_hdmi_top.bit
targets -set -nocase -filter {name =~ "*microblaze*#0" && bscan=="USER2" }
loadhw -hw C:/Users/realk/Desktop/ece385/ECE385/lab7_2/try5_sdk/mb_usb_hdmi_top/export/mb_usb_hdmi_top/hw/mb_usb_hdmi_top.xsa -regs
configparams mdm-detect-bscan-mask 2
targets -set -nocase -filter {name =~ "*microblaze*#0" && bscan=="USER2" }
rst -system
after 3000
targets -set -nocase -filter {name =~ "*microblaze*#0" && bscan=="USER2" }
dow C:/Users/realk/Desktop/ece385/ECE385/lab7_2/try5_sdk/sfjknsfdsfdsfd/Debug/sfjknsfdsfdsfd.elf
----------------End of Script----------------

07:40:48 INFO  : Context for processor 'microblaze_0' is selected.
07:40:48 INFO  : 'con' command is executed.
07:40:48 INFO  : ----------------XSDB Script (After Launch)----------------
targets -set -nocase -filter {name =~ "*microblaze*#0" && bscan=="USER2" }
con
----------------End of Script----------------

07:40:48 INFO  : Disconnected from the channel tcfchan#61.
07:41:43 INFO  : Checking for BSP changes to sync application flags for project 'sfjknsfdsfdsfd'...
07:41:49 INFO  : Connected to target on host '127.0.0.1' and port '3121'.
07:41:49 INFO  : Jtag cable 'RealDigital Boo 887100000006A' is selected.
07:41:49 INFO  : 'jtag frequency' command is executed.
07:41:49 INFO  : 'targets -set -filter {jtag_cable_name =~ "RealDigital Boo 887100000006A" && level==0 && jtag_device_ctx=="jsn1-0362f093-0"}' command is executed.
07:41:51 INFO  : Device configured successfully with "C:/Users/realk/Desktop/ece385/ECE385/lab7_2/try5_sdk/sfjknsfdsfdsfd/_ide/bitstream/mb_usb_hdmi_top.bit"
07:41:51 INFO  : Context for processor 'microblaze_0' is selected.
07:41:51 INFO  : Hardware design and registers information is loaded from 'C:/Users/realk/Desktop/ece385/ECE385/lab7_2/try5_sdk/mb_usb_hdmi_top/export/mb_usb_hdmi_top/hw/mb_usb_hdmi_top.xsa'.
07:41:51 INFO  : 'configparams mdm-detect-bscan-mask 2' command is executed.
07:41:51 INFO  : Context for processor 'microblaze_0' is selected.
07:41:51 INFO  : System reset is completed.
07:41:54 INFO  : 'after 3000' command is executed.
07:41:54 INFO  : Context for processor 'microblaze_0' is selected.
07:41:54 INFO  : The application 'C:/Users/realk/Desktop/ece385/ECE385/lab7_2/try5_sdk/sfjknsfdsfdsfd/Debug/sfjknsfdsfdsfd.elf' is downloaded to processor 'microblaze_0'.
07:41:54 INFO  : ----------------XSDB Script----------------
connect -url tcp:127.0.0.1:3121
targets -set -filter {jtag_cable_name =~ "RealDigital Boo 887100000006A" && level==0 && jtag_device_ctx=="jsn1-0362f093-0"}
fpga -file C:/Users/realk/Desktop/ece385/ECE385/lab7_2/try5_sdk/sfjknsfdsfdsfd/_ide/bitstream/mb_usb_hdmi_top.bit
targets -set -nocase -filter {name =~ "*microblaze*#0" && bscan=="USER2" }
loadhw -hw C:/Users/realk/Desktop/ece385/ECE385/lab7_2/try5_sdk/mb_usb_hdmi_top/export/mb_usb_hdmi_top/hw/mb_usb_hdmi_top.xsa -regs
configparams mdm-detect-bscan-mask 2
targets -set -nocase -filter {name =~ "*microblaze*#0" && bscan=="USER2" }
rst -system
after 3000
targets -set -nocase -filter {name =~ "*microblaze*#0" && bscan=="USER2" }
dow C:/Users/realk/Desktop/ece385/ECE385/lab7_2/try5_sdk/sfjknsfdsfdsfd/Debug/sfjknsfdsfdsfd.elf
----------------End of Script----------------

07:41:54 INFO  : Context for processor 'microblaze_0' is selected.
07:41:54 INFO  : 'con' command is executed.
07:41:54 INFO  : ----------------XSDB Script (After Launch)----------------
targets -set -nocase -filter {name =~ "*microblaze*#0" && bscan=="USER2" }
con
----------------End of Script----------------

07:41:54 INFO  : Disconnected from the channel tcfchan#62.
07:43:35 INFO  : Checking for BSP changes to sync application flags for project 'sfjknsfdsfdsfd'...
07:43:41 INFO  : Connected to target on host '127.0.0.1' and port '3121'.
07:43:41 INFO  : Jtag cable 'RealDigital Boo 887100000006A' is selected.
07:43:41 INFO  : 'jtag frequency' command is executed.
07:43:41 INFO  : 'targets -set -filter {jtag_cable_name =~ "RealDigital Boo 887100000006A" && level==0 && jtag_device_ctx=="jsn1-0362f093-0"}' command is executed.
07:43:43 INFO  : Device configured successfully with "C:/Users/realk/Desktop/ece385/ECE385/lab7_2/try5_sdk/sfjknsfdsfdsfd/_ide/bitstream/mb_usb_hdmi_top.bit"
07:43:43 INFO  : Context for processor 'microblaze_0' is selected.
07:43:43 INFO  : Hardware design and registers information is loaded from 'C:/Users/realk/Desktop/ece385/ECE385/lab7_2/try5_sdk/mb_usb_hdmi_top/export/mb_usb_hdmi_top/hw/mb_usb_hdmi_top.xsa'.
07:43:43 INFO  : 'configparams mdm-detect-bscan-mask 2' command is executed.
07:43:43 INFO  : Context for processor 'microblaze_0' is selected.
07:43:43 INFO  : System reset is completed.
07:43:46 INFO  : 'after 3000' command is executed.
07:43:46 INFO  : Context for processor 'microblaze_0' is selected.
07:43:46 INFO  : The application 'C:/Users/realk/Desktop/ece385/ECE385/lab7_2/try5_sdk/sfjknsfdsfdsfd/Debug/sfjknsfdsfdsfd.elf' is downloaded to processor 'microblaze_0'.
07:43:46 INFO  : ----------------XSDB Script----------------
connect -url tcp:127.0.0.1:3121
targets -set -filter {jtag_cable_name =~ "RealDigital Boo 887100000006A" && level==0 && jtag_device_ctx=="jsn1-0362f093-0"}
fpga -file C:/Users/realk/Desktop/ece385/ECE385/lab7_2/try5_sdk/sfjknsfdsfdsfd/_ide/bitstream/mb_usb_hdmi_top.bit
targets -set -nocase -filter {name =~ "*microblaze*#0" && bscan=="USER2" }
loadhw -hw C:/Users/realk/Desktop/ece385/ECE385/lab7_2/try5_sdk/mb_usb_hdmi_top/export/mb_usb_hdmi_top/hw/mb_usb_hdmi_top.xsa -regs
configparams mdm-detect-bscan-mask 2
targets -set -nocase -filter {name =~ "*microblaze*#0" && bscan=="USER2" }
rst -system
after 3000
targets -set -nocase -filter {name =~ "*microblaze*#0" && bscan=="USER2" }
dow C:/Users/realk/Desktop/ece385/ECE385/lab7_2/try5_sdk/sfjknsfdsfdsfd/Debug/sfjknsfdsfdsfd.elf
----------------End of Script----------------

07:43:46 INFO  : Context for processor 'microblaze_0' is selected.
07:43:46 INFO  : 'con' command is executed.
07:43:46 INFO  : ----------------XSDB Script (After Launch)----------------
targets -set -nocase -filter {name =~ "*microblaze*#0" && bscan=="USER2" }
con
----------------End of Script----------------

07:43:46 INFO  : Disconnected from the channel tcfchan#63.
08:06:20 INFO  : Hardware specification for platform project 'mb_usb_hdmi_top' is updated.
08:06:34 INFO  : Result from executing command 'removePlatformRepo': 
08:06:48 INFO  : Result from executing command 'getProjects': mb_usb_hdmi_top
08:06:48 INFO  : Result from executing command 'getPlatforms': xilinx_vck190_base_202220_1|C:/Xilinx/Vitis/2022.2/base_platforms/xilinx_vck190_base_202220_1/xilinx_vck190_base_202220_1.xpfm;xilinx_vck190_base_dfx_202220_1|C:/Xilinx/Vitis/2022.2/base_platforms/xilinx_vck190_base_dfx_202220_1/xilinx_vck190_base_dfx_202220_1.xpfm;xilinx_vmk180_base_202220_1|C:/Xilinx/Vitis/2022.2/base_platforms/xilinx_vmk180_base_202220_1/xilinx_vmk180_base_202220_1.xpfm;xilinx_zcu102_base_202220_1|C:/Xilinx/Vitis/2022.2/base_platforms/xilinx_zcu102_base_202220_1/xilinx_zcu102_base_202220_1.xpfm;xilinx_zcu102_base_dfx_202220_1|C:/Xilinx/Vitis/2022.2/base_platforms/xilinx_zcu102_base_dfx_202220_1/xilinx_zcu102_base_dfx_202220_1.xpfm;xilinx_zcu104_base_202220_1|C:/Xilinx/Vitis/2022.2/base_platforms/xilinx_zcu104_base_202220_1/xilinx_zcu104_base_202220_1.xpfm
08:06:49 INFO  : Checking for BSP changes to sync application flags for project 'sfjknsfdsfdsfd'...
08:06:51 INFO  : The hardware specification used by project 'sfjknsfdsfdsfd' is out of sync with the platform. Resource files extracted from the hardware specification will be updated.
08:06:51 INFO  : The file 'C:\Users\realk\Desktop\ece385\ECE385\lab7_2\try5_sdk\sfjknsfdsfdsfd\_ide\bitstream\mb_usb_hdmi_top.bit' stored in project is removed.
08:06:51 INFO  : The file 'C:\Users\realk\Desktop\ece385\ECE385\lab7_2\try5_sdk\sfjknsfdsfdsfd\_ide\bitstream\mb_usb_hdmi_top.mmi' stored in project is removed.
08:06:51 INFO  : The updated bitstream files are copied from platform to folder 'C:\Users\realk\Desktop\ece385\ECE385\lab7_2\try5_sdk\sfjknsfdsfdsfd\_ide\bitstream' in project 'sfjknsfdsfdsfd'.
08:07:03 INFO  : Connected to target on host '127.0.0.1' and port '3121'.
08:07:04 INFO  : Jtag cable 'RealDigital Boo 887100000006A' is selected.
08:07:04 INFO  : 'jtag frequency' command is executed.
08:07:04 INFO  : 'targets -set -filter {jtag_cable_name =~ "RealDigital Boo 887100000006A" && level==0 && jtag_device_ctx=="jsn1-0362f093-0"}' command is executed.
08:07:05 INFO  : Device configured successfully with "C:/Users/realk/Desktop/ece385/ECE385/lab7_2/try5_sdk/sfjknsfdsfdsfd/_ide/bitstream/mb_usb_hdmi_top.bit"
08:07:05 INFO  : Context for processor 'microblaze_0' is selected.
08:07:05 INFO  : Hardware design and registers information is loaded from 'C:/Users/realk/Desktop/ece385/ECE385/lab7_2/try5_sdk/mb_usb_hdmi_top/export/mb_usb_hdmi_top/hw/mb_usb_hdmi_top.xsa'.
08:07:05 INFO  : 'configparams mdm-detect-bscan-mask 2' command is executed.
08:07:05 INFO  : Context for processor 'microblaze_0' is selected.
08:07:05 INFO  : System reset is completed.
08:07:08 INFO  : 'after 3000' command is executed.
08:07:08 INFO  : Context for processor 'microblaze_0' is selected.
08:07:08 INFO  : The application 'C:/Users/realk/Desktop/ece385/ECE385/lab7_2/try5_sdk/sfjknsfdsfdsfd/Debug/sfjknsfdsfdsfd.elf' is downloaded to processor 'microblaze_0'.
08:07:08 INFO  : ----------------XSDB Script----------------
connect -url tcp:127.0.0.1:3121
targets -set -filter {jtag_cable_name =~ "RealDigital Boo 887100000006A" && level==0 && jtag_device_ctx=="jsn1-0362f093-0"}
fpga -file C:/Users/realk/Desktop/ece385/ECE385/lab7_2/try5_sdk/sfjknsfdsfdsfd/_ide/bitstream/mb_usb_hdmi_top.bit
targets -set -nocase -filter {name =~ "*microblaze*#0" && bscan=="USER2" }
loadhw -hw C:/Users/realk/Desktop/ece385/ECE385/lab7_2/try5_sdk/mb_usb_hdmi_top/export/mb_usb_hdmi_top/hw/mb_usb_hdmi_top.xsa -regs
configparams mdm-detect-bscan-mask 2
targets -set -nocase -filter {name =~ "*microblaze*#0" && bscan=="USER2" }
rst -system
after 3000
targets -set -nocase -filter {name =~ "*microblaze*#0" && bscan=="USER2" }
dow C:/Users/realk/Desktop/ece385/ECE385/lab7_2/try5_sdk/sfjknsfdsfdsfd/Debug/sfjknsfdsfdsfd.elf
----------------End of Script----------------

08:07:08 INFO  : Context for processor 'microblaze_0' is selected.
08:07:08 INFO  : 'con' command is executed.
08:07:08 INFO  : ----------------XSDB Script (After Launch)----------------
targets -set -nocase -filter {name =~ "*microblaze*#0" && bscan=="USER2" }
con
----------------End of Script----------------

08:07:08 INFO  : Disconnected from the channel tcfchan#66.
08:32:02 INFO  : Hardware specification for platform project 'mb_usb_hdmi_top' is updated.
08:32:12 INFO  : Result from executing command 'removePlatformRepo': 
08:32:16 ERROR : Invalid hardware specification '${sdxTcfLaunchFile:project=sfjknsfdsfdsfd;fileType=hw;}' in launch configuration 'Debugger_sfjknsfdsfdsfd-GDB'.
08:32:29 INFO  : Result from executing command 'getProjects': mb_usb_hdmi_top
08:32:29 INFO  : Result from executing command 'getPlatforms': xilinx_vck190_base_202220_1|C:/Xilinx/Vitis/2022.2/base_platforms/xilinx_vck190_base_202220_1/xilinx_vck190_base_202220_1.xpfm;xilinx_vck190_base_dfx_202220_1|C:/Xilinx/Vitis/2022.2/base_platforms/xilinx_vck190_base_dfx_202220_1/xilinx_vck190_base_dfx_202220_1.xpfm;xilinx_vmk180_base_202220_1|C:/Xilinx/Vitis/2022.2/base_platforms/xilinx_vmk180_base_202220_1/xilinx_vmk180_base_202220_1.xpfm;xilinx_zcu102_base_202220_1|C:/Xilinx/Vitis/2022.2/base_platforms/xilinx_zcu102_base_202220_1/xilinx_zcu102_base_202220_1.xpfm;xilinx_zcu102_base_dfx_202220_1|C:/Xilinx/Vitis/2022.2/base_platforms/xilinx_zcu102_base_dfx_202220_1/xilinx_zcu102_base_dfx_202220_1.xpfm;xilinx_zcu104_base_202220_1|C:/Xilinx/Vitis/2022.2/base_platforms/xilinx_zcu104_base_202220_1/xilinx_zcu104_base_202220_1.xpfm
08:32:31 INFO  : Checking for BSP changes to sync application flags for project 'sfjknsfdsfdsfd'...
08:32:34 INFO  : The hardware specification used by project 'sfjknsfdsfdsfd' is out of sync with the platform. Resource files extracted from the hardware specification will be updated.
08:32:34 INFO  : The file 'C:\Users\realk\Desktop\ece385\ECE385\lab7_2\try5_sdk\sfjknsfdsfdsfd\_ide\bitstream\mb_usb_hdmi_top.bit' stored in project is removed.
08:32:34 INFO  : The file 'C:\Users\realk\Desktop\ece385\ECE385\lab7_2\try5_sdk\sfjknsfdsfdsfd\_ide\bitstream\mb_usb_hdmi_top.mmi' stored in project is removed.
08:32:34 INFO  : The updated bitstream files are copied from platform to folder 'C:\Users\realk\Desktop\ece385\ECE385\lab7_2\try5_sdk\sfjknsfdsfdsfd\_ide\bitstream' in project 'sfjknsfdsfdsfd'.
08:32:38 INFO  : Connected to target on host '127.0.0.1' and port '3121'.
08:32:38 INFO  : Jtag cable 'RealDigital Boo 887100000006A' is selected.
08:32:38 INFO  : 'jtag frequency' command is executed.
08:32:38 INFO  : 'targets -set -filter {jtag_cable_name =~ "RealDigital Boo 887100000006A" && level==0 && jtag_device_ctx=="jsn1-0362f093-0"}' command is executed.
08:32:39 INFO  : Device configured successfully with "C:/Users/realk/Desktop/ece385/ECE385/lab7_2/try5_sdk/sfjknsfdsfdsfd/_ide/bitstream/mb_usb_hdmi_top.bit"
08:32:39 INFO  : Context for processor 'microblaze_0' is selected.
08:32:40 INFO  : Hardware design and registers information is loaded from 'C:/Users/realk/Desktop/ece385/ECE385/lab7_2/try5_sdk/mb_usb_hdmi_top/export/mb_usb_hdmi_top/hw/mb_usb_hdmi_top.xsa'.
08:32:40 INFO  : 'configparams mdm-detect-bscan-mask 2' command is executed.
08:32:40 INFO  : Context for processor 'microblaze_0' is selected.
08:32:40 INFO  : System reset is completed.
08:32:43 INFO  : 'after 3000' command is executed.
08:32:43 INFO  : Context for processor 'microblaze_0' is selected.
08:32:43 INFO  : The application 'C:/Users/realk/Desktop/ece385/ECE385/lab7_2/try5_sdk/sfjknsfdsfdsfd/Debug/sfjknsfdsfdsfd.elf' is downloaded to processor 'microblaze_0'.
08:32:43 INFO  : ----------------XSDB Script----------------
connect -url tcp:127.0.0.1:3121
targets -set -filter {jtag_cable_name =~ "RealDigital Boo 887100000006A" && level==0 && jtag_device_ctx=="jsn1-0362f093-0"}
fpga -file C:/Users/realk/Desktop/ece385/ECE385/lab7_2/try5_sdk/sfjknsfdsfdsfd/_ide/bitstream/mb_usb_hdmi_top.bit
targets -set -nocase -filter {name =~ "*microblaze*#0" && bscan=="USER2" }
loadhw -hw C:/Users/realk/Desktop/ece385/ECE385/lab7_2/try5_sdk/mb_usb_hdmi_top/export/mb_usb_hdmi_top/hw/mb_usb_hdmi_top.xsa -regs
configparams mdm-detect-bscan-mask 2
targets -set -nocase -filter {name =~ "*microblaze*#0" && bscan=="USER2" }
rst -system
after 3000
targets -set -nocase -filter {name =~ "*microblaze*#0" && bscan=="USER2" }
dow C:/Users/realk/Desktop/ece385/ECE385/lab7_2/try5_sdk/sfjknsfdsfdsfd/Debug/sfjknsfdsfdsfd.elf
----------------End of Script----------------

08:32:43 INFO  : Context for processor 'microblaze_0' is selected.
08:32:43 INFO  : 'con' command is executed.
08:32:43 INFO  : ----------------XSDB Script (After Launch)----------------
targets -set -nocase -filter {name =~ "*microblaze*#0" && bscan=="USER2" }
con
----------------End of Script----------------

08:32:43 INFO  : Disconnected from the channel tcfchan#69.
08:42:13 INFO  : Hardware specification for platform project 'mb_usb_hdmi_top' is updated.
08:42:22 INFO  : Result from executing command 'removePlatformRepo': 
08:42:39 INFO  : Result from executing command 'getProjects': mb_usb_hdmi_top
08:42:39 INFO  : Result from executing command 'getPlatforms': xilinx_vck190_base_202220_1|C:/Xilinx/Vitis/2022.2/base_platforms/xilinx_vck190_base_202220_1/xilinx_vck190_base_202220_1.xpfm;xilinx_vck190_base_dfx_202220_1|C:/Xilinx/Vitis/2022.2/base_platforms/xilinx_vck190_base_dfx_202220_1/xilinx_vck190_base_dfx_202220_1.xpfm;xilinx_vmk180_base_202220_1|C:/Xilinx/Vitis/2022.2/base_platforms/xilinx_vmk180_base_202220_1/xilinx_vmk180_base_202220_1.xpfm;xilinx_zcu102_base_202220_1|C:/Xilinx/Vitis/2022.2/base_platforms/xilinx_zcu102_base_202220_1/xilinx_zcu102_base_202220_1.xpfm;xilinx_zcu102_base_dfx_202220_1|C:/Xilinx/Vitis/2022.2/base_platforms/xilinx_zcu102_base_dfx_202220_1/xilinx_zcu102_base_dfx_202220_1.xpfm;xilinx_zcu104_base_202220_1|C:/Xilinx/Vitis/2022.2/base_platforms/xilinx_zcu104_base_202220_1/xilinx_zcu104_base_202220_1.xpfm
08:42:41 INFO  : Checking for BSP changes to sync application flags for project 'sfjknsfdsfdsfd'...
08:42:43 INFO  : The hardware specification used by project 'sfjknsfdsfdsfd' is out of sync with the platform. Resource files extracted from the hardware specification will be updated.
08:42:43 INFO  : The file 'C:\Users\realk\Desktop\ece385\ECE385\lab7_2\try5_sdk\sfjknsfdsfdsfd\_ide\bitstream\mb_usb_hdmi_top.bit' stored in project is removed.
08:42:43 INFO  : The file 'C:\Users\realk\Desktop\ece385\ECE385\lab7_2\try5_sdk\sfjknsfdsfdsfd\_ide\bitstream\mb_usb_hdmi_top.mmi' stored in project is removed.
08:42:43 INFO  : The updated bitstream files are copied from platform to folder 'C:\Users\realk\Desktop\ece385\ECE385\lab7_2\try5_sdk\sfjknsfdsfdsfd\_ide\bitstream' in project 'sfjknsfdsfdsfd'.
08:42:47 INFO  : Connected to target on host '127.0.0.1' and port '3121'.
08:42:48 INFO  : Jtag cable 'RealDigital Boo 887100000006A' is selected.
08:42:48 INFO  : 'jtag frequency' command is executed.
08:42:48 INFO  : 'targets -set -filter {jtag_cable_name =~ "RealDigital Boo 887100000006A" && level==0 && jtag_device_ctx=="jsn1-0362f093-0"}' command is executed.
08:42:49 INFO  : Device configured successfully with "C:/Users/realk/Desktop/ece385/ECE385/lab7_2/try5_sdk/sfjknsfdsfdsfd/_ide/bitstream/mb_usb_hdmi_top.bit"
08:42:49 INFO  : Context for processor 'microblaze_0' is selected.
08:42:49 INFO  : Hardware design and registers information is loaded from 'C:/Users/realk/Desktop/ece385/ECE385/lab7_2/try5_sdk/mb_usb_hdmi_top/export/mb_usb_hdmi_top/hw/mb_usb_hdmi_top.xsa'.
08:42:49 INFO  : 'configparams mdm-detect-bscan-mask 2' command is executed.
08:42:49 INFO  : Context for processor 'microblaze_0' is selected.
08:42:49 INFO  : System reset is completed.
08:42:52 INFO  : 'after 3000' command is executed.
08:42:52 INFO  : Context for processor 'microblaze_0' is selected.
08:42:53 INFO  : The application 'C:/Users/realk/Desktop/ece385/ECE385/lab7_2/try5_sdk/sfjknsfdsfdsfd/Debug/sfjknsfdsfdsfd.elf' is downloaded to processor 'microblaze_0'.
08:42:53 INFO  : ----------------XSDB Script----------------
connect -url tcp:127.0.0.1:3121
targets -set -filter {jtag_cable_name =~ "RealDigital Boo 887100000006A" && level==0 && jtag_device_ctx=="jsn1-0362f093-0"}
fpga -file C:/Users/realk/Desktop/ece385/ECE385/lab7_2/try5_sdk/sfjknsfdsfdsfd/_ide/bitstream/mb_usb_hdmi_top.bit
targets -set -nocase -filter {name =~ "*microblaze*#0" && bscan=="USER2" }
loadhw -hw C:/Users/realk/Desktop/ece385/ECE385/lab7_2/try5_sdk/mb_usb_hdmi_top/export/mb_usb_hdmi_top/hw/mb_usb_hdmi_top.xsa -regs
configparams mdm-detect-bscan-mask 2
targets -set -nocase -filter {name =~ "*microblaze*#0" && bscan=="USER2" }
rst -system
after 3000
targets -set -nocase -filter {name =~ "*microblaze*#0" && bscan=="USER2" }
dow C:/Users/realk/Desktop/ece385/ECE385/lab7_2/try5_sdk/sfjknsfdsfdsfd/Debug/sfjknsfdsfdsfd.elf
----------------End of Script----------------

08:42:53 INFO  : Context for processor 'microblaze_0' is selected.
08:42:53 INFO  : 'con' command is executed.
08:42:53 INFO  : ----------------XSDB Script (After Launch)----------------
targets -set -nocase -filter {name =~ "*microblaze*#0" && bscan=="USER2" }
con
----------------End of Script----------------

08:42:53 INFO  : Disconnected from the channel tcfchan#72.
08:53:10 INFO  : Hardware specification for platform project 'mb_usb_hdmi_top' is updated.
08:53:20 INFO  : Result from executing command 'removePlatformRepo': 
08:53:37 INFO  : Result from executing command 'getProjects': mb_usb_hdmi_top
08:53:37 INFO  : Result from executing command 'getPlatforms': xilinx_vck190_base_202220_1|C:/Xilinx/Vitis/2022.2/base_platforms/xilinx_vck190_base_202220_1/xilinx_vck190_base_202220_1.xpfm;xilinx_vck190_base_dfx_202220_1|C:/Xilinx/Vitis/2022.2/base_platforms/xilinx_vck190_base_dfx_202220_1/xilinx_vck190_base_dfx_202220_1.xpfm;xilinx_vmk180_base_202220_1|C:/Xilinx/Vitis/2022.2/base_platforms/xilinx_vmk180_base_202220_1/xilinx_vmk180_base_202220_1.xpfm;xilinx_zcu102_base_202220_1|C:/Xilinx/Vitis/2022.2/base_platforms/xilinx_zcu102_base_202220_1/xilinx_zcu102_base_202220_1.xpfm;xilinx_zcu102_base_dfx_202220_1|C:/Xilinx/Vitis/2022.2/base_platforms/xilinx_zcu102_base_dfx_202220_1/xilinx_zcu102_base_dfx_202220_1.xpfm;xilinx_zcu104_base_202220_1|C:/Xilinx/Vitis/2022.2/base_platforms/xilinx_zcu104_base_202220_1/xilinx_zcu104_base_202220_1.xpfm
08:53:38 INFO  : Checking for BSP changes to sync application flags for project 'sfjknsfdsfdsfd'...
08:53:41 INFO  : The hardware specification used by project 'sfjknsfdsfdsfd' is out of sync with the platform. Resource files extracted from the hardware specification will be updated.
08:53:41 INFO  : The file 'C:\Users\realk\Desktop\ece385\ECE385\lab7_2\try5_sdk\sfjknsfdsfdsfd\_ide\bitstream\mb_usb_hdmi_top.bit' stored in project is removed.
08:53:41 INFO  : The file 'C:\Users\realk\Desktop\ece385\ECE385\lab7_2\try5_sdk\sfjknsfdsfdsfd\_ide\bitstream\mb_usb_hdmi_top.mmi' stored in project is removed.
08:53:41 INFO  : The updated bitstream files are copied from platform to folder 'C:\Users\realk\Desktop\ece385\ECE385\lab7_2\try5_sdk\sfjknsfdsfdsfd\_ide\bitstream' in project 'sfjknsfdsfdsfd'.
08:53:47 INFO  : Connected to target on host '127.0.0.1' and port '3121'.
08:53:47 INFO  : Jtag cable 'RealDigital Boo 887100000006A' is selected.
08:53:47 INFO  : 'jtag frequency' command is executed.
08:53:47 INFO  : 'targets -set -filter {jtag_cable_name =~ "RealDigital Boo 887100000006A" && level==0 && jtag_device_ctx=="jsn1-0362f093-0"}' command is executed.
08:53:49 INFO  : Device configured successfully with "C:/Users/realk/Desktop/ece385/ECE385/lab7_2/try5_sdk/sfjknsfdsfdsfd/_ide/bitstream/mb_usb_hdmi_top.bit"
08:53:49 INFO  : Context for processor 'microblaze_0' is selected.
08:53:49 INFO  : Hardware design and registers information is loaded from 'C:/Users/realk/Desktop/ece385/ECE385/lab7_2/try5_sdk/mb_usb_hdmi_top/export/mb_usb_hdmi_top/hw/mb_usb_hdmi_top.xsa'.
08:53:49 INFO  : 'configparams mdm-detect-bscan-mask 2' command is executed.
08:53:49 INFO  : Context for processor 'microblaze_0' is selected.
08:53:49 INFO  : System reset is completed.
08:53:52 INFO  : 'after 3000' command is executed.
08:53:52 INFO  : Context for processor 'microblaze_0' is selected.
08:53:52 INFO  : The application 'C:/Users/realk/Desktop/ece385/ECE385/lab7_2/try5_sdk/sfjknsfdsfdsfd/Debug/sfjknsfdsfdsfd.elf' is downloaded to processor 'microblaze_0'.
08:53:52 INFO  : ----------------XSDB Script----------------
connect -url tcp:127.0.0.1:3121
targets -set -filter {jtag_cable_name =~ "RealDigital Boo 887100000006A" && level==0 && jtag_device_ctx=="jsn1-0362f093-0"}
fpga -file C:/Users/realk/Desktop/ece385/ECE385/lab7_2/try5_sdk/sfjknsfdsfdsfd/_ide/bitstream/mb_usb_hdmi_top.bit
targets -set -nocase -filter {name =~ "*microblaze*#0" && bscan=="USER2" }
loadhw -hw C:/Users/realk/Desktop/ece385/ECE385/lab7_2/try5_sdk/mb_usb_hdmi_top/export/mb_usb_hdmi_top/hw/mb_usb_hdmi_top.xsa -regs
configparams mdm-detect-bscan-mask 2
targets -set -nocase -filter {name =~ "*microblaze*#0" && bscan=="USER2" }
rst -system
after 3000
targets -set -nocase -filter {name =~ "*microblaze*#0" && bscan=="USER2" }
dow C:/Users/realk/Desktop/ece385/ECE385/lab7_2/try5_sdk/sfjknsfdsfdsfd/Debug/sfjknsfdsfdsfd.elf
----------------End of Script----------------

08:53:52 INFO  : Context for processor 'microblaze_0' is selected.
08:53:52 INFO  : 'con' command is executed.
08:53:52 INFO  : ----------------XSDB Script (After Launch)----------------
targets -set -nocase -filter {name =~ "*microblaze*#0" && bscan=="USER2" }
con
----------------End of Script----------------

08:53:52 INFO  : Disconnected from the channel tcfchan#75.
09:01:19 INFO  : Hardware specification for platform project 'mb_usb_hdmi_top' is updated.
09:01:31 INFO  : Result from executing command 'removePlatformRepo': 
09:02:47 INFO  : Result from executing command 'getProjects': mb_usb_hdmi_top
09:02:47 INFO  : Result from executing command 'getPlatforms': xilinx_vck190_base_202220_1|C:/Xilinx/Vitis/2022.2/base_platforms/xilinx_vck190_base_202220_1/xilinx_vck190_base_202220_1.xpfm;xilinx_vck190_base_dfx_202220_1|C:/Xilinx/Vitis/2022.2/base_platforms/xilinx_vck190_base_dfx_202220_1/xilinx_vck190_base_dfx_202220_1.xpfm;xilinx_vmk180_base_202220_1|C:/Xilinx/Vitis/2022.2/base_platforms/xilinx_vmk180_base_202220_1/xilinx_vmk180_base_202220_1.xpfm;xilinx_zcu102_base_202220_1|C:/Xilinx/Vitis/2022.2/base_platforms/xilinx_zcu102_base_202220_1/xilinx_zcu102_base_202220_1.xpfm;xilinx_zcu102_base_dfx_202220_1|C:/Xilinx/Vitis/2022.2/base_platforms/xilinx_zcu102_base_dfx_202220_1/xilinx_zcu102_base_dfx_202220_1.xpfm;xilinx_zcu104_base_202220_1|C:/Xilinx/Vitis/2022.2/base_platforms/xilinx_zcu104_base_202220_1/xilinx_zcu104_base_202220_1.xpfm
09:02:49 INFO  : Checking for BSP changes to sync application flags for project 'sfjknsfdsfdsfd'...
09:02:52 INFO  : The hardware specification used by project 'sfjknsfdsfdsfd' is out of sync with the platform. Resource files extracted from the hardware specification will be updated.
09:02:52 INFO  : The file 'C:\Users\realk\Desktop\ece385\ECE385\lab7_2\try5_sdk\sfjknsfdsfdsfd\_ide\bitstream\mb_usb_hdmi_top.bit' stored in project is removed.
09:02:52 INFO  : The file 'C:\Users\realk\Desktop\ece385\ECE385\lab7_2\try5_sdk\sfjknsfdsfdsfd\_ide\bitstream\mb_usb_hdmi_top.mmi' stored in project is removed.
09:02:52 INFO  : The updated bitstream files are copied from platform to folder 'C:\Users\realk\Desktop\ece385\ECE385\lab7_2\try5_sdk\sfjknsfdsfdsfd\_ide\bitstream' in project 'sfjknsfdsfdsfd'.
09:02:58 INFO  : Connected to target on host '127.0.0.1' and port '3121'.
09:02:58 INFO  : Jtag cable 'RealDigital Boo 887100000006A' is selected.
09:02:58 INFO  : 'jtag frequency' command is executed.
09:02:58 INFO  : 'targets -set -filter {jtag_cable_name =~ "RealDigital Boo 887100000006A" && level==0 && jtag_device_ctx=="jsn1-0362f093-0"}' command is executed.
09:02:59 INFO  : Device configured successfully with "C:/Users/realk/Desktop/ece385/ECE385/lab7_2/try5_sdk/sfjknsfdsfdsfd/_ide/bitstream/mb_usb_hdmi_top.bit"
09:02:59 INFO  : Context for processor 'microblaze_0' is selected.
09:02:59 INFO  : Hardware design and registers information is loaded from 'C:/Users/realk/Desktop/ece385/ECE385/lab7_2/try5_sdk/mb_usb_hdmi_top/export/mb_usb_hdmi_top/hw/mb_usb_hdmi_top.xsa'.
09:02:59 INFO  : 'configparams mdm-detect-bscan-mask 2' command is executed.
09:02:59 INFO  : Context for processor 'microblaze_0' is selected.
09:02:59 INFO  : System reset is completed.
09:03:02 INFO  : 'after 3000' command is executed.
09:03:03 INFO  : Context for processor 'microblaze_0' is selected.
09:03:03 INFO  : The application 'C:/Users/realk/Desktop/ece385/ECE385/lab7_2/try5_sdk/sfjknsfdsfdsfd/Debug/sfjknsfdsfdsfd.elf' is downloaded to processor 'microblaze_0'.
09:03:03 INFO  : ----------------XSDB Script----------------
connect -url tcp:127.0.0.1:3121
targets -set -filter {jtag_cable_name =~ "RealDigital Boo 887100000006A" && level==0 && jtag_device_ctx=="jsn1-0362f093-0"}
fpga -file C:/Users/realk/Desktop/ece385/ECE385/lab7_2/try5_sdk/sfjknsfdsfdsfd/_ide/bitstream/mb_usb_hdmi_top.bit
targets -set -nocase -filter {name =~ "*microblaze*#0" && bscan=="USER2" }
loadhw -hw C:/Users/realk/Desktop/ece385/ECE385/lab7_2/try5_sdk/mb_usb_hdmi_top/export/mb_usb_hdmi_top/hw/mb_usb_hdmi_top.xsa -regs
configparams mdm-detect-bscan-mask 2
targets -set -nocase -filter {name =~ "*microblaze*#0" && bscan=="USER2" }
rst -system
after 3000
targets -set -nocase -filter {name =~ "*microblaze*#0" && bscan=="USER2" }
dow C:/Users/realk/Desktop/ece385/ECE385/lab7_2/try5_sdk/sfjknsfdsfdsfd/Debug/sfjknsfdsfdsfd.elf
----------------End of Script----------------

09:03:03 INFO  : Context for processor 'microblaze_0' is selected.
09:03:03 INFO  : 'con' command is executed.
09:03:03 INFO  : ----------------XSDB Script (After Launch)----------------
targets -set -nocase -filter {name =~ "*microblaze*#0" && bscan=="USER2" }
con
----------------End of Script----------------

09:03:03 INFO  : Disconnected from the channel tcfchan#78.
09:14:52 INFO  : Hardware specification for platform project 'mb_usb_hdmi_top' is updated.
09:15:08 INFO  : Result from executing command 'removePlatformRepo': 
09:15:25 INFO  : Result from executing command 'getProjects': mb_usb_hdmi_top
09:15:25 INFO  : Result from executing command 'getPlatforms': xilinx_vck190_base_202220_1|C:/Xilinx/Vitis/2022.2/base_platforms/xilinx_vck190_base_202220_1/xilinx_vck190_base_202220_1.xpfm;xilinx_vck190_base_dfx_202220_1|C:/Xilinx/Vitis/2022.2/base_platforms/xilinx_vck190_base_dfx_202220_1/xilinx_vck190_base_dfx_202220_1.xpfm;xilinx_vmk180_base_202220_1|C:/Xilinx/Vitis/2022.2/base_platforms/xilinx_vmk180_base_202220_1/xilinx_vmk180_base_202220_1.xpfm;xilinx_zcu102_base_202220_1|C:/Xilinx/Vitis/2022.2/base_platforms/xilinx_zcu102_base_202220_1/xilinx_zcu102_base_202220_1.xpfm;xilinx_zcu102_base_dfx_202220_1|C:/Xilinx/Vitis/2022.2/base_platforms/xilinx_zcu102_base_dfx_202220_1/xilinx_zcu102_base_dfx_202220_1.xpfm;xilinx_zcu104_base_202220_1|C:/Xilinx/Vitis/2022.2/base_platforms/xilinx_zcu104_base_202220_1/xilinx_zcu104_base_202220_1.xpfm
09:15:27 INFO  : Checking for BSP changes to sync application flags for project 'sfjknsfdsfdsfd'...
09:15:29 INFO  : The hardware specification used by project 'sfjknsfdsfdsfd' is out of sync with the platform. Resource files extracted from the hardware specification will be updated.
09:15:29 INFO  : The file 'C:\Users\realk\Desktop\ece385\ECE385\lab7_2\try5_sdk\sfjknsfdsfdsfd\_ide\bitstream\mb_usb_hdmi_top.bit' stored in project is removed.
09:15:29 INFO  : The file 'C:\Users\realk\Desktop\ece385\ECE385\lab7_2\try5_sdk\sfjknsfdsfdsfd\_ide\bitstream\mb_usb_hdmi_top.mmi' stored in project is removed.
09:15:29 INFO  : The updated bitstream files are copied from platform to folder 'C:\Users\realk\Desktop\ece385\ECE385\lab7_2\try5_sdk\sfjknsfdsfdsfd\_ide\bitstream' in project 'sfjknsfdsfdsfd'.
09:15:53 INFO  : Connected to target on host '127.0.0.1' and port '3121'.
09:15:53 INFO  : Checking for BSP changes to sync application flags for project 'sfjknsfdsfdsfd'...
09:15:53 INFO  : Jtag cable 'RealDigital Boo 887100000006A' is selected.
09:15:53 INFO  : 'jtag frequency' command is executed.
09:15:53 INFO  : 'targets -set -filter {jtag_cable_name =~ "RealDigital Boo 887100000006A" && level==0 && jtag_device_ctx=="jsn1-0362f093-0"}' command is executed.
09:15:54 INFO  : Device configured successfully with "C:/Users/realk/Desktop/ece385/ECE385/lab7_2/try5_sdk/sfjknsfdsfdsfd/_ide/bitstream/mb_usb_hdmi_top.bit"
09:15:55 INFO  : Context for processor 'microblaze_0' is selected.
09:15:55 INFO  : Hardware design and registers information is loaded from 'C:/Users/realk/Desktop/ece385/ECE385/lab7_2/try5_sdk/mb_usb_hdmi_top/export/mb_usb_hdmi_top/hw/mb_usb_hdmi_top.xsa'.
09:15:55 INFO  : 'configparams mdm-detect-bscan-mask 2' command is executed.
09:15:55 INFO  : Context for processor 'microblaze_0' is selected.
09:15:55 INFO  : System reset is completed.
09:15:58 INFO  : 'after 3000' command is executed.
09:15:58 INFO  : Context for processor 'microblaze_0' is selected.
09:15:58 INFO  : The application 'C:/Users/realk/Desktop/ece385/ECE385/lab7_2/try5_sdk/sfjknsfdsfdsfd/Debug/sfjknsfdsfdsfd.elf' is downloaded to processor 'microblaze_0'.
09:15:58 INFO  : ----------------XSDB Script----------------
connect -url tcp:127.0.0.1:3121
targets -set -filter {jtag_cable_name =~ "RealDigital Boo 887100000006A" && level==0 && jtag_device_ctx=="jsn1-0362f093-0"}
fpga -file C:/Users/realk/Desktop/ece385/ECE385/lab7_2/try5_sdk/sfjknsfdsfdsfd/_ide/bitstream/mb_usb_hdmi_top.bit
targets -set -nocase -filter {name =~ "*microblaze*#0" && bscan=="USER2" }
loadhw -hw C:/Users/realk/Desktop/ece385/ECE385/lab7_2/try5_sdk/mb_usb_hdmi_top/export/mb_usb_hdmi_top/hw/mb_usb_hdmi_top.xsa -regs
configparams mdm-detect-bscan-mask 2
targets -set -nocase -filter {name =~ "*microblaze*#0" && bscan=="USER2" }
rst -system
after 3000
targets -set -nocase -filter {name =~ "*microblaze*#0" && bscan=="USER2" }
dow C:/Users/realk/Desktop/ece385/ECE385/lab7_2/try5_sdk/sfjknsfdsfdsfd/Debug/sfjknsfdsfdsfd.elf
----------------End of Script----------------

09:15:58 INFO  : Context for processor 'microblaze_0' is selected.
09:15:58 INFO  : 'con' command is executed.
09:15:58 INFO  : ----------------XSDB Script (After Launch)----------------
targets -set -nocase -filter {name =~ "*microblaze*#0" && bscan=="USER2" }
con
----------------End of Script----------------

09:15:58 INFO  : Disconnected from the channel tcfchan#81.
09:16:42 INFO  : Hardware specification for platform project 'mb_usb_hdmi_top' is updated.
09:16:54 INFO  : Result from executing command 'removePlatformRepo': 
09:17:23 INFO  : Result from executing command 'getProjects': mb_usb_hdmi_top
09:17:23 INFO  : Result from executing command 'getPlatforms': xilinx_vck190_base_202220_1|C:/Xilinx/Vitis/2022.2/base_platforms/xilinx_vck190_base_202220_1/xilinx_vck190_base_202220_1.xpfm;xilinx_vck190_base_dfx_202220_1|C:/Xilinx/Vitis/2022.2/base_platforms/xilinx_vck190_base_dfx_202220_1/xilinx_vck190_base_dfx_202220_1.xpfm;xilinx_vmk180_base_202220_1|C:/Xilinx/Vitis/2022.2/base_platforms/xilinx_vmk180_base_202220_1/xilinx_vmk180_base_202220_1.xpfm;xilinx_zcu102_base_202220_1|C:/Xilinx/Vitis/2022.2/base_platforms/xilinx_zcu102_base_202220_1/xilinx_zcu102_base_202220_1.xpfm;xilinx_zcu102_base_dfx_202220_1|C:/Xilinx/Vitis/2022.2/base_platforms/xilinx_zcu102_base_dfx_202220_1/xilinx_zcu102_base_dfx_202220_1.xpfm;xilinx_zcu104_base_202220_1|C:/Xilinx/Vitis/2022.2/base_platforms/xilinx_zcu104_base_202220_1/xilinx_zcu104_base_202220_1.xpfm
09:17:25 INFO  : Checking for BSP changes to sync application flags for project 'sfjknsfdsfdsfd'...
09:17:32 INFO  : Connected to target on host '127.0.0.1' and port '3121'.
09:17:32 INFO  : Jtag cable 'RealDigital Boo 887100000006A' is selected.
09:17:32 INFO  : 'jtag frequency' command is executed.
09:17:32 INFO  : 'targets -set -filter {jtag_cable_name =~ "RealDigital Boo 887100000006A" && level==0 && jtag_device_ctx=="jsn1-0362f093-0"}' command is executed.
09:17:33 INFO  : Device configured successfully with "C:/Users/realk/Desktop/ece385/ECE385/lab7_2/try5_sdk/sfjknsfdsfdsfd/_ide/bitstream/mb_usb_hdmi_top.bit"
09:17:34 INFO  : Context for processor 'microblaze_0' is selected.
09:17:34 INFO  : Hardware design and registers information is loaded from 'C:/Users/realk/Desktop/ece385/ECE385/lab7_2/try5_sdk/mb_usb_hdmi_top/export/mb_usb_hdmi_top/hw/mb_usb_hdmi_top.xsa'.
09:17:34 INFO  : 'configparams mdm-detect-bscan-mask 2' command is executed.
09:17:34 INFO  : Context for processor 'microblaze_0' is selected.
09:17:34 INFO  : System reset is completed.
09:17:37 INFO  : 'after 3000' command is executed.
09:17:37 INFO  : Context for processor 'microblaze_0' is selected.
09:17:37 INFO  : The application 'C:/Users/realk/Desktop/ece385/ECE385/lab7_2/try5_sdk/sfjknsfdsfdsfd/Debug/sfjknsfdsfdsfd.elf' is downloaded to processor 'microblaze_0'.
09:17:37 INFO  : ----------------XSDB Script----------------
connect -url tcp:127.0.0.1:3121
targets -set -filter {jtag_cable_name =~ "RealDigital Boo 887100000006A" && level==0 && jtag_device_ctx=="jsn1-0362f093-0"}
fpga -file C:/Users/realk/Desktop/ece385/ECE385/lab7_2/try5_sdk/sfjknsfdsfdsfd/_ide/bitstream/mb_usb_hdmi_top.bit
targets -set -nocase -filter {name =~ "*microblaze*#0" && bscan=="USER2" }
loadhw -hw C:/Users/realk/Desktop/ece385/ECE385/lab7_2/try5_sdk/mb_usb_hdmi_top/export/mb_usb_hdmi_top/hw/mb_usb_hdmi_top.xsa -regs
configparams mdm-detect-bscan-mask 2
targets -set -nocase -filter {name =~ "*microblaze*#0" && bscan=="USER2" }
rst -system
after 3000
targets -set -nocase -filter {name =~ "*microblaze*#0" && bscan=="USER2" }
dow C:/Users/realk/Desktop/ece385/ECE385/lab7_2/try5_sdk/sfjknsfdsfdsfd/Debug/sfjknsfdsfdsfd.elf
----------------End of Script----------------

09:17:37 INFO  : Context for processor 'microblaze_0' is selected.
09:17:37 INFO  : 'con' command is executed.
09:17:37 INFO  : ----------------XSDB Script (After Launch)----------------
targets -set -nocase -filter {name =~ "*microblaze*#0" && bscan=="USER2" }
con
----------------End of Script----------------

09:17:37 INFO  : Disconnected from the channel tcfchan#84.
09:32:11 INFO  : Hardware specification for platform project 'mb_usb_hdmi_top' is updated.
09:32:19 INFO  : Result from executing command 'removePlatformRepo': 
09:32:33 INFO  : Result from executing command 'getProjects': mb_usb_hdmi_top
09:32:33 INFO  : Result from executing command 'getPlatforms': xilinx_vck190_base_202220_1|C:/Xilinx/Vitis/2022.2/base_platforms/xilinx_vck190_base_202220_1/xilinx_vck190_base_202220_1.xpfm;xilinx_vck190_base_dfx_202220_1|C:/Xilinx/Vitis/2022.2/base_platforms/xilinx_vck190_base_dfx_202220_1/xilinx_vck190_base_dfx_202220_1.xpfm;xilinx_vmk180_base_202220_1|C:/Xilinx/Vitis/2022.2/base_platforms/xilinx_vmk180_base_202220_1/xilinx_vmk180_base_202220_1.xpfm;xilinx_zcu102_base_202220_1|C:/Xilinx/Vitis/2022.2/base_platforms/xilinx_zcu102_base_202220_1/xilinx_zcu102_base_202220_1.xpfm;xilinx_zcu102_base_dfx_202220_1|C:/Xilinx/Vitis/2022.2/base_platforms/xilinx_zcu102_base_dfx_202220_1/xilinx_zcu102_base_dfx_202220_1.xpfm;xilinx_zcu104_base_202220_1|C:/Xilinx/Vitis/2022.2/base_platforms/xilinx_zcu104_base_202220_1/xilinx_zcu104_base_202220_1.xpfm
09:32:34 INFO  : Checking for BSP changes to sync application flags for project 'sfjknsfdsfdsfd'...
09:32:37 INFO  : The hardware specification used by project 'sfjknsfdsfdsfd' is out of sync with the platform. Resource files extracted from the hardware specification will be updated.
09:32:37 INFO  : The file 'C:\Users\realk\Desktop\ece385\ECE385\lab7_2\try5_sdk\sfjknsfdsfdsfd\_ide\bitstream\mb_usb_hdmi_top.bit' stored in project is removed.
09:32:37 INFO  : The file 'C:\Users\realk\Desktop\ece385\ECE385\lab7_2\try5_sdk\sfjknsfdsfdsfd\_ide\bitstream\mb_usb_hdmi_top.mmi' stored in project is removed.
09:32:37 INFO  : The updated bitstream files are copied from platform to folder 'C:\Users\realk\Desktop\ece385\ECE385\lab7_2\try5_sdk\sfjknsfdsfdsfd\_ide\bitstream' in project 'sfjknsfdsfdsfd'.
09:32:43 INFO  : Connected to target on host '127.0.0.1' and port '3121'.
09:32:43 INFO  : Jtag cable 'RealDigital Boo 887100000006A' is selected.
09:32:43 INFO  : 'jtag frequency' command is executed.
09:32:44 INFO  : 'targets -set -filter {jtag_cable_name =~ "RealDigital Boo 887100000006A" && level==0 && jtag_device_ctx=="jsn1-0362f093-0"}' command is executed.
09:32:45 INFO  : Device configured successfully with "C:/Users/realk/Desktop/ece385/ECE385/lab7_2/try5_sdk/sfjknsfdsfdsfd/_ide/bitstream/mb_usb_hdmi_top.bit"
09:32:45 INFO  : Context for processor 'microblaze_0' is selected.
09:32:45 INFO  : Hardware design and registers information is loaded from 'C:/Users/realk/Desktop/ece385/ECE385/lab7_2/try5_sdk/mb_usb_hdmi_top/export/mb_usb_hdmi_top/hw/mb_usb_hdmi_top.xsa'.
09:32:45 INFO  : 'configparams mdm-detect-bscan-mask 2' command is executed.
09:32:45 INFO  : Context for processor 'microblaze_0' is selected.
09:32:45 INFO  : System reset is completed.
09:32:48 INFO  : 'after 3000' command is executed.
09:32:48 INFO  : Context for processor 'microblaze_0' is selected.
09:32:49 INFO  : The application 'C:/Users/realk/Desktop/ece385/ECE385/lab7_2/try5_sdk/sfjknsfdsfdsfd/Debug/sfjknsfdsfdsfd.elf' is downloaded to processor 'microblaze_0'.
09:32:49 INFO  : ----------------XSDB Script----------------
connect -url tcp:127.0.0.1:3121
targets -set -filter {jtag_cable_name =~ "RealDigital Boo 887100000006A" && level==0 && jtag_device_ctx=="jsn1-0362f093-0"}
fpga -file C:/Users/realk/Desktop/ece385/ECE385/lab7_2/try5_sdk/sfjknsfdsfdsfd/_ide/bitstream/mb_usb_hdmi_top.bit
targets -set -nocase -filter {name =~ "*microblaze*#0" && bscan=="USER2" }
loadhw -hw C:/Users/realk/Desktop/ece385/ECE385/lab7_2/try5_sdk/mb_usb_hdmi_top/export/mb_usb_hdmi_top/hw/mb_usb_hdmi_top.xsa -regs
configparams mdm-detect-bscan-mask 2
targets -set -nocase -filter {name =~ "*microblaze*#0" && bscan=="USER2" }
rst -system
after 3000
targets -set -nocase -filter {name =~ "*microblaze*#0" && bscan=="USER2" }
dow C:/Users/realk/Desktop/ece385/ECE385/lab7_2/try5_sdk/sfjknsfdsfdsfd/Debug/sfjknsfdsfdsfd.elf
----------------End of Script----------------

09:32:49 INFO  : Context for processor 'microblaze_0' is selected.
09:32:49 INFO  : 'con' command is executed.
09:32:49 INFO  : ----------------XSDB Script (After Launch)----------------
targets -set -nocase -filter {name =~ "*microblaze*#0" && bscan=="USER2" }
con
----------------End of Script----------------

09:32:49 INFO  : Disconnected from the channel tcfchan#87.
